,Restaurant Name,Food Name,Total Fat Amount,Total Fat Unit,Cholesterol Amount,Cholesterol Unit,Sodium Amount,Sodium Unit,Total Carbohydrate Amount,Total Carbohydrate Unit,Protein Amount,Protein Unit,Saturated Fat Amount,Saturated Fat Unit,Trans Fat Amount,Trans Fat Unit,Dietary Fiber Amount,Dietary Fiber Unit,Sugars Amount,Sugars Unit,Polyunsaturated Fat Amount,Polyunsaturated Fat Unit
0,mcalisters deli,new york cheesecake with strawberry puree,63,g,320,mg,650,g,81,g,16,g,37,g,2.5,g,2,g,68,g,,
1,mcalisters deli,chocolate lovin spooncake,40,g,145,mg,370,g,77,g,9,g,22,g,0,g,5,g,59,g,,
2,mcalisters deli,new york cheesecake with wildberry puree,63,g,320,mg,650,g,81,g,16,g,37,g,2.5,g,2,g,69,g,,
3,mcalisters deli,crispy marshmallow bar,9,g,25,mg,430,g,85,g,3,g,6,g,0,g,0,g,44,g,,
4,mcalisters deli,kids mac and cheese,20,g,40,mg,780,g,27,g,14,g,8,g,0,g,1,g,7,g,,
5,mcalisters deli,kids toasted cheese sandwich on wheat bread,8,g,10,mg,500,g,42,g,14,g,3,g,0,g,4,g,6,g,,
6,mcalisters deli,kids chicken and broccoli bowl,12,g,70,mg,600,g,8,g,23,g,6,g,0,g,2,g,2,g,,
7,mcalisters deli,kids french bread pizza,20,g,50,mg,1030,g,48,g,22,g,10,g,0,g,3,g,3,g,,
8,mcalisters deli,kids spud,6,g,15,mg,80,g,65,g,8,g,3.5,g,0,g,7,g,4,g,,
9,mcalisters deli,kids roll up sandwich,7,g,5,mg,550,g,35,g,9,g,3.5,g,0,g,4,g,1,g,,
10,mcalisters deli,harvest chicken salad,46,g,65,mg,590,g,19,g,22,g,6,g,0,g,3,g,13,g,,
11,mcalisters deli,wheat wrap 12,7,g,0,mg,750,g,50,g,9,g,3,g,0,g,6,g,0,g,,
12,mcalisters deli,sliced wheat bread,3,g,0,mg,400,g,42,g,8,g,0,g,0,g,4,g,6,g,,
13,mcalisters deli,ciabatta bread,8,g,0,mg,680,g,60,g,13,g,1.5,g,0,g,2,g,2,g,,
14,mcalisters deli,croutons,1.5,g,0,mg,120,g,7,g,1,g,0,g,0,g,0,g,0,g,,
15,mcalisters deli,croissant,15,g,40,mg,320,g,37,g,7,g,8,g,0.5,g,1,g,3,g,,
16,mcalisters deli,bread bowl,4,g,0,mg,1170,g,95,g,16,g,0,g,0,g,4,g,4,g,,
17,mcalisters deli,tuna salad,19,g,70,mg,680,g,6,g,28,g,2.5,g,0,g,0,g,4,g,,
18,mcalisters deli,ro tel cheese sauce for spuds,15,g,50,mg,1190,g,7,g,10,g,10,g,0,g,0,g,6,g,,
19,mcalisters deli,tortilla chips,2,g,0,mg,30,g,5,g,0.5,g,0,g,0,g,0.5,g,0,g,,
20,mcalisters deli,baguette 6,2,g,0,mg,460,g,41,g,7,g,0,g,0,g,3,g,0,g,,
21,mcalisters deli,applewood smoked bacon,2.9,g,8,mg,127,g,0,g,2.4,g,1.2,g,0,g,0,g,0,g,,
22,mcalisters deli,butter packet for spuds,6,g,15,mg,50,g,0,g,0,g,3.5,g,0,g,0,g,0,g,,
23,mcalisters deli,diced red onions,0,g,0,mg,0,g,3,g,0,g,0,g,0,g,0,g,1,g,,
24,mcalisters deli,grilled chicken breast for spuds,2,g,75,mg,560,g,3,g,29,g,0,g,0,g,0,g,1,g,,
25,mcalisters deli,cucumber,0,g,0,mg,0,g,1,g,0,g,0,g,0,g,0,g,1,g,,
26,mcalisters deli,au jus,0,g,0,mg,371,g,0,g,0,g,0,g,0,g,0,g,0,g,,
27,mcalisters deli,praline pecans,10,g,0,mg,150,g,12,g,1,g,1,g,0,g,1,g,10,g,,
28,mcalisters deli,provolone cheese,4,g,10,mg,120,g,0,g,4,g,2.5,g,0,g,0,g,0,g,,
29,mcalisters deli,gorgonzola cheese,8,g,20,mg,320,g,0,g,7,g,5,g,0,g,0,g,0,g,,
30,mcalisters deli,cheddar jack cheese,18,g,50,mg,340,g,2,g,14,g,10,g,0,g,0,g,0,g,,
31,mcalisters deli,swiss cheese,4,g,15,mg,30,g,0,g,4,g,2.5,g,0,g,0,g,0,g,,
32,mcalisters deli,horseradish dijon,13,g,10,mg,250,g,6,g,0,g,2,g,0,g,0,g,5,g,,
33,mcalisters deli,salami,20,g,45,mg,960,g,0,g,11,g,7,g,0,g,0,g,0,g,,
34,mcalisters deli,honey roasted almonds,6,g,0,mg,40,g,6,g,2,g,0,g,0,g,6,g,4,g,,
35,mcalisters deli,fire roasted corn and poblano relish,0.5,g,0,mg,160,g,9,g,1,g,0,g,0,g,1,g,1,g,,
36,mcalisters deli,roasted tri color peppers for spuds,1.5,g,0,mg,280,g,3,g,1,g,0,g,0,g,1,g,2,g,,
37,mcalisters deli,sliced red onions for spuds,0,g,0,mg,0,g,1,g,0,g,0,g,0,g,0,g,1,g,,
38,mcalisters deli,caramelized onions,0,g,0,mg,95,g,3,g,0,g,0,g,0,g,1,g,2,g,,
39,mcalisters deli,black forest ham,3,g,30,mg,450,g,2,g,10,g,1,g,0,g,0,g,2,g,,
40,mcalisters deli,salad mix,0,g,0,mg,75,g,7,g,3,g,0,g,0,g,3,g,3,g,,
41,mcalisters deli,guacamole,7,g,0,mg,210,g,4,g,0,g,0,g,0,g,2,g,0,g,,
42,mcalisters deli,american cheese,12,g,40,mg,580,g,4,g,6,g,7,g,0,g,0,g,2,g,,
43,mcalisters deli,dried cranberries,0.5,g,0,mg,0,g,24,g,0,g,0,g,0,g,1,g,21,g,,
44,mcalisters deli,green bell peppers for spuds,0,g,0,mg,0,g,1,g,0,g,0,g,0,g,0,g,0,g,,
45,mcalisters deli,sour cream,6.2,g,25,mg,18,g,2.5,g,1.2,g,5.1,g,0,g,0,g,2.5,g,,
46,mcalisters deli,butterball smoked turkey,1,g,25,mg,550,g,1,g,9,g,0,g,0,g,0,g,0,g,,
47,mcalisters deli,pepper jack cheese,12,g,40,mg,240,g,0,g,10,g,7,g,0,g,0,g,0,g,,
48,mcalisters deli,parmesan cheese,2.2,g,9,mg,78,g,0,g,2.2,g,1.5,g,0,g,0,g,0,g,,
49,mcalisters deli,pastrami,9,g,70,mg,1380,g,2,g,24,g,3.5,g,0,g,0,g,1,g,,
50,mcalisters deli,sharp cheddar cheese,5,g,10,mg,100,g,0,g,6,g,3,g,0,g,0,g,0,g,,
51,mcalisters deli,diced tomatoes,0,g,0,mg,0,g,2,g,0,g,0,g,0,g,0,g,2,g,,
52,mcalisters deli,spinach for salads,0,g,0,mg,45,g,2,g,2,g,0,g,0,g,1,g,0,g,,
53,mcalisters deli,traditional chili for spuds,24,g,65,mg,1070,g,17,g,20,g,9,g,1,g,5,g,3,g,,
54,mcalisters deli,four cheese sauce for spuds,27,g,0,mg,570,g,5,g,10,g,17,g,1,g,0,g,2,g,,
55,mcalisters deli,broccoli for spuds,0,g,0,mg,25,g,4,g,0,g,0,g,0,g,2,g,1,g,,
56,mcalisters deli,avocado,7,g,0,mg,0,g,4,g,1,g,1,g,0,g,3,g,0,g,,
57,mcalisters deli,balsamic red onions topping,0,g,0,mg,0,g,3,g,0,g,0,g,0,g,0,g,2,g,,
58,mcalisters deli,fresh strawberries,0,g,0,mg,0,g,4,g,0,g,0,g,0,g,1,g,3,g,,
59,mcalisters deli,verde seasoned chicken,1.5,g,55,mg,700,g,3,g,22,g,0,g,0,g,0,g,2,g,,
60,mcalisters deli,oyster crackers,2,g,0,mg,140,g,10,g,1,g,0,g,0,g,0,g,0,g,,
61,mcalisters deli,fresh blueberries,0,g,0,mg,0,g,4,g,0,g,0,g,0,g,0.5,g,3,g,,
62,mcalisters deli,dried cherries,0,g,0,mg,0,g,12,g,0,g,0,g,0,g,1,g,9,g,,
63,mcalisters deli,sliced pickles for spuds,0,g,330,mg,0,g,0,g,0,g,0,g,0,g,0,g,0,g,,
64,mcalisters deli,black angus roast beef for spuds,9.9,g,129,mg,952,g,2,g,47.6,g,4,g,0,g,0,g,2,g,,
65,mcalisters deli,veggie chili for spuds,2,g,0,mg,960,g,33,g,9,g,0,g,0,g,9,g,3,g,,
66,mcalisters deli,romaine lettuce,0,g,0,mg,0,g,8,g,2.5,g,0,g,0,g,5,g,2.5,g,,
67,mcalisters deli,turkey gravy for spuds,6,g,0,mg,600,g,6,g,2,g,1,g,0,g,2,g,2,g,,
68,mcalisters deli,jalapenos for spuds,0,g,0,mg,95,g,0,g,0,g,0,g,0,g,0,g,0,g,,
69,mcalisters deli,black olives,2.5,g,0,mg,110,g,0,g,0,g,0,g,0,g,0,g,0,g,,
70,mcalisters deli,pecans,20,g,0,mg,0,g,4,g,2,g,2,g,0,g,2,g,2,g,,
71,mcalisters deli,pork,10,g,50,mg,470,g,1,g,14,g,3.5,g,0,g,0,g,0,g,,
72,mcalisters deli,spud max without butter or sour cream,25,g,85,mg,1130,g,133,g,42,g,12,g,0,g,14,g,9,g,,
73,mcalisters deli,spud ole without butter or sour cream,30,g,85,mg,1030,g,141,g,40,g,15,g,0.5,g,17,g,10,g,,
74,mcalisters deli,veggie spud without butter or sour cream,17,g,50,mg,2160,g,148,g,28,g,10,g,0,g,18,g,19,g,,
75,mcalisters deli,grilled chicken spud without butter or sour cream,20,g,125,mg,960,g,135,g,59,g,10,g,0,g,14,g,10,g,,
76,mcalisters deli,justaspud without butter or sour cream,0,g,0,mg,60,g,130,g,16,g,0,g,0,g,14,g,8,g,,
77,mcalisters deli,black angus roast beef spud without butter or sour cream,23,g,115,mg,1530,g,136,g,54,g,12,g,0,g,15,g,11,g,,
78,mcalisters deli,justaspud with butter and sour cream,12,g,40,mg,130,g,131,g,17,g,8,g,0,g,14,g,9,g,,
79,mcalisters deli,sherry shallot dressing,42,g,0,mg,300,g,15,g,0,g,6,g,0,g,0,g,12,g,,
80,mcalisters deli,raspberry pecan fat free dressing,0,g,0,mg,750,g,30,g,0,g,0,g,0,g,0,g,27,g,,
81,mcalisters deli,ranch dressing,33,g,30,mg,810,g,3,g,3,g,4.5,g,0,g,0,g,3,g,,
82,mcalisters deli,fat free chipotle peach dressing,0,g,0,mg,600,g,42,g,0,g,0,g,0,g,0,g,36,g,,
83,mcalisters deli,chipotle ranch dressing,42,g,15,mg,690,g,12,g,0,g,6,g,0,g,0,g,6,g,,
84,mcalisters deli,olive oil and balsamic vinaigrette,18,g,0,mg,780,g,9,g,0,g,3,g,0,g,0,g,9,g,,
85,mcalisters deli,honey mustard dressing,30,g,15,mg,480,g,30,g,3,g,4.5,g,0,g,0,g,27,g,,
86,mcalisters deli,caesar dressing,60,g,45,mg,1050,g,3,g,3,g,9,g,0,g,0,g,0,g,,
87,mcalisters deli,lite italian dressing,4.5,g,0,mg,1230,g,9,g,0,g,0,g,0,g,0,g,6,g,,
88,mcalisters deli,thousand island dressing,30,g,15,mg,840,g,15,g,0,g,4.5,g,0,g,0,g,12,g,,
89,mcalisters deli,bleu cheese dressing,48,g,30,mg,780,g,3,g,3,g,6,g,0,g,0,g,3,g,,
90,mcalisters deli,black cherry vinaigrette,14,g,0,mg,590,g,17,g,0,g,2.5,g,0,g,0,g,17,g,,
91,mcalisters deli,savannah chopped salad with grilled chicken breast without dressing,16,g,90,mg,1000,g,43,g,40,g,5,g,0,g,4,g,32,g,,
92,mcalisters deli,grilled chicken salad without dressing,24,g,130,mg,1220,g,22,g,50,g,11,g,0,g,3,g,7,g,,
93,mcalisters deli,grilled chicken caesar salad with caesar dressing,69,g,145,mg,1940,g,18,g,45,g,13,g,0,g,5,g,7,g,,
94,mcalisters deli,chef salad without dressing,26,g,110,mg,1650,g,22,g,39,g,12,g,0,g,3,g,8,g,,
95,mcalisters deli,southwest cobb salad with grilled chicken breast without dressing,29,g,125,mg,1370,g,31,g,48,g,10,g,0,g,6,g,7,g,,
96,mcalisters deli,garden salad without protein or dressing,20,g,50,mg,540,g,19,g,18,g,10,g,0,g,3,g,6,g,,
97,mcalisters deli,italian chopped salad without dressing,42,g,95,mg,2300,g,16,g,33,g,13,g,0,g,4,g,10,g,,
98,mcalisters deli,garden salad with harvest chicken salad without dressing,66,g,115,mg,1120,g,38,g,40,g,16,g,0,g,6,g,19,g,,
99,mcalisters deli,caesar salad with caesar dressing without protein,68,g,70,mg,1380,g,15,g,15,g,13,g,0,g,5,g,5,g,,
100,mcalisters deli,garden salad with tuna salad without dressing,39,g,120,mg,1210,g,25,g,46,g,13,g,0,g,3,g,10,g,,
101,mcalisters deli,taco salad without dressing,61,g,120,mg,1540,g,67,g,33,g,23,g,0.5,g,12,g,9,g,,
102,mcalisters deli,mcalisters club sandwich on wheat bread,39,g,95,mg,2070,g,78,g,40,g,8,g,0,g,6,g,21,g,,
103,mcalisters deli,french dip sandwich on 6 baguette with au jus,15,g,120,mg,2060,g,43,g,49,g,7,g,0,g,2,g,2,g,,
104,mcalisters deli,king club sandwich without sides,44,g,155,mg,3500,g,78,g,63,g,12,g,0,g,2,g,16,g,,
105,mcalisters deli,grilled chicken club sandwich on wheat bread,37,g,110,mg,1640,g,78,g,50,g,7,g,0,g,6,g,20,g,,
106,mcalisters deli,grilled chicken sandwich on croissant,26,g,130,mg,1000,g,48,g,41,g,11,g,0.5,g,1,g,10,g,,
107,mcalisters deli,the veggie sandwich on 9 grain bread,35,g,20,mg,1460,g,84,g,15,g,4,g,0,g,11,g,18,g,,
108,mcalisters deli,smoky pepper jack turkey sandwich on ciabatta,36,g,105,mg,2340,g,72,g,45,g,12,g,0,g,2,g,11,g,,
109,mcalisters deli,reuben sandwich on marbled rye bread,41,g,135,mg,3980,g,76,g,52,g,12,g,1,g,7,g,12,g,,
110,mcalisters deli,sweet chipotle chicken sandwich on ciabatta,15,g,85,mg,1540,g,77,g,48,g,4.5,g,0,g,2,g,15,g,,
111,mcalisters deli,garden fresh turkey sandwich on 9 grain bread,23,g,65,mg,2030,g,78,g,35,g,4.5,g,0,g,9,g,14,g,,
112,mcalisters deli,ham and cheese toastie sandwich on ciabatta,30,g,85,mg,2160,g,65,g,37,g,8,g,0,g,2,g,6,g,,
113,mcalisters deli,four cheese griller sandwich on ciabatta,31,g,70,mg,1260,g,62,g,37,g,16,g,0,g,2,g,3,g,,
114,mcalisters deli,spicy southwest chicken sandwich on ciabatta,40,g,120,mg,1980,g,78,g,53,g,11,g,0,g,4,g,6,g,,
115,mcalisters deli,blt classic sandwich without sides,27,g,40,mg,1490,g,66,g,25,g,7,g,0,g,3,g,5,g,,
116,mcalisters deli,the new yorker sandwich on marbled rye bread,25,g,155,mg,650,g,64,g,62,g,10,g,0,g,4,g,4,g,,
117,mcalisters deli,horseradish roast beef sandwich on ciabatta,30,g,70,mg,1480,g,70,g,37,g,8,g,0,g,3,g,10,g,,
118,mcalisters deli,california turkey reuben sandwich on marbled rye bread,46,g,135,mg,3860,g,81,g,51,g,8,g,0,g,6,g,15,g,,
119,mcalisters deli,orange cranberry club sandwich on wheat bread,29,g,90,mg,1940,g,88,g,39,g,7,g,0,g,7,g,26,g,,
120,mcalisters deli,memphian sandwich on 6 baguette,28,g,120,mg,2170,g,46,g,46,g,9,g,0,g,2,g,3,g,,
121,mcalisters deli,the italian sandwich on 6 baguette,39,g,125,mg,3090,g,49,g,46,g,14,g,0,g,2,g,7,g,,
122,mcalisters deli,southwest turkey melt sandwich on 6 baguette,37,g,105,mg,2310,g,51,g,38,g,11,g,0,g,3,g,3,g,,
123,mcalisters deli,turkey cobb sandwich on 9 grain bread,36,g,85,mg,2180,g,73,g,37,g,6,g,0,g,7,g,12,g,,
124,mcalisters deli,black angus club sandwich on wheat bread,43,g,110,mg,1650,g,73,g,44,g,10,g,0,g,6,g,17,g,,
125,mcalisters deli,the big nasty on 6 baguette,21,g,150,mg,2940,g,70,g,63,g,8,g,0,g,3,g,3,g,,
126,mcalisters deli,applesauce,0,g,0,mg,10,g,12,g,0,g,0,g,0,g,2,g,8,g,,
127,mcalisters deli,chicken tortilla soup with green onions and tortilla chips,6.7,g,20,mg,1302,g,20.7,g,6.7,g,3,g,0,g,2,g,2,g,,
128,mcalisters deli,broccoli cheddar soup with cheddar jack garnish and saltine crackers,18,g,53,mg,1162,g,18.7,g,10,g,10,g,0.7,g,2,g,4,g,,
129,mcalisters deli,traditional chili without garnish or crackers,24,g,65,mg,1070,g,17,g,20,g,9,g,1,g,5,g,3,g,,
130,mcalisters deli,chicken and dumplings soup without garnish or crackers,5.3,g,30,mg,921,g,21.4,g,11.3,g,0,g,0,g,1.3,g,1.3,g,,
131,mcalisters deli,country potato soup bowl with applewood smoked bacon cheddar jack cheese green onions and saltine crackers,17,g,50,mg,1540,g,44,g,13,g,9,g,0,g,2,g,8,g,,
132,mcalisters deli,tomato bisque with green onions and saltine crackers,8.7,g,27,mg,701,g,22.7,g,4.7,g,5.3,g,0,g,3.3,g,10,g,,
133,mcalisters deli,fire roasted vegetable without garnish or crackers,0,g,0,mg,701,g,11.3,g,4,g,0,g,0,g,2,g,4,g,,
134,mcalisters deli,veggie chili without garnish or crackers,2,g,0,mg,960,g,33,g,9,g,0,g,0,g,9,g,3,g,,
135,mcalisters deli,chicken tortilla soup cup with jalapenos and tortilla strips,6,g,20,mg,1340,g,19,g,7,g,3,g,0,g,2,g,2,g,,
136,mcalisters deli,parmesan kale and turkey sausage soup without garnish or crackers,10,g,45,mg,860,g,14,g,9,g,6,g,0,g,0,g,2,g,,
137,mcalisters deli,country potato with applewood smoked bacon cheddar jack cheese green onions and saltine crackers,11.3,g,33,mg,1028,g,29.4,g,8.7,g,6,g,0,g,1.3,g,5.3,g,,
138,mcalisters deli,mcalisters club wrap on wheat wrap,42,g,95,mg,2220,g,65,g,37,g,11,g,0,g,6,g,12,g,,
139,mcalisters deli,grilled chicken caesar wrap on wheat wrap,51,g,110,mg,2080,g,55,g,43,g,10,g,0,g,6,g,2,g,,
140,mcalisters deli,1 milk,2.5,g,10,mg,130,g,13,g,8,g,1.5,g,0,g,0,g,12,g,,
141,mcalisters deli,1 milk kids,2.5,g,10,mg,130,g,13,g,8,g,1.5,g,0,g,0,g,12,g,,
142,mcalisters deli,4 chocolate chip cookies,68,g,160,mg,880,g,212,g,16,g,36,g,0,g,8,g,132,g,,
143,mcalisters deli,apple juice kids,0,g,0,mg,0,g,10,g,0,g,0,g,0,g,0,g,9,g,,
144,mcalisters deli,barqs root beer,0,g,0,mg,80,g,53,g,0,g,0,g,0,g,0,g,53,g,,
145,mcalisters deli,barqs root beer kids,0,g,0,mg,30,g,20,g,0,g,0,g,0,g,0,g,20,g,,
146,mcalisters deli,black angus club,45,g,115,mg,2000,g,74,g,42,g,12,g,0,g,1,g,10,g,,
147,mcalisters deli,black angus club choose 2 portion,23,g,55,mg,1000,g,37,g,21,g,6,g,0,g,0,g,5,g,,
148,mcalisters deli,black angus roast beef spud,35,g,140,mg,2270,g,135,g,54,g,18,g,0,g,14,g,9,g,,
149,mcalisters deli,black angus roast beef spud choose 2 portion,18,g,70,mg,1140,g,68,g,27,g,9,g,0,g,7,g,5,g,,
150,mcalisters deli,black cherry puree,0,g,0,mg,0,g,9,g,0,g,0,g,0,g,0,g,9,g,,
151,mcalisters deli,bltanda sandwich,53,g,70,mg,2280,g,68,g,30,g,12,g,0,g,7,g,11,g,,
152,mcalisters deli,bltanda sandwich choose 2 portion,27,g,35,mg,1130,g,34,g,15,g,6,g,0,g,3,g,5,g,,
153,mcalisters deli,broccoli cheddar bowl,27,g,80,mg,1740,g,28,g,15,g,15,g,1,g,3,g,6,g,,
154,mcalisters deli,broccoli cheddar cup,18,g,55,mg,1220,g,21,g,11,g,10,g,0.5,g,2,g,4,g,,
155,mcalisters deli,brookie,28,g,120,mg,340,g,56,g,8,g,14,g,0,g,4,g,28,g,,
156,mcalisters deli,brownie,21,g,85,mg,230,g,61,g,4,g,9,g,0,g,0,g,40,g,,
157,mcalisters deli,caesar salad,68,g,70,mg,1400,g,17,g,13,g,13,g,0,g,5,g,3,g,,
158,mcalisters deli,caesar salad choose 2 portion,44,g,45,mg,880,g,9,g,7,g,8,g,0,g,2,g,1,g,,
159,mcalisters deli,chicken and dumplings soup bowl,7,g,45,mg,1380,g,31,g,16,g,0,g,0,g,1,g,1,g,,
160,mcalisters deli,chicken and dumplings soup cup,5,g,30,mg,920,g,21,g,11,g,0,g,0,g,1,g,1,g,,
161,mcalisters deli,chicken tortilla bowl,14,g,30,mg,2020,g,42,g,11,g,5,g,0,g,4,g,3,g,,
162,mcalisters deli,chicken tortilla cup,8,g,20,mg,1320,g,25,g,7,g,3,g,0,g,2,g,2,g,,
163,mcalisters deli,chipotle chicken and bacon spud,46,g,160,mg,1430,g,139,g,62,g,19,g,0,g,14,g,11,g,,
164,mcalisters deli,chipotle chicken and bacon spud choose 2 portion,23,g,80,mg,710,g,69,g,31,g,9,g,0,g,7,g,6,g,,
165,mcalisters deli,chocolate chip cookie,17,g,40,mg,220,g,53,g,4,g,9,g,0,g,2,g,33,g,,
166,mcalisters deli,cinnabon mini snickerdoodle cookie sandwich,11,g,5,mg,110,g,32,g,2,g,4.5,g,0,g,1,g,20,g,,
167,mcalisters deli,coffee,0,g,0,mg,5,g,0,g,0,g,0,g,0,g,0,g,0,g,,
168,mcalisters deli,coffee decaffeinated,0,g,0,mg,5,g,0,g,0,g,0,g,0,g,0,g,0,g,,
169,mcalisters deli,coke,0,g,0,mg,55,g,46,g,0,g,0,g,0,g,0,g,46,g,,
170,mcalisters deli,coke kids,0,g,0,mg,20,g,17,g,0,g,0,g,0,g,0,g,17,g,,
171,mcalisters deli,coke zero,0,g,0,mg,45,g,0,g,0,g,0,g,0,g,0,g,0,g,,
172,mcalisters deli,coke zero kids,0,g,0,mg,20,g,0,g,0,g,0,g,0,g,0,g,0,g,,
173,mcalisters deli,corned beef,13,g,70,mg,1920,g,70,g,37,g,4,g,0.5,g,7,g,12,g,,
174,mcalisters deli,corned beef choose 2 portion,7,g,35,mg,960,g,35,g,18,g,2,g,0,g,3,g,6,g,,
175,mcalisters deli,country potato bowl,17,g,50,mg,1540,g,44,g,13,g,9,g,0,g,2,g,8,g,,
176,mcalisters deli,country potato cup,11,g,30,mg,1060,g,32,g,9,g,6,g,0,g,1,g,5,g,,
177,mcalisters deli,diet coke,0,g,0,mg,50,g,0,g,0,g,0,g,0,g,0,g,0,g,,
178,mcalisters deli,diet coke kids,0,g,0,mg,20,g,0,g,0,g,0,g,0,g,0,g,0,g,,
179,mcalisters deli,dr pepper,0,g,0,mg,60,g,47,g,0,g,0,g,0,g,0,g,47,g,,
180,mcalisters deli,dr pepper kids,0,g,0,mg,25,g,18,g,0,g,0,g,0,g,0,g,18,g,,
181,mcalisters deli,fire roasted vegetable bowl,0,g,0,mg,1050,g,17,g,6,g,0,g,0,g,3,g,6,g,,
182,mcalisters deli,fire roasted vegetable cup,0,g,0,mg,700,g,11,g,4,g,0,g,0,g,2,g,4,g,,
183,mcalisters deli,four cheese melt,38,g,100,mg,1740,g,66,g,37,g,20,g,0,g,2,g,5,g,,
184,mcalisters deli,four cheese melt choose 2 portion,19,g,50,mg,880,g,33,g,19,g,10,g,0,g,1,g,3,g,,
185,mcalisters deli,french dip,21,g,130,mg,2650,g,44,g,49,g,8,g,0,g,2,g,0,g,,
186,mcalisters deli,french dip choose 2 portion,14,g,85,mg,1720,g,29,g,33,g,6,g,0,g,1,g,0,g,,
187,mcalisters deli,garden fresh turkey sandwich,23,g,65,mg,2160,g,78,g,36,g,4.5,g,0,g,10,g,16,g,,
188,mcalisters deli,garden fresh turkey sandwich choose 2 portion,12,g,35,mg,1370,g,40,g,18,g,2.5,g,0,g,5,g,8,g,,
189,mcalisters deli,garden salad,19,g,50,mg,540,g,19,g,18,g,10,g,0,g,3,g,6,g,,
190,mcalisters deli,garden salad choose 2 portion,10,g,25,mg,260,g,8,g,9,g,5,g,0,g,1,g,3,g,,
191,mcalisters deli,garden salad with harvest chicken salad,61,g,110,mg,1070,g,36,g,38,g,16,g,0,g,6,g,18,g,,
192,mcalisters deli,garden salad with harvest chicken salad choose 2 portion,30,g,55,mg,520,g,17,g,18,g,8,g,0,g,2,g,8,g,,
193,mcalisters deli,godiva double chocolate cheesecake,46,g,140,mg,260,g,50,g,7,g,28,g,1,g,4,g,37,g,,
194,mcalisters deli,grilled chicken,6,g,75,mg,1140,g,71,g,42,g,0,g,0,g,7,g,13,g,,
195,mcalisters deli,grilled chicken choose 2 portion,3,g,35,mg,570,g,35,g,21,g,0,g,0,g,3,g,6,g,,
196,mcalisters deli,grilled chicken caesar salad,70,g,145,mg,1970,g,20,g,43,g,13,g,0,g,5,g,4,g,,
197,mcalisters deli,grilled chicken caesar salad choose 2 portion,45,g,80,mg,1150,g,9,g,21,g,8,g,0,g,2,g,2,g,,
198,mcalisters deli,grilled chicken caesar wrap,51,g,110,mg,2080,g,56,g,43,g,10,g,0,g,7,g,2,g,,
199,mcalisters deli,grilled chicken caesar wrap choose 2 portion,26,g,55,mg,1040,g,28,g,21,g,5,g,0,g,3,g,1,g,,
200,mcalisters deli,grilled chicken club,35,g,110,mg,1230,g,78,g,48,g,9,g,0,g,1,g,15,g,,
201,mcalisters deli,grilled chicken club choose 2 portion,18,g,55,mg,620,g,39,g,24,g,4.5,g,0,g,0,g,7,g,,
202,mcalisters deli,grilled chicken salad,25,g,130,mg,1250,g,21,g,50,g,11,g,0,g,3,g,7,g,,
203,mcalisters deli,grilled chicken salad choose 2 portion,13,g,65,mg,620,g,10,g,25,g,6,g,0,g,1,g,3,g,,
204,mcalisters deli,grilled chicken sandwich,23,g,120,mg,970,g,47,g,41,g,10,g,0,g,2,g,12,g,,
205,mcalisters deli,grilled chicken sandwich choose 2 portion,12,g,60,mg,490,g,24,g,20,g,5,g,0,g,1,g,6,g,,
206,mcalisters deli,ham,8,g,60,mg,1740,g,72,g,35,g,1,g,0,g,7,g,15,g,,
207,mcalisters deli,ham and cheese melt,28,g,85,mg,2110,g,66,g,39,g,7,g,0,g,2,g,7,g,,
208,mcalisters deli,ham and cheese melt choose 2 portion,14,g,45,mg,1080,g,33,g,20,g,3.5,g,0,g,1,g,4,g,,
209,mcalisters deli,ham choose 2 portion,4,g,30,mg,870,g,36,g,17,g,0.5,g,0,g,3,g,8,g,,
210,mcalisters deli,harvest chicken salad,44,g,75,mg,710,g,53,g,22,g,12,g,0,g,4,g,15,g,,
211,mcalisters deli,harvest chicken salad choose 2 portion,22,g,40,mg,360,g,26,g,11,g,6,g,0,g,2,g,8,g,,
212,mcalisters deli,heath cookie,22,g,30,mg,250,g,50,g,3,g,9,g,0,g,1,g,29,g,,
213,mcalisters deli,hi c fruit punch,0,g,0,mg,230,g,50,g,0,g,0,g,0,g,0,g,48,g,,
214,mcalisters deli,hi c fruit punch kids,0,g,0,mg,90,g,19,g,0,g,0,g,0,g,0,g,18,g,,
215,mcalisters deli,horseradish roast beef,29,g,85,mg,2150,g,69,g,43,g,9,g,0,g,2,g,9,g,,
216,mcalisters deli,horseradish roast beef choose 2 portion,14,g,45,mg,1070,g,35,g,22,g,4.5,g,0,g,1,g,4,g,,
217,mcalisters deli,jalapeno turkey crunch sandwich,58,g,120,mg,2710,g,84,g,46,g,14,g,0,g,7,g,16,g,,
218,mcalisters deli,jalapeno turkey crunch sandwich choose 2 portion,29,g,60,mg,1360,g,42,g,23,g,7,g,0,g,4,g,8,g,,
219,mcalisters deli,justaspud,14,g,45,mg,150,g,131,g,17,g,9,g,0,g,14,g,9,g,,
220,mcalisters deli,justaspud choose 2 portion,7,g,25,mg,75,g,66,g,9,g,5,g,0,g,7,g,5,g,,
221,mcalisters deli,kids chicken and broccoli bowl,12,g,70,mg,600,g,8,g,23,g,6,g,0,g,2,g,2,g,,
222,mcalisters deli,kids garden salad,10,g,25,mg,260,g,8,g,9,g,5,g,0,g,1,g,3,g,,
223,mcalisters deli,kids ham and cheese toastie,10,g,50,mg,990,g,46,g,20,g,5,g,0,g,0,g,5,g,,
224,mcalisters deli,kids mac and cheese,21,g,40,mg,790,g,27,g,14,g,8,g,0,g,1,g,7,g,,
225,mcalisters deli,kids pizza,9,g,10,mg,440,g,39,g,17,g,2.5,g,0,g,4,g,9,g,,
226,mcalisters deli,kids pretzel dogs 3 piece limited time,11,g,25,mg,1180,g,29,g,10,g,6,g,0,g,2,g,3,g,,
227,mcalisters deli,kids pretzel dogs 5 piece limited time,17,g,40,mg,1570,g,48,g,17,g,9,g,0,g,3,g,5,g,,
228,mcalisters deli,kids spud,4,g,10,mg,65,g,65,g,8,g,2.5,g,0,g,7,g,4,g,,
229,mcalisters deli,kids toasted cheese sandwich,20,g,60,mg,990,g,48,g,15,g,12,g,0,g,0,g,5,g,,
230,mcalisters deli,kids turkey and cheese toastie,9,g,45,mg,840,g,45,g,18,g,4.5,g,0,g,0,g,4,g,,
231,mcalisters deli,kids uncrustable sandwich,16,g,0,mg,280,g,32,g,9,g,3.5,g,0,g,4,g,15,g,,
232,mcalisters deli,king club,51,g,170,mg,3740,g,107,g,76,g,13,g,0,g,4,g,30,g,,
233,mcalisters deli,king club choose 2 portion,26,g,85,mg,1870,g,54,g,38,g,6,g,0,g,2,g,15,g,,
234,mcalisters deli,lemonade,0,g,0,mg,0,g,65,g,0,g,0,g,0,g,0,g,61,g,,
235,mcalisters deli,lemonade kids,0,g,0,mg,0,g,24,g,0,g,0,g,0,g,0,g,23,g,,
236,mcalisters deli,mac and cheese bar,25,g,50,mg,1240,g,34,g,20,g,9,g,0,g,2,g,9,g,,
237,mcalisters deli,macadamia nut cookie,22,g,30,mg,200,g,47,g,4,g,7,g,0,g,1,g,26,g,,
238,mcalisters deli,mcalisters chef salad,25,g,110,mg,1670,g,22,g,41,g,12,g,0,g,3,g,9,g,,
239,mcalisters deli,mcalisters chef salad choose 2 portion,13,g,60,mg,850,g,10,g,20,g,6,g,0,g,1,g,4,g,,
240,mcalisters deli,mcalisters club,36,g,95,mg,1680,g,79,g,39,g,9,g,0,g,1,g,16,g,,
241,mcalisters deli,mcalisters club choose 2 portion,18,g,45,mg,840,g,39,g,19,g,4.5,g,0,g,0,g,8,g,,
242,mcalisters deli,mcalisters club wrap,40,g,95,mg,2250,g,65,g,39,g,11,g,0,g,7,g,13,g,,
243,mcalisters deli,mcalisters club wrap choose 2 portion,20,g,45,mg,1120,g,33,g,19,g,5,g,0,g,3,g,7,g,,
244,mcalisters deli,memphian,28,g,120,mg,2570,g,47,g,48,g,9,g,0,g,3,g,4,g,,
245,mcalisters deli,memphian choose 2 portion,14,g,60,mg,1370,g,30,g,25,g,4.5,g,0,g,1,g,2,g,,
246,mcalisters deli,nacho basket choose 2 portion,43,g,50,mg,2330,g,84,g,18,g,14,g,0,g,8,g,6,g,,
247,mcalisters deli,nacho basket serves 2 4,58,g,100,mg,3230,g,91,g,28,g,24,g,0,g,8,g,12,g,,
248,mcalisters deli,oatmeal raisin cookie,17,g,20,mg,270,g,49,g,6,g,4,g,0,g,3,g,25,g,,
249,mcalisters deli,orange cranberry club,26,g,90,mg,1550,g,89,g,38,g,8,g,0,g,2,g,21,g,,
250,mcalisters deli,orange cranberry club choose 2 portion,13,g,45,mg,770,g,44,g,19,g,4,g,0,g,1,g,11,g,,
251,mcalisters deli,pastrami,13,g,70,mg,1960,g,70,g,37,g,3.5,g,0,g,7,g,12,g,,
252,mcalisters deli,pastrami choose 2 portion,7,g,35,mg,980,g,35,g,18,g,2,g,0,g,3,g,6,g,,
253,mcalisters deli,peach puree,0,g,0,mg,10,g,9,g,0,g,0,g,0,g,0,g,9,g,,
254,mcalisters deli,reuben,41,g,135,mg,3980,g,76,g,52,g,12,g,1,g,7,g,12,g,,
255,mcalisters deli,reuben choose 2 portion,21,g,70,mg,1990,g,38,g,26,g,6,g,0,g,4,g,6,g,,
256,mcalisters deli,roast beef,13,g,70,mg,1820,g,70,g,37,g,3,g,0,g,7,g,11,g,,
257,mcalisters deli,roast beef choose 2 portion,7,g,35,mg,910,g,35,g,18,g,1.5,g,0,g,3,g,6,g,,
258,mcalisters deli,salami,24,g,45,mg,1540,g,68,g,24,g,7,g,0,g,7,g,11,g,,
259,mcalisters deli,salami choose 2 portion,12,g,25,mg,770,g,34,g,12,g,3.5,g,0,g,3,g,6,g,,
260,mcalisters deli,salted caramel cookie,15,g,30,mg,520,g,58,g,4,g,8,g,0,g,2,g,37,g,,
261,mcalisters deli,savannah chopped salad,16,g,90,mg,1000,g,43,g,40,g,5,g,0,g,4,g,32,g,,
262,mcalisters deli,savannah chopped salad choose 2 portion,8,g,45,mg,500,g,21,g,20,g,2.5,g,0,g,2,g,16,g,,
263,mcalisters deli,smoky pepper jack turkey,36,g,105,mg,2110,g,72,g,45,g,12,g,0,g,2,g,13,g,,
264,mcalisters deli,smoky pepper jack turkey choose 2 portion,18,g,55,mg,1060,g,36,g,23,g,6,g,0,g,1,g,7,g,,
265,mcalisters deli,southwest chicken and avocado salad,32,g,125,mg,1040,g,38,g,50,g,11,g,0,g,9,g,10,g,,
266,mcalisters deli,southwest chicken and avocado salad choose 2 portion,16,g,60,mg,510,g,18,g,25,g,6,g,0,g,4,g,4,g,,
267,mcalisters deli,spicy southwest chicken,39,g,120,mg,2190,g,87,g,56,g,11,g,0,g,9,g,18,g,,
268,mcalisters deli,spicy southwest chicken choose 2 portion,20,g,60,mg,1100,g,44,g,28,g,5,g,0,g,5,g,9,g,,
269,mcalisters deli,spicy turkey melt,40,g,105,mg,2550,g,54,g,40,g,12,g,0,g,6,g,5,g,,
270,mcalisters deli,spicy turkey melt choose 2 portion,20,g,55,mg,1350,g,34,g,21,g,6,g,0,g,3,g,3,g,,
271,mcalisters deli,sprite,0,g,0,mg,80,g,46,g,0,g,0,g,0,g,0,g,46,g,,
272,mcalisters deli,sprite kids,0,g,0,mg,30,g,17,g,0,g,0,g,0,g,0,g,17,g,,
273,mcalisters deli,spud max,39,g,130,mg,1230,g,135,g,43,g,21,g,0,g,14,g,11,g,,
274,mcalisters deli,spud max choose 2 portion,20,g,65,mg,610,g,67,g,22,g,10,g,0,g,7,g,5,g,,
275,mcalisters deli,spud max bar,39,g,130,mg,1230,g,135,g,43,g,21,g,0,g,14,g,11,g,,
276,mcalisters deli,strawberry lemonade,0,g,0,mg,0,g,74,g,0,g,0,g,0,g,0,g,71,g,,
277,mcalisters deli,strawberry puree,0,g,0,mg,0,g,10,g,0,g,0,g,0,g,0,g,10,g,,
278,mcalisters deli,sugar cookie,18,g,30,mg,210,g,44,g,4,g,6,g,0,g,2,g,24,g,,
279,mcalisters deli,sweet chipotle chicken,15,g,85,mg,1540,g,77,g,48,g,4.5,g,0,g,2,g,15,g,,
280,mcalisters deli,sweet chipotle chicken choose 2 portion,7,g,40,mg,770,g,38,g,24,g,2.5,g,0,g,1,g,8,g,,
281,mcalisters deli,sweet tea,0,g,0,mg,15,g,39,g,0,g,0,g,0,g,0,g,39,g,,
282,mcalisters deli,sweet tea kids,0,g,0,mg,0,g,15,g,0,g,0,g,0,g,0,g,15,g,,
283,mcalisters deli,sweetened lemonade tea,0,g,0,mg,0,g,52,g,0,g,0,g,0,g,0,g,50,g,,
284,mcalisters deli,the italian,39,g,125,mg,3290,g,50,g,49,g,14,g,0,g,3,g,8,g,,
285,mcalisters deli,the italian choose 2 portion,19,g,65,mg,1720,g,32,g,26,g,7,g,0,g,1,g,4,g,,
286,mcalisters deli,the new yorker,25,g,155,mg,3700,g,64,g,62,g,10,g,0,g,4,g,4,g,,
287,mcalisters deli,the new yorker choose 2 portion,14,g,90,mg,2100,g,32,g,36,g,6,g,0,g,2,g,2,g,,
288,mcalisters deli,the veggie,35,g,20,mg,1460,g,80,g,15,g,4,g,0,g,11,g,16,g,,
289,mcalisters deli,the veggie choose 2 portion,17,g,10,mg,730,g,40,g,8,g,2,g,0,g,6,g,8,g,,
290,mcalisters deli,tomato bisque bowl,13,g,40,mg,1050,g,34,g,7,g,8,g,0,g,5,g,15,g,,
291,mcalisters deli,tomato bisque cup,9,g,25,mg,760,g,25,g,5,g,5,g,0,g,3,g,10,g,,
292,mcalisters deli,traditional chili bowl,17,g,75,mg,1540,g,33,g,26,g,6,g,0,g,4,g,7,g,,
293,mcalisters deli,traditional chili cup,11,g,50,mg,1030,g,22,g,17,g,3.5,g,0,g,2,g,5,g,,
294,mcalisters deli,tropical tea limited time,0,g,0,mg,0,g,57,g,0,g,0,g,0,g,0,g,52,g,,
295,mcalisters deli,turkey,6,g,50,mg,1440,g,70,g,31,g,0,g,0,g,7,g,13,g,,
296,mcalisters deli,turkey choose 2 portion,3,g,25,mg,720,g,35,g,15,g,0,g,0,g,3,g,7,g,,
297,mcalisters deli,ultimate nachos choose 2 portion,36,g,55,mg,1310,g,51,g,16,g,12,g,0,g,6,g,6,g,,
298,mcalisters deli,ultimate nachos serves 2 4,72,g,115,mg,2610,g,103,g,32,g,24,g,0,g,12,g,12,g,,
299,mcalisters deli,unsweet tea,0,g,0,mg,0,g,0,g,0,g,0,g,0,g,0,g,0,g,,
300,mcalisters deli,unsweet tea kids,0,g,0,mg,5,g,0,g,0,g,0,g,0,g,0,g,0,g,,
301,mcalisters deli,unsweetened lemonade tea,0,g,0,mg,0,g,32,g,0,g,0,g,0,g,0,g,31,g,,
302,mcalisters deli,veggie chili bowl,3,g,0,mg,1440,g,50,g,14,g,0,g,0,g,14,g,5,g,,
303,mcalisters deli,veggie chili cup,2,g,0,mg,960,g,33,g,9,g,0,g,0,g,9,g,3,g,,
304,mcalisters deli,veggie spud,25,g,70,mg,2230,g,148,g,28,g,15,g,0,g,18,g,19,g,,
305,mcalisters deli,veggie spud choose 2 portion,12,g,35,mg,1110,g,74,g,14,g,8,g,0,g,9,g,10,g,,
306,mcdonalds,donut sticks 12 with chocolate sauce,31,g,35,mg,640,g,101,g,15,g,13,g,0.5,g,2,g,44,g,,
307,mcdonalds,sweet tea,0,g,0,mg,10,g,15.2,g,0.4,g,0,g,0,g,0,g,15.2,g,,
308,mcdonalds,chocolate shake small,14,g,55,mg,250,g,85,g,12,g,9,g,0.5,g,1,g,67,g,,
309,mcdonalds,vanilla shake large,21,g,80,mg,370,g,138,g,18,g,13,g,1,g,0,g,92,g,,
310,mcdonalds,blue raspberry slushie large,0,g,0,mg,25,g,92,g,0,g,0,g,0,g,0,g,89,g,,
311,mcdonalds,vanilla shake medium,16,g,65,mg,270,g,101,g,13,g,10,g,0.5,g,0,g,68,g,,
312,mcdonalds,strawberry shake large,21,g,85,mg,310,g,139,g,19,g,14,g,1,g,0,g,106,g,,
313,mcdonalds,chocolate shake medium,16,g,70,mg,310,g,104,g,14,g,11,g,1,g,1,g,89,g,,
314,mcdonalds,strawberry shake small,14,g,55,mg,190,g,87,g,11,g,9,g,0.5,g,0,g,65,g,,
315,mcdonalds,chocolate shake large,21,g,80,mg,410,g,139,g,19,g,13,g,1,g,1,g,110,g,,
316,mcdonalds,strawberry shake medium,16,g,65,mg,220,g,102,g,14,g,11,g,0.5,g,0,g,77,g,,
317,mcdonalds,blue raspberry slushie small,0,g,0,mg,15,g,51,g,0,g,0,g,0,g,0,g,50,g,,
318,mcdonalds,iced tea,0,g,0,mg,8,g,0,g,0.4,g,0,g,0,g,0,g,0,g,,
319,mcdonalds,1 low fat milk jug,2.5,g,10,mg,125,g,12,g,8,g,1.5,g,0,g,0,g,12,g,,
320,mcdonalds,fat free chocolate milk jug,0,g,5,mg,135,g,23,g,9,g,0,g,0,g,0,g,22,g,,
321,mcdonalds,vanilla shake small,13,g,55,mg,220,g,84,g,11,g,9,g,0.5,g,0,g,55,g,,
322,mcdonalds,blue raspberry slushie medium,0,g,0,mg,20,g,66,g,0,g,0,g,0,g,0,g,64,g,,
323,mcdonalds,caramel macchiato with nonfat milk large,0.5,g,10,mg,510,g,62,g,14,g,0,g,0,g,0,g,56,g,,
324,mcdonalds,hotcakes without butter or syrup,8,g,20,mg,480,g,55,g,9,g,1.5,g,0,g,2,g,12,g,,
325,mcdonalds,sausage mcmuffin with egg,31,g,280,mg,830,g,30,g,20,g,12,g,0.5,g,2,g,2,g,,
326,mcdonalds,hash browns,8,g,0,mg,310,g,18,g,2,g,1,g,0,g,2,g,0,g,,
327,mcdonalds,breakfast sausage burrito,17,g,170,mg,800,g,25,g,13,g,7,g,0,g,1,g,2,g,,
328,mcdonalds,egg mcmuffin,13,g,250,mg,770,g,30,g,17,g,6,g,0,g,2,g,3,g,,
329,mcdonalds,sausage egg and cheese mcgriddles,33,g,235,mg,1290,g,44,g,19,g,13,g,0,g,2,g,15,g,,
330,mcdonalds,hotcakes with butter and syrup,15,g,45,mg,550,g,101,g,9,g,6,g,0,g,2,g,45,g,,
331,mcdonalds,sausage biscuit,30,g,40,mg,1050,g,36,g,11,g,13,g,0,g,2,g,3,g,,
332,mcdonalds,sausage mcgriddles,24,g,35,mg,990,g,41,g,11,g,9,g,0,g,2,g,14,g,,
333,mcdonalds,big breakfast with hotcakes,63,g,525,mg,2070,g,158,g,36,g,25,g,0.5,g,5,g,48,g,,
334,mcdonalds,bacon egg and cheese biscuit regular,26,g,215,mg,1330,g,39,g,17,g,13,g,0,g,2,g,3,g,,
335,mcdonalds,bacon egg and cheese mcgriddles,21,g,215,mg,1230,g,44,g,17,g,9,g,0,g,2,g,15,g,,
336,mcdonalds,sausage mcmuffin,26,g,55,mg,760,g,29,g,14,g,10,g,0.5,g,2,g,2,g,,
337,mcdonalds,sausage biscuit with egg,34,g,205,mg,1140,g,38,g,17,g,15,g,0,g,2,g,3,g,,
338,mcdonalds,fruit and maple oatmeal,4.5,g,5,mg,150,g,64,g,6,g,1.5,g,0,g,4,g,31,g,,
339,mcdonalds,hotcakes and sausage without butter or syrup,26,g,55,mg,760,g,56,g,15,g,8,g,0,g,2,g,12,g,,
340,mcdonalds,hotcakes and sausage with butter and syrup,33,g,75,mg,830,g,102,g,15,g,13,g,0,g,2,g,46,g,,
341,mcdonalds,big breakfast,48,g,485,mg,1530,g,57,g,26,g,18,g,0,g,3,g,3,g,,
342,mcdonalds,donut sticks 6 with chocolate sauce,16,g,20,mg,320,g,50,g,7,g,6,g,0,g,1,g,22,g,,
343,mcdonalds,chicken mcnuggets 10 pieces without sauce,25,g,65,mg,840,g,25,g,23,g,4,g,0,g,1,g,0,g,,
344,mcdonalds,chicken mcnuggets 4 pieces without sauce,10,g,25,mg,330,g,10,g,9,g,1.5,g,0,g,0,g,0,g,,
345,mcdonalds,chicken mcnuggets 6 pieces without sauce,15,g,40,mg,500,g,15,g,14,g,2.5,g,0,g,1,g,0,g,,
346,mcdonalds,buttermilk crispy chicken tenders 4 pieces without sauce,26,g,100,mg,1390,g,23,g,39,g,4,g,0,g,0,g,1,g,,
347,mcdonalds,buttermilk crispy chicken tenders 10 pieces without sauce,65,g,245,mg,3480,g,57,g,97,g,10,g,0,g,0,g,2,g,,
348,mcdonalds,buttermilk crispy chicken tenders 6 pieces without sauce,39,g,150,mg,2090,g,34,g,58,g,6,g,0,g,0,g,1,g,,
349,mcdonalds,big mac sauce,9,g,10,mg,90,g,2,g,0,g,1.5,g,0,g,0,g,1,g,,
350,mcdonalds,hotcake syrup,0,g,0,mg,0,g,46,g,0,g,0,g,0,g,0,g,33,g,,
351,mcdonalds,ketchup,0,g,0,mg,250,g,4,g,0,g,0,g,0,g,0,g,3,g,,
352,mcdonalds,bourbon bbq sauce,0,g,0,mg,160,g,6,g,0,g,0,g,0,g,0,g,54,g,,
353,mcdonalds,mayonnaise,11,g,10,mg,65,g,0,g,0,g,1.6,g,0,g,0,g,0,g,,
354,mcdonalds,mcflurry with oreo cookies regular,16,g,40,mg,260,g,80,g,12,g,8,g,0.5,g,1,g,60,g,,
355,mcdonalds,chocolate chip cookie,7,g,10,mg,90,g,22,g,2,g,3.5,g,0,g,1,g,14,g,,
356,mcdonalds,vanilla ice cream cone,5,g,20,mg,80,g,33,g,5,g,3,g,0,g,0,g,23,g,,
357,mcdonalds,mcflurry with oreo cookies snack size,11,g,30,mg,170,g,53,g,8,g,6,g,0,g,0,g,42,g,,
358,mcdonalds,hot fudge sundae,10,g,25,mg,170,g,51,g,8,g,7,g,0,g,2,g,44,g,,
359,mcdonalds,mcflurry with mandms chocolate candies regular,21,g,45,mg,200,g,96,g,13,g,14,g,0.5,g,2,g,83,g,,
360,mcdonalds,baked hot apple pie,11,g,0,mg,95,g,35,g,2,g,6,g,0,g,4,g,16,g,,
361,mcdonalds,hot caramel sundae,7,g,30,mg,150,g,58,g,7,g,4.5,g,0,g,0,g,41,g,,
362,mcdonalds,mcflurry with mandms chocolate candies snack size,14,g,30,mg,130,g,64,g,9,g,9,g,0,g,1,g,55,g,,
363,mcdonalds,strawberry sundae,6,g,25,mg,95,g,49,g,6,g,4,g,0,g,0,g,44,g,,
364,mcdonalds,kiddie cone,1,g,5,mg,20,g,8,g,1,g,0.5,g,0,g,0,g,6,g,,
365,mcdonalds,yoplait go gurt low fat strawberry yogurt,0.5,g,5,mg,30,g,7,g,2,g,0,g,0,g,0,g,5,g,,
366,mcdonalds,caramel brownie mcflurry regular,19,g,70,mg,280,g,101,g,13,g,11,g,0.5,g,1,g,76,g,,
367,mcdonalds,snickerdoodle mcflurry snack size,13,g,35,mg,200,g,53,g,8,g,8,g,0,g,0,g,43,g,,
368,mcdonalds,snickerdoodle mcflurry regular,19,g,50,mg,300,g,79,g,13,g,12,g,0.5,g,1,g,65,g,,
369,mcdonalds,caramel brownie mcflurry snack size,13,g,50,mg,210,g,77,g,9,g,8,g,0,g,1,g,56,g,,
370,mcdonalds,french fries medium,15,g,0,mg,260,g,43,g,5,g,2,g,0,g,4,g,0,g,,
371,mcdonalds,french fries large,23,g,0,mg,400,g,66,g,7,g,3,g,0,g,6,g,0,g,,
372,mcdonalds,french fries small,10,g,0,mg,180,g,29,g,3,g,1.5,g,0,g,3,g,0,g,,
373,mcdonalds,french fries kids,5,g,0,mg,90,g,15,g,2,g,1,g,0,g,1,g,0,g,,
374,mcdonalds,cheeseburger meal kids,17,g,40,mg,805,g,79,g,17,g,6.5,g,0.5,g,3,g,38,g,,
375,mcdonalds,hamburger happy meal kids,16,g,40,mg,680,g,62,g,22,g,5.5,g,0,g,2,g,20,g,,
376,mcdonalds,chicken mcnuggets 6 pcs happy meal kids,22,g,50,mg,670,g,46,g,24,g,4.5,g,0,g,2,g,14,g,,
377,mcdonalds,filet o fish sandwich meal kids,24,g,45,mg,700,g,80,g,19,g,4.5,g,0,g,3,g,32,g,,
378,mcdonalds,big mac meal kids,33,g,80,mg,1065,g,92,g,27,g,10.5,g,1,g,4,g,40,g,,
379,mcdonalds,double quarter pounder with cheese meal kids,45,g,170,mg,1495,g,89,g,51,g,19.5,g,2,g,4,g,41,g,,
380,mcdonalds,quarter pounder with cheese meal kids,30,g,100,mg,1275,g,88,g,32,g,12.5,g,1.5,g,3,g,41,g,,
381,mcdonalds,artisan grilled chicken sandwich meal kids,20,g,95,mg,1180,g,82,g,36,g,3.5,g,0,g,3,g,36,g,,
382,mcdonalds,chicken mcnuggets 4pcs happy meal kids,17,g,35,mg,500,g,41,g,19,g,3.5,g,0,g,1,g,14,g,,
383,mcdonalds,hamburger happy meal large,34,g,40,mg,990,g,113,g,27,g,8,g,0,g,7,g,20,g,,
384,mcdonalds,cheeseburger meal medium,27,g,40,mg,995,g,135,g,20,g,8,g,0.5,g,6,g,66,g,,
385,mcdonalds,big mac meal medium,43,g,80,mg,1325,g,148,g,30,g,13,g,1,g,7,g,65,g,,
386,mcdonalds,big mac meal large,51,g,80,mg,1425,g,192,g,32,g,13,g,1,g,9,g,89,g,,
387,mcdonalds,quarter pounder with cheese meal medium,40,g,100,mg,1465,g,144,g,35,g,14,g,1.5,g,6,g,69,g,,
388,mcdonalds,double quarter pounder with cheese meal large,63,g,170,mg,1855,g,189,g,56,g,22,g,2,g,9,g,90,g,,
389,mcdonalds,filet o fish sandwich meal large,42,g,45,mg,1090,g,173,g,24,g,7,g,0,g,8,g,74,g,,
390,mcdonalds,quarter pounder with cheese meal large,48,g,100,mg,1635,g,188,g,37,g,15,g,1.5,g,8,g,90,g,,
391,mcdonalds,cheeseburger meal large,35,g,40,mg,1165,g,179,g,22,g,9,g,0.5,g,8,g,87,g,,
392,mcdonalds,big mac meal small,38,g,80,mg,1160,g,114,g,28,g,11.5,g,1,g,6,g,48,g,,
393,mcdonalds,buttermilk crispy chicken sandwich meal medium,44,g,60,mg,1295,g,160,g,32,g,7,g,0,g,6,g,68,g,,
394,mcdonalds,filet of fish sandwich meal medium,34,g,45,mg,915,g,132,g,22,g,6,g,0,g,6,g,56,g,,
395,mcdonalds,filet o fish sandwich meal small,29,g,45,mg,740,g,67,g,20,g,5.5,g,0,g,5,g,5,g,,
396,mcdonalds,cheeseburger meal small,22,g,40,mg,900,g,101,g,18,g,7.5,g,0.5,g,5,g,46,g,,
397,mcdonalds,buttermilk crispy chicken sandwich meal large,52,g,60,mg,1465,g,204,g,34,g,8,g,0,g,8,g,89,g,,
398,mcdonalds,quarter pounder with cheese meal small,35,g,100,mg,1370,g,110,g,33,g,13.5,g,1.5,g,5,g,49,g,,
399,mcdonalds,hamburger happy meal small,21,g,40,mg,770,g,76,g,23,g,6.5,g,0,g,4,g,20,g,,
400,mcdonalds,artisan grilled chicken sandwich meal medium,30,g,95,mg,1395,g,134,g,39,g,5,g,0,g,6,g,60,g,,
401,mcdonalds,double quarter pounder with cheese meal medium,55,g,170,mg,1685,g,145,g,54,g,21,g,2,g,7,g,69,g,,
402,mcdonalds,hamburger happy meal medium,26,g,40,mg,850,g,90,g,25,g,7,g,0,g,5,g,20,g,,
403,mcdonalds,double quarter pounder with cheese meal small,50,g,170,mg,1590,g,111,g,52,g,20.5,g,2,g,6,g,49,g,,
404,mcdonalds,buttermilk crispy chicken sandwich meal small,52,g,60,mg,1420,g,163,g,34,g,8,g,0,g,8,g,48,g,,
405,mcdonalds,artisan grilled chicken sandwich meal small,25,g,95,mg,1220,g,69,g,37,g,4.5,g,0,g,5,g,9,g,,
406,mcdonalds,buttermilk crispy chicken meal kids,34,g,60,mg,1105,g,104,g,29,g,5.5,g,0,g,3,g,40,g,,
407,mcdonalds,chicken mcnuggets 6 pcs happy meal small,27,g,50,mg,760,g,60,g,25,g,5.5,g,0,g,4,g,14,g,,
408,mcdonalds,chicken mcnuggets 6 pcs happy meal large,40,g,50,mg,980,g,97,g,29,g,7,g,0,g,7,g,14,g,,
409,mcdonalds,chicken mcnuggets 6 pcs happy meal medium,32,g,50,mg,840,g,74,g,27,g,6,g,0,g,5,g,14,g,,
410,mcdonalds,artisan grilled chicken sandwich meal large,38,g,95,mg,1570,g,175,g,41,g,6,g,0,g,8,g,78,g,,
411,mcdonalds,chicken mcnuggets 4 pcs happy meal small,22,g,35,mg,590,g,55,g,20,g,4.5,g,0,g,3,g,14,g,,
412,mcdonalds,chicken mcnuggets 4 pcs happy meal large,35,g,35,mg,810,g,92,g,24,g,6,g,0,g,6,g,14,g,,
413,mcdonalds,chicken mcnuggets 4 pcs happy meal medium,27,g,35,mg,670,g,69,g,22,g,5,g,0,g,4,g,14,g,,
414,mcdonalds,southwest salad with grilled chicken with newmans own ranch dressing,23,g,115,mg,1380,g,34,g,34,g,6,g,0,g,7,g,12,g,,
415,mcdonalds,bacon ranch salad with grilled chicken with newmans own ranch dressing,25,g,140,mg,1540,g,16,g,40,g,8,g,0,g,3,g,6,g,,
416,mcdonalds,southwest salad with buttermilk crispy chicken with newmans own ranch dressing,36,g,80,mg,1320,g,52,g,28,g,8,g,0,g,7,g,12,g,,
417,mcdonalds,side salad with newmans own ranch dressing,12,g,15,mg,380,g,11,g,2,g,2,g,0,g,2,g,4,g,,
418,mcdonalds,bacon ranch salad with buttermilk crispy chicken with newmans own ranch dressing,39,g,100,mg,1480,g,34,g,33,g,10,g,0.5,g,4,g,6,g,,
419,mcdonalds,big mac burger,30,g,80,mg,1010,g,45,g,25,g,11,g,1,g,3,g,9,g,,
420,mcdonalds,cheeseburger,13,g,40,mg,720,g,32,g,15,g,6,g,0.5,g,2,g,7,g,,
421,mcdonalds,quarter pounder burger with cheese,26,g,95,mg,1140,g,42,g,30,g,12,g,1.5,g,2,g,10,g,,
422,mcdonalds,double quarter pounder burger with cheese,42,g,165,mg,1360,g,43,g,48,g,20,g,2.5,g,2,g,10,g,,
423,mcdonalds,mcchicken sandwich,21,g,40,mg,560,g,39,g,14,g,3.5,g,0,g,1,g,5,g,,
424,mcdonalds,filet o fish sandwich,18,g,40,mg,580,g,39,g,16,g,4,g,0,g,2,g,5,g,,
425,mcdonalds,mcdouble burger,20,g,70,mg,920,g,33,g,22,g,9,g,1,g,2,g,7,g,,
426,mcdonalds,hamburger,9,g,30,mg,510,g,31,g,12,g,3.5,g,0,g,1,g,6,g,,
427,mcdonalds,buttermilk crispy chicken sandwich,29,g,60,mg,980,g,58,g,27,g,5,g,0,g,2,g,9,g,,
428,mcdonalds,double cheeseburger,24,g,85,mg,1120,g,34,g,25,g,11,g,1.5,g,2,g,7,g,,
429,mcdonalds,artisan grilled chicken sandwich,15,g,95,mg,1040,g,40,g,34,g,3,g,0,g,2,g,9,g,,
430,mcdonalds,crispy chicken sandwich,20,g,65,mg,1100,g,45,g,27,g,5,g,0,g,1,g,8,g,,
431,mcdonalds,spicy crispy chicken sandwich,26,g,65,mg,1230,g,47,g,27,g,4,g,0,g,1,g,9,g,,
432,mcdonalds,double big mac,43,g,130,mg,2440,g,46,g,38,g,16,g,2,g,3,g,9,g,,
433,mcdonalds,deluxe crispy chicken sandwich,26,g,65,mg,1040,g,47,g,27,g,4,g,0,g,2,g,10,g,,
434,mcdonalds,quarter pounder burger with cheese deluxe,37,g,105,mg,1210,g,44,g,30,g,14,g,1.5,g,3,g,11,g,,
435,mcdonalds,quarter pounder burger with cheese and bacon,35,g,115,mg,1470,g,43,g,36,g,15,g,1.5,g,3,g,10,g,,
436,mcdonalds,little mac,17,g,45,mg,840,g,27,g,15,g,7,g,0.5,g,1,g,5,g,,
437,mcdonalds,tartar sauce,10,g,10,mg,110,g,1,g,0,g,1.5,g,0,g,0,g,0,g,,
438,mcdonalds,apple slices,0,g,0,mg,0,g,4,g,0,g,0,g,0,g,0,g,3,g,,
439,mcdonalds,1 low fat milk jug,2,g,10,mg,90,g,12,g,8,g,1.5,g,0,g,0,g,11,g,,
440,mcdonalds,americano large,0,g,0,mg,15,g,1,g,0,g,0,g,0,g,0,g,0,g,,
441,mcdonalds,americano medium,0,g,0,mg,15,g,1,g,0,g,0,g,0,g,0,g,0,g,,
442,mcdonalds,americano small,0,g,0,mg,10,g,0,g,0,g,0,g,0,g,0,g,0,g,,
443,mcdonalds,apple fritter,29,g,0,mg,360,g,58,g,5,g,12,g,0,g,3,g,28,g,,
444,mcdonalds,apple slices,0,g,0,mg,0,g,4,g,0,g,0,g,0,g,0,g,3,g,,
445,mcdonalds,bacon egg and cheese bagel,30,g,245,mg,1320,g,56,g,25,g,12,g,0.5,g,2,g,7,g,,
446,mcdonalds,bacon egg and cheese biscuit,26,g,215,mg,1330,g,39,g,17,g,13,g,0,g,2,g,3,g,,
447,mcdonalds,bacon egg and cheese mcgriddles,21,g,215,mg,1230,g,44,g,17,g,9,g,0,g,2,g,15,g,,
448,mcdonalds,baked apple pie,11,g,0,mg,95,g,33,g,2,g,6,g,0,g,2,g,15,g,,
449,mcdonalds,big breakfast,48,g,485,mg,1530,g,57,g,26,g,18,g,0,g,3,g,3,g,,
450,mcdonalds,big breakfast with hotcakes,63,g,525,mg,2070,g,158,g,36,g,25,g,0.5,g,5,g,48,g,,
451,mcdonalds,big mac,30,g,80,mg,1010,g,45,g,25,g,11,g,1,g,3,g,9,g,,
452,mcdonalds,blueberry muffin,22,g,35,mg,360,g,64,g,6,g,3.5,g,0,g,2,g,36,g,,
453,mcdonalds,cappuccino large,11,g,35,mg,140,g,17,g,11,g,6,g,0,g,0,g,16,g,,
454,mcdonalds,cappuccino medium,8,g,25,mg,110,g,13,g,8,g,5,g,0,g,0,g,12,g,,
455,mcdonalds,cappuccino small,6,g,20,mg,80,g,9,g,6,g,3.5,g,0,g,0,g,9,g,,
456,mcdonalds,caramel cappuccino large,9,g,30,mg,470,g,55,g,11,g,5,g,0,g,0,g,50,g,,
457,mcdonalds,caramel cappuccino medium,6,g,20,mg,380,g,44,g,8,g,3.5,g,0,g,0,g,40,g,,
458,mcdonalds,caramel cappuccino small,5,g,15,mg,300,g,35,g,6,g,3,g,0,g,0,g,32,g,,
459,mcdonalds,caramel frappe large,27,g,95,mg,200,g,96,g,11,g,17,g,1,g,0,g,89,g,,
460,mcdonalds,caramel frappe medium,21,g,75,mg,150,g,72,g,8,g,13,g,1,g,0,g,67,g,,
461,mcdonalds,caramel frappe small,17,g,60,mg,125,g,60,g,7,g,11,g,1,g,0,g,55,g,,
462,mcdonalds,caramel latte large,12,g,40,mg,510,g,59,g,14,g,7,g,0,g,0,g,55,g,,
463,mcdonalds,caramel latte medium,10,g,30,mg,420,g,48,g,11,g,5,g,0,g,0,g,45,g,,
464,mcdonalds,caramel latte small,7,g,25,mg,330,g,38,g,8,g,4,g,0,g,0,g,35,g,,
465,mcdonalds,caramel macchiato large,12,g,35,mg,510,g,61,g,13,g,7,g,0,g,0,g,56,g,,
466,mcdonalds,caramel macchiato medium,9,g,30,mg,420,g,50,g,10,g,5,g,0,g,0,g,45,g,,
467,mcdonalds,caramel macchiato small,7,g,25,mg,340,g,41,g,8,g,4,g,0,g,0,g,37,g,,
468,mcdonalds,caramel mocha large,14,g,45,mg,320,g,62,g,12,g,8,g,0,g,0,g,56,g,,
469,mcdonalds,caramel mocha medium,12,g,35,mg,260,g,51,g,9,g,7,g,0,g,0,g,46,g,,
470,mcdonalds,caramel mocha small,10,g,30,mg,210,g,42,g,8,g,6,g,0,g,0,g,38,g,,
471,mcdonalds,cheeseburger,13,g,40,mg,720,g,32,g,15,g,6,g,0.5,g,2,g,7,g,,
472,mcdonalds,chicken mcnuggets 10 piece,25,g,65,mg,840,g,25,g,23,g,4,g,0,g,1,g,0,g,,
473,mcdonalds,chicken mcnuggets 20 piece,49,g,130,mg,1670,g,51,g,46,g,8,g,0,g,2,g,0,g,,
474,mcdonalds,chicken mcnuggets 4 piece,10,g,25,mg,330,g,10,g,9,g,1.5,g,0,g,0,g,0,g,,
475,mcdonalds,chicken mcnuggets 40 piece,99,g,255,mg,3350,g,102,g,92,g,16,g,0.5,g,4,g,0,g,,
476,mcdonalds,chicken mcnuggets 6 piece,15,g,40,mg,500,g,15,g,14,g,2.5,g,0,g,1,g,0,g,,
477,mcdonalds,chocolate chip cookie,8,g,10,mg,95,g,22,g,2,g,4,g,0,g,1,g,15,g,,
478,mcdonalds,chocolate shake large,21,g,80,mg,410,g,139,g,19,g,13,g,1,g,1,g,110,g,,
479,mcdonalds,chocolate shake medium,17,g,70,mg,310,g,104,g,14,g,11,g,1,g,1,g,89,g,,
480,mcdonalds,chocolate shake small,15,g,60,mg,260,g,87,g,12,g,9,g,0.5,g,1,g,74,g,,
481,mcdonalds,cinnamon roll,17,g,35,mg,490,g,92,g,9,g,8,g,0,g,8,g,46,g,,
482,mcdonalds,coca cola extra small,0,g,0,mg,30,g,28,g,0,g,0,g,0,g,0,g,28,g,,
483,mcdonalds,coca cola large,0,g,0,mg,80,g,77,g,0,g,0,g,0,g,0,g,77,g,,
484,mcdonalds,coca cola medium,0,g,0,mg,55,g,56,g,0,g,0,g,0,g,0,g,56,g,,
485,mcdonalds,coca cola small,0,g,0,mg,40,g,39,g,0,g,0,g,0,g,0,g,39,g,,
486,mcdonalds,crispy chicken sandwich,20,g,65,mg,1100,g,45,g,27,g,5,g,0,g,1,g,9,g,,
487,mcdonalds,deluxe crispy chicken sandwich,26,g,65,mg,1040,g,47,g,27,g,4,g,0,g,2,g,10,g,,
488,mcdonalds,diet coke extra small,0,g,0,mg,10,g,0,g,0,g,0,g,0,g,0,g,0,g,,
489,mcdonalds,diet coke large,0,g,0,mg,20,g,1,g,0,g,0,g,0,g,0,g,0,g,,
490,mcdonalds,diet coke medium,0,g,0,mg,15,g,0,g,0,g,0,g,0,g,0,g,0,g,,
491,mcdonalds,diet coke small,0,g,0,mg,10,g,0,g,0,g,0,g,0,g,0,g,0,g,,
492,mcdonalds,double cheeseburger,24,g,85,mg,1120,g,34,g,25,g,11,g,1.5,g,2,g,7,g,,
493,mcdonalds,double quarter pounder with cheese,42,g,165,mg,1360,g,43,g,48,g,20,g,2.5,g,2,g,10,g,,
494,mcdonalds,dr pepper extra small,0,g,0,mg,35,g,27,g,0,g,0,g,0,g,0,g,27,g,,
495,mcdonalds,dr pepper large,0,g,0,mg,90,g,75,g,0,g,0,g,0,g,1,g,73,g,,
496,mcdonalds,dr pepper medium,0,g,0,mg,65,g,54,g,0,g,0,g,0,g,1,g,53,g,,
497,mcdonalds,dr pepper small,0,g,0,mg,50,g,38,g,0,g,0,g,0,g,0,g,37,g,,
498,mcdonalds,egg mcmuffin,13,g,250,mg,770,g,30,g,17,g,6,g,0,g,2,g,3,g,,
499,mcdonalds,filet o fish sandwich,18,g,40,mg,580,g,39,g,16,g,4,g,0,g,2,g,5,g,,
500,mcdonalds,french vanilla cappuccino large,9,g,30,mg,120,g,47,g,10,g,5,g,0,g,0,g,46,g,,
501,mcdonalds,french vanilla cappuccino medium,6,g,20,mg,85,g,37,g,7,g,3.5,g,0,g,0,g,36,g,,
502,mcdonalds,french vanilla cappuccino small,5,g,15,mg,70,g,30,g,6,g,3,g,0,g,0,g,29,g,,
503,mcdonalds,french vanilla latte large,12,g,35,mg,160,g,51,g,12,g,7,g,0,g,0,g,50,g,,
504,mcdonalds,french vanilla latte medium,9,g,30,mg,125,g,42,g,10,g,5,g,0,g,0,g,41,g,,
505,mcdonalds,french vanilla latte small,7,g,20,mg,100,g,33,g,8,g,4,g,0,g,0,g,32,g,,
506,mcdonalds,fruit and maple oatmeal,4.5,g,5,mg,150,g,64,g,6,g,1.5,g,0,g,4,g,31,g,,
507,mcdonalds,hamburger,9,g,30,mg,510,g,31,g,12,g,3.5,g,0,g,1,g,6,g,,
508,mcdonalds,hash browns,8,g,0,mg,310,g,18,g,2,g,1,g,0,g,2,g,0,g,,
509,mcdonalds,honest kids appley ever after organic juice drink,0,g,0,mg,15,g,8,g,0,g,0,g,0,g,0,g,8,g,,
510,mcdonalds,hot n spicy mcchicken biscuit,20,g,35,mg,1130,g,45,g,14,g,9,g,0,g,2,g,2,g,,
511,mcdonalds,hot caramel sundae,7,g,30,mg,160,g,60,g,7,g,5,g,0,g,0,g,42,g,,
512,mcdonalds,hot chocolate large,20,g,60,mg,260,g,76,g,17,g,12,g,0.5,g,2,g,71,g,,
513,mcdonalds,hot chocolate medium,16,g,50,mg,210,g,63,g,14,g,10,g,0,g,2,g,58,g,,
514,mcdonalds,hot chocolate small,14,g,40,mg,170,g,52,g,11,g,8,g,0,g,1,g,48,g,,
515,mcdonalds,hot fudge sundae,10,g,25,mg,180,g,52,g,8,g,7,g,0,g,2,g,45,g,,
516,mcdonalds,hotcakes,15,g,45,mg,550,g,101,g,9,g,6,g,0,g,2,g,45,g,,
517,mcdonalds,hotcakes and sausage,33,g,75,mg,830,g,102,g,15,g,13,g,0,g,2,g,46,g,,
518,mcdonalds,iced caramel coffee large,9,g,35,mg,440,g,46,g,5,g,6,g,0,g,0,g,39,g,,
519,mcdonalds,iced caramel coffee medium,7,g,25,mg,300,g,31,g,4,g,4.5,g,0,g,0,g,26,g,,
520,mcdonalds,iced caramel coffee small,5,g,20,mg,220,g,23,g,3,g,3.5,g,0,g,0,g,20,g,,
521,mcdonalds,iced caramel latte large,9,g,30,mg,470,g,54,g,10,g,5,g,0,g,0,g,50,g,,
522,mcdonalds,iced caramel latte medium,8,g,25,mg,340,g,40,g,9,g,4.5,g,0,g,0,g,36,g,,
523,mcdonalds,iced caramel latte small,5,g,15,mg,250,g,28,g,6,g,3,g,0,g,0,g,26,g,,
524,mcdonalds,iced caramel macchiato large,10,g,30,mg,490,g,58,g,11,g,6,g,0,g,0,g,53,g,,
525,mcdonalds,iced caramel macchiato medium,10,g,30,mg,370,g,45,g,11,g,6,g,0,g,0,g,41,g,,
526,mcdonalds,iced caramel macchiato small,6,g,20,mg,260,g,32,g,6,g,3.5,g,0,g,0,g,29,g,,
527,mcdonalds,iced caramel mocha small,10,g,35,mg,170,g,36,g,6,g,6,g,0,g,0,g,31,g,,
528,mcdonalds,iced coffee large,9,g,35,mg,90,g,45,g,3,g,6,g,0,g,0,g,42,g,,
529,mcdonalds,iced coffee medium,7,g,25,mg,65,g,30,g,2,g,4.5,g,0,g,0,g,28,g,,
530,mcdonalds,iced coffee small,5,g,20,mg,50,g,24,g,2,g,3.5,g,0,g,0,g,22,g,,
531,mcdonalds,iced french vanilla coffee large,9,g,35,mg,90,g,38,g,4,g,6,g,0,g,0,g,34,g,,
532,mcdonalds,iced french vanilla coffee medium,7,g,25,mg,65,g,26,g,3,g,4.5,g,0,g,0,g,23,g,,
533,mcdonalds,iced french vanilla coffee small,5,g,20,mg,50,g,19,g,2,g,3.5,g,0,g,0,g,17,g,,
534,mcdonalds,iced french vanilla latte large,11,g,35,mg,160,g,53,g,12,g,6,g,0,g,1,g,50,g,,
535,mcdonalds,iced french vanilla latte medium,8,g,25,mg,105,g,36,g,8,g,4.5,g,0,g,0,g,34,g,,
536,mcdonalds,iced french vanilla latte small,6,g,20,mg,85,g,28,g,7,g,3.5,g,0,g,0,g,26,g,,
537,mcdonalds,iced latte large,9,g,30,mg,125,g,14,g,9,g,5,g,0,g,0,g,13,g,,
538,mcdonalds,iced latte medium,6,g,20,mg,90,g,10,g,6,g,3.5,g,0,g,0,g,9,g,,
539,mcdonalds,iced latte small,4.5,g,15,mg,65,g,7,g,4,g,2.5,g,0,g,0,g,7,g,,
540,mcdonalds,iced mocha large,15,g,45,mg,180,g,69,g,11,g,9,g,0,g,2,g,62,g,,
541,mcdonalds,iced mocha medium,11,g,35,mg,125,g,48,g,8,g,7,g,0,g,2,g,43,g,,
542,mcdonalds,iced mocha small,10,g,35,mg,110,g,39,g,7,g,6,g,0,g,1,g,35,g,,
543,mcdonalds,iced tea extra small,0,g,0,mg,10,g,0,g,1,g,0,g,0,g,0,g,0,g,,
544,mcdonalds,iced tea large,0,g,0,mg,20,g,0,g,1,g,0,g,0,g,0,g,0,g,,
545,mcdonalds,iced tea medium,0,g,0,mg,15,g,0,g,1,g,0,g,0,g,0,g,0,g,,
546,mcdonalds,iced tea small,0,g,0,mg,10,g,0,g,1,g,0,g,0,g,0,g,0,g,,
547,mcdonalds,kiddie cone ice cream,1,g,5,mg,20,g,8,g,1,g,0.5,g,0,g,0,g,5,g,,
548,mcdonalds,latte medium,10,g,30,mg,135,g,15,g,10,g,6,g,0,g,0,g,15,g,,
549,mcdonalds,latte small,8,g,25,mg,100,g,12,g,7,g,4.5,g,0,g,0,g,11,g,,
550,mcdonalds,low fat chocolate milk jug reduced sugar,2.5,g,10,mg,95,g,18,g,9,g,1.5,g,0,g,0,g,14,g,,
551,mcdonalds,mango pineapple smoothie small,0.5,g,5,mg,35,g,45,g,2,g,0,g,0,g,1,g,42,g,,
552,mcdonalds,mccafe pumpkin spice latte large,12,g,35,mg,180,g,55,g,13,g,7,g,0,g,0,g,54,g,,
553,mcdonalds,mccafe pumpkin spice latte medium,10,g,30,mg,150,g,45,g,10,g,5,g,0,g,0,g,44,g,,
554,mcdonalds,mccafe pumpkin spice latte small,7,g,20,mg,115,g,36,g,8,g,4,g,0,g,0,g,35,g,,
555,mcdonalds,mcchicken sandwich,21,g,40,mg,560,g,39,g,14,g,3.5,g,0,g,1,g,5,g,,
556,mcdonalds,mcdouble,20,g,70,mg,920,g,33,g,22,g,9,g,1,g,2,g,7,g,,
557,mcdonalds,mcflurry with mandms candies regular size,21,g,45,mg,200,g,96,g,13,g,14,g,0.5,g,2,g,83,g,,
558,mcdonalds,mcflurry with mandms candies snack size,14,g,30,mg,130,g,64,g,9,g,9,g,0,g,1,g,55,g,,
559,mcdonalds,mcflurry with oreo cookies regular size,16,g,40,mg,260,g,80,g,12,g,8,g,0.5,g,1,g,60,g,,
560,mcdonalds,mcflurry with oreo cookies snack size,11,g,25,mg,170,g,53,g,8,g,5,g,0,g,1,g,40,g,,
561,mcdonalds,minute maid blue raspberry slushie large,0,g,0,mg,40,g,92,g,0,g,0,g,0,g,0,g,91,g,,
562,mcdonalds,minute maid blue raspberry slushie medium,0,g,0,mg,25,g,66,g,0,g,0,g,0,g,0,g,65,g,,
563,mcdonalds,minute maid blue raspberry slushie small,0,g,0,mg,20,g,51,g,0,g,0,g,0,g,0,g,51,g,,
564,mcdonalds,minute maid fruit punch slushie large,0,g,0,mg,40,g,80,g,0,g,0,g,0,g,0,g,79,g,,
565,mcdonalds,minute maid fruit punch slushie medium,0,g,0,mg,30,g,58,g,0,g,0,g,0,g,0,g,57,g,,
566,mcdonalds,minute maid fruit punch slushie small,0,g,0,mg,20,g,45,g,0,g,0,g,0,g,0,g,45,g,,
567,mcdonalds,minute maid pink lemonade slushie large,0,g,0,mg,40,g,95,g,0,g,0,g,0,g,0,g,93,g,,
568,mcdonalds,minute maid pink lemonade slushie medium,0,g,0,mg,30,g,68,g,0,g,0,g,0,g,0,g,66,g,,
569,mcdonalds,minute maid pink lemonade slushie small,0,g,0,mg,20,g,53,g,0,g,0,g,0,g,0,g,51,g,,
570,mcdonalds,minute maid premium orange juice large,0,g,0,mg,5,g,65,g,4,g,0,g,0,g,0,g,58,g,,
571,mcdonalds,minute maid premium orange juice medium,0,g,0,mg,0,g,45,g,3,g,0,g,0,g,0,g,41,g,,
572,mcdonalds,minute maid premium orange juice small,0,g,0,mg,0,g,36,g,2,g,0,g,0,g,0,g,32,g,,
573,mcdonalds,mocha frappe large,26,g,90,mg,200,g,98,g,11,g,17,g,1,g,1,g,89,g,,
574,mcdonalds,mocha frappe medium,20,g,70,mg,150,g,73,g,8,g,13,g,1,g,1,g,66,g,,
575,mcdonalds,mocha frappe small,17,g,60,mg,120,g,60,g,7,g,11,g,0.5,g,1,g,54,g,,
576,mcdonalds,mocha latte large,16,g,45,mg,200,g,70,g,13,g,9,g,0,g,2,g,64,g,,
577,mcdonalds,mocha latte medium,12,g,35,mg,160,g,57,g,10,g,7,g,0,g,2,g,52,g,,
578,mcdonalds,mocha small,10,g,30,mg,120,g,46,g,7,g,6,g,0,g,2,g,42,g,,
579,mcdonalds,oreo shamrock mcflurry regular size,16,g,40,mg,260,g,92,g,12,g,8,g,0.5,g,1,g,68,g,,
580,mcdonalds,oreo shamrock mcflurry snack size,11,g,25,mg,170,g,59,g,8,g,5,g,0,g,1,g,44,g,,
581,mcdonalds,premium roast coffee large,0,g,0,mg,30,g,2,g,2,g,0,g,0,g,0,g,0,g,,
582,mcdonalds,premium roast coffee medium,0,g,0,mg,25,g,2,g,2,g,0,g,0,g,0,g,0,g,,
583,mcdonalds,premium roast coffee small,0,g,0,mg,20,g,1,g,2,g,0,g,0,g,0,g,0,g,,
584,mcdonalds,quarter pounder with cheese,26,g,95,mg,1140,g,42,g,30,g,12,g,1.5,g,2,g,10,g,,
585,mcdonalds,quarter pounder with cheese bacon,35,g,115,mg,1470,g,43,g,36,g,15,g,1.5,g,3,g,10,g,,
586,mcdonalds,quarter pounder with cheese deluxe,37,g,105,mg,1210,g,44,g,30,g,14,g,1.5,g,3,g,11,g,,
587,mcdonalds,sausage biscuit,30,g,40,mg,1050,g,36,g,11,g,13,g,0,g,2,g,3,g,,
588,mcdonalds,sausage biscuit with egg,34,g,205,mg,1140,g,38,g,17,g,15,g,0,g,2,g,3,g,,
589,mcdonalds,sausage burrito,17,g,170,mg,800,g,25,g,13,g,7,g,0,g,1,g,2,g,,
590,mcdonalds,sausage mcgriddles,24,g,35,mg,990,g,41,g,11,g,9,g,0,g,2,g,14,g,,
591,mcdonalds,sausage mcmuffin,26,g,55,mg,760,g,29,g,14,g,10,g,0.5,g,2,g,2,g,,
592,mcdonalds,sausage mcmuffin with egg,31,g,280,mg,830,g,30,g,20,g,12,g,0.5,g,2,g,2,g,,
593,mcdonalds,sausage egg and cheese mcgriddles,33,g,235,mg,1290,g,44,g,19,g,13,g,0,g,2,g,15,g,,
594,mcdonalds,spicy chicken mcnuggets 20 piece,55,g,150,mg,1810,g,40,g,48,g,10,g,0,g,1,g,2,g,,
595,mcdonalds,spicy chicken mcnuggets 40 piece,110,g,300,mg,3630,g,81,g,96,g,20,g,0.5,g,3,g,3,g,,
596,mcdonalds,spicy chicken mcnuggets 6 piece,16,g,45,mg,540,g,12,g,14,g,3,g,0,g,0,g,0,g,,
597,mcdonalds,spicy chicken mcnuggets10 piece,27,g,75,mg,910,g,20,g,24,g,5,g,0,g,1,g,1,g,,
598,mcdonalds,spicy crispy chicken sandwich,26,g,65,mg,1230,g,47,g,27,g,4,g,0,g,1,g,9,g,,
599,mcdonalds,sprite extra small,0,g,0,mg,50,g,27,g,0,g,0,g,0,g,0,g,27,g,,
600,mcdonalds,sprite large,0,g,0,mg,130,g,69,g,0,g,0,g,0,g,0,g,69,g,,
601,mcdonalds,sprite medium,0,g,0,mg,95,g,51,g,0,g,0,g,0,g,0,g,51,g,,
602,mcdonalds,sprite small,0,g,0,mg,65,g,35,g,0,g,0,g,0,g,0,g,35,g,,
603,mcdonalds,strawberry banana smoothie large,1,g,5,mg,70,g,76,g,4,g,0.5,g,0,g,4,g,68,g,,
604,mcdonalds,strawberry banana smoothie small,0.5,g,5,mg,40,g,44,g,2,g,0,g,0,g,2,g,39,g,,
605,mcdonalds,strawberry shake large,21,g,85,mg,310,g,130,g,19,g,14,g,1,g,0,g,109,g,,
606,mcdonalds,strawberry shake medium,16,g,65,mg,220,g,95,g,14,g,11,g,0.5,g,0,g,80,g,,
607,mcdonalds,strawberry shake small,14,g,55,mg,190,g,80,g,11,g,9,g,0.5,g,0,g,68,g,,
608,mcdonalds,sweet tea extra small,0,g,0,mg,10,g,15,g,0,g,0,g,0,g,0,g,15,g,,
609,mcdonalds,sweet tea large,0,g,0,mg,25,g,38,g,1,g,0,g,0,g,0,g,38,g,,
610,mcdonalds,sweet tea medium,0,g,0,mg,20,g,28,g,0,g,0,g,0,g,0,g,28,g,,
611,mcdonalds,sweet tea small,0,g,0,mg,15,g,21,g,0,g,0,g,0,g,0,g,21,g,,
612,mcdonalds,vanilla cone,5,g,20,mg,80,g,32,g,5,g,3,g,0,g,0,g,23,g,,
613,mcdonalds,vanilla shake large,21,g,80,mg,260,g,101,g,18,g,13,g,1,g,0,g,83,g,,
614,mcdonalds,vanilla shake medium,16,g,65,mg,190,g,74,g,13,g,10,g,0.5,g,0,g,61,g,,
615,mcdonalds,vanilla shake small,13,g,55,mg,220,g,79,g,11,g,9,g,0.5,g,0,g,55,g,,
616,mcdonalds,world famous fries kids,5,g,0,mg,90,g,15,g,2,g,0.5,g,0,g,1,g,0,g,,
617,mcdonalds,world famous fries large,23,g,0,mg,400,g,66,g,7,g,3,g,0,g,6,g,0,g,,
618,mcdonalds,world famous fries medium,15,g,0,mg,260,g,43,g,5,g,2,g,0,g,4,g,0,g,,
619,mcdonalds,world famous fries small,10,g,0,mg,180,g,29,g,3,g,1.5,g,0,g,3,g,0,g,,
620,www.menuwithnutrition.com,mcdonalds menu,,,,,,,,,,,,,,,,,,,,
621,mcdonalds canada,mccafe blueberry cream cheese danish,13,g,35,mg,340,g,42,g,6,g,8,g,0.5,g,2,g,13,g,,
622,mcdonalds canada,mccafe fruit and fibre muffin,14,g,0,mg,460,g,60,g,6,g,1.5,g,0,g,7,g,28,g,,
623,mcdonalds canada,mccafe blueberry muffin,16,g,0,mg,350,g,66,g,7,g,1.5,g,0,g,3,g,31,g,,
624,mcdonalds canada,mccafe carrot muffin,16,g,0,mg,330,g,65,g,6,g,1.5,g,0,g,3,g,35,g,,
625,mcdonalds canada,mccafe chocolate chunk brownie,15,g,45,mg,110,g,42,g,4,g,6,g,0.2,g,2,g,28,g,,
626,mcdonalds canada,mccafe french croissant,13,g,45,mg,270,g,28,g,5,g,9,g,0.4,g,1,g,3,g,,
627,mcdonalds canada,mccafe cranberry orange muffin,8,g,0,mg,420,g,67,g,6,g,1.5,g,0,g,3,g,34,g,,
628,mcdonalds canada,mccafe strawberry cream cheese danish,19,g,55,mg,280,g,48,g,6,g,12,g,1,g,2,g,17,g,,
629,mcdonalds canada,mccafe red velvet rmhc cookie,7,g,10,mg,85,g,22,g,2,g,4,g,0,g,1,g,14,g,,
630,mcdonalds canada,mccafe banana chocolate chunk muffin,13,g,0,mg,450,g,73,g,7,g,2,g,0,g,3,g,40,g,,
631,mcdonalds canada,mccafe chocolate hazelnut croissant,19,g,45,mg,260,g,42,g,7,g,10,g,0.4,g,2,g,14,g,,
632,mcdonalds canada,mccafe salted caramel apple danish,17,g,40,mg,380,g,46,g,7,g,11,g,1,g,2,g,11,g,,
633,mcdonalds canada,mccafe oatmeal raisin cookie,5,g,5,mg,125,g,22,g,2,g,2.5,g,0,g,1,g,11,g,,
634,mcdonalds canada,mccafe mini chocolatine,5,g,20,mg,140,g,16,g,2,g,3,g,0.3,g,1,g,6,g,,
635,mcdonalds canada,mccafe chocolate hazelnut muffin,19,g,0,mg,500,g,75,g,8,g,3.5,g,0.1,g,4,g,41,g,,
636,mcdonalds canada,mccafe chocolate chunk rmhc cookie,8,g,10,mg,90,g,21,g,2,g,3.5,g,0,g,1,g,14,g,,
637,mcdonalds canada,mccafe chewy oatmeal caramel rmhc cookie,9,g,5,mg,160,g,20,g,2,g,4.5,g,0.1,g,1,g,12,g,,
638,mcdonalds canada,mccafe festive ginger rmhc cookie,6,g,5,mg,210,g,22,g,1,g,2.5,g,0,g,0,g,12,g,,
639,mcdonalds canada,mccafe vanilla chai tea iced frappe,24,g,95,mg,200,g,81,g,9,g,15,g,1,g,0,g,79,g,,
640,mcdonalds canada,fruitopia strawberry passion awareness medium,0,g,0,mg,60,g,48,g,0,g,0,g,0,g,0,g,45,g,,
641,mcdonalds canada,minute maid orange juice medium,0,g,0,mg,5,g,54.9,g,0,g,0,g,0,g,0,g,48.4,g,,
642,mcdonalds canada,chocolate triple thick milkshake,14,g,55,mg,400,g,98,g,11,g,8,g,0.3,g,1,g,79,g,,
643,mcdonalds canada,mccafe sugar free vanilla iced coffee,6,g,20,mg,45,g,4,g,1,g,3.5,g,0.2,g,0,g,1,g,,
644,mcdonalds canada,mccafe caramel iced coffee,6.3,g,21,mg,63,g,15.4,g,2.1,g,3.5,g,0.2,g,0,g,14.7,g,,
645,mcdonalds canada,mccafe vanilla iced coffee medium,9,g,30,mg,50,g,16,g,2,g,6,g,0.3,g,0,g,16,g,,
646,mcdonalds canada,mccafe blueberry pomegranate real fruit smoothie without yogurt medium and large size,0,g,0,mg,30,g,65,g,1,g,0,g,0,g,4,g,58,g,,
647,mcdonalds canada,nestea iced tea,0,g,0,mg,30,g,21,g,0,g,0,g,0,g,0,g,21,g,,
648,mcdonalds canada,mccafe strawberry mango pineapple smoothie without yogurt,0,g,3,mg,13,g,33.9,g,1,g,0,g,0,g,1,g,29.8,g,,
649,mcdonalds canada,vanilla triple thick milkshake,13,g,55,mg,330,g,94,g,11,g,8,g,0.3,g,0,g,66,g,,
650,mcdonalds canada,fruitopia orange groove medium,0,g,0,mg,55,g,48,g,0.1,g,0,g,0,g,0,g,23,g,,
651,mcdonalds canada,minute maid apple juice medium,0,g,0,mg,35,g,40,g,1,g,0,g,0,g,0,g,37,g,,
652,mcdonalds canada,strawberry triple thick milkshake,13,g,55,mg,330,g,94,g,11,g,8,g,0.3,g,0,g,77,g,,
653,mcdonalds canada,mccafe vanilla iced coffee large,11,g,40,mg,65,g,21,g,2,g,7,g,0.4,g,0,g,21,g,,
654,mcdonalds canada,mccafe sugar free vanilla latte with 2 milk,4.5,g,20,mg,125,g,15,g,8,g,2.5,g,0.1,g,0,g,10,g,,
655,mcdonalds canada,mccafe mango pineapple real fruit smoothie with yogurt,0,g,5,mg,20,g,32,g,1,g,0,g,0,g,1,g,28,g,,
656,mcdonalds canada,mccafe premium roast brewed iced coffee medium,8,g,25,mg,45,g,22,g,2,g,4.5,g,0.3,g,0,g,22,g,,
657,mcdonalds canada,mccafe strawberry banana smoothie without yogurt large,0,g,5,mg,30,g,79,g,2,g,0,g,0,g,2,g,66,g,,
658,mcdonalds canada,mccafe mango pineapple real fruit smoothie without yogurt,0,g,0,mg,10,g,35,g,1,g,0,g,0,g,2,g,31,g,,
659,mcdonalds canada,mccafe sugar free vanilla cappuccino with skim milk,0,g,0,mg,210,g,26,g,12,g,0,g,0,g,0,g,16,g,,
660,mcdonalds canada,mccafe strawberry banana real fruit smoothie with yogurt,0,g,0,mg,20,g,28,g,2,g,0,g,0,g,1,g,23,g,,
661,mcdonalds canada,shamrock milkshake,14,g,55,mg,330,g,89,g,11,g,8,g,0.3,g,0,g,74,g,,
662,mcdonalds canada,mccafe strawberry banana smoothie without yogurt,0,g,0,mg,15,g,31,g,1,g,0,g,0,g,1,g,26,g,,
663,mcdonalds canada,mccafe sugar free vanilla latte with skim milk small,0,g,0,mg,130,g,16,g,8,g,0,g,0,g,2,g,10,g,,
664,mcdonalds canada,mccafe double espresso,0,g,0,mg,10,g,0,g,0,g,0,g,0,g,0,g,0,g,,
665,mcdonalds canada,mccafe coffee large,0,g,0,mg,10,g,0,g,1,g,0,g,0,g,0,g,0,g,,
666,mcdonalds canada,mccafe caramel latte with skim milk,1,g,3,mg,143,g,27.8,g,8.1,g,0.7,g,0,g,0,g,27.1,g,,
667,mcdonalds canada,mccafe premium roast brewed coffee,0,g,0,mg,4,g,0,g,0.4,g,0,g,0,g,0,g,0,g,,
668,mcdonalds canada,mccafe blueberry pomegranate real fruit smoothie with yogurt,0,g,5,mg,25,g,31,g,1,g,0,g,0,g,2,g,27,g,,
669,mcdonalds canada,mccafe french vanilla cappuccino with skim milk,0,g,0,mg,100,g,13,g,6,g,0,g,0,g,0,g,7,g,,
670,mcdonalds canada,1 partly skimmed milk,2.5,g,10,mg,120,g,12,g,9,g,1.5,g,0,g,0,g,12,g,,
671,mcdonalds canada,higgins and burke hot chocolate,9,g,30,mg,250,g,26,g,4,g,6,g,0.3,g,0,g,23,g,,
672,mcdonalds canada,mccafe latte with skim milk,0,g,0,mg,109,g,10.9,g,7.5,g,0,g,0,g,0,g,10.2,g,,
673,mcdonalds canada,mccafe mocha with skim milk,3.5,g,10,mg,180,g,38,g,9,g,2,g,0.1,g,2,g,36,g,,
674,mcdonalds canada,mccafe deluxe hot chocolate with 2 milk,8.1,g,34,mg,190,g,38.7,g,10.2,g,4.8,g,0.3,g,1.4,g,37.3,g,,
675,mcdonalds canada,mccafe vanilla iced coffee small,6,g,20,mg,35,g,11,g,1,g,3.5,g,0.2,g,0,g,10,g,,
676,mcdonalds canada,mccafe espresso,0,g,0,mg,4,g,0,g,0,g,0,g,0,g,0,g,0,g,,
677,mcdonalds canada,mccafe premium tea,0,g,0,mg,3,g,0,g,0,g,0,g,0,g,0,g,0,g,,
678,mcdonalds canada,mccafe caramel cappuccino with 2 milk,4.1,g,17,mg,122,g,25.1,g,6.8,g,2.4,g,0.1,g,0,g,25.8,g,,
679,mcdonalds canada,mccafe cappuccino with 2 milk large,7,g,30,mg,160,g,15,g,12,g,4,g,0.2,g,0,g,16,g,,
680,mcdonalds canada,mccafe coffee small,0,g,0,mg,5,g,0,g,0.4,g,0,g,0,g,0,g,0,g,,
681,mcdonalds canada,mccafe cappuccino with skim milk,0,g,0,mg,81,g,8.1,g,6.1,g,0,g,0,g,0,g,7.5,g,,
682,mcdonalds canada,mccafe sugar free vanilla cappuccino with 2 milk,3,g,15,mg,100,g,13,g,6,g,2,g,0.1,g,0,g,7,g,,
683,mcdonalds canada,mccafe cappuccino with 2 milk small and medium,3,g,15,mg,75,g,7,g,6,g,2,g,0.1,g,0,g,7,g,,
684,mcdonalds canada,mccafe french vanilla cappuccino with 2 milk,1.4,g,0,mg,109,g,27.1,g,6.8,g,1,g,0,g,0,g,26.5,g,,
685,mcdonalds canada,mccafe sugar free vanilla latte with 2 milk small,4.5,g,20,mg,125,g,15,g,8,g,2.5,g,0.1,g,0,g,10,g,,
686,mcdonalds canada,mccafe blueberry pomegranate real fruit smoothie without yogurt snack and small size,0,g,0,mg,15,g,32,g,1,g,0,g,0,g,2,g,29,g,,
687,mcdonalds canada,mccafe latte with 2 milk,4.8,g,20,mg,102,g,9.5,g,7.5,g,2.4,g,0.1,g,0,g,10.2,g,,
688,mcdonalds canada,mccafe french vanilla latte with 2 milk,5.4,g,20,mg,122,g,27.8,g,8.1,g,3.4,g,0.1,g,0,g,27.8,g,,
689,mcdonalds canada,mccafe americano,0,g,0,mg,4,g,1,g,0,g,0,g,0,g,0,g,0,g,,
690,mcdonalds canada,mccafe deluxe hot chocolate with skim milk,3.4,g,10,mg,197,g,39.4,g,10.2,g,2,g,0.1,g,1.4,g,37.3,g,,
691,mcdonalds canada,mccafe french vanilla latte with skim milk,1.4,g,0,mg,122,g,29.2,g,8.1,g,1,g,0,g,0,g,27.8,g,,
692,mcdonalds canada,mccafe mocha with 2 milk,8,g,30,mg,180,g,37,g,9,g,4.5,g,0.2,g,2,g,36,g,,
693,mcdonalds canada,mccafe caramel cappuccino with skim milk,1,g,3,mg,122,g,25.8,g,6.8,g,0.7,g,0,g,0,g,25.8,g,,
694,mcdonalds canada,mccafe caramel latte with 2 milk,4.8,g,20,mg,136,g,27.1,g,8.1,g,2.7,g,0.1,g,0,g,27.1,g,,
695,mcdonalds canada,bacon n egg mcmuffin sandwich,14,g,200,mg,680,g,29,g,16,g,6,g,0.2,g,2,g,2,g,,
696,mcdonalds canada,egg blt on plain bagel,27,g,235,mg,860,g,57,g,23,g,10,g,0.3,g,3,g,10,g,,
697,mcdonalds canada,chicken mcmuffin,18,g,45,mg,710,g,35,g,15,g,5,g,0.2,g,3,g,2,g,,
698,mcdonalds canada,chicken mcgriddles,13,g,25,mg,1020,g,49,g,12,g,4,g,0.1,g,2,g,14,g,,
699,mcdonalds canada,sausage n egg mcmuffin,25,g,225,mg,850,g,31,g,20,g,11,g,0.3,g,2,g,2,g,,
700,mcdonalds canada,hash browns,10,g,0,mg,360,g,16,g,1,g,1.5,g,0,g,2,g,0,g,,
701,mcdonalds canada,egg mcmuffin,11,g,200,mg,760,g,29,g,16,g,5,g,0.2,g,2,g,3,g,,
702,mcdonalds canada,sausage mcmuffin,20,g,50,mg,790,g,31,g,14,g,9,g,0.3,g,2,g,2,g,,
703,mcdonalds canada,bacon egg and cheese mcgriddles,17,g,195,mg,1180,g,44,g,16,g,7,g,0.2,g,2,g,15,g,,
704,mcdonalds canada,english muffin with butter,4,g,10,mg,280,g,27,g,5,g,2,g,0.1,g,2,g,2,g,,
705,mcdonalds canada,egg blt on everything bagel,29,g,235,mg,820,g,55,g,23,g,10,g,0.3,g,3,g,8,g,,
706,mcdonalds canada,sausage egg and cheese mcgriddles,28,g,220,mg,1350,g,47,g,20,g,12,g,0.3,g,2,g,15,g,,
707,mcdonalds canada,egg blt on multigrain bagel,30,g,235,mg,850,g,56,g,24,g,10,g,0.3,g,8,g,10,g,,
708,mcdonalds canada,everything bagel with herb and garlic cream cheese,13,g,30,mg,470,g,55,g,13,g,7,g,0.4,g,3,g,9,g,,
709,mcdonalds canada,hotcakes with syrup and butter,16,g,45,mg,660,g,93,g,8,g,6,g,0.2,g,3,g,46,g,,
710,mcdonalds canada,cinnamon and raisin bagel with regular cream cheese,11,g,30,mg,540,g,59,g,12,g,7,g,0.4,g,4,g,12,g,,
711,mcdonalds canada,everything bagel with butter,9,g,20,mg,340,g,52,g,10,g,4.5,g,0.2,g,3,g,6,g,,
712,mcdonalds canada,sesame bagel with butter,9,g,20,mg,380,g,54,g,10,g,4.5,g,0.2,g,3,g,7,g,,
713,mcdonalds canada,bacon n egg on cinnamon and raisin bagel,24,g,240,mg,1040,g,59,g,25,g,11,g,0.4,g,4,g,11,g,,
714,mcdonalds canada,breakfast burrito,14,g,165,mg,580,g,24,g,14,g,6,g,0.2,g,4,g,1,g,,
715,mcdonalds canada,egg blt on cinnamon and raisin bagel,28,g,235,mg,900,g,59,g,22,g,10,g,0.3,g,5,g,11,g,,
716,mcdonalds canada,multigrain bagel with herb and garlic cream cheese,14,g,30,mg,500,g,57,g,14,g,7,g,0.4,g,8,g,11,g,,
717,mcdonalds canada,bacon n egg on everything bagel,25,g,240,mg,960,g,55,g,26,g,11,g,0.4,g,3,g,7,g,,
718,mcdonalds canada,multigrain bagel with butter,10,g,20,mg,370,g,54,g,11,g,4.5,g,0.2,g,8,g,8,g,,
719,mcdonalds canada,bacon n egg on plain bagel,23,g,240,mg,990,g,57,g,25,g,11,g,0.4,g,3,g,9,g,,
720,mcdonalds canada,sausage mcgriddles,20,g,30,mg,1100,g,45,g,11,g,8,g,0.2,g,2,g,14,g,,
721,mcdonalds canada,egg blt on sesame seed bagel,21.5,g,180,mg,659,g,43.7,g,17.6,g,7.7,g,0.2,g,2.3,g,6.9,g,,
722,mcdonalds canada,cinnamon and raisin bagel with herb and garlic cream cheese,11,g,30,mg,560,g,59,g,12,g,7,g,0.4,g,4,g,12,g,,
723,mcdonalds canada,sausage n egg on everything bagel,32,g,250,mg,930,g,57,g,26,g,14,g,0.5,g,3,g,7,g,,
724,mcdonalds canada,plain bagel with butter,7,g,20,mg,370,g,54,g,10,g,4.5,g,0.2,g,3,g,8,g,,
725,mcdonalds canada,big breakfast,38,g,445,mg,1120,g,49,g,24,g,12,g,0.5,g,3,g,2,g,,
726,mcdonalds canada,multigrain bagel with regular cream cheese,13,g,30,mg,480,g,57,g,14,g,7,g,0.4,g,8,g,11,g,,
727,mcdonalds canada,sesame bagel with regular cream cheese,11,g,30,mg,500,g,57,g,13,g,6,g,0.4,g,3,g,10,g,,
728,mcdonalds canada,sausage n egg on plain bagel,30,g,250,mg,960,g,59,g,25,g,14,g,0.5,g,3,g,9,g,,
729,mcdonalds canada,plain bagel with herb and garlic cream cheese,10,g,30,mg,510,g,58,g,12,g,6,g,0.4,g,3,g,11,g,,
730,mcdonalds canada,sausage n egg on multigrain bagel,33,g,250,mg,950,g,58,g,27,g,14,g,0.5,g,8,g,9,g,,
731,mcdonalds canada,sausage n egg on sesame seed bagel,31,g,250,mg,970,g,59,g,26,g,14,g,0.5,g,3,g,8,g,,
732,mcdonalds canada,sesame bagel with herb and garlic cream cheese,12,g,30,mg,510,g,58,g,13,g,7,g,0.4,g,3,g,10,g,,
733,mcdonalds canada,bacon n egg on sesame bagel,25,g,240,mg,1000,g,57,g,26,g,11,g,0.4,g,3,g,9,g,,
734,mcdonalds canada,traditional breakfast with white toast quebec,25,g,395,mg,1010,g,34,g,26,g,10,g,0.2,g,1,g,3,g,,
735,mcdonalds canada,cinnamon and raisin bagel with butter,8,g,20,mg,420,g,56,g,9,g,5,g,0.2,g,4,g,9,g,,
736,mcdonalds canada,plain bagel with regular cream cheese,10,g,30,mg,490,g,58,g,12,g,6,g,0.4,g,3,g,11,g,,
737,mcdonalds canada,sausage n egg on cinnamon raisin bagel,31,g,250,mg,1010,g,61,g,25,g,14,g,0.5,g,4,g,10,g,,
738,mcdonalds canada,everything bagel with regular cream cheese,12,g,30,mg,460,g,55,g,13,g,7,g,0.4,g,3,g,9,g,,
739,mcdonalds canada,bacon n egg on multigrain bagel,26,g,240,mg,990,g,56,g,27,g,11,g,0.4,g,8,g,9,g,,
740,mcdonalds canada,chicken mcnuggets,10,g,30,mg,600,g,19,g,11,g,1.5,g,0,g,0,g,8,g,,
741,mcdonalds canada,chicken mcnuggets sweet and sour sauce,0,g,0,mg,150,g,12,g,0.1,g,0,g,0,g,0,g,10,g,,
742,mcdonalds canada,mcchicken sauce,11,g,10,mg,80,g,1,g,0.2,g,1.5,g,0,g,0,g,0,g,,
743,mcdonalds canada,chicken mcnuggets barbeque sauce,0,g,0,mg,300,g,9,g,0.3,g,0,g,0,g,0,g,8,g,,
744,mcdonalds canada,chicken mcnuggets hot mustard sauce,2,g,4,mg,230,g,9,g,1,g,0.3,g,0,g,1,g,7,g,,
745,mcdonalds canada,salsa sauce,0,g,0,mg,115,g,1,g,0.2,g,0,g,0,g,0,g,1,g,,
746,mcdonalds canada,becel margarine,7,g,25,mg,55,g,0,g,0,g,4.5,g,0.2,g,0,g,0,g,,
747,mcdonalds canada,strawberry jam,0,g,0,mg,0,g,12,g,0,g,0,g,0,g,0,g,12,g,,
748,mcdonalds canada,peanut butter,10,g,0,mg,85,g,4,g,4,g,2,g,0,g,1,g,1,g,,
749,mcdonalds canada,honey,0,g,0,mg,1,g,12,g,0,g,0,g,0,g,0,g,11,g,,
750,mcdonalds canada,pure kraft asiago caesar dressing,22,g,15,mg,260,g,2,g,1,g,2.5,g,0.2,g,0,g,1,g,,
751,mcdonalds canada,ketchup,0,g,0,mg,75,g,3,g,0,g,0,g,0,g,0,g,2,g,,
752,mcdonalds canada,pure kraft greek feta dressing,14,g,0,mg,310,g,3,g,1,g,1.5,g,0,g,0,g,2,g,,
753,mcdonalds canada,hotcake syrup,0,g,0,mg,0,g,33,g,0,g,0,g,0,g,0,g,31,g,,
754,mcdonalds canada,granulated peanuts,3.5,g,0,mg,55,g,2,g,2,g,0,g,0,g,1,g,0,g,,
755,mcdonalds canada,vinegar,0,g,0,mg,0,g,0,g,0,g,0,g,0,g,0,g,0,g,,
756,mcdonalds canada,pure kraft sweet balsamic vinaigrette dressing,8,g,0,mg,250,g,12,g,0.1,g,1,g,0,g,0,g,11,g,,
757,mcdonalds canada,maple brown sugar,0,g,0,mg,0,g,14,g,0,g,0,g,0,g,0,g,14,g,,
758,mcdonalds canada,skor mcflurry,13,g,40,mg,230,g,57,g,7,g,8,g,0.5,g,1,g,49,g,,
759,mcdonalds canada,mandms mcflurry,13,g,30,mg,190,g,66,g,8,g,8,g,0.3,g,1,g,57,g,,
760,mcdonalds canada,chocolate birthday cake,8,g,25,mg,160,g,33,g,2,g,1.5,g,0,g,1,g,26,g,,
761,mcdonalds canada,baked apple pie,14,g,0,mg,180,g,34,g,3,g,7,g,0.1,g,1,g,12,g,,
762,mcdonalds canada,oreo mcflurry regular,19,g,40,mg,410,g,90,g,11,g,12,g,0.4,g,1,g,68,g,,
763,mcdonalds canada,cinnamon melts,20,g,25,mg,400,g,66,g,6,g,8,g,0.2,g,3,g,19,g,,
764,mcdonalds canada,oreo mcflurry snack,11,g,25,mg,230,g,54,g,7,g,7,g,0.3,g,1,g,42,g,,
765,mcdonalds canada,vanilla birthday cake,7,g,25,mg,125,g,35,g,2,g,1,g,0,g,0,g,26,g,,
766,mcdonalds canada,hot fudge sundae,10,g,25,mg,230,g,55,g,7,g,8,g,0.2,g,2,g,48,g,,
767,mcdonalds canada,mccafe oatmeal chocolate chip muffin,12,g,0,mg,450,g,68,g,7,g,2,g,0.1,g,3,g,37,g,,
768,mcdonalds canada,chocolate fudge cookie,8,g,10,mg,105,g,21,g,2,g,4,g,0,g,1,g,14,g,,
769,mcdonalds canada,hopt caramel sundae,7,g,30,mg,210,g,63,g,6,g,4.5,g,0.3,g,0,g,44,g,,
770,mcdonalds canada,poutine,33,g,60,mg,3250,g,101,g,20,g,12,g,1,g,4,g,9,g,,
771,mcdonalds canada,french fries,11,g,0,mg,180,g,31,g,3,g,1.5,g,0,g,23,g,0,g,,
772,mcdonalds canada,vanilla ice cream cone,6,g,25,mg,150,g,40,g,6,g,4,g,0.2,g,0,g,30,g,,
773,mcdonalds canada,cadbury creme egg mcflurry,14,g,35,mg,180,g,67,g,8,g,9,g,0.3,g,0,g,56,g,,
774,mcdonalds canada,strawberry yogurt tube,0,g,0,mg,10,g,4,g,1,g,0,g,0,g,0,g,3,g,,
775,mcdonalds canada,hotcakes without syrup or butter,9,g,20,mg,600,g,60,g,8,g,1.5,g,0,g,3,g,14,g,,
776,mcdonalds canada,pure kraft sesame dressing,7,g,0,mg,280,g,9,g,0.5,g,0.5,g,0,g,0,g,9,g,,
777,mcdonalds canada,greek feta salad with grilled chicken and asiago caesar salad dressing,32,g,110,mg,980,g,26,g,34,g,6,g,0.4,g,4,g,5,g,,
778,mcdonalds canada,caesar bacon salad with crispy chicken without dressing,29,g,110,mg,1070,g,30,g,30,g,9,g,0.3,g,3,g,2,g,,
779,mcdonalds canada,garden fresh side salad,0,g,0,mg,10,g,3,g,1,g,0,g,0,g,1,g,1,g,,
780,mcdonalds canada,caesar bacon salad with grilled chicken and asiago caesar dressisng,41,g,150,mg,1260,g,16,g,36,g,10,g,0.4,g,3,g,3,g,,
781,mcdonalds canada,greek feta salad with crispy chicken without dressing,21,g,70,mg,790,g,39,g,27,g,5,g,0.3,g,5,g,4,g,,
782,mcdonalds canada,caesar side salad with asiago caesar dressing,30,g,40,mg,670,g,14,g,7,g,5,g,0.3,g,2,g,2,g,,
783,mcdonalds canada,junior chicken sandwich,20,g,35,mg,550,g,36,g,13,g,3.5,g,0.2,g,2,g,5,g,,
784,mcdonalds canada,big mac,31,g,70,mg,980,g,47,g,24,g,10,g,0.5,g,3,g,8,g,,
785,mcdonalds canada,mcchicken sandwich,27,g,45,mg,640,g,45,g,16,g,4.5,g,0.2,g,3,g,6,g,,
786,mcdonalds canada,spicy habanero mcchicken sandwich,25,g,45,mg,680,g,45,g,16,g,4.5,g,0.2,g,3,g,7,g,,
787,mcdonalds canada,quarter pounder with cheese,27,g,85,mg,1080,g,42,g,10,g,13,g,1,g,3,g,10,g,,
788,mcdonalds canada,filet o fish sandwich,21,g,40,mg,560,g,40,g,14,g,4,g,0.2,g,1,g,5,g,,
789,mcdonalds canada,double big mac,43,g,115,mg,1030,g,49,g,38,g,15,g,1,g,3,g,8,g,,
790,mcdonalds canada,mcdouble,17,g,60,mg,860,g,34,g,21,g,8,g,0.5,g,2,g,7,g,,
791,mcdonalds canada,quarter pounder without cheese,20,g,60,mg,660,g,40,g,24,g,8,g,0.5,g,2,g,9,g,,
792,mcdonalds canada,blt with grilled chicken sandwich,25,g,140,mg,1100,g,44,g,38,g,7,g,0.2,g,2,g,7,g,,
793,mcdonalds canada,quarter pounder blt burger,35,g,95,mg,1120,g,43,g,31,g,13,g,1,g,3,g,11,g,,
794,mcdonalds canada,double quarter pounder with cheese,43,g,145,mg,1220,g,43,g,47,g,20,g,1.5,g,3,g,10,g,,
795,mcdonalds canada,double filet o fish sandwich,29,g,75,mg,810,g,53,g,23,g,6,g,0.3,g,1,g,5,g,,
796,mcdonalds canada,crispy chicken snack wrap,13,g,30,mg,350,g,29,g,14,g,2.5,g,0.1,g,4,g,1,g,1,g
797,mcdonalds canada,hamburger,8,g,25,mg,490,g,32,g,12,g,3,g,0.2,g,2,g,7,g,,
798,mcdonalds canada,cheeseburger,11,g,35,mg,680,g,33,g,15,g,5,g,0.4,g,2,g,7,g,,
799,mcdonalds canada,big mac with bacon,37,g,85,mg,1230,g,48,g,28,g,12,g,0.5,g,3,g,9,g,,
800,mcdonalds canada,mighty angus original burger,42,g,145,mg,1230,g,52,g,42,g,16,g,1.5,g,3,g,12,g,,
801,mcdonalds canada,double quarter pounder without cheese,37,g,125,mg,840,g,40,g,42,g,16,g,1.5,g,3,g,9,g,,
802,mcdonalds canada,maple and cheddar sandwich with grilled chicken,21,g,135,mg,960,g,52,g,37,g,8,g,0.4,g,3,g,10,g,,
803,mcdonalds canada,double cheeseburger,21,g,70,mg,1030,g,34,g,24,g,10,g,0.5,g,2,g,7,g,,
804,mcdonalds canada,mexican chipotle burger,22,g,40,mg,470,g,34,g,14,g,6,g,0.4,g,2,g,4,g,,
805,mcdonalds canada,bacon and cheddar angus burger,40,g,155,mg,1320,g,49,g,46,g,18,g,1.5,g,3,g,10,g,,
806,mcdonalds canada,thai sweet chili chicken sandwich,15,g,30,mg,650,g,45,g,13,g,2.5,g,0.1,g,3,g,10,g,,
807,mcdonalds canada,blt with crispy chicken sandwich,36,g,115,mg,1180,g,60,g,32,g,8,g,0.3,g,3,g,7,g,,
808,mcdonalds canada,maple and cheddar sandwich with crispy chicken,32,g,110,mg,1040,g,67,g,31,g,9,g,0.5,g,4,g,10,g,,
809,mcdonalds canada,chicken mcnugget spicy habanero dipping sauce,11,g,10,mg,140,g,2,g,0.3,g,1.5,g,0,g,0,g,1,g,,
810,mcdonalds canada,spicy buffalo sauce,3,g,0,mg,510,g,1,g,0.1,g,0,g,0,g,0,g,0,g,,
811,mcdonalds canada,apple slices,0,g,0,mg,5,g,10,g,0.1,g,0,g,0,g,2,g,8,g,,
812,mcdonalds canada,banana chocolate chunk muffin,13,g,0,mg,450,g,73,g,7,g,2,g,0,g,3,g,40,g,,
813,mcdonalds canada,ranch chicken snack wrap with crispy chicken,13,g,35,mg,480,g,31,g,16,g,3.5,g,0.2,g,4,g,2,g,,
814,mcdonalds canada,caesar mcwrap with grilled chicken,16,g,100,mg,890,g,36,g,36,g,5,g,0.2,g,6,g,3,g,,
815,mcdonalds canada,chicken and bacon mcwrap with grilled chicken,21,g,100,mg,790,g,34,g,35,g,6,g,0.3,g,6,g,3,g,,
816,mcdonalds canada,caesar mcwrap with crispy chicken,27,g,75,mg,960,g,52,g,30,g,7,g,0.3,g,7,g,3,g,,
817,mcdonalds canada,ranch chicken snack wrap with grilled chicken,8,g,50,mg,440,g,23,g,19,g,3,g,0.1,g,4,g,2,g,,
818,mcdonalds canada,chicken and bacon mcwrap with crispy chicken,32,g,75,mg,860,g,50,g,29,g,7,g,0.4,g,7,g,3,g,,
819,mcdonalds mccafe,apple fritter,29,g,0,mg,360,g,56,g,5,g,9,g,0,g,2,g,25,g,,
820,mcdonalds mccafe,cinnamon roll,17,g,35,mg,490,g,92,g,9,g,8,g,0,g,8,g,46,g,,
821,mcdonalds mccafe,blueberry muffin,21,g,45,mg,360,g,65,g,6,g,3.5,g,0,g,2,g,35,g,,
822,mcdonalds mccafe,caramel frappe with whipped cream and caramel drizzle medium,21,g,75,mg,150,g,72,g,8,g,13,g,1,g,0,g,67,g,,
823,mcdonalds mccafe,strawberry banana smoothie,0.5,g,3,mg,38,g,41.4,g,2.2,g,0.3,g,0,g,2.2,g,37.1,g,,
824,mcdonalds mccafe,mocha frappe with whipped cream and chocolate drizzle medium,20,g,70,mg,150,g,73,g,8,g,13,g,1,g,1,g,66,g,,
825,mcdonalds mccafe,latte with whole milk without sugar medium,10,g,30,mg,135,g,15,g,10,g,6,g,0,g,0,g,15,g,,
826,mcdonalds mccafe,mocha frappe with whipped cream and chocolate drizzle small,17,g,60,mg,120,g,60,g,7,g,11,g,0.5,g,1,g,54,g,,
827,mcdonalds mccafe,iced latte with whole milk large,9,g,30,mg,125,g,14,g,9,g,5,g,0,g,0,g,13,g,,
828,mcdonalds mccafe,mango pineapple smoothie,0.5,g,3,mg,33,g,42.5,g,2.2,g,0.3,g,0,g,1.1,g,39.3,g,,
829,mcdonalds mccafe,caramel frappe with whipped cream and caramel drizzle large,27,g,95,mg,200,g,96,g,11,g,17,g,1,g,0,g,89,g,,
830,mcdonalds mccafe,iced coffee with light cream and liquid sugar small,5,g,20,mg,50,g,24,g,2,g,3.5,g,0,g,0,g,22,g,,
831,mcdonalds mccafe,caramel frappe with whipped cream and caramel drizzle small,17,g,60,mg,125,g,60,g,7,g,11,g,1,g,0,g,55,g,,
832,mcdonalds mccafe,iced french vanilla coffee with light cream and french vanilla syrup large,9,g,35,mg,90,g,38,g,4,g,6,g,0,g,0,g,34,g,,
833,mcdonalds mccafe,iced mocha with whole milk whipped light cream and chocolate drizzle small,10,g,35,mg,110,g,39,g,7,g,6,g,0,g,1,g,35,g,,
834,mcdonalds mccafe,latte with whole milk without sugar large,13,g,40,mg,180,g,20,g,13,g,8,g,0,g,0,g,19,g,,
835,mcdonalds mccafe,cappuccino with whole milk small,6,g,20,mg,80,g,9,g,6,g,3.5,g,0,g,0,g,9,g,,
836,mcdonalds mccafe,french vanilla latte with whole milk large,12,g,35,mg,160,g,51,g,12,g,7,g,0,g,0,g,50,g,,
837,mcdonalds mccafe,caramel latte with whole milk small,7,g,25,mg,330,g,38,g,8,g,4,g,0,g,0,g,35,g,,
838,mcdonalds mccafe,iced caramel macchiato with whole milk medium,10,g,30,mg,370,g,45,g,11,g,6,g,0,g,0,g,41,g,,
839,mcdonalds mccafe,caramel macchiato with whole milk medium,9,g,30,mg,420,g,50,g,10,g,5,g,0,g,0,g,45,g,,
840,mcdonalds mccafe,iced caramel macchiato with nonfat milk small,0,g,5,mg,260,g,32,g,7,g,0,g,0,g,0,g,29,g,,
841,mcdonalds mccafe,caramel macchiato with whole milk large,12,g,35,mg,510,g,61,g,13,g,7,g,0,g,0,g,56,g,,
842,mcdonalds mccafe,latte with nonfat milk without sugar medium,0,g,5,mg,130,g,16,g,11,g,0,g,0,g,0,g,15,g,,
843,mcdonalds mccafe,iced caramel latte with whole milk medium,8,g,25,mg,340,g,40,g,9,g,4.5,g,0,g,7,g,36,g,,
844,mcdonalds mccafe,hot chocolate with whole milk whipped light cream and chocolate drizzle medium,16,g,50,mg,210,g,63,g,14,g,10,g,0,g,2,g,58,g,,
845,mcdonalds mccafe,iced latte with nonfat milk small,0,g,5,mg,60,g,7,g,5,g,0,g,0,g,0,g,7,g,,
846,mcdonalds mccafe,iced french vanilla coffee with light cream and french vanilla syrup medium,7,g,25,mg,65,g,26,g,3,g,4.5,g,0,g,0,g,23,g,,
847,mcdonalds mccafe,premium roast coffee all sizes,0,g,0,mg,25,g,0,g,0,g,0,g,0,g,0,g,0,g,,
848,mcdonalds mccafe,iced caramel macchiato with nonfat milk medium,0,g,10,mg,490,g,59,g,12,g,0,g,0,g,0,g,53,g,,
849,mcdonalds mccafe,french vanilla latte with whole milk medium,9,g,30,mg,125,g,42,g,10,g,5,g,0,g,0,g,41,g,,
850,mcdonalds mccafe,iced coffee with light cream and liquid sugar large,9,g,35,mg,90,g,45,g,3,g,6,g,0,g,0,g,42,g,,
851,mcdonalds mccafe,iced caramel macchiato with whole milk large,10,g,30,mg,490,g,58,g,11,g,6,g,0,g,0,g,53,g,,
852,mcdonalds mccafe,iced french vanilla latte with whole milk medium,8,g,25,mg,105,g,36,g,8,g,4.5,g,0,g,0,g,34,g,,
853,mcdonalds mccafe,iced caramel coffee with light cream and caramel syrup large,9,g,35,mg,440,g,46,g,5,g,6,g,0,g,0,g,39,g,,
854,mcdonalds mccafe,americano medium and large,0,g,0,mg,15,g,1,g,0,g,0,g,0,g,0,g,0,g,,
855,mcdonalds mccafe,iced french vanilla latte with whole milk large,11,g,35,mg,160,g,53,g,12,g,6,g,0,g,1,g,50,g,,
856,mcdonalds mccafe,iced caramel macchiato with whole milk small,6,g,20,mg,260,g,32,g,6,g,3.5,g,0,g,0,g,29,g,,
857,mcdonalds mccafe,caramel macchiato with whole milk small,7,g,25,mg,340,g,41,g,8,g,4,g,0,g,0,g,37,g,,
858,mcdonalds mccafe,iced coffee with light cream and liquid sugar medium,7,g,25,mg,65,g,30,g,2,g,4.5,g,0,g,0,g,28,g,,
859,mcdonalds mccafe,iced caramel coffee with light cream and caramel syrup medium,7,g,25,mg,300,g,31,g,4,g,4.5,g,0,g,0,g,26,g,,
860,mcdonalds mccafe,latte with nonfat milk without sugar large,0,g,10,mg,170,g,21,g,14,g,0,g,0,g,0,g,20,g,,
861,mcdonalds mccafe,iced french vanilla coffee with light cream and french vanilla syrup small,5,g,20,mg,50,g,19,g,2,g,3.5,g,0,g,0,g,17,g,,
862,mcdonalds mccafe,french vanilla cappuccino with whole milk large,9,g,30,mg,120,g,47,g,10,g,5,g,0,g,0,g,45,g,,
863,mcdonalds mccafe,iced latte with nonfat milk medium,0,g,5,mg,85,g,10,g,7,g,0,g,0,g,0,g,9,g,,
864,mcdonalds mccafe,mocha frappe with whipped light cream and chocolate drizzle large,26,g,90,mg,200,g,98,g,11,g,17,g,1,g,1,g,89,g,,
865,mcdonalds mccafe,latte with whole milk without sugar small,8,g,25,mg,100,g,12,g,7,g,4.5,g,0,g,0,g,11,g,,
866,mcdonalds mccafe,hot chocolate with whole milk whipped light cream and chocolate drizzle small,14,g,40,mg,170,g,52,g,11,g,8,g,0,g,1,g,48,g,,
867,mcdonalds mccafe,iced latte with whole milk medium,6,g,20,mg,90,g,10,g,6,g,3.5,g,0,g,0,g,9,g,,
868,mcdonalds mccafe,iced mocha with nonfat milk whipped light cream and chocolate drizzle medium,5,g,20,mg,125,g,49,g,8,g,3.5,g,0,g,2,g,44,g,,
869,mcdonalds mccafe,cappuccino with whole milk large,11,g,35,mg,140,g,17,g,11,g,6,g,0,g,0,g,16,g,,
870,mcdonalds mccafe,mocha latte with nonfat milk whipped light cream and chocolate drizzle medium,4,g,15,mg,150,g,58,g,10,g,2.5,g,0,g,2,g,53,g,,
871,mcdonalds mccafe,iced latte with nonfat milk large,0,g,5,mg,125,g,14,g,10,g,0,g,0,g,0,g,14,g,,
872,mcdonalds mccafe,hot chocolate with whole milk whipped light cream and chocolate drizzle large,20,g,60,mg,260,g,76,g,17,g,12,g,0.5,g,2,g,71,g,,
873,mcdonalds mccafe,caramel cappuccino with whole milk medium,6,g,20,mg,380,g,44,g,8,g,3.5,g,0,g,0,g,40,g,,
874,mcdonalds mccafe,iced caramel latte with whole milk small,5,g,15,mg,250,g,28,g,6,g,3,g,0,g,0,g,26,g,,
875,mcdonalds mccafe,caramel cappuccino with whole milk large,9,g,30,mg,470,g,55,g,11,g,5,g,0,g,0,g,50,g,,
876,mcdonalds mccafe,latte with nonfat milk without sugar small,0,g,5,mg,100,g,12,g,8,g,0,g,0,g,0,g,11,g,,
877,mcdonalds mccafe,mocha latte with whole milk whipped light cream and chocolate drizzle large,16,g,45,mg,200,g,70,g,13,g,9,g,0,g,2,g,64,g,,
878,mcdonalds mccafe,caramel mocha with nonfat milk whipped light cream and caramel drizzle large,3.5,g,15,mg,320,g,62,g,13,g,2,g,0,g,0,g,56,g,,
879,mcdonalds mccafe,caramel latte with whole milk medium,10,g,30,mg,420,g,48,g,11,g,5,g,0,g,0,g,45,g,,
880,mcdonalds mccafe,iced mocha with whole milk whipped light cream and chocolate drizzle large,15,g,45,mg,180,g,69,g,11,g,9,g,0,g,2,g,62,g,,
881,mcdonalds mccafe,hot chocolate with nonfat milk whipped light cream and chocolate drizzle medium,4,g,15,mg,200,g,63,g,14,g,2.5,g,0,g,2,g,59,g,,
882,mcdonalds mccafe,iced caramel coffee with light cream and caramel syrup small,5,g,20,mg,220,g,23,g,3,g,3.5,g,0,g,0,g,20,g,,
883,mcdonalds mccafe,cappuccino with whole milk medium,8,g,25,mg,110,g,13,g,8,g,5,g,0,g,0,g,12,g,,
884,mcdonalds mccafe,french vanilla cappuccino with whole milk medium,6,g,20,mg,85,g,37,g,7,g,3.5,g,0,g,0,g,36,g,,
885,mcdonalds mccafe,iced french vanilla latte with whole milk small,6,g,20,mg,85,g,28,g,7,g,3.5,g,0,g,0,g,26,g,,
886,mcdonalds mccafe,americano small,0,g,0,mg,0,g,0,g,0,g,0,g,0,g,0,g,0,g,,
887,mcdonalds mccafe,mocha latte with nonfat milk whipped light cream and chocolate drizzle large,4,g,15,mg,200,g,70,g,14,g,2.5,g,0,g,2,g,65,g,,
888,mcdonalds mccafe,mocha with whole milk whipped light cream and chocolate drizzle medium,12,g,35,mg,150,g,57,g,10,g,7,g,0,g,2,g,52,g,,
889,mcdonalds mccafe,caramel latte with whole milk large,12,g,40,mg,510,g,59,g,14,g,7,g,0,g,0,g,55,g,,
890,mcdonalds mccafe,caramel mocha with nonfat milk whipped light cream and caramel drizzle small,3,g,15,mg,210,g,43,g,8,g,2,g,0,g,0,g,38,g,,
891,mcdonalds mccafe,iced caramel mocha with whole milk whipped light cream and caramel drizzle medium,11,g,35,mg,210,g,43,g,7,g,6,g,0,g,0,g,38,g,,
892,mcdonalds mccafe,hot chocolate with nonfat milk whipped light cream and chocolate drizzle small,3.5,g,15,mg,170,g,52,g,12,g,2.5,g,0,g,1,g,48,g,,
893,mcdonalds mccafe,hot chocolate with nonfat milk whipped light cream and chocolate drizzle small,3.5,g,15,mg,170,g,52,g,12,g,2.5,g,0,g,1,g,48,g,,
894,mcdonalds mccafe,iced caramel mocha with nonfat milk whipped light cream and caramel drizzle small,4.5,g,20,mg,170,g,36,g,7,g,3,g,0,g,0,g,32,g,,
895,mcdonalds mccafe,caramel macchiato with nonfat milk small,0,g,5,mg,410,g,41,g,9,g,0,g,0,g,0,g,37,g,,
896,mcdonalds mccafe,caramel mocha with whole milk whipped light cream and caramel drizzle large,14,g,45,mg,320,g,62,g,12,g,8,g,0,g,0,g,56,g,,
897,mcdonalds mccafe,iced latte with whole milk small,4,g,15,mg,65,g,7,g,7,g,2.5,g,0,g,0,g,7,g,,
898,mcdonalds mccafe,iced caramel mocha with whole milk whipped light cream and caramel drizzle large,14,g,45,mg,300,g,60,g,10,g,8,g,0,g,0,g,54,g,,
899,mcdonalds mccafe,iced caramel macchiato with nonfat milk large,0,g,10,mg,490,g,59,g,12,g,0,g,0,g,0,g,53,g,,
900,mcdonalds mccafe,french vanilla cappuccino with whole milk small,5,g,15,mg,70,g,30,g,6,g,3,g,0,g,0,g,29,g,,
901,mcdonalds mccafe,iced mocha with nonfat milk whipped light cream and chocolate drizzle large,6,g,20,mg,180,g,69,g,12,g,3.5,g,0,g,2,g,63,g,,
902,mcdonalds mccafe,caramel macchiato with nonfat milk medium,0,g,5,mg,410,g,51,g,11,g,0,g,0,g,0,g,46,g,,
903,mcdonalds mccafe,iced caramel latte with whole milk large,9,g,30,mg,470,g,54,g,10,g,5,g,0,g,0,g,50,g,,
904,mcdonalds mccafe,iced mocha with nonfat milk whipped light cream and chocolate drizzle small,5,g,20,mg,110,g,40,g,7,g,3,g,0,g,1,g,35,g,,
905,mcdonalds mccafe,french vanilla latte with whole milk small,7,g,20,mg,100,g,33,g,8,g,4,g,0,g,0,g,32,g,,
906,mcdonalds mccafe,caramel mocha with whole milk whipped light cream and caramel drizzle medium,12,g,35,mg,260,g,51,g,9,g,7,g,0,g,0,g,46,g,,
907,mcdonalds mccafe,caramel mocha with whole milk whipped light cream and caramel drizzle small,10,g,30,mg,210,g,42,g,8,g,6,g,0,g,0,g,38,g,,
908,mcdonalds mccafe,iced mocha with whole milk whipped light cream and chocolate drizzle medium,11,g,35,mg,125,g,48,g,8,g,7,g,0,g,2,g,43,g,,
909,mcdonalds mccafe,iced caramel mocha with whole milk whipped light cream and caramel drizzle small,10,g,35,mg,170,g,36,g,6,g,6,g,0,g,0,g,31,g,,
910,mcdonalds mccafe,caramel cappuccino with whole milk small,5,g,15,mg,300,g,35,g,6,g,3,g,0,g,0,g,32,g,,
911,mcdonalds mccafe,caramel mocha with nonfat milk whipped light cream and caramel drizzle medium,3,g,15,mg,250,g,51,g,10,g,2,g,0,g,0,g,46,g,,
912,mellow mushroom,hot wings,17,g,140,mg,1470,g,10,g,27,g,5,g,0,g,0,g,0,g,,
913,mellow mushroom,pretzel bites with beer cheese dip,37,g,75,mg,2850,g,148,g,41,g,17,g,0,g,1,g,11,g,,
914,mellow mushroom,meatball trio,22,g,85,mg,710,g,11,g,24,g,11,g,0,g,0,g,3,g,,
915,mellow mushroom,pretzel with butter and parmesan without dipping sauce,14,g,15,mg,1950,g,144,g,30,g,4.5,g,0,g,0,g,12,g,,
916,mellow mushroom,magic mushroom soup,24,g,65,mg,1040,g,15,g,18,g,13,g,0,g,5,g,3,g,,
917,mellow mushroom,spinach artichoke dip,47,g,120,mg,1580,g,67,g,30,g,26,g,0.5,g,1,g,5,g,,
918,mellow mushroom,sweet thai chili wings,33,g,285,mg,3000,g,60,g,55,g,10,g,0,g,0,g,46,g,,
919,mellow mushroom,bruschetta,24,g,35,mg,910,g,24,g,10,g,9,g,0,g,3,g,16,g,,
920,mellow mushroom,stuffed portobello,19,g,55,mg,1010,g,14,g,13,g,12,g,0,g,5,g,6,g,,
921,mellow mushroom,jerk wings,17,g,140,mg,1000,g,1,g,27,g,5,g,0,g,0,g,2,g,,
922,mellow mushroom,hummus with pita appetizer,25,g,0,mg,1420,g,127,g,26,g,1,g,0,g,5,g,9,g,,
923,mellow mushroom,pretzel with butter and salt without dipping sauce,12,g,90,mg,7530,g,144,g,27,g,3,g,0,g,0,g,12,g,,
924,mellow mushroom,hummus with veggies,25,g,0,mg,1160,g,69,g,10,g,1,g,0,g,5,g,13,g,,
925,mellow mushroom,mild wings,57,g,285,mg,4500,g,23,g,58,g,15,g,0,g,3,g,6,g,,
926,mellow mushroom,garlic bread,25,g,60,mg,930,g,55,g,12,g,14,g,0,g,5,g,6,g,,
927,mellow mushroom,cheese bread,42,g,100,mg,1610,g,84,g,41,g,24,g,1,g,0,g,8,g,,
928,mellow mushroom,pesto cheese bread,68,g,110,mg,1820,g,87,g,44,g,29,g,1,g,0,g,8,g,,
929,mellow mushroom,bbq wings,35,g,285,mg,2650,g,41,g,55,g,10,g,0,g,1,g,27,g,,
930,mellow mushroom,pretzel bites with red sauce,17,g,20,mg,2190,g,152,g,32,g,5,g,0,g,1,g,17,g,,
931,mellow mushroom,southwest vegetable soup with chix,19,g,75,mg,1780,g,17,g,27,g,4.5,g,0,g,2,g,5,g,,
932,mellow mushroom,pretzel with cinnamon and honey,6,g,0,mg,1420,g,202,g,24,g,1,g,0,g,3,g,84,g,,
933,mellow mushroom,muffuletta cheese bread,59,g,90,mg,2270,g,55,g,25,g,23,g,0,g,2,g,2,g,,
934,mellow mushroom,turbo dog beer cheese soup,31,g,80,mg,900,g,13,g,18,g,17,g,0,g,3,g,0,g,,
935,mellow mushroom,tomato bisque,22,g,55,mg,1200,g,18,g,8,g,12,g,0,g,1,g,10,g,,
936,mellow mushroom,roasted red potatoes,3,g,0,mg,220,g,27,g,3,g,0,g,0,g,3,g,2,g,,
937,mellow mushroom,tortilla soup with chix,27,g,60,mg,1590,g,18,g,18,g,10,g,0,g,4,g,6,g,,
938,mellow mushroom,tortilla soup,26,g,45,mg,1520,g,36,g,13,g,10,g,0,g,4,g,6,g,,
939,mellow mushroom,southwest vegetable soup,18,g,15,mg,1400,g,16,g,9,g,4.5,g,0,g,2,g,5,g,,
940,mellow mushroom,pepperoni cheese bread,55,g,135,mg,2110,g,84,g,48,g,29,g,0,g,0,g,8,g,,
941,mellow mushroom,the capri,40,g,55,mg,1620,g,29,g,31,g,16,g,0,g,3,g,20,g,,
942,mellow mushroom,pita,3,g,0,mg,520,g,41,g,7,g,0,g,0,g,2,g,2,g,,
943,mellow mushroom,sweetened iced tea,0,g,0,mg,15,g,55,g,0,g,0,g,0,g,0,g,55,g,,
944,mellow mushroom,milk 2,5,g,20,mg,135,g,13,g,8,g,3,g,0,g,0,g,12,g,,
945,mellow mushroom,chocolate milk 1,3,g,5,mg,200,g,24,g,9,g,1.5,g,0,g,1,g,22,g,,
946,mellow mushroom,chocolate chunk cookie sundae,53,g,105,mg,620,g,120,g,10,g,28,g,0,g,0,g,83,g,,
947,mellow mushroom,mary janes triple chocolate brownie,31,g,100,mg,270,g,64,g,5,g,156,g,0,g,3,g,46,g,,
948,mellow mushroom,peanut butter house baked cookies,32,g,35,mg,580,g,65,g,10,g,9,g,0,g,3,g,39,g,,
949,mellow mushroom,half baked brownie supreme,48,g,150,mg,330,g,83,g,9,g,26,g,0,g,3,g,64,g,,
950,mellow mushroom,chocolate chunk house baked cookies,29,g,40,mg,530,g,83,g,6,g,12,g,0,g,3,g,49,g,,
951,mellow mushroom,peanut butter cookie sundae,56,g,10,mg,670,g,102,g,14,g,25,g,0,g,0,g,73,g,,
952,mellow mushroom,oatmeal raisin cookie sundae,41,g,105,mg,470,g,112,g,11,g,22,g,0,g,4,g,60,g,,
953,mellow mushroom,key lime pie,12,g,25,mg,45,g,0,g,6,g,6,g,0,g,0,g,38,g,,
954,mellow mushroom,oatmeal raisin house baked cookies,17,g,40,mg,380,g,75,g,7,g,6,g,0,g,4,g,26,g,,
955,mellow mushroom,kids french bread pepperoni pizza,17,g,40,mg,990,g,42,g,23,g,8,g,0,g,0,g,5,g,,
956,mellow mushroom,kids mac and cheese,13,g,40,mg,580,g,14,g,9,g,7,g,0,g,0,g,1,g,,
957,mellow mushroom,kids french bread pizza,11,g,25,mg,740,g,42,g,20,g,5,g,0,g,0,g,5,g,,
958,mellow mushroom,kids meatball app,11,g,40,mg,490,g,9,g,12,g,4.5,g,0,g,0,g,4,g,,
959,mellow mushroom,kids apple,0,g,0,mg,0,g,24,g,0,g,0,g,0,g,4,g,18,g,,
960,mellow mushroom,cheese pizza small,7,g,10,mg,670,g,38,g,14,g,3,g,0,g,0,g,4,g,,
961,mellow mushroom,holy shiitake pie pizza small,19,g,15,mg,700,g,37,g,14,g,5,g,0,g,0,g,3,g,,
962,mellow mushroom,veg out pizza small,8,g,10,mg,700,g,39,g,15,g,3,g,0,g,0,g,5,g,,
963,mellow mushroom,mighty meaty pizza small,16,g,30,mg,1040,g,38,g,23,g,5,g,0,g,0,g,4,g,,
964,mellow mushroom,great white pizza small,16,g,20,mg,750,g,39,g,16,g,6,g,0,g,0,g,4,g,,
965,mellow mushroom,great white pizza gluten free,9,g,20,mg,330,g,15,g,6,g,3.5,g,0,g,0,g,0,g,,
966,mellow mushroom,mega veggie pizza small,9,g,20,mg,790,g,40,g,15,g,4.5,g,0,g,3,g,7,g,,
967,mellow mushroom,cheese calzone,40,g,95,mg,2780,g,144,g,61,g,20,g,0,g,7,g,11,g,,
968,mellow mushroom,kosmic karma pizza small,12,g,15,mg,770,g,39,g,15,g,4.5,g,0,g,0,g,4,g,,
969,mellow mushroom,buffalo chicken pizza small,20,g,30,mg,1190,g,38,g,21,g,6,g,0,g,0,g,3,g,,
970,mellow mushroom,holy shiitake pie pizza large,26,g,30,mg,890,g,46,g,20,g,8,g,0,g,0,g,4,g,,
971,mellow mushroom,cheese pizza large,10,g,15,mg,850,g,46,g,19,g,5,g,0,g,0,g,4,g,,
972,mellow mushroom,maui wowie pizza large,23,g,45,mg,1140,g,51,g,25,g,9,g,0,g,2,g,8,g,,
973,mellow mushroom,pacific rim pizza small,10,g,10,mg,970,g,41,g,17,g,4.5,g,0,g,0,g,6,g,,
974,mellow mushroom,veg out pizza gluten free,5,g,10,mg,290,g,15,g,5,g,1.5,g,0,g,0,g,1,g,,
975,mellow mushroom,house special pizza small,14,g,25,mg,950,g,40,g,20,g,4.5,g,0,g,0,g,5,g,,
976,mellow mushroom,mighty meaty pizza medium,20,g,50,mg,1270,g,43,g,31,g,8,g,0,g,0,g,4,g,,
977,mellow mushroom,funky q chicken pizza small,11,g,30,mg,1000,g,42,g,21,g,6,g,0,g,0,g,7,g,,
978,mellow mushroom,maui wowie pizza small,16,g,35,mg,830,g,36,g,18,g,6,g,0,g,0.5,g,6,g,,
979,mellow mushroom,mighty meaty pizza large,21,g,50,mg,1340,g,46,g,30,g,9,g,0,g,0,g,4,g,,
980,mellow mushroom,veg out pizza large,11,g,15,mg,900,g,48,g,19,g,5,g,0,g,0.5,g,5,g,,
981,mellow mushroom,kosmic karma pizza gluten free,8,g,15,mg,340,g,15,g,6,g,2.5,g,0,g,0,g,0.5,g,,
982,mellow mushroom,veggie supreme calzone,41,g,95,mg,2850,g,151,g,66,g,20,g,0,g,10,g,14,g,,
983,mellow mushroom,house special pizza large,19,g,40,mg,1230,g,48,g,27,g,8,g,0,g,0.5,g,5,g,,
984,mellow mushroom,holy shiitake pie pizza medium,25,g,30,mg,840,g,43,g,17,g,7,g,0,g,0,g,4,g,,
985,mellow mushroom,thai dye pie pizza small,10,g,25,mg,700,g,39,g,15,g,4,g,0,g,1,g,7,g,,
986,mellow mushroom,great white pizza medium,20,g,35,mg,910,g,46,g,20,g,9,g,0,g,0.5,g,4,g,,
987,mellow mushroom,steak and cheese calzone,48,g,140,mg,2840,g,152,g,82,g,23,g,0,g,9,g,15,g,,
988,mellow mushroom,pacific rim pizza medium,13,g,25,mg,1160,g,47,g,23,g,6,g,0,g,0,g,8,g,,
989,mellow mushroom,great white pizza large,22,g,35,mg,1000,g,49,g,22,g,9,g,0,g,1,g,4,g,,
990,mellow mushroom,red skin potato pie pizza medium,26,g,45,mg,980,g,49,g,21,g,10,g,0,g,2,g,6,g,,
991,mellow mushroom,gourmet white pizza small,11,g,20,mg,620,g,36,g,13,g,5,g,0,g,2,g,5,g,,
992,mellow mushroom,kosmic karma pizza large,15,g,20,mg,1010,g,49,g,21,g,7,g,0,g,1,g,4,g,,
993,mellow mushroom,funky q chicken pizza medium,15,g,50,mg,1240,g,48,g,26,g,7,g,0,g,0,g,9,g,,
994,mellow mushroom,buffalo chicken pizza medium,25,g,55,mg,1500,g,44,g,28,g,8,g,0,g,0,g,4,g,,
995,mellow mushroom,veg out pizza medium,10,g,15,mg,820,g,45,g,18,g,4.5,g,0,g,0.5,g,5,g,,
996,mellow mushroom,cheese pizza medium,9,g,15,mg,780,g,43,g,18,g,4.5,g,0,g,0,g,4,g,,
997,mellow mushroom,the sausagefest calzone,50,g,195,mg,3740,g,152,g,87,g,22,g,0,g,7,g,11,g,,
998,mellow mushroom,kosmic karma pizza medium,16,g,20,mg,930,g,45,g,20,g,7,g,0,g,0.5,g,4,g,,
999,mellow mushroom,buffalo chicken pizza large,28,g,50,mg,1610,g,48,g,28,g,9,g,0,g,0,g,4,g,,
