,Restaurant Name,Food Name,Total Fat Amount,Total Fat Unit,Cholesterol Amount,Cholesterol Unit,Sodium Amount,Sodium Unit,Total Carbohydrate Amount,Total Carbohydrate Unit,Protein Amount,Protein Unit,Saturated Fat Amount,Saturated Fat Unit,Trans Fat Amount,Trans Fat Unit,Dietary Fiber Amount,Dietary Fiber Unit,Sugars Amount,Sugars Unit
0,mountain mikes pizza,sunflower seeds,10.4,g,0,mg,0,g,6.6,g,5.7,g,1.9,g,0,g,2.8,g,0,g
1,mountain mikes pizza,strawberry parfait,0.5,g,0,mg,18,g,4.9,g,0.5,g,0.5,g,0,g,0,g,4.9,g
2,mountain mikes pizza,california raisins,0,g,0,mg,7,g,22,g,0.7,g,0,g,0,g,1.4,g,20.6,g
3,mountain mikes pizza,garbanzo beans,0.6,g,0,mg,75,g,4.3,g,1.1,g,0.1,g,0,g,1.8,g,0,g
4,mountain mikes pizza,pepperoncini,0,g,0,mg,360,g,1,g,0,g,0,g,0,g,1,g,0,g
5,mountain mikes pizza,green beans,0,g,0,mg,0,g,1.7,g,0.7,g,0,g,0,g,0.7,g,0.7,g
6,mountain mikes pizza,cucumbers,0.0001,g,0,mg,0.0001,g,0.6,g,0.2,g,0,g,0,g,0.2,g,0.4,g
7,mountain mikes pizza,raspberry parfait,0.5,g,0,mg,21,g,4.9,g,0.5,g,0.5,g,0,g,0,g,4.9,g
8,mountain mikes pizza,peas,0.2,g,0,mg,33,g,3.8,g,1.6,g,0,g,0,g,1.3,g,1.9,g
9,mountain mikes pizza,croutons,4.1,g,0,mg,324,g,16.2,g,4.1,g,0,g,0,g,0,g,0,g
10,mountain mikes pizza,buttermilk ranch dressing,22,g,20,mg,540,g,2,g,0,g,3,g,0,g,0,g,2,g
11,mountain mikes pizza,thousand island dressing,22,g,10,mg,600,g,10,g,0,g,3,g,0,g,0,g,8,g
12,mountain mikes pizza,lite italian dressing,0,g,0,mg,680,g,12,g,0,g,0,g,0,g,0,g,4,g
13,mountain mikes pizza,blue cheese dressing,34,g,30,mg,620,g,2,g,2,g,7,g,0,g,0,g,2,g
14,mountain mikes pizza,ambrosia cream salad,1.3,g,0,mg,12,g,4.6,g,0.5,g,0.8,g,0.3,g,0.5,g,2.8,g
15,mountain mikes pizza,gourmet potato salad,2.4,g,8,mg,158,g,4.9,g,0.8,g,0.5,g,0,g,0.6,g,1,g
16,mountain mikes pizza,italian pasta salad,1.8,g,0,mg,136,g,3.4,g,0.8,g,0.3,g,0,g,0.4,g,0.4,g
17,mountain mikes pizza,four bean salad,0,g,0,mg,94,g,6.5,g,0.9,g,0,g,0,g,0.9,g,4.3,g
18,mountain mikes pizza,potato salad,2.5,g,2,mg,103,g,5.9,g,0.6,g,0.5,g,0,g,0.6,g,1.7,g
19,mountain mikes pizza,red potato salad,4.1,g,3,mg,122,g,4.3,g,0.4,g,0.9,g,0,g,0.4,g,0.2,g
20,mountain mikes pizza,elbow macaroni salad,4.3,g,3,mg,153,g,5.5,g,1,g,1,g,0,g,0.4,g,1.6,g
21,mountain mikes pizza,oreo cookie and cream salad,2.6,g,0,mg,45,g,7.9,g,0.9,g,1.4,g,0.6,g,0.6,g,6.5,g
22,mountain mikes pizza,country potato salad,3,g,8,mg,118,g,5.5,g,0.8,g,0.6,g,0,g,0.6,g,1.4,g
23,mountain mikes pizza,potato salad with diced egg,2.5,g,2,mg,103,g,5.9,g,0.6,g,0.5,g,0,g,0.6,g,1.7,g
24,mountain mikes pizza,macaroni salad,5.1,g,3,mg,157,g,5.5,g,1,g,1,g,0,g,0.4,g,1.6,g
25,mountain mikes pizza,cliff hanger sandwich topping chicken tenders,15,g,30,mg,1050,g,33,g,24,g,3,g,0,g,1.5,g,1.5,g
26,mountain mikes pizza,half dome roll topping olives,3.3,g,0,mg,166,g,1.3,g,0,g,0,g,0,g,0,g,0,g
27,mountain mikes pizza,half dome roll topping ham,0.4,g,5,mg,156,g,0.2,g,2.3,g,0.2,g,0,g,0,g,0.2,g
28,mountain mikes pizza,half dome roll topping la hot sausage,5.3,g,11,mg,229,g,0.8,g,2.6,g,2.3,g,0,g,0,g,0,g
29,mountain mikes pizza,half dome roll topping anchovies,0.5,g,4,mg,293,g,0,g,1,g,0,g,0,g,0,g,0,g
30,mountain mikes pizza,half dome roll topping canadian bacon,0.9,g,9,mg,250,g,0.4,g,3.4,g,0.4,g,0,g,0,g,0.4,g
31,mountain mikes pizza,cliff hanger sandwich topping american cheese,9.1,g,25,mg,517,g,0,g,5.1,g,5.1,g,0,g,0,g,0,g
32,mountain mikes pizza,half dome roll topping pepperoni,10.9,g,23,mg,493,g,0,g,5.5,g,4.1,g,0,g,0,g,0,g
33,mountain mikes pizza,half dome roll topping salami,3.4,g,10,mg,188,g,0.2,g,2.5,g,1.3,g,0,g,0,g,0.2,g
34,mountain mikes pizza,cliff hanger sandwich topping la sausage,28,g,60,mg,1220,g,4,g,14,g,12,g,0,g,0,g,0,g
35,mountain mikes pizza,half dome roll topping linguica,4.6,g,15,mg,228,g,0.8,g,4.2,g,1.5,g,0,g,0,g,0,g
36,mountain mikes pizza,half dome roll topping beef,4.3,g,15,mg,14,g,0,g,3.7,g,1.6,g,0.3,g,0,g,0,g
37,mountain mikes pizza,half dome roll topping italian sausage,4.3,g,14,mg,161,g,0.3,g,3.3,g,1.5,g,0,g,0,g,0.3,g
38,mountain mikes pizza,half dome roll topping garlic,0.0001,g,0,mg,1,g,2.3,g,0.5,g,0,g,0,g,0.2,g,0.0001,g
39,mountain mikes pizza,half dome roll topping onions,0,g,0,mg,0,g,0.7,g,0.0001,g,0,g,0,g,0.0001,g,0.3,g
40,mountain mikes pizza,cliff hanger sandwich topping salami,27.4,g,84,mg,1505,g,1.5,g,19.8,g,10.6,g,0,g,0,g,1.5,g
41,mountain mikes pizza,cliff hanger sandwich topping swiss cheese,8,g,25,mg,60,g,0,g,8,g,5,g,0,g,0,g,0,g
42,mountain mikes pizza,half dome roll topping jalapenos,0,g,0,mg,131,g,0.9,g,0.2,g,0,g,0,g,0.3,g,0,g
43,mountain mikes pizza,cliff hanger sandwich topping canadian bacon,3.7,g,37,mg,1001,g,1.5,g,13.4,g,1.5,g,0,g,0,g,1.5,g
44,mountain mikes pizza,cliff hanger sandwich topping smoked ham,2.7,g,32,mg,937,g,1.1,g,14,g,1.1,g,0,g,0,g,1.1,g
45,mountain mikes pizza,half dome roll topping pineapple,0,g,0,mg,2,g,3.5,g,0,g,0,g,0,g,0.2,g,3.1,g
46,mountain mikes pizza,half dome roll topping green chiles,0,g,0,mg,78,g,0.7,g,0,g,0,g,0,g,0.7,g,0.7,g
47,mountain mikes pizza,half dome roll topping artichokes,1.1,g,0,mg,80,g,2.3,g,0,g,0,g,0,g,0,g,0,g
48,mountain mikes pizza,half dome roll topping topping cheese,3.4,g,11,mg,90,g,0.1,g,3.2,g,2,g,0,g,0,g,0,g
49,mountain mikes pizza,cliff hanger sandwich topping mozzarella cheese,6.1,g,15,mg,193,g,1,g,7.1,g,3.5,g,0,g,0,g,0,g
50,mountain mikes pizza,half dome roll topping mushrooms,0.0001,g,0,mg,1,g,0.7,g,0.7,g,0.0001,g,0,g,0.2,g,0.4,g
51,mountain mikes pizza,half dome roll topping fresh tomato,0.1,g,0,mg,3,g,2.3,g,0.5,g,0.0001,g,0,g,0.6,g,1.6,g
52,mountain mikes pizza,half dome roll topping bell peppers,0.0001,g,0,mg,0.0001,g,0.3,g,0.0001,g,0,g,0,g,0.1,g,0.2,g
53,mountain mikes pizza,half dome roll,10.1,g,30,mg,938,g,59.7,g,18.5,g,5.3,g,0,g,2.3,g,1.9,g
54,mountain mikes pizza,cliff hanger sandwich roll,1.1,g,0,mg,615,g,60.5,g,9.6,g,0.0001,g,0,g,2.8,g,2.6,g
55,mountain mikes pizza,ambrosia cream salad,1.5,g,0,mg,10,g,5,g,1,g,1,g,0,g,1,g,3,g
56,mountain mikes pizza,anchovies for multiple item large pizza,0,g,5,mg,170,g,0,g,1,g,0,g,0,g,0,g,0,g
57,mountain mikes pizza,anchovies for multiple item medium pizza,0,g,5,mg,150,g,0,g,1,g,0,g,0,g,0,g,0,g
58,mountain mikes pizza,anchovies for multiple item mini pizza,0,g,0,mg,110,g,0,g,0,g,0,g,0,g,0,g,0,g
59,mountain mikes pizza,anchovies for multiple item mountain pizza,0,g,5,mg,240,g,0,g,1,g,0,g,0,g,0,g,0,g
60,mountain mikes pizza,anchovies for multiple item small pizza,0,g,0,mg,115,g,0,g,0,g,0,g,0,g,0,g,0,g
61,mountain mikes pizza,anchovies for single item large pizza,0,g,5,mg,250,g,0,g,1,g,0,g,0,g,0,g,0,g
62,mountain mikes pizza,anchovies for single item medium pizza,0,g,5,mg,220,g,0,g,1,g,0,g,0,g,0,g,0,g
63,mountain mikes pizza,anchovies for single item mini pizza,0,g,5,mg,150,g,0,g,1,g,0,g,0,g,0,g,0,g
64,mountain mikes pizza,anchovies for single item mountain pizza,1,g,5,mg,350,g,0,g,1,g,0,g,0,g,0,g,0,g
65,mountain mikes pizza,anchovies for single item small pizza,0,g,5,mg,180,g,0,g,1,g,0,g,0,g,0,g,0,g
66,mountain mikes pizza,artichokes for multiple item large pizza,0.5,g,0,mg,45,g,1,g,0,g,0,g,0,g,0,g,0,g
67,mountain mikes pizza,artichokes for multiple item medium pizza,0.5,g,0,mg,40,g,1,g,0,g,0,g,0,g,0,g,0,g
68,mountain mikes pizza,artichokes for multiple item mini pizza,0,g,0,mg,25,g,1,g,0,g,0,g,0,g,0,g,0,g
69,mountain mikes pizza,artichokes for multiple item mountain pizza,1,g,0,mg,65,g,2,g,0,g,0,g,0,g,0,g,0,g
70,mountain mikes pizza,artichokes for multiple item small pizza,0,g,0,mg,30,g,1,g,0,g,0,g,0,g,0,g,0,g
71,mountain mikes pizza,artichokes for single item large pizza,1,g,0,mg,70,g,2,g,0,g,0,g,0,g,0,g,0,g
72,mountain mikes pizza,artichokes for single item medium pizza,1,g,0,mg,60,g,2,g,0,g,0,g,0,g,0,g,0,g
73,mountain mikes pizza,artichokes for single item mini pizza,0.5,g,0,mg,40,g,1,g,0,g,0,g,0,g,0,g,0,g
74,mountain mikes pizza,artichokes for single item mountain pizza,1,g,0,mg,95,g,3,g,0,g,0,g,0,g,0,g,0,g
75,mountain mikes pizza,artichokes for single item small pizza,0.5,g,0,mg,50,g,1,g,0,g,0,g,0,g,0,g,0,g
76,mountain mikes pizza,baby carrots,0,g,0,mg,25,g,2,g,0,g,0,g,0,g,1,g,1,g
77,mountain mikes pizza,bacon pieces for multiple item large pizza,4.5,g,10,mg,150,g,0,g,3,g,1.5,g,0,g,0,g,0,g
78,mountain mikes pizza,bacon pieces for multiple item medium pizza,4,g,10,mg,135,g,0,g,3,g,1.5,g,0,g,0,g,0,g
79,mountain mikes pizza,bacon pieces for multiple item mini pizza,2,g,5,mg,75,g,0,g,2,g,1,g,0,g,0,g,0,g
80,mountain mikes pizza,bacon pieces for multiple item mountain pizza,6,g,15,mg,220,g,0,g,4,g,2,g,0,g,0,g,0,g
81,mountain mikes pizza,bacon pieces for multiple item small pizza,3,g,5,mg,100,g,0,g,2,g,1,g,0,g,0,g,0,g
82,mountain mikes pizza,bacon pieces for single item large pizza,7,g,15,mg,230,g,0,g,5,g,2,g,0,g,0,g,0,g
83,mountain mikes pizza,bacon pieces for single item medium pizza,6,g,10,mg,200,g,0,g,4,g,2,g,0,g,0,g,0,g
84,mountain mikes pizza,bacon pieces for single item mini pizza,4,g,10,mg,135,g,0,g,3,g,1.5,g,0,g,0,g,0,g
85,mountain mikes pizza,bacon pieces for single item mountain pizza,9,g,20,mg,320,g,0,g,7,g,3.5,g,0,g,0,g,0,g
86,mountain mikes pizza,bacon pieces for single item small pizza,4.5,g,10,mg,160,g,0,g,3,g,1.5,g,0,g,0,g,0,g
87,mountain mikes pizza,black olives for multiple item large pizza,1.5,g,0,mg,65,g,1,g,0,g,0,g,0,g,0,g,0,g
88,mountain mikes pizza,black olives for multiple item medium pizza,1,g,0,mg,55,g,0,g,0,g,0,g,0,g,0,g,0,g
89,mountain mikes pizza,black olives for multiple item mini pizza,0.5,g,0,mg,35,g,0,g,0,g,0,g,0,g,0,g,0,g
90,mountain mikes pizza,black olives for multiple item mountain pizza,2,g,0,mg,90,g,1,g,0,g,0,g,0,g,0,g,0,g
91,mountain mikes pizza,black olives for multiple item small pizza,1,g,0,mg,45,g,0,g,0,g,0,g,0,g,0,g,0,g
92,mountain mikes pizza,black olives for single item large pizza,2,g,0,mg,95,g,1,g,0,g,0,g,0,g,0,g,0,g
93,mountain mikes pizza,black olives for single item medium pizza,1.5,g,0,mg,85,g,1,g,0,g,0,g,0,g,0,g,0,g
94,mountain mikes pizza,black olives for single item mini pizza,1,g,0,mg,55,g,0,g,0,g,0,g,0,g,0,g,0,g
95,mountain mikes pizza,black olives for single item mountain pizza,3,g,0,mg,135,g,1,g,0,g,0,g,0,g,0,g,0,g
96,mountain mikes pizza,black olives for single item small pizza,1.5,g,0,mg,65,g,1,g,0,g,0,g,0,g,0,g,0,g
97,mountain mikes pizza,blue cheese salad dressing,34,g,30,mg,620,g,2,g,2,g,7,g,0,g,0,g,2,g
98,mountain mikes pizza,broccoli,0,g,0,mg,10,g,1,g,1,g,0,g,0,g,0,g,0,g
99,mountain mikes pizza,buffalo style chicken wings 10 piece,33,g,140,mg,1150,g,3,g,35,g,9,g,0,g,0,g,0,g
100,mountain mikes pizza,buffalo style chicken wings 6 piece,20,g,85,mg,690,g,2,g,21,g,5,g,0,g,0,g,0,g
101,mountain mikes pizza,buttermilk ranch salad dressing,22,g,20,mg,540,g,2,g,0,g,3,g,0,g,0,g,2,g
102,mountain mikes pizza,california raisins,0,g,0,mg,5,g,22,g,1,g,0,g,0,g,1,g,21,g
103,mountain mikes pizza,canadian bacon for multiple item large pizza,0,g,5,mg,95,g,0,g,1,g,0,g,0,g,0,g,0,g
104,mountain mikes pizza,canadian bacon for multiple item medium pizza,0,g,5,mg,85,g,0,g,1,g,0,g,0,g,0,g,0,g
105,mountain mikes pizza,canadian bacon for multiple item mini pizza,0,g,5,mg,55,g,0,g,1,g,0,g,0,g,0,g,0,g
106,mountain mikes pizza,canadian bacon for multiple item mountain pizza,0,g,5,mg,135,g,0,g,2,g,0,g,0,g,0,g,0,g
107,mountain mikes pizza,canadian bacon for multiple item small pizza,0,g,5,mg,65,g,0,g,1,g,0,g,0,g,0,g,0,g
108,mountain mikes pizza,canadian bacon for single item large pizza,0.5,g,5,mg,140,g,0,g,2,g,0,g,0,g,0,g,0,g
109,mountain mikes pizza,canadian bacon for single item medium pizza,0,g,5,mg,120,g,0,g,2,g,0,g,0,g,0,g,0,g
110,mountain mikes pizza,canadian bacon for single item mini pizza,0,g,5,mg,85,g,0,g,1,g,0,g,0,g,0,g,0,g
111,mountain mikes pizza,canadian bacon for single item mountain pizza,1,g,5,mg,200,g,0,g,3,g,0,g,0,g,0,g,0,g
112,mountain mikes pizza,canadian bacon for single item small pizza,0,g,5,mg,100,g,0,g,1,g,0,g,0,g,0,g,0,g
113,mountain mikes pizza,cherry tomatoes,0,g,0,mg,0,g,1,g,0,g,0,g,0,g,0,g,1,g
114,mountain mikes pizza,chicken bites,12,g,120,mg,2320,g,29,g,51,g,2.5,g,0,g,3,g,3,g
115,mountain mikes pizza,chicken for multiple item large pizza,0.5,g,5,mg,55,g,0,g,2,g,0,g,0,g,0,g,0,g
116,mountain mikes pizza,chicken for multiple item medium pizza,0.5,g,5,mg,45,g,0,g,2,g,0,g,0,g,0,g,0,g
117,mountain mikes pizza,chicken for multiple item mini pizza,0,g,5,mg,25,g,0,g,1,g,0,g,0,g,0,g,0,g
118,mountain mikes pizza,chicken for multiple item mountain pizza,1,g,10,mg,75,g,0,g,3,g,0,g,0,g,0,g,0,g
119,mountain mikes pizza,chicken for multiple item small pizza,0,g,5,mg,35,g,0,g,1,g,0,g,0,g,0,g,0,g
120,mountain mikes pizza,chicken for single item large pizza,1,g,10,mg,80,g,0,g,3,g,0,g,0,g,0,g,0,g
121,mountain mikes pizza,chicken for single item medium pizza,1,g,10,mg,70,g,0,g,3,g,0,g,0,g,0,g,0,g
122,mountain mikes pizza,chicken for single item mini pizza,0.5,g,5,mg,45,g,0,g,2,g,0,g,0,g,0,g,0,g
123,mountain mikes pizza,chicken for single item mountain pizza,1,g,10,mg,110,g,0,g,4,g,0,g,0,g,0,g,0,g
124,mountain mikes pizza,chicken for single item small pizza,0.5,g,5,mg,55,g,0,g,2,g,0,g,0,g,0,g,0,g
125,mountain mikes pizza,chopped eggs,3,g,120,mg,35,g,0,g,4,g,1,g,0,g,0,g,0,g
126,mountain mikes pizza,cliff hanger sandwich roll topping american cheese,9,g,25,mg,520,g,0,g,5,g,5,g,0,g,0,g,0,g
127,mountain mikes pizza,cliff hanger sandwich roll topping canadian bacon,3.5,g,35,mg,1000,g,1,g,13,g,1.5,g,0,g,0,g,1,g
128,mountain mikes pizza,cliff hanger sandwich roll topping chicken tenders,15,g,30,mg,1050,g,33,g,24,g,3,g,0,g,2,g,2,g
129,mountain mikes pizza,cliff hanger sandwich roll topping la sausage,28,g,60,mg,1220,g,4,g,14,g,12,g,0,g,0,g,0,g
130,mountain mikes pizza,cliff hanger sandwich roll topping mozzarella cheese,6,g,15,mg,190,g,1,g,7,g,3.5,g,0,g,0,g,0,g
131,mountain mikes pizza,cliff hanger sandwich roll topping salami,27,g,85,mg,1500,g,2,g,20,g,11,g,0,g,0,g,2,g
132,mountain mikes pizza,cliff hanger sandwich roll topping smoked ham,2.5,g,30,mg,940,g,1,g,14,g,1,g,0,g,0,g,1,g
133,mountain mikes pizza,cliff hanger sandwich roll topping swiss cheese,8,g,25,mg,60,g,0,g,8,g,5,g,0,g,0,g,0,g
134,mountain mikes pizza,cliff hanger sandwich roll bread and toppings,1,g,0,mg,620,g,60,g,10,g,0,g,0,g,3,g,3,g
135,mountain mikes pizza,cottage cheese,1.5,g,5,mg,85,g,1,g,4,g,1,g,0,g,0,g,1,g
136,mountain mikes pizza,country potato salad,3,g,10,mg,120,g,5,g,1,g,0.5,g,0,g,1,g,1,g
137,mountain mikes pizza,cream cheese poppers,36,g,60,mg,1220,g,45,g,9,g,15,g,1.5,g,11,g,9,g
138,mountain mikes pizza,croutons,4,g,0,mg,320,g,16,g,4,g,0,g,0,g,0,g,0,g
139,mountain mikes pizza,cucumbers,0,g,0,mg,0,g,1,g,0,g,0,g,0,g,0,g,0,g
140,mountain mikes pizza,dessert pizza,2.5,g,0,mg,35,g,16,g,2,g,0.5,g,0,g,1,g,4,g
141,mountain mikes pizza,diamond head pizza large,6,g,20,mg,340,g,31,g,11,g,2.5,g,0,g,1,g,3,g
142,mountain mikes pizza,diamond head pizza medium,5,g,15,mg,300,g,27,g,9,g,2,g,0,g,1,g,3,g
143,mountain mikes pizza,diamond head pizza mountain,8,g,25,mg,480,g,42,g,15,g,3.5,g,0,g,2,g,5,g
144,mountain mikes pizza,diamond head pizza small,3.5,g,10,mg,180,g,19,g,6,g,1.5,g,0,g,1,g,2,g
145,mountain mikes pizza,diet pepsi,0,g,0,mg,45,g,0,g,0,g,0,g,0,g,0,g,0,g
146,mountain mikes pizza,elbow macaroni salad,4.5,g,5,mg,150,g,5,g,1,g,1,g,0,g,0,g,2,g
147,mountain mikes pizza,extra cheese for large slice,2.5,g,10,mg,80,g,0,g,3,g,1.5,g,0,g,0,g,0,g
148,mountain mikes pizza,extra cheese for medium slice,2.5,g,10,mg,70,g,0,g,2,g,1.5,g,0,g,0,g,0,g
149,mountain mikes pizza,extra cheese for mini slice,1.5,g,5,mg,45,g,0,g,2,g,1,g,0,g,0,g,0,g
150,mountain mikes pizza,extra cheese for mountain slice,3.5,g,10,mg,110,g,0,g,4,g,2,g,0,g,0,g,0,g
151,mountain mikes pizza,extra cheese for small slice,2,g,5,mg,55,g,0,g,2,g,1,g,0,g,0,g,0,g
152,mountain mikes pizza,extra sauce for large slice,0,g,0,mg,30,g,1,g,0,g,0,g,0,g,0,g,1,g
153,mountain mikes pizza,extra sauce for medium slice,0,g,0,mg,25,g,1,g,0,g,0,g,0,g,0,g,0,g
154,mountain mikes pizza,extra sauce for mini slice,0,g,0,mg,20,g,1,g,0,g,0,g,0,g,0,g,0,g
155,mountain mikes pizza,extra sauce for mountain slice,0,g,0,mg,45,g,1,g,0,g,0,g,0,g,0,g,1,g
156,mountain mikes pizza,extra sauce for small slice,0,g,0,mg,20,g,1,g,0,g,0,g,0,g,0,g,0,g
157,mountain mikes pizza,four bean salad,0,g,0,mg,95,g,7,g,1,g,0,g,0,g,1,g,4,g
158,mountain mikes pizza,garbanzo beans,0.5,g,0,mg,75,g,4,g,1,g,0,g,0,g,2,g,0,g
159,mountain mikes pizza,garlic bread,21,g,5,mg,910,g,59,g,11,g,4.5,g,0,g,2,g,1,g
160,mountain mikes pizza,garlic bread with cheese,28,g,25,mg,1090,g,59,g,18,g,8,g,0,g,2,g,1,g
161,mountain mikes pizza,garlic for multiple item large pizza,0,g,0,mg,0,g,1,g,0,g,0,g,0,g,0,g,0,g
162,mountain mikes pizza,garlic for multiple item medium pizza,0,g,0,mg,0,g,1,g,0,g,0,g,0,g,0,g,0,g
163,mountain mikes pizza,garlic for multiple item mini pizza,0,g,0,mg,0,g,1,g,0,g,0,g,0,g,0,g,0,g
164,mountain mikes pizza,garlic for multiple item mountain pizza,0,g,0,mg,0,g,2,g,0,g,0,g,0,g,0,g,0,g
165,mountain mikes pizza,garlic for multiple item small pizza,0,g,0,mg,0,g,1,g,0,g,0,g,0,g,0,g,0,g
166,mountain mikes pizza,garlic for single item large pizza,0,g,0,mg,0,g,2,g,0,g,0,g,0,g,0,g,0,g
167,mountain mikes pizza,garlic for single item medium pizza,0,g,0,mg,0,g,2,g,0,g,0,g,0,g,0,g,0,g
168,mountain mikes pizza,garlic for single item mini pizza,0,g,0,mg,0,g,1,g,0,g,0,g,0,g,0,g,0,g
169,mountain mikes pizza,garlic for single item mountain pizza,0,g,0,mg,0,g,3,g,1,g,0,g,0,g,0,g,0,g
170,mountain mikes pizza,garlic for single item small pizza,0,g,0,mg,0,g,1,g,0,g,0,g,0,g,0,g,0,g
171,mountain mikes pizza,garlic sticks,7,g,0,mg,110,g,35,g,5,g,1.5,g,0,g,1,g,2,g
172,mountain mikes pizza,garlic sticks with cheese,10,g,10,mg,180,g,35,g,8,g,3,g,0,g,1,g,2,g
173,mountain mikes pizza,garlic tuscan pizza large,10,g,25,mg,490,g,33,g,12,g,4,g,0,g,2,g,3,g
174,mountain mikes pizza,garlic tuscan pizza medium,9,g,20,mg,430,g,28,g,10,g,3.5,g,0,g,2,g,3,g
175,mountain mikes pizza,garlic tuscan pizza mini,6,g,15,mg,290,g,16,g,6,g,2.5,g,0,g,1,g,2,g
176,mountain mikes pizza,garlic tuscan pizza mountain,15,g,35,mg,690,g,45,g,16,g,6,g,0,g,3,g,4,g
177,mountain mikes pizza,garlic tuscan pizza small,7,g,20,mg,340,g,21,g,8,g,3,g,0,g,1,g,2,g
178,mountain mikes pizza,gourmet potato salad,2.5,g,10,mg,160,g,5,g,1,g,0.5,g,0,g,1,g,1,g
179,mountain mikes pizza,green beans,0,g,0,mg,0,g,2,g,1,g,0,g,0,g,1,g,1,g
180,mountain mikes pizza,green bell peppers for multiple item large pizza,0,g,0,mg,0,g,0,g,0,g,0,g,0,g,0,g,0,g
181,mountain mikes pizza,green bell peppers for multiple item medium pizza,0,g,0,mg,0,g,0,g,0,g,0,g,0,g,0,g,0,g
182,mountain mikes pizza,green bell peppers for multiple item mini pizza,0,g,0,mg,0,g,0,g,0,g,0,g,0,g,0,g,0,g
183,mountain mikes pizza,green bell peppers for multiple item mountain pizza,0,g,0,mg,0,g,0,g,0,g,0,g,0,g,0,g,0,g
184,mountain mikes pizza,green bell peppers for multiple item small pizza,0,g,0,mg,0,g,0,g,0,g,0,g,0,g,0,g,0,g
185,mountain mikes pizza,green bell peppers for single item large pizza,0,g,0,mg,0,g,0,g,0,g,0,g,0,g,0,g,0,g
186,mountain mikes pizza,green bell peppers for single item medium pizza,0,g,0,mg,0,g,0,g,0,g,0,g,0,g,0,g,0,g
187,mountain mikes pizza,green bell peppers for single item mini pizza,0,g,0,mg,0,g,0,g,0,g,0,g,0,g,0,g,0,g
188,mountain mikes pizza,green bell peppers for single item mountain pizza,0,g,0,mg,0,g,0,g,0,g,0,g,0,g,0,g,0,g
189,mountain mikes pizza,green bell peppers for single item small pizza,0,g,0,mg,0,g,0,g,0,g,0,g,0,g,0,g,0,g
190,mountain mikes pizza,green chiles for multiple item large pizza,0,g,0,mg,60,g,1,g,0,g,0,g,0,g,1,g,1,g
191,mountain mikes pizza,green chiles for multiple item medium pizza,0,g,0,mg,50,g,0,g,0,g,0,g,0,g,0,g,0,g
192,mountain mikes pizza,green chiles for multiple item mini pizza,0,g,0,mg,35,g,0,g,0,g,0,g,0,g,0,g,0,g
193,mountain mikes pizza,green chiles for multiple item mountain pizza,0,g,0,mg,85,g,1,g,0,g,0,g,0,g,1,g,1,g
194,mountain mikes pizza,green chiles for multiple item small pizza,0,g,0,mg,40,g,0,g,0,g,0,g,0,g,0,g,0,g
195,mountain mikes pizza,green chiles for single item large pizza,0,g,0,mg,90,g,1,g,0,g,0,g,0,g,1,g,1,g
196,mountain mikes pizza,green chiles for single item medium pizza,0,g,0,mg,80,g,1,g,0,g,0,g,0,g,1,g,1,g
197,mountain mikes pizza,green chiles for single item mini pizza,0,g,0,mg,50,g,0,g,0,g,0,g,0,g,0,g,0,g
198,mountain mikes pizza,green chiles for single item mountain pizza,0,g,0,mg,125,g,1,g,0,g,0,g,0,g,1,g,1,g
199,mountain mikes pizza,green chiles for single item small pizza,0,g,0,mg,60,g,1,g,0,g,0,g,0,g,1,g,1,g
200,mountain mikes pizza,green onions 10 oz for multiple item small pizza,0,g,0,mg,0,g,0,g,0,g,0,g,0,g,0,g,0,g
201,mountain mikes pizza,green onions 0 08 oz for multiple item small pizza,0,g,0,mg,0,g,0,g,0,g,0,g,0,g,0,g,0,g
202,mountain mikes pizza,green onions for multiple item large pizza,0,g,0,mg,0,g,0,g,0,g,0,g,0,g,0,g,0,g
203,mountain mikes pizza,green onions for multiple item medium pizza,0,g,0,mg,0,g,0,g,0,g,0,g,0,g,0,g,0,g
204,mountain mikes pizza,green onions for multiple item mini pizza,0,g,0,mg,0,g,0,g,0,g,0,g,0,g,0,g,0,g
205,mountain mikes pizza,green onions for multiple item mountain pizza,0,g,0,mg,0,g,0,g,0,g,0,g,0,g,0,g,0,g
206,mountain mikes pizza,green onions for single item large pizza,0,g,0,mg,0,g,0,g,0,g,0,g,0,g,0,g,0,g
207,mountain mikes pizza,green onions for single item medium pizza,0,g,0,mg,0,g,0,g,0,g,0,g,0,g,0,g,0,g
208,mountain mikes pizza,green onions for single item mini pizza,0,g,0,mg,0,g,0,g,0,g,0,g,0,g,0,g,0,g
209,mountain mikes pizza,green onions for single item mountain pizza,0,g,0,mg,0,g,0,g,0,g,0,g,0,g,0,g,0,g
210,mountain mikes pizza,green onions for single item small pizza,0,g,0,mg,0,g,0,g,0,g,0,g,0,g,0,g,0,g
211,mountain mikes pizza,ground beef for multiple item large pizza,2,g,5,mg,5,g,0,g,2,g,0.5,g,0,g,0,g,0,g
212,mountain mikes pizza,ground beef for multiple item medium pizza,1.5,g,5,mg,5,g,0,g,1,g,0.5,g,0,g,0,g,0,g
213,mountain mikes pizza,ground beef for multiple item mini pizza,1,g,5,mg,0,g,0,g,1,g,0,g,0,g,0,g,0,g
214,mountain mikes pizza,ground beef for multiple item mountain pizza,2.5,g,10,mg,10,g,0,g,2,g,1,g,0,g,0,g,0,g
215,mountain mikes pizza,ground beef for multiple item small pizza,1.5,g,5,mg,0,g,0,g,1,g,0,g,0,g,0,g,0,g
216,mountain mikes pizza,ground beef for single item large pizza,3,g,10,mg,10,g,0,g,2,g,1,g,0,g,0,g,0,g
217,mountain mikes pizza,ground beef for single item medium pizza,2.5,g,10,mg,10,g,0,g,2,g,1,g,0,g,0,g,0,g
218,mountain mikes pizza,ground beef for single item mini pizza,1.5,g,5,mg,5,g,0,g,1,g,0.5,g,0,g,0,g,0,g
219,mountain mikes pizza,ground beef for single item mountain pizza,4,g,15,mg,15,g,0,g,3,g,2,g,0,g,0,g,0,g
220,mountain mikes pizza,ground beef for single item small pizza,2,g,5,mg,5,g,0,g,2,g,1,g,0,g,0,g,0,g
221,mountain mikes pizza,half dome roll topping anchovies,0.5,g,5,mg,290,g,0,g,1,g,0,g,0,g,0,g,0,g
222,mountain mikes pizza,half dome roll topping artichokes,1,g,0,mg,80,g,2,g,0,g,0,g,0,g,0,g,0,g
223,mountain mikes pizza,half dome roll topping beef,4.5,g,15,mg,15,g,0,g,4,g,1.5,g,0,g,0,g,0,g
224,mountain mikes pizza,half dome roll topping bell peppers,0,g,0,mg,0,g,0,g,0,g,0,g,0,g,0,g,0,g
225,mountain mikes pizza,half dome roll topping canadian bacon,1,g,10,mg,250,g,0,g,3,g,0,g,0,g,0,g,0,g
226,mountain mikes pizza,half dome roll topping fresh tomato,0,g,0,mg,0,g,2,g,1,g,0,g,0,g,1,g,2,g
227,mountain mikes pizza,half dome roll topping garlic,0,g,0,mg,0,g,2,g,0,g,0,g,0,g,0,g,0,g
228,mountain mikes pizza,half dome roll topping green chiles,0,g,0,mg,80,g,1,g,0,g,0,g,0,g,1,g,1,g
229,mountain mikes pizza,half dome roll topping ham,0,g,5,mg,160,g,0,g,2,g,0,g,0,g,0,g,0,g
230,mountain mikes pizza,half dome roll topping italian sausage,4.5,g,15,mg,160,g,0,g,3,g,1.5,g,0,g,0,g,0,g
231,mountain mikes pizza,half dome roll topping jalapenos,0,g,0,mg,130,g,1,g,0,g,0,g,0,g,0,g,0,g
232,mountain mikes pizza,half dome roll topping la hot sausage,5,g,10,mg,230,g,1,g,3,g,2.5,g,0,g,0,g,0,g
233,mountain mikes pizza,half dome roll topping linguica,4.5,g,15,mg,230,g,1,g,4,g,1.5,g,0,g,0,g,0,g
234,mountain mikes pizza,half dome roll topping mushrooms,0,g,0,mg,0,g,1,g,1,g,0,g,0,g,0,g,0,g
235,mountain mikes pizza,half dome roll topping olives,3.5,g,0,mg,170,g,1,g,0,g,0,g,0,g,0,g,0,g
236,mountain mikes pizza,half dome roll topping onions,0,g,0,mg,0,g,1,g,0,g,0,g,0,g,0,g,0,g
237,mountain mikes pizza,half dome roll topping pepperoni,11,g,25,mg,490,g,0,g,5,g,4,g,0,g,0,g,0,g
238,mountain mikes pizza,half dome roll topping pineapple,0,g,0,mg,0,g,3,g,0,g,0,g,0,g,0,g,3,g
239,mountain mikes pizza,half dome roll topping salami,3.5,g,10,mg,190,g,0,g,2,g,1.5,g,0,g,0,g,0,g
240,mountain mikes pizza,half dome roll topping topping cheese,3.5,g,10,mg,90,g,0,g,3,g,2,g,0,g,0,g,0,g
241,mountain mikes pizza,half dome roll bread and toppings,10,g,30,mg,940,g,60,g,19,g,5,g,0,g,2,g,2,g
242,mountain mikes pizza,ham for multiple item large pizza,0,g,5,mg,90,g,0,g,1,g,0,g,0,g,0,g,0,g
243,mountain mikes pizza,ham for multiple item medium pizza,0,g,5,mg,80,g,0,g,1,g,0,g,0,g,0,g,0,g
244,mountain mikes pizza,ham for multiple item mini pizza,0,g,0,mg,50,g,0,g,1,g,0,g,0,g,0,g,0,g
245,mountain mikes pizza,ham for multiple item mountain pizza,0,g,5,mg,125,g,0,g,2,g,0,g,0,g,0,g,0,g
246,mountain mikes pizza,ham for multiple item small pizza,0,g,5,mg,60,g,0,g,1,g,0,g,0,g,0,g,0,g
247,mountain mikes pizza,ham for single item large pizza,0,g,5,mg,135,g,0,g,2,g,0,g,0,g,0,g,0,g
248,mountain mikes pizza,ham for single item medium pizza,0,g,5,mg,110,g,0,g,2,g,0,g,0,g,0,g,0,g
249,mountain mikes pizza,ham for single item mini pizza,0,g,5,mg,80,g,0,g,1,g,0,g,0,g,0,g,0,g
250,mountain mikes pizza,ham for single item mountain pizza,1,g,5,mg,190,g,0,g,3,g,0,g,0,g,0,g,0,g
251,mountain mikes pizza,ham for single item small pizza,0,g,5,mg,95,g,0,g,1,g,0,g,0,g,0,g,0,g
252,mountain mikes pizza,hot link sausage for multiple item large pizza,2.5,g,5,mg,105,g,0,g,1,g,1,g,0,g,0,g,0,g
253,mountain mikes pizza,hot link sausage for multiple item medium pizza,2,g,5,mg,90,g,0,g,1,g,1,g,0,g,0,g,0,g
254,mountain mikes pizza,hot link sausage for multiple item mini pizza,1,g,5,mg,50,g,0,g,1,g,0.5,g,0,g,0,g,0,g
255,mountain mikes pizza,hot link sausage for multiple item mountain pizza,3,g,5,mg,150,g,0,g,2,g,1,g,0,g,0,g,0,g
256,mountain mikes pizza,hot link sausage for multiple item small pizza,1.5,g,5,mg,70,g,0,g,1,g,0.5,g,0,g,0,g,0,g
257,mountain mikes pizza,hot link sausage for single item large pizza,4,g,10,mg,150,g,1,g,2,g,2,g,0,g,0,g,0,g
258,mountain mikes pizza,hot link sausage for single item medium pizza,3,g,5,mg,135,g,0,g,2,g,1.5,g,0,g,0,g,0,g
259,mountain mikes pizza,hot link sausage for single item mini pizza,2,g,5,mg,90,g,0,g,1,g,1,g,0,g,0,g,0,g
260,mountain mikes pizza,hot link sausage for single item mountain pizza,5,g,10,mg,210,g,1,g,2,g,2,g,0,g,0,g,0,g
261,mountain mikes pizza,hot link sausage for single item small pizza,2.5,g,5,mg,105,g,0,g,1,g,1,g,0,g,0,g,0,g
262,mountain mikes pizza,italian pasta salad,2,g,0,mg,135,g,3,g,1,g,0,g,0,g,0,g,0,g
263,mountain mikes pizza,italian sausage for multiple item large pizza,2,g,5,mg,75,g,0,g,2,g,0.5,g,0,g,0,g,0,g
264,mountain mikes pizza,italian sausage for multiple item medium pizza,1.5,g,5,mg,65,g,0,g,1,g,0.5,g,0,g,0,g,0,g
265,mountain mikes pizza,italian sausage for multiple item mini pizza,1,g,5,mg,35,g,0,g,1,g,0,g,0,g,0,g,0,g
266,mountain mikes pizza,italian sausage for multiple item mountain pizza,3,g,10,mg,100,g,0,g,2,g,1,g,0,g,0,g,0,g
267,mountain mikes pizza,italian sausage for multiple item small pizza,1.5,g,5,mg,50,g,0,g,1,g,0,g,0,g,0,g,0,g
268,mountain mikes pizza,italian sausage for single item large pizza,3,g,10,mg,105,g,0,g,2,g,1,g,0,g,0,g,0,g
269,mountain mikes pizza,italian sausage for single item medium pizza,2.5,g,10,mg,95,g,0,g,2,g,1,g,0,g,0,g,0,g
270,mountain mikes pizza,italian sausage for single item mini pizza,1.5,g,5,mg,65,g,0,g,1,g,0.5,g,0,g,0,g,0,g
271,mountain mikes pizza,italian sausage for single item mountain pizza,4,g,15,mg,150,g,0,g,3,g,1,g,0,g,0,g,0,g
272,mountain mikes pizza,italian sausage for single item small pizza,2,g,5,mg,75,g,0,g,2,g,0.5,g,0,g,0,g,0,g
273,mountain mikes pizza,jalapeno poppers,29,g,40,mg,1790,g,47,g,14,g,11,g,1.5,g,8,g,8,g
274,mountain mikes pizza,jalapeno slices for multiple item large pizza,0,g,0,mg,55,g,0,g,0,g,0,g,0,g,0,g,0,g
275,mountain mikes pizza,jalapeno slices for multiple item medium pizza,0,g,0,mg,50,g,0,g,0,g,0,g,0,g,0,g,0,g
276,mountain mikes pizza,jalapeno slices for multiple item mini pizza,0,g,0,mg,35,g,0,g,0,g,0,g,0,g,0,g,0,g
277,mountain mikes pizza,jalapeno slices for multiple item mountain pizza,0,g,0,mg,80,g,1,g,0,g,0,g,0,g,0,g,0,g
278,mountain mikes pizza,jalapeno slices for multiple item small pizza,0,g,0,mg,40,g,0,g,0,g,0,g,0,g,0,g,0,g
279,mountain mikes pizza,jalapeno slices for single item large pizza,0,g,0,mg,85,g,1,g,0,g,0,g,0,g,0,g,0,g
280,mountain mikes pizza,jalapeno slices for single item medium pizza,0,g,0,mg,75,g,1,g,0,g,0,g,0,g,0,g,0,g
281,mountain mikes pizza,jalapeno slices for single item mini pizza,0,g,0,mg,50,g,0,g,0,g,0,g,0,g,0,g,0,g
282,mountain mikes pizza,jalapeno slices for single item mountain pizza,0,g,0,mg,120,g,1,g,0,g,0,g,0,g,0,g,0,g
283,mountain mikes pizza,jalapeno slices for single item small pizza,0,g,0,mg,60,g,0,g,0,g,0,g,0,g,0,g,0,g
284,mountain mikes pizza,kc masterpiece bbq potato chips,15,g,0,mg,300,g,23,g,3,g,4,g,0,g,1,g,4,g
285,mountain mikes pizza,kidney beans,0,g,0,mg,95,g,4,g,1,g,0,g,0,g,2,g,0,g
286,mountain mikes pizza,lays original potato chips,15,g,0,mg,270,g,23,g,3,g,4.5,g,0,g,2,g,0,g
287,mountain mikes pizza,linguica for multiple item large pizza,2,g,5,mg,105,g,0,g,2,g,0.5,g,0,g,0,g,0,g
288,mountain mikes pizza,linguica for multiple item medium pizza,2,g,5,mg,90,g,0,g,2,g,0.5,g,0,g,0,g,0,g
289,mountain mikes pizza,linguica for multiple item mini pizza,1,g,5,mg,50,g,0,g,1,g,0,g,0,g,0,g,0,g
290,mountain mikes pizza,linguica for multiple item mountain pizza,3,g,10,mg,140,g,0,g,3,g,1,g,0,g,0,g,0,g
291,mountain mikes pizza,linguica for multiple item small pizza,1.5,g,5,mg,70,g,0,g,1,g,0,g,0,g,0,g,0,g
292,mountain mikes pizza,linguica for single item large pizza,3,g,10,mg,150,g,1,g,3,g,1,g,0,g,0,g,0,g
293,mountain mikes pizza,linguica for single item medium pizza,2.5,g,10,mg,135,g,0,g,2,g,1,g,0,g,0,g,0,g
294,mountain mikes pizza,linguica for single item mini pizza,2,g,5,mg,90,g,0,g,2,g,0.5,g,0,g,0,g,0,g
295,mountain mikes pizza,linguica for single item mountain pizza,4,g,15,mg,210,g,1,g,4,g,1.5,g,0,g,0,g,0,g
296,mountain mikes pizza,linguica for single item small pizza,2,g,5,mg,105,g,0,g,2,g,0.5,g,0,g,0,g,0,g
297,mountain mikes pizza,lite italian salad dressing,0,g,0,mg,680,g,12,g,0,g,0,g,0,g,0,g,4,g
298,mountain mikes pizza,macaroni salad,5,g,5,mg,160,g,5,g,1,g,1,g,0,g,0,g,2,g
299,mountain mikes pizza,mckinley pizza large,6,g,15,mg,220,g,30,g,9,g,3,g,0,g,2,g,2,g
300,mountain mikes pizza,mckinley pizza medium,6,g,15,mg,200,g,26,g,8,g,3,g,0,g,1,g,2,g
301,mountain mikes pizza,mckinley pizza mountain,10,g,25,mg,370,g,41,g,13,g,4,g,0,g,2,g,3,g
302,mountain mikes pizza,mckinley pizza small,4,g,10,mg,160,g,10,g,4,g,2,g,0,g,1,g,1,g
303,mountain mikes pizza,mozzarella cheese for multiple item large pizza,3.5,g,10,mg,105,g,0,g,3,g,2,g,0,g,0,g,0,g
304,mountain mikes pizza,mozzarella cheese for multiple item medium pizza,3,g,10,mg,90,g,0,g,3,g,2,g,0,g,0,g,0,g
305,mountain mikes pizza,mozzarella cheese for multiple item mini pizza,2,g,5,mg,60,g,0,g,2,g,1,g,0,g,0,g,0,g
306,mountain mikes pizza,mozzarella cheese for multiple item mountain pizza,5,g,15,mg,150,g,0,g,5,g,3,g,0,g,0,g,0,g
307,mountain mikes pizza,mozzarella cheese for multiple item small pizza,2.5,g,10,mg,75,g,0,g,2,g,1.5,g,0,g,0,g,0,g
308,mountain mikes pizza,mozzarella cheese for single item large pizza,3.5,g,10,mg,105,g,0,g,3,g,2,g,0,g,0,g,0,g
309,mountain mikes pizza,mozzarella cheese for single item medium pizza,3,g,10,mg,90,g,0,g,3,g,2,g,0,g,0,g,0,g
310,mountain mikes pizza,mozzarella cheese for single item mini pizza,2,g,5,mg,60,g,0,g,2,g,1,g,0,g,0,g,0,g
311,mountain mikes pizza,mozzarella cheese for single item mountain pizza,5,g,15,mg,150,g,0,g,5,g,3,g,0,g,0,g,0,g
312,mountain mikes pizza,mozzarella cheese for single item small pizza,2.5,g,10,mg,75,g,0,g,2,g,1.5,g,0,g,0,g,0,g
313,mountain mikes pizza,mozzarella sticks,48,g,80,mg,1760,g,48,g,32,g,16,g,0,g,0,g,0,g
314,mountain mikes pizza,mt st helens pizza large,4,g,15,mg,115,g,0,g,4,g,2.5,g,0,g,0,g,0,g
315,mountain mikes pizza,mt st helens pizza medium,6,g,15,mg,290,g,26,g,8,g,3,g,0,g,2,g,2,g
316,mountain mikes pizza,mt st helens pizza mountain,10,g,25,mg,460,g,40,g,13,g,4.5,g,0,g,3,g,3,g
317,mountain mikes pizza,mt st helens pizza small,5,g,15,mg,220,g,19,g,6,g,2.5,g,0,g,1,g,1,g
318,mountain mikes pizza,mt veggiemore pizza large,6,g,15,mg,240,g,32,g,8,g,2.5,g,0,g,2,g,2,g
319,mountain mikes pizza,mt veggiemore pizza medium,5,g,10,mg,200,g,27,g,7,g,2,g,0,g,1,g,2,g
320,mountain mikes pizza,mt veggiemore pizza mountain,9,g,20,mg,330,g,43,g,12,g,3.5,g,0,g,2,g,3,g
321,mountain mikes pizza,mt veggiemore pizza small,4.5,g,10,mg,160,g,20,g,6,g,1.5,g,0,g,1,g,2,g
322,mountain mikes pizza,mtn dew,0,g,0,mg,75,g,47,g,0,g,0,g,0,g,0,g,47,g
323,mountain mikes pizza,mug root beer,0,g,0,mg,70,g,44,g,0,g,0,g,0,g,0,g,42,g
324,mountain mikes pizza,mushrooms for multiple item large pizza,0,g,0,mg,0,g,0,g,0,g,0,g,0,g,0,g,0,g
325,mountain mikes pizza,mushrooms for multiple item medium pizza,0,g,0,mg,0,g,0,g,0,g,0,g,0,g,0,g,0,g
326,mountain mikes pizza,mushrooms for multiple item mini pizza,0,g,0,mg,0,g,0,g,0,g,0,g,0,g,0,g,0,g
327,mountain mikes pizza,mushrooms for multiple item mountain pizza,0,g,0,mg,0,g,0,g,0,g,0,g,0,g,0,g,0,g
328,mountain mikes pizza,mushrooms for multiple item small pizza,0,g,0,mg,0,g,0,g,0,g,0,g,0,g,0,g,0,g
329,mountain mikes pizza,mushrooms for single item large pizza,0,g,0,mg,0,g,0,g,0,g,0,g,0,g,0,g,0,g
330,mountain mikes pizza,mushrooms for single item medium pizza,0,g,0,mg,0,g,0,g,0,g,0,g,0,g,0,g,0,g
331,mountain mikes pizza,mushrooms for single item mini pizza,0,g,0,mg,0,g,0,g,0,g,0,g,0,g,0,g,0,g
332,mountain mikes pizza,mushrooms for single item mountain pizza,0,g,0,mg,0,g,1,g,1,g,0,g,0,g,0,g,0,g
333,mountain mikes pizza,mushrooms for single item small pizza,0,g,0,mg,0,g,0,g,0,g,0,g,0,g,0,g,0,g
334,mountain mikes pizza,onions for multiple item large pizza,0,g,0,mg,0,g,0,g,0,g,0,g,0,g,0,g,0,g
335,mountain mikes pizza,onions for multiple item medium pizza,0,g,0,mg,0,g,0,g,0,g,0,g,0,g,0,g,0,g
336,mountain mikes pizza,onions for multiple item mini pizza,0,g,0,mg,0,g,0,g,0,g,0,g,0,g,0,g,0,g
337,mountain mikes pizza,onions for multiple item mountain pizza,0,g,0,mg,0,g,1,g,0,g,0,g,0,g,0,g,0,g
338,mountain mikes pizza,onions for single item large pizza,0,g,0,mg,0,g,1,g,0,g,0,g,0,g,0,g,0,g
339,mountain mikes pizza,onions for single item medium pizza,0,g,0,mg,0,g,1,g,0,g,0,g,0,g,0,g,0,g
340,mountain mikes pizza,onions for single item mini pizza,0,g,0,mg,0,g,0,g,0,g,0,g,0,g,0,g,0,g
341,mountain mikes pizza,onions for single item mountain pizza,0,g,0,mg,0,g,1,g,0,g,0,g,0,g,0,g,0,g
342,mountain mikes pizza,onions for single item small pizza,0,g,0,mg,0,g,0,g,0,g,0,g,0,g,0,g,0,g
343,mountain mikes pizza,oreo cookie and cream salad,2.5,g,0,mg,45,g,8,g,1,g,1.5,g,0.5,g,1,g,7,g
344,mountain mikes pizza,peas,0,g,0,mg,35,g,4,g,2,g,0,g,0,g,1,g,2,g
345,mountain mikes pizza,pepperoncini,0,g,0,mg,360,g,1,g,0,g,0,g,0,g,1,g,0,g
346,mountain mikes pizza,pepperoni for multiple item large pizza,3.5,g,5,mg,160,g,0,g,2,g,1.5,g,0,g,0,g,0,g
347,mountain mikes pizza,pepperoni for multiple item medium pizza,3,g,5,mg,135,g,0,g,2,g,1,g,0,g,0,g,0,g
348,mountain mikes pizza,pepperoni for multiple item mini pizza,2,g,5,mg,90,g,0,g,1,g,1,g,0,g,0,g,0,g
349,mountain mikes pizza,pepperoni for multiple item mountain pizza,5,g,10,mg,220,g,0,g,2,g,2,g,0,g,0,g,0,g
350,mountain mikes pizza,pepperoni for multiple item small pizza,2.5,g,5,mg,110,g,0,g,1,g,1,g,0,g,0,g,0,g
351,mountain mikes pizza,pepperoni for single item large pizza,5,g,10,mg,240,g,0,g,3,g,2,g,0,g,0,g,0,g
352,mountain mikes pizza,pepperoni for single item medium pizza,4.5,g,10,mg,190,g,0,g,2,g,1.5,g,0,g,0,g,0,g
353,mountain mikes pizza,pepperoni for single item mini pizza,3,g,5,mg,135,g,0,g,2,g,1,g,0,g,0,g,0,g
354,mountain mikes pizza,pepperoni for single item mountain pizza,7,g,15,mg,330,g,0,g,4,g,3,g,0,g,0,g,0,g
355,mountain mikes pizza,pepperoni for single item small pizza,3.5,g,10,mg,160,g,0,g,2,g,1.5,g,0,g,0,g,0,g
356,mountain mikes pizza,pepsi,0,g,0,mg,40,g,41,g,0,g,0,g,0,g,0,g,41,g
357,mountain mikes pizza,pikes peak pizza large,12,g,35,mg,500,g,29,g,13,g,5,g,0,g,1,g,2,g
358,mountain mikes pizza,pikes peak pizza medium,10,g,30,mg,440,g,25,g,12,g,4,g,0,g,1,g,2,g
359,mountain mikes pizza,pikes peak pizza mountain,22,g,65,mg,860,g,40,g,24,g,10,g,0,g,2,g,3,g
360,mountain mikes pizza,pikes peak pizza small,8,g,25,mg,350,g,18,g,9,g,3.5,g,0,g,1,g,1,g
361,mountain mikes pizza,pineapple for multiple item large pizza,0,g,0,mg,0,g,3,g,0,g,0,g,0,g,0,g,2,g
362,mountain mikes pizza,pineapple for multiple item medium pizza,0,g,0,mg,0,g,2,g,0,g,0,g,0,g,0,g,2,g
363,mountain mikes pizza,pineapple for multiple item mini pizza,0,g,0,mg,0,g,2,g,0,g,0,g,0,g,0,g,1,g
364,mountain mikes pizza,pineapple for multiple item mountain pizza,0,g,0,mg,0,g,4,g,0,g,0,g,0,g,0,g,3,g
365,mountain mikes pizza,pineapple for multiple item small pizza,0,g,0,mg,0,g,2,g,0,g,0,g,0,g,0,g,2,g
366,mountain mikes pizza,pineapple for single item large pizza,0,g,0,mg,0,g,4,g,0,g,0,g,0,g,0,g,4,g
367,mountain mikes pizza,pineapple for single item medium pizza,0,g,0,mg,0,g,3,g,0,g,0,g,0,g,0,g,3,g
368,mountain mikes pizza,pineapple for single item mini pizza,0,g,0,mg,0,g,2,g,0,g,0,g,0,g,0,g,2,g
369,mountain mikes pizza,pineapple for single item mountain pizza,0,g,0,mg,0,g,6,g,0,g,0,g,0,g,0,g,5,g
370,mountain mikes pizza,pineapple for single item small pizza,0,g,0,mg,0,g,3,g,0,g,0,g,0,g,0,g,3,g
371,mountain mikes pizza,pizza dough for multiple item large pizza,1,g,0,mg,15,g,28,g,4,g,0,g,0,g,1,g,1,g
372,mountain mikes pizza,pizza dough for multiple item medium pizza,1,g,0,mg,15,g,24,g,3,g,0,g,0,g,1,g,1,g
373,mountain mikes pizza,pizza dough for multiple item mini pizza,0.5,g,0,mg,10,g,13,g,2,g,0,g,0,g,1,g,1,g
374,mountain mikes pizza,pizza dough for multiple item mountain pizza,2,g,0,mg,25,g,38,g,5,g,0,g,0,g,2,g,2,g
375,mountain mikes pizza,pizza dough for multiple item small pizza,0.5,g,0,mg,10,g,17,g,2,g,0,g,0,g,1,g,1,g
376,mountain mikes pizza,pizza dough for single item large pizza,1,g,0,mg,15,g,28,g,4,g,0,g,0,g,1,g,1,g
377,mountain mikes pizza,pizza dough for single item medium pizza,1,g,0,mg,15,g,24,g,3,g,0,g,0,g,1,g,1,g
378,mountain mikes pizza,pizza dough for single item mini pizza,0.5,g,0,mg,10,g,13,g,2,g,0,g,0,g,1,g,1,g
379,mountain mikes pizza,pizza dough for single item mountain pizza,2,g,0,mg,25,g,38,g,5,g,0,g,0,g,2,g,2,g
380,mountain mikes pizza,pizza dough for single item small pizza,0.5,g,0,mg,10,g,17,g,2,g,0,g,0,g,1,g,1,g
381,mountain mikes pizza,pizza sauce for multiple item large pizza,0,g,0,mg,30,g,1,g,0,g,0,g,0,g,0,g,1,g
382,mountain mikes pizza,pizza sauce for multiple item medium pizza,0,g,0,mg,25,g,1,g,0,g,0,g,0,g,0,g,0,g
383,mountain mikes pizza,pizza sauce for multiple item mini pizza,0,g,0,mg,20,g,1,g,0,g,0,g,0,g,0,g,0,g
384,mountain mikes pizza,pizza sauce for multiple item mountain pizza,0,g,0,mg,45,g,1,g,0,g,0,g,0,g,0,g,1,g
385,mountain mikes pizza,pizza sauce for multiple item small pizza,0,g,0,mg,20,g,1,g,0,g,0,g,0,g,0,g,0,g
386,mountain mikes pizza,pizza sauce for single item large pizza,0,g,0,mg,30,g,1,g,0,g,0,g,0,g,0,g,1,g
387,mountain mikes pizza,pizza sauce for single item medium pizza,0,g,0,mg,25,g,1,g,0,g,0,g,0,g,0,g,0,g
388,mountain mikes pizza,pizza sauce for single item mini pizza,0,g,0,mg,20,g,1,g,0,g,0,g,0,g,0,g,0,g
389,mountain mikes pizza,pizza sauce for single item mountain pizza,0,g,0,mg,45,g,1,g,0,g,0,g,0,g,0,g,1,g
390,mountain mikes pizza,pizza sauce for single item small pizza,0,g,0,mg,20,g,1,g,0,g,0,g,0,g,0,g,0,g
391,mountain mikes pizza,potato salad,2.5,g,5,mg,105,g,6,g,1,g,0.5,g,0,g,1,g,2,g
392,mountain mikes pizza,potato salad with diced egg,2.5,g,5,mg,105,g,6,g,1,g,0.5,g,0,g,1,g,2,g
393,mountain mikes pizza,raspberry parfait,0.5,g,0,mg,20,g,5,g,1,g,0.5,g,0,g,0,g,5,g
394,mountain mikes pizza,red potato salad,4,g,5,mg,120,g,4,g,0,g,1,g,0,g,0,g,0,g
395,mountain mikes pizza,robbers roost pizza red large,6,g,20,mg,250,g,30,g,10,g,2.5,g,0,g,2,g,2,g
396,mountain mikes pizza,robbers roost pizza red medium,6,g,15,mg,220,g,26,g,9,g,2,g,0,g,1,g,2,g
397,mountain mikes pizza,robbers roost pizza red mountain,8,g,25,mg,320,g,41,g,13,g,3,g,0,g,2,g,3,g
398,mountain mikes pizza,robbers roost pizza red small,4.5,g,15,mg,170,g,19,g,7,g,2,g,0,g,1,g,1,g
399,mountain mikes pizza,robbers roost pizza white large,8,g,15,mg,260,g,30,g,9,g,2,g,0,g,1,g,2,g
400,mountain mikes pizza,robbers roost pizza white medium,7,g,15,mg,230,g,26,g,8,g,2,g,0,g,1,g,2,g
401,mountain mikes pizza,robbers roost pizza white mountain,12,g,25,mg,360,g,40,g,12,g,3,g,0,g,2,g,3,g
402,mountain mikes pizza,robbers roost pizza white small,6,g,10,mg,180,g,19,g,6,g,1.5,g,0,g,1,g,1,g
403,mountain mikes pizza,salad mix,0,g,0,mg,0,g,1,g,0,g,0,g,0,g,0,g,1,g
404,mountain mikes pizza,salami for multiple item large pizza,2.5,g,10,mg,140,g,0,g,2,g,1,g,0,g,0,g,0,g
405,mountain mikes pizza,salami for multiple item medium pizza,2.5,g,5,mg,125,g,0,g,2,g,1,g,0,g,0,g,0,g
406,mountain mikes pizza,salami for multiple item mini pizza,1.5,g,5,mg,85,g,0,g,1,g,0.5,g,0,g,0,g,0,g
407,mountain mikes pizza,salami for multiple item mountain pizza,4,g,10,mg,200,g,0,g,3,g,1.5,g,0,g,0,g,0,g
408,mountain mikes pizza,salami for multiple item small pizza,2,g,5,mg,100,g,0,g,1,g,0.5,g,0,g,0,g,0,g
409,mountain mikes pizza,salami for single item large pizza,4,g,10,mg,220,g,0,g,3,g,2,g,0,g,0,g,0,g
410,mountain mikes pizza,salami for single item medium pizza,3,g,10,mg,180,g,0,g,2,g,1.5,g,0,g,0,g,0,g
411,mountain mikes pizza,salami for single item mini pizza,2.5,g,5,mg,125,g,0,g,2,g,1,g,0,g,0,g,0,g
412,mountain mikes pizza,salami for single item mountain pizza,5,g,15,mg,300,g,0,g,4,g,2,g,0,g,0,g,0,g
413,mountain mikes pizza,salami for single item small pizza,2.5,g,10,mg,150,g,0,g,2,g,1,g,0,g,0,g,0,g
414,mountain mikes pizza,sierra mist,0,g,0,mg,40,g,39,g,0,g,0,g,0,g,0,g,39,g
415,mountain mikes pizza,sizzlin bacon classic large,12,g,25,mg,420,g,29,g,11,g,3.5,g,0,g,1,g,2,g
416,mountain mikes pizza,sizzlin bacon classic medium,10,g,20,mg,370,g,25,g,9,g,3,g,0,g,1,g,1,g
417,mountain mikes pizza,sizzlin bacon classic mountain,16,g,30,mg,590,g,39,g,15,g,5,g,0,g,2,g,2,g
418,mountain mikes pizza,sizzlin bacon classic small,8,g,15,mg,300,g,18,g,7,g,2.5,g,0,g,1,g,1,g
419,mountain mikes pizza,sliced beets,0,g,0,mg,50,g,2,g,0,g,0,g,0,g,0,g,1,g
420,mountain mikes pizza,snowy alps pizza creamy garlic combo large,10,g,20,mg,310,g,30,g,8,g,3,g,0,g,1,g,2,g
421,mountain mikes pizza,snowy alps pizza creamy garlic combo medium,9,g,15,mg,280,g,26,g,7,g,2.5,g,0,g,1,g,2,g
422,mountain mikes pizza,snowy alps pizza creamy garlic combo mountain,14,g,25,mg,440,g,40,g,11,g,4,g,0,g,2,g,3,g
423,mountain mikes pizza,snowy alps pizza creamy garlic combo small,7,g,10,mg,220,g,19,g,6,g,2,g,0,g,1,g,1,g
424,mountain mikes pizza,snowy alps pizza creamy garlic veggie large,8,g,10,mg,240,g,30,g,7,g,2,g,0,g,2,g,2,g
425,mountain mikes pizza,snowy alps pizza creamy garlic veggie medium,7,g,10,mg,210,g,26,g,6,g,1.5,g,0,g,1,g,2,g
426,mountain mikes pizza,snowy alps pizza creamy garlic veggie mountain,11,g,15,mg,330,g,41,g,10,g,2.5,g,0,g,2,g,3,g
427,mountain mikes pizza,snowy alps pizza creamy garlic veggie small,6,g,10,mg,170,g,19,g,5,g,1.5,g,0,g,1,g,1,g
428,mountain mikes pizza,strawberry parfait,0.5,g,0,mg,20,g,5,g,1,g,0.5,g,0,g,0,g,5,g
429,mountain mikes pizza,sun dried tomatoes for multiple item large pizza,0,g,0,mg,65,g,2,g,0,g,0,g,0,g,0,g,1,g
430,mountain mikes pizza,sun dried tomatoes for multiple item medium pizza,0,g,0,mg,55,g,2,g,0,g,0,g,0,g,0,g,1,g
431,mountain mikes pizza,sun dried tomatoes for multiple item mini pizza,0,g,0,mg,35,g,1,g,0,g,0,g,0,g,0,g,1,g
432,mountain mikes pizza,sun dried tomatoes for multiple item mountain pizza,0,g,0,mg,90,g,2,g,1,g,0,g,0,g,1,g,2,g
433,mountain mikes pizza,sun dried tomatoes for multiple item small pizza,0,g,0,mg,45,g,1,g,0,g,0,g,0,g,0,g,1,g
434,mountain mikes pizza,sun dried tomatoes for single item large pizza,0,g,0,mg,95,g,3,g,1,g,0,g,0,g,1,g,2,g
435,mountain mikes pizza,sun dried tomatoes for single item medium pizza,0,g,0,mg,85,g,2,g,1,g,0,g,0,g,0,g,2,g
436,mountain mikes pizza,sun dried tomatoes for single item mini pizza,0,g,0,mg,55,g,2,g,0,g,0,g,0,g,0,g,1,g
437,mountain mikes pizza,sun dried tomatoes for single item mountain pizza,0,g,0,mg,135,g,4,g,1,g,0,g,0,g,1,g,2,g
438,mountain mikes pizza,sun dried tomatoes for single item small pizza,0,g,0,mg,70,g,2,g,0,g,0,g,0,g,0,g,1,g
439,mountain mikes pizza,sunflower seeds,10,g,0,mg,0,g,7,g,6,g,2,g,0,g,3,g,0,g
440,mountain mikes pizza,the chicken club pizza large,12,g,25,mg,380,g,29,g,12,g,4,g,0,g,1,g,2,g
441,mountain mikes pizza,the chicken club pizza medium,10,g,25,mg,330,g,25,g,10,g,3.5,g,0,g,1,g,2,g
442,mountain mikes pizza,the chicken club pizza mini,6,g,15,mg,200,g,14,g,6,g,2,g,0,g,1,g,1,g
443,mountain mikes pizza,the chicken club pizza mountain,17,g,40,mg,530,g,40,g,16,g,5,g,0,g,2,g,2,g
444,mountain mikes pizza,the chicken club pizza small,8,g,20,mg,260,g,18,g,8,g,2.5,g,0,g,1,g,1,g
445,mountain mikes pizza,the everest pizza large,10,g,25,mg,390,g,30,g,11,g,4,g,0,g,1,g,2,g
446,mountain mikes pizza,the everest pizza medium,9,g,25,mg,340,g,26,g,10,g,3.5,g,0,g,1,g,2,g
447,mountain mikes pizza,the everest pizza mountain,14,g,35,mg,540,g,41,g,16,g,6,g,0,g,2,g,3,g
448,mountain mikes pizza,the everest pizza small,7,g,20,mg,260,g,19,g,8,g,3,g,0,g,1,g,1,g
449,mountain mikes pizza,the pineapple chicken luau pizza large,10,g,30,mg,410,g,34,g,13,g,4,g,0,g,1,g,6,g
450,mountain mikes pizza,the pineapple chicken luau pizza medium,9,g,25,mg,360,g,30,g,11,g,3.5,g,0,g,1,g,5,g
451,mountain mikes pizza,the pineapple chicken luau pizza mini,5,g,15,mg,220,g,17,g,7,g,2,g,0,g,1,g,3,g
452,mountain mikes pizza,the pineapple chicken luau pizza mountain,14,g,40,mg,580,g,47,g,18,g,6,g,0,g,2,g,9,g
453,mountain mikes pizza,the pineapple chicken luau pizza small,7,g,20,mg,280,g,21,g,9,g,3,g,0,g,1,g,4,g
454,mountain mikes pizza,thousand island salad dressing,22,g,10,mg,600,g,10,g,0,g,3,g,0,g,0,g,8,g
455,mountain mikes pizza,tomato slices for multiple item large pizza,0,g,0,mg,0,g,1,g,0,g,0,g,0,g,0,g,1,g
456,mountain mikes pizza,tomato slices for multiple item medium pizza,0,g,0,mg,0,g,1,g,0,g,0,g,0,g,0,g,0,g
457,mountain mikes pizza,tomato slices for multiple item mini pizza,0,g,0,mg,0,g,0,g,0,g,0,g,0,g,0,g,0,g
458,mountain mikes pizza,tomato slices for multiple item mountain pizza,0,g,0,mg,0,g,1,g,0,g,0,g,0,g,0,g,1,g
459,mountain mikes pizza,tomato slices for multiple item small pizza,0,g,0,mg,0,g,0,g,0,g,0,g,0,g,0,g,0,g
460,mountain mikes pizza,tomato slices for single item large pizza,0,g,0,mg,0,g,2,g,0,g,0,g,0,g,0,g,1,g
461,mountain mikes pizza,tomato slices for single item mini pizza,0,g,0,mg,0,g,1,g,0,g,0,g,0,g,0,g,0,g
462,mountain mikes pizza,tomato slices for single item mountain pizza,0,g,0,mg,0,g,1,g,0,g,0,g,0,g,0,g,1,g
463,mountain mikes pizza,tomato slices for single item small pizza,0,g,0,mg,0,g,1,g,0,g,0,g,0,g,0,g,0,g
464,mountain mikes pizza,topping cheese for multiple item large pizza,0,g,0,mg,15,g,0,g,0,g,0,g,0,g,0,g,0,g
465,mountain mikes pizza,topping cheese for multiple item medium pizza,0,g,0,mg,10,g,0,g,0,g,0,g,0,g,0,g,0,g
466,mountain mikes pizza,topping cheese for multiple item mini pizza,0,g,0,mg,5,g,0,g,0,g,0,g,0,g,0,g,0,g
467,mountain mikes pizza,topping cheese for multiple item mountain pizza,1,g,5,mg,20,g,0,g,1,g,0,g,0,g,0,g,0,g
468,mountain mikes pizza,topping cheese for multiple item small pizza,0,g,0,mg,10,g,0,g,0,g,0,g,0,g,0,g,0,g
469,mountain mikes pizza,topping cheese for single item large pizza,0,g,5,mg,15,g,0,g,0,g,0,g,0,g,0,g,0,g
470,mountain mikes pizza,topping cheese for single item medium pizza,0,g,0,mg,10,g,0,g,0,g,0,g,0,g,0,g,0,g
471,mountain mikes pizza,topping cheese for single item mini pizza,0,g,0,mg,10,g,0,g,0,g,0,g,0,g,0,g,0,g
472,mountain mikes pizza,topping cheese for single item mountain pizza,1,g,5,mg,20,g,0,g,1,g,0,g,0,g,0,g,0,g
473,mountain mikes pizza,topping cheese for single item small pizza,3.5,g,10,mg,90,g,0,g,3,g,2,g,0,g,0,g,0,g
474,mountain mikes pizza,tropicana pink lemonade,0,g,0,mg,90,g,41,g,0,g,0,g,0,g,0,g,39,g
475,mr sub,triple chocolate chip cookie,8,g,10,mg,115,g,23,g,2,g,3,g,0,g,1,g,14,g
476,mr sub,carnival cookie,7,g,10,mg,140,g,24,g,2,g,3,g,0,g,1,g,15,g
477,mr sub,everything bagel,3.5,g,0,mg,670,g,57,g,11,g,0,g,0,g,4,g,2,g
478,mr sub,strawberry shortcake cookie,7,g,10,mg,130,g,24,g,1,g,4,g,0,g,1,g,16,g
479,mr sub,multigrain sub bun,2.5,g,0,mg,290,g,40,g,8,g,0.5,g,0,g,3,g,4,g
480,mr sub,apple turnover,18,g,0,mg,220,g,31,g,3,g,7,g,0,g,1,g,10,g
481,mr sub,cinnamon roll,27,g,5,mg,3670,g,84,g,7,g,12,g,3,g,2,g,34,g
482,mr sub,milk chocolate chunk cookie,8,g,10,mg,140,g,23,g,2,g,4,g,0,g,1,g,14,g
483,mr sub,oatmeal and raisin cookie,7,g,10,mg,130,g,23,g,2,g,4,g,0,g,2,g,13,g
484,mr sub,double chocolate chip cookie,8,g,10,mg,135,g,23,g,2,g,5,g,0,g,1,g,15,g
485,mr sub,banana muffin,15,g,0,mg,400,g,55,g,5,g,2,g,0,g,2,g,31,g
486,mr sub,caramel coffee swirl muffin,13,g,0,mg,270,g,57,g,6,g,1,g,0,g,2,g,27,g
487,mr sub,fruit fibre extreme muffin,14,g,0,mg,280,g,53,g,6,g,2,g,0,g,2,g,25,g
488,mr sub,blueberry muffin,14,g,0,mg,280,g,53,g,6,g,2,g,0,g,2,g,25,g
489,mr sub,carrot muffin,13,g,0,mg,260,g,54,g,5,g,1,g,0,g,2,g,28,g
490,mr sub,croissant,16,g,55,mg,320,g,27,g,6,g,9,g,0.4,g,1,g,4,g
491,mr sub,homestyle double chocolate brownie,20,g,25,mg,170,g,69,g,5,g,3.5,g,0,g,2,g,46,g
492,mr sub,cheese danish,12,g,10,mg,210,g,35,g,5,g,5,g,0,g,1,g,11,g
493,mr sub,plain bagel,3.5,g,0,mg,670,g,57,g,11,g,0,g,0,g,4,g,2,g
494,mr sub,coffee cream 18,5.5,g,20,mg,10,g,1,g,1,g,3.5,g,0.2,g,0,g,1,g
495,mr sub,milk 2,0.5,g,0,mg,15,g,1,g,1,g,0.3,g,0,g,0,g,1,g
496,mr sub,coffee all varieties,0,g,0,mg,0,g,0,g,0,g,0,g,0,g,0,g,0,g
497,mr sub,hot chocoalte,3,g,0,mg,130,g,24,g,1,g,2.5,g,0,g,1,g,20,g
498,mr sub,egg and cheese breakfast sandwich filling,11.5,g,375,mg,280,g,1,g,11,g,4.5,g,0,g,0,g,1,g
499,mr sub,egg and sausage breakfast sandwich filling,22.5,g,400,mg,520,g,2,g,18,g,8.5,g,0,g,0,g,1,g
500,mr sub,egg and ham breakfast sandwich filling,12.5,g,390,mg,530,g,1,g,15,g,4.5,g,0,g,0,g,1,g
501,mr sub,chicken souvlaki flatbread,43,g,70,mg,1370,g,58,g,24,g,10,g,0.5,g,5,g,7,g
502,mr sub,peppery chicken caesar flatbread,33,g,7,mg,1500,g,56,g,33,g,8,g,0.5,g,5,g,5,g
503,mr sub,egg and steak breakfast sandwich filling,12.5,g,390,mg,430,g,2,g,16,g,505,g,0,g,0,g,1,g
504,mr sub,chicken bruschetta flatbread,23,g,40,mg,730,g,60,g,24,g,3.5,g,0.4,g,5,g,6,g
505,mr sub,egg and bacon breakfast sandwich filling,16.5,g,395,mg,540,g,1,g,15,g,6.5,g,0,g,0,g,1,g
506,mr sub,light mayonnaise,5,g,10,mg,130,g,2,g,0.4,g,1,g,0.1,g,0,g,2,g
507,mr sub,sugar for beverages,0,g,0,mg,0,g,12,g,0,g,0,g,0,g,0,g,12,g
508,mr sub,dijon mustard,0,g,0,mg,420,g,7,g,0,g,0,g,0,g,0,g,0,g
509,mr sub,kids milk,4.5,g,20,mg,120,g,11,g,8,g,3,g,0.2,g,0,g,10,g
510,mr sub,small chocolate milk,2.5,g,15,mg,190,g,25,g,6,g,1.5,g,0,g,0,g,23,g
511,mr sub,kids turkey and cheese traditional white bread sub,6,g,30,mg,740,g,41,g,18,g,2.5,g,0,g,2,g,4,g
512,mr sub,strawberry banana fruit juiice,0,g,0,mg,20,g,22,g,0,g,0,g,0,g,0,g,20,g
513,mr sub,kids ham and cheese traditional white bread sub,8.5,g,35,mg,930,g,42,g,19,g,3,g,0,g,2,g,4,g
514,mr sub,kids turkey and cheese filling for subs,3.5,g,30,mg,490,g,1,g,10,g,2,g,0,g,0,g,1,g
515,mr sub,kids assorted mix with cheese sub filling,12,g,50,mg,970,g,4,g,13,g,5,g,0,g,1,g,2,g
516,mr sub,kids assorted mix with cheese traditional white sub sandwich,14.6,g,50,mg,1227,g,44.3,g,21.1,g,5.5,g,0,g,3,g,5,g
517,mr sub,kids ham and cheese filling for subs,6,g,35,mg,680,g,2,g,11,g,2.5,g,0,g,0,g,1,g
518,mr sub,orange juice,0,g,0,mg,20,g,21,g,0,g,0,g,0,g,0,g,19,g
519,mr sub,apple juice,0,g,0,mg,10,g,22,g,0,g,0,g,0,g,0,g,20,g
520,mr sub,sliced dill pickles,0,g,0,mg,110,g,0,g,0,g,0,g,0,g,0,g,0,g
521,mr sub,parmesan cheese,4,g,10,mg,100,g,1,g,4,g,2.5,g,0.2,g,0,g,1,g
522,mr sub,green olives,0.5,g,0,mg,160,g,1,g,0.1,g,0.1,g,0,g,0,g,0,g
523,mr sub,banana peppers,0,g,0,mg,110,g,0,g,0.1,g,0,g,0,g,0,g,0,g
524,mr sub,jalapeno peppers,0,g,0,mg,160,g,0,g,0,g,0,g,0,g,0,g,0,g
525,mr sub,croutons,1.5,g,0,mg,230,g,10,g,1,g,0.2,g,0,g,0,g,0,g
526,mr sub,grilled chicken for salads,1.5,g,30,mg,330,g,2,g,13,g,0.5,g,0,g,0,g,1,g
527,mr sub,albacore tuna for salads,6,g,45,mg,740,g,1,g,22,g,0.4,g,0,g,0,g,0,g
528,mr sub,turkey for salads,1,g,20,mg,320,g,0,g,8,g,0.3,g,0,g,0,g,0,g
529,mr sub,ham for salads,2.5,g,20,mg,380,g,0,g,6,g,1,g,0,g,0,g,0,g
530,mr sub,seafood for salad,7,g,5,mg,850,g,13,g,6,g,0.5,g,0,g,0,g,4,g
531,mr sub,italian spring herb dressing,6,g,0,mg,380,g,3,g,0.3,g,0.5,g,0,g,0,g,0,g
532,mr sub,ranch dressing,18,g,5,mg,280,g,2,g,0,g,3,g,0,g,0,g,1,g
533,mr sub,greek feta dressing,28,g,15,mg,210,g,0,g,1,g,3,g,0.3,g,0,g,0,g
534,mr sub,caesar dressing,23,g,15,mg,210,g,3,g,1,g,1.5,g,0,g,0,g,0,g
535,mr sub,garden salad without dressing,6,g,15,mg,170,g,9,g,7,g,3.5,g,0,g,3,g,5,g
536,mr sub,caesar salad,9,g,30,mg,430,g,3,g,1,g,4,g,0.1,g,2,g,2,g
537,mr sub,greek salad without dressing,8,g,25,mg,470,g,12,g,7,g,4.5,g,0,g,4,g,6,g
538,mr sub,spicy breaded chicken for signature sub,26,g,50,mg,1300,g,26,g,30,g,6,g,0.4,g,0,g,2,g
539,mr sub,steak and cheese for premium sub,12,g,80,mg,1000,g,6,g,28,g,6,g,0.2,g,0,g,4,g
540,mr sub,buffalo chicken for signature,14,g,80,mg,460,g,12,g,28,g,7,g,0.2,g,0,g,2,g
541,mr sub,veggie and cheese,5,g,20,mg,350,g,4,g,5,g,3,g,0.2,g,0,g,3,g
542,mr sub,louisiana chicken strips,6,g,40,mg,570,g,1,g,12,g,1.5,g,0.1,g,0,g,0,g
543,mr sub,turkey,1,g,20,mg,320,g,0,g,8,g,0.3,g,0,g,0,g,0,g
544,mr sub,assorted mix for sub,12,g,50,mg,970,g,4,g,13,g,5,g,0.1,g,1,g,2,g
545,mr sub,chicken souvlaki for premium sub,14,g,90,mg,740,g,2,g,22,g,5,g,0,g,0,g,0,g
546,mr sub,canadian club for signature sub,22,g,110,mg,1860,g,4,g,34,g,9,g,0.2,g,0,g,2,g
547,mr sub,meatballs,12,g,30,mg,460,g,6,g,14,g,5,g,0.4,g,0,g,1,g
548,mr sub,chicken parmesan for signature sub,32,g,70,mg,1580,g,26,g,38,g,10,g,0.6,g,0,g,2,g
549,mr sub,whole wheat tortilla,7,g,0,mg,560,g,48,g,10,g,2,g,0,g,5,g,2,g
550,mr sub,grilled chicken for signature sub,8,g,80,mg,1020,g,6,g,28,g,4,g,0.2,g,0,g,2,g
551,mr sub,green peppers,0,g,0,mg,0,g,1,g,0.1,g,0,g,0,g,0,g,0,g
552,mr sub,roast beef and cheddar,4.5,g,30,mg,510,g,0,g,14,g,1.5,g,1.5,g,0,g,0,g
553,mr sub,red onions,0,g,0,mg,0,g,1,g,0.1,g,0,g,0,g,0,g,0,g
554,mr sub,double stacked smoked meat for subs,22,g,130,mg,2060,g,6,g,40,g,4,g,0.4,g,0,g,2,g
555,mr sub,mozza cheddar cheese blend,3.5,g,10,mg,85,g,1,g,4,g,2,g,0.1,g,0,g,1,g
556,mr sub,pizza for classic sub,10,g,30,mg,640,g,2,g,9,g,4.5,g,0.2,g,0,g,1,g
557,mr sub,mediterranean greek sub bun,3,g,0,mg,470,g,43,g,8,g,10,g,0,g,2,g,4,g
558,mr sub,ultimate club for premium sub,24,g,120,mg,2000,g,0,g,46,g,9,g,1,g,0,g,0,g
559,mr sub,sliced mushrooms,0,g,0,mg,100,g,1,g,0.2,g,0,g,0,g,0,g,0,g
560,mr sub,seafood,4.5,g,10,mg,460,g,10,g,4,g,1,g,0.1,g,0,g,2,g
561,mr sub,white cheese,2.5,g,10,mg,170,g,1,g,2,g,1.5,g,0.1,g,0,g,1,g
562,mr sub,bacon,4,g,13,mg,190,g,0,g,3,g,1.5,g,0,g,0,g,0,g
563,mr sub,spicy breaded chicken,10,g,15,mg,480,g,12,g,13,g,1.5,g,0.1,g,0,g,0,g
564,mr sub,albacore tuna,3,g,25,mg,370,g,1,g,11,g,0.2,g,0,g,0,g,0,g
565,mr sub,breaded chicken,11,g,15,mg,460,g,12,g,12,g,2,g,0.1,g,0,g,0,g
566,mr sub,harvest wheat sub bun,2.5,g,0,mg,300,g,39,g,8,g,0.5,g,0,g,3,g,4,g
567,mr sub,louisiana pepper chicken for premium sub,16,g,100,mg,1480,g,6,g,28,g,6,g,0.4,g,0,g,2,g
568,mr sub,feta cheese,7,g,30,mg,360,g,1,g,5,g,4.5,g,0.2,g,0,g,1,g
569,mr sub,traditional white sub bun,2.5,g,0,mg,250,g,40,g,8,g,0.5,g,0,g,2,g,3,g
570,mr sub,grilled chicken strips,1.5,g,30,mg,340,g,3,g,13,g,0.5,g,0,g,0,g,1,g
571,mr sub,french fried onions,3.5,g,0,mg,60,g,3,g,0,g,1.5,g,0,g,0,g,0,g
572,mr sub,white flatbread,3,g,0,mg,430,g,53,g,9,g,0.5,g,0,g,4,g,3,g
573,mr sub,ham,3,g,25,mg,510,g,0,g,8,g,1,g,0,g,0,g,0,g
574,mr sub,salami,7,g,20,mg,470,g,1,g,7,g,3,g,0.1,g,0,g,0,g
575,mr sub,mozza cheddar sub bun,6,g,10,mg,350,g,40,g,11,g,3,g,0,g,2,g,3,g
576,mr sub,pineapple,0,g,0,mg,0,g,4,g,0.2,g,0,g,0,g,1,g,4,g
577,mr sub,steak,3,g,30,mg,330,g,2,g,11,g,1.5,g,0,g,0,g,1,g
578,mr sub,tomato basil tortilla,7,g,0,mg,580,g,52,g,9,g,2,g,0,g,2,g,2,g
579,mr sub,luncheon meat,5,g,20,mg,360,g,2,g,4,g,1.5,g,0,g,1,g,1,g
580,mr sub,tomato,0,g,0,mg,5,g,4,g,1,g,0,g,0,g,1,g,3,g
581,mr sub,shredded lettuce,0,g,0,mg,10,g,3,g,1,g,0,g,0,g,1,g,2,g
582,mr sub,white tortilla,7,g,0,mg,560,g,52,g,9,g,2,g,0,g,2,g,2,g
583,mr sub,smoked meat,4,g,30,mg,430,g,1,g,9,g,0.2,g,0.2,g,0,g,0,g
584,mr sub,cheddar cheese,7,g,15,mg,315,g,0,g,12,g,4.5,g,0.3,g,0,g,0,g
585,mr sub,black olives,1.5,g,0,mg,0,g,1,g,0.1,g,0,g,0,g,0,g,0,g
586,mr sub,cucumber,0,g,0,mg,0,g,0,g,0.1,g,0,g,0,g,0,g,0,g
587,mr sub,louisiana chicken sauce,0,g,0,mg,410,g,6,g,0.4,g,0,g,0,g,0,g,4,g
588,mr sub,yellow mustard sauce,0,g,0,mg,115,g,1,g,0,g,0,g,0,g,0,g,0,g
589,mr sub,forty creek whisky bbq sauce,0,g,0,mg,400,g,13,g,0.4,g,0,g,0,g,0,g,12,g
590,mr sub,franks red hot buffalo wing sauce,0,g,0,mg,310,g,0,g,0,g,0,g,0,g,0,g,0,g
591,mr sub,southwest chipotle sauce,11,g,10,mg,220,g,2,g,0.4,g,1,g,0,g,0,g,0,g
592,mr sub,buttermilk ranch sauce,6,g,5,mg,125,g,1,g,0.4,g,0.4,g,0,g,0,g,1,g
593,mr sub,grace spicy jerk sauce,0,g,0,mg,0,g,5,g,0,g,0,g,0,g,0,g,4,g
594,mr sub,68 sub sauce,8,g,0,mg,70,g,0,g,0,g,0.5,g,0.2,g,0,g,0,g
595,mr sub,caesar sauce for subs,9,g,20,mg,200,g,0,g,0.4,g,1,g,0,g,0,g,0,g
596,mr sub,pizza sauce,0,g,0,mg,220,g,4,g,0.3,g,0,g,0,g,0,g,3,g
597,mr sub,honey mustard sauce,0,g,0,mg,65,g,4,g,0,g,0,g,0,g,0,g,4,g
598,mr sub,marinara sauce,0,g,0,mg,160,g,4,g,0.5,g,0,g,0,g,1,g,3,g
599,mr sub,spicy 68 sub sauce,8,g,0,mg,70,g,0,g,0,g,0.5,g,0.2,g,0,g,0,g
600,mr sub,tzatziki sauce,16,g,10,mg,160,g,1,g,0.2,g,2.5,g,0.2,g,0,g,0,g
601,mr sub,thai red curry chicken and rice soup,6,g,10,mg,700,g,17,g,4,g,4,g,0,g,1,g,0,g
602,mr sub,beef chili,8,g,10,mg,135,g,23,g,2,g,5,g,0,g,1,g,15,g
603,mr sub,chicken with rice soup,1.5,g,5,mg,740,g,14,g,3,g,0.5,g,0,g,1,g,1,g
604,mr sub,smoked turkey with rice soup,1,g,5,mg,640,g,14,g,3,g,0.3,g,0,g,1,g,0,g
605,mr sub,minestrone soup,0,g,0,mg,630,g,17,g,4,g,0,g,0,g,3,g,0,g
606,mr sub,chicken noodle twist soup,2,g,5,mg,640,g,14,g,4,g,0.4,g,0,g,1,g,0,g
607,mr sub,italian wedding soup,3,g,5,mg,780,g,17,g,4,g,1,g,0,g,1,g,0,g
608,mr sub,creamy tomato and red pepper soup,2,g,10,mg,680,g,16,g,4,g,1,g,0,g,2,g,0,g
609,mr sub,cauliflower and cheese soup,8,g,20,mg,690,g,13,g,1,g,4.5,g,0.2,g,1,g,0,g
610,mr sub,cream of mushroom soup,7,g,20,mg,700,g,17,g,4,g,0.4,g,0,g,1,g,0,g
611,mr sub,garden vegetable soup,0.5,g,0,mg,720,g,10,g,1,g,0.3,g,0,g,1,g,0,g
612,mr sub,vegetable beef and barley soup,1,g,5,mg,630,g,14,g,3,g,0.4,g,0,g,3,g,0,g
613,mr sub,cream of broccoli soup,8,g,20,mg,690,g,13,g,1,g,4.5,g,0.2,g,1,g,0,g
614,mr sub,chipotle turkey and bacon wrap,29,g,50,mg,1530,g,50,g,22,g,7,g,0,g,2,g,1,g
615,mr sub,peppery chicken caesar wrap,31,g,85,mg,1790,g,49,g,27,g,7,g,0.4,g,2,g,1,g
616,mr sub,southwest thai chicken wrap,23,g,60,mg,1130,g,59,g,25,g,5,g,0,g,3,g,4,g
617,mr sub,68 sub sauce large,16,g,0,mg,140,g,0,g,0,g,1,g,0,g,0,g,0,g
618,mr sub,68 sub sauce small,8,g,0,mg,70,g,0,g,0,g,0.5,g,0,g,0,g,0,g
619,mr sub,2 m f milk,0.5,g,0,mg,15,g,1,g,1,g,0,g,0,g,0,g,1,g
620,mr sub,add albacore tuna,6,g,45,mg,740,g,1,g,22,g,0,g,0,g,0,g,0,g
621,mr sub,add grilled chicken,1.5,g,30,mg,330,g,2,g,13,g,0.5,g,0,g,0,g,1,g
622,mr sub,add ham,2.5,g,20,mg,380,g,0,g,6,g,1,g,0,g,0,g,0,g
623,mr sub,add seafood,7,g,5,mg,850,g,13,g,6,g,0.5,g,0,g,0,g,4,g
624,mr sub,add turkey,1,g,20,mg,320,g,0,g,8,g,0,g,0,g,0,g,0,g
625,mr sub,albacore tuna large,12,g,60,mg,1080,g,4,g,26,g,4,g,0,g,0,g,2,g
626,mr sub,albacore tuna small,6,g,30,mg,540,g,2,g,13,g,2,g,0,g,0,g,1,g
627,mr sub,apple turnover,18,g,0,mg,220,g,31,g,3,g,7,g,0,g,1,g,10,g
628,mr sub,assorted meat large,24,g,100,mg,1940,g,8,g,26,g,10,g,0,g,2,g,4,g
629,mr sub,assorted meat small,12,g,50,mg,970,g,4,g,13,g,5,g,0,g,1,g,2,g
630,mr sub,balsamic vinaigrette,13,g,0,mg,220,g,5,g,0,g,1,g,0,g,0,g,3,g
631,mr sub,banana muffin,15,g,0,mg,400,g,55,g,5,g,2,g,0,g,2,g,31,g
632,mr sub,banana peppers large,0,g,0,mg,220,g,0,g,0,g,0,g,0,g,0,g,0,g
633,mr sub,banana peppers small,0,g,0,mg,110,g,0,g,0,g,0,g,0,g,0,g,0,g
634,mr sub,beef chili large,9,g,30,mg,1340,g,28,g,16,g,3,g,0.5,g,6,g,6,g
635,mr sub,beef chili small,6,g,20,mg,870,g,18,g,10,g,2,g,0,g,4,g,4,g
636,mr sub,black olives large,3,g,0,mg,0,g,2,g,0,g,0,g,0,g,0,g,0,g
637,mr sub,black olives small,1.5,g,0,mg,0,g,1,g,0,g,0,g,0,g,0,g,0,g
638,mr sub,blueberry muffin,14,g,0,mg,280,g,53,g,6,g,2,g,0,g,2,g,25,g
639,mr sub,breakfast harvest wheat bread,2.5,g,0,mg,300,g,39,g,8,g,0.5,g,0,g,3,g,4,g
640,mr sub,breakfast hearty multigrain bread,2.5,g,0,mg,290,g,40,g,8,g,0.5,g,0,g,3,g,4,g
641,mr sub,breakfast mediterranean greek bread,3,g,0,mg,470,g,43,g,8,g,1,g,0,g,2,g,4,g
642,mr sub,breakfast mozza cheddar bread,6,g,10,mg,350,g,40,g,11,g,3,g,0,g,2,g,3,g
643,mr sub,breakfast tomato basil tortilla,7,g,0,mg,580,g,52,g,9,g,2,g,0,g,2,g,2,g
644,mr sub,breakfast traditional white bread,2.5,g,0,mg,250,g,40,g,8,g,0.5,g,0,g,2,g,3,g
645,mr sub,breakfast white tortilla,7,g,0,mg,560,g,52,g,9,g,2,g,0,g,2,g,2,g
646,mr sub,breakfast whole wheat tortilla,7,g,0,mg,560,g,48,g,10,g,2,g,0,g,5,g,2,g
647,mr sub,buffalo chicken large,14,g,80,mg,460,g,12,g,28,g,7,g,0,g,0,g,2,g
648,mr sub,buffalo chicken small,7,g,40,mg,230,g,6,g,14,g,3.5,g,0,g,0,g,1,g
649,mr sub,buttermilk ranch dressing large,12,g,10,mg,250,g,2,g,1,g,1,g,0,g,0,g,2,g
650,mr sub,buttermilk ranch dressing small,6,g,5,mg,125,g,1,g,0,g,0,g,0,g,0,g,1,g
651,mr sub,caesar dressing,23,g,15,mg,210,g,3,g,1,g,1.5,g,0,g,0,g,0,g
652,mr sub,caesar dressing large,20,g,40,mg,400,g,0,g,1,g,2,g,0,g,0,g,0,g
653,mr sub,caesar dressing small,10,g,20,mg,200,g,0,g,0,g,1,g,0,g,0,g,0,g
654,mr sub,caesar salad,9,g,30,mg,430,g,3,g,1,g,4,g,0,g,2,g,2,g
655,mr sub,canadian club large,22,g,110,mg,1860,g,4,g,34,g,9,g,0,g,0,g,2,g
656,mr sub,canadian club small,11,g,55,mg,930,g,2,g,17,g,4.5,g,0,g,0,g,1,g
657,mr sub,caramel coffee swirl muffin,13,g,0,mg,270,g,57,g,6,g,1,g,0,g,2,g,27,g
658,mr sub,carnival cookie,7,g,10,mg,140,g,24,g,2,g,3,g,0,g,1,g,15,g
659,mr sub,carrot muffin,13,g,0,mg,260,g,54,g,5,g,1,g,0,g,2,g,28,g
660,mr sub,cauliflower and cheese soup large,12,g,30,mg,1040,g,20,g,2,g,7,g,0,g,2,g,0,g
661,mr sub,cauliflower and cheese soup small,8,g,20,mg,690,g,13,g,1,g,4.5,g,0,g,1,g,0,g
662,mr sub,cheese danish,12,g,10,mg,210,g,35,g,5,g,5,g,0,g,1,g,11,g
663,mr sub,chicken bruschetta breakfast flatbread,23,g,40,mg,730,g,60,g,24,g,3.5,g,0,g,5,g,6,g
664,mr sub,chicken noodle twist soup large,3,g,10,mg,960,g,21,g,6,g,1,g,0,g,2,g,0,g
665,mr sub,chicken noodle twist soup small,2,g,5,mg,640,g,14,g,4,g,0,g,0,g,1,g,0,g
666,mr sub,chicken parmesan large,32,g,70,mg,1580,g,26,g,38,g,10,g,0.5,g,0,g,2,g
667,mr sub,chicken parmesan small,16,g,35,mg,790,g,13,g,19,g,5,g,0,g,0,g,1,g
668,mr sub,chicken rice soup large,2.5,g,10,mg,1110,g,21,g,5,g,1,g,0,g,2,g,2,g
669,mr sub,chicken rice soup small,1.5,g,5,mg,740,g,14,g,3,g,0.5,g,0,g,1,g,1,g
670,mr sub,chicken souvlaki breakfast flatbread,43,g,70,mg,1370,g,58,g,24,g,10,g,0.5,g,5,g,7,g
671,mr sub,chicken souvlaki large,14,g,90,mg,740,g,2,g,22,g,5,g,0,g,0,g,0,g
672,mr sub,chicken souvlaki small,7,g,45,mg,370,g,1,g,11,g,2.5,g,0,g,0,g,0,g
673,mr sub,chipotle turkey and bacon wrap,29,g,50,mg,1530,g,50,g,22,g,7,g,0,g,2,g,1,g
674,mr sub,cinnamon roll,27,g,5,mg,670,g,84,g,7,g,12,g,3,g,2,g,34,g
675,mr sub,coffee cream,5,g,20,mg,10,g,1,g,1,g,3.5,g,0,g,0,g,1,g
676,mr sub,cream of broccoli soup large,12,g,30,mg,1040,g,20,g,2,g,7,g,0,g,2,g,0,g
677,mr sub,cream of broccoli soup small,8,g,20,mg,690,g,13,g,1,g,4.5,g,0,g,1,g,0,g
678,mr sub,cream of mushroom soup large,10,g,30,mg,1050,g,17,g,5,g,6,g,0,g,2,g,0,g
679,mr sub,cream of mushroom soup small,7,g,20,mg,700,g,11,g,3,g,4,g,0,g,1,g,0,g
680,mr sub,cream of potato and leek soup large,10,g,30,mg,1050,g,26,g,6,g,1,g,0,g,2,g,0,g
681,mr sub,cream of potato and leek soup small,7,g,20,mg,700,g,17,g,4,g,0,g,0,g,1,g,0,g
682,mr sub,cream of tomato and red pepper soup large,3,g,15,mg,1020,g,24,g,6,g,1.5,g,0,g,3,g,0,g
683,mr sub,cream of tomato and red pepper soup small,2,g,10,mg,680,g,16,g,4,g,1,g,0,g,2,g,0,g
684,mr sub,croissant,16,g,55,mg,320,g,27,g,6,g,9,g,0,g,1,g,4,g
685,mr sub,croutons,1.5,g,0,mg,230,g,10,g,1,g,0,g,0,g,0,g,0,g
686,mr sub,cucumbers large,0,g,0,mg,0,g,0,g,0,g,0,g,0,g,0,g,0,g
687,mr sub,cucumbers small,0,g,0,mg,0,g,0,g,0,g,0,g,0,g,0,g,0,g
688,mr sub,deli dill pickle,0,g,0,mg,780,g,2,g,1,g,0,g,0,g,1,g,0,g
689,mr sub,dijon mustard large,0,g,0,mg,840,g,12,g,0,g,0,g,0,g,0,g,0,g
690,mr sub,dijon mustard small,0,g,0,mg,420,g,6,g,0,g,0,g,0,g,0,g,0,g
691,mr sub,double chocolate chip cookie,8,g,10,mg,135,g,23,g,2,g,5,g,0,g,1,g,15,g
692,mr sub,double stacked smoked meat large,22,g,130,mg,2060,g,6,g,40,g,4,g,0,g,0,g,2,g
693,mr sub,double stacked smoked meat small,11,g,65,mg,1030,g,3,g,20,g,2,g,0,g,0,g,1,g
694,mr sub,egg and bacon,17,g,395,mg,540,g,1,g,16,g,7,g,0,g,0,g,1,g
695,mr sub,egg and cheese,12,g,375,mg,280,g,1,g,11,g,4.5,g,0,g,0,g,1,g
696,mr sub,egg and ham,13,g,390,mg,530,g,1,g,15,g,4.5,g,0,g,0,g,1,g
697,mr sub,egg and sausage,23,g,400,mg,520,g,2,g,18,g,9,g,0,g,0,g,1,g
698,mr sub,egg and steak,13,g,390,mg,430,g,2,g,16,g,6,g,0,g,0,g,1,g
699,mr sub,everything bagel,3.5,g,0,mg,670,g,57,g,11,g,0,g,0,g,4,g,2,g
700,mr sub,extra albacore tuna large,6,g,50,mg,740,g,2,g,22,g,0,g,0,g,0,g,0,g
701,mr sub,extra albacore tuna small,3,g,25,mg,370,g,1,g,11,g,0,g,0,g,0,g,0,g
702,mr sub,extra bacon large,8,g,25,mg,380,g,0,g,6,g,3,g,0,g,0,g,0,g
703,mr sub,extra bacon small,4,g,15,mg,190,g,0,g,3,g,1.5,g,0,g,0,g,0,g
704,mr sub,extra breaded chicken large,22,g,30,mg,920,g,24,g,24,g,4,g,0,g,0,g,0,g
705,mr sub,extra breaded chicken small,11,g,15,mg,460,g,12,g,12,g,2,g,0,g,0,g,0,g
706,mr sub,extra cheddar cheese small,7,g,15,mg,320,g,0,g,12,g,4.5,g,0,g,0,g,0,g
707,mr sub,extra cheddar large,14,g,30,mg,630,g,0,g,24,g,9,g,0.5,g,0,g,0,g
708,mr sub,extra chicken souvlaki large,9,g,80,mg,540,g,2,g,20,g,3,g,0,g,0,g,0,g
709,mr sub,extra chicken souvlaki small,4.5,g,40,mg,270,g,1,g,10,g,1.5,g,0,g,0,g,0,g
710,mr sub,extra feta large,14,g,60,mg,720,g,2,g,10,g,9,g,0,g,0,g,2,g
711,mr sub,extra feta small,7,g,30,mg,360,g,1,g,5,g,4.5,g,0,g,0,g,1,g
712,mr sub,extra grilled chicken strips large,3,g,60,mg,680,g,6,g,26,g,1,g,0,g,0,g,2,g
713,mr sub,extra grilled chicken strips small,1.5,g,30,mg,340,g,3,g,13,g,0.5,g,0,g,0,g,1,g
714,mr sub,extra ham large,6,g,50,mg,1020,g,0,g,16,g,2,g,0,g,0,g,0,g
715,mr sub,extra ham small,3,g,25,mg,510,g,0,g,8,g,1,g,0,g,0,g,0,g
716,mr sub,extra louisiana chicken strips large,12,g,80,mg,1140,g,2,g,24,g,3,g,0,g,0,g,0,g
717,mr sub,extra louisiana chicken strips small,6,g,40,mg,570,g,1,g,12,g,1.5,g,0,g,0,g,0,g
718,mr sub,extra luncheon meat large,10,g,40,mg,720,g,4,g,8,g,3,g,0,g,2,g,2,g
719,mr sub,extra luncheon meat small,5,g,20,mg,360,g,2,g,4,g,1.5,g,0,g,1,g,1,g
720,mr sub,extra meatballs large,24,g,60,mg,920,g,12,g,28,g,10,g,1,g,0,g,2,g
721,mr sub,extra meatballs small,12,g,30,mg,460,g,6,g,14,g,5,g,0,g,0,g,1,g
722,mr sub,extra mozza cheddar blend large,7,g,20,mg,170,g,2,g,8,g,4,g,0,g,0,g,2,g
723,mr sub,extra mozza cheddar blend small,3.5,g,10,mg,85,g,1,g,4,g,2,g,0,g,0,g,1,g
724,mr sub,extra parmesan large,8,g,20,mg,200,g,2,g,8,g,5,g,0,g,0,g,2,g
725,mr sub,extra parmesan small,4,g,10,mg,100,g,1,g,4,g,2.5,g,0,g,0,g,1,g
726,mr sub,extra roast beef large,9,g,60,mg,1020,g,0,g,28,g,3,g,3,g,0,g,0,g
727,mr sub,extra roast beef small,4.5,g,30,mg,510,g,0,g,14,g,1.5,g,1.5,g,0,g,0,g
728,mr sub,extra salami large,14,g,40,mg,940,g,2,g,14,g,6,g,0,g,0,g,0,g
729,mr sub,extra salami small,7,g,20,mg,470,g,1,g,7,g,3,g,0,g,0,g,0,g
730,mr sub,extra seafood large,9,g,20,mg,920,g,20,g,8,g,2,g,0,g,0,g,4,g
731,mr sub,extra seafood small,4.5,g,10,mg,460,g,10,g,4,g,1,g,0,g,0,g,2,g
732,mr sub,extra smoked meat large,8,g,60,mg,860,g,2,g,18,g,0,g,0,g,0,g,0,g
733,mr sub,extra smoked meat small,4,g,30,mg,430,g,1,g,9,g,0,g,0,g,0,g,0,g
734,mr sub,extra spicy breaded chicken large,20,g,30,mg,960,g,24,g,26,g,3,g,0,g,0,g,0,g
735,mr sub,extra spicy breaded chicken small,10,g,15,mg,480,g,12,g,13,g,1.5,g,0,g,0,g,0,g
736,mr sub,extra steak large,6,g,60,mg,660,g,4,g,22,g,3,g,0,g,0,g,2,g
737,mr sub,extra steak small,3,g,30,mg,330,g,2,g,11,g,1.5,g,0,g,0,g,1,g
738,mr sub,extra turkey large,2,g,40,mg,640,g,0,g,16,g,0.5,g,0,g,0,g,0,g
739,mr sub,extra turkey small,1,g,20,mg,320,g,0,g,8,g,0,g,0,g,0,g,0,g
740,mr sub,extra white cheese large,5,g,20,mg,340,g,2,g,4,g,3,g,0,g,0,g,2,g
741,mr sub,extra white cheese small,2.5,g,10,mg,170,g,1,g,2,g,1.5,g,0,g,0,g,1,g
742,mr sub,forty creek whisky bbq sauce large,0,g,0,mg,800,g,26,g,1,g,0,g,0,g,0,g,24,g
743,mr sub,forty creek whisky bbq sauce small,0,g,0,mg,400,g,13,g,0,g,0,g,0,g,0,g,12,g
744,mr sub,franks redhot buffalo wings sauce large,0,g,0,mg,620,g,0,g,0,g,0,g,0,g,0,g,0,g
745,mr sub,franks redhot buffalo wings sauce small,0,g,0,mg,310,g,0,g,0,g,0,g,0,g,0,g,0,g
746,mr sub,french fried onions large,7,g,0,mg,120,g,6,g,0,g,3,g,0,g,0,g,0,g
747,mr sub,french fried onions small,3.5,g,0,mg,60,g,3,g,0,g,1.5,g,0,g,0,g,0,g
748,mr sub,fruit fibre extreme muffin,14,g,0,mg,280,g,53,g,6,g,2,g,0,g,2,g,25,g
749,mr sub,garden salad,6,g,15,mg,170,g,9,g,7,g,3.5,g,0,g,3,g,5,g
750,mr sub,grace spicy jerk sauce large,0,g,0,mg,0,g,12,g,0,g,0,g,0,g,0,g,8,g
751,mr sub,grace spicy jerk sauce small,0,g,0,mg,0,g,6,g,0,g,0,g,0,g,0,g,4,g
752,mr sub,greek feta dressing,28,g,15,mg,210,g,0,g,1,g,3,g,0,g,0,g,0,g
753,mr sub,greek salad,8,g,25,mg,470,g,12,g,7,g,4.5,g,0,g,4,g,6,g
754,mr sub,green olives large,1,g,0,mg,320,g,2,g,0,g,0,g,0,g,0,g,0,g
755,mr sub,green olives small,0.5,g,0,mg,160,g,1,g,0,g,0,g,0,g,0,g,0,g
756,mr sub,green peppers large,0,g,0,mg,0,g,2,g,0,g,0,g,0,g,0,g,0,g
757,mr sub,green peppers small,0,g,0,mg,0,g,1,g,0,g,0,g,0,g,0,g,0,g
758,mr sub,grilled chicken large,8,g,80,mg,1020,g,6,g,28,g,4,g,0,g,0,g,2,g
759,mr sub,grilled chicken small,4,g,40,mg,510,g,3,g,14,g,2,g,0,g,0,g,1,g
760,mr sub,ham large,12,g,70,mg,1360,g,4,g,22,g,5,g,0,g,0,g,2,g
761,mr sub,ham small,6,g,35,mg,680,g,2,g,11,g,2.5,g,0,g,0,g,1,g
762,mr sub,harvest vegetable soup large,1,g,0,mg,1080,g,15,g,2,g,0.5,g,0,g,2,g,0,g
763,mr sub,harvest vegetable soup small,0.5,g,0,mg,720,g,10,g,1,g,0,g,0,g,1,g,0,g
764,mr sub,harvest wheat bread large,5,g,0,mg,600,g,78,g,16,g,1,g,0,g,6,g,8,g
765,mr sub,harvest wheat bread small,2.5,g,0,mg,300,g,39,g,8,g,0.5,g,0,g,3,g,4,g
766,mr sub,hearty multigrain bread large,5,g,0,mg,580,g,80,g,16,g,1,g,0,g,6,g,8,g
767,mr sub,hearty multigrain bread small,2.5,g,0,mg,290,g,40,g,8,g,0.5,g,0,g,3,g,4,g
768,mr sub,homestyle double chocolate brownie,21,g,25,mg,170,g,69,g,5,g,3.5,g,0,g,2,g,46,g
769,mr sub,honey mustard large,0,g,0,mg,130,g,8,g,0,g,0,g,0,g,0,g,8,g
770,mr sub,honey mustard small,0,g,0,mg,65,g,4,g,0,g,0,g,0,g,0,g,4,g
771,mr sub,hot chocolate,3,g,0,mg,130,g,24,g,1,g,2.5,g,0,g,1,g,20,g
772,mr sub,italian spring herb dressing,6,g,0,mg,380,g,3,g,0,g,0.5,g,0,g,0,g,0,g
773,mr sub,italian wedding soup large,4.5,g,10,mg,1170,g,26,g,6,g,1.5,g,0,g,2,g,0,g
774,mr sub,italian wedding soup small,3,g,5,mg,780,g,17,g,4,g,1,g,0,g,1,g,0,g
775,mr sub,jalapeno peppers large,0,g,0,mg,320,g,0,g,0,g,0,g,0,g,0,g,0,g
776,mr sub,jalapeno peppers small,0,g,0,mg,160,g,0,g,0,g,0,g,0,g,0,g,0,g
777,mr sub,kids 68 sub sauce,8,g,0,mg,70,g,0,g,0,g,0.5,g,0,g,0,g,0,g
778,mr sub,kids apple juice,0,g,0,mg,10,g,22,g,0,g,0,g,0,g,0,g,20,g
779,mr sub,kids assorted meat,12,g,50,mg,970,g,4,g,13,g,5,g,0,g,1,g,2,g
780,mr sub,kids banana peppers,0,g,0,mg,110,g,0,g,0,g,0,g,0,g,0,g,0,g
781,mr sub,kids black olives,1.5,g,0,mg,0,g,1,g,0,g,0,g,0,g,0,g,0,g
782,mr sub,kids buttermilk ranch dressing,6,g,5,mg,125,g,1,g,0,g,0,g,0,g,0,g,1,g
783,mr sub,kids caesar dressing,10,g,20,mg,200,g,0,g,0,g,1,g,0,g,0,g,0,g
784,mr sub,kids carnival,7,g,10,mg,140,g,24,g,2,g,3,g,0,g,1,g,15,g
785,mr sub,kids chocolate milk,2.5,g,15,mg,190,g,25,g,6,g,1.5,g,0,g,0,g,23,g
786,mr sub,kids cucumbers,0,g,0,mg,0,g,0,g,0,g,0,g,0,g,0,g,0,g
787,mr sub,kids dijon mustard,0,g,0,mg,420,g,6,g,0,g,0,g,0,g,0,g,0,g
788,mr sub,kids double chocolate chip,8,g,10,mg,135,g,23,g,2,g,5,g,0,g,1,g,15,g
789,mr sub,kids forty creek whisky bbq sauce,0,g,0,mg,400,g,13,g,0,g,0,g,0,g,0,g,12,g
790,mr sub,kids franks redhot buffalo wings sauce,0,g,0,mg,310,g,0,g,0,g,0,g,0,g,0,g,0,g
791,mr sub,kids french fried onions,3.5,g,0,mg,60,g,3,g,0,g,1.5,g,0,g,0,g,0,g
792,mr sub,kids grace spicy jerk sauce,0,g,0,mg,0,g,6,g,0,g,0,g,0,g,0,g,4,g
793,mr sub,kids green olives,0.5,g,0,mg,160,g,1,g,0,g,0,g,0,g,0,g,0,g
794,mr sub,kids green peppers,0,g,0,mg,0,g,1,g,0,g,0,g,0,g,0,g,0,g
795,mr sub,kids ham,6,g,35,mg,680,g,2,g,11,g,2.5,g,0,g,0,g,1,g
796,mr sub,kids harvest wheat bread,2.5,g,0,mg,300,g,39,g,8,g,0.5,g,0,g,3,g,4,g
797,mr sub,kids hearty multigrain bread,2.5,g,0,mg,290,g,40,g,8,g,0.5,g,0,g,3,g,4,g
798,mr sub,kids honey mustard,0,g,0,mg,65,g,4,g,0,g,0,g,0,g,0,g,4,g
799,mr sub,kids jalapeno peppers,0,g,0,mg,160,g,0,g,0,g,0,g,0,g,0,g,0,g
800,mr sub,kids light mayo,5,g,10,mg,130,g,2,g,0,g,1,g,0,g,0,g,2,g
801,mr sub,kids louisiana chicken sauce,0,g,0,mg,410,g,6,g,0,g,0,g,0,g,0,g,4,g
802,mr sub,kids marinara sauce,0,g,0,mg,160,g,4,g,1,g,0,g,0,g,1,g,3,g
803,mr sub,kids mediterranean greek bread,3,g,0,mg,470,g,43,g,8,g,1,g,0,g,2,g,4,g
804,mr sub,kids milk chocolate chunk,8,g,10,mg,140,g,23,g,2,g,4,g,0,g,1,g,14,g
805,mr sub,kids mozza cheddar bread,6,g,10,mg,350,g,40,g,11,g,3,g,0,g,2,g,3,g
806,mr sub,kids oatmeal and raisin,7,g,10,mg,130,g,23,g,2,g,4,g,0,g,2,g,13,g
807,mr sub,kids orange juice,0,g,0,mg,20,g,21,g,0,g,0,g,0,g,0,g,19,g
808,mr sub,kids pineapples,0,g,0,mg,0,g,4,g,0,g,0,g,0,g,1,g,4,g
809,mr sub,kids pizza sauce,0,g,0,mg,220,g,4,g,0,g,0,g,0,g,0,g,3,g
810,mr sub,kids red onions,0,g,0,mg,0,g,1,g,0,g,0,g,0,g,0,g,0,g
811,mr sub,kids shredded lettuce,0,g,0,mg,10,g,3,g,1,g,0,g,0,g,1,g,2,g
812,mr sub,kids sliced dill pickles,0,g,0,mg,110,g,0,g,0,g,0,g,0,g,0,g,0,g
813,mr sub,kids sliced mushrooms,0,g,0,mg,100,g,1,g,0,g,0,g,0,g,0,g,0,g
814,mr sub,kids southwest chipotle sauce,11,g,10,mg,220,g,2,g,0,g,1,g,0,g,0,g,0,g
815,mr sub,kids spicy 68 sub sauce,8,g,0,mg,70,g,0,g,0,g,0.5,g,0,g,0,g,0,g
816,mr sub,kids steak sauce,1,g,0,mg,440,g,5,g,0,g,0,g,0,g,0,g,0,g
817,mr sub,kids strawberry banana fruit juice,0,g,0,mg,20,g,22,g,0,g,0,g,0,g,0,g,20,g
818,mr sub,kids strawberry shortcake,7,g,10,mg,130,g,24,g,1,g,4,g,0,g,1,g,16,g
819,mr sub,kids sweet and spicy thai sauce,0,g,0,mg,320,g,16,g,0,g,0,g,0,g,0,g,5,g
820,mr sub,kids tomatoes,0,g,0,mg,5,g,4,g,1,g,0,g,0,g,1,g,3,g
821,mr sub,kids traditional white bread,2.5,g,0,mg,250,g,40,g,8,g,0.5,g,0,g,2,g,3,g
822,mr sub,kids triple chocolate chip,8,g,10,mg,115,g,23,g,2,g,3,g,0,g,1,g,14,g
823,mr sub,kids turkey,3.5,g,30,mg,490,g,1,g,10,g,2,g,0,g,0,g,1,g
824,mr sub,kids tzatziki sauce,16,g,10,mg,160,g,1,g,0,g,2.5,g,0,g,0,g,0,g
825,mr sub,kids white milk,4.5,g,20,mg,120,g,11,g,8,g,3,g,0,g,0,g,10,g
826,mr sub,kids yellow mustard,0,g,0,mg,115,g,1,g,0,g,0,g,0,g,0,g,0,g
827,mr sub,light mayo large,10,g,20,mg,260,g,4,g,0,g,2,g,0,g,0,g,4,g
828,mr sub,light mayo small,5,g,10,mg,130,g,2,g,0,g,1,g,0,g,0,g,2,g
829,mr sub,louisiana chicken sauce large,0,g,0,mg,820,g,12,g,1,g,0,g,0,g,0,g,8,g
830,mr sub,louisiana chicken sauce small,0,g,0,mg,410,g,6,g,0,g,0,g,0,g,0,g,4,g
831,mr sub,louisiana pepper chicken large,16,g,100,mg,1480,g,6,g,28,g,6,g,0,g,0,g,2,g
832,mr sub,louisiana pepper chicken small,8,g,50,mg,740,g,3,g,14,g,3,g,0,g,0,g,1,g
833,mr sub,marinara sauce large,0,g,0,mg,320,g,8,g,1,g,0,g,0,g,2,g,6,g
834,mr sub,marinara sauce small,0,g,0,mg,160,g,4,g,1,g,0,g,0,g,1,g,3,g
835,mr sub,meatball large,30,g,80,mg,1260,g,14,g,20,g,14,g,1,g,0,g,4,g
836,mr sub,meatball small,15,g,40,mg,630,g,7,g,10,g,7,g,0.5,g,0,g,2,g
837,mr sub,mediterranean greek bread large,6,g,0,mg,940,g,86,g,16,g,2,g,0,g,4,g,8,g
838,mr sub,mediterranean greek bread small,3,g,0,mg,470,g,43,g,8,g,1,g,0,g,2,g,4,g
839,mr sub,milk chocolate chunk cookie,8,g,10,mg,140,g,23,g,2,g,4,g,0,g,1,g,14,g
840,mr sub,minestrone soup large,0,g,0,mg,950,g,26,g,6,g,0,g,0,g,5,g,0,g
841,mr sub,minestrone soup small,0,g,0,mg,630,g,17,g,4,g,0,g,0,g,3,g,0,g
842,mr sub,mozza cheddar bread large,12,g,20,mg,700,g,80,g,22,g,6,g,0,g,4,g,6,g
843,mr sub,mozza cheddar bread small,6,g,10,mg,350,g,40,g,11,g,3,g,0,g,2,g,3,g
844,mr sub,oatmeal and raisin cookie,7,g,10,mg,130,g,23,g,2,g,4,g,0,g,2,g,13,g
845,mr sub,peppery chicken caesar breakfast flatbread,33,g,70,mg,1500,g,56,g,33,g,8,g,0.5,g,5,g,5,g
846,mr sub,peppery chicken caesar wrap,31,g,85,mg,1790,g,49,g,27,g,7,g,0,g,2,g,1,g
847,mr sub,pineapples large,0,g,0,mg,0,g,8,g,0,g,0,g,0,g,2,g,8,g
848,mr sub,pineapples small,0,g,0,mg,0,g,4,g,0,g,0,g,0,g,1,g,4,g
849,mr sub,pizza sauce large,0,g,0,mg,440,g,8,g,1,g,0,g,0,g,0,g,6,g
850,mr sub,pizza sauce small,0,g,0,mg,220,g,4,g,0,g,0,g,0,g,0,g,3,g
851,mr sub,pizza large,20,g,60,mg,1280,g,4,g,18,g,9,g,0,g,0,g,2,g
852,mr sub,pizza small,10,g,30,mg,640,g,2,g,9,g,4.5,g,0,g,0,g,1,g
853,mr sub,plain bagel,1.5,g,0,mg,620,g,56,g,9,g,0,g,0,g,2,g,2,g
854,mr sub,ranch dressing,18,g,5,mg,280,g,2,g,0,g,3,g,0,g,0,g,1,g
855,mr sub,red onions large,0,g,0,mg,0,g,2,g,0,g,0,g,0,g,0,g,0,g
856,mr sub,red onions small,0,g,0,mg,0,g,1,g,0,g,0,g,0,g,0,g,0,g
857,mr sub,roast beef and cheddar large,14,g,70,mg,1240,g,0,g,36,g,6,g,3,g,0,g,0,g
858,mr sub,roast beef and cheddar small,7,g,35,mg,620,g,0,g,18,g,3,g,1.5,g,0,g,0,g
859,mr sub,seafood large,7,g,20,mg,1220,g,22,g,14,g,3,g,0,g,0,g,4,g
860,mr sub,seafood small,3.5,g,10,mg,610,g,11,g,7,g,1.5,g,0,g,0,g,2,g
861,mr sub,shredded lettuce large,0,g,0,mg,20,g,6,g,2,g,0,g,0,g,2,g,4,g
862,mr sub,shredded lettuce small,0,g,0,mg,10,g,3,g,1,g,0,g,0,g,1,g,2,g
863,mr sub,sliced dill pickles large,0,g,0,mg,220,g,0,g,0,g,0,g,0,g,0,g,0,g
864,mr sub,sliced dill pickles small,0,g,0,mg,110,g,0,g,0,g,0,g,0,g,0,g,0,g
865,mr sub,sliced mushrooms large,0,g,0,mg,200,g,2,g,0,g,0,g,0,g,0,g,0,g
866,mr sub,sliced mushrooms small,0,g,0,mg,100,g,1,g,0,g,0,g,0,g,0,g,0,g
867,mr sub,smoked meat large,14,g,70,mg,1200,g,4,g,22,g,4,g,0,g,0,g,2,g
868,mr sub,smoked meat small,7,g,35,mg,600,g,2,g,11,g,2,g,0,g,0,g,1,g
869,mr sub,smoked turkey and wild rice soup large,1.5,g,10,mg,960,g,21,g,5,g,0.5,g,0,g,2,g,0,g
870,mr sub,smoked turkey and wild rice soup small,1,g,5,mg,640,g,14,g,3,g,0,g,0,g,1,g,0,g
871,mr sub,southwest chipotle sauce large,22,g,20,mg,440,g,4,g,1,g,2,g,0,g,0,g,0,g
872,mr sub,southwest chipotle sauce small,11,g,10,mg,220,g,2,g,0,g,1,g,0,g,0,g,0,g
873,mr sub,southwest thai chicken wrap,23,g,60,mg,1130,g,59,g,25,g,5,g,0,g,3,g,4,g
874,mr sub,spicy 68 sub sauce large,16,g,0,mg,140,g,0,g,0,g,1,g,0,g,0,g,0,g
875,mr sub,spicy 68 sub sauce small,8,g,0,mg,70,g,0,g,0,g,0.5,g,0,g,0,g,0,g
876,mr sub,spicy breaded chicken large,26,g,50,mg,1300,g,26,g,30,g,6,g,0,g,0,g,2,g
877,mr sub,spicy breaded chicken small,13,g,25,mg,650,g,13,g,15,g,3,g,0,g,0,g,1,g
878,mr sub,steak and cheese large,12,g,80,mg,1000,g,6,g,28,g,6,g,0,g,0,g,4,g
879,mr sub,steak and cheese small,6,g,40,mg,500,g,3,g,14,g,3,g,0,g,0,g,2,g
880,mr sub,steak sauce large,2,g,0,mg,880,g,10,g,0,g,0,g,0,g,0,g,0,g
881,mr sub,steak sauce small,1,g,0,mg,440,g,5,g,0,g,0,g,0,g,0,g,0,g
882,mr sub,strawberry shortcake cookie,7,g,10,mg,130,g,24,g,1,g,4,g,0,g,1,g,16,g
883,mr sub,sugar,0,g,0,mg,0,g,12,g,0,g,0,g,0,g,0,g,12,g
884,mr sub,sweet and spicy thai sauce large,0,g,0,mg,640,g,32,g,0,g,0,g,0,g,0,g,10,g
885,mr sub,sweet and spicy thai sauce small,0,g,0,mg,320,g,16,g,0,g,0,g,0,g,0,g,5,g
886,mr sub,thai red curry chicken and rice soup large,9,g,15,mg,1050,g,26,g,6,g,6,g,0,g,2,g,0,g
887,mr sub,thai red curry chicken and rice soup small,6,g,10,mg,700,g,17,g,4,g,4,g,0,g,1,g,0,g
888,mr sub,tomato basil tortilla small,7,g,0,mg,580,g,52,g,9,g,2,g,0,g,2,g,2,g
889,mr sub,tomatoes large,0,g,0,mg,10,g,8,g,2,g,0,g,0,g,2,g,6,g
890,mr sub,tomatoes small,0,g,0,mg,5,g,4,g,1,g,0,g,0,g,1,g,3,g
891,mr sub,traditional white bread large,5,g,0,mg,500,g,80,g,16,g,1,g,0,g,4,g,6,g
892,mr sub,traditional white bread small,2.5,g,0,mg,250,g,40,g,8,g,0.5,g,0,g,2,g,3,g
893,mr sub,triple chocolate chip cookie,8,g,10,mg,115,g,23,g,2,g,3,g,0,g,1,g,14,g
894,mr sub,turkey large,7,g,60,mg,980,g,2,g,20,g,4,g,0,g,0,g,2,g
895,mr sub,turkey small,3.5,g,30,mg,490,g,1,g,10,g,2,g,0,g,0,g,1,g
896,mr sub,tzatziki sauce large,32,g,20,mg,320,g,2,g,0,g,5,g,0,g,0,g,0,g
897,mr sub,tzatziki sauce small,16,g,10,mg,160,g,1,g,0,g,2.5,g,0,g,0,g,0,g
898,mr sub,ultimate club large,24,g,120,mg,2000,g,0,g,46,g,9,g,1,g,0,g,0,g
899,mr sub,ultimate club small,12,g,60,mg,1000,g,0,g,23,g,4.5,g,0.5,g,0,g,0,g
900,mr sub,vegetable beef barley soup large,1.5,g,10,mg,950,g,21,g,5,g,1,g,0,g,5,g,0,g
901,mr sub,vegetable beef barley soup small,1,g,5,mg,630,g,14,g,3,g,0,g,0,g,3,g,0,g
902,mr sub,veggie and cheese large,10,g,40,mg,700,g,8,g,10,g,6,g,0,g,0,g,6,g
903,mr sub,veggie and cheese small,5,g,20,mg,350,g,4,g,5,g,3,g,0,g,0,g,3,g
904,mr sub,white flatbread small,3,g,0,mg,430,g,53,g,9,g,0.5,g,0,g,4,g,3,g
905,mr sub,white tortilla small,7,g,0,mg,560,g,52,g,9,g,2,g,0,g,2,g,2,g
906,mr sub,whole wheat tortilla small,7,g,0,mg,560,g,48,g,10,g,2,g,0,g,5,g,2,g
907,mr sub,yellow mustard large,0,g,0,mg,230,g,2,g,0,g,0,g,0,g,0,g,0,g
908,mr sub,yellow mustard small,0,g,0,mg,115,g,1,g,0,g,0,g,0,g,0,g,0,g
909,mr goodcents,apple fruit shoot,0,g,0,mg,50,g,5,g,0,g,0,g,0,g,0,g,3,g
910,mr goodcents,chocolate milk,2.5,g,10,mg,150,g,23,g,8,g,1.5,g,0,g,1,g,21,g
911,mr goodcents,berry burst fruit shoot,0,g,0,mg,10,g,18,g,0,g,0,g,0,g,0,g,17,g
912,mr goodcents,honey mustard for 6 subs,4.5,g,5,mg,70,g,2,g,0,g,0.5,g,0,g,0,g,2,g
913,mr goodcents,honey mustard for 4 subs,3,g,5,mg,50,g,2,g,0,g,0,g,0,g,0,g,2,g
914,mr goodcents,honey mustard for 16 subs,12,g,15,mg,190,g,6,g,0,g,1.5,g,0,g,0,g,6,g
915,mr goodcents,chocolate chip cookie,17,g,5,mg,90,g,45,g,3,g,9,g,0,g,0,g,29,g
916,mr goodcents,peanut butter cookie,16,g,20,mg,270,g,37,g,5,g,6,g,0,g,0,g,21,g
917,mr goodcents,double chocolate chunk cookie,16,g,25,mg,250,g,41,g,3,g,9,g,0,g,0,g,26,g
918,mr goodcents,kids turkey and cheese sandwich,6,g,40,mg,1080,g,28,g,18,g,3,g,0,g,1,g,1,g
919,mr goodcents,kids pasta with meatballs,21,g,30,mg,1100,g,90,g,23,g,5,g,0.5,g,17,g,9,g
920,mr goodcents,kids ham and cheese sandwich,8,g,35,mg,1160,g,32,g,15,g,4,g,0,g,1,g,4,g
921,mr goodcents,kids chicken alfredo pasta,35,g,80,mg,1300,g,84,g,30,g,12,g,0,g,14,g,5,g
922,mr goodcents,kids peanut butter and jelly sandwich,15,g,0,mg,420,g,50,g,12,g,3.5,g,0,g,4,g,22,g
923,mr goodcents,kids chicken parmesan pasta,19,g,50,mg,1130,g,85,g,30,g,4.5,g,0,g,15,g,7,g
924,mr goodcents,kids pasta marinara,16,g,0,mg,810,g,86,g,15,g,3,g,0,g,15,g,9,g
925,mr goodcents,saltine crackers for soup,1,g,0,mg,180,g,9,g,1,g,0,g,0,g,1,g,0,g
926,mr goodcents,add on bacon for 4 and 6 subs,8,g,20,mg,280,g,0,g,5,g,3,g,0,g,0,g,0,g
927,mr goodcents,chicken alfredo pasta,44,g,135,mg,1890,g,103,g,48,g,15,g,0,g,15,g,7,g
928,mr goodcents,chicken parmesan pasta,25,g,105,mg,1840,g,108,g,49,g,6,g,0,g,17,g,12,g
929,mr goodcents,alfredo sauce on pasta,40,g,40,mg,1150,g,103,g,21,g,14,g,0,g,15,g,7,g
930,mr goodcents,pasta with meatballs,33,g,90,mg,1850,g,119,g,40,g,9,g,1.5,g,20,g,12,g
931,mr goodcents,marinara sauce on pasta,17.5,g,0,mg,990,g,107,g,19,g,3,g,0,g,17,g,12,g
932,mr goodcents,oil for 4 subs,7,g,0,mg,0,g,0,g,0,g,0.5,g,0,g,0,g,0,g
933,mr goodcents,oil for 16 subs,28,g,0,mg,0,g,0,g,0,g,2,g,0,g,0,g,0,g
934,mr goodcents,oil for 6 subs,10,g,0,mg,0,g,0,g,0,g,0.5,g,0,g,0,g,0,g
935,mr goodcents,spicy ranch dressing for 6 subs,6,g,0,mg,90,g,2,g,0,g,1,g,0,g,0,g,1,g
936,mr goodcents,spicy ranch dressing for 16 subs,15,g,5,mg,250,g,4,g,0,g,2,g,0,g,0,g,2,g
937,mr goodcents,mayonnaise for 16 subs,25,g,10,mg,170,g,0,g,0,g,3.5,g,0,g,0,g,0,g
938,mr goodcents,mayonnaise for 6 subs,9,g,5,mg,65,g,0,g,0,g,1.5,g,0,g,0,g,0,g
939,mr goodcents,ranch dressing for 16 subs,12,g,10,mg,280,g,2,g,0,g,2,g,0,g,0,g,1,g
940,mr goodcents,spicy ranch dressing for 4 subs,3.5,g,0,mg,60,g,1,g,0,g,0.5,g,0,g,0,g,1,g
941,mr goodcents,ranch dressing for 4 subs,3,g,0,mg,70,g,1,g,0,g,0,g,0,g,0,g,0,g
942,mr goodcents,ranch dressing for 6 subs,4.5,g,5,mg,105,g,1,g,0,g,0.5,g,0,g,0,g,1,g
943,mr goodcents,wheat bread 8 sub,3.5,g,0,mg,470,g,49,g,11,g,0.5,g,0,g,1,g,5,g
944,mr goodcents,wheat bread 6 sub,2.5,g,0,mg,330,g,35,g,9,g,0.5,g,0,g,1,g,4,g
945,mr goodcents,add on american cheese for 6 and 8 subs,4,g,15,mg,250,g,1,g,3,g,2.5,g,0,g,0,g,0,g
946,mr goodcents,mayonnaise for 4 subs,7,g,5,mg,15,g,0,g,0,g,1,g,0,g,0,g,0,g
947,mr goodcents,add on mozzarella cheese for 4 subs,1.5,g,5,mg,65,g,0,g,2,g,1,g,0,g,0,g,0,g
948,mr goodcents,add on mozzarella cheese for 12 and 16 subs average,5,g,17,mg,230,g,1,g,5.5,g,2.5,g,0,g,0,g,0,g
949,mr goodcents,add on cheddar cheese for 6 and 8 subs,4.5,g,15,mg,90,g,0,g,4,g,3,g,0,g,0,g,0,g
950,mr goodcents,add on american cheese for 12 and 6 subs average,7.5,g,22,mg,460,g,2,g,4.5,g,4.5,g,0,g,0,g,0,g
951,mr goodcents,add on pepper jack cheese for 4 subs,2,g,5,mg,40,g,0,g,2,g,1,g,0,g,0,g,0,g
952,mr goodcents,add on bacon for 8 subs,12,g,35,mg,420,g,0,g,7,g,4,g,0,g,0,g,0,g
953,mr goodcents,add on provolone cheese for 12 and 16 subs average,7,g,17,mg,165,g,1,g,6,g,3.5,g,0,g,0,g,0,g
954,mr goodcents,add on provolone cheese for 4 sub,2,g,5,mg,50,g,0,g,2,g,1,g,0,g,0,g,0,g
955,mr goodcents,add on swiss cheese for 4 subs,2,g,5,mg,15,g,0,g,2,g,1.5,g,0,g,0,g,0,g
956,mr goodcents,add on cheddar cheese for 4 subs,2.5,g,10,mg,45,g,0,g,2,g,1.5,g,0,g,0,g,0,g
957,mr goodcents,add on cheddar cheese for 12 and 16 subs average,5.5,g,20,mg,115,g,0,g,4.5,g,4,g,0,g,0,g,0,g
958,mr goodcents,wheat bread 4 sub,1.5,g,0,mg,230,g,24,g,6,g,0,g,0,g,1,g,3,g
959,mr goodcents,add on american cheese for 4 sub,2,g,5,mg,125,g,1,g,1,g,1.5,g,0,g,0,g,0,g
960,mr goodcents,add on swiss cheese for 12 and 16 subs average,7,g,22,mg,52,g,1,g,7,g,4.5,g,0,g,0,g,0,g
961,mr goodcents,chipotle steak cheesesteak 8 toasted white bread sub,27,g,70,mg,1430,g,63,g,36,g,10,g,0,g,4,g,5,g
962,mr goodcents,add on pepper jack cheese for 6 and 8 subs,4,g,15,mg,80,g,0,g,3,g,2.5,g,0,g,0,g,0,g
963,mr goodcents,add on pepper jack cheese for 12 and 16 subs average,5,g,22,mg,140,g,0,g,6,g,4,g,0,g,0,g,0,g
964,mr goodcents,penny club 4 white bread sub with standard dress,10,g,25,mg,970,g,32,g,15,g,1.5,g,0,g,3,g,3,g
965,mr goodcents,roasted turkey 8 white bread sub with standard dress,17,g,40,mg,1630,g,60,g,27,g,2,g,0,g,5,g,4,g
966,mr goodcents,ultimate club 6 white bread sub,21,g,40,mg,1250,g,44,g,21,g,4.5,g,0,g,4,g,4,g
967,mr goodcents,chipotle chicken cheesesteak 8 toasted white bread sub,21.5,g,125,mg,1580,g,58,g,45,g,7.5,g,0,g,3,g,4,g
968,mr goodcents,roasted turkey 6 white bread sub with standard dressingb,13,g,25,mg,1090,g,43,g,19,g,1.5,g,0,g,4,g,3,g
969,mr goodcents,italian 4 white bread sub with standard dress,29,g,60,mg,1350,g,30,g,16,g,10,g,0,g,3,g,3,g
970,mr goodcents,tuna salad 4 white bread sub with standard dress,19,g,15,mg,710,g,34,g,12,g,2.5,g,0,g,3,g,5,g
971,mr goodcents,buffalo chicken on toasted 8 white bread sub,12,g,80,mg,1670,g,61,g,32,g,2.5,g,0,g,3,g,8,g
972,mr goodcents,garden veggie 8 white bread sub with standard dress,24,g,0,mg,2140,g,66,g,12,g,4.5,g,0,g,9,g,7,g
973,mr goodcents,chicken bacon ranch 8 toasted 8 white bread sub,33,g,160,mg,2030,g,55,g,53,g,13,g,0,g,3,g,3,g
974,mr goodcents,garden veggie 4 white bread sub with standard dress,12,g,0,mg,1090,g,33,g,6,g,2,g,0,g,4,g,4,g
975,mr goodcents,slow roasted roast beef 6 white bread sub with standard dress,14,g,25,mg,1200,g,42,g,19,g,2.5,g,0,g,4,g,3,g
976,mr goodcents,original goodcents 8 white bread sub,38,g,60,mg,1800,g,61,g,23,g,11,g,0,g,5,g,6,g
977,mr goodcents,oven roasted chicken 4 white bread sub with standard dress,9,g,30,mg,830,g,31,g,18,g,1,g,0,g,3,g,4,g
978,mr goodcents,tuna salad 6 white bread sub with standard dress,22,g,15,mg,870,g,46,g,15,g,3,g,0,g,4,g,5,g
979,mr goodcents,ultimate club 8 white bread sub,30,g,60,mg,1720,g,61,g,29,g,7,g,0,g,5,g,6,g
980,mr goodcents,meatball 8 toasted white bread sub,29,g,140,mg,1950,g,69,g,45,g,12,g,2,g,7,g,2,g
981,mr goodcents,original goodcents on 4 white bread sub,25,g,45,mg,1170,g,31,g,14,g,8,g,0,g,3,g,3,g
982,mr goodcents,chicken bacon ranch 12 toasted white bread sub,47,g,235,mg,29020,g,79,g,77,g,19,g,0,g,4,g,5,g
983,mr goodcents,italian 6 white bread sub with standard dress,33,g,60,mg,1510,g,43,g,19,g,10,g,0,g,4,g,4,g
984,mr goodcents,garden veggie 6 white bread sub with standard dress,18,g,0,mg,1650,g,48,g,9,g,3,g,0,g,6,g,5,g
985,mr goodcents,oven roasted chicken 8 white bread sub with standard dress,18,g,45,mg,1380,g,60,g,30,g,2,g,0,g,5,g,6,g
986,mr goodcents,original goodcents 6 white bread sub,29,g,45,mg,1330,g,43,g,17,g,8,g,0,g,4,g,4,g
987,mr goodcents,tuna salad 8 white bread sub with standard dress,32,g,25,mg,1210,g,64,g,21,g,4.5,g,0,g,5,g,7,g
988,mr goodcents,chipotle steak cheesesteak 12 toasted white bread sub,40,g,105,mg,2090,g,91,g,53,g,16,g,0.5,g,6,g,9,g
989,mr goodcents,oven roasted chicken 6 white bread sub with standard dress,13,g,30,mg,990,g,43,g,20,g,1.5,g,0,g,4,g,4,g
990,mr goodcents,bologna 6 white bread sub with standard dress,28,g,35,mg,1130,g,43,g,14,g,8,g,0.5,g,4,g,3,g
991,mr goodcents,ham 6 white bread sub with standard dress,15,g,25,mg,1170,g,47,g,16,g,2.5,g,0,g,4,g,7,g
992,mr goodcents,pepperoni 4 white bread sub with standard dress,35,g,70,mg,1370,g,30,g,16,g,13,g,0,g,3,g,3,g
993,mr goodcents,ham 4 white bread sub with standard dress,11,g,25,mg,1010,g,35,g,13,g,2,g,0,g,3,g,6,g
994,mr goodcents,roasted turkey 4 white bread sub with standard dress,9,g,25,mg,930,g,31,g,16,g,1,g,0,g,3,g,3,g
995,mr goodcents,penny club 6 white bread sub with standard dress,14,g,25,mg,1140,g,44,g,18,g,2,g,0,g,4,g,4,g
996,mr goodcents,buffalo chicken 12 toasted white bread sub,17,g,120,mg,2450,g,88,g,48,g,4,g,0,g,4,g,1,g
997,mr goodcents,penny club 8 white bread sub with standard dress,19,g,35,mg,1630,g,61,g,26,g,3,g,0,g,5,g,6,g
998,mr goodcents,italian 8 white bread sub with standard dress,50,g,95,mg,2170,g,59,g,27,g,17,g,0,g,5,g,5,g
999,mr goodcents,centsable 8 white bread sub with standard dress,31,g,45,mg,1620,g,62,g,22,g,8,g,0,g,5,g,7,g
