,Restaurant Name,Food Name,Total Fat Amount,Total Fat Unit,Cholesterol Amount,Cholesterol Unit,Sodium Amount,Sodium Unit,Total Carbohydrate Amount,Total Carbohydrate Unit,Protein Amount,Protein Unit,Saturated Fat Amount,Saturated Fat Unit,Trans Fat Amount,Trans Fat Unit,Dietary Fiber Amount,Dietary Fiber Unit,Sugars Amount,Sugars Unit
0,mr goodcents,bologna 4 white bread sub with standard dress,24,g,35,mg,970,g,31,g,12,g,8,g,0.5,g,3,g,3,g
1,mr goodcents,chipotle cheesesteak without meat 8 toasted white bread sub,17,g,30,mg,830,g,57,g,18,g,6,g,0,g,3,g,4,g
2,mr goodcents,chipotle chicken cheesesteak 12 toasted white bread sub,32,g,185,mg,2310,g,84,g,66,g,12,g,0,g,4,g,7,g
3,mr goodcents,meatball 12 toasted white bread sub,42,g,215,mg,2880,g,100,g,67,g,18,g,3,g,9,g,3,g
4,mr goodcents,ham 8 white bread sub with standard dress,21,g,35,mg,1650,g,65,g,23,g,3.5,g,0,g,5,g,9,g
5,mr goodcents,pepperoni 8 white bread sub with standard dress,56,g,105,mg,2190,g,58,g,27,g,20,g,0,g,5,g,4,g
6,mr goodcents,chipotle cheesesteak without meat 12 toasted white bread sub,25,g,45,mg,1190,g,82,g,26,g,10,g,0,g,4,g,7,g
7,mr goodcents,bologna 8 white bead sub with standard dress,41,g,55,mg,1590,g,60,g,21,g,12,g,1,g,5,g,4,g
8,mr goodcents,pepperoni 6 white bread sub with standard dress,38,g,70,mg,1530,g,42,g,19,g,13,g,0,g,4,g,3,g
9,mr goodcents,ultimate club 4 white bread sub,17,g,40,mg,1090,g,32,g,18,g,4,g,0,g,3,g,3,g
10,mr goodcents,centsable 6 white bread sub with standard dress,22,g,30,mg,1150,g,45,g,15,g,5,g,0,g,4,g,5,g
11,mr goodcents,slow roasted roast beef 8 white bread sub with standard dress,19,g,40,mg,1700,g,58,g,27,g,3.5,g,0,g,5,g,4,g
12,mr goodcents,centsable 4 white bread sub with standard dress,18,g,30,mg,990,g,33,g,13,g,5,g,0,g,3,g,4,g
13,mr goodcents,slow roasted roast beef 4 white bread sub with standard dress,10,g,25,mg,1040,g,30,g,16,g,2,g,0,g,3,g,3,g
14,mr goodcents,lays oven baked original chips,4,g,0,mg,180,g,24,g,2,g,0.5,g,0,g,2,g,3,g
15,mr goodcents,lays oven baked barbecue chips,3.5,g,0,mg,180,g,24,g,2,g,0.5,g,0,g,2,g,3,g
16,mr goodcents,sunchips harvest cheddar chips,9,g,0,mg,320,g,27,g,4,g,1.5,g,0,g,4,g,3,g
17,mr goodcents,lays barbecue chips,15,g,0,mg,230,g,23,g,3,g,2,g,0,g,2,g,3,g
18,mr goodcents,doritos nacho cheese chips,14,g,0,mg,360,g,28,g,3,g,2,g,0,g,2,g,1,g
19,mr goodcents,lays classic sour cream and onion chips average,15,g,0,mg,245,g,23,g,3,g,2,g,0,g,2,g,1,g
20,mr goodcents,cheetos crunchy chips,21,g,0,mg,500,g,26,g,3,g,3.5,g,0,g,1,g,2,g
21,mr goodcents,fritos corn chips,20,g,0,mg,320,g,32,g,3,g,3,g,0,g,3,g,1,g
22,mr goodcents,wings,58,g,100,mg,1100,g,21,g,30,g,12,g,0,g,12,g,0,g
23,mr goodcents,miss vickie jalapeno chips,12,g,0,mg,180,g,22,g,3,g,1.5,g,0,g,2,g,2,g
24,mr goodcents,garlic bread,12,g,0,mg,340,g,44,g,8,g,2.5,g,0,g,12,g,2,g
25,mr goodcents,broccoli cheese soup,28,g,40,mg,1700,g,16,g,10,g,12,g,0,g,4,g,6,g
26,mr goodcents,homestyle chicken noodle soup,2,g,15,mg,790,g,10,g,4,g,0,g,0,g,0,g,1,g
27,mr goodcents,2 slices bacon 4 inch sub portion,8,g,20,mg,280,g,0,g,6,g,3,g,0,g,0,g,0,g
28,mr goodcents,2 slices bacon 6 inch sub portion,8,g,20,mg,280,g,0,g,6,g,3,g,0,g,0,g,0,g
29,mr goodcents,3 slices bacon 8 inch sub portion,12,g,35,mg,420,g,0,g,8,g,4,g,0,g,0,g,0,g
30,mr goodcents,4 slices bacon 12 inch sub portion,16,g,45,mg,560,g,0,g,11,g,6,g,0,g,0,g,0,g
31,mr goodcents,6 slices bacon 16 inch sub portion,24,g,65,mg,840,g,0,g,17,g,8,g,0,g,0,g,0,g
32,mr goodcents,american cheese 12 inch sub,18,g,50,mg,1010,g,4,g,10,g,10,g,0,g,0,g,0,g
33,mr goodcents,american cheese 12 inch sub portion,7,g,20,mg,380,g,2,g,4,g,4,g,0,g,0,g,0,g
34,mr goodcents,american cheese 16 inch sub,27,g,75,mg,1520,g,6,g,15,g,15,g,0,g,0,g,0,g
35,mr goodcents,american cheese 16 inch sub portion,9,g,25,mg,510,g,2,g,5,g,5,g,0,g,0,g,0,g
36,mr goodcents,american cheese 4 inch sub,9,g,25,mg,510,g,2,g,5,g,5,g,0,g,0,g,0,g
37,mr goodcents,american cheese 4 inch sub portion,2.5,g,5,mg,125,g,1,g,1,g,1.5,g,0,g,0,g,0,g
38,mr goodcents,american cheese 6 inch sub,9,g,25,mg,510,g,2,g,5,g,5,g,0,g,0,g,0,g
39,mr goodcents,american cheese 6 inch sub portion,4.5,g,15,mg,250,g,1,g,3,g,2.5,g,0,g,0,g,0,g
40,mr goodcents,american cheese 8 inch sub,14,g,40,mg,760,g,3,g,8,g,8,g,0,g,0,g,0,g
41,mr goodcents,american cheese 8 inch sub portion,4.5,g,15,mg,250,g,1,g,3,g,2.5,g,0,g,0,g,0,g
42,mr goodcents,apple fruit shoot,0,g,0,mg,50,g,3,g,0,g,0,g,0,g,0,g,3,g
43,mr goodcents,banana peppers 12 inch sub portion,0,g,0,mg,310,g,1,g,0,g,0,g,0,g,0,g,0,g
44,mr goodcents,banana peppers 16 inch sub portion,0,g,0,mg,380,g,1,g,0,g,0,g,0,g,0,g,0,g
45,mr goodcents,banana peppers 4 inch sub portion,0,g,0,mg,115,g,0,g,0,g,0,g,0,g,0,g,0,g
46,mr goodcents,banana peppers 6 inch sub portion,0,g,0,mg,150,g,0,g,0,g,0,g,0,g,0,g,0,g
47,mr goodcents,banana peppers 8 inch sub portion,0,g,0,mg,190,g,0,g,0,g,0,g,0,g,0,g,0,g
48,mr goodcents,berry burst fruit shoot,0,g,0,mg,10,g,18,g,0,g,0,g,0,g,0,g,17,g
49,mr goodcents,black olives 12 inch sub portion,6,g,0,mg,320,g,2,g,0,g,2,g,0,g,2,g,0,g
50,mr goodcents,black olives 16 inch sub portion,7,g,0,mg,380,g,2,g,0,g,2.5,g,0,g,2,g,0,g
51,mr goodcents,black olives 4 inch sub portion,2.5,g,0,mg,130,g,1,g,0,g,1,g,0,g,1,g,0,g
52,mr goodcents,black olives 6 inch sub portion,3,g,0,mg,160,g,1,g,0,g,1,g,0,g,1,g,0,g
53,mr goodcents,black olives 8 inch sub portion,3.5,g,0,mg,190,g,1,g,0,g,1,g,0,g,1,g,0,g
54,mr goodcents,black pepper 16 inch sub portion,0,g,0,mg,0,g,1,g,0,g,0,g,0,g,0,g,0,g
55,mr goodcents,bologna cold sub 12 inch,57,g,70,mg,2170,g,85,g,29,g,17,g,1,g,7,g,6,g
56,mr goodcents,bologna cold sub 16 inch,81,g,105,mg,3290,g,119,g,41,g,25,g,1.5,g,10,g,8,g
57,mr goodcents,bologna cold sub 4 inch,24,g,35,mg,970,g,31,g,12,g,8,g,0.5,g,3,g,3,g
58,mr goodcents,bologna cold sub 6 inch,28,g,35,mg,1130,g,43,g,14,g,8,g,0.5,g,4,g,3,g
59,mr goodcents,bologna cold sub 8 inch,41,g,55,mg,1590,g,60,g,21,g,12,g,1,g,5,g,4,g
60,mr goodcents,broccoli cheese soup bowl,28,g,40,mg,1710,g,16,g,10,g,12,g,0,g,4,g,6,g
61,mr goodcents,broccoli cheese soup cup,14,g,20,mg,850,g,8,g,5,g,6,g,0,g,2,g,3,g
62,mr goodcents,buffalo chicken toasted sub 12 inch,17,g,120,mg,2450,g,88,g,48,g,4,g,0,g,4,g,11,g
63,mr goodcents,buffalo chicken toasted sub 16 inch,23,g,160,mg,3340,g,122,g,65,g,5,g,0,g,6,g,15,g
64,mr goodcents,buffalo chicken toasted sub 8 inch,12,g,80,mg,1670,g,61,g,32,g,2.5,g,0,g,3,g,8,g
65,mr goodcents,centsable sub cold sub 12 inch,43,g,60,mg,2210,g,89,g,30,g,11,g,0.5,g,7,g,10,g
66,mr goodcents,centsable sub cold sub 16 inch,62,g,90,mg,3340,g,125,g,43,g,16,g,1,g,10,g,13,g
67,mr goodcents,centsable sub cold sub 4 inch,18,g,30,mg,990,g,33,g,13,g,5,g,0,g,3,g,4,g
68,mr goodcents,centsable sub cold sub 6 inch,22,g,30,mg,1150,g,45,g,15,g,5,g,0,g,4,g,5,g
69,mr goodcents,centsable sub cold sub 8 inch,31,g,45,mg,1620,g,62,g,22,g,8,g,0,g,5,g,7,g
70,mr goodcents,cheddar cheese 12 inch sub,18,g,60,mg,360,g,0,g,14,g,12,g,0,g,0,g,0,g
71,mr goodcents,cheddar cheese 12 inch sub portion,7,g,25,mg,135,g,0,g,5,g,4.5,g,0,g,0,g,0,g
72,mr goodcents,cheddar cheese 16 inch sub,27,g,90,mg,540,g,0,g,21,g,18,g,0,g,0,g,0,g
73,mr goodcents,cheddar cheese 16 inch sub portion,9,g,30,mg,180,g,0,g,7,g,6,g,0,g,0,g,0,g
74,mr goodcents,cheddar cheese 4 inch sub,9,g,30,mg,180,g,0,g,7,g,6,g,0,g,0,g,0,g
75,mr goodcents,cheddar cheese 4 inch sub portion,2.5,g,10,mg,45,g,0,g,2,g,1.5,g,0,g,0,g,0,g
76,mr goodcents,cheddar cheese 6 inch sub,9,g,30,mg,180,g,0,g,7,g,6,g,0,g,0,g,0,g
77,mr goodcents,cheddar cheese 6 inch sub portion,4.5,g,15,mg,90,g,0,g,4,g,3,g,0,g,0,g,0,g
78,mr goodcents,cheddar cheese 8 inch sub,14,g,45,mg,270,g,0,g,11,g,9,g,0,g,0,g,0,g
79,mr goodcents,cheddar cheese 8 inch sub portion,4.5,g,15,mg,90,g,0,g,4,g,3,g,0,g,0,g,0,g
80,mr goodcents,cheese mix cold sub 16 inch without cheese,33,g,0,mg,1520,g,116,g,23,g,3.5,g,0,g,10,g,8,g
81,mr goodcents,cheese mix for 12 inchcold sub without cheese,25,g,0,mg,990,g,83,g,17,g,2.5,g,0,g,7,g,6,g
82,mr goodcents,cheese mix for 4 inch cold sub without cheese,8,g,0,mg,380,g,30,g,6,g,1,g,0,g,3,g,3,g
83,mr goodcents,cheese mix for 6 inch cold sub without cheese,12,g,0,mg,540,g,42,g,8,g,1.5,g,0,g,4,g,3,g
84,mr goodcents,cheese mix for 8 inch cold sub without cheese,17,g,0,mg,710,g,58,g,12,g,2,g,0,g,5,g,4,g
85,mr goodcents,cheetos crunchy,21,g,0,mg,500,g,26,g,3,g,3.5,g,0,g,1,g,2,g
86,mr goodcents,chicken alfredo,44,g,135,mg,1890,g,103,g,48,g,15,g,0,g,15,g,7,g
87,mr goodcents,chicken bacon ranch toasted sub 12 inch,47,g,235,mg,2920,g,79,g,77,g,19,g,0,g,4,g,5,g
88,mr goodcents,chicken bacon ranch toasted sub 16 inch,66,g,325,mg,4060,g,110,g,106,g,26,g,0,g,6,g,6,g
89,mr goodcents,chicken bacon ranch toasted sub 8 inch,33,g,160,mg,2030,g,55,g,53,g,13,g,0,g,3,g,3,g
90,mr goodcents,chicken homestyle noodle soup bowl,4,g,30,mg,1590,g,20,g,8,g,1,g,0,g,0,g,2,g
91,mr goodcents,chicken homestyle noodle soup cup,2,g,15,mg,790,g,10,g,4,g,0,g,0,g,0,g,1,g
92,mr goodcents,chicken parmesan,25,g,105,mg,1840,g,108,g,49,g,6,g,0,g,17,g,12,g
93,mr goodcents,chipotle cheesesteak toasted sub 12 inch without meat,25,g,45,mg,1190,g,82,g,26,g,10,g,0,g,4,g,7,g
94,mr goodcents,chipotle cheesesteak toasted sub 16 inch without meat,34,g,60,mg,1650,g,114,g,35,g,13,g,0,g,6,g,9,g
95,mr goodcents,chipotle cheesesteak toasted sub 8 inch without meat,17,g,30,mg,830,g,57,g,18,g,6,g,0,g,3,g,4,g
96,mr goodcents,chipotle cheesesteak with chicken toasted sub 12 inch,7,g,140,mg,1120,g,2,g,40,g,2,g,0,g,0,g,0,g
97,mr goodcents,chipotle cheesesteak with chicken toasted sub 16 inch,9,g,185,mg,1490,g,3,g,53,g,2.5,g,0,g,0,g,0,g
98,mr goodcents,chipotle cheesesteak with chicken toasted sub 8 inch,4.5,g,95,mg,750,g,1,g,27,g,1.5,g,0,g,0,g,0,g
99,mr goodcents,chipotle cheesesteak with steak toasted sub 12 inch,15,g,60,mg,900,g,9,g,27,g,6,g,0.5,g,2,g,2,g
100,mr goodcents,chipotle cheesesteak with steak toasted sub 16 inch,20,g,80,mg,1190,g,12,g,37,g,8,g,0.5,g,2,g,3,g
101,mr goodcents,chipotle cheesesteak with steak toasted sub 8 inch,10,g,40,mg,600,g,6,g,18,g,4,g,0,g,1,g,1,g
102,mr goodcents,chocolate chip cookie,17,g,5,mg,90,g,45,g,3,g,9,g,0,g,0,g,29,g
103,mr goodcents,cucumbers 12 inch sub portion,0,g,0,mg,0,g,2,g,0,g,0,g,0,g,0,g,1,g
104,mr goodcents,cucumbers 16 inch sub portion,0,g,0,mg,0,g,2,g,0,g,0,g,0,g,0,g,1,g
105,mr goodcents,cucumbers 6 inch sub portion,0,g,0,mg,0,g,1,g,0,g,0,g,0,g,0,g,0,g
106,mr goodcents,cucumbers 8 inch sub portion,0,g,0,mg,0,g,1,g,0,g,0,g,0,g,0,g,0,g
107,mr goodcents,doritos nacho cheese,14,g,0,mg,360,g,28,g,3,g,2,g,0,g,2,g,1,g
108,mr goodcents,double chocolate chunk cookie,16,g,25,mg,250,g,41,g,3,g,9,g,0,g,0,g,26,g
109,mr goodcents,fritos corn chips,20,g,0,mg,320,g,32,g,3,g,3,g,0,g,3,g,1,g
110,mr goodcents,garden veggie cold sub 12 inch,36,g,0,mg,3130,g,96,g,18,g,6,g,0,g,12,g,11,g
111,mr goodcents,garden veggie cold sub 16 inch,48,g,0,mg,4370,g,133,g,25,g,9,g,0,g,17,g,14,g
112,mr goodcents,garden veggie cold sub 4 inch,12,g,0,mg,1090,g,33,g,6,g,2,g,0,g,4,g,4,g
113,mr goodcents,garden veggie cold sub 6 inch,18,g,0,mg,1650,g,48,g,9,g,3,g,0,g,6,g,5,g
114,mr goodcents,garden veggie cold sub 8 inch,24,g,0,mg,2140,g,66,g,12,g,4.5,g,0,g,9,g,7,g
115,mr goodcents,goodcents original cold sub 12 inch,56,g,85,mg,2470,g,86,g,32,g,16,g,0,g,7,g,8,g
116,mr goodcents,goodcents original cold sub 16 inch,76,g,120,mg,3700,g,122,g,47,g,22,g,0.5,g,10,g,12,g
117,mr goodcents,goodcents original cold sub 4 inch,25,g,45,mg,1170,g,31,g,14,g,8,g,0,g,3,g,3,g
118,mr goodcents,goodcents original cold sub 6 inch,29,g,45,mg,1330,g,43,g,17,g,8,g,0,g,4,g,4,g
119,mr goodcents,goodcents original cold sub 8 inch,38,g,60,mg,1800,g,61,g,23,g,11,g,0,g,5,g,6,g
120,mr goodcents,green peppers 12 inch sub portion,0,g,0,mg,0,g,1,g,0,g,0,g,0,g,0,g,0,g
121,mr goodcents,green peppers 16 inch sub portion,0,g,0,mg,0,g,1,g,0,g,0,g,0,g,0,g,1,g
122,mr goodcents,ham cold sub 12 inch,30,g,45,mg,2240,g,92,g,32,g,4.5,g,0,g,7,g,13,g
123,mr goodcents,ham cold sub 16 inch,42,g,70,mg,3400,g,131,g,46,g,7,g,0,g,10,g,18,g
124,mr goodcents,ham cold sub 4 inch,11,g,25,mg,1010,g,35,g,13,g,2,g,0,g,3,g,6,g
125,mr goodcents,ham cold sub 6 inch,15,g,25,mg,1170,g,47,g,16,g,2.5,g,0,g,4,g,7,g
126,mr goodcents,ham cold sub 8 inch,21,g,35,mg,1650,g,65,g,23,g,3.5,g,0,g,5,g,9,g
127,mr goodcents,honey mustard 12 inch sub portion,9,g,10,mg,140,g,5,g,0,g,1,g,0,g,0,g,5,g
128,mr goodcents,honey mustard 16 inch sub portion,12,g,15,mg,190,g,6,g,0,g,1.5,g,0,g,0,g,6,g
129,mr goodcents,honey mustard 4 inch sub portion,3,g,5,mg,50,g,2,g,0,g,0,g,0,g,0,g,2,g
130,mr goodcents,honey mustard 6 inch sub portion,4.5,g,5,mg,70,g,2,g,0,g,0.5,g,0,g,0,g,2,g
131,mr goodcents,honey mustard 8 inch sub portion,6,g,10,mg,95,g,3,g,0,g,1,g,0,g,0,g,3,g
132,mr goodcents,italian cold sub 12 inch,68,g,120,mg,2930,g,84,g,37,g,21,g,0,g,7,g,7,g
133,mr goodcents,italian cold sub 16 inch,100,g,185,mg,4450,g,117,g,54,g,33,g,0,g,10,g,10,g
134,mr goodcents,italian cold sub 4 inch,29,g,60,mg,1350,g,30,g,16,g,10,g,0,g,3,g,3,g
135,mr goodcents,italian cold sub 6 inch,33,g,60,mg,1510,g,43,g,19,g,10,g,0,g,4,g,4,g
136,mr goodcents,italian cold sub 8 inch,50,g,95,mg,2170,g,59,g,27,g,17,g,0,g,5,g,5,g
137,mr goodcents,jalapenos 12 inch sub portion,0,g,0,mg,260,g,1,g,0,g,0,g,0,g,0,g,1,g
138,mr goodcents,jalapenos 16 inch sub portion,0,g,0,mg,330,g,1,g,0,g,0,g,0,g,0,g,1,g
139,mr goodcents,jalapenos 4 inch sub portion,0,g,0,mg,100,g,0,g,0,g,0,g,0,g,0,g,0,g
140,mr goodcents,jalapenos 6 inch sub portion,0,g,0,mg,130,g,0,g,0,g,0,g,0,g,0,g,0,g
141,mr goodcents,jalapenos 8 inch sub portion,0,g,0,mg,160,g,0,g,0,g,0,g,0,g,0,g,0,g
142,mr goodcents,kids chicken alfredo,35,g,80,mg,1300,g,84,g,30,g,12,g,0,g,14,g,5,g
143,mr goodcents,kids chicken parmesan,19,g,50,mg,1130,g,85,g,30,g,4.5,g,0,g,15,g,7,g
144,mr goodcents,kids ham and cheese,8,g,35,mg,1160,g,32,g,15,g,4,g,0,g,1,g,4,g
145,mr goodcents,kids pasta with marinara,16,g,0,mg,810,g,86,g,15,g,3,g,0,g,15,g,9,g
146,mr goodcents,kids pasta with meatballs,21,g,30,mg,1100,g,90,g,23,g,5,g,0.5,g,17,g,9,g
147,mr goodcents,kids peanut butter and jelly,15,g,0,mg,420,g,50,g,12,g,3.5,g,0,g,4,g,22,g
148,mr goodcents,kids turkey and cheese,6,g,40,mg,1080,g,28,g,18,g,3,g,0,g,1,g,1,g
149,mr goodcents,lays barbecue,15,g,0,mg,230,g,23,g,3,g,2,g,0,g,2,g,3,g
150,mr goodcents,lays classic,16,g,0,mg,250,g,23,g,3,g,2,g,0,g,2,g,1,g
151,mr goodcents,lays oven baked barbecue,3.5,g,0,mg,180,g,24,g,2,g,0.5,g,0,g,2,g,3,g
152,mr goodcents,lays oven baked original,4,g,0,mg,180,g,24,g,2,g,0.5,g,0,g,2,g,3,g
153,mr goodcents,lays sour cream and onion,15,g,0,mg,240,g,23,g,3,g,2,g,0,g,2,g,1,g
154,mr goodcents,mayonnaise 12 inch sub portion,18,g,10,mg,130,g,0,g,0,g,3,g,0,g,0,g,0,g
155,mr goodcents,mayonnaise 16 inch sub portion,25,g,10,mg,170,g,0,g,0,g,3.5,g,0,g,0,g,0,g
156,mr goodcents,mayonnaise 4 inch sub portion,6,g,5,mg,45,g,0,g,0,g,1,g,0,g,0,g,0,g
157,mr goodcents,mayonnaise 6 inch sub portion,9,g,5,mg,65,g,0,g,0,g,1.5,g,0,g,0,g,0,g
158,mr goodcents,mayonnaise 8 inch sub portion,12,g,5,mg,85,g,0,g,0,g,2,g,0,g,0,g,0,g
159,mr goodcents,meatball toasted sub 12 inch,42,g,215,mg,2880,g,100,g,67,g,18,g,3,g,9,g,3,g
160,mr goodcents,meatball toasted sub 16 inch,57,g,285,mg,3900,g,138,g,90,g,24,g,4,g,13,g,4,g
161,mr goodcents,meatball toasted sub 8 inch,29,g,140,mg,1950,g,69,g,45,g,12,g,2,g,7,g,2,g
162,mr goodcents,miss vickies jalapeno,12,g,0,mg,180,g,22,g,3,g,1.5,g,0,g,2,g,2,g
163,mr goodcents,mozzarella cheese 12 inch sub,12,g,40,mg,530,g,2,g,12,g,6,g,0,g,0,g,0,g
164,mr goodcents,mozzarella cheese 12 inch sub portion,4.5,g,15,mg,200,g,1,g,5,g,2.5,g,0,g,0,g,0,g
165,mr goodcents,mozzarella cheese 16 inch sub,18,g,60,mg,790,g,3,g,18,g,9,g,0,g,0,g,0,g
166,mr goodcents,mozzarella cheese 16 inch sub portion,6,g,20,mg,260,g,1,g,6,g,3,g,0,g,0,g,0,g
167,mr goodcents,mozzarella cheese 4 inch sub,6,g,20,mg,260,g,1,g,6,g,3,g,0,g,0,g,0,g
168,mr goodcents,mozzarella cheese 4 inch sub portion,1.5,g,5,mg,65,g,0,g,2,g,1,g,0,g,0,g,0,g
169,mr goodcents,mozzarella cheese 6 inch sub,6,g,20,mg,260,g,1,g,6,g,3,g,0,g,0,g,0,g
170,mr goodcents,mozzarella cheese 6 inch sub portion,3,g,10,mg,130,g,1,g,3,g,1.5,g,0,g,0,g,0,g
171,mr goodcents,mozzarella cheese 8 inch sub,9,g,30,mg,390,g,2,g,9,g,4.5,g,0,g,0,g,0,g
172,mr goodcents,mozzarella cheese 8 inch sub portion,3,g,10,mg,130,g,1,g,3,g,1.5,g,0,g,0,g,0,g
173,mr goodcents,oil 12 inch sub portion,21,g,0,mg,0,g,0,g,0,g,1.5,g,0,g,0,g,0,g
174,mr goodcents,oil 16 inch sub portion,28,g,0,mg,0,g,0,g,0,g,2,g,0,g,0,g,0,g
175,mr goodcents,oil 4 inch sub portion,7,g,0,mg,0,g,0,g,0,g,0.5,g,0,g,0,g,0,g
176,mr goodcents,oil 6 inch sub portion,10,g,0,mg,0,g,0,g,0,g,0.5,g,0,g,0,g,0,g
177,mr goodcents,oil 8 inch sub portion,14,g,0,mg,0,g,0,g,0,g,1,g,0,g,0,g,0,g
178,mr goodcents,onions 12 inch sub portion,0,g,0,mg,0,g,1,g,0,g,0,g,0,g,0,g,0,g
179,mr goodcents,onions 16 inch sub portion,0,g,0,mg,0,g,1,g,0,g,0,g,0,g,0,g,1,g
180,mr goodcents,onions 4 inch sub portion,0,g,0,mg,0,g,1,g,0,g,0,g,0,g,0,g,0,g
181,mr goodcents,onions 6 inch sub portion,0,g,0,mg,0,g,1,g,0,g,0,g,0,g,0,g,0,g
182,mr goodcents,onions 8 inch sub portion,0,g,0,mg,0,g,1,g,0,g,0,g,0,g,0,g,0,g
183,mr goodcents,oregano 12 inch sub portion,0,g,0,mg,0,g,4,g,0,g,0,g,0,g,2,g,0,g
184,mr goodcents,oregano 16 inch sub portion,0,g,0,mg,0,g,5,g,1,g,0,g,0,g,3,g,0,g
185,mr goodcents,oregano 4 inch sub portion,0,g,0,mg,0,g,1,g,0,g,0,g,0,g,1,g,0,g
186,mr goodcents,oregano 6 inch sub portion,0,g,0,mg,0,g,2,g,0,g,0,g,0,g,1,g,0,g
187,mr goodcents,oregano 8 inch sub portion,0,g,0,mg,0,g,2,g,0,g,0,g,0,g,2,g,0,g
188,mr goodcents,oven roasted chicken cold sub 12 inch,27,g,60,mg,1890,g,85,g,41,g,2.5,g,0,g,7,g,8,g
189,mr goodcents,oven roasted chicken cold sub 16 inch,36,g,90,mg,2870,g,119,g,59,g,3.5,g,0,g,10,g,11,g
190,mr goodcents,oven roasted chicken cold sub 4 inch,9,g,30,mg,830,g,31,g,18,g,1,g,0,g,3,g,4,g
191,mr goodcents,oven roasted chicken cold sub 6 inch,13,g,30,mg,990,g,43,g,20,g,1.5,g,0,g,4,g,4,g
192,mr goodcents,oven roasted chicken cold sub 8 inch,18,g,45,mg,1380,g,60,g,30,g,2,g,0,g,5,g,6,g
193,mr goodcents,pasta with alfredo sauce,26,g,40,mg,590,g,7,g,4,g,11,g,0,g,0,g,4,g
194,mr goodcents,pasta with marinara sauce,3.5,g,0,mg,430,g,11,g,2,g,0,g,0,g,2,g,9,g
195,mr goodcents,pasta with meatballs,33,g,90,mg,1850,g,119,g,40,g,9,g,1.5,g,20,g,12,g
196,mr goodcents,pasta without sauce,14,g,0,mg,560,g,96,g,17,g,3,g,0,g,15,g,3,g
197,mr goodcents,peanut butter cookie,16,g,20,mg,270,g,37,g,5,g,6,g,0,g,0,g,21,g
198,mr goodcents,penny club cold sub 12 inch,28,g,50,mg,2200,g,87,g,35,g,4,g,0,g,7,g,9,g
199,mr goodcents,penny club cold sub 16 inch,38,g,75,mg,3350,g,122,g,51,g,6,g,0,g,10,g,12,g
200,mr goodcents,penny club cold sub 4 inch,10,g,25,mg,970,g,32,g,15,g,1.5,g,0,g,3,g,3,g
201,mr goodcents,penny club cold sub 6 inch,14,g,25,mg,1140,g,44,g,18,g,2,g,0,g,4,g,4,g
202,mr goodcents,penny club cold sub 8 inch,19,g,35,mg,1630,g,61,g,26,g,3,g,0,g,5,g,6,g
203,mr goodcents,pepper jack cheese 12 inch sub,16,g,55,mg,320,g,0,g,13,g,9,g,0,g,0,g,0,g
204,mr goodcents,pepper jack cheese 12 inch sub portion,6,g,20,mg,120,g,0,g,5,g,3.5,g,0,g,0,g,0,g
205,mr goodcents,pepper jack cheese 16 inch sub,24,g,80,mg,490,g,0,g,20,g,14,g,0,g,0,g,0,g
206,mr goodcents,pepper jack cheese 16 inch sub portion,8,g,25,mg,160,g,0,g,7,g,4.5,g,0,g,0,g,0,g
207,mr goodcents,pepper jack cheese 4 inch sub,8,g,25,mg,160,g,0,g,7,g,4.5,g,0,g,0,g,0,g
208,mr goodcents,pepper jack cheese 4 inch sub portion,2,g,5,mg,40,g,0,g,2,g,1,g,0,g,0,g,0,g
209,mr goodcents,pepper jack cheese 6 inch sub,8,g,25,mg,160,g,0,g,7,g,4.5,g,0,g,0,g,0,g
210,mr goodcents,pepper jack cheese 6 inch sub portion,4,g,15,mg,80,g,0,g,3,g,2.5,g,0,g,0,g,0,g
211,mr goodcents,pepper jack cheese 8 inch sub,12,g,40,mg,240,g,0,g,10,g,7,g,0,g,0,g,0,g
212,mr goodcents,pepper jack cheese 8 inch sub portion,4,g,15,mg,80,g,0,g,3,g,2.5,g,0,g,0,g,0,g
213,mr goodcents,pepperoni cold sub 12 inch,77,g,140,mg,2970,g,83,g,37,g,27,g,0,g,7,g,6,g
214,mr goodcents,pepperoni cold sub 16 inch,112,g,210,mg,4490,g,116,g,54,g,40,g,0,g,10,g,8,g
215,mr goodcents,pepperoni cold sub 4 inch,35,g,70,mg,1370,g,30,g,16,g,13,g,0,g,3,g,3,g
216,mr goodcents,pepperoni cold sub 6 inch,38,g,70,mg,1530,g,42,g,19,g,13,g,0,g,4,g,3,g
217,mr goodcents,pepperoni cold sub 8 inch,56,g,105,mg,2190,g,58,g,27,g,20,g,0,g,5,g,4,g
218,mr goodcents,pickles 12 inch sub portion,0,g,0,mg,250,g,0,g,0,g,0,g,0,g,0,g,0,g
219,mr goodcents,pickles 16 inch sub portion,0,g,0,mg,330,g,0,g,0,g,0,g,0,g,0,g,0,g
220,mr goodcents,pickles 4 inch sub portion,0,g,0,mg,85,g,0,g,0,g,0,g,0,g,0,g,0,g
221,mr goodcents,pickles 6 inch sub portion,0,g,0,mg,125,g,0,g,0,g,0,g,0,g,0,g,0,g
222,mr goodcents,pickles 8 inch sub portion,0,g,0,mg,170,g,0,g,0,g,0,g,0,g,0,g,0,g
223,mr goodcents,provolone cheese 12 inch sub,14,g,40,mg,380,g,2,g,14,g,8,g,0,g,0,g,0,g
224,mr goodcents,provolone cheese 12 inch sub portion,5,g,15,mg,140,g,1,g,5,g,3,g,0,g,0,g,0,g
225,mr goodcents,provolone cheese 16 inch sub,21,g,60,mg,570,g,3,g,21,g,12,g,0,g,0,g,0,g
226,mr goodcents,provolone cheese 16 inch sub portion,7,g,20,mg,190,g,1,g,7,g,4,g,0,g,0,g,0,g
227,mr goodcents,provolone cheese 4 inch sub,7,g,20,mg,190,g,1,g,7,g,4,g,0,g,0,g,0,g
228,mr goodcents,provolone cheese 4 inch sub portion,2,g,5,mg,50,g,0,g,2,g,1,g,0,g,0,g,0,g
229,mr goodcents,provolone cheese 6 inch sub,7,g,20,mg,190,g,1,g,7,g,4,g,0,g,0,g,0,g
230,mr goodcents,provolone cheese 6 inch sub portion,3.5,g,10,mg,95,g,1,g,4,g,2,g,0,g,0,g,0,g
231,mr goodcents,provolone cheese 8 inch sub,11,g,30,mg,290,g,2,g,11,g,6,g,0,g,0,g,0,g
232,mr goodcents,provolone cheese 8 inch sub portion,3.5,g,10,mg,95,g,1,g,4,g,2,g,0,g,0,g,0,g
233,mr goodcents,ranch dressing 12 inch sub portion,9,g,5,mg,210,g,2,g,0,g,1.5,g,0,g,0,g,1,g
234,mr goodcents,ranch dressing 16 inch sub portion,12,g,10,mg,280,g,2,g,0,g,2,g,0,g,0,g,1,g
235,mr goodcents,ranch dressing 4 inch sub portion,3,g,0,mg,70,g,1,g,0,g,0,g,0,g,0,g,0,g
236,mr goodcents,ranch dressing 6 inch sub portion,4.5,g,5,mg,105,g,1,g,0,g,0.5,g,0,g,0,g,1,g
237,mr goodcents,ranch dressing 8 inch sub portion,6,g,5,mg,140,g,1,g,0,g,1,g,0,g,0,g,1,g
238,mr goodcents,roasted turkey cold sub 12 inch,26,g,50,mg,2080,g,85,g,37,g,2.5,g,0,g,7,g,6,g
239,mr goodcents,roasted turkey cold sub 16 inch,35,g,75,mg,3160,g,119,g,54,g,3.5,g,0,g,10,g,8,g
240,mr goodcents,roasted turkey cold sub 4 inch,9,g,25,mg,930,g,31,g,16,g,1,g,0,g,3,g,3,g
241,mr goodcents,roasted turkey cold sub 6 inch,13,g,25,mg,1090,g,43,g,19,g,1.5,g,0,g,4,g,3,g
242,mr goodcents,roasted turkey cold sub 8 inch,17,g,40,mg,1530,g,60,g,27,g,2,g,0,g,5,g,4,g
243,mr goodcents,salt 12 inch sub portion,0,g,0,mg,190,g,0,g,0,g,0,g,0,g,0,g,0,g
244,mr goodcents,salt 16 inch sub portion,0,g,0,mg,390,g,0,g,0,g,0,g,0,g,0,g,0,g
245,mr goodcents,salt 4 inch sub portion,0,g,0,mg,95,g,0,g,0,g,0,g,0,g,0,g,0,g
246,mr goodcents,salt 6 inch sub portion,0,g,0,mg,150,g,0,g,0,g,0,g,0,g,0,g,0,g
247,mr goodcents,salt 8 inch sub portion,0,g,0,mg,150,g,0,g,0,g,0,g,0,g,0,g,0,g
248,mr goodcents,saltine crackers for bowl,2,g,0,mg,360,g,17,g,3,g,0,g,0,g,1,g,0,g
249,mr goodcents,saltine crackers for cup,1,g,0,mg,180,g,9,g,1,g,0,g,0,g,1,g,0,g
250,mr goodcents,shredded lettuce 12 inch sub portion,0,g,0,mg,5,g,2,g,1,g,0,g,0,g,1,g,1,g
251,mr goodcents,shredded lettuce 16 inch sub portion,0,g,0,mg,10,g,3,g,1,g,0,g,0,g,1,g,2,g
252,mr goodcents,shredded lettuce 4 inch sub portion,0,g,0,mg,0,g,1,g,0,g,0,g,0,g,0,g,0,g
253,mr goodcents,shredded lettuce 6 inch sub portion,0,g,0,mg,0,g,1,g,0,g,0,g,0,g,0,g,1,g
254,mr goodcents,shredded lettuce 8 inch sub portion,0,g,0,mg,0,g,1,g,0,g,0,g,0,g,1,g,1,g
255,mr goodcents,side of garlic bread,12,g,0,mg,340,g,44,g,8,g,2.5,g,0,g,12,g,2,g
256,mr goodcents,slow roasted roast beef cold sub 12 inch,28,g,50,mg,2300,g,83,g,37,g,4.5,g,0,g,7,g,6,g
257,mr goodcents,slow roasted roast beef cold sub 16 inch,38,g,75,mg,3490,g,116,g,54,g,7,g,0,g,10,g,8,g
258,mr goodcents,slow roasted roast beef cold sub 4 inch,10,g,25,mg,1040,g,30,g,16,g,2,g,0,g,3,g,3,g
259,mr goodcents,slow roasted roast beef cold sub 6 inch,14,g,25,mg,1200,g,42,g,19,g,2.5,g,0,g,4,g,3,g
260,mr goodcents,slow roasted roast beef cold sub 8 inch,19,g,40,mg,1700,g,58,g,27,g,3.5,g,0,g,5,g,4,g
261,mr goodcents,spicy mustard 12 inch sub portion,0,g,0,mg,240,g,0,g,0,g,0,g,0,g,0,g,0,g
262,mr goodcents,spicy mustard 16 inch sub portion,0,g,0,mg,320,g,0,g,0,g,0,g,0,g,0,g,0,g
263,mr goodcents,spicy mustard 4 inch sub portion,0,g,0,mg,80,g,0,g,0,g,0,g,0,g,0,g,0,g
264,mr goodcents,spicy mustard 6 inch sub portion,0,g,0,mg,120,g,0,g,0,g,0,g,0,g,0,g,0,g
265,mr goodcents,spicy mustard 8 inch sub portion,0,g,0,mg,160,g,0,g,0,g,0,g,0,g,0,g,0,g
266,mr goodcents,spicy ranch dressing 12 inch sub portion,11,g,5,mg,180,g,3,g,0,g,1.5,g,0,g,0,g,2,g
267,mr goodcents,spicy ranch dressing 16 inch sub portion,15,g,5,mg,250,g,4,g,0,g,2,g,0,g,0,g,2,g
268,mr goodcents,spicy ranch dressing 4 inch sub portion,3.5,g,0,mg,60,g,1,g,0,g,0.5,g,0,g,0,g,1,g
269,mr goodcents,spicy ranch dressing 6 inch sub portion,6,g,0,mg,90,g,2,g,0,g,1,g,0,g,0,g,1,g
270,mr goodcents,spicy ranch dressing 8 inch sub portion,7,g,5,mg,125,g,2,g,0,g,1,g,0,g,0,g,1,g
271,mr goodcents,standard dress 12 inch sub portion,22,g,0,mg,210,g,9,g,2,g,1.5,g,0,g,4,g,3,g
272,mr goodcents,standard dress 16 inch sub portion,29,g,0,mg,410,g,12,g,2,g,2,g,0,g,5,g,4,g
273,mr goodcents,standard dress 4 inch sub portion,7,g,0,mg,100,g,4,g,1,g,0.5,g,0,g,2,g,2,g
274,mr goodcents,standard dress 6 inch sub portion,11,g,0,mg,150,g,5,g,1,g,1,g,0,g,2,g,2,g
275,mr goodcents,standard dress 8 inch sub portion,14,g,0,mg,150,g,6,g,1,g,1,g,0,g,3,g,2,g
276,mr goodcents,sunchips harvest cheddar,9,g,0,mg,320,g,27,g,4,g,1.5,g,0,g,4,g,3,g
277,mr goodcents,swiss cheese 12 inch sub,16,g,50,mg,120,g,2,g,16,g,10,g,0,g,0,g,0,g
278,mr goodcents,swiss cheese 12 inch sub portion,6,g,20,mg,45,g,1,g,6,g,4,g,0,g,0,g,0,g
279,mr goodcents,swiss cheese 16 inch sub,24,g,75,mg,180,g,3,g,24,g,15,g,0,g,0,g,0,g
280,mr goodcents,swiss cheese 16 inch sub portion,8,g,25,mg,60,g,1,g,8,g,5,g,0,g,0,g,0,g
281,mr goodcents,swiss cheese 4 inch sub,8,g,25,mg,60,g,1,g,8,g,5,g,0,g,0,g,0,g
282,mr goodcents,swiss cheese 4 inch sub portion,2,g,5,mg,15,g,0,g,2,g,1.5,g,0,g,0,g,0,g
283,mr goodcents,swiss cheese 6 inch sub,8,g,25,mg,60,g,1,g,8,g,5,g,0,g,0,g,0,g
284,mr goodcents,swiss cheese 6 inch sub portion,4,g,15,mg,30,g,1,g,4,g,2.5,g,0,g,0,g,0,g
285,mr goodcents,swiss cheese 8 inch sub,12,g,40,mg,90,g,2,g,12,g,8,g,0,g,0,g,0,g
286,mr goodcents,swiss cheese 8 inch sub portion,4,g,15,mg,30,g,1,g,4,g,2.5,g,0,g,0,g,0,g
287,mr goodcents,tomatoes 12 inch sub portion,0,g,0,mg,0,g,2,g,0,g,0,g,0,g,1,g,1,g
288,mr goodcents,tomatoes 16 inch sub portion,0,g,0,mg,0,g,2,g,1,g,0,g,0,g,1,g,2,g
289,mr goodcents,tomatoes 4 inch sub portion,0,g,0,mg,0,g,1,g,0,g,0,g,0,g,0,g,1,g
290,mr goodcents,tomatoes 6 inch sub portion,0,g,0,mg,0,g,1,g,0,g,0,g,0,g,0,g,1,g
291,mr goodcents,tomatoes 8 inch sub portion,0,g,0,mg,0,g,1,g,0,g,0,g,0,g,0,g,1,g
292,mr goodcents,tuna salad cold sub 12 inch,45,g,35,mg,1650,g,91,g,29,g,6,g,0,g,7,g,10,g
293,mr goodcents,tuna salad cold sub 16 inch,64,g,50,mg,2510,g,128,g,42,g,9,g,0,g,10,g,14,g
294,mr goodcents,tuna salad cold sub 4 inch,19,g,15,mg,710,g,34,g,12,g,2.5,g,0,g,3,g,5,g
295,mr goodcents,tuna salad cold sub 6 inch,22,g,15,mg,870,g,46,g,15,g,3,g,0,g,4,g,5,g
296,mr goodcents,tuna salad cold sub 8 inch,32,g,25,mg,1210,g,64,g,21,g,4.5,g,0,g,5,g,7,g
297,mr goodcents,ultimate club cold sub 12 inch,43,g,80,mg,2430,g,87,g,41,g,9,g,0,g,7,g,9,g
298,mr goodcents,ultimate club cold sub 16 inch,60,g,115,mg,3530,g,122,g,58,g,13,g,0,g,10,g,12,g
299,mr goodcents,ultimate club cold sub 4 inch,17,g,40,mg,1090,g,32,g,18,g,4,g,0,g,3,g,3,g
300,mr goodcents,ultimate club cold sub 6 inch,21,g,40,mg,1250,g,44,g,21,g,4.5,g,0,g,4,g,4,g
301,mr goodcents,ultimate club cold sub 8 inch,30,g,60,mg,1720,g,61,g,29,g,7,g,0,g,5,g,6,g
302,mr goodcents,wheat bread 12 inch sub portion,4.5,g,0,mg,660,g,69,g,17,g,1,g,0,g,2,g,7,g
303,mr goodcents,wheat bread 16 inch sub portion,7,g,0,mg,940,g,98,g,23,g,1.5,g,0,g,3,g,11,g
304,mr goodcents,wheat bread 4 inch sub portion,1.5,g,0,mg,230,g,24,g,6,g,0,g,0,g,1,g,3,g
305,mr goodcents,wheat bread 6 inch sub portion,2.5,g,0,mg,330,g,35,g,9,g,0.5,g,0,g,1,g,4,g
306,mr goodcents,wheat bread 8 inch sub portion,3.5,g,0,mg,470,g,49,g,11,g,0.5,g,0,g,1,g,5,g
307,mr goodcents,white bread 12 inch sub portion,3,g,0,mg,780,g,74,g,15,g,1,g,0,g,3,g,3,g
308,mr goodcents,white bread 16 inch sub portion,4.5,g,0,mg,1110,g,104,g,21,g,1.5,g,0,g,5,g,4,g
309,mr goodcents,white bread 4 inch sub portion,1,g,0,mg,280,g,26,g,5,g,0,g,0,g,1,g,1,g
310,mr goodcents,white bread 6 inch sub portion,1.5,g,0,mg,390,g,37,g,8,g,0.5,g,0,g,2,g,2,g
311,mr goodcents,white bread 8 inch sub portion,2,g,0,mg,550,g,52,g,10,g,0.5,g,0,g,2,g,2,g
312,mr hero,chicken nuggets,19,g,44,mg,563,g,11.5,g,16.5,g,4,g,0,g,0,g,0,g
313,mr hero,ranch dressing dipping cup,14,g,5,mg,220,g,1,g,0,g,2,g,0,g,1,g,0,g
314,mr hero,mayonnaise,12,g,10,mg,75,g,0,g,0,g,2,g,0,g,0,g,0,g
315,mr hero,roasted garlic parmesan dressing,14,g,15,mg,580,g,3,g,1,g,2.5,g,0,g,0,g,0,g
316,mr hero,honey mustard,9,g,10,mg,250,g,9,g,0,g,1.5,g,0,g,8,g,0,g
317,mr hero,honey mustard dipping cup,0,g,0,mg,150,g,10,g,0,g,0,g,0,g,10,g,0,g
318,mr hero,oil n spice,14,g,0,mg,0,g,0,g,0,g,2,g,0,g,0,g,0,g
319,mr hero,parmesan spread,11,g,10,mg,135,g,0,g,0,g,2,g,0,g,0,g,0,g
320,mr hero,ranch dressingq,10,g,15,mg,270,g,5,g,3,g,1.5,g,0,g,1,g,0,g
321,mr hero,bbq sauce dipping cup,0,g,0,mg,370,g,10,g,0,g,0,g,0,g,9,g,0,g
322,mr hero,brownie,28,g,80,mg,180,g,63,g,5,g,11,g,0,g,47,g,3,g
323,mr hero,funnel cake fries with caramel ssauce,6,g,13,mg,304,g,56.5,g,1.3,g,2,g,0,g,36.4,g,0,g
324,mr hero,chocolate souffle cookie,36,g,20,mg,520,g,104,g,4,g,18,g,0,g,72,g,4,g
325,mr hero,creme brulee cookies,36,g,20,mg,640,g,104,g,4,g,18,g,0,g,68,g,0,g
326,mr hero,carrot cake cookies,36,g,20,mg,560,g,96,g,8,g,18,g,0,g,56,g,4,g
327,mr hero,potato waffer fries,27,g,0,mg,350,g,29,g,3,g,4.5,g,0,g,0,g,3,g
328,mr hero,kids chicken nugget meal,33,g,35,mg,820,g,32,g,15,g,6,g,0,g,0.3,g,2,g
329,mr hero,kids chicken nuggets,19,g,44,mg,563,g,11.5,g,16.5,g,4,g,0,g,0,g,0,g
330,mr hero,kids cheeseburger meal,32,g,25,mg,838,g,43,g,15,g,9.5,g,0.5,g,3,g,3.5,g
331,mr hero,kids cheeseburger,14,g,25,mg,468,g,20,g,13,g,6.3,g,0.5,g,2.5,g,1.5,g
332,mr hero,provolone cheese,6,g,15,mg,180,g,0,g,5,g,3,g,0,g,0,g,0,g
333,mr hero,swiss cheese,6,g,20,mg,360,g,0,g,5,g,4,g,0,g,0,g,0,g
334,mr hero,romanburger 7,56,g,82,mg,1500,g,45.5,g,31,g,18.7,g,0.9,g,5.3,g,4.3,g
335,mr hero,hot buttered cheesesteak sub 7,31,g,80,mg,1092,g,42,g,28,g,12.5,g,1,g,3,g,3,g
336,mr hero,turkey 7 deli sub sandwich,2.5,g,35,mg,1320,g,49,g,30,g,0,g,0,g,5,g,3,g
337,mr hero,tuna n cheese 7 deli sub sandwich,53,g,55,mg,870,g,45,g,16,g,8,g,0,g,4,g,3,g
338,mr hero,original italian 7 deli sub sandwich,27,g,45,mg,1560,g,50,g,19,g,6,g,0,g,7,g,3,g
339,mr hero,chicken philly 7 sandwich,21.5,g,90,mg,1552,g,45,g,34,g,6.5,g,0,g,3.4,g,3.5,g
340,mr hero,romanburger bte 10,111.3,g,173,mg,3034,g,72.6,g,62.7,g,39.6,g,2,g,8.3,g,6.2,g
341,mr hero,chicken philly 14 sandwich,43,g,180,mg,3105,g,90,g,68.5,g,13,g,0,g,6.7,g,7,g
342,mr hero,chicken bacon and ranch 7 sandwich,29,g,95,mg,1830,g,43,g,37,g,8.5,g,0,g,3,g,2,g
343,mr hero,amazing ultimate cheeseburger,25,g,34,mg,1746,g,38,g,18.5,g,9.5,g,0.5,g,4,g,1.2,g
344,mr hero,zesty chicken and bacon burger,40,g,50,mg,1306,g,50.5,g,21,g,8.5,g,0,g,2,g,1,g
345,mr hero,hot buttered cheesesteak bte sub 10,80,g,225,mg,2148,g,64,g,68,g,32,g,3,g,4,g,4,g
346,mr hero,zesty bacon and swiss 7 sandwich,41,g,105,mg,1346,g,39,g,32,g,14,g,1,g,2,g,3,g
347,mr hero,romanburger 14,112.6,g,165,mg,3000,g,91,g,61.6,g,37.3,g,1.8,g,10.6,g,8.5,g
348,mr hero,romanburger bte 7,72.7,g,116,mg,2012,g,47.8,g,42.2,g,26.2,g,1.4,g,6,g,5,g
349,mr hero,chicken bistro 7 sandwich,25,g,95,mg,1681,g,43,g,36,g,7.5,g,0,g,2,g,3,g
350,mr hero,cheeseburger 7,49,g,65,mg,1072,g,44,g,27,g,16,g,1,g,4.5,g,4.3,g
351,mr hero,turkey 14 deli sub sandwich,5,g,70,mg,2640,g,98,g,60,g,0,g,0,g,10,g,6,g
352,mr hero,hot buttered cheesesteak sub 14,62,g,160,mg,2185,g,83.3,g,56.3,g,25,g,2,g,6.4,g,6.7,g
353,mr hero,romanburger 10,87,g,124,mg,2259,g,69,g,45.6,g,28,g,1.5,g,6.8,g,5.3,g
354,mr hero,chicken bistro 14 sandwich,50,g,190,mg,3363,g,86,g,72,g,15,g,0,g,4,g,5.5,g
355,mr hero,cheeseburger 14,98,g,130,mg,2144,g,88,g,54.5,g,32,g,2,g,9,g,8.5,g
356,mr hero,original italian 14 deli sub sandwich,54,g,90,mg,2130,g,100,g,38,g,12,g,0,g,14,g,6,g
357,mr hero,italiano 7 deli sub sandwich,26,g,55,mg,1730,g,54,g,24,g,6,g,0,g,6,g,3,g
358,mr hero,cheeseburger 10,76,g,98,mg,1617,g,67,g,40,g,25,g,1.4,g,5.7,g,5.3,g
359,mr hero,tuna n cheese 14 deli sub sandwich,106,g,110,mg,1740,g,90,g,32,g,16,g,0,g,8,g,6,g
360,mr hero,hatta pottata 10 sandwich,70,g,125,mg,2110,g,81,g,40,g,18,g,1.5,g,2.5,g,3,g
361,mr hero,chicken bacon ranch 10 sandwich,43,g,143,mg,2755,g,66,g,55,g,13,g,0,g,4,g,2,g
362,mr hero,hatta pottata 14 sandwich,90,g,165,mg,2756,g,106,g,53.6,g,23.5,g,2,g,4.5,g,5.6,g
363,mr hero,chicken philly 10 sandwich,32,g,135,mg,2354,g,68.5,g,51,g,9.7,g,0,g,4,g,4.3,g
364,mr hero,sicilian parm 10 sandwich,70,g,170,mg,2097,g,61,g,49,g,22,g,1.5,g,2,g,3.7,g
365,mr hero,hot buttered cheesesteak sub 10,58.5,g,150,mg,1754,g,64,g,49.3,g,23,g,2,g,4,g,4,g
366,mr hero,hot buttered cheesesteak bte sub 14,85,g,240,mg,2670,g,83,g,76,g,35,g,3,g,6,g,7,g
367,mr hero,hot buttered cheesesteak bte sub 7,42.5,g,120,mg,1335,g,42,g,38,g,17.5,g,1.5,g,3,g,3,g
368,mr hero,sir racha bourbon 7 sandwich,35,g,88,mg,1485,g,48,g,30,g,11,g,1,g,7,g,2.5,g
369,mr hero,tuna n cheese 10 deli sub sandwich,82,g,80,mg,1310,g,68,g,23,g,13,g,0,g,5,g,4,g
370,mr hero,soicilian parm 7 sandwich,46,g,113,mg,1367,g,40,g,33,g,14.5,g,1,g,2,g,3,g
371,mr hero,sicilian parm 14 sandwich,92,g,225,mg,2735,g,80,g,65.5,g,29,g,2,g,4,g,6,g
372,mr hero,bacon cheeseburger,23.3,g,39,mg,803,g,38.5,g,22,g,10,g,1,g,4.5,g,2.3,g
373,mr hero,chicken bacon ranch 14 sandwich,57,g,190,mg,3660,g,86,g,74,g,17,g,0,g,6,g,4,g
374,mr hero,original italian 10 deli sub sandwich,44,g,70,mg,2370,g,77,g,29,g,10,g,0,g,10,g,4,g
375,mr hero,italiano 14 deli sub sandfwich,52,g,110,mg,3460,g,108,g,48,g,12,g,0,g,12,g,6,g
376,mr hero,sir racha bourbon 10 sandwich,52,g,131,mg,2241,g,72.5,g,44,g,17,g,1.5,g,9.5,g,2.5,g
377,mr hero,italiano 10 deli sub sandwich,46,g,90,mg,2770,g,87,g,37,g,10,g,0,g,9,g,4,g
378,mr hero,zesty bacon and swiss 14 sandwich,82,g,210,mg,2693,g,78,g,64,g,28,g,2,g,4,g,5.5,g
379,mr hero,turkey 10 deli sub sandwich,3.5,g,50,mg,1990,g,75,g,44,g,0,g,0,g,6,g,4,g
380,mr hero,zesty bacon and swiss 10 sandwich,61.5,g,158,mg,2045,g,60,g,47,g,21,g,1.5,g,2,g,3,g
381,mr hero,hatta pottata 7 sandwich,45,g,83,mg,1378,g,53,g,27,g,12,g,1,g,2.3,g,3,g
382,mr hero,sir racha bourbon 14 sandwich,69,g,175,mg,2970,g,95,g,60,g,22.5,g,2,g,14,g,5,g
383,mr hero,romanburger bte 14,145.3,g,232,mg,4024,g,95.6,g,84.5,g,52.5,g,2.7,g,12.3,g,9.8,g
384,mr hero,chicken bistro 10 sandwich,37,g,143,mg,2547,g,65,g,53.5,g,11,g,0,g,2,g,3.5,g
385,mr hero,cheddar cheese sauce,4,g,0,mg,350,g,5.2,g,1.5,g,1,g,0,g,0,g,0,g
386,mr hero,marinara sauce,1,g,0,mg,310,g,3,g,0,g,0,g,0,g,2,g,0,g
387,mr hero,loaded tater tots,47,g,13,mg,1150,g,34,g,8.5,g,10,g,0,g,0.5,g,3,g
388,mr hero,breaded mushrooms,33.5,g,0,mg,720,g,40,g,8,g,5,g,0,g,2,g,2,g
389,mr hero,onion petals,36,g,0,mg,885,g,52,g,5,g,58,g,0,g,0,g,1.5,g
390,mr hero,mozzarella sticks,35,g,30,mg,1490,g,43,g,25,g,11.5,g,0,g,4,g,7,g
391,mr hero,tater tots,34,g,0,mg,495,g,29,g,3,g,6,g,0,g,0,g,3,g
392,mr hero,pizza bites,57.5,g,53,mg,1415,g,31,g,17.5,g,14.5,g,0,g,5.5,g,2.5,g
393,mr hero,jalapeno popper,32.5,g,27,mg,1491,g,43.5,g,13.5,g,9.5,g,0,g,7,g,2.5,g
394,mr hero,coleslaw,9,g,13,mg,258,g,11,g,0.7,g,1.5,g,0,g,10,g,1.5,g
395,mr hero,bbq sauce dipping cup,0,g,0,mg,370,g,10,g,0,g,0,g,0,g,0,g,9,g
396,mr hero,bbq sauce large,0,g,0,mg,910,g,34,g,0,g,0,g,0,g,0,g,15,g
397,mr hero,bbq sauce medium,0,g,0,mg,680,g,26,g,0,g,0,g,0,g,0,g,12,g
398,mr hero,bbq sauce regular,0,g,0,mg,460,g,17,g,0,g,0,g,0,g,0,g,8,g
399,mr hero,breaded mushrooms large,67,g,0,mg,1440,g,80,g,16,g,10,g,0,g,4,g,4,g
400,mr hero,breaded mushrooms regular,34,g,0,mg,720,g,40,g,8,g,5,g,0,g,2,g,2,g
401,mr hero,cheddar cheese sauce large,9,g,0,mg,700,g,10,g,3,g,2,g,0,g,0,g,0,g
402,mr hero,cheddar cheese sauce regular,4.5,g,0,mg,350,g,5,g,2,g,1,g,0,g,0,g,0,g
403,mr hero,cheeseburger sub 10 inch,76,g,100,mg,1620,g,67,g,40,g,25,g,1.5,g,5,g,6,g
404,mr hero,cheeseburger sub 14 inch,98,g,130,mg,2140,g,88,g,54,g,32,g,2,g,9,g,9,g
405,mr hero,cheeseburger sub 7 inch,49,g,65,mg,1070,g,44,g,27,g,16,g,1,g,4,g,5,g
406,mr hero,cheeseburger with grilled onions value snacker,21,g,35,mg,680,g,35,g,15,g,7,g,0.5,g,1,g,3,g
407,mr hero,chicken nuggets 10 piece,38,g,90,mg,1130,g,23,g,33,g,8,g,0,g,0,g,0,g
408,mr hero,chicken nuggets 5 piece,19,g,45,mg,560,g,11,g,16,g,4,g,0,g,0,g,0,g
409,mr hero,chicken philly sub 10 inch,32,g,135,mg,2350,g,69,g,51,g,10,g,0,g,4,g,4,g
410,mr hero,chicken philly sub 14 inch,43,g,180,mg,3100,g,90,g,68,g,13,g,0,g,7,g,7,g
411,mr hero,chicken philly sub 7 inch,22,g,90,mg,1550,g,45,g,34,g,7,g,0,g,4,g,3,g
412,mr hero,chicken bacon and ranch sub 10 inch,43,g,145,mg,2760,g,66,g,55,g,13,g,0,g,2,g,4,g
413,mr hero,chicken bacon and ranch sub 14 inch,57,g,190,mg,3660,g,86,g,74,g,17,g,0,g,4,g,6,g
414,mr hero,chicken bacon and ranch sub 7 inch,29,g,95,mg,1830,g,43,g,37,g,9,g,0,g,2,g,3,g
415,mr hero,crispy chicken value snacker,35,g,40,mg,1070,g,50,g,17,g,6,g,0,g,1,g,2,g
416,mr hero,deep fried twinkies large,36,g,30,mg,700,g,68,g,6,g,7,g,0,g,0,g,34,g
417,mr hero,deep fried twinkies regular,18,g,15,mg,350,g,34,g,3,g,3.5,g,0,g,0,g,17,g
418,mr hero,diet pepsi large,0,g,0,mg,125,g,0,g,0,g,0,g,0,g,0,g,0,g
419,mr hero,diet pepsi medium,0,g,0,mg,90,g,0,g,0,g,0,g,0,g,0,g,0,g
420,mr hero,diet pepsi regular,0,g,0,mg,60,g,0,g,0,g,0,g,0,g,0,g,0,g
421,mr hero,franks hot sauce large,0,g,0,mg,2760,g,0,g,0,g,0,g,0,g,0,g,0,g
422,mr hero,franks hot sauce medium,0,g,0,mg,2070,g,0,g,0,g,0,g,0,g,0,g,0,g
423,mr hero,franks hot sauce regular,0,g,0,mg,1380,g,0,g,0,g,0,g,0,g,0,g,0,g
424,mr hero,fried pickles large,18,g,0,mg,1860,g,44,g,6,g,2.5,g,0,g,4,g,6,g
425,mr hero,fried pickles regular,12,g,0,mg,1240,g,29,g,4,g,1.5,g,0,g,3,g,4,g
426,mr hero,fried pickles snack,6,g,0,mg,620,g,15,g,2,g,1,g,0,g,1,g,2,g
427,mr hero,grilled deli trio value snacker,13,g,35,mg,990,g,34,g,15,g,2.5,g,0,g,0,g,3,g
428,mr hero,honey mustard dressing,9,g,10,mg,250,g,9,g,0,g,1.5,g,0,g,0,g,8,g
429,mr hero,honey mustard dressing dipping cup,0,g,0,mg,150,g,10,g,0,g,0,g,0,g,0,g,10,g
430,mr hero,hot buttered cheesesteak sub 10 inch,73,g,150,mg,1760,g,64,g,49,g,23,g,2,g,4,g,4,g
431,mr hero,hot buttered cheesesteak sub 14 inch,76,g,160,mg,2190,g,83,g,56,g,25,g,2,g,7,g,6,g
432,mr hero,hot buttered cheesesteak sub 7 inch,38,g,80,mg,1100,g,42,g,28,g,13,g,1,g,3,g,3,g
433,mr hero,italiano sub 10 inch,46,g,90,mg,2770,g,87,g,37,g,10,g,0,g,4,g,9,g
434,mr hero,italiano sub 14 inch,52,g,110,mg,3460,g,108,g,48,g,12,g,0,g,6,g,12,g
435,mr hero,italiano sub 7 inch,26,g,55,mg,1730,g,54,g,24,g,6,g,0,g,3,g,6,g
436,mr hero,jalapeno poppers large,65,g,55,mg,2980,g,87,g,27,g,19,g,0,g,5,g,14,g
437,mr hero,jalapeno poppers regular,33,g,25,mg,1490,g,43,g,14,g,10,g,0,g,3,g,7,g
438,mr hero,kids cheeseburger,14,g,25,mg,470,g,20,g,13,g,6,g,0.5,g,2,g,3,g
439,mr hero,kids cheeseburger meal,32,g,25,mg,840,g,43,g,15,g,10,g,0.5,g,4,g,3,g
440,mr hero,kids chicken nugget meal,33,g,35,mg,820,g,32,g,15,g,6,g,0,g,2,g,0,g
441,mr hero,kids chicken nuggets,15,g,35,mg,450,g,9,g,13,g,3,g,0,g,0,g,0,g
442,mr hero,lemonade,0,g,0,mg,0,g,57,g,0,g,0,g,0,g,0,g,54,g
443,mr hero,loaded addition to waffers regular,13,g,15,mg,650,g,6,g,6,g,3.5,g,0,g,0,g,0,g
444,mr hero,loaded tater tots large,83,g,20,mg,1850,g,57,g,11,g,16,g,0,g,5,g,1,g
445,mr hero,loaded tater tots regular,47,g,15,mg,1150,g,34,g,9,g,10,g,0,g,3,g,0,g
446,mr hero,marinara cup,1,g,0,mg,310,g,3,g,0,g,0,g,0,g,0,g,2,g
447,mr hero,mayonnaise,12,g,10,mg,75,g,0,g,0,g,2,g,0,g,0,g,0,g
448,mr hero,mountain dew large,0,g,0,mg,160,g,133,g,0,g,0,g,0,g,0,g,133,g
449,mr hero,mountain dew medium,0,g,0,mg,115,g,97,g,0,g,0,g,0,g,0,g,97,g
450,mr hero,mountain dew regular,0,g,0,mg,75,g,64,g,0,g,0,g,0,g,0,g,64,g
451,mr hero,mozzarella sticks large,68,g,60,mg,2520,g,72,g,48,g,23,g,0,g,12,g,10,g
452,mr hero,mozzarella sticks regular,34,g,30,mg,1260,g,36,g,24,g,12,g,0,g,6,g,5,g
453,mr hero,oil n spice dressing,14,g,0,mg,0,g,0,g,0,g,2,g,0,g,0,g,0,g
454,mr hero,onion petal sauce large,27,g,45,mg,780,g,18,g,0,g,4.5,g,0,g,0,g,12,g
455,mr hero,onion petal sauce regular,14,g,25,mg,390,g,9,g,0,g,2.5,g,0,g,0,g,6,g
456,mr hero,onion petals large,72,g,0,mg,1770,g,104,g,10,g,10,g,0,g,3,g,0,g
457,mr hero,onion petals regular,36,g,0,mg,890,g,52,g,5,g,5,g,0,g,2,g,0,g
458,mr hero,oreo cheescake,17,g,65,mg,250,g,24,g,4,g,11,g,0.5,g,1,g,16,g
459,mr hero,original italian sub 10 inch,44,g,70,mg,2370,g,77,g,29,g,10,g,0,g,4,g,10,g
460,mr hero,original italian sub 14 inch,54,g,90,mg,3120,g,100,g,38,g,12,g,0,g,6,g,14,g
461,mr hero,original italian sub 7 inch,27,g,45,mg,1560,g,50,g,19,g,6,g,0,g,3,g,7,g
462,mr hero,parmesan spread,11,g,10,mg,135,g,0,g,0,g,2,g,0,g,0,g,0,g
463,mr hero,pepsi large,0,g,0,mg,100,g,127,g,0,g,0,g,0,g,0,g,127,g
464,mr hero,pepsi medium,0,g,0,mg,70,g,92,g,0,g,0,g,0,g,0,g,92,g
465,mr hero,pepsi regular,0,g,0,mg,45,g,61,g,0,g,0,g,0,g,0,g,61,g
466,mr hero,plain cheescake,19,g,80,mg,260,g,22,g,4,g,12,g,0.5,g,0,g,16,g
467,mr hero,potato waffer fries large,43,g,0,mg,540,g,45,g,4,g,7,g,0,g,4,g,1,g
468,mr hero,potato waffer fries regular,27,g,0,mg,350,g,29,g,3,g,4.5,g,0,g,3,g,0,g
469,mr hero,provolone cheese,6,g,15,mg,180,g,0,g,5,g,3,g,0,g,0,g,0,g
470,mr hero,ranch dressing,10,g,15,mg,270,g,5,g,3,g,1.5,g,0,g,0,g,1,g
471,mr hero,ranch dressing dipping cup,14,g,5,mg,220,g,1,g,0,g,2,g,0,g,0,g,1,g
472,mr hero,roasted garlic parmesan,14,g,15,mg,580,g,3,g,1,g,2.5,g,0,g,0,g,0,g
473,mr hero,romanburger bte sub 10 inch,111,g,175,mg,3030,g,73,g,63,g,40,g,2,g,6,g,8,g
474,mr hero,romanburger bte sub 14 inch,145,g,230,mg,4020,g,96,g,85,g,53,g,2.5,g,10,g,12,g
475,mr hero,romanburger bte sub 7 inch,73,g,115,mg,2010,g,48,g,42,g,26,g,1.5,g,5,g,6,g
476,mr hero,romanburger sub 10 inch,87,g,125,mg,2260,g,69,g,46,g,28,g,1.5,g,5,g,7,g
477,mr hero,romanburger sub 14 inch,113,g,165,mg,3000,g,91,g,62,g,37,g,2,g,9,g,11,g
478,mr hero,romanburger sub 7 inch,56,g,80,mg,1500,g,46,g,31,g,19,g,1,g,4,g,5,g
479,mr hero,sicilian parm sub 10 inch,51,g,130,mg,2040,g,62,g,46,g,16,g,0,g,4,g,2,g
480,mr hero,sicilian parm sub 14 inch,62,g,160,mg,2460,g,82,g,52,g,18,g,0,g,6,g,4,g
481,mr hero,sicilian parm sub 7 inch,31,g,80,mg,1230,g,41,g,26,g,9,g,0,g,3,g,2,g
482,mr hero,snickers cheescake,18,g,65,mg,220,g,23,g,4,g,11,g,0.5,g,1,g,17,g
483,mr hero,strawberry lemonade,0,g,0,mg,0,g,59,g,0,g,0,g,0,g,1,g,55,g
484,mr hero,strawberry swirl cheescake,17,g,70,mg,230,g,22,g,4,g,11,g,0.5,g,0,g,15,g
485,mr hero,swiss american cheese,6,g,20,mg,360,g,0,g,5,g,4,g,0,g,0,g,0,g
486,mr hero,tater tots large,57,g,0,mg,830,g,48,g,5,g,10,g,0,g,5,g,0,g
487,mr hero,tater tots regular,34,g,0,mg,500,g,29,g,3,g,6,g,0,g,3,g,0,g
488,mr hero,tuna n cheese sub 10 inch,82,g,80,mg,1310,g,68,g,23,g,13,g,0,g,4,g,5,g
489,mr hero,tuna n cheese sub 14 inch,106,g,110,mg,1740,g,90,g,32,g,16,g,0,g,6,g,8,g
490,mr hero,tuna n cheese sub 7 inch,53,g,55,mg,870,g,45,g,16,g,8,g,0,g,3,g,4,g
491,mr hero,turkey sub 10 inch,3.5,g,50,mg,1990,g,75,g,44,g,0,g,0,g,4,g,6,g
492,mr hero,turkey sub 14 inch,5,g,70,mg,2640,g,98,g,60,g,0,g,0,g,6,g,10,g
493,mr hero,turkey sub 7 inch,2.5,g,35,mg,1320,g,49,g,30,g,0,g,0,g,3,g,5,g
494,mr hero,wings large,116,g,200,mg,2200,g,42,g,60,g,24,g,0,g,0,g,24,g
495,mr hero,wings medium,103,g,160,mg,1710,g,31,g,48,g,20,g,0,g,0,g,17,g
496,mr hero,wings regular,58,g,100,mg,1100,g,21,g,30,g,12,g,0,g,0,g,12,g
497,mr hero,zesty bacon and swiss sub 10 inch,41,g,120,mg,2180,g,61,g,43,g,14,g,0,g,3,g,2,g
498,mr hero,zesty bacon and swiss sub 14 inch,55,g,160,mg,2930,g,81,g,58,g,19,g,0,g,6,g,4,g
499,mr hero,zesty bacon and swiss sub 7 inch,28,g,80,mg,1470,g,40,g,29,g,10,g,0,g,3,g,2,g
500,mad mex,10 inch flour tortilla for quesadillas,6,g,0,mg,340,g,33,g,5,g,2.5,g,0,g,2,g,0,g
501,mad mex,10 inch flour tortilla for salads,6,g,0,mg,340,g,33,g,5,g,2.5,g,0,g,2,g,0,g
502,mad mex,12 inch flour tortilla for burritos,8,g,0,mg,610,g,51,g,8,g,4,g,0,g,2,g,1,g
503,mad mex,12 inch flour tortilla for los handidos,8,g,0,mg,610,g,51,g,8,g,4,g,0,g,2,g,1,g
504,mad mex,12 inch whole wheat tortilla for burritos,8,g,0,mg,640,g,49,g,9,g,2.5,g,0,g,3,g,2,g
505,mad mex,12 inch whole wheat tortilla for los handidos,8,g,0,mg,640,g,49,g,9,g,2.5,g,0,g,3,g,2,g
506,mad mex,5 inch flour tortilla 3 for tacos,8,g,0,mg,390,g,39,g,6,g,3,g,0,g,3,g,0,g
507,mad mex,6 inch flour tortillas 4 for fajitas,11,g,0,mg,640,g,60,g,9,g,4.5,g,0,g,4,g,0,g
508,mad mex,6 inch white corn tortillas 1 for enchiladas,1.5,g,0,mg,20,g,24,g,3,g,1.5,g,0,g,3,g,0,g
509,mad mex,6 inch yellow corn tortillas 4 for tacos,0,g,0,mg,50,g,35,g,3,g,0,g,0,g,2,g,0,g
510,mad mex,adobo shrimp skewers fajita,69,g,330,mg,2410,g,54,g,52,g,23,g,0,g,10,g,14,g
511,mad mex,angry hippie burrito,38,g,65,mg,2230,g,118,g,43,g,17,g,0,g,25,g,14,g
512,mad mex,angry hippie burrito vegan,29,g,0,mg,2290,g,133,g,29,g,11,g,0,g,26,g,13,g
513,mad mex,barbacoa burrito,41,g,215,mg,4260,g,112,g,89,g,19,g,0,g,16,g,8,g
514,mad mex,barbacoa quesedilla,40,g,215,mg,3730,g,62,g,77,g,17,g,0,g,8,g,12,g
515,mad mex,barbacoa tacos,31,g,155,mg,4080,g,114,g,76,g,9,g,0,g,23,g,13,g
516,mad mex,bare ito chicken,22,g,145,mg,1310,g,46,g,53,g,11,g,0,g,12,g,2,g
517,mad mex,bare ito portobella,27,g,60,mg,1170,g,54,g,28,g,12,g,0,g,14,g,7,g
518,mad mex,bare ito shrimp,19,g,200,mg,1500,g,46,g,41,g,11,g,0,g,11,g,2,g
519,mad mex,bare ito steak,23,g,125,mg,1120,g,46,g,46,g,12,g,0,g,11,g,2,g
520,mad mex,bare ito tofu,25,g,60,mg,1090,g,55,g,42,g,11,g,0,g,13,g,7,g
521,mad mex,black bean dip,24,g,40,mg,660,g,27,g,17,g,7,g,0,g,15,g,1,g
522,mad mex,black bean quesadilla,38,g,80,mg,1240,g,68,g,31,g,16,g,0,g,16,g,11,g
523,mad mex,black bean quesadilla chicken,38,g,140,mg,1470,g,64,g,50,g,16,g,0,g,13,g,11,g
524,mad mex,black bean quesadilla steak,39,g,125,mg,1320,g,63,g,45,g,17,g,0,g,13,g,11,g
525,mad mex,black bean soup bowl,3,g,5,mg,580,g,43,g,15,g,1.5,g,0,g,25,g,5,g
526,mad mex,black bean soup cup,3,g,5,mg,450,g,33,g,12,g,1.5,g,0,g,19,g,4,g
527,mad mex,black bean turkey chili bowl,10,g,50,mg,880,g,47,g,25,g,4,g,0,g,24,g,9,g
528,mad mex,black bean turkey chili cup,7,g,35,mg,610,g,33,g,18,g,2.5,g,0,g,17,g,6,g
529,mad mex,bleu cheese dressing 2 oz,31,g,50,mg,630,g,3,g,4,g,9,g,0,g,0,g,1,g
530,mad mex,bleu cheese dressing 4 oz,62,g,95,mg,1260,g,5,g,8,g,18,g,0,g,0,g,2,g
531,mad mex,bleu cheese wing dressing 2 oz,31,g,50,mg,630,g,3,g,4,g,9,g,0,g,0,g,1,g
532,mad mex,bleu cheese wing dressing 4 oz,62,g,95,mg,1260,g,5,g,8,g,18,g,0,g,0,g,2,g
533,mad mex,california grilled salad chicken,31,g,180,mg,1030,g,15,g,60,g,13,g,0,g,8,g,3,g
534,mad mex,california grilled salad chicken lunch,27,g,120,mg,690,g,10,g,38,g,12,g,0,g,6,g,2,g
535,mad mex,california grilled salad portabella,39,g,60,mg,850,g,27,g,26,g,13,g,0,g,11,g,10,g
536,mad mex,california grilled salad portabella lunch,31,g,60,mg,600,g,16,g,21,g,12,g,0,g,7,g,5,g
537,mad mex,california grilled salad steak,36,g,190,mg,910,g,14,g,64,g,15,g,0,g,7,g,3,g
538,mad mex,california grilled salad steak lunch,29,g,125,mg,630,g,9,g,40,g,13,g,0,g,5,g,2,g
539,mad mex,carnitas burrito,63,g,280,mg,2810,g,117,g,68,g,33,g,0,g,7,g,21,g
540,mad mex,carnitas enchilada,72,g,335,mg,3430,g,133,g,89,g,39,g,0,g,29,g,32,g
541,mad mex,carnitas quesadilla,41,g,185,mg,2050,g,47,g,56,g,19,g,0,g,5,g,8,g
542,mad mex,carnitas tacos,35,g,145,mg,2310,g,101,g,60,g,12,g,0,g,20,g,10,g
543,mad mex,casa salad,24,g,50,mg,860,g,11,g,20,g,11,g,0,g,4,g,4,g
544,mad mex,casa salad lunch,8,g,10,mg,240,g,6,g,7,g,3,g,0,g,2,g,2,g
545,mad mex,chicken chimi,30,g,180,mg,2890,g,95,g,72,g,12,g,0,g,22,g,10,g
546,mad mex,chicken fajita,69,g,210,mg,2060,g,55,g,63,g,23,g,0,g,11,g,14,g
547,mad mex,chicken tacos,36,g,195,mg,2900,g,103,g,75,g,17,g,0,g,24,g,11,g
548,mad mex,chickpea chili burrito,29,g,65,mg,2120,g,98,g,30,g,16,g,0,g,8,g,10,g
549,mad mex,chickpea chili burrito chicken,33,g,155,mg,2370,g,92,g,57,g,17,g,0,g,6,g,9,g
550,mad mex,chickpea chili bowl,10,g,20,mg,1130,g,38,g,11,g,4.5,g,0,g,9,g,10,g
551,mad mex,chickpea chili cup,7,g,15,mg,790,g,26,g,8,g,3,g,0,g,6,g,7,g
552,mad mex,chico pobre fish wrap with waffle fries,104,g,155,mg,3180,g,122,g,51,g,19,g,0,g,10,g,5,g
553,mad mex,chip basket,49,g,0,mg,1220,g,154,g,16,g,8,g,0,g,0,g,0,g
554,mad mex,chocolate hazelnut churros,37,g,135,mg,110,g,92,g,12,g,19,g,0,g,4,g,50,g
555,mad mex,chocolate hazelnut churros with ice cream,51,g,215,mg,200,g,124,g,15,g,25,g,0,g,4,g,78,g
556,mad mex,chopper salad chicken,16,g,120,mg,880,g,46,g,50,g,2.5,g,0,g,15,g,8,g
557,mad mex,chopper salad portabella,24,g,0,mg,710,g,57,g,16,g,3.5,g,0,g,18,g,15,g
558,mad mex,chopper salad steak,21,g,125,mg,760,g,44,g,54,g,5,g,0,g,14,g,8,g
559,mad mex,cilantro lime vinaigrette 2 oz,52,g,10,mg,250,g,2,g,4,g,9,g,0,g,0,g,0,g
560,mad mex,cilantro lime vinaigrette 4 oz,75,g,5,mg,320,g,3,g,2,g,12,g,0,g,0,g,0,g
561,mad mex,classic buffalo bone in wings large,117,g,350,mg,4020,g,2,g,81,g,30,g,0,g,1,g,1,g
562,mad mex,classic buffalo bone in wings small,58,g,175,mg,2010,g,1,g,40,g,15,g,0,g,0,g,0,g
563,mad mex,classic buffalo boneless wings large,58,g,180,mg,4870,g,27,g,65,g,10,g,0,g,2,g,1,g
564,mad mex,classic buffalo boneless wings small,31,g,115,mg,2560,g,14,g,40,g,5,g,0,g,1,g,1,g
565,mad mex,classic buffalo seitan wings large,52,g,0,mg,4540,g,41,g,56,g,9,g,0,g,4,g,6,g
566,mad mex,classic buffalo seitan wings small,26,g,0,mg,2270,g,21,g,28,g,4.5,g,0,g,2,g,3,g
567,mad mex,dance marathon burrito,43,g,155,mg,2600,g,116,g,71,g,18,g,0,g,25,g,12,g
568,mad mex,dance marathon burrito vegetarian,46,g,65,mg,2370,g,124,g,60,g,18,g,0,g,26,g,17,g
569,mad mex,dance marathon enchilada,52,g,210,mg,2920,g,104,g,81,g,25,g,0,g,29,g,20,g
570,mad mex,dinner sides black beans,0,g,0,mg,310,g,28,g,11,g,0,g,0,g,18,g,2,g
571,mad mex,dinner sides casa salad,8,g,10,mg,240,g,6,g,7,g,3,g,0,g,2,g,2,g
572,mad mex,dinner sides chip basket,49,g,0,mg,1220,g,154,g,16,g,8,g,0,g,0,g,0,g
573,mad mex,dinner sides mexican rice,0,g,0,mg,240,g,20,g,2,g,0,g,0,g,0,g,1,g
574,mad mex,dinner sides rice and beans with cheese,16,g,60,mg,890,g,49,g,27,g,10,g,0,g,18,g,2,g
575,mad mex,dinner sides spicy spinach,0,g,0,mg,45,g,2,g,2,g,0,g,0,g,1,g,0,g
576,mad mex,dinner sides stuffed hatch chilis,24,g,90,mg,1360,g,71,g,36,g,10,g,0,g,8,g,22,g
577,mad mex,dinner sides waffle fries,47,g,0,mg,1040,g,52,g,5,g,7,g,0,g,5,g,0,g
578,mad mex,dinner sides zesty cornbread,18,g,95,mg,210,g,29,g,6,g,10,g,0,g,1,g,9,g
579,mad mex,fajita burrita chicken,33,g,155,mg,2320,g,115,g,66,g,17,g,0,g,23,g,12,g
580,mad mex,fajita burrita portobella,38,g,65,mg,2180,g,123,g,42,g,17,g,0,g,26,g,17,g
581,mad mex,fajita burrita shrimp,31,g,205,mg,2510,g,115,g,54,g,16,g,0,g,23,g,12,g
582,mad mex,fajita burrita steak,34,g,130,mg,2130,g,114,g,60,g,18,g,0,g,23,g,12,g
583,mad mex,fajita burrita tofu,37,g,65,mg,2100,g,123,g,55,g,17,g,0,g,24,g,16,g
584,mad mex,fajita enchilada chicken,42,g,210,mg,2640,g,103,g,77,g,23,g,0,g,27,g,20,g
585,mad mex,fajita enchilada portobella,47,g,120,mg,2490,g,111,g,53,g,24,g,0,g,30,g,25,g
586,mad mex,fajita enchilada shrimp,40,g,260,mg,2820,g,103,g,65,g,23,g,0,g,27,g,20,g
587,mad mex,fajita enchilada steak,43,g,185,mg,2440,g,103,g,70,g,24,g,0,g,27,g,20,g
588,mad mex,fajita enchilada tofu,45,g,120,mg,2410,g,112,g,66,g,23,g,0,g,28,g,25,g
589,mad mex,fire roasted tomato chipotle salsa,0,g,0,mg,850,g,11,g,0,g,0,g,0,g,1,g,6,g
590,mad mex,fried fish tacos,90,g,190,mg,2420,g,117,g,59,g,16,g,0,g,29,g,7,g
591,mad mex,grilled chicken and corn tacos,58,g,170,mg,2930,g,115,g,62,g,14,g,0,g,21,g,13,g
592,mad mex,grilled chicken torta,99,g,250,mg,2060,g,59,g,71,g,23,g,0,g,8,g,4,g
593,mad mex,grilled mahi mahi salad,46,g,195,mg,1170,g,49,g,60,g,7,g,0,g,15,g,6,g
594,mad mex,grilled street corn steak tacos,100,g,250,mg,1920,g,95,g,65,g,20,g,0,g,17,g,6,g
595,mad mex,guacamole,21,g,0,mg,310,g,13,g,3,g,3,g,0,g,9,g,1,g
596,mad mex,guacamole and chips salsa not included,69,g,0,mg,1530,g,167,g,19,g,11,g,0,g,9,g,1,g
597,mad mex,happy hippie quesadilla,33,g,60,mg,1360,g,50,g,26,g,14,g,0,g,7,g,10,g
598,mad mex,honey chipotle bone in wings small,45,g,175,mg,750,g,34,g,40,g,12,g,0,g,0,g,30,g
599,mad mex,honey chipotle bbq boneless wings large,34,g,230,mg,2580,g,95,g,80,g,6,g,0,g,3,g,61,g
600,mad mex,honey chipotle bbq boneless wings small,17,g,115,mg,1300,g,47,g,40,g,3,g,0,g,1,g,30,g
601,mad mex,honey chipotle bbq seitan wings large,25,g,0,mg,2020,g,108,g,56,g,3.5,g,0,g,4,g,66,g
602,mad mex,honey chipotle bbq seitan wings small,12,g,0,mg,1010,g,54,g,28,g,2,g,0,g,2,g,33,g
603,mad mex,honey chipotle bone in wings large,89,g,350,mg,1490,g,68,g,81,g,25,g,0,g,1,g,61,g
604,mad mex,house vinaigrette 2 oz,35,g,35,mg,220,g,3,g,1,g,5,g,0,g,0,g,2,g
605,mad mex,house vinaigrette 4 oz,69,g,70,mg,450,g,5,g,1,g,10,g,0,g,0,g,4,g
606,mad mex,i scream burrito saturday style,44,g,120,mg,680,g,153,g,14,g,16,g,0,g,4,g,99,g
607,mad mex,i scream burrito sunday style,50,g,120,mg,820,g,160,g,16,g,20,g,0,g,6,g,103,g
608,mad mex,insane bone in wings large,72,g,350,mg,4770,g,10,g,82,g,21,g,0,g,2,g,2,g
609,mad mex,insane bone in wings small,36,g,175,mg,2390,g,5,g,41,g,11,g,0,g,1,g,1,g
610,mad mex,insane boneless wings large,16,g,230,mg,5860,g,36,g,82,g,2.5,g,0,g,4,g,2,g
611,mad mex,insane boneless wings small,8,g,115,mg,2930,g,18,g,41,g,1,g,0,g,2,g,1,g
612,mad mex,insane classic buffalo bone in wings large,94,g,350,mg,4400,g,6,g,82,g,25,g,0,g,1,g,1,g
613,mad mex,insane classic buffalo bone in wings small,47,g,175,mg,2200,g,3,g,41,g,13,g,0,g,1,g,1,g
614,mad mex,insane san francisco bone in wings large,90,g,350,mg,4030,g,18,g,82,g,25,g,0,g,1,g,13,g
615,mad mex,insane san francisco bone in wings small,45,g,175,mg,2020,g,9,g,41,g,12,g,0,g,1,g,7,g
616,mad mex,insane southwest bone in wings large,99,g,350,mg,3410,g,12,g,83,g,25,g,0,g,2,g,2,g
617,mad mex,insane southwest bone in wings small,50,g,175,mg,1710,g,6,g,41,g,13,g,0,g,1,g,1,g
618,mad mex,jersey chips with 4 oz ranch or cheese dip,80,g,150,mg,1370,g,57,g,41,g,28,g,0,g,5,g,0,g
619,mad mex,kale salad,84,g,15,mg,570,g,42,g,20,g,14,g,0,g,14,g,2,g
620,mad mex,kayas yucatan black bean dip with chips,85,g,65,mg,2180,g,191,g,42,g,19,g,0,g,21,g,2,g
621,mad mex,kristys big sisters red velvet burrito,34,g,155,mg,2460,g,113,g,68,g,17,g,0,g,23,g,10,g
622,mad mex,kristys big sisters red velvet burrito vegetarian,38,g,65,mg,2240,g,121,g,57,g,17,g,0,g,24,g,15,g
623,mad mex,kristys big sisters red velvet enchilada,43,g,210,mg,2780,g,101,g,79,g,23,g,0,g,27,g,19,g
624,mad mex,kristys big sisters red velvet enchiladvegetarian,46,g,120,mg,2550,g,109,g,68,g,24,g,0,g,28,g,24,g
625,mad mex,kristys big sisters red velvet quesadilla,30,g,145,mg,1610,g,46,g,51,g,14,g,0,g,5,g,6,g
626,mad mex,los wingos wrap classic buffalo,54,g,150,mg,3700,g,89,g,58,g,20,g,0,g,4,g,4,g
627,mad mex,los wingos wrap honey chipotle bbq,40,g,150,mg,2440,g,122,g,58,g,17,g,0,g,5,g,34,g
628,mad mex,los wingos wrap insane,32,g,150,mg,4080,g,93,g,59,g,15,g,0,g,5,g,5,g
629,mad mex,los wingos wrap san francisco,49,g,150,mg,3330,g,101,g,58,g,19,g,0,g,4,g,17,g
630,mad mex,los wingos wrap southwest,59,g,150,mg,2710,g,95,g,59,g,19,g,0,g,6,g,5,g
631,mad mex,mad mex burrito chicken,32,g,155,mg,2250,g,105,g,65,g,17,g,0,g,21,g,7,g
632,mad mex,mad mex burrito portobella,37,g,65,mg,2100,g,112,g,40,g,17,g,0,g,23,g,11,g
633,mad mex,mad mex burrito shrimp,30,g,205,mg,2430,g,105,g,53,g,16,g,0,g,20,g,7,g
634,mad mex,mad mex burrito steak,33,g,130,mg,2050,g,104,g,58,g,18,g,0,g,20,g,6,g
635,mad mex,mad mex burrito tofu,36,g,65,mg,2020,g,113,g,54,g,17,g,0,g,22,g,11,g
636,mad mex,mad mex chips and salsa salsa not included,49,g,0,mg,1220,g,154,g,16,g,8,g,0,g,0,g,0,g
637,mad mex,mad mex enchilada chicken,41,g,210,mg,2560,g,93,g,75,g,23,g,0,g,25,g,15,g
638,mad mex,mad mex enchilada portobella,46,g,120,mg,2420,g,101,g,51,g,23,g,0,g,27,g,20,g
639,mad mex,mad mex enchilada shrimp,39,g,260,mg,2750,g,93,g,63,g,22,g,0,g,24,g,15,g
640,mad mex,mad mex enchilada steak,42,g,185,mg,2370,g,92,g,69,g,24,g,0,g,24,g,15,g
641,mad mex,mad mex enchilada tofu,44,g,120,mg,2340,g,101,g,65,g,23,g,0,g,26,g,20,g
642,mad mex,mad mex quesadilla chicken,28,g,145,mg,1470,g,49,g,50,g,14,g,0,g,5,g,8,g
643,mad mex,mad mex quesadilla portabella,34,g,60,mg,1320,g,56,g,25,g,14,g,0,g,8,g,13,g
644,mad mex,mad mex quesadilla shrimp,26,g,200,mg,1650,g,48,g,37,g,13,g,0,g,5,g,8,g
645,mad mex,mad mex quesadilla steak,30,g,125,mg,1270,g,48,g,43,g,15,g,0,g,5,g,8,g
646,mad mex,mad mex quesadilla tofu,32,g,60,mg,1240,g,57,g,39,g,14,g,0,g,6,g,13,g
647,mad mex,mad mex salsa,0,g,0,mg,620,g,10,g,0,g,0,g,0,g,0,g,7,g
648,mad mex,mahi mahi fajita,51,g,255,mg,1910,g,50,g,64,g,20,g,0,g,10,g,13,g
649,mad mex,mahi mahi tacos,43,g,195,mg,2310,g,103,g,64,g,8,g,0,g,28,g,7,g
650,mad mex,mexican chocolate brownie,70,g,145,mg,890,g,221,g,18,g,25,g,0,g,7,g,179,g
651,mad mex,mole burrito,46,g,160,mg,2700,g,121,g,70,g,19,g,0,g,24,g,19,g
652,mad mex,mole enchilada,35,g,155,mg,2170,g,96,g,63,g,16,g,0,g,25,g,18,g
653,mad mex,nacho grande,137,g,240,mg,4880,g,231,g,85,g,54,g,0,g,43,g,12,g
654,mad mex,nacho grande barbacoa,170,g,415,mg,7730,g,212,g,130,g,63,g,0,g,24,g,14,g
655,mad mex,nacho grande beef,122,g,250,mg,4310,g,227,g,95,g,48,g,0,g,40,g,10,g
656,mad mex,nacho grande carnitas,129,g,305,mg,4550,g,195,g,91,g,49,g,0,g,18,g,14,g
657,mad mex,nacho grande chicken,122,g,300,mg,4220,g,222,g,111,g,47,g,0,g,40,g,8,g
658,mad mex,nacho grande steak,123,g,275,mg,4020,g,221,g,105,g,48,g,0,g,39,g,8,g
659,mad mex,nacho grande turkey chili,124,g,210,mg,4110,g,197,g,63,g,45,g,0,g,15,g,12,g
660,mad mex,nacho mamas taco platter,43,g,200,mg,2830,g,104,g,71,g,24,g,0.5,g,24,g,12,g
661,mad mex,pennsyltucky fried tofu,62,g,0,mg,3700,g,171,g,86,g,9,g,0,g,15,g,93,g
662,mad mex,pepita hummus,45,g,0,mg,650,g,18,g,15,g,7,g,0,g,6,g,1,g
663,mad mex,pepita hummus with flatbread,53,g,0,mg,1380,g,96,g,24,g,8,g,0,g,10,g,1,g
664,mad mex,pico burrito,27,g,65,mg,1960,g,111,g,37,g,16,g,0,g,22,g,10,g
665,mad mex,pico de gallo,0,g,0,mg,210,g,8,g,2,g,0,g,0,g,2,g,5,g
666,mad mex,pineapple habanero salsa,0,g,0,mg,640,g,24,g,2,g,0,g,0,g,3,g,16,g
667,mad mex,pittsburgh salad chicken,71,g,180,mg,2080,g,64,g,62,g,19,g,0,g,9,g,4,g
668,mad mex,pittsburgh salad steak,77,g,190,mg,1960,g,62,g,66,g,21,g,0,g,8,g,4,g
669,mad mex,pollo en pipian quesadilla,41,g,170,mg,1740,g,45,g,56,g,20,g,0,g,5,g,4,g
670,mad mex,ranch dressing 2 oz,25,g,30,mg,450,g,4,g,2,g,5,g,0,g,0,g,2,g
671,mad mex,ranch dressing 4 oz,50,g,60,mg,890,g,8,g,3,g,10,g,0,g,0,g,4,g
672,mad mex,ranch wing dressing 2 oz,25,g,30,mg,450,g,4,g,2,g,5,g,0,g,0,g,2,g
673,mad mex,ranch wing dressing 4 oz,50,g,60,mg,890,g,8,g,3,g,10,g,0,g,0,g,4,g
674,mad mex,san francisco bone in wings large,108,g,350,mg,3290,g,27,g,81,g,28,g,0,g,1,g,25,g
675,mad mex,san francisco bone in wings small,54,g,175,mg,1650,g,14,g,41,g,14,g,0,g,0,g,13,g
676,mad mex,san francisco boneless wings large,52,g,230,mg,4380,g,53,g,80,g,9,g,0,g,3,g,26,g
677,mad mex,san francisco boneless wings small,26,g,115,mg,2190,g,27,g,40,g,4.5,g,0,g,1,g,13,g
678,mad mex,san francisco seitan wings large,43,g,0,mg,3810,g,67,g,57,g,7,g,0,g,4,g,31,g
679,mad mex,san francisco seitan wings small,22,g,0,mg,1910,g,34,g,28,g,3.5,g,0,g,2,g,15,g
680,mad mex,shrimp mushroom and spinach burrito,41,g,205,mg,2790,g,115,g,59,g,18,g,0,g,24,g,12,g
681,mad mex,shrimp mushroom and spinach quesadilla,36,g,200,mg,1930,g,49,g,42,g,15,g,0,g,6,g,8,g
682,mad mex,sopapilla saturday style,38,g,30,mg,610,g,134,g,16,g,8,g,0,g,3,g,42,g
683,mad mex,sopapilla sunday style,44,g,30,mg,740,g,138,g,18,g,12,g,0,g,5,g,45,g
684,mad mex,southwest bone in wings large,127,g,350,mg,2040,g,15,g,83,g,29,g,0,g,3,g,2,g
685,mad mex,southwest bone in wings small,63,g,175,mg,1020,g,8,g,42,g,15,g,0,g,1,g,1,g
686,mad mex,southwest boneless wings large,71,g,230,mg,3130,g,41,g,82,g,10,g,0,g,5,g,2,g
687,mad mex,southwest boneless wings small,36,g,115,mg,1570,g,21,g,41,g,5,g,0,g,2,g,1,g
688,mad mex,southwest seitan wings large,62,g,0,mg,2570,g,55,g,59,g,8,g,0,g,6,g,7,g
689,mad mex,southwest seitan wings small,31,g,0,mg,1290,g,28,g,29,g,4,g,0,g,3,g,4,g
690,mad mex,spicy mad mex burrito chicken,32,g,155,mg,2910,g,107,g,65,g,17,g,0,g,21,g,8,g
691,mad mex,spicy mad mex burrito portobella,38,g,65,mg,2760,g,114,g,41,g,17,g,0,g,23,g,12,g
692,mad mex,spicy mad mex burrito shrimp,30,g,205,mg,3090,g,106,g,53,g,16,g,0,g,21,g,8,g
693,mad mex,spicy mad mex burrito steak,34,g,130,mg,2710,g,106,g,58,g,18,g,0,g,21,g,8,g
694,mad mex,spicy mad mex burrito tofu,36,g,65,mg,2680,g,115,g,54,g,17,g,0,g,22,g,12,g
695,mad mex,steak fajita,74,g,220,mg,1940,g,53,g,67,g,26,g,0,g,10,g,14,g
696,mad mex,steak tacos,32,g,155,mg,2740,g,112,g,74,g,13,g,0,g,28,g,15,g
697,mad mex,super mad mex burrito chicken,34,g,155,mg,2430,g,95,g,60,g,17,g,0,g,8,g,9,g
698,mad mex,super mad mex burrito portobella,39,g,65,mg,2290,g,103,g,35,g,17,g,0,g,11,g,14,g
699,mad mex,super mad mex burrito shrimp,32,g,205,mg,2620,g,95,g,48,g,16,g,0,g,8,g,9,g
700,mad mex,super mad mex burrito steak,35,g,130,mg,2230,g,94,g,53,g,18,g,0,g,8,g,9,g
701,mad mex,super mad mex burrito tofu,37,g,65,mg,2200,g,103,g,49,g,17,g,0,g,9,g,14,g
702,mad mex,super mad mex enchilada chicken,42,g,210,mg,2950,g,108,g,80,g,23,g,0,g,29,g,18,g
703,mad mex,super mad mex enchilada portobella,47,g,120,mg,2800,g,116,g,56,g,24,g,0,g,32,g,23,g
704,mad mex,super mad mex enchilada shrimp,40,g,260,mg,3130,g,108,g,68,g,23,g,0,g,29,g,18,g
705,mad mex,super mad mex enchilada steak,43,g,185,mg,2750,g,107,g,74,g,24,g,0,g,29,g,18,g
706,mad mex,super mad mex enchilada tofu,46,g,120,mg,2720,g,116,g,70,g,23,g,0,g,30,g,23,g
707,mad mex,taco salad with fried 12 inch flour tortilla bowl,43,g,140,mg,2300,g,72,g,42,g,23,g,0,g,7,g,14,g
708,mad mex,taquitos potato,56,g,150,mg,1420,g,72,g,27,g,33,g,0,g,9,g,3,g
709,mad mex,taquitos shrimp and portabella,44,g,170,mg,1140,g,58,g,18,g,24,g,0,g,4,g,4,g
710,mad mex,thai curry burrito chicken,40,g,85,mg,1950,g,113,g,57,g,15,g,0,g,13,g,27,g
711,mad mex,thai curry burrito portobella,45,g,0,mg,1800,g,121,g,33,g,16,g,0,g,15,g,32,g
712,mad mex,thai curry burrito shrimp,38,g,140,mg,2130,g,113,g,45,g,15,g,0,g,12,g,27,g
713,mad mex,thai curry burrito steak,41,g,65,mg,1750,g,112,g,50,g,16,g,0,g,12,g,27,g
714,mad mex,thai curry burrito tofu,44,g,0,mg,1720,g,121,g,46,g,15,g,0,g,14,g,32,g
715,mad mex,tofu tacos,39,g,0,mg,4240,g,180,g,66,g,7,g,0,g,36,g,67,g
716,mad mex,tofu wrapture,65,g,60,mg,2900,g,93,g,45,g,21,g,0,g,5,g,9,g
717,mad mex,tomatillo avocado salsa,12,g,0,mg,660,g,14,g,3,g,1.5,g,0,g,7,g,5,g
718,mad mex,tortilla soup bowl,15,g,25,mg,1190,g,27,g,10,g,4,g,0,g,0,g,2,g
719,mad mex,tortilla soup cup,10,g,15,mg,810,g,17,g,6,g,2.5,g,0,g,0,g,1,g
720,mad mex,turkey chili burrito,48,g,185,mg,2210,g,124,g,42,g,27,g,0,g,9,g,19,g
721,mad mex,turkey chili bowl,11,g,55,mg,920,g,38,g,20,g,4,g,0,g,9,g,9,g
722,mad mex,turkey chili cup,8,g,40,mg,650,g,26,g,14,g,2.5,g,0,g,6,g,6,g
723,mad mex,vanilla ice cream with chocolate fudge,19,g,75,mg,230,g,71,g,5,g,10,g,0,g,2,g,64,g
724,mad mex,vanilla ice cream with strawberry sauce,13,g,75,mg,90,g,49,g,4,g,6,g,0,g,2,g,41,g
725,mad mex,vegan ranch dressing 2 oz,8,g,0,mg,400,g,18,g,2,g,3.5,g,0,g,0,g,6,g
726,mad mex,vegan ranch dressing 4 oz,17,g,0,mg,810,g,36,g,4,g,7,g,0,g,0,g,12,g
727,mad mex,vegan ranch wing dressing 2 oz,8,g,0,mg,400,g,18,g,2,g,3.5,g,0,g,0,g,6,g
728,mad mex,vegan ranch wing dressing 4 oz,17,g,0,mg,810,g,36,g,4,g,7,g,0,g,0,g,12,g
729,mad mex,veggie burrito,40,g,65,mg,2310,g,131,g,44,g,17,g,0,g,28,g,20,g
730,mad mex,veggie enchilada,48,g,120,mg,2630,g,117,g,54,g,24,g,0,g,31,g,27,g
731,mad mex,veggie fajita,88,g,90,mg,2200,g,88,g,49,g,25,g,0,g,17,g,28,g
732,mad mex,wing o salad classic buffalo,63,g,245,mg,4310,g,37,g,82,g,18,g,0,g,6,g,4,g
733,mad mex,wing o salad honey chipotle bbq,42,g,245,mg,2420,g,87,g,82,g,15,g,0,g,6,g,48,g
734,mad mex,wing o salad insane,29,g,245,mg,4880,g,43,g,83,g,12,g,0,g,7,g,4,g
735,mad mex,wing o salad san fancisco,56,g,245,mg,3760,g,56,g,82,g,17,g,0,g,6,g,22,g
736,mad mex,wing o salad southwest,70,g,245,mg,2830,g,47,g,84,g,18,g,0,g,7,g,4,g
737,mad mex,wing o tacos classic buffalo,109,g,215,mg,6250,g,106,g,82,g,23,g,0,g,10,g,2,g
738,mad mex,wing o tacos honey chipotle bbq,81,g,215,mg,3720,g,173,g,82,g,18,g,0,g,10,g,62,g
739,mad mex,wing o tacos insane,64,g,215,mg,7000,g,115,g,83,g,15,g,0,g,11,g,4,g
740,mad mex,wing o tacos san francisco,100,g,215,mg,5520,g,132,g,82,g,22,g,0,g,10,g,27,g
741,mad mex,wing o tacos southwest,119,g,215,mg,4270,g,120,g,84,g,23,g,0,g,12,g,4,g
742,mad mex,wing o rito classic buffalo,52,g,175,mg,3310,g,104,g,65,g,24,g,0,g,21,g,8,g
743,mad mex,wing o rito honey chipotle bbq,45,g,175,mg,2680,g,121,g,65,g,22,g,0,g,21,g,23,g
744,mad mex,wing o rito insane,41,g,175,mg,3500,g,106,g,66,g,22,g,0,g,21,g,9,g
745,mad mex,wing o rito san francisco,50,g,175,mg,3130,g,111,g,65,g,23,g,0,g,21,g,15,g
746,mad mex,wing o rito southwest,55,g,175,mg,2820,g,108,g,66,g,24,g,0,g,21,g,9,g
747,mad mex,xx cheese dip,17,g,25,mg,1430,g,11,g,5,g,4.5,g,0,g,0,g,2,g
748,mad mex,xx cheese dip with chips,72,g,35,mg,3210,g,169,g,23,g,14,g,0,g,0,g,2,g
749,maggianos little italy,add al forno style to steak and veal,44,g,115,mg,1290,g,19,g,17,g,26,g,1.5,g,3,g,10,g
750,maggianos little italy,add chicken to any salad,6,g,85,mg,240,g,1,g,26,g,1,g,0,g,0,g,1,g
751,maggianos little italy,add crispy calabrian shrimp to any salad,11,g,105,mg,1200,g,8,g,15,g,2,g,0,g,1,g,1,g
752,maggianos little italy,add crispy calabrian shrimp to steak and veal,11,g,105,mg,1200,g,8,g,15,g,2,g,0,g,1,g,1,g
753,maggianos little italy,add salmon to any salad,15,g,60,mg,370,g,0,g,28,g,2,g,0,g,1,g,0,g
754,maggianos little italy,add shrimp to any salad,3,g,145,mg,620,g,0,g,16,g,0,g,0,g,0,g,0,g
755,maggianos little italy,alaska cod family style,94,g,280,mg,6780,g,25,g,84,g,32,g,1,g,6,g,6,g
756,maggianos little italy,alaskan cod,47,g,140,mg,3390,g,13,g,42,g,16,g,0.5,g,3,g,3,g
757,maggianos little italy,angry orchard bottle,0,g,0,mg,20,g,25,g,0,g,0,g,0,g,0,g,20,g
758,maggianos little italy,apple crostada,51,g,160,mg,470,g,159,g,10,g,32,g,1.5,g,7,g,93,g
759,maggianos little italy,apple crostada family style,51,g,160,mg,470,g,159,g,10,g,32,g,1.5,g,7,g,93,g
760,maggianos little italy,apple crostada mini,14,g,45,mg,140,g,48,g,3,g,9,g,0,g,2,g,28,g
761,maggianos little italy,apple crostada mini 12 piece,143,g,440,mg,1530,g,512,g,27,g,89,g,5,g,23,g,288,g
762,maggianos little italy,asiago crusted shrimp 12 piece,31,g,360,mg,1560,g,32,g,46,g,7,g,0,g,3,g,1,g
763,maggianos little italy,barqs root beer,0,g,0,mg,75,g,47,g,0,g,0,g,0,g,0,g,47,g
764,maggianos little italy,beef medallions large,263,g,1665,mg,10350,g,83,g,540,g,114,g,8,g,9,g,45,g
765,maggianos little italy,beef medallions small,131,g,835,mg,5180,g,42,g,270,g,57,g,4,g,4,g,23,g
766,maggianos little italy,beef tenderloin medallions 11 oz,59,g,255,mg,2080,g,42,g,73,g,25,g,1.5,g,3,g,9,g
767,maggianos little italy,beef tenderloin medallions 5 oz,51,g,165,mg,1700,g,42,g,42,g,22,g,1,g,3,g,9,g
768,maggianos little italy,bellini frozen peach,0,g,0,mg,30,g,37,g,0,g,0,g,0,g,0,g,36,g
769,maggianos little italy,bellini frozen swirl,0,g,0,mg,20,g,25,g,0,g,0,g,0,g,0,g,24,g
770,maggianos little italy,birra moretti bottle,0,g,0,mg,10,g,12,g,2,g,0,g,0,g,0,g,12,g
771,maggianos little italy,blackberry bourbon sour,0,g,0,mg,0,g,28,g,0,g,0,g,0,g,1,g,24,g
772,maggianos little italy,bloody mary vodka,2,g,5,mg,2710,g,10,g,3,g,1,g,0,g,2,g,6,g
773,maggianos little italy,bombalina platter,187,g,670,mg,5360,g,162,g,105,g,58,g,3,g,13,g,22,g
774,maggianos little italy,bone in ribeye 16 oz,146,g,275,mg,1860,g,46,g,65,g,70,g,5,g,4,g,21,g
775,maggianos little italy,brandy alexander,3,g,10,mg,20,g,14,g,1,g,2,g,0,g,0,g,13,g
776,maggianos little italy,bud light bottle,0,g,0,mg,0,g,7,g,1,g,0,g,0,g,0,g,0,g
777,maggianos little italy,bud light draft,0,g,0,mg,0,g,8,g,1,g,0,g,0,g,0,g,0,g
778,maggianos little italy,caesar salad entree,68,g,65,mg,1610,g,25,g,19,g,16,g,1,g,7,g,6,g
779,maggianos little italy,caesar salad family style,68,g,65,mg,1610,g,25,g,19,g,16,g,1,g,7,g,6,g
780,maggianos little italy,caesar salad large,518,g,475,mg,11510,g,159,g,121,g,114,g,6,g,46,g,39,g
781,maggianos little italy,caesar salad side,32,g,30,mg,730,g,9,g,8,g,7,g,0,g,3,g,2,g
782,maggianos little italy,caesar salad small,259,g,240,mg,5760,g,79,g,61,g,57,g,3,g,23,g,20,g
783,maggianos little italy,calamari fritte,57,g,495,mg,2210,g,52,g,36,g,10,g,0,g,4,g,8,g
784,maggianos little italy,calamari fritte family style,57,g,495,mg,2210,g,52,g,36,g,10,g,0,g,4,g,8,g
785,maggianos little italy,center cut filet mignon,47,g,200,mg,2190,g,31,g,58,g,22,g,1,g,4,g,6,g
786,maggianos little italy,cheesecake mini 12 piece,238,g,965,mg,3120,g,385,g,66,g,133,g,8,g,14,g,266,g
787,maggianos little italy,chef kbs lobster carbonara,93,g,865,mg,3950,g,136,g,65,g,42,g,1.5,g,8,g,14,g
788,maggianos little italy,chicken and spinach manicotti,64,g,380,mg,2050,g,39,g,76,g,36,g,1.5,g,3,g,11,g
789,maggianos little italy,chicken and spinach manicotti family style,85,g,505,mg,2730,g,52,g,102,g,47,g,2,g,4,g,15,g
790,maggianos little italy,chicken and spinach manicotti large,509,g,3035,mg,16410,g,312,g,612,g,284,g,11,g,26,g,88,g
791,maggianos little italy,chicken and spinach manicotti small,255,g,1520,mg,8210,g,156,g,306,g,142,g,6,g,13,g,44,g
792,maggianos little italy,chicken francese,70,g,350,mg,1700,g,54,g,73,g,26,g,1,g,7,g,5,g
793,maggianos little italy,chicken francese large,363,g,3000,mg,11390,g,148,g,584,g,162,g,7,g,18,g,37,g
794,maggianos little italy,chicken francese small,181,g,1500,mg,5700,g,74,g,292,g,81,g,3.5,g,9,g,18,g
795,maggianos little italy,chicken marsala,43,g,235,mg,1840,g,74,g,67,g,17,g,1,g,5,g,12,g
796,maggianos little italy,chicken marsala family style,70,g,490,mg,1860,g,34,g,107,g,37,g,2,g,5,g,16,g
797,maggianos little italy,chicken marsala large,199,g,1895,mg,8350,g,155,g,478,g,93,g,5,g,23,g,74,g
798,maggianos little italy,chicken marsala small,100,g,950,mg,4180,g,77,g,239,g,46,g,2.5,g,11,g,37,g
799,maggianos little italy,chicken parmesan,59,g,205,mg,3070,g,116,g,80,g,13,g,0,g,11,g,22,g
800,maggianos little italy,chicken parmesan sandwich full,80,g,130,mg,2370,g,115,g,55,g,18,g,0.5,g,11,g,5,g
801,maggianos little italy,chicken parmesan sandwich half,55,g,75,mg,1650,g,77,g,32,g,13,g,0,g,8,g,3,g
802,maggianos little italy,chicken parmesan family style,91,g,410,mg,3770,g,97,g,135,g,23,g,0.5,g,13,g,21,g
803,maggianos little italy,chicken parmesan large,448,g,1855,mg,21430,g,506,g,621,g,111,g,2.5,g,69,g,141,g
804,maggianos little italy,chicken parmesan small,224,g,930,mg,10720,g,253,g,311,g,56,g,1,g,34,g,70,g
805,maggianos little italy,chicken piccata,71,g,245,mg,2350,g,75,g,70,g,27,g,1,g,7,g,5,g
806,maggianos little italy,chicken piccata family style,57,g,390,mg,2640,g,32,g,110,g,25,g,0.5,g,7,g,3,g
807,maggianos little italy,chicken piccata large,281,g,1735,mg,11770,g,158,g,505,g,109,g,3,g,39,g,14,g
808,maggianos little italy,chicken piccata small,140,g,865,mg,5880,g,79,g,252,g,55,g,1.5,g,20,g,7,g
809,maggianos little italy,chocolate cake family style,75,g,110,mg,990,g,155,g,16,g,33,g,0,g,8,g,112,g
810,maggianos little italy,chocolate layer cake,75,g,110,mg,990,g,155,g,16,g,33,g,0,g,8,g,112,g
811,maggianos little italy,chocolate martini,4,g,10,mg,30,g,20,g,1,g,3,g,0,g,0,g,16,g
812,maggianos little italy,chocolate truffles family style,41,g,80,mg,440,g,115,g,8,g,25,g,0.5,g,4,g,87,g
813,maggianos little italy,chocolate zuccotto bites 12 piece,62,g,120,mg,660,g,172,g,12,g,37,g,1,g,5,g,130,g
814,maggianos little italy,chopped salad entree,114,g,60,mg,2290,g,39,g,24,g,18,g,1.5,g,12,g,23,g
815,maggianos little italy,chopped salad family style,90,g,65,mg,1990,g,37,g,24,g,22,g,1,g,14,g,20,g
816,maggianos little italy,chopped salad large,686,g,370,mg,13770,g,233,g,142,g,109,g,10,g,74,g,139,g
817,maggianos little italy,chopped salad side,32,g,20,mg,670,g,14,g,9,g,7,g,0,g,6,g,7,g
818,maggianos little italy,chopped salad small,324,g,195,mg,6810,g,123,g,72,g,73,g,3,g,41,g,72,g
819,maggianos little italy,ciabatta table rolls,0,g,0,mg,150,g,14,g,2,g,0,g,0,g,1,g,1,g
820,maggianos little italy,citrus mule,0,g,0,mg,0,g,18,g,0,g,0,g,0,g,0,g,17,g
821,maggianos little italy,clam chowder manhattan bowl,6,g,15,mg,1110,g,14,g,9,g,1.5,g,0,g,2,g,4,g
822,maggianos little italy,clam chowder manhattan cup,3,g,10,mg,560,g,7,g,5,g,0.5,g,0,g,1,g,2,g
823,maggianos little italy,clam chowder new england bowl,18,g,65,mg,600,g,16,g,4,g,11,g,0,g,1,g,3,g
824,maggianos little italy,clam chowder new england cup,9,g,30,mg,300,g,8,g,2,g,5,g,0,g,0,g,1,g
825,maggianos little italy,classic tomato bruschetta,12,g,0,mg,470,g,34,g,6,g,2,g,0,g,3,g,8,g
826,maggianos little italy,classic tomato bruschetta family style,12,g,0,mg,470,g,34,g,6,g,2,g,0,g,3,g,8,g
827,maggianos little italy,classic tomato bruschetta large,94,g,15,mg,3780,g,273,g,51,g,16,g,0,g,26,g,65,g
828,maggianos little italy,classic tomato bruschetta small,47,g,5,mg,1890,g,136,g,26,g,8,g,0,g,13,g,32,g
829,maggianos little italy,coca cola,0,g,0,mg,45,g,41,g,0,g,0,g,0,g,0,g,41,g
830,maggianos little italy,coke zero,0,g,0,mg,55,g,0,g,0,g,0,g,0,g,0,g,0,g
831,maggianos little italy,cookies chocolate chunk 12 piece,140,g,355,mg,1860,g,425,g,34,g,85,g,3,g,19,g,254,g
832,maggianos little italy,cookies cinnamon sugar 12 piece,113,g,175,mg,2170,g,316,g,21,g,58,g,1,g,6,g,173,g
833,maggianos little italy,cookies triple chocolate fudge 12 piece,93,g,100,mg,1270,g,283,g,21,g,44,g,0.5,g,9,g,172,g
834,maggianos little italy,cookies white chocolate macadamia nut 12 piece,140,g,145,mg,1560,g,294,g,26,g,73,g,1,g,7,g,181,g
835,maggianos little italy,coors light bottle,0,g,0,mg,10,g,5,g,0,g,0,g,0,g,0,g,0,g
836,maggianos little italy,cranberry mulo romano,0,g,0,mg,0,g,13,g,0,g,0,g,0,g,0,g,11,g
837,maggianos little italy,creamy chicken and potato soup bowl,25,g,75,mg,2340,g,28,g,9,g,10,g,0,g,2,g,4,g
838,maggianos little italy,creamy chicken and potato soup cup,12,g,35,mg,1170,g,14,g,4,g,5,g,0,g,1,g,2,g
839,maggianos little italy,creme brulee,51,g,520,mg,80,g,69,g,9,g,27,g,0,g,1,g,62,g
840,maggianos little italy,creme brulee family style,51,g,520,mg,80,g,69,g,9,g,27,g,0,g,1,g,62,g
841,maggianos little italy,creme brulee mini,18,g,185,mg,30,g,19,g,3,g,10,g,0,g,0,g,17,g
842,maggianos little italy,creme brulee mini 12 piece,217,g,2225,mg,330,g,232,g,38,g,116,g,2,g,0,g,206,g
843,maggianos little italy,crispy vesuvio potatoes,30,g,15,mg,430,g,38,g,9,g,8,g,0,g,5,g,0,g
844,maggianos little italy,crispy vesuvio potatoes small,181,g,100,mg,2580,g,226,g,51,g,46,g,1.5,g,29,g,3,g
845,maggianos little italy,crispy zucchini fritte,133,g,55,mg,2500,g,115,g,22,g,24,g,1.5,g,7,g,15,g
846,maggianos little italy,crispy zucchini fritte family style,133,g,55,mg,2500,g,115,g,22,g,24,g,1.5,g,7,g,15,g
847,maggianos little italy,dessert wine 6 oz,0,g,0,mg,15,g,24,g,0,g,0,g,0,g,0,g,14,g
848,maggianos little italy,dessert wine half bottle,0,g,0,mg,35,g,51,g,1,g,0,g,0,g,0,g,29,g
849,maggianos little italy,diet coke,0,g,0,mg,40,g,0,g,0,g,0,g,0,g,0,g,0,g
850,maggianos little italy,dr pepper,0,g,0,mg,65,g,41,g,0,g,0,g,0,g,0,g,40,g
851,maggianos little italy,eggplant parmesan,44,g,80,mg,3130,g,119,g,29,g,9,g,0,g,13,g,22,g
852,maggianos little italy,eggplant parmesan family style,83,g,35,mg,2270,g,136,g,26,g,18,g,0,g,12,g,12,g
853,maggianos little italy,eggplant parmesan large,522,g,210,mg,18110,g,874,g,166,g,115,g,2.5,g,88,g,93,g
854,maggianos little italy,eggplant parmesan small,261,g,105,mg,9060,g,437,g,83,g,57,g,1,g,44,g,47,g
855,maggianos little italy,fettuccine alfredo chicken large,507,g,2285,mg,21730,g,1036,g,645,g,234,g,7,g,83,g,88,g
856,maggianos little italy,fettuccine alfredo chicken small,254,g,1140,mg,10870,g,518,g,322,g,117,g,3.5,g,42,g,44,g
857,maggianos little italy,fettuccine alfredo with chicken,79,g,215,mg,4310,g,133,g,57,g,40,g,1.5,g,9,g,13,g
858,maggianos little italy,fettuccine alfredo with chicken family style,63,g,285,mg,2720,g,130,g,81,g,29,g,1,g,10,g,11,g
859,maggianos little italy,flatbread italian sausage,50,g,115,mg,2140,g,62,g,41,g,21,g,1,g,6,g,8,g
860,maggianos little italy,flatbread margherita,34,g,70,mg,1530,g,61,g,30,g,15,g,1,g,7,g,6,g
861,maggianos little italy,four cheese ravioli,69,g,245,mg,2070,g,66,g,48,g,36,g,1.5,g,4,g,10,g
862,maggianos little italy,four cheese ravioli family style,74,g,275,mg,2380,g,79,g,51,g,41,g,1.5,g,5,g,12,g
863,maggianos little italy,four cheese ravioli large,390,g,1440,mg,12550,g,416,g,266,g,216,g,9,g,27,g,61,g
864,maggianos little italy,four cheese ravioli small,195,g,720,mg,6280,g,208,g,133,g,108,g,4.5,g,14,g,31,g
865,maggianos little italy,fresh grilled asparagus,4.5,g,5,mg,330,g,5,g,5,g,1.5,g,0,g,2,g,1,g
866,maggianos little italy,fresh grilled asparagus small,41,g,45,mg,2990,g,42,g,42,g,13,g,1,g,19,g,12,g
867,maggianos little italy,fresh roasted lavazza coffee,0,g,0,mg,5,g,0,g,0,g,0,g,0,g,0,g,0,g
868,maggianos little italy,garlic bread,71,g,175,mg,2340,g,118,g,37,g,40,g,2.5,g,7,g,3,g
869,maggianos little italy,garlic bread family style,71,g,175,mg,2340,g,118,g,37,g,40,g,2.5,g,7,g,3,g
870,maggianos little italy,garlic mashed potatoes,35,g,100,mg,1010,g,49,g,9,g,21,g,0.5,g,3,g,4,g
871,maggianos little italy,garlic mashed potatoes small,151,g,430,mg,4290,g,207,g,39,g,89,g,3,g,15,g,17,g
872,maggianos little italy,garlic spinach,11,g,10,mg,350,g,7,g,4,g,3.5,g,0,g,3,g,1,g
873,maggianos little italy,garlic spinach small,87,g,100,mg,2820,g,53,g,29,g,30,g,1.5,g,27,g,9,g
874,maggianos little italy,gigis butter cake,61,g,235,mg,350,g,134,g,8,g,37,g,2,g,3,g,105,g
875,maggianos little italy,gigis butter cake family style,64,g,270,mg,320,g,149,g,11,g,38,g,2,g,2,g,107,g
876,maggianos little italy,gigis butter cake mini,21,g,85,mg,100,g,49,g,3,g,12,g,0.5,g,1,g,35,g
877,maggianos little italy,gigis butter cake mini 12 piece,249,g,1055,mg,1960,g,591,g,46,g,150,g,7,g,15,g,429,g
878,maggianos little italy,gnocchi tomato vodka,57,g,170,mg,4040,g,106,g,45,g,27,g,1,g,8,g,5,g
879,maggianos little italy,gnocchi tomato vodka family style,57,g,170,mg,4040,g,106,g,45,g,27,g,1,g,8,g,5,g
880,maggianos little italy,goose island ipa draft,0,g,0,mg,0,g,27,g,0,g,0,g,0,g,0,g,0,g
881,maggianos little italy,grilled salmon lemon and herb family style,125,g,340,mg,2920,g,15,g,87,g,47,g,2.5,g,5,g,4,g
882,maggianos little italy,grilled salmon lemon and herb large,527,g,1500,mg,11180,g,69,g,375,g,193,g,10,g,22,g,15,g
883,maggianos little italy,grilled salmon lemon and herb small,263,g,750,mg,5590,g,34,g,188,g,97,g,5,g,11,g,8,g
884,maggianos little italy,grilled salmon salad,45,g,80,mg,1840,g,48,g,40,g,9,g,0,g,8,g,31,g
885,maggianos little italy,guiness bottle,0,g,0,mg,5,g,8,g,1,g,0,g,0,g,0,g,0,g
886,maggianos little italy,heineken 0 0 bottle,0,g,0,mg,5,g,17,g,0,g,0,g,0,g,0,g,4,g
887,maggianos little italy,iced tea,0,g,0,mg,10,g,2,g,0,g,0,g,0,g,0,g,0,g
888,maggianos little italy,iced tea peach 1 gallon,3,g,0,mg,360,g,323,g,0,g,0,g,0,g,0,g,313,g
889,maggianos little italy,iced tea raspberry 1 gallon,3,g,0,mg,310,g,358,g,0,g,0,g,0,g,0,g,348,g
890,maggianos little italy,iced tea 1 gallon,0,g,0,mg,115,g,11,g,0,g,0,g,0,g,0,g,0,g
891,maggianos little italy,iced tea peach,0,g,0,mg,35,g,31,g,0,g,0,g,0,g,0,g,30,g
892,maggianos little italy,iced tea raspberry,0,g,0,mg,30,g,34,g,0,g,0,g,0,g,0,g,33,g
893,maggianos little italy,irish cream coffee,13,g,25,mg,0,g,12,g,2,g,4,g,0,g,0,g,2,g
894,maggianos little italy,italian meatballs,87,g,400,mg,4960,g,94,g,83,g,33,g,2.5,g,9,g,21,g
895,maggianos little italy,italian meatballs family style,58,g,265,mg,3280,g,62,g,55,g,22,g,1.5,g,6,g,14,g
896,maggianos little italy,italian peach rita,0,g,0,mg,10,g,28,g,0,g,0,g,0,g,0,g,26,g
897,maggianos little italy,italian red sangria glass,0,g,0,mg,15,g,32,g,0,g,0,g,0,g,0,g,27,g
898,maggianos little italy,italian red sangria pitcher,0,g,0,mg,45,g,95,g,0,g,0,g,0,g,0,g,82,g
899,maggianos little italy,italian tossed salad entree,55,g,10,mg,1940,g,33,g,10,g,9,g,0,g,7,g,13,g
900,maggianos little italy,italian tossed salad family style,55,g,10,mg,1940,g,33,g,10,g,9,g,0,g,7,g,13,g
901,maggianos little italy,italian tossed salad side,11,g,5,mg,420,g,7,g,2,g,2,g,0,g,1,g,3,g
902,maggianos little italy,italian tossed large,416,g,65,mg,13150,g,212,g,63,g,70,g,3.5,g,42,g,90,g
903,maggianos little italy,italian tossed small,208,g,30,mg,6580,g,106,g,31,g,35,g,1.5,g,21,g,45,g
904,maggianos little italy,italian wedding soup bowl,21,g,80,mg,1530,g,34,g,18,g,7,g,0.5,g,4,g,5,g
905,maggianos little italy,italian wedding soup cup,10,g,40,mg,770,g,17,g,9,g,3.5,g,0,g,2,g,3,g
906,maggianos little italy,italian white sangria glass,0,g,0,mg,25,g,34,g,0,g,0,g,0,g,1,g,32,g
907,maggianos little italy,italian white sangria pitcher,0,g,0,mg,75,g,101,g,1,g,0,g,0,g,3,g,97,g
908,maggianos little italy,kids ice cream,7,g,30,mg,40,g,16,g,2,g,4.5,g,0,g,0,g,12,g
909,maggianos little italy,kids ice cream with caramel,8,g,30,mg,110,g,41,g,3,g,5,g,0,g,0,g,27,g
910,maggianos little italy,kids ice cream with fudge,11,g,30,mg,80,g,32,g,3,g,8,g,0,g,0,g,23,g
911,maggianos little italy,kids ice cream with strawberries,7,g,30,mg,40,g,25,g,2,g,4.5,g,0,g,1,g,20,g
912,maggianos little italy,kids barqs root beer,0,g,0,mg,50,g,32,g,0,g,0,g,0,g,0,g,32,g
913,maggianos little italy,kids breaded chicken,43,g,160,mg,1880,g,52,g,37,g,18,g,0.5,g,7,g,8,g
914,maggianos little italy,kids cheese flatbread,30,g,70,mg,1150,g,56,g,30,g,15,g,1,g,5,g,5,g
915,maggianos little italy,kids cheese ravioli,19,g,75,mg,1110,g,40,g,18,g,9,g,0.5,g,3,g,9,g
916,maggianos little italy,kids coca cola,0,g,0,mg,30,g,28,g,0,g,0,g,0,g,0,g,28,g
917,maggianos little italy,kids diet coke,0,g,0,mg,30,g,0,g,0,g,0,g,0,g,0,g,0,g
918,maggianos little italy,kids dr pepper,0,g,0,mg,45,g,28,g,0,g,0,g,0,g,0,g,27,g
919,maggianos little italy,kids giant meatball spaghetti,33,g,130,mg,1950,g,82,g,35,g,11,g,1,g,6,g,12,g
920,maggianos little italy,kids grilled chicken,27,g,140,mg,1120,g,28,g,30,g,15,g,0.5,g,4,g,3,g
921,maggianos little italy,kids juice cranberry,0,g,0,mg,5,g,36,g,0,g,0,g,0,g,0,g,32,g
922,maggianos little italy,kids juice grapefruit,0,g,0,mg,70,g,30,g,0,g,0,g,0,g,0,g,30,g
923,maggianos little italy,kids juice orange,0,g,0,mg,5,g,31,g,2,g,0,g,0,g,1,g,22,g
924,maggianos little italy,kids juice pineapple,0,g,0,mg,5,g,32,g,1,g,0,g,0,g,1,g,30,g
925,maggianos little italy,kids juice tomato,0,g,0,mg,720,g,11,g,2,g,0,g,0,g,2,g,7,g
926,maggianos little italy,kids lasagna with marinara,58,g,205,mg,3040,g,55,g,54,g,28,g,1.5,g,6,g,19,g
927,maggianos little italy,kids lasagna with meat sauce,59,g,235,mg,3260,g,56,g,63,g,30,g,2,g,7,g,19,g
928,maggianos little italy,kids mac n cheese a la maggianos,37,g,100,mg,1280,g,50,g,28,g,20,g,1,g,4,g,5,g
929,maggianos little italy,kids milk skim,0,g,5,mg,110,g,13,g,9,g,0,g,0,g,0,g,13,g
930,maggianos little italy,kids milk whole,8,g,25,mg,110,g,12,g,8,g,5,g,0,g,0,g,12,g
931,maggianos little italy,kids minute maid lemonade,0,g,0,mg,15,g,31,g,0,g,0,g,0,g,0,g,30,g
932,maggianos little italy,kids sprite,0,g,0,mg,25,g,27,g,0,g,0,g,0,g,0,g,27,g
933,maggianos little italy,kids ziti pasta with alfredo,28,g,65,mg,910,g,71,g,18,g,12,g,0,g,3,g,7,g
934,maggianos little italy,kids ziti pasta with butter,33,g,70,mg,440,g,62,g,11,g,17,g,1,g,3,g,3,g
935,maggianos little italy,kids ziti with marinara,13,g,0,mg,1070,g,72,g,13,g,1.5,g,0,g,4,g,10,g
936,maggianos little italy,kids ziti with meat sauce,14,g,20,mg,1220,g,72,g,19,g,2,g,0,g,5,g,10,g
937,maggianos little italy,lavazza cappuccino,2,g,5,mg,35,g,4,g,2,g,1,g,0,g,0,g,3,g
938,maggianos little italy,lavazza espresso,0,g,0,mg,10,g,1,g,0,g,0,g,0,g,0,g,0,g
939,maggianos little italy,lemonade,0,g,0,mg,25,g,44,g,0,g,0,g,0,g,0,g,43,g
940,maggianos little italy,lemonade raspberry,0,g,0,mg,30,g,52,g,0,g,0,g,0,g,0,g,51,g
941,maggianos little italy,lemonade raspeberry 1 gallon,1,g,0,mg,300,g,555,g,0,g,0,g,0,g,0,g,539,g
942,maggianos little italy,lemonade 1 gallon,0,g,0,mg,240,g,464,g,0,g,0,g,0,g,0,g,448,g
943,maggianos little italy,linguine and clams with red sauce,69,g,190,mg,2460,g,138,g,71,g,17,g,1,g,7,g,6,g
944,maggianos little italy,linguine and clams with red sauce family style,71,g,270,mg,2560,g,144,g,88,g,17,g,1,g,7,g,6,g
945,maggianos little italy,linguine and clams with white sauce,88,g,215,mg,1880,g,131,g,70,g,24,g,1.5,g,5,g,6,g
946,maggianos little italy,linguine and clams with white sauce family style,90,g,295,mg,1980,g,137,g,86,g,24,g,1.5,g,5,g,6,g
947,maggianos little italy,linguine di mare,44,g,635,mg,3490,g,135,g,98,g,10,g,0,g,7,g,6,g
948,maggianos little italy,lorenzos long island,0,g,0,mg,5,g,23,g,0,g,0,g,0,g,0,g,22,g
949,maggianos little italy,maggianos salad entree,69,g,50,mg,1690,g,24,g,17,g,16,g,0.5,g,6,g,16,g
950,maggianos little italy,maggianos salad family style,69,g,50,mg,1690,g,24,g,17,g,16,g,0.5,g,6,g,16,g
951,maggianos little italy,maggianos salad large,576,g,435,mg,14030,g,189,g,135,g,145,g,7,g,46,g,122,g
952,maggianos little italy,maggianos salad side,26,g,25,mg,750,g,9,g,9,g,7,g,0,g,2,g,6,g
953,maggianos little italy,maggianos salad small,288,g,220,mg,7020,g,94,g,68,g,73,g,3.5,g,23,g,61,g
954,maggianos little italy,meatball sandwich full,122,g,380,mg,4190,g,129,g,97,g,49,g,3,g,12,g,7,g
955,maggianos little italy,meatball sandwich half,66,g,155,mg,2200,g,82,g,40,g,20,g,1,g,8,g,3,g
956,maggianos little italy,miller light draft,0,g,0,mg,0,g,4,g,0,g,0,g,0,g,0,g,0,g
957,maggianos little italy,miller lite bottle,0,g,0,mg,5,g,3,g,0,g,0,g,0,g,0,g,0,g
958,maggianos little italy,minestrone soup bowl,10,g,25,mg,1310,g,16,g,8,g,6,g,0,g,2,g,5,g
959,maggianos little italy,minestrone soup cup,5,g,10,mg,650,g,8,g,4,g,3,g,0,g,1,g,2,g
960,maggianos little italy,mini crab cakes 12 piece,107,g,360,mg,3770,g,43,g,55,g,17,g,0,g,7,g,12,g
961,maggianos little italy,mini meatballs 12 piece,50,g,285,mg,2630,g,46,g,54,g,21,g,1.5,g,5,g,12,g
962,maggianos little italy,moms lasagna,65,g,230,mg,3240,g,56,g,60,g,33,g,2,g,7,g,19,g
963,maggianos little italy,moms lasagna with marinara family style,65,g,230,mg,3240,g,56,g,60,g,33,g,2,g,7,g,19,g
964,maggianos little italy,moms lasagna large,1053,g,3415,mg,57510,g,983,g,922,g,502,g,28,g,126,g,385,g
965,maggianos little italy,moms lasagna small,526,g,1710,mg,28750,g,491,g,461,g,251,g,14,g,63,g,193,g
966,maggianos little italy,moscato mojito,0,g,0,mg,0,g,23,g,0,g,0,g,0,g,0,g,20,g
967,maggianos little italy,mozzarella marinara,77,g,310,mg,3070,g,63,g,62,g,35,g,1.5,g,6,g,13,g
968,maggianos little italy,mozzarella marinara family style,154,g,620,mg,6150,g,127,g,123,g,70,g,3.5,g,12,g,26,g
969,maggianos little italy,mushroom ravioli al forno,46,g,180,mg,2400,g,69,g,30,g,27,g,0.5,g,5,g,13,g
970,maggianos little italy,mushroom ravioli al forno family style,53,g,205,mg,2740,g,79,g,35,g,31,g,0.5,g,6,g,15,g
971,maggianos little italy,mushroom ravioli al forno large,277,g,1070,mg,14400,g,413,g,182,g,162,g,4,g,29,g,79,g
972,maggianos little italy,mushroom ravioli al forno small,139,g,535,mg,7200,g,207,g,91,g,81,g,2,g,15,g,39,g
973,maggianos little italy,negroni,0,g,0,mg,0,g,10,g,0,g,0,g,0,g,0,g,17,g
974,maggianos little italy,nuttiy italian coffee,3,g,0,mg,0,g,10,g,1,g,0,g,0,g,0,g,5,g
975,maggianos little italy,ny style cheesecake,70,g,290,mg,650,g,91,g,15,g,42,g,1.5,g,3,g,65,g
976,maggianos little italy,ny style cheesecake family style,70,g,290,mg,650,g,91,g,15,g,42,g,1.5,g,3,g,65,g
977,maggianos little italy,ny style cheesecake mini,25,g,100,mg,260,g,36,g,6,g,14,g,0.5,g,1,g,24,g
978,maggianos little italy,old fashioned,0,g,0,mg,0,g,7,g,0,g,0,g,0,g,0,g,7,g
979,maggianos little italy,our famous rigatoni inchd inch,110,g,385,mg,3290,g,132,g,79,g,55,g,3,g,8,g,22,g
980,maggianos little italy,our famous rigatoni inchd inch family style,110,g,385,mg,3290,g,132,g,79,g,55,g,3,g,8,g,22,g
981,maggianos little italy,our famous rigatoni inchd inch large,881,g,3065,mg,26290,g,1056,g,634,g,440,g,24,g,64,g,179,g
982,maggianos little italy,our famous rigatoni inchd inch small,440,g,1535,mg,13150,g,528,g,317,g,220,g,12,g,32,g,89,g
983,maggianos little italy,perfect gt,0,g,0,mg,25,g,18,g,0,g,0,g,0,g,0,g,18,g
984,maggianos little italy,peroni draft,0,g,0,mg,0,g,13,g,1,g,0,g,0,g,0,g,0,g
985,maggianos little italy,pomegranate martini,0,g,0,mg,0,g,29,g,0,g,0,g,0,g,0,g,28,g
986,maggianos little italy,port,0,g,0,mg,10,g,12,g,0,g,0,g,0,g,0,g,7,g
987,maggianos little italy,primo margarita,0,g,0,mg,960,g,27,g,0,g,0,g,0,g,0,g,25,g
988,maggianos little italy,red bridge gf bottle,0,g,0,mg,0,g,14,g,0,g,0,g,0,g,0,g,0,g
989,maggianos little italy,red wine 6 oz,0,g,0,mg,5,g,5,g,0,g,0,g,0,g,0,g,1,g
990,maggianos little italy,red wine 9 oz,0,g,0,mg,10,g,7,g,0,g,0,g,0,g,0,g,2,g
991,maggianos little italy,red wine bottle,0,g,0,mg,30,g,19,g,1,g,0,g,0,g,0,g,5,g
992,maggianos little italy,rigatoni arrabbiata with chicken,41,g,150,mg,2000,g,120,g,54,g,13,g,0.5,g,8,g,17,g
993,maggianos little italy,rigatoni arrabbiata with chicken add italian sausage,30,g,90,mg,1050,g,4,g,21,g,11,g,0,g,0,g,1,g
994,maggianos little italy,rigatoni arrabbiata with chicken family style,64,g,170,mg,2100,g,120,g,55,g,19,g,1,g,8,g,15,g
995,maggianos little italy,rigatoni arrabbiata with chicken large,328,g,1190,mg,16030,g,958,g,429,g,102,g,4.5,g,62,g,136,g
996,maggianos little italy,rigatoni arrabbiata with chicken small,164,g,595,mg,8020,g,479,g,215,g,51,g,2,g,31,g,68,g
997,maggianos little italy,rigatoni with alfredo sauce large,700,g,1990,mg,20580,g,1004,g,470,g,364,g,13,g,73,g,108,g
998,maggianos little italy,rigatoni with alfredo sauce small,350,g,995,mg,10290,g,502,g,235,g,182,g,7,g,36,g,54,g
999,maggianos little italy,rigatoni with marinara large,196,g,0,mg,17070,g,973,g,170,g,20,g,1,g,63,g,167,g
