,Restaurant Name,Food Name,Total Fat Amount,Total Fat Unit,Cholesterol Amount,Cholesterol Unit,Sodium Amount,Sodium Unit,Total Carbohydrate Amount,Total Carbohydrate Unit,Protein Amount,Protein Unit,Saturated Fat Amount,Saturated Fat Unit,Trans Fat Amount,Trans Fat Unit,Dietary Fiber Amount,Dietary Fiber Unit,Sugars Amount,Sugars Unit,Monounsaturated Fat Amount,Monounsaturated Fat Unit,Polyunsaturated Fat Amount,Polyunsaturated Fat Unit
0,olgas kitchen,zucchini fries side,39,g,360,mg,1090,g,33,g,5,g,6,g,0,g,2,g,9,g,,,,
1,olive garden,breadstick with garlic topping,2.5,g,0,mg,460,g,25,g,4,g,0.5,g,0,g,0.5,g,1,g,,,,
2,olive garden,fried mozzarella without sauce,59,g,135,mg,1870,g,48,g,34,g,28,g,1.5,g,3,g,4,g,,,,
3,olive garden,calamari as served,42,g,300,mg,1600,g,48,g,24,g,3.5,g,0,g,2,g,3,g,,,,
4,olive garden,lasagna fritta,71,g,160,mg,1650,g,73,g,35,g,29,g,1.5,g,5,g,4,g,,,,
5,olive garden,classic shrimp scampi fritta,40,g,230,mg,1860,g,39,g,23,g,12,g,1,g,1,g,3,g,,,,
6,olive garden,spinach artichoke dip with flatbread chips,76,g,75,mg,2170,g,70,g,37,g,21,g,1,g,8,g,7,g,,,,
7,olive garden,chicken fingers without sauce,11,g,50,mg,430,g,12,g,19,g,1,g,0,g,0,g,0,g,,,,
8,olive garden,seafood stuffed mushrooms,29,g,45,mg,820,g,16,g,14,g,8,g,0,g,2,g,3,g,,,,
9,olive garden,toasted beef and pork ravioli without sauce,15,g,15,mg,750,g,39,g,12,g,2.5,g,0,g,3,g,3,g,,,,
10,olive garden,shrimp scampi fritta,40,g,230,mg,1860,g,39,g,23,g,12,g,1,g,1,g,3,g,,,,
11,olive garden,chicken alfredo pizza fritta without sauce,25,g,105,mg,1150,g,57,g,41,g,10,g,0,g,3,g,7,g,,,,
12,olive garden,calamari sampler portion without sauce,21,g,150,mg,800,g,24,g,12,g,1.5,g,0,g,1,g,1,g,,,,
13,olive garden,fried mozzarella without sauce sampler portion,21,g,45,mg,740,g,20,g,14,g,9,g,0,g,1,g,1,g,,,,
14,olive garden,spicy shrimp scampi fritta,37,g,200,mg,1710,g,36,g,22,g,7,g,0,g,1,g,2,g,,,,
15,olive garden,lasagna fritta sampler portion,31,g,60,mg,730,g,43,g,20,g,10,g,0.5,g,3,g,0,g,,,,
16,olive garden,seafood stuffed mushroom sampler portion,29,g,45,mg,820,g,16,g,14,g,8,g,0,g,2,g,3,g,,,,
17,olive garden,bellini peach raspberry iced tea,0,g,0,mg,10,g,18,g,0,g,0,g,0,g,0,g,17,g,,,,
18,olive garden,strawberry passion fruit limonata,0,g,0,mg,30,g,48,g,0,g,0,g,0,g,0,g,44,g,,,,
19,olive garden,strawberry banana smoothie,0,g,0,mg,45,g,45,g,1,g,0,g,0,g,3,g,33,g,,,,
20,olive garden,mango strawberry iced tea,0,g,0,mg,10,g,24,g,0,g,0,g,0,g,0,g,22,g,,,,
21,olive garden,peach mango smoothie,0,g,0,mg,20,g,44,g,1,g,0,g,0,g,1,g,34,g,,,,
22,olive garden,frozen caramel cappuccino,11,g,35,mg,55,g,54,g,3,g,7,g,0,g,0,g,51,g,,,,
23,olive garden,blackberry pineapple iced tea,0,g,0,mg,15,g,24,g,0,g,0,g,0,g,0,g,23,g,,,,
24,olive garden,raspberry iced tea,0,g,0,mg,10,g,20,g,0,g,0,g,0,g,0,g,18,g,,,,
25,olive garden,vanilla iced coffee,7,g,20,mg,90,g,38,g,7,g,4,g,0,g,0,g,30,g,,,,
26,olive garden,caramel iced coffee,7,g,20,mg,90,g,40,g,7,g,4,g,0,g,0,g,31,g,,,,
27,olive garden,fresh brewed iced tea,0,g,0,mg,0,g,0,g,0,g,0,g,0,g,0,g,0,g,,,,
28,olive garden,cappuccino with whipped cream,6,g,30,mg,70,g,13,g,9,g,3,g,0,g,0.5,g,10,g,,,,
29,olive garden,apple juice,0,g,0,mg,65,g,53,g,0,g,0,g,0,g,0,g,53,g,,,,
30,olive garden,lavazza espresso,1.5,g,15,mg,15,g,6,g,5,g,0,g,0,g,0.5,g,3,g,,,,
31,olive garden,kiwi melon limonata,0,g,0,mg,35,g,43,g,0,g,0,g,0,g,0,g,39,g,,,,
32,olive garden,hot chocolate,8,g,30,mg,105,g,63,g,11,g,4,g,0,g,3,g,52,g,,,,
33,olive garden,blueberry limonata,0,g,0,mg,15,g,55,g,0,g,0,g,0,g,0,g,52,g,,,,
34,olive garden,orange juice,0,g,0,mg,10,g,51,g,4,g,0,g,0,g,0,g,45,g,,,,
35,olive garden,kids pineapple juice,0.5,g,0,mg,5,g,48,g,0,g,0,g,0,g,0.5,g,45,g,,,,
36,olive garden,cappuccino,5,g,25,mg,70,g,15,g,9,g,2.5,g,0,g,0.5,g,12,g,,,,
37,olive garden,pineapple juice,0,g,0,mg,10,g,60,g,2,g,0.5,g,0,g,0.5,g,56,g,,,,
38,olive garden,caramel hazelnut macchiato,2.5,g,15,mg,30,g,44,g,5,g,1,g,0,g,0.5,g,39,g,,,,
39,olive garden,caffe latte,7,g,30,mg,100,g,18,g,11,g,4,g,0,g,0.5,g,15,g,,,,
40,olive garden,grapefruit juice,0,g,0,mg,45,g,42,g,4,g,0,g,0,g,0,g,32,g,,,,
41,olive garden,cranberry juice,0,g,0,mg,65,g,56,g,0,g,0,g,0,g,0,g,56,g,,,,
42,olive garden,frozen vanilla cappuccino,11,g,35,mg,55,g,53,g,3,g,7,g,0,g,0,g,50,g,,,,
43,olive garden,frozen traditional cappuccino,11,g,35,mg,55,g,67,g,3,g,7,g,0,g,0,g,63,g,,,,
44,olive garden,traditional iced coffee,7,g,20,mg,90,g,29,g,7,g,4,g,0,g,0,g,21,g,,,,
45,olive garden,tomato juice,0,g,0,mg,1280,g,19,g,4,g,0,g,0,g,4,g,13,g,,,,
46,olive garden,caffe mocha,7,g,30,mg,85,g,34,g,10,g,3.5,g,0,g,2,g,27,g,,,,
47,olive garden,tiramisu,27,g,215,mg,125,g,54,g,6,g,17,g,0,g,0,g,35,g,,,,
48,olive garden,black tie mousse cake,50,g,155,mg,290,g,76,g,9,g,30,g,1,g,4,g,59,g,,,,
49,olive garden,seasonal sicilian cheesecake,42,g,155,mg,440,g,68,g,12,g,26,g,1.5,g,0.5,g,56,g,,,,
50,olive garden,zeppoli without sauce,28,g,0,mg,510,g,119,g,20,g,3.5,g,0,g,6,g,25,g,,,,
51,olive garden,chocolate brownie lasagna,47,g,170,mg,490,g,79,g,11,g,25,g,1.5,g,3,g,58,g,,,,
52,olive garden,chocolate mousse dolcini,18,g,55,mg,125,g,18,g,2,g,10,g,0,g,1,g,12,g,,,,
53,olive garden,lemon cream cake,31,g,70,mg,440,g,60,g,6,g,17,g,0,g,0,g,45,g,,,,
54,olive garden,strawberry and white chocolate dolcini,11,g,30,mg,100,g,23,g,1,g,6,g,0,g,0,g,18,g,,,,
55,olive garden,wild berry cheescake dolcini,13,g,40,mg,135,g,22,g,3,g,8,g,0,g,0.5,g,18,g,,,,
56,olive garden,chocolate sauce,3,g,10,mg,110,g,48,g,2,g,2,g,0,g,0.5,g,42,g,,,,
57,olive garden,raspberry sauce,0,g,0,mg,10,g,51,g,0,g,0,g,0,g,0,g,35,g,,,,
58,olive garden,warm apple crostata,29,g,35,mg,420,g,83,g,7,g,15,g,0,g,2,g,41,g,,,,
59,olive garden,kids cheese pizza,13,g,25,mg,720,g,54,g,17,g,7,g,0,g,3,g,4,g,,,,
60,olive garden,kids create your own pasta alfredo sauce,32,g,105,mg,450,g,4,g,6,g,20,g,1,g,0,g,0.5,g,,,,
61,olive garden,kids chicken fingers and pasta,16,g,50,mg,720,g,42,g,24,g,1.5,g,0,g,2,g,5,g,,,,
62,olive garden,kids french fries,13,g,5,mg,400,g,32,g,5,g,1.5,g,0,g,5,g,0.5,g,,,,
63,olive garden,kids create your own pasta spaghetti,1.5,g,0,mg,5,g,33,g,6,g,0,g,0,g,1,g,2,g,,,,
64,olive garden,kids raspberry lemonade,0,g,0,mg,10,g,27,g,0,g,0,g,0,g,0,g,6,g,,,,
65,olive garden,kids macaroni and cheese,14,g,40,mg,870,g,45,g,16,g,8,g,0,g,2,g,6,g,,,,
66,olive garden,kids pepperoni pizza,15,g,0,mg,1070,g,65,g,20,g,6.5,g,0,g,3,g,0,g,,,,
67,olive garden,kids cheese ravioli,16,g,50,mg,980,g,33,g,17,g,8,g,0,g,3,g,6,g,,,,
68,olive garden,kids 1 low fat chocolate milk,2.5,g,10,mg,135,g,31,g,8,g,1.5,g,0,g,0,g,29,g,,,,
69,olive garden,kids grapes,0,g,0,mg,0,g,11,g,0,g,0,g,0,g,0.5,g,9,g,,,,
70,olive garden,kids spaghetti with tomato sauce,4.5,g,0,mg,290,g,30,g,5,g,0.5,g,0,g,2,g,5,g,,,,
71,olive garden,kids steamed broccoli,0,g,0,mg,35,g,7,g,4,g,0,g,0,g,4,g,3,g,,,,
72,olive garden,kids grilled chicken and rotini with marinara sauce,11,g,120,mg,850,g,61,g,33,g,1.5,g,0,g,5,g,16,g,,,,
73,olive garden,kids create your own pasta meat sauce,7,g,25,mg,390,g,7,g,5,g,2.5,g,0,g,0.5,g,5,g,,,,
74,olive garden,kids create your own pasta fettuccine,1.5,g,0,mg,0,g,34,g,6,g,0,g,0,g,1,g,1,g,,,,
75,olive garden,kids meat sauce,7,g,25,mg,390,g,7,g,5,g,0.5,g,0,g,0.5,g,5,g,,,,
76,olive garden,kids rotini with marinara sauce,6,g,50,mg,610,g,50,g,6,g,0,g,0,g,4,g,6,g,,,,
77,olive garden,kids create your own pasta small shells,2,g,0,mg,5,g,42,g,7,g,0,g,0,g,2,g,2,g,,,,
78,olive garden,kids create your own pasta add meatball topping,13,g,20,mg,350,g,2,g,8,g,6,g,0.5,g,0.5,g,0,g,,,,
79,olive garden,kids side garlic mashed potatoes,10,g,0,mg,630,g,22,g,5,g,6,g,0,g,2,g,0,g,,,,
80,olive garden,kids create your own pasta whole grain linguine,3.5,g,0,mg,5,g,36,g,11,g,0,g,0,g,9,g,1,g,,,,
81,olive garden,kids rotini with meat sauce,11,g,80,mg,650,g,48,g,12,g,3.5,g,0,g,3,g,7,g,,,,
82,olive garden,kids wild berry smoothie,0,g,0,mg,105,g,43,g,3,g,0,g,0,g,0,g,0,g,,,,
83,olive garden,kids ketchup,0,g,0,mg,640,g,20,g,1,g,0,g,0,g,0.5,g,16,g,,,,
84,olive garden,kids orange juice,0,g,0,mg,10,g,40,g,3,g,0,g,0,g,0,g,36,g,,,,
85,olive garden,kids 1 low fat milk,2.5,g,10,mg,105,g,12,g,8,g,1.5,g,0,g,0,g,12,g,,,,
86,olive garden,kids create your own pasta five cheese marinara,13,g,35,mg,400,g,8,g,4,g,7,g,0,g,0.5,g,5,g,,,,
87,olive garden,kids create your own pasta tomato sauce,5,g,0,mg,420,g,8,g,1,g,0.5,g,0,g,1,g,5,g,,,,
88,olive garden,kids create your own pasta add shrimp topping,0.5,g,65,mg,290,g,0,g,7,g,0,g,0,g,0,g,0,g,,,,
89,olive garden,kids penne rigate gluten free with marinara,4,g,0,mg,750,g,49,g,4,g,0.5,g,0,g,4,g,0,g,,,,
90,olive garden,kids apple juice,0,g,0,mg,50,g,42,g,0,g,0,g,0,g,0,g,42,g,,,,
91,olive garden,kids cheese tortelloni with tomato sauce,14,g,85,mg,860,g,44,g,13,g,4.5,g,0,g,1,g,6,g,,,,
92,olive garden,kids create your own pasta add grilled chicken topping,5,g,75,mg,240,g,0.5,g,27,g,1,g,0,g,0.5,g,0,g,,,,
93,olive garden,kids cranberry juice,0,g,0,mg,50,g,45,g,0,g,0,g,0,g,0,g,45,g,,,,
94,olive garden,lunch spaghetti with meat sauce,12,g,30,mg,530,g,51,g,14,g,3.5,g,0,g,3,g,9,g,,,,
95,olive garden,lunch shrimp scampi,19,g,105,mg,850,g,53,g,20,g,7,g,0.5,g,4,g,5,g,,,,
96,olive garden,lunch chicken parmigiana,29,g,75,mg,1740,g,65,g,35,g,7,g,0,g,5,g,12,g,,,,
97,olive garden,lunch fettuccini alfredo,45,g,140,mg,610,g,47,g,15,g,27,g,1,g,2,g,3,g,,,,
98,olive garden,lunch spaghetti with meat sauce and meatballs,38,g,75,mg,1230,g,56,g,30,g,17,g,1.5,g,4,g,9,g,,,,
99,olive garden,lunch chicken margherita,22,g,110,mg,810,g,11,g,35,g,10,g,0,g,2,g,4,g,,,,
100,olive garden,lunch cheese ravioli with marinara sauce,22,g,75,mg,1210,g,40,g,24,g,11,g,0,g,3,g,5,g,,,,
101,olive garden,lunch creamy mushroom ravioli,42,g,165,mg,940,g,44,g,16,g,24,g,1,g,3,g,7,g,,,,
102,olive garden,lunch eggplant parmigiana,32,g,30,mg,1330,g,74,g,21,g,7,g,0,g,7,g,13,g,,,,
103,olive garden,lunch lasagna classico,36,g,145,mg,1430,g,39,g,40,g,20,g,1,g,5,g,12,g,,,,
104,olive garden,lunch spaghetti marinara with meatballs,34,g,45,mg,1200,g,58,g,24,g,13,g,1.5,g,5,g,9,g,,,,
105,olive garden,lunch zoodles primavera,23,g,25,mg,570,g,16,g,6,g,7,g,0,g,4,g,8,g,,,,
106,olive garden,lunch five cheese ziti al forno,37,g,90,mg,1100,g,57,g,25,g,19,g,0.5,g,4,g,9,g,,,,
107,olive garden,lunch chicken and cheese piadina sandwich,49,g,95,mg,1660,g,40,g,30,g,16,g,0,g,3,g,2,g,,,,
108,olive garden,lunch grilled vegetable and cheese piadina sandwich,37,g,50,mg,990,g,52,g,22,g,12,g,0.5,g,5,g,7,g,,,,
109,olive garden,lunch chicken alfredo pizza bowl,55,g,200,mg,1690,g,53,g,60,g,30,g,0.5,g,3,g,4,g,,,,
110,olive garden,lunch pasta salad for piadina sandwiches,12,g,5,mg,750,g,18,g,5,g,3,g,0,g,2,g,3,g,,,,
111,olive garden,lunch asiago tortelloni with marinara sauce,23,g,120,mg,1180,g,60,g,24,g,10,g,0,g,4,g,10,g,,,,
112,olive garden,lunch zoodles primavera with grilled chicken,28,g,100,mg,810,g,17,g,33,g,8,g,0.5,g,4,g,9,g,,,,
113,olive garden,lunch cheese ravioli with meat sauce,26,g,100,mg,1240,g,39,g,29,g,14,g,0,g,2,g,6,g,,,,
114,olive garden,lunch asiago tortelloni with meat sauce,28,g,150,mg,1220,g,59,g,30,g,13,g,0.5,g,3,g,10,g,,,,
115,olive garden,lunch meatball pizza bowl,71,g,160,mg,2650,g,63,g,52,g,37,g,1,g,5,g,7,g,,,,
116,olive garden,create your own pasta toppings creamy mushroom sauce,87,g,250,mg,1090,g,13,g,10,g,54,g,2,g,0,g,7,g,,,,
117,olive garden,create your own pasta topping crispy chicken fritta,12,g,50,mg,730,g,14,g,20,g,1.5,g,0,g,1,g,0.5,g,,,,
118,olive garden,create your own pasta topping sauteed shrimp,0,g,130,mg,580,g,0,g,14,g,0,g,0,g,0,g,0,g,,,,
119,olive garden,add on italian sausage for rotini,39,g,115,mg,1140,g,2,g,27,g,14,g,0,g,0.5,g,2,g,,,,
120,olive garden,create your own pasta garden veggies,0,g,0,mg,35,g,6,g,2,g,0,g,0,g,2,g,3,g,,,,
121,olive garden,create your own pasta topping meatballs 3,40,g,65,mg,1060,g,7,g,23,g,19,g,2,g,3,g,0,g,,,,
122,olive garden,create your own pasta topping grilled chicken,5,g,75,mg,240,g,0.5,g,27,g,1,g,0,g,0.5,g,0,g,,,,
123,olive garden,add on grilled chicken for rotini,5,g,75,mg,240,g,0.5,g,27,g,1,g,0,g,0.5,g,0,g,,,,
124,olive garden,create your own pasta topping italian sausages 2 links,39,g,115,mg,1140,g,2,g,27,g,14,g,0,g,0,g,2,g,,,,
125,olive garden,add on shrimp for rotini,0,g,120,mg,200,g,0.5,g,16,g,0,g,0,g,0,g,0,g,,,,
126,olive garden,chicken alfredo,100,g,430,mg,1680,g,96,g,84,g,57,g,2,g,5,g,6,g,,,,
127,olive garden,chicken parmigiana,52,g,155,mg,2980,g,86,g,63,g,14,g,0,g,7,g,16,g,,,,
128,olive garden,five cheese ziti al forno,71,g,185,mg,2160,g,103,g,45,g,36,g,1,g,6,g,9,g,,,,
129,olive garden,chicken and shrimp carbonara,94,g,405,mg,2050,g,75,g,64,g,50,g,3,g,3,g,10,g,,,,
130,olive garden,chicken scampi,72,g,200,mg,1990,g,105,g,49,g,28,g,0,g,4,g,7,g,,,,
131,olive garden,stuffed chicken marsala,58,g,245,mg,1920,g,33,g,71,g,26,g,1,g,4,g,8,g,,,,
132,olive garden,cheese ravioli with meat sauce,46,g,170,mg,2190,g,65,g,50,g,24,g,0,g,4,g,11,g,,,,
133,olive garden,dinner chicken piccata,25,g,180,mg,1500,g,12,g,59,g,11,g,0,g,3,g,3,g,,,,
134,olive garden,grilled chicken parmigiana,39,g,205,mg,2070,g,53,g,80,g,15,g,0,g,6,g,12,g,,,,
135,olive garden,cheese ravioli with marinara sauce,39,g,125,mg,2140,g,68,g,41,g,20,g,0,g,5,g,11,g,,,,
136,olive garden,sirloin 6 oz with fettuccine alfredo and broccoli,57,g,20,mg,1690,g,51,g,58,g,32,g,1.5,g,3,g,4,g,,,,
137,olive garden,chicken giardino,12,g,80,mg,1750,g,65,g,41,g,5,g,0,g,7,g,11,g,,,,
138,olive garden,dinner chicken margherita,28,g,215,mg,1350,g,12,g,63,g,11,g,0,g,4,g,4,g,,,,
139,olive garden,dinner zoodles primavera with grilled chicken,54,g,140,mg,1460,g,27,g,37,g,18,g,1,g,6,g,14,g,,,,
140,olive garden,zoodles primavera with shrimp,50,g,200,mg,1460,g,27,g,29,g,18,g,1,g,6,g,14,g,,,,
141,olive garden,rotini with meat sauce,22,g,160,mg,1300,g,96,g,23,g,7,g,0,g,6,g,1,g,,,,
142,olive garden,creamy mushroom ravioli,57,g,230,mg,1280,g,61,g,22,g,33,g,1,g,4,g,9,g,,,,
143,olive garden,gorgonzola topped sirloin,61,g,270,mg,2100,g,56,g,63,g,36,g,1.5,g,4,g,6,g,,,,
144,olive garden,dinner zoodles primavara,49,g,65,mg,1220,g,26,g,10,g,17,g,1,g,6,g,14,g,,,,
145,olive garden,parmesan alfredo crusted sirloin,78,g,325,mg,2090,g,58,g,65,g,46,g,2,g,4,g,5,g,,,,
146,olive garden,meatball pizza bowl,56,g,150,mg,2500,g,64,g,46,g,29,g,0.5,g,5,g,7,g,,,,
147,olive garden,lasagna classico,53,g,210,mg,2070,g,56,g,58,g,28,g,1.5,g,8,g,18,g,,,,
148,olive garden,eggplant parmigiana,54,g,45,mg,1990,g,113,g,30,g,12,g,0,g,11,g,23,g,,,,
149,olive garden,tour of italy,96,g,340,mg,3250,g,92,g,75,g,48,g,1.5,g,6,g,19,g,,,,
150,olive garden,fettuccine alfredo,56,g,155,mg,850,g,97,g,30,g,34,g,1.5,g,7,g,5,g,,,,
151,olive garden,seafood alfredo,75,g,310,mg,1480,g,95,g,49,g,45,g,2,g,4,g,8,g,,,,
152,olive garden,lunch spaghetti with marinara sauce,7,g,0,mg,490,g,53,g,9,g,0,g,0,g,3,g,9,g,,,,
153,olive garden,create your own pasta angel hair without sauce,2.5,g,0,mg,10,g,67,g,12,g,0,g,0,g,3,g,2,g,,,,
154,olive garden,create your own pasta rigatoni without sauce,6,g,0,mg,10,g,83,g,14,g,0.5,g,0,g,3,g,5,g,,,,
155,olive garden,rotini with marinara sauce,13,g,100,mg,1220,g,99,g,12,g,1,g,0,g,8,g,13,g,,,,
156,olive garden,create your own pasta spaghetti without sauce,3.5,g,0,mg,10,g,67,g,12,g,0,g,0,g,3,g,4,g,,,,
157,olive garden,crate your own pasta zoodles without sauce,1,g,0,mg,20,g,8,g,3,g,0,g,0,g,2,g,6,g,,,,
158,olive garden,create your own pasta cavatappi without sauce,4,g,0,mg,10,g,83,g,15,g,0.5,g,0,g,3,g,4,g,,,,
159,olive garden,create your own pasta rotini without sauce gluten free,3.5,g,100,mg,260,g,77,g,9,g,0,g,0,g,5,g,0,g,,,,
160,olive garden,create your own pasta whole grain linguini without sauce,6,g,0,mg,10,g,57,g,17,g,0,g,0,g,14,g,2,g,,,,
161,olive garden,italian dressing,8,g,5,mg,520,g,2,g,0,g,1.5,g,0,g,0,g,2,g,,,,
162,olive garden,low fat italian dressing,2,g,5,mg,410,g,2,g,0,g,0,g,0,g,0,g,2,g,,,,
163,olive garden,salad with signature italian dressing,10,g,5,mg,770,g,13,g,3,g,1.5,g,0,g,2,g,4,g,,,,
164,olive garden,salad without dressing,2,g,0,mg,250,g,11,g,2,g,0,g,0,g,2,g,2,g,,,,
165,olive garden,alfredo dipping sauce,43,g,140,mg,600,g,5,g,8,g,27,g,1,g,0,g,1,g,,,,
166,olive garden,marinara sauce,2.5,g,0,mg,24,g,6,g,0.5,g,0,g,0,g,0.5,g,3,g,,,,
167,olive garden,five cheese marinara dipping sauce for appetizers,17,g,45,mg,540,g,11,g,5,g,9,g,0,g,1,g,6,g,,,,
168,olive garden,create your own pasta topping five cheese marinara sauce,35,g,90,mg,1080,g,22,g,10,g,18,g,0.5,g,3,g,12,g,,,,
169,olive garden,create your own pasta traditional marinara sauce topping,10,g,0,mg,960,g,22,g,3,g,1,g,0,g,3,g,13,g,,,,
170,olive garden,create your own pasta traditional meat sauce,19,g,60,mg,1040,g,19,g,14,g,7,g,0,g,2,g,13,g,,,,
171,olive garden,marinara dipping sauce for breadsticks,5,g,0,mg,480,g,11,g,1,g,0,g,0,g,2,g,6,g,,,,
172,olive garden,alfredo sauce for appetizers,22,g,70,mg,300,g,3,g,4,g,14,g,0.5,g,0,g,0.5,g,,,,
173,olive garden,spicy parmesan ranch for appetizers,27,g,15,mg,700,g,2,g,1,g,4.5,g,0,g,0,g,0.5,g,,,,
174,olive garden,create your own pasta spicy marinara sauce topping,9,g,0,mg,1080,g,17,g,4,g,1,g,0,g,4,g,10,g,,,,
175,olive garden,amaretto sour,0,g,0,mg,20,g,44,g,0,g,0,g,0,g,2,g,38,g,,,,
176,olive garden,apple juice,0,g,0,mg,65,g,53,g,0,g,0,g,0,g,0,g,53,g,,,,
177,olive garden,asiago tortelloni alfredo with grilled chicken,131,g,650,mg,3720,g,95,g,112,g,76,g,2.5,g,5,g,9,g,,,,
178,olive garden,beer bottle angry orchard hard cider,0,g,0,mg,10,g,31,g,0,g,0,g,0,g,0,g,23,g,,,,
179,olive garden,beer bottle light,0,g,0,mg,10,g,5,g,1,g,0,g,0,g,0,g,5,g,,,,
180,olive garden,beer bottle non alcoholic,0,g,0,mg,10,g,13,g,1,g,0,g,0,g,0,g,13,g,,,,
181,olive garden,beer bottle regular,0,g,0,mg,10,g,11,g,1,g,0,g,0,g,0,g,11,g,,,,
182,olive garden,berry sangria glass,0,g,0,mg,5,g,30,g,0,g,0,g,0,g,0,g,27,g,,,,
183,olive garden,berry sangria pitcher,0,g,0,mg,25,g,126,g,1,g,0,g,0,g,3,g,112,g,,,,
184,olive garden,black tie mousse cake,50,g,155,mg,290,g,76,g,9,g,30,g,1,g,4,g,59,g,,,,
185,olive garden,blue amalfi,0,g,0,mg,10,g,23,g,0,g,0,g,0,g,0,g,22,g,,,,
186,olive garden,breadstick with garlic topping,2.5,g,0,mg,460,g,25,g,4,g,0.5,g,0,g,1,g,1,g,,,,
187,olive garden,caffe latte,7,g,30,mg,100,g,18,g,11,g,4,g,0,g,1,g,15,g,,,,
188,olive garden,caffe mocha,7,g,30,mg,85,g,34,g,10,g,3.5,g,0,g,2,g,27,g,,,,
189,olive garden,calamari,42,g,300,mg,1600,g,48,g,24,g,3.5,g,0,g,2,g,3,g,,,,
190,olive garden,calamari add marinara,2.5,g,0,mg,240,g,6,g,1,g,0,g,0,g,1,g,3,g,,,,
191,olive garden,calamari add spicy ranch,27,g,15,mg,700,g,2,g,1,g,4.5,g,0,g,0,g,1,g,,,,
192,olive garden,cappuccino,6,g,30,mg,70,g,13,g,9,g,3,g,0,g,1,g,10,g,,,,
193,olive garden,catering dipping sauces alfredo,173,g,570,mg,2400,g,21,g,30,g,109,g,4,g,0,g,4,g,,,,
194,olive garden,catering dipping sauces five cheese marinara,70,g,180,mg,2150,g,43,g,20,g,35,g,1,g,5,g,25,g,,,,
195,olive garden,catering dipping sauces marinara,19,g,0,mg,1920,g,45,g,5,g,1.5,g,0,g,7,g,25,g,,,,
196,olive garden,catering dipping sauces meat sauce,38,g,125,mg,2070,g,37,g,28,g,14,g,0.5,g,3,g,26,g,,,,
197,olive garden,catering bellini peach raspberry iced tea,0,g,0,mg,105,g,191,g,0,g,0,g,0,g,0,g,180,g,,,,
198,olive garden,catering black tie mousse cake,50,g,155,mg,290,g,76,g,9,g,30,g,1,g,4,g,59,g,,,,
199,olive garden,catering blackberry pineapple iced tea,0,g,0,mg,190,g,266,g,0,g,0,g,0,g,0,g,253,g,,,,
200,olive garden,catering cheese ravioli with marinara,172,g,500,mg,9220,g,256,g,167,g,80,g,1,g,23,g,36,g,,,,
201,olive garden,catering cheese ravioli with meat sauce,198,g,660,mg,9790,g,246,g,195,g,98,g,2,g,16,g,22,g,,,,
202,olive garden,catering chicken alfredo,360,g,1645,mg,8870,g,381,g,322,g,209,g,8,g,19,g,22,g,,,,
203,olive garden,catering chicken and shrimp carbonara,374,g,1615,mg,8210,g,299,g,257,g,201,g,11,g,14,g,39,g,,,,
204,olive garden,catering chicken fingers,69,g,305,mg,2620,g,69,g,112,g,7,g,0,g,0,g,0,g,,,,
205,olive garden,catering chicken parmigiana,198,g,510,mg,12950,g,537,g,268,g,38,g,0.5,g,43,g,78,g,,,,
206,olive garden,catering chicken scampi,281,g,690,mg,8080,g,419,g,195,g,99,g,0,g,18,g,22,g,,,,
207,olive garden,catering chocolate mousse dolcini,18,g,55,mg,125,g,18,g,2,g,10,g,0,g,1,g,12,g,,,,
208,olive garden,catering coke,0,g,0,mg,250,g,220,g,0,g,0,g,0,g,0,g,220,g,,,,
209,olive garden,catering create your own pasta station serves 10,949,g,2480,mg,43600,g,1561,g,697,g,387,g,21,g,101,g,222,g,,,,
210,olive garden,catering diet coke,0,g,0,mg,230,g,0,g,0,g,0,g,0,g,0,g,0,g,,,,
211,olive garden,catering fettuccine alfredo,339,g,1065,mg,4550,g,376,g,116,g,205,g,8,g,15,g,20,g,,,,
212,olive garden,catering five cheese ziti al forno,290,g,715,mg,8780,g,388,g,187,g,151,g,5,g,25,g,65,g,,,,
213,olive garden,catering fresh brewed unsweetened iced tea,0,g,0,mg,115,g,12,g,0,g,0,g,0,g,0,g,0,g,,,,
214,olive garden,catering fried ravioli,212,g,290,mg,8540,g,243,g,141,g,72,g,2,g,18,g,13,g,,,,
215,olive garden,catering grilled chicken,17,g,440,mg,4530,g,7,g,156,g,3.5,g,0,g,3,g,3,g,,,,
216,olive garden,catering italian meatballs,141,g,225,mg,4260,g,41,g,80,g,66,g,7,g,11,g,10,g,,,,
217,olive garden,catering italian sausage,165,g,465,mg,5290,g,25,g,108,g,55,g,0,g,5,g,17,g,,,,
218,olive garden,catering lasagna classico serves up to 12,364,g,1380,mg,13900,g,448,g,370,g,208,g,7,g,36,g,71,g,,,,
219,olive garden,catering lasagna classico serves up to 8,196,g,730,mg,7640,g,230,g,196,g,110,g,3.5,g,19,g,38,g,,,,
220,olive garden,catering mango strawberry iced tea,0,g,0,mg,115,g,266,g,0,g,0,g,0,g,0,g,244,g,,,,
221,olive garden,catering pumpkin cheesecake,50,g,215,mg,610,g,68,g,13,g,29,g,2,g,4,g,45,g,,,,
222,olive garden,catering raspberry iced tea,0,g,0,mg,115,g,210,g,0,g,0,g,0,g,0,g,193,g,,,,
223,olive garden,catering raspberry lemonade,0,g,0,mg,130,g,108,g,0,g,0,g,0,g,0,g,100,g,,,,
224,olive garden,catering seasonal sicilian cheesecake,42,g,155,mg,440,g,78,g,12,g,26,g,1.5,g,2,g,64,g,,,,
225,olive garden,catering shrimp alfredo,342,g,2040,mg,6200,g,382,g,248,g,206,g,8,g,18,g,22,g,,,,
226,olive garden,catering shrimp scampi,79,g,660,mg,3830,g,215,g,115,g,28,g,2,g,16,g,20,g,,,,
227,olive garden,catering spaghetti with marinara and italian sausage,217,g,465,mg,8950,g,443,g,176,g,58,g,0,g,31,g,83,g,,,,
228,olive garden,catering spaghetti with marinara sauce,52,g,0,mg,3660,g,417,g,68,g,3.5,g,0,g,26,g,66,g,,,,
229,olive garden,catering spaghetti with marinara sauce and meatballs,193,g,225,mg,7920,g,458,g,149,g,69,g,7,g,37,g,76,g,,,,
230,olive garden,catering spaghetti with meat sauce,88,g,230,mg,3950,g,403,g,112,g,27,g,1,g,20,g,68,g,,,,
231,olive garden,catering spaghetti with meat sauce and italian sausage,253,g,695,mg,9230,g,429,g,220,g,82,g,1,g,25,g,85,g,,,,
232,olive garden,catering spaghetti with meat sauce and meatballs,229,g,455,mg,8210,g,444,g,192,g,93,g,8,g,31,g,78,g,,,,
233,olive garden,catering spinach artichoke dip with flatbread crisps,152,g,155,mg,4330,g,139,g,74,g,41,g,1.5,g,15,g,14,g,,,,
234,olive garden,catering sprite,0,g,0,mg,370,g,214,g,0,g,0,g,0,g,0,g,214,g,,,,
235,olive garden,catering strawberry and white chocolate dolcini,11,g,30,mg,100,g,23,g,1,g,6,g,0,g,0,g,18,g,,,,
236,olive garden,catering tiramisu,27,g,215,mg,125,g,54,g,6,g,17,g,0,g,0,g,35,g,,,,
237,olive garden,catering toasted ravioli,105,g,165,mg,5000,g,243,g,90,g,22,g,2,g,21,g,12,g,,,,
238,olive garden,catering toasted ravioli add marinara,7,g,0,mg,720,g,17,g,2,g,0.5,g,0,g,2,g,10,g,,,,
239,olive garden,cheese ravioli with marinara sauce,39,g,125,mg,2140,g,68,g,41,g,20,g,0,g,5,g,11,g,,,,
240,olive garden,cheese ravioli with meat sauce,46,g,170,mg,2190,g,65,g,50,g,24,g,0,g,4,g,11,g,,,,
241,olive garden,chicken and gnocchi soup,12,g,55,mg,1290,g,22,g,11,g,4.5,g,0,g,1,g,4,g,,,,
242,olive garden,chicken and shrimp carbonara,94,g,405,mg,2050,g,75,g,64,g,50,g,3,g,3,g,10,g,,,,
243,olive garden,chicken alfredo,95,g,430,mg,2290,g,96,g,81,g,56,g,2,g,5,g,6,g,,,,
244,olive garden,chicken marsala,56,g,295,mg,2690,g,68,g,69,g,31,g,1.5,g,4,g,8,g,,,,
245,olive garden,chicken parmigiana,52,g,155,mg,2980,g,86,g,63,g,14,g,0,g,7,g,16,g,,,,
246,olive garden,chicken scampi,72,g,200,mg,1990,g,105,g,49,g,28,g,0,g,4,g,7,g,,,,
247,olive garden,chocolate brownie lasagna,52,g,135,mg,580,g,144,g,13,g,27,g,1.5,g,6,g,103,g,,,,
248,olive garden,classic shrimp scampi fritta,40,g,230,mg,1860,g,39,g,23,g,12,g,1,g,1,g,3,g,,,,
249,olive garden,coke,0,g,0,mg,45,g,39,g,0,g,0,g,0,g,0,g,39,g,,,,
250,olive garden,coke zero,0,g,0,mg,40,g,0,g,0,g,0,g,0,g,0,g,0,g,,,,
251,olive garden,cranberry juice,0,g,0,mg,65,g,56,g,0,g,0,g,0,g,0,g,56,g,,,,
252,olive garden,create your own pasta angel hair,2.5,g,0,mg,10,g,67,g,12,g,0,g,0,g,3,g,2,g,,,,
253,olive garden,create your own pasta creamy mushroom sauce,87,g,250,mg,1090,g,13,g,10,g,54,g,2,g,0,g,7,g,,,,
254,olive garden,create your own pasta crispy chicken fritta,12,g,50,mg,730,g,14,g,20,g,1.5,g,0,g,1,g,1,g,,,,
255,olive garden,create your own pasta five cheese marinara,35,g,90,mg,1080,g,22,g,10,g,18,g,0.5,g,3,g,12,g,,,,
256,olive garden,create your own pasta gluten free rotini,3.5,g,100,mg,260,g,77,g,9,g,0,g,0,g,5,g,0,g,,,,
257,olive garden,create your own pasta grilled chicken,2.5,g,75,mg,540,g,1,g,26,g,0.5,g,0,g,0,g,0,g,,,,
258,olive garden,create your own pasta italian sausage,39,g,115,mg,1140,g,2,g,27,g,14,g,0,g,1,g,2,g,,,,
259,olive garden,create your own pasta marinara,10,g,0,mg,960,g,22,g,3,g,1,g,0,g,3,g,13,g,,,,
260,olive garden,create your own pasta meat sauce,19,g,60,mg,1040,g,19,g,14,g,7,g,0,g,2,g,13,g,,,,
261,olive garden,create your own pasta meatballs,40,g,65,mg,1060,g,7,g,23,g,19,g,2,g,3,g,0,g,,,,
262,olive garden,create your own pasta rigatoni,6,g,0,mg,10,g,83,g,14,g,0.5,g,0,g,3,g,5,g,,,,
263,olive garden,create your own pasta shrimp,1,g,245,mg,410,g,1,g,33,g,0,g,0,g,1,g,0,g,,,,
264,olive garden,create your own pasta spaghetti,3.5,g,0,mg,10,g,67,g,12,g,0,g,0,g,3,g,4,g,,,,
265,olive garden,croutons garlic and romano signature recipe,1,g,0,mg,80,g,5,g,1,g,0,g,0,g,0,g,0,g,,,,
266,olive garden,diet coke,0,g,0,mg,40,g,0,g,0,g,0,g,0,g,0,g,0,g,,,,
267,olive garden,dipping sauces for breadsticks alfredo,43,g,140,mg,600,g,5,g,8,g,27,g,1,g,0,g,1,g,,,,
268,olive garden,dipping sauces for breadsticks alfredo large,87,g,285,mg,1200,g,11,g,15,g,54,g,2,g,0,g,2,g,,,,
269,olive garden,dipping sauces for breadsticks five cheese marinara,17,g,45,mg,540,g,11,g,5,g,9,g,0,g,1,g,6,g,,,,
270,olive garden,dipping sauces for breadsticks five cheese marinara large,35,g,90,mg,1080,g,22,g,10,g,18,g,0.5,g,3,g,12,g,,,,
271,olive garden,dipping sauces for breadsticks marinara,5,g,0,mg,480,g,11,g,1,g,0,g,0,g,2,g,6,g,,,,
272,olive garden,dipping sauces for breadsticks marinara large,10,g,0,mg,960,g,22,g,3,g,1,g,0,g,3,g,13,g,,,,
273,olive garden,dolcini chocolate mousse,18,g,55,mg,125,g,18,g,2,g,10,g,0,g,1,g,12,g,,,,
274,olive garden,dolcini strawberry and white chocolate,11,g,30,mg,100,g,23,g,1,g,6,g,0,g,0,g,18,g,,,,
275,olive garden,dr pepper,0,g,0,mg,55,g,41,g,0,g,0,g,0,g,0,g,41,g,,,,
276,olive garden,eggplant parmigiana,54,g,45,mg,1990,g,113,g,30,g,12,g,0,g,11,g,23,g,,,,
277,olive garden,fettuccine alfredo,90,g,285,mg,1210,g,95,g,30,g,55,g,2,g,4,g,5,g,,,,
278,olive garden,five cheese ziti al forno,71,g,185,mg,2160,g,103,g,45,g,36,g,1,g,6,g,19,g,,,,
279,olive garden,fresh brewed tea,0,g,0,mg,5,g,1,g,0,g,0,g,0,g,0,g,0,g,,,,
280,olive garden,fried mozzarella,49,g,65,mg,1990,g,57,g,33,g,17,g,0,g,4,g,3,g,,,,
281,olive garden,fried mozzarella add marinara,2.5,g,0,mg,240,g,6,g,1,g,0,g,0,g,1,g,3,g,,,,
282,olive garden,frozen cappuccino caramel,11,g,35,mg,55,g,54,g,3,g,7,g,0,g,0,g,51,g,,,,
283,olive garden,frozen cappuccino traditional,11,g,35,mg,55,g,67,g,3,g,7,g,0,g,0,g,63,g,,,,
284,olive garden,frozen cappuccino vanilla,11,g,35,mg,55,g,53,g,3,g,7,g,0,g,0,g,50,g,,,,
285,olive garden,giant cheese stuffed shells,68,g,210,mg,2260,g,91,g,44,g,39,g,1.5,g,6,g,22,g,,,,
286,olive garden,gluten sensitive menu 6 oz tuscan sirloin,12,g,120,mg,1340,g,8,g,46,g,5,g,0.5,g,4,g,3,g,,,,
287,olive garden,gluten sensitive menu grilled chicken parmigiana with rotini and marinara,34,g,250,mg,2730,g,64,g,74,g,13,g,0,g,7,g,13,g,,,,
288,olive garden,gluten sensitive menu herb grilled salmon,29,g,120,mg,1110,g,8,g,45,g,8,g,0,g,5,g,3,g,,,,
289,olive garden,gluten sensitive menu herb grilled salmon coho regional,15,g,120,mg,770,g,8,g,50,g,6,g,0,g,4,g,3,g,,,,
290,olive garden,gluten sensitive menu kids grilled chicken with rotini pasta and marinara,9,g,120,mg,1150,g,61,g,32,g,1,g,0,g,5,g,16,g,,,,
291,olive garden,gluten sensitive menu kids rotini pasta with marinara,6,g,50,mg,610,g,50,g,6,g,0,g,0,g,4,g,6,g,,,,
292,olive garden,gluten sensitive menu kids rotini pasta with meat sauce,11,g,80,mg,650,g,48,g,12,g,3.5,g,0,g,3,g,7,g,,,,
293,olive garden,gluten sensitive menu rotini pasta with marinara,13,g,100,mg,1220,g,99,g,12,g,1,g,0,g,8,g,13,g,,,,
294,olive garden,gluten sensitive menu rotini pasta with meat sauce,22,g,160,mg,1300,g,96,g,23,g,7,g,0,g,6,g,13,g,,,,
295,olive garden,gluten sensitive menu salad without croutons,8,g,5,mg,670,g,7,g,2,g,1.5,g,0,g,2,g,3,g,,,,
296,olive garden,gluten sensitive menu zuppa toscana soup u s only,15,g,40,mg,790,g,15,g,7,g,7,g,0,g,2,g,2,g,,,,
297,olive garden,grapefruit juice,0,g,0,mg,45,g,42,g,4,g,0,g,0,g,0,g,32,g,,,,
298,olive garden,green apple moscato sangria glass,0,g,0,mg,15,g,39,g,0,g,0,g,0,g,0,g,37,g,,,,
299,olive garden,green apple moscato sangria pitcher,0,g,0,mg,50,g,161,g,2,g,0,g,0,g,3,g,150,g,,,,
300,olive garden,grilled chicken margherita,27,g,185,mg,1930,g,14,g,65,g,10,g,0,g,6,g,5,g,,,,
301,olive garden,half gallon soups serves 6 chicken and gnocchi,93,g,460,mg,10280,g,177,g,88,g,38,g,2,g,10,g,31,g,,,,
302,olive garden,half gallon soups serves 6 minestrone,9,g,0,mg,6460,g,140,g,40,g,1.5,g,0,g,31,g,31,g,,,,
303,olive garden,half gallon soups serves 6 pasta e fagioli,44,g,140,mg,5690,g,131,g,62,g,17,g,2,g,24,g,29,g,,,,
304,olive garden,half gallon soups serves 6 stellini soup catering regional,59,g,160,mg,9910,g,180,g,73,g,21,g,1.5,g,11,g,15,g,,,,
305,olive garden,half gallon soups serves 6 zuppa toscana,117,g,300,mg,6350,g,123,g,59,g,52,g,1.5,g,15,g,17,g,,,,
306,olive garden,herb grilled salmon,29,g,120,mg,1110,g,8,g,45,g,8,g,0,g,5,g,3,g,,,,
307,olive garden,herb grilled salmon coho regional,15,g,120,mg,770,g,8,g,50,g,6,g,0,g,4,g,3,g,,,,
308,olive garden,iced coffee caramel,7,g,20,mg,90,g,40,g,7,g,4,g,0,g,0,g,31,g,,,,
309,olive garden,iced coffee traditional,7,g,20,mg,90,g,29,g,7,g,4,g,0,g,0,g,21,g,,,,
310,olive garden,iced coffee vanilla,7,g,20,mg,90,g,38,g,7,g,4,g,0,g,0,g,30,g,,,,
311,olive garden,iced tea bellini peach raspberry,0,g,0,mg,10,g,18,g,0,g,0,g,0,g,0,g,17,g,,,,
312,olive garden,iced tea blackberry pineapple,0,g,0,mg,15,g,24,g,0,g,0,g,0,g,0,g,23,g,,,,
313,olive garden,iced tea fresh brewed unsweetened,0,g,0,mg,10,g,1,g,0,g,0,g,0,g,0,g,0,g,,,,
314,olive garden,iced tea mango strawberry,0,g,0,mg,10,g,24,g,0,g,0,g,0,g,0,g,22,g,,,,
315,olive garden,italian dressing,8,g,5,mg,520,g,2,g,0,g,1.5,g,0,g,0,g,2,g,,,,
316,olive garden,italian margarita,0,g,0,mg,30,g,58,g,1,g,0,g,0,g,4,g,49,g,,,,
317,olive garden,italian rum punch,0,g,0,mg,30,g,48,g,0,g,0,g,0,g,3,g,41,g,,,,
318,olive garden,jack and coke,0,g,0,mg,5,g,6,g,0,g,0,g,0,g,0,g,6,g,,,,
319,olive garden,kids apple juice,0,g,0,mg,50,g,42,g,0,g,0,g,0,g,0,g,42,g,,,,
320,olive garden,kids cheese pizza,13,g,25,mg,720,g,54,g,17,g,7,g,0,g,3,g,4,g,,,,
321,olive garden,kids cheese pizza add pepperoni,5,g,10,mg,240,g,0,g,2,g,2,g,0,g,0,g,0,g,,,,
322,olive garden,kids cheese ravioli,16,g,50,mg,980,g,33,g,17,g,8,g,0,g,3,g,6,g,,,,
323,olive garden,kids chicken fingers and pasta,16,g,50,mg,720,g,42,g,24,g,1.5,g,0,g,2,g,5,g,,,,
324,olive garden,kids chocolate milk 1,2.5,g,10,mg,135,g,31,g,8,g,1.5,g,0,g,0,g,29,g,,,,
325,olive garden,kids cranberry juice,0,g,0,mg,50,g,45,g,0,g,0,g,0,g,0,g,45,g,,,,
326,olive garden,kids create your own pasta alfredo sauce,43,g,140,mg,600,g,5,g,8,g,27,g,1,g,0,g,1,g,,,,
327,olive garden,kids create your own pasta fettuccine,1.5,g,0,mg,5,g,42,g,7,g,0,g,0,g,2,g,2,g,,,,
328,olive garden,kids create your own pasta grilled chicken,2.5,g,75,mg,540,g,1,g,26,g,0.5,g,0,g,0,g,0,g,,,,
329,olive garden,kids create your own pasta meat sauce,7,g,25,mg,390,g,7,g,5,g,2.5,g,0,g,1,g,5,g,,,,
330,olive garden,kids create your own pasta meatball,13,g,20,mg,350,g,2,g,8,g,6,g,0.5,g,1,g,0,g,,,,
331,olive garden,kids create your own pasta shrimp,0,g,75,mg,130,g,0,g,10,g,0,g,0,g,0,g,0,g,,,,
332,olive garden,kids create your own pasta small shells,2,g,0,mg,5,g,42,g,7,g,0,g,0,g,2,g,2,g,,,,
333,olive garden,kids create your own pasta spaghetti,1.5,g,0,mg,5,g,33,g,6,g,0,g,0,g,1,g,2,g,,,,
334,olive garden,kids create your own pasta tomato sauce,5,g,0,mg,420,g,8,g,1,g,0.5,g,0,g,1,g,5,g,,,,
335,olive garden,kids fettuccine pasta,1.5,g,0,mg,35,g,0,g,6,g,0,g,0,g,1,g,1,g,,,,
336,olive garden,kids french fries,13,g,5,mg,400,g,32,g,5,g,1.5,g,0,g,5,g,1,g,,,,
337,olive garden,kids french fries add ketchup,0,g,0,mg,640,g,20,g,1,g,0,g,0,g,1,g,16,g,,,,
338,olive garden,kids grapes,0,g,0,mg,0,g,11,g,0,g,0,g,0,g,1,g,9,g,,,,
339,olive garden,kids macaroni and cheese,14,g,40,mg,870,g,45,g,16,g,8,g,0,g,2,g,6,g,,,,
340,olive garden,kids milk 1,2.5,g,10,mg,105,g,12,g,8,g,1.5,g,0,g,0,g,12,g,,,,
341,olive garden,kids orange juice,0,g,0,mg,10,g,40,g,3,g,0,g,0,g,0,g,36,g,,,,
342,olive garden,kids peach smoothie,0,g,0,mg,10,g,49,g,0,g,0,g,0,g,0,g,47,g,,,,
343,olive garden,kids pineapple juice,0,g,0,mg,5,g,48,g,1,g,0,g,0,g,1,g,45,g,,,,
344,olive garden,kids raspberry lemonade,0,g,0,mg,10,g,7,g,0,g,0,g,0,g,0,g,6,g,,,,
345,olive garden,kids spaghetti with tomato sauce,4.5,g,0,mg,290,g,30,g,5,g,0.5,g,0,g,2,g,5,g,,,,
346,olive garden,kids steamed broccoli,0,g,0,mg,35,g,7,g,4,g,0,g,0,g,4,g,3,g,,,,
347,olive garden,kids sundae with chocolate sauce,8,g,30,mg,45,g,28,g,2,g,5,g,0,g,1,g,22,g,,,,
348,olive garden,lasagna classico,55,g,200,mg,2260,g,61,g,54,g,30,g,1,g,6,g,11,g,,,,
349,olive garden,lasagna fritta,76,g,185,mg,1800,g,75,g,39,g,31,g,1.5,g,5,g,6,g,,,,
350,olive garden,lavazza espresso,1.5,g,15,mg,15,g,6,g,5,g,0,g,0,g,1,g,3,g,,,,
351,olive garden,lemonade classic,0,g,0,mg,20,g,43,g,0,g,0,g,0,g,0,g,42,g,,,,
352,olive garden,lemonade raspberry,0,g,0,mg,10,g,10,g,0,g,0,g,0,g,0,g,9,g,,,,
353,olive garden,light draft beers 16 oz,0,g,0,mg,15,g,6,g,1,g,0,g,0,g,0,g,6,g,,,,
354,olive garden,light draft beers 22 oz,0,g,0,mg,20,g,8,g,2,g,0,g,0,g,0,g,8,g,,,,
355,olive garden,limonata kiwi melon,0,g,0,mg,20,g,56,g,0,g,0,g,0,g,0,g,52,g,,,,
356,olive garden,limonata strawberry passion fruit,0,g,0,mg,30,g,48,g,0,g,0,g,0,g,0,g,44,g,,,,
357,olive garden,low fat italian dressing,2,g,5,mg,410,g,2,g,0,g,0,g,0,g,0,g,2,g,,,,
358,olive garden,lunch sized favorites cheese ravioli with marinara sauce,22,g,75,mg,1210,g,40,g,24,g,11,g,0,g,3,g,5,g,,,,
359,olive garden,lunch sized favorites cheese ravioli with meat sauce,26,g,100,mg,1240,g,39,g,29,g,14,g,0,g,2,g,6,g,,,,
360,olive garden,lunch sized favorites chicken parmigiana,29,g,75,mg,1740,g,65,g,35,g,7,g,0,g,5,g,12,g,,,,
361,olive garden,lunch sized favorites eggplant parmigiana,32,g,30,mg,1330,g,74,g,21,g,7,g,0,g,7,g,13,g,,,,
362,olive garden,lunch sized favorites fettuccine alfredo,45,g,140,mg,610,g,47,g,15,g,27,g,1,g,2,g,3,g,,,,
363,olive garden,lunch sized favorites five cheese ziti al forno,37,g,90,mg,1100,g,57,g,25,g,19,g,0.5,g,4,g,9,g,,,,
364,olive garden,lunch sized favorites lasagna classico,30,g,105,mg,1290,g,33,g,29,g,16,g,0.5,g,3,g,7,g,,,,
365,olive garden,lunch sized favorites shrimp scampi,19,g,105,mg,850,g,53,g,20,g,7,g,0.5,g,4,g,5,g,,,,
366,olive garden,lunch sized favorites spaghetti with marinara sauce,7,g,0,mg,490,g,53,g,9,g,0,g,0,g,3,g,9,g,,,,
367,olive garden,lunch sized favorites spaghetti with meat sauce,12,g,30,mg,530,g,51,g,14,g,3.5,g,0,g,3,g,9,g,,,,
368,olive garden,lunch sized favorites spaghetti with meat sauce and meatballs,38,g,75,mg,1230,g,56,g,30,g,17,g,1.5,g,4,g,9,g,,,,
369,olive garden,minestrone soup,1,g,0,mg,810,g,17,g,5,g,0,g,0,g,4,g,4,g,,,,
370,olive garden,minute maid lemonade,0,g,0,mg,20,g,43,g,0,g,0,g,0,g,0,g,42,g,,,,
371,olive garden,mojito,0,g,0,mg,25,g,42,g,0,g,0,g,0,g,1,g,39,g,,,,
372,olive garden,old fashioned,0,g,0,mg,0,g,9,g,0,g,0,g,0,g,0,g,10,g,,,,
373,olive garden,one gallon soups serves 12 chicken and gnocchi,186,g,915,mg,20570,g,353,g,175,g,76,g,4,g,20,g,63,g,,,,
374,olive garden,one gallon soups serves 12 minestrone,18,g,0,mg,12920,g,279,g,81,g,2.5,g,0,g,63,g,63,g,,,,
375,olive garden,one gallon soups serves 12 pasta fagioli,87,g,280,mg,11380,g,261,g,124,g,33,g,4,g,47,g,59,g,,,,
376,olive garden,one gallon soups serves 12 stellini soup catering regional,118,g,320,mg,19820,g,359,g,145,g,43,g,3,g,22,g,31,g,,,,
377,olive garden,one gallon soups serves 12 zuppa toscana,234,g,600,mg,12700,g,246,g,118,g,105,g,2.5,g,29,g,33,g,,,,
378,olive garden,orange juice,0,g,0,mg,10,g,51,g,4,g,0,g,0,g,0,g,45,g,,,,
379,olive garden,pasta fagioli soup,5,g,15,mg,710,g,16,g,8,g,2,g,0,g,3,g,4,g,,,,
380,olive garden,peach bellini,0,g,0,mg,10,g,23,g,1,g,0,g,0,g,0,g,21,g,,,,
381,olive garden,pineapple juice,0.5,g,0,mg,10,g,60,g,2,g,0,g,0,g,1,g,56,g,,,,
382,olive garden,pumpkin cheesecake,51,g,220,mg,610,g,69,g,13,g,30,g,2,g,4,g,45,g,,,,
383,olive garden,red wines bottle,0,g,0,mg,0,g,21,g,1,g,0,g,0,g,0,g,5,g,,,,
384,olive garden,red wines glass,0,g,0,mg,0,g,5,g,0,g,0,g,0,g,0,g,1,g,,,,
385,olive garden,red wines grande pour,0,g,0,mg,0,g,8,g,0,g,0,g,0,g,0,g,2,g,,,,
386,olive garden,regular draft beers 16 oz,0,g,0,mg,5,g,16,g,3,g,0,g,0,g,0,g,14,g,,,,
387,olive garden,regular draft beers 22 oz,0,g,0,mg,5,g,22,g,4,g,0,g,0,g,0,g,20,g,,,,
388,olive garden,salad with signature italian dressing,10,g,5,mg,770,g,13,g,3,g,1.5,g,0,g,2,g,4,g,,,,
389,olive garden,salad without dressing,2,g,0,mg,250,g,11,g,2,g,0,g,0,g,2,g,2,g,,,,
390,olive garden,seafood alfredo,91,g,435,mg,1690,g,97,g,56,g,55,g,2,g,4,g,5,g,,,,
391,olive garden,seasonal sicilian cheesecake,42,g,155,mg,440,g,78,g,12,g,26,g,1.5,g,2,g,64,g,,,,
392,olive garden,shrimp alfredo,91,g,525,mg,1620,g,96,g,63,g,55,g,2,g,4,g,6,g,,,,
393,olive garden,shrimp scampi,20,g,165,mg,960,g,54,g,29,g,7,g,0.5,g,4,g,5,g,,,,
394,olive garden,smoothie peach,0,g,0,mg,15,g,74,g,0,g,0,g,0,g,0,g,71,g,,,,
395,olive garden,smoothie strawberry banana,0,g,0,mg,0,g,51,g,0,g,0,g,0,g,0,g,47,g,,,,
396,olive garden,sparkling prosecco wines bottle,0,g,0,mg,0,g,21,g,1,g,0,g,0,g,0,g,5,g,,,,
397,olive garden,sparkling prosecco wines glass,0,g,0,mg,10,g,10,g,1,g,0,g,0,g,0,g,10,g,,,,
398,olive garden,spiked strawberry lemonade,0,g,0,mg,10,g,21,g,0,g,0,g,0,g,0,g,20,g,,,,
399,olive garden,spinach artichoke dip with flatbread crisps,76,g,75,mg,2170,g,70,g,37,g,21,g,1,g,8,g,7,g,,,,
400,olive garden,sprite,0,g,0,mg,65,g,38,g,0,g,0,g,0,g,0,g,38,g,,,,
401,olive garden,steak alfredo,56,g,260,mg,1680,g,48,g,57,g,32,g,1.5,g,2,g,3,g,,,,
402,olive garden,stellini soup regional,7,g,20,mg,1240,g,22,g,9,g,2.5,g,0,g,1,g,2,g,,,,
403,olive garden,strawberry bellini,0,g,0,mg,10,g,22,g,1,g,0,g,0,g,1,g,20,g,,,,
404,olive garden,stuffed chicken marsala,58,g,245,mg,35,g,1920,g,71,g,26,g,1,g,4,g,8,g,,,,
405,olive garden,stuffed ziti fritta,26,g,60,mg,1040,g,40,g,27,g,11,g,0,g,3,g,1,g,,,,
406,olive garden,stuffed ziti fritta add alfredo,22,g,70,mg,300,g,3,g,4,g,14,g,0.5,g,0,g,1,g,,,,
407,olive garden,stuffed ziti fritta add marinara,2.5,g,0,mg,240,g,6,g,1,g,0,g,0,g,1,g,3,g,,,,
408,olive garden,tiramisu,27,g,215,mg,125,g,54,g,6,g,17,g,0,g,0,g,35,g,,,,
409,olive garden,to go and catering chicken and gnocchi per one serving serves two,12,g,55,mg,1290,g,22,g,11,g,4.5,g,0,g,1,g,4,g,,,,
410,olive garden,to go and catering famous house salad to go,17,g,10,mg,1380,g,30,g,8,g,2.5,g,0,g,6,g,10,g,,,,
411,olive garden,to go and catering fettuccine alfredo,56,g,155,mg,850,g,97,g,30,g,34,g,1.5,g,7,g,5,g,,,,
412,olive garden,to go and catering five cheese ziti al forno,71,g,185,mg,2160,g,103,g,45,g,36,g,1,g,6,g,19,g,,,,
413,olive garden,to go and catering jumbo famous house salad,114,g,55,mg,8260,g,134,g,30,g,17,g,1.5,g,17,g,36,g,,,,
414,olive garden,to go and catering minestrone per one serving serves two,1,g,0,mg,810,g,17,g,5,g,0,g,0,g,4,g,4,g,,,,
415,olive garden,to go and catering pasta fagioli per one serving serves two,5,g,15,mg,710,g,16,g,8,g,2,g,0,g,3,g,4,g,,,,
416,olive garden,to go and catering spaghetti with meat sauce,22,g,60,mg,1050,g,85,g,26,g,7,g,0,g,4,g,17,g,,,,
417,olive garden,to go and catering stellini soup per one serving serves two,7,g,20,mg,1240,g,22,g,9,g,2.5,g,0,g,1,g,2,g,,,,
418,olive garden,to go and catering stuffed fettuccine alfredo,90,g,325,mg,2100,g,83,g,52,g,56,g,2.5,g,4,g,4,g,,,,
419,olive garden,to go and catering zuppa toscana per one serving serves two,15,g,40,mg,790,g,15,g,7,g,7,g,0,g,2,g,2,g,,,,
420,olive garden,toasted ravioli,30,g,45,mg,1420,g,71,g,25,g,6,g,0.5,g,6,g,3,g,,,,
421,olive garden,toasted ravioli add marinara,2.5,g,0,mg,240,g,6,g,1,g,0,g,0,g,1,g,3,g,,,,
422,olive garden,tomato juice,0,g,0,mg,1280,g,19,g,4,g,0,g,0,g,4,g,13,g,,,,
423,olive garden,tour of italy,98,g,325,mg,3150,g,99,g,72,g,50,g,1.5,g,7,g,12,g,,,,
424,olive garden,warm italian doughnuts,28,g,0,mg,510,g,119,g,20,g,3.5,g,0,g,6,g,25,g,,,,
425,olive garden,warm italian doughnuts add chocolate sauce,3,g,10,mg,110,g,48,g,2,g,2,g,0,g,1,g,42,g,,,,
426,olive garden,warm italian doughnuts add raspberry sauce,0,g,0,mg,10,g,51,g,0,g,0,g,0,g,0,g,35,g,,,,
427,olive garden,watermelon margarita,0,g,0,mg,10,g,29,g,0,g,0,g,0,g,1,g,25,g,,,,
428,olive garden,watermelon moscato sangria glass,0,g,0,mg,15,g,34,g,0,g,0,g,0,g,0,g,31,g,,,,
429,olive garden,watermelon moscato sangria pitcher,0,g,0,mg,60,g,138,g,1,g,0,g,0,g,3,g,128,g,,,,
430,olive garden,white and rose wines bottle,0,g,0,mg,35,g,16,g,1,g,0,g,0,g,0,g,7,g,,,,
431,olive garden,white and rose wines glass,0,g,0,mg,10,g,4,g,0,g,0,g,0,g,0,g,2,g,,,,
432,olive garden,white and rose wines grande pour,0,g,0,mg,15,g,6,g,0,g,0,g,0,g,0,g,3,g,,,,
433,olive garden,zuppa toscana soup,15,g,40,mg,790,g,15,g,7,g,7,g,0,g,2,g,2,g,,,,
434,on the border,tortilla chips,13,g,0,mg,25,g,31,g,3,g,3,g,0,g,3,g,0,g,,,,
435,on the border,seasoned ground beef empanadas as served,79,g,75,mg,2250,g,76,g,38,g,34,g,2,g,7,g,8,g,,,,
436,on the border,chicken fajita quesadillas as served,82,g,180,mg,2660,g,59,g,57,g,32,g,2,g,4,g,5,g,,,,
437,on the border,signature queso bowl without chips,34,g,110,mg,2420,g,15,g,23,g,22,g,0,g,1,g,13,g,,,,
438,on the border,chicken grande fajita nachos as served,95,g,285,mg,4160,g,90,g,95,g,46,g,1.5,g,14,g,5,g,,,,
439,on the border,chicken tinga empanadas as served,70,g,125,mg,2140,g,78,g,39,g,36,g,1.5,g,7,g,8,g,,,,
440,on the border,firecracker stuffed jalapenos as served,61,g,145,mg,4180,g,48,g,43,g,34,g,1,g,14,g,10,g,,,,
441,on the border,ground beef empanadas 2 as served,35,g,40,mg,1110,g,32,g,17,g,16,g,1,g,3,g,4,g,,,,
442,on the border,steak grande fajita nachos as served,124,g,235,mg,3060,g,85,g,93,g,60,g,2.5,g,14,g,8,g,,,,
443,on the border,steak fajita quesadillas as served,97,g,155,mg,2120,g,56,g,55,g,39,g,2.5,g,4,g,7,g,,,,
444,on the border,stacked nachos as served,150,g,215,mg,3980,g,184,g,80,g,59,g,1.5,g,25,g,14,g,,,,
445,on the border,ground beef mini crispy tacos 3 as served,23,g,45,mg,600,g,24,g,18,g,9,g,0.5,g,4,g,2,g,,,,
446,on the border,border sampler as served,145,g,300,mg,4620,g,113,g,101,g,66,g,3,g,9,g,11,g,,,,
447,on the border,veggie quesadillas as served,87,g,130,mg,1810,g,66,g,41,g,33,g,2,g,6,g,10,g,,,,
448,on the border,chicken tinga empanadas 2 as served,31,g,60,mg,1070,g,33,g,18,g,16,g,0.5,g,3,g,4,g,,,,
449,on the border,primo style signature queso cup add on,4,g,10,mg,110,g,1,g,3,g,1.5,g,0,g,1,g,0,g,,,,
450,on the border,guacamole live without chips as served,68,g,0,mg,1160,g,48,g,15,g,8,g,0,g,16,g,1,g,,,,
451,on the border,brisket quesadillas as served,88,g,175,mg,3470,g,77,g,58,g,35,g,2,g,6,g,21,g,,,,
452,on the border,chicken tinga mini crispy tacos 3 as served,15,g,55,mg,540,g,22,g,16,g,5,g,0,g,3,g,3,g,,,,
453,on the border,signature queso cup with chips as served,21,g,70,mg,1510,g,10,g,14,g,14,g,0,g,1,g,5,g,,,,
454,on the border,stuffed jalapenos 3 as served,33,g,80,mg,2240,g,25,g,23,g,18,g,0,g,7,g,6,g,,,,
455,on the border,spinach and mushroom quesadillas as served,83,g,120,mg,2180,g,65,g,42,g,31,g,2,g,7,g,8,g,,,,
456,on the border,signature queso cup without chips,21,g,70,mg,1510,g,10,g,14,g,14,g,0,g,1,g,8,g,,,,
457,on the border,guacamole with chips,20,g,0,mg,200,g,37,g,5,g,4,g,0,g,5,g,1,g,,,,
458,on the border,ground beef mini chimis 2 as served,33,g,55,mg,1630,g,40,g,26,g,16,g,1,g,5,g,7,g,,,,
459,on the border,chicken tinga cantina nachos as served,54,g,110,mg,1980,g,58,g,35,g,23,g,0,g,9,g,7,g,,,,
460,on the border,border style signature queso cup without chips,12,g,35,mg,1060,g,8,g,7,g,7,g,0,g,0,g,5,g,,,,
461,on the border,border style signature queso bowl without chips,19,g,55,mg,1700,g,12,g,11,g,11,g,0,g,1,g,8,g,,,,
462,on the border,ground beef cantina nachos as served,59,g,105,mg,2020,g,59,g,37,g,26,g,1,g,10,g,7,g,,,,
463,on the border,chicken tinga mini chimis 2 as served,32,g,90,mg,1460,g,39,g,28,g,17,g,0,g,0,g,4,g,,,,
464,on the border,cheese quesadillas as served,76,g,130,mg,1480,g,44,g,36,g,35,g,2,g,3,g,3,g,,,,
465,on the border,guacamole queso duo as served,43,g,70,mg,1950,g,28,g,19,g,16,g,0,g,6,g,9,g,,,,
466,on the border,queso guacamole duo with chips as served,41,g,70,mg,1710,g,46,g,19,g,18,g,0,g,6,g,9,g,,,,
467,on the border,primo style signature queso bowl add on,8,g,20,mg,220,g,3,g,5,g,3,g,0,g,1,g,1,g,,,,
468,on the border,guacamole without chips as served,22,g,0,mg,440,g,18,g,5,g,2.5,g,0,g,5,g,0,g,,,,
469,on the border,classic seasoned ground beef burrito without rice and beans,47,g,125,mg,2260,g,57,g,50,g,21,g,1.5,g,6,g,5,g,,,,
470,on the border,steak big bordurrito without rice and beans,102,g,90,mg,3910,g,160,g,69,g,31,g,2.5,g,14,g,14,g,,,,
471,on the border,classic chicken tinga burrito without rice and beans,29,g,135,mg,2140,g,54,g,44,g,13,g,0,g,3,g,7,g,,,,
472,on the border,three sauce fajita chicken burrito with rice without beans as served,40,g,0,mg,4540,g,118,g,71,g,17,g,0,g,6,g,0,g,,,,
473,on the border,chicken big bordurrito without rice and beans,73,g,140,mg,5000,g,165,g,72,g,16,g,1.5,g,14,g,12,g,,,,
474,on the border,salsa,0,g,0,mg,300,g,4,g,1,g,0,g,0,g,1,g,1,g,,,,
475,on the border,ranchero sauce,3.5,g,0,mg,530,g,10,g,2,g,0.5,g,0,g,2,g,3,g,,,,
476,on the border,sour cream sauce,10,g,25,mg,370,g,6,g,2,g,6,g,0,g,0,g,1,g,,,,
477,on the border,chili con carne sauce,6,g,30,mg,115,g,3,g,11,g,2.5,g,0,g,0,g,1,g,,,,
478,on the border,signature queso sauce,17,g,55,mg,1210,g,8,g,11,g,11,g,0,g,1,g,7,g,,,,
479,on the border,green chile sauce,2,g,0,mg,490,g,5,g,0,g,0,g,0,g,0,g,1,g,,,,
480,on the border,sopapillas 2 with honey,18,g,0,mg,410,g,111,g,6,g,5,g,0,g,2,g,76,g,,,,
481,on the border,caramel churros,36,g,110,mg,230,g,119,g,10,g,13,g,1,g,5,g,73,g,,,,
482,on the border,sopapillas 2 with chocolate syrup,19,g,0,mg,500,g,86,g,7,g,6,g,0,g,3,g,48,g,,,,
483,on the border,sopapillas without chocolate or honey,46,g,0,mg,1110,g,219,g,16,g,13,g,0,g,6,g,129,g,,,,
484,on the border,brownie sundae for one,32,g,75,mg,320,g,76,g,7,g,15,g,0,g,3,g,60,g,,,,
485,on the border,border brownie sundae,69,g,170,mg,690,g,165,g,16,g,32,g,1,g,7,g,129,g,,,,
486,on the border,enchilada suizas without rice or beans,44,g,165,mg,1890,g,53,g,42,g,22,g,1,g,7,g,9,g,,,,
487,on the border,border queso beef enchiladas without rice or beans,29,g,70,mg,1530,g,34,g,25,g,13,g,0.5,g,6,g,6,g,,,,
488,on the border,border smart chicken tinga tomatillo enchilada with cilantro lime rice as served,10,g,45,mg,1310,g,71,g,22,g,3,g,0,g,8,g,5,g,,,,
489,on the border,border smart spinach and mushroom tomatillo enchiladas with cilantro lime rice as served,9,g,0,mg,940,g,74,g,12,g,2.5,g,0,g,8,g,3,g,,,,
490,on the border,ranchiladas without rice or beans,70,g,265,mg,2560,g,42,g,86,g,37,g,1.5,g,6,g,8,g,,,,
491,on the border,classic grilled steak fajitas without rice beans tortillas and condiments,26,g,120,mg,1810,g,15,g,44,g,8,g,0.5,g,3,g,8,g,,,,
492,on the border,classic grilled chicken fajitas without rice beans tortillas or condiments,16,g,195,mg,1260,g,11,g,48,g,3,g,0,g,1,g,13,g,,,,
493,on the border,classic grilled shrimp fajitas without rice beans tortillas and condiments,28,g,100,mg,1710,g,11,g,19,g,6,g,0,g,2,g,5,g,,,,
494,on the border,classic portobello and vegetables fajitas without rice beans tortillas and condiments,11,g,0,mg,1020,g,24,g,6,g,1,g,0,g,5,g,8,g,,,,
495,on the border,carnitas fajitas without rice beans tortillas and condiments,79,g,120,mg,2070,g,11,g,47,g,16,g,2,g,1,g,7,g,,,,
496,on the border,monterey ranch chicken fajita without rice beans tortillas and condiments,48,g,275,mg,1870,g,11,g,67,g,17,g,1,g,1,g,13,g,,,,
497,on the border,ultimate fajitas without rice beans tortillas and condiments,91,g,200,mg,2690,g,25,g,58,g,21,g,2,g,5,g,15,g,,,,
498,on the border,kids mini sopapillas with honey,9,g,0,mg,200,g,55,g,3,g,2.5,g,0,g,1,g,38,g,,,,
499,on the border,kids cheese enchilada plate as served,39,g,85,mg,1860,g,80,g,38,g,19,g,0.5,g,9,g,2,g,,,,
500,on the border,kids chicken enchilada plate as served,24,g,55,mg,1940,g,82,g,26,g,10,g,0,g,10,g,3,g,,,,
501,on the border,big kids seasoned ground beef nachos as served,53,g,105,mg,1510,g,53,g,36,g,24,g,0.5,g,8,g,5,g,,,,
502,on the border,big kids chicken nachos as served,47,g,115,mg,1840,g,52,g,39,g,22,g,0,g,6,g,4,g,,,,
503,on the border,kids chicken quesadillas as served,83,g,145,mg,2660,g,92,g,49,g,33,g,1.5,g,6,g,14,g,,,,
504,on the border,kids cheese quesadilla as served,82,g,110,mg,2000,g,91,g,38,g,32,g,1.5,g,6,g,14,g,,,,
505,on the border,kids beef enchilada plate as served,28,g,50,mg,1850,g,82,g,32,g,11,g,0,g,10,g,3,g,,,,
506,on the border,kids strawberry lemonade,0,g,0,mg,10,g,33,g,1,g,0,g,0,g,1,g,31,g,,,,
507,on the border,kids cheesy chicken taquitos with queso seasonal fruit mini sopapilla and orange juice,14,g,40,mg,720,g,70,g,17,g,5,g,0,g,5,g,50,g,,,,
508,on the border,kids cranberry juice,0,g,0,mg,0,g,30,g,0,g,0,g,0,g,0,g,26,g,,,,
509,on the border,kids minute maid lemonade,0,g,0,mg,15,g,25,g,0,g,0,g,0,g,0,g,25,g,,,,
510,on the border,kids corn dog as served,26,g,15,mg,1150,g,77,g,9,g,6,g,0,g,5,g,17,g,,,,
511,on the border,kids border chicken strips as served,42,g,35,mg,2070,g,85,g,28,g,9,g,0,g,6,g,13,g,,,,
512,on the border,kids apple juice,0,g,0,mg,5,g,25,g,0,g,0,g,0,g,0,g,24,g,,,,
513,on the border,kids orange juice,0,g,0,mg,20,g,34,g,2,g,0,g,0,g,0,g,34,g,,,,
514,on the border,kids grilled chicken soft taco as served,20,g,55,mg,1910,g,90,g,29,g,7,g,0,g,11,g,4,g,,,,
515,on the border,kids ice cream sundae with chocolate syrup,16,g,35,mg,140,g,51,g,4,g,12,g,0.5,g,1,g,41,g,,,,
516,on the border,kids milk,6,g,25,mg,140,g,15,g,10,g,4,g,0,g,0,g,15,g,,,,
517,on the border,kids ice cream sundae with strawberry puree,16,g,35,mg,95,g,41,g,3,g,12,g,0.5,g,1,g,32,g,,,,
518,on the border,lunch size chicken fajitas without rice beans tortillas and condiments,15,g,145,mg,950,g,10,g,36,g,2.5,g,0,g,1,g,11,g,,,,
519,on the border,lunch borders best steak fajitas without rice beans tortillas and condiments,22,g,90,mg,1360,g,13,g,33,g,7,g,0.5,g,3,g,6,g,,,,
520,on the border,lunch size chicken quesadilla as served,47,g,110,mg,1610,g,33,g,33,g,18,g,1,g,3,g,4,g,,,,
521,on the border,lunch size brisket quesadilla as served,49,g,95,mg,1690,g,34,g,30,g,20,g,1,g,4,g,5,g,,,,
522,on the border,lunch borders best chicken fajitas southwest chicken tacos without rice beans tortillas and condiments,15,g,145,mg,950,g,10,g,36,g,2.5,g,0,g,1,g,11,g,,,,
523,on the border,lunch size steak quesadilla as served,57,g,90,mg,1250,g,32,g,32,g,23,g,1.5,g,3,g,5,g,,,,
524,on the border,shrimp skewer 3 shrimp add on,2.5,g,35,mg,380,g,1,g,6,g,0,g,0,g,0,g,0,g,,,,
525,on the border,classic chicken chimichanga with rice without rice and beans,43,g,145,mg,1970,g,57,g,48,g,21,g,0.5,g,10,g,6,g,,,,
526,on the border,grilled chicken border bowl as served,20,g,110,mg,2060,g,86,g,42,g,5,g,0,g,17,g,10,g,,,,
527,on the border,cheese chile relleno with ranchero sauce without rice and beans,32,g,40,mg,1300,g,35,g,19,g,16,g,0.5,g,10,g,6,g,,,,
528,on the border,soft chicken tinga taco without rice and beans,10,g,55,mg,830,g,23,g,17,g,5,g,0,g,2,g,3,g,,,,
529,on the border,grilled shrimp border bowl as served,17,g,80,mg,2280,g,86,g,32,g,4,g,0,g,17,g,5,g,,,,
530,on the border,grilled steak border bowl as served,25,g,70,mg,2330,g,88,g,40,g,8,g,0,g,18,g,7,g,,,,
531,on the border,seasoned ground beef enchiladas with chile con carne without rice and beans,18,g,50,mg,480,g,15,g,19,g,8,g,0,g,3,g,2,g,,,,
532,on the border,carne asada as served,65,g,135,mg,2770,g,58,g,49,g,20,g,1.5,g,7,g,11,g,,,,
533,on the border,crispy seasoned ground beef taco without rice and beans,20,g,45,mg,600,g,19,g,18,g,8,g,0.5,g,4,g,2,g,,,,
534,on the border,border smart chicken fajitas as served,13,g,90,mg,1370,g,73,g,51,g,2.5,g,0,g,18,g,8,g,,,,
535,on the border,cheese and onion enchiladas with chile con carne without rice and beans,24,g,65,mg,580,g,15,g,19,g,13,g,0,g,2,g,2,g,,,,
536,on the border,spinach and mushroom enchilada with sour cream sauce without rice and beans,14,g,25,mg,450,g,18,g,7,g,7,g,0,g,3,g,2,g,,,,
537,on the border,seasoned ground beef empanadas without rice and beans,35,g,40,mg,1110,g,32,g,17,g,16,g,1,g,3,g,4,g,,,,
538,on the border,chicken tinga enchilada with green chile sauce without rice and beans,10,g,40,mg,630,g,16,g,11,g,4,g,0,g,2,g,2,g,,,,
539,on the border,mexican grilled chicken with salsa fresca as served,17,g,120,mg,2260,g,63,g,59,g,3,g,0,g,9,g,13,g,,,,
540,on the border,chicken tinga enchilada with sour cream sauce without rice and beans,13,g,55,mg,570,g,16,g,12,g,7,g,0,g,2,g,2,g,,,,
541,on the border,classic seasoned ground beef chimichanga without rice and beans,55,g,90,mg,2340,g,66,g,50,g,27,g,1.5,g,23,g,6,g,,,,
542,on the border,three sauce fajita burrito without rice and beans,40,g,180,mg,4370,g,72,g,64,g,18,g,0,g,5,g,11,g,,,,
543,on the border,green chile carnitas chimichanga without rice and beans,107,g,190,mg,3160,g,60,g,72,g,32,g,2.5,g,3,g,7,g,,,,
544,on the border,grilled portobello border bowl as served,17,g,10,mg,1820,g,88,g,21,g,4,g,0,g,18,g,7,g,,,,
545,on the border,mini chicken chimi without rice and beans,19,g,55,mg,960,g,21,g,16,g,11,g,0,g,0,g,3,g,,,,
546,on the border,mexican grilled chicken with tomatillo sauce,17,g,205,mg,2050,g,63,g,70,g,3,g,0,g,10,g,10,g,,,,
547,on the border,chile relleno combo without rice and beans,46,g,95,mg,1820,g,44,g,36,g,22,g,1,g,10,g,6,g,,,,
548,on the border,soft seasoned ground beef taco without rice and beans,18,g,45,mg,890,g,24,g,20,g,9,g,0.5,g,3,g,2,g,,,,
549,on the border,grilled fiesta chicken as served,39,g,250,mg,2430,g,63,g,64,g,16,g,0,g,7,g,21,g,,,,
550,on the border,superior dinner combo without rice and beans,76,g,220,mg,2710,g,71,g,66,g,39,g,1.5,g,8,g,9,g,,,,
551,on the border,grilled california burrito without rice and beans,100,g,110,mg,2450,g,92,g,50,g,33,g,2.5,g,7,g,7,g,,,,
552,on the border,brisket tacos 3 without rice and beans,62,g,130,mg,3720,g,111,g,59,g,27,g,0.5,g,7,g,29,g,,,,
553,on the border,caribbean mango grilled fish as served,32,g,85,mg,1550,g,59,g,41,g,8,g,0.5,g,6,g,13,g,,,,
554,on the border,chicken tinga empanadas without rice and beans,31,g,60,mg,1070,g,33,g,18,g,16,g,0.5,g,3,g,4,g,,,,
555,on the border,chimichurri chicken and shrimp as served,31,g,205,mg,2190,g,55,g,53,g,10,g,0.5,g,6,g,14,g,,,,
556,on the border,crispy chicken tinga taco without rice and beans,11,g,55,mg,540,g,17,g,15,g,4,g,0,g,2,g,3,g,,,,
557,on the border,smoked jalapeno vinaigrette,24,g,0,mg,800,g,8,g,0,g,3.5,g,0,g,0,g,7,g,,,,
558,on the border,fat free mango citrus vinaigrette,0,g,0,mg,140,g,21,g,0,g,0,g,0,g,0,g,8,g,,,,
559,on the border,ranch dressing,24,g,20,mg,410,g,2,g,1,g,3.5,g,0,g,0,g,2,g,,,,
560,on the border,chipotle honey mustard dressing,31,g,25,mg,330,g,11,g,0,g,5,g,0,g,0,g,11,g,,,,
561,on the border,avocado ranch dressing,24,g,0,mg,800,g,8,g,0,g,3.5,g,0,g,0,g,7,g,,,,
562,on the border,chicken fajita salad without dressing,19,g,150,mg,1140,g,23,g,41,g,3.5,g,0,g,7,g,16,g,,,,
563,on the border,steak fajita salad without dressing,27,g,95,mg,1550,g,26,g,38,g,7,g,0,g,8,g,12,g,,,,
564,on the border,grande seasoned ground beef taco salad without dressing,48,g,80,mg,1680,g,40,g,31,g,17,g,1,g,10,g,9,g,,,,
565,on the border,grande chicken tinga taco salad without dressing,36,g,90,mg,1600,g,38,g,27,g,13,g,0,g,8,g,10,g,,,,
566,on the border,mango chicken salad with fat free citrus vinaigrette,4,g,55,mg,490,g,44,g,29,g,1.5,g,0,g,11,g,0,g,,,,
567,on the border,refried beans,2,g,0,mg,710,g,36,g,12,g,0,g,0,g,11,g,0,g,,,,
568,on the border,homemade flour tortillas 3,11,g,0,mg,900,g,57,g,9,g,6,g,0,g,3,g,0,g,,,,
569,on the border,mexican rice,6,g,0,mg,840,g,37,g,4,g,2,g,0,g,1,g,1,g,,,,
570,on the border,sauteed vegetables,8,g,0,mg,150,g,12,g,2,g,1.5,g,0,g,3,g,5,g,,,,
571,on the border,cilantro lime rice,2,g,0,mg,570,g,37,g,3,g,0,g,0,g,2,g,1,g,,,,
572,on the border,corn tortillas 3,2.5,g,0,mg,15,g,33,g,5,g,0,g,0,g,3,g,0,g,,,,
573,on the border,guacamole,4,g,0,mg,90,g,3,g,1,g,0,g,0,g,1,g,0,g,,,,
574,on the border,black beans,1,g,0,mg,670,g,36,g,11,g,0,g,0,g,10,g,0,g,,,,
575,on the border,french fries,18,g,0,mg,1000,g,74,g,6,g,4,g,0,g,6,g,13,g,,,,
576,on the border,mixed cheese,9,g,25,mg,170,g,0,g,7,g,6,g,0,g,0,g,0,g,,,,
577,on the border,pico de gallo,1,g,0,mg,130,g,1,g,0,g,0,g,0,g,0,g,1,g,,,,
578,on the border,house side salad without dressing,14,g,10,mg,320,g,26,g,6,g,4,g,0,g,5,g,3,g,,,,
579,on the border,sour cream,5,g,20,mg,15,g,1,g,1,g,3.5,g,0,g,0,g,1,g,,,,
580,on the border,chicken tortilla soup cup,18,g,50,mg,950,g,22,g,16,g,7,g,0,g,2,g,2,g,,,,
581,on the border,chicken tortilla soup bowl,26,g,80,mg,1870,g,44,g,25,g,9,g,0,g,3,g,4,g,,,,
582,on the border,southwest chicken tacos 2 without rice and beans,80,g,190,mg,1740,g,57,g,45,g,22,g,1,g,4,g,9,g,,,,
583,on the border,dos xx fish tacos 3 without rice and beans,103,g,145,mg,3660,g,106,g,43,g,30,g,1.5,g,5,g,6,g,,,,
584,on the border,brisket tacos 2 without rice and beans,42,g,90,mg,2670,g,80,g,39,g,18,g,0,g,5,g,24,g,,,,
585,on the border,street style mini chicken tacos without rice and beans,39,g,190,mg,1390,g,37,g,52,g,13,g,1,g,6,g,12,g,,,,
586,on the border,street style mini steak tacos without rice and beans,60,g,100,mg,1580,g,36,g,44,g,19,g,0.5,g,5,g,5,g,,,,
587,on the border,cabo grilled shrimp tacos without rice and beans,18,g,70,mg,870,g,35,g,18,g,1.5,g,0,g,6,g,5,g,,,,
588,on the border,grilled fish tacos del mar without rice and beans,14,g,40,mg,690,g,31,g,21,g,1.5,g,0,g,4,g,5,g,,,,
589,on the border,southwest chicken tacos 3 without rice and beans,106,g,275,mg,2450,g,84,g,67,g,31,g,1.5,g,5,g,13,g,,,,
590,on the border,dos xx fish tacos 2 without rice and beans,77,g,105,mg,2540,g,72,g,29,g,21,g,1,g,3,g,5,g,,,,
591,on the border,1800 mercedes margarita,0,g,0,mg,2840,g,36,g,0,g,0,g,0,g,0,g,28,g,,,,
592,on the border,add sauce chile con carne,64,g,0,mg,0,g,11,g,8,g,22,g,0,g,2,g,1,g,,,,
593,on the border,add sauce green chile sauce,1,g,0,mg,680,g,5,g,1,g,0,g,0,g,1,g,1,g,,,,
594,on the border,add sauce ranchero sauce,3.5,g,0,mg,530,g,10,g,2,g,0.5,g,0,g,2,g,3,g,,,,
595,on the border,add sauce signature queso,17,g,50,mg,1180,g,9,g,13,g,11,g,1,g,1,g,8,g,,,,
596,on the border,add sauce sour cream sauce,9,g,30,mg,340,g,5,g,2,g,5,g,0,g,0,g,1,g,,,,
597,on the border,add on shrimp skewer,4.5,g,40,mg,390,g,1,g,7,g,0,g,0,g,0,g,0,g,,,,
598,on the border,angry orchard hard cider,0,g,0,mg,0,g,25,g,0,g,0,g,0,g,0,g,20,g,,,,
599,on the border,assorted dessert bars,297,g,790,mg,2900,g,651,g,59,g,130,g,4,g,25,g,475,g,,,,
600,on the border,assorted dessert platter,362,g,830,mg,4680,g,1053,g,84,g,149,g,4.5,g,32,g,717,g,,,,
601,on the border,avocado ranch dressing,12,g,20,mg,250,g,2,g,1,g,3.5,g,0,g,1,g,2,g,,,,
602,on the border,avocado slices,7,g,0,mg,0,g,4,g,1,g,1,g,0,g,3,g,0,g,,,,
603,on the border,big kids nachos fajita chicken,42,g,120,mg,1770,g,44,g,38,g,20,g,0,g,5,g,5,g,,,,
604,on the border,big kids nachos seasoned ground beef,48,g,100,mg,1480,g,44,g,35,g,22,g,0.5,g,7,g,5,g,,,,
605,on the border,big as your mouth burrito carnitas,48,g,65,mg,2840,g,135,g,40,g,13,g,0.5,g,14,g,7,g,,,,
606,on the border,big as your mouth burrito chicken,29,g,100,mg,2540,g,135,g,45,g,9,g,0,g,14,g,9,g,,,,
607,on the border,big as your mouth burrito portobello mushroom,28,g,25,mg,2360,g,139,g,31,g,8,g,0,g,16,g,9,g,,,,
608,on the border,big as your mouth burrito steak,34,g,75,mg,2750,g,137,g,44,g,11,g,0,g,15,g,7,g,,,,
609,on the border,big as your mouth burrito veggie,33,g,25,mg,2590,g,141,g,30,g,9,g,0,g,16,g,10,g,,,,
610,on the border,black beans,1,g,0,mg,670,g,36,g,11,g,0,g,0,g,12,g,1,g,,,,
611,on the border,black beans 1 quart,7,g,0,mg,4040,g,216,g,64,g,1.5,g,0,g,69,g,3,g,,,,
612,on the border,blue curacao,0,g,0,mg,0,g,4,g,0,g,0,g,0,g,0,g,4,g,,,,
613,on the border,blue lagoon grande margarita,0,g,0,mg,2900,g,53,g,0,g,0,g,0,g,0,g,44,g,,,,
614,on the border,blue lagoon regular margarita,0,g,0,mg,2880,g,37,g,0,g,0,g,0,g,0,g,30,g,,,,
615,on the border,blue moon,0,g,0,mg,15,g,14,g,2,g,0,g,0,g,0,g,0,g,,,,
616,on the border,bohemia,0,g,0,mg,0,g,14,g,1,g,0,g,0,g,0,g,3,g,,,,
617,on the border,border bowls grilled chicken,20,g,110,mg,2030,g,86,g,42,g,5,g,0,g,18,g,10,g,,,,
618,on the border,border bowls grilled portobello,17,g,10,mg,1790,g,90,g,21,g,4,g,0,g,20,g,7,g,,,,
619,on the border,border bowls grilled shrimp,26,g,90,mg,2570,g,86,g,33,g,4.5,g,0,g,18,g,6,g,,,,
620,on the border,border bowls grilled steak,25,g,70,mg,2310,g,88,g,40,g,8,g,0,g,19,g,7,g,,,,
621,on the border,border brownie sundae,69,g,170,mg,640,g,164,g,16,g,32,g,1,g,7,g,128,g,,,,
622,on the border,border queso beef enchiladas,29,g,70,mg,1610,g,35,g,26,g,12,g,1,g,7,g,6,g,,,,
623,on the border,border queso 1 quart,67,g,180,mg,5800,g,48,g,44,g,38,g,2.5,g,3,g,30,g,,,,
624,on the border,border sampler,134,g,285,mg,4280,g,109,g,92,g,59,g,2,g,9,g,11,g,,,,
625,on the border,border smartsm chicken fajitas,13,g,90,mg,1500,g,80,g,53,g,2.5,g,0,g,20,g,8,g,,,,
626,on the border,borders best lunch fajitas chicken add fajita condiments,14,g,145,mg,920,g,11,g,36,g,2.5,g,0,g,1,g,11,g,,,,
627,on the border,borders best lunch fajitas steak add fajita condiments,22,g,90,mg,1330,g,14,g,34,g,6,g,0.5,g,3,g,7,g,,,,
628,on the border,borderita margarita,0,g,0,mg,2840,g,46,g,0,g,0,g,0,g,0,g,40,g,,,,
629,on the border,brisket quesadillas,88,g,170,mg,3130,g,76,g,54,g,36,g,1,g,5,g,19,g,,,,
630,on the border,brisket tacos 2,42,g,90,mg,2560,g,79,g,39,g,17,g,0,g,3,g,25,g,,,,
631,on the border,brisket tacos 3,62,g,130,mg,3560,g,110,g,58,g,25,g,0,g,4,g,31,g,,,,
632,on the border,brownie sundae for one,32,g,75,mg,300,g,76,g,7,g,14,g,0,g,3,g,60,g,,,,
633,on the border,bud light,0,g,0,mg,0,g,7,g,1,g,0,g,0,g,0,g,0,g,,,,
634,on the border,budweiser,0,g,0,mg,0,g,11,g,1,g,0,g,0,g,0,g,0,g,,,,
635,on the border,buffet fajita chicken,46,g,175,mg,2100,g,99,g,53,g,16,g,0,g,10,g,13,g,,,,
636,on the border,buffet fajita combo,50,g,150,mg,2200,g,99,g,51,g,18,g,0,g,11,g,11,g,,,,
637,on the border,buffet fajita grande portion chicken,49,g,225,mg,2270,g,107,g,65,g,18,g,0,g,10,g,15,g,,,,
638,on the border,buffet fajita grande portion combo,54,g,190,mg,2540,g,109,g,64,g,20,g,0.5,g,11,g,12,g,,,,
639,on the border,buffet fajita grande portion steak,59,g,150,mg,2810,g,111,g,62,g,23,g,0.5,g,12,g,9,g,,,,
640,on the border,buffet fajita portobello fajita,47,g,30,mg,1810,g,105,g,22,g,16,g,0,g,13,g,12,g,,,,
641,on the border,buffet fajita side beans black,0.5,g,0,mg,400,g,22,g,6,g,0,g,0,g,6,g,0,g,,,,
642,on the border,buffet fajita side beans refried,3.5,g,0,mg,310,g,18,g,6,g,0,g,0,g,6,g,0,g,,,,
643,on the border,buffet fajita side rice cilantro lime,1.5,g,0,mg,430,g,27,g,2,g,0,g,0,g,6,g,0,g,,,,
644,on the border,buffet fajita side rice mexican,5,g,0,mg,630,g,28,g,3,g,0,g,0,g,6,g,0,g,,,,
645,on the border,buffet fajita steak,53,g,120,mg,2400,g,101,g,50,g,20,g,0.5,g,12,g,9,g,,,,
646,on the border,buffet fajita the ultimate fajita,87,g,220,mg,3480,g,114,g,72,g,26,g,1.5,g,12,g,14,g,,,,
647,on the border,cabo grilled shrimp tacos,26,g,85,mg,950,g,31,g,20,g,2.5,g,0,g,7,g,5,g,,,,
648,on the border,cafe style mexican grill and cantina,8,g,0,mg,115,g,17,g,2,g,2,g,0,g,2,g,0,g,2,g,4.5,g
649,on the border,cafe style salsa,8,g,0,mg,230,g,17,g,2,g,1.5,g,0,g,1,g,1,g,2,g,4.5,g
650,on the border,cantina salsa,0,g,0,mg,150,g,2,g,0,g,0,g,0,g,0,g,1,g,,,,
651,on the border,cantina thins lightly seasoned tortilla chips,7,g,0,mg,210,g,16,g,2,g,1.5,g,0,g,2,g,0,g,,,,
652,on the border,caramel churros,32,g,105,mg,170,g,119,g,10,g,12,g,1,g,5,g,73,g,,,,
653,on the border,caribbean mango grilled fish,31,g,85,mg,1670,g,55,g,41,g,8,g,0.5,g,5,g,13,g,,,,
654,on the border,carne asada,65,g,135,mg,2920,g,55,g,49,g,20,g,1.5,g,6,g,10,g,,,,
655,on the border,catering caramel churros,64,g,150,mg,240,g,241,g,18,g,10,g,1.5,g,13,g,137,g,,,,
656,on the border,catering chocolate walnut brownies,326,g,675,mg,3010,g,652,g,65,g,138,g,2,g,35,g,520,g,,,,
657,on the border,catering flavored iced tea mango,0,g,0,mg,35,g,145,g,0,g,0,g,0,g,0,g,138,g,,,,
658,on the border,catering flavored iced tea peach,0,g,0,mg,0,g,192,g,0,g,0,g,0,g,0,g,192,g,,,,
659,on the border,catering mini sopapillas platter,110,g,0,mg,2640,g,486,g,39,g,32,g,0,g,14,g,272,g,,,,
660,on the border,catering border bowls add shrimp skewer,5,g,50,mg,430,g,1,g,10,g,0,g,0,g,0,g,0,g,,,,
661,on the border,catering border bowls grilled chicken,38,g,160,mg,3120,g,156,g,61,g,9,g,0,g,27,g,15,g,,,,
662,on the border,catering border bowls grilled combo,42,g,130,mg,3330,g,157,g,60,g,11,g,0,g,27,g,13,g,,,,
663,on the border,catering border bowls grilled portobello mushroom,35,g,10,mg,2760,g,158,g,29,g,8,g,0,g,28,g,12,g,,,,
664,on the border,catering border bowls grilled shrimp,45,g,115,mg,3600,g,155,g,46,g,8,g,0,g,27,g,9,g,,,,
665,on the border,catering border bowls grilled steak,46,g,100,mg,3530,g,159,g,58,g,13,g,0,g,28,g,11,g,,,,
666,on the border,chambord,0,g,0,mg,0,g,2,g,0,g,0,g,0,g,0,g,2,g,,,,
667,on the border,cheese chile relleno with ranchero sauce,32,g,40,mg,1370,g,36,g,19,g,16,g,0.5,g,10,g,7,g,,,,
668,on the border,chicken tenders 1,10,g,10,mg,410,g,10,g,8,g,2,g,0,g,1,g,0,g,,,,
669,on the border,chicken tinga empanada 1 dozen,147,g,235,mg,3680,g,179,g,81,g,73,g,4,g,15,g,10,g,,,,
670,on the border,chicken tortilla soup bowl,58,g,25,mg,1200,g,46,g,28,g,18,g,0,g,5,g,4,g,,,,
671,on the border,chicken tortilla soup cup,34,g,25,mg,620,g,24,g,18,g,12,g,0,g,3,g,2,g,,,,
672,on the border,chile relleno combo,55,g,95,mg,2080,g,46,g,35,g,25,g,1,g,12,g,6,g,,,,
673,on the border,chilled fajita wrap chilled fajita wrap and salad combo add house or confetti rice salad,44,g,30,mg,2160,g,90,g,21,g,11,g,0.5,g,9,g,14,g,,,,
674,on the border,chilled fajita wrap steak,40,g,125,mg,2180,g,85,g,42,g,11,g,0.5,g,7,g,15,g,,,,
675,on the border,chilled fajita wrap veggie,52,g,105,mg,2250,g,84,g,41,g,15,g,1,g,8,g,10,g,,,,
676,on the border,chimichurri chicken and shrimp,28,g,200,mg,2210,g,51,g,51,g,6,g,0,g,4,g,13,g,,,,
677,on the border,chipotle honey mustard dressing,31,g,25,mg,320,g,12,g,1,g,5,g,0,g,0,g,12,g,,,,
678,on the border,chips and salsa,19,g,0,mg,470,g,51,g,5,g,4.5,g,0,g,6,g,3,g,,,,
679,on the border,chips fiesta dippin,6,g,0,mg,115,g,19,g,2,g,1,g,0,g,1,g,0,g,1.5,g,3.5,g
680,on the border,chocolate pecan dessert,20,g,45,mg,100,g,34,g,3,g,7,g,0,g,2,g,23,g,,,,
681,on the border,chunky salsa medium,0,g,0,mg,220,g,2,g,0,g,0,g,0,g,0.5,g,1,g,,,,
682,on the border,cilantro lime rice side,2,g,0,mg,570,g,37,g,3,g,0,g,0,g,2,g,1,g,,,,
683,on the border,cilantro lime rice 1 quart,15,g,0,mg,4250,g,275,g,25,g,3,g,0,g,12,g,4,g,,,,
684,on the border,classic burrito without sauce chicken tinga,77,g,55,mg,1100,g,56,g,47,g,28,g,0,g,3,g,5,g,,,,
685,on the border,classic burrito without sauce seasoned ground beef,47,g,125,mg,2110,g,55,g,48,g,23,g,1,g,5,g,4,g,,,,
686,on the border,classic chimichanga without sauce chicken tinga,43,g,145,mg,1970,g,57,g,48,g,21,g,0,g,10,g,6,g,,,,
687,on the border,classic chimichanga without sauce seasoned ground beef,55,g,90,mg,2340,g,66,g,50,g,27,g,1.5,g,23,g,6,g,,,,
688,on the border,coca cola,0,g,0,mg,60,g,51,g,0,g,0,g,0,g,0,g,51,g,,,,
689,on the border,cointreau,0,g,0,mg,0,g,8,g,0,g,0,g,0,g,0,g,8,g,,,,
690,on the border,coke zero,0,g,0,mg,35,g,0,g,0,g,0,g,0,g,0,g,0,g,,,,
691,on the border,confetti rice salad,8,g,0,mg,550,g,25,g,3,g,1.5,g,0,g,2,g,2,g,,,,
692,on the border,coors light,0,g,0,mg,10,g,5,g,0,g,0,g,0,g,0,g,0,g,,,,
693,on the border,corn tortillas 3,2,g,0,mg,10,g,35,g,4,g,0,g,0,g,3,g,1,g,,,,
694,on the border,corona extra,0,g,0,mg,15,g,14,g,1,g,0,g,0,g,0,g,4,g,,,,
695,on the border,corona light,0,g,0,mg,0,g,5,g,1,g,0,g,0,g,0,g,0,g,,,,
696,on the border,coronarita margarita,0,g,0,mg,2890,g,48,g,0,g,0,g,0,g,0,g,35,g,,,,
697,on the border,creamy monterey jack queso,3,g,2,mg,260,g,4,g,1,g,1,g,0,g,0,g,0.5,g,0.5,g,1,g
698,on the border,create your own enchiladas cheese and onion with chile con carne,52,g,50,mg,510,g,21,g,17,g,22,g,0,g,3,g,2,g,,,,
699,on the border,create your own enchiladas chicken tinga with green chile sauce,25,g,15,mg,430,g,17,g,13,g,8,g,0,g,3,g,2,g,,,,
700,on the border,create your own enchiladas chicken tinga with sour cream sauce,29,g,25,mg,260,g,17,g,14,g,11,g,0,g,2,g,2,g,,,,
701,on the border,create your own enchiladas ground beef with chile con carne,46,g,35,mg,420,g,20,g,17,g,17,g,0.5,g,4,g,2,g,,,,
702,on the border,create your own enchiladas spinach and mushroom with sour cream sauce,14,g,25,mg,470,g,19,g,7,g,6,g,0,g,3,g,2,g,,,,
703,on the border,create your own platter chicken tender,10,g,10,mg,410,g,10,g,8,g,2,g,0,g,1,g,0,g,,,,
704,on the border,create your own platter empanada chicken tinga,12,g,20,mg,310,g,15,g,7,g,6,g,0,g,1,g,1,g,,,,
705,on the border,create your own platter empanada seasoned ground beef,14,g,10,mg,330,g,14,g,6,g,6,g,0,g,1,g,1,g,,,,
706,on the border,create your own platter mini chimichanga chicken tinga,13,g,35,mg,500,g,18,g,12,g,7,g,0,g,0,g,1,g,,,,
707,on the border,create your own platter mini chimichanga seasoned ground beef,14,g,15,mg,590,g,18,g,11,g,6,g,0,g,2,g,2,g,,,,
708,on the border,create your own platter mini quesadilla chicken,19,g,45,mg,630,g,12,g,14,g,8,g,0,g,1,g,1,g,,,,
709,on the border,create your own platter stuffed jalapeno,9,g,20,mg,600,g,7,g,6,g,4.5,g,0,g,2,g,1,g,,,,
710,on the border,create your own platter texas wings with jalapeno bbq sauce,2,g,15,mg,135,g,3,g,6,g,0.5,g,0,g,0,g,3,g,,,,
711,on the border,create your own tacos chicken tinga crispy,26,g,5,mg,50,g,16,g,11,g,7,g,0,g,2,g,2,g,,,,
712,on the border,create your own tacos chicken tinga soft,23,g,5,mg,350,g,22,g,13,g,8,g,0,g,1,g,2,g,,,,
713,on the border,create your own tacos dos xx fish with creamy red chile sauce,25,g,40,mg,1120,g,34,g,14,g,8,g,0,g,1,g,2,g,,,,
714,on the border,create your own tacos ground beef crispy,15,g,30,mg,380,g,15,g,12,g,5,g,0,g,3,g,2,g,,,,
715,on the border,create your own tacos ground beef soft,13,g,30,mg,680,g,21,g,13,g,6,g,0,g,2,g,2,g,,,,
716,on the border,cuba libre cocktail,0,g,0,mg,20,g,18,g,0,g,0,g,0,g,0,g,16,g,,,,
717,on the border,diet coke,0,g,0,mg,50,g,0,g,0,g,0,g,0,g,0,g,0,g,,,,
718,on the border,dos equis ambar,0,g,0,mg,0,g,13,g,4,g,0,g,0,g,0,g,3,g,,,,
719,on the border,dos equis amber grande,0,g,0,mg,0,g,21,g,5,g,0,g,0,g,0,g,5,g,,,,
720,on the border,dos equis amber pitcher,0,g,0,mg,0,g,61,g,16,g,0,g,0,g,0,g,14,g,,,,
721,on the border,dos equis amber regular,0,g,0,mg,0,g,12,g,3,g,0,g,0,g,0,g,3,g,,,,
722,on the border,dos equis lager,0,g,0,mg,0,g,11,g,4,g,0,g,0,g,0,g,3,g,,,,
723,on the border,dos equis lager grande,0,g,0,mg,0,g,18,g,5,g,0,g,0,g,0,g,4,g,,,,
724,on the border,dos equis lager pitcher,0,g,0,mg,0,g,51,g,16,g,0,g,0,g,0,g,13,g,,,,
725,on the border,dos equis lager regular,0,g,0,mg,0,g,10,g,3,g,0,g,0,g,0,g,3,g,,,,
726,on the border,dos xx fish tacos 2,77,g,105,mg,2530,g,70,g,28,g,20,g,0.5,g,2,g,5,g,,,,
727,on the border,dos xx fish tacos 3,103,g,145,mg,3640,g,103,g,42,g,28,g,0.5,g,4,g,7,g,,,,
728,on the border,dr pepper,0,g,0,mg,55,g,36,g,0,g,0,g,0,g,0,g,35,g,,,,
729,on the border,empanada chicken tinga 1,12,g,20,mg,310,g,15,g,7,g,6,g,0,g,1,g,1,g,,,,
730,on the border,empanada seasoned ground beef 1,14,g,10,mg,330,g,14,g,6,g,6,g,0,g,1,g,1,g,,,,
731,on the border,empanada platters chicken tender,330,g,575,mg,9710,g,375,g,188,g,167,g,10,g,32,g,36,g,,,,
732,on the border,empanada platters chicken tinga,352,g,455,mg,9990,g,369,g,184,g,164,g,11,g,33,g,37,g,,,,
733,on the border,empanada platters seasoned ground beef,374,g,340,mg,10270,g,364,g,180,g,160,g,11,g,34,g,37,g,,,,
734,on the border,empanadas beef with queso,35,g,40,mg,1100,g,32,g,18,g,16,g,1,g,3,g,5,g,,,,
735,on the border,empanadas chicken tinga with queso,70,g,125,mg,2120,g,79,g,40,g,36,g,2,g,7,g,8,g,,,,
736,on the border,empanadas chicken tinga 3 with queso,31,g,60,mg,1050,g,33,g,18,g,16,g,1,g,3,g,5,g,,,,
737,on the border,empanadas chicken with queso,31,g,60,mg,1050,g,33,g,18,g,16,g,1,g,3,g,5,g,,,,
738,on the border,empanadas ground beef 3 with queso,35,g,40,mg,1100,g,32,g,18,g,16,g,1,g,3,g,5,g,,,,
739,on the border,empanadas seasoned ground beef with queso,79,g,75,mg,2240,g,76,g,39,g,34,g,2.5,g,7,g,8,g,,,,
740,on the border,enchilada cheese and onion with chile con carne 1,52,g,50,mg,510,g,21,g,17,g,22,g,0,g,3,g,2,g,,,,
741,on the border,enchilada cheese and onion with chile con carne 1 dozen,630,g,640,mg,6090,g,239,g,208,g,274,g,8,g,34,g,25,g,,,,
742,on the border,enchilada cheese and onion with red chile sauce 1 dozen,433,g,610,mg,6110,g,231,g,162,g,203,g,3.5,g,37,g,21,g,,,,
743,on the border,enchilada cheese with chile con carne 1 dozen,678,g,790,mg,5210,g,233,g,265,g,296,g,2.5,g,30,g,15,g,,,,
744,on the border,enchilada cheese with ranchero sauce 1 dozen,355,g,790,mg,8390,g,230,g,226,g,174,g,0,g,25,g,27,g,,,,
745,on the border,enchilada cheese with tomatillo sauce 1 dozen,339,g,790,mg,6660,g,221,g,223,g,171,g,0,g,30,g,37,g,,,,
746,on the border,enchilada chicken tinga with green chile sauce 1,25,g,15,mg,430,g,17,g,13,g,8,g,0,g,3,g,2,g,,,,
747,on the border,enchilada chicken tinga with green chile sauce 1 dozen,308,g,150,mg,4050,g,202,g,152,g,97,g,1.5,g,25,g,24,g,,,,
748,on the border,enchilada chicken tinga with sour cream sauce 1,29,g,25,mg,260,g,17,g,14,g,11,g,0,g,2,g,2,g,,,,
749,on the border,enchilada chicken tinga with sour cream sauce 1 dozen,355,g,315,mg,3340,g,209,g,163,g,133,g,3,g,25,g,23,g,,,,
750,on the border,enchilada seasoned ground beef with chile con carne 1,46,g,35,mg,420,g,20,g,17,g,17,g,0.5,g,4,g,2,g,,,,
751,on the border,enchilada seasoned ground beef with chile con carne 1 dozen,555,g,420,mg,5110,g,236,g,208,g,209,g,7,g,46,g,20,g,,,,
752,on the border,enchilada seasoned ground beef with red chile sauce 1 dozen,360,g,410,mg,5100,g,224,g,168,g,144,g,4.5,g,49,g,16,g,,,,
753,on the border,enchilada shredded beef with red chile sauce 1 dozen,315,g,425,mg,5360,g,216,g,185,g,129,g,1.5,g,49,g,20,g,,,,
754,on the border,enchilada spinach and mushroom with sour cream sauce 1 dozen,173,g,315,mg,5890,g,231,g,81,g,80,g,3.5,g,30,g,22,g,,,,
755,on the border,enchiladas suizas,90,g,90,mg,960,g,57,g,46,g,34,g,0,g,8,g,10,g,,,,
756,on the border,enchiladas side black beans,1,g,0,mg,670,g,36,g,11,g,0,g,0,g,10,g,0,g,,,,
757,on the border,enchiladas side mexican rice,6,g,0,mg,840,g,37,g,4,g,2,g,0,g,1,g,1,g,,,,
758,on the border,enchiladas side refried beans,2,g,0,mg,710,g,36,g,12,g,0,g,0,g,11,g,0,g,,,,
759,on the border,fajita and taco buffet,52,g,125,mg,1740,g,93,g,42,g,18,g,0.5,g,12,g,10,g,,,,
760,on the border,fajita quesadilla chicken,82,g,185,mg,2460,g,58,g,54,g,33,g,1,g,4,g,4,g,,,,
761,on the border,fajita quesadilla steak,96,g,150,mg,1980,g,55,g,52,g,40,g,1.5,g,4,g,5,g,,,,
762,on the border,fajita salad chicken,21,g,150,mg,1090,g,27,g,41,g,3.5,g,0,g,8,g,17,g,,,,
763,on the border,fajita salad steak,28,g,95,mg,1500,g,30,g,38,g,8,g,0.5,g,9,g,12,g,,,,
764,on the border,fajita wrap platters add bacon and avocado,151,g,405,mg,5220,g,50,g,92,g,44,g,0,g,36,g,8,g,,,,
765,on the border,fajita wrap platters chicken,333,g,855,mg,25860,g,515,g,335,g,79,g,4.5,g,32,g,91,g,,,,
766,on the border,fajita wrap platters steak,584,g,730,mg,17490,g,442,g,316,g,170,g,12,g,31,g,65,g,,,,
767,on the border,fajita carnitas,65,g,110,mg,1840,g,12,g,34,g,13,g,1.5,g,2,g,6,g,,,,
768,on the border,fajita grilled chicken,15,g,195,mg,1040,g,12,g,48,g,3,g,0,g,1,g,13,g,,,,
769,on the border,fajita grilled shrimp,49,g,125,mg,2270,g,13,g,25,g,8,g,0.5,g,2,g,5,g,,,,
770,on the border,fajita grilled steak,26,g,120,mg,1590,g,16,g,44,g,8,g,0.5,g,3,g,7,g,,,,
771,on the border,fajita monterey ranch chicken,48,g,285,mg,1890,g,14,g,68,g,16,g,0,g,1,g,14,g,,,,
772,on the border,fajita portobello and vegetables,17,g,0,mg,1040,g,23,g,6,g,2,g,0,g,5,g,10,g,,,,
773,on the border,family meal side beans black,3.5,g,0,mg,2020,g,108,g,32,g,1,g,0,g,35,g,2,g,,,,
774,on the border,family meal side beans refried,18,g,0,mg,1570,g,89,g,29,g,6,g,0,g,20,g,2,g,,,,
775,on the border,family meal taco chicken tinga crispy and cheese enchilada,412,g,405,mg,9400,g,529,g,171,g,151,g,2.5,g,54,g,37,g,,,,
776,on the border,family meal taco chicken tinga soft and cheese enchilada,400,g,405,mg,10890,g,558,g,179,g,153,g,2.5,g,51,g,37,g,,,,
777,on the border,family meal taco seasoned ground beef crispy and cheese enchilada,437,g,400,mg,9400,g,525,g,175,g,162,g,4,g,58,g,34,g,,,,
778,on the border,family meal taco seasoned ground beef soft and cheese enchilada,425,g,400,mg,10880,g,553,g,183,g,164,g,4,g,55,g,34,g,,,,
779,on the border,family meals enchilada cheese and onion with chile con carne,622,g,515,mg,10030,g,550,g,200,g,245,g,4.5,g,58,g,36,g,,,,
780,on the border,family meals enchilada chicken tinga with green chile sauce,196,g,355,mg,12560,g,525,g,162,g,64,g,0.5,g,55,g,37,g,,,,
781,on the border,family meals enchilada chicken tinga with sour cream sauce,235,g,490,mg,10870,g,524,g,165,g,90,g,1,g,50,g,39,g,,,,
782,on the border,family meals enchilada seasoned ground beef with chile con carne,561,g,350,mg,9180,g,544,g,205,g,196,g,5,g,68,g,32,g,,,,
783,on the border,family meals enchilada spinach and mushroom with sour cream sauce,238,g,270,mg,9650,g,537,g,100,g,87,g,1.5,g,54,g,36,g,,,,
784,on the border,family meals enchilasagna green chile carnitas,321,g,490,mg,8770,g,400,g,174,g,98,g,5,g,46,g,34,g,,,,
785,on the border,family meals enchilasagna king ranch,395,g,365,mg,6800,g,440,g,198,g,140,g,3.5,g,54,g,57,g,,,,
786,on the border,family meals enchilasagna veggie with ranchero sauce,229,g,300,mg,7510,g,473,g,139,g,86,g,3.5,g,69,g,58,g,,,,
787,on the border,family meals enchilasagna veggie with tomatillo sauce,223,g,300,mg,6870,g,470,g,138,g,86,g,3.5,g,71,g,62,g,,,,
788,on the border,family meals fajitas add cheese,32,g,100,mg,640,g,3,g,25,g,19,g,0,g,0,g,1,g,,,,
789,on the border,family meals fajitas add guacamole,28,g,0,mg,670,g,18,g,4,g,4,g,0,g,13,g,2,g,,,,
790,on the border,family meals fajitas carnitas,296,g,545,mg,16010,g,594,g,222,g,90,g,3.5,g,42,g,41,g,,,,
791,on the border,family meals fajitas chicken,189,g,835,mg,12100,g,594,g,257,g,64,g,2,g,41,g,66,g,,,,
792,on the border,family meals fajitas combo,210,g,685,mg,13200,g,602,g,250,g,75,g,2.5,g,45,g,55,g,,,,
793,on the border,family meals fajitas steak,231,g,535,mg,14290,g,610,g,243,g,85,g,3.5,g,49,g,44,g,,,,
794,on the border,fat free mango citrus vinaigrette,0,g,0,mg,140,g,20,g,0,g,0,g,0,g,0,g,8,g,,,,
795,on the border,fiesta dippin chips,6,g,0,mg,115,g,19,g,2,g,1,g,0,g,1,g,0,g,1.5,g,3.5,g
796,on the border,fiesta especial,110,g,140,mg,2250,g,99,g,50,g,46,g,1.5,g,12,g,11,g,,,,
797,on the border,fiesta favorites,160,g,195,mg,2930,g,141,g,78,g,66,g,1.5,g,14,g,11,g,,,,
798,on the border,fireball cinnamon whisky,0,g,0,mg,0,g,11,g,0,g,0,g,0,g,0,g,11,g,,,,
799,on the border,firecracker stuffed jalapenos with queso,61,g,140,mg,4160,g,49,g,43,g,34,g,1,g,14,g,11,g,,,,
800,on the border,firecracker stuffed jalapenos 1 dozen,105,g,230,mg,7150,g,89,g,74,g,56,g,1.5,g,27,g,14,g,,,,
801,on the border,flair of mexico,137,g,170,mg,3350,g,149,g,69,g,57,g,1.5,g,14,g,25,g,,,,
802,on the border,flavored ice tea mango,0,g,0,mg,0,g,12,g,0,g,0,g,0,g,0,g,12,g,,,,
803,on the border,flavored ice tea peach,0,g,0,mg,0,g,16,g,0,g,0,g,0,g,0,g,16,g,,,,
804,on the border,french fries with ketchup,18,g,0,mg,1000,g,74,g,6,g,4,g,0,g,6,g,13,g,,,,
805,on the border,fresh lime skinny margarita,0,g,0,mg,2840,g,24,g,0,g,0,g,0,g,0,g,20,g,,,,
806,on the border,giacamole salsa medium,4.5,g,0,mg,210,g,2,g,0,g,0.5,g,0,g,0,g,1,g,,,,
807,on the border,gran gala,0,g,0,mg,0,g,8,g,0,g,0,g,0,g,0,g,8,g,,,,
808,on the border,grand marnier,0,g,0,mg,0,g,5,g,0,g,0,g,0,g,0,g,0,g,,,,
809,on the border,grande fajita,66,g,175,mg,2930,g,135,g,60,g,26,g,1,g,12,g,33,g,,,,
810,on the border,grande fajita nachos chicken,75,g,225,mg,3110,g,76,g,72,g,34,g,0,g,13,g,4,g,,,,
811,on the border,grande fajita nachos steak,96,g,175,mg,2390,g,72,g,69,g,44,g,1,g,13,g,6,g,,,,
812,on the border,grande taco salad chicken tinga,68,g,35,mg,950,g,41,g,29,g,21,g,0,g,9,g,10,g,,,,
813,on the border,grande taco salad seasoned ground beef,47,g,75,mg,1620,g,40,g,30,g,17,g,0.5,g,11,g,9,g,,,,
814,on the border,grande traditional,132,g,155,mg,2600,g,140,g,57,g,54,g,1.5,g,14,g,30,g,,,,
815,on the border,green apple glacier margarita,0,g,0,mg,2850,g,55,g,0,g,0,g,0,g,1,g,45,g,,,,
816,on the border,green chile carnitas chimichanga,83,g,130,mg,2700,g,74,g,48,g,28,g,1.5,g,4,g,9,g,,,,
817,on the border,grilled california burrito,100,g,110,mg,2380,g,91,g,49,g,35,g,2,g,6,g,5,g,,,,
818,on the border,grilled fish tacos del mar,20,g,40,mg,610,g,30,g,22,g,2.5,g,0,g,7,g,5,g,,,,
819,on the border,grilled queso chicken,42,g,250,mg,2550,g,62,g,65,g,16,g,1,g,9,g,22,g,,,,
820,on the border,grilled shrimp skewer,4.5,g,40,mg,390,g,1,g,7,g,0,g,0,g,0,g,0,g,,,,
821,on the border,grilled shrimp 1 dozen,21,g,200,mg,1710,g,2,g,38,g,0.5,g,0,g,0,g,0,g,,,,
822,on the border,group meal enchilada cheese and onion with chile con carne,1213,g,1030,mg,19990,g,1022,g,393,g,483,g,9,g,107,g,71,g,,,,
823,on the border,group meal enchilada chicken tinga with green chile sauce,361,g,705,mg,25050,g,972,g,318,g,120,g,1,g,101,g,74,g,,,,
824,on the border,group meal enchilada chicken tinga with sour cream sauce,438,g,980,mg,21660,g,970,g,322,g,173,g,2.5,g,92,g,77,g,,,,
825,on the border,group meal enchilada seasoned ground beef with chile con carne,1091,g,695,mg,18300,g,1010,g,403,g,385,g,11,g,126,g,63,g,,,,
826,on the border,group meal enchilada spinach and mushroom with sour cream sauce,444,g,540,mg,19230,g,996,g,193,g,167,g,2.5,g,100,g,71,g,,,,
827,on the border,group meal enchilasagna green chile carnitas,613,g,995,mg,19360,g,782,g,358,g,190,g,8,g,101,g,87,g,,,,
828,on the border,group meal enchilasagna king ranch,755,g,715,mg,14060,g,848,g,387,g,265,g,4,g,111,g,133,g,,,,
829,on the border,group meal enchilasagna veggie with ranchero sauce,430,g,590,mg,15590,g,917,g,271,g,162,g,4,g,141,g,133,g,,,,
830,on the border,group meal enchilasagna veggie with tomatillo sauce,418,g,590,mg,14330,g,911,g,269,g,161,g,4,g,144,g,141,g,,,,
831,on the border,group meal fajita add cheese,65,g,195,mg,1280,g,6,g,50,g,38,g,0,g,0,g,1,g,,,,
832,on the border,group meal fajita add guacamole,57,g,0,mg,1350,g,36,g,8,g,8,g,0,g,26,g,4,g,,,,
833,on the border,group meal fajita chicken,345,g,1570,mg,23510,g,1116,g,458,g,121,g,3.5,g,73,g,117,g,,,,
834,on the border,group meal fajita combo,386,g,1305,mg,25640,g,1132,g,450,g,142,g,5,g,80,g,98,g,,,,
835,on the border,group meal fajita steak,424,g,1005,mg,27610,g,1147,g,433,g,161,g,6,g,88,g,77,g,,,,
836,on the border,guac blast tortilla chips,7,g,0,mg,200,g,18,g,2,g,1.5,g,0,g,1,g,1,g,,,,
837,on the border,guac queso duo without chip basket,42,g,65,mg,1920,g,26,g,19,g,17,g,1,g,10,g,11,g,,,,
838,on the border,guacamole,4,g,0,mg,100,g,3,g,1,g,0.5,g,0,g,2,g,0,g,,,,
839,on the border,guacamole live without chip basket,68,g,0,mg,1160,g,48,g,15,g,8,g,0,g,16,g,1,g,,,,
840,on the border,guacamole salsa,2.5,g,0,mg,210,g,1,g,0,g,0,g,0,g,0,g,0,g,,,,
841,on the border,guacamole without chip basket,20,g,0,mg,450,g,15,g,3,g,3,g,0,g,9,g,1,g,,,,
842,on the border,guacamole 1 oz,4,g,0,mg,90,g,2,g,1,g,0.5,g,0,g,2,g,0,g,,,,
843,on the border,guacamole 1 quart,121,g,0,mg,2880,g,77,g,17,g,18,g,0,g,56,g,8,g,,,,
844,on the border,heineken,0,g,0,mg,0,g,12,g,2,g,0,g,0,g,0,g,0,g,,,,
845,on the border,holiday swirl grande margarita,0,g,0,mg,50,g,67,g,0,g,0,g,0,g,1,g,61,g,,,,
846,on the border,holiday swirl regular margarita,0,g,0,mg,35,g,46,g,0,g,0,g,0,g,1,g,41,g,,,,
847,on the border,homemade flour tortillas 3,11,g,0,mg,900,g,53,g,8,g,5,g,0,g,2,g,0,g,,,,
848,on the border,hornitos tequila,0,g,0,mg,0,g,0,g,0,g,0,g,0,g,0,g,0,g,,,,
849,on the border,house grande margarita,0,g,0,mg,2890,g,45,g,0,g,0,g,0,g,0,g,40,g,,,,
850,on the border,house regular margarita,0,g,0,mg,2870,g,30,g,0,g,0,g,0,g,0,g,26,g,,,,
851,on the border,house rocks grande margarita,0,g,0,mg,2860,g,26,g,0,g,0,g,0,g,0,g,23,g,,,,
852,on the border,house rocks regular margarita,0,g,0,mg,2860,g,20,g,0,g,0,g,0,g,0,g,17,g,,,,
853,on the border,house salad without dressing,13,g,10,mg,250,g,25,g,6,g,4,g,0,g,4,g,3,g,,,,
854,on the border,iced tea sweet,0,g,0,mg,30,g,27,g,0,g,0,g,0,g,0,g,27,g,,,,
855,on the border,iced tea unsweet,0,g,0,mg,30,g,0,g,0,g,0,g,0,g,0,g,0,g,,,,
856,on the border,iced tea unsweet 1 gallon,0,g,0,mg,115,g,11,g,0,g,0,g,0,g,0,g,0,g,,,,
857,on the border,individual boxes avocado ranch,12,g,20,mg,250,g,2,g,1,g,3.5,g,0,g,1,g,2,g,,,,
858,on the border,individual boxes chipotle honey mustard,31,g,25,mg,320,g,12,g,1,g,5,g,0,g,0,g,12,g,,,,
859,on the border,individual boxes fajita salad chicken,23,g,150,mg,1320,g,52,g,43,g,5,g,0,g,11,g,18,g,,,,
860,on the border,individual boxes fajita salad steak,31,g,95,mg,1730,g,55,g,41,g,10,g,0,g,13,g,14,g,,,,
861,on the border,individual boxes fat free mango citrus vinaigrette,0,g,0,mg,140,g,20,g,0,g,0,g,0,g,0,g,8,g,,,,
862,on the border,individual boxes mango chicken salad with fat free mango citrus vinaigrette,18,g,110,mg,1100,g,76,g,35,g,6,g,0,g,13,g,25,g,,,,
863,on the border,individual boxes ranch,24,g,25,mg,400,g,2,g,1,g,3,g,0,g,0,g,2,g,,,,
864,on the border,individual boxes salsa,0,g,0,mg,430,g,4,g,1,g,0,g,0,g,1,g,3,g,,,,
865,on the border,individual boxes smoked jalapeno vinaigrette,24,g,0,mg,810,g,9,g,0,g,3.5,g,0,g,0,g,8,g,,,,
866,on the border,jalapeno ranch tortilla,9,g,0,mg,160,g,17,g,2,g,2,g,0,g,1,g,1,g,2,g,5,g
867,on the border,kids beans black,1,g,0,mg,670,g,36,g,11,g,0,g,0,g,12,g,1,g,,,,
868,on the border,kids beans refried,6,g,0,mg,520,g,30,g,10,g,2,g,0,g,7,g,1,g,,,,
869,on the border,kids border chicken strips with french fries,42,g,35,mg,2070,g,85,g,28,g,9,g,0,g,6,g,13,g,,,,
870,on the border,kids build your own mini tacos with mexican rice and refried beans,36,g,45,mg,1960,g,91,g,31,g,13,g,0,g,13,g,3,g,,,,
871,on the border,kids cheese quesadilla fajita chicken with french fries,80,g,145,mg,2580,g,93,g,48,g,31,g,1,g,5,g,13,g,,,,
872,on the border,kids cheese quesadilla with french fries,79,g,105,mg,1950,g,91,g,36,g,30,g,1,g,5,g,13,g,,,,
873,on the border,kids cheesy chicken taquitos,12,g,40,mg,740,g,86,g,20,g,5,g,0,g,5,g,43,g,,,,
874,on the border,kids corn dog with french fries,26,g,15,mg,1150,g,77,g,9,g,6,g,0,g,5,g,17,g,,,,
875,on the border,kids enchilada plate beef enchilada with mexican rice and refried beans,56,g,35,mg,1790,g,87,g,30,g,20,g,0.5,g,11,g,3,g,,,,
876,on the border,kids enchilada plate cheese enchilada with mexican rice and refried beans,67,g,65,mg,1800,g,86,g,35,g,28,g,0,g,10,g,2,g,,,,
877,on the border,kids enchilada plate chicken enchilada with mexican rice and refried beans,24,g,50,mg,1960,g,85,g,26,g,10,g,0,g,10,g,4,g,,,,
878,on the border,kids french fries,12,g,0,mg,340,g,40,g,4,g,2.5,g,0,g,4,g,0,g,,,,
879,on the border,kids grilled chicken soft taco with mexican rice and refried beans,23,g,85,mg,1940,g,87,g,37,g,9,g,0,g,9,g,5,g,,,,
880,on the border,kids house salad without dressing,0,g,0,mg,5,g,2,g,0,g,0,g,0,g,1,g,1,g,,,,
881,on the border,kids ice cream sundae chocolate syrup,9,g,35,mg,100,g,44,g,3,g,6,g,0,g,1,g,34,g,,,,
882,on the border,kids ice cream sundae strawberry puree,9,g,35,mg,55,g,34,g,3,g,5,g,0,g,1,g,26,g,,,,
883,on the border,kids juice apple,0,g,0,mg,10,g,25,g,0,g,0,g,0,g,0,g,21,g,,,,
884,on the border,kids juice cranberry,0,g,0,mg,0,g,30,g,0,g,0,g,0,g,0,g,26,g,,,,
885,on the border,kids juice orange,0,g,0,mg,20,g,34,g,3,g,0,g,0,g,0,g,30,g,,,,
886,on the border,kids lemonade,0,g,0,mg,15,g,25,g,0,g,0,g,0,g,0,g,25,g,,,,
887,on the border,kids mexican rice,6,g,0,mg,840,g,37,g,4,g,2,g,0,g,1,g,1,g,,,,
888,on the border,kids milk,6,g,25,mg,140,g,15,g,10,g,4,g,0,g,0,g,15,g,,,,
889,on the border,kids mini sopapillas with honey,9,g,0,mg,210,g,57,g,3,g,2.5,g,0,g,1,g,39,g,,,,
890,on the border,kids soft drink coke,0,g,0,mg,35,g,32,g,0,g,0,g,0,g,0,g,32,g,,,,
891,on the border,kids soft drink coke zero,0,g,0,mg,25,g,0,g,0,g,0,g,0,g,0,g,0,g,,,,
892,on the border,kids soft drink diet coke,0,g,0,mg,30,g,0,g,0,g,0,g,0,g,0,g,0,g,,,,
893,on the border,kids soft drink dr pepper,0,g,0,mg,35,g,23,g,0,g,0,g,0,g,0,g,22,g,,,,
894,on the border,kids soft drink sprite,0,g,0,mg,20,g,23,g,0,g,0,g,0,g,0,g,21,g,,,,
895,on the border,kids strawberry lemonade,0,g,0,mg,10,g,34,g,0,g,0,g,0,g,1,g,32,g,,,,
896,on the border,lemon dessert,13,g,65,mg,140,g,32,g,3,g,8,g,0,g,0,g,22,g,,,,
897,on the border,lemonade strawberry 1 gallon,1,g,0,mg,200,g,615,g,4,g,0,g,0,g,10,g,578,g,,,,
898,on the border,limeade fresca cocktail,0,g,0,mg,20,g,43,g,0,g,0,g,0,g,0,g,36,g,,,,
899,on the border,mango chicken salad with fat free mango citrus vinaigrette,4,g,55,mg,490,g,44,g,29,g,1.5,g,0,g,11,g,0,g,,,,
900,on the border,mango margarita mix canteen,0.5,g,0,mg,440,g,491,g,1,g,0,g,0,g,1,g,452,g,,,,
901,on the border,mango tango grande margarita,0,g,0,mg,55,g,54,g,0,g,0,g,0,g,0,g,48,g,,,,
902,on the border,mango tango regular margarita,0,g,0,mg,35,g,36,g,0,g,0,g,0,g,0,g,32,g,,,,
903,on the border,medium cantina salsa,0,g,0,mg,150,g,2,g,0,g,0,g,0,g,0,g,1,g,,,,
904,on the border,medium chunky salsa and queso dip,0,g,0,mg,550,g,8,g,1,g,0,g,0,g,2,g,4,g,,,,
905,on the border,medium chunky salsa organic,0,g,0,mg,210,g,2,g,0,g,0,g,0,g,0,g,2,g,,,,
906,on the border,medium guacamole salsa,4,g,0,mg,210,g,2,g,0,g,0.5,g,0,g,0,g,0.5,g,,,,
907,on the border,medium queso,6,g,2.5,mg,440,g,5,g,1,g,1.5,g,0,g,0,g,2,g,,,,
908,on the border,medium salsa,0,g,0,mg,150,g,2,g,0,g,0,g,0,g,0,g,1,g,,,,
909,on the border,medium chunky salsa,0,g,0,mg,550,g,8,g,1,g,0,g,0,g,2,g,4,g,,,,
910,on the border,mexican grill and cantina cafe style,5,g,0,mg,75,g,6,g,5,g,0.5,g,0,g,2,g,2,g,,,,
911,on the border,mexican grilled chicken with salsa fresca,18,g,120,mg,2510,g,60,g,59,g,3,g,0,g,8,g,13,g,,,,
912,on the border,mexican grilled chicken with tomatillo sauce,18,g,205,mg,2300,g,60,g,70,g,3,g,0,g,9,g,10,g,,,,
913,on the border,mexican rice,6,g,0,mg,840,g,37,g,4,g,2,g,0,g,1,g,1,g,,,,
914,on the border,mexican rice 1 quart,48,g,0,mg,6320,g,281,g,26,g,14,g,0,g,11,g,4,g,,,,
915,on the border,mexican style salsa,7,g,0,mg,110,g,18,g,2,g,2,g,0,g,2,g,0,g,1.5,g,4,g
916,on the border,michelob ultra,0,g,0,mg,0,g,3,g,1,g,0,g,0,g,0,g,0,g,,,,
917,on the border,midori,0,g,0,mg,0,g,0,g,0,g,0,g,0,g,0,g,0,g,,,,
918,on the border,mild chunky salsa,0,g,0,mg,220,g,2,g,0,g,0,g,0,g,0.5,g,1,g,,,,
919,on the border,milk,7,g,25,mg,160,g,16,g,11,g,4,g,0,g,0,g,16,g,,,,
920,on the border,miller lite,0,g,0,mg,0,g,3,g,0,g,0,g,0,g,0,g,0,g,,,,
921,on the border,mini burrito black bean and corn 1,9,g,15,mg,410,g,25,g,8,g,4.5,g,0,g,3,g,1,g,,,,
922,on the border,mini burrito chicken tinga 1,21,g,15,mg,390,g,20,g,12,g,8,g,0,g,1,g,1,g,,,,
923,on the border,mini burrito seasoned ground beef 1,13,g,30,mg,640,g,20,g,13,g,6,g,0,g,2,g,1,g,,,,
924,on the border,mini burrito spinach and mushroom 1,10,g,15,mg,610,g,20,g,7,g,4.5,g,0,g,1,g,1,g,,,,
925,on the border,mini burritos black bean and corn 1 dozen,106,g,150,mg,4970,g,310,g,102,g,58,g,1.5,g,36,g,11,g,,,,
926,on the border,mini burritos brisket with jalapeno bbq sauce 1 dozen,98,g,325,mg,10260,g,305,g,163,g,45,g,0.5,g,17,g,59,g,,,,
927,on the border,mini burritos brisket without jalapeno bbq sauce 1 dozen,94,g,325,mg,8000,g,242,g,162,g,44,g,0.5,g,14,g,5,g,,,,
928,on the border,mini burritos chicken tinga 1 dozen,252,g,165,mg,4640,g,253,g,151,g,99,g,1.5,g,17,g,11,g,,,,
929,on the border,mini burritos seasoned ground beef and chicken tinga 1 dozen,137,g,355,mg,7670,g,242,g,147,g,67,g,1.5,g,15,g,11,g,,,,
930,on the border,mini burritos seasoned ground beef 1 dozen,157,g,355,mg,7630,g,249,g,155,g,82,g,4,g,24,g,8,g,,,,
931,on the border,mini burritos spinach and mushroom 1 dozen,116,g,150,mg,7320,g,257,g,88,g,58,g,1.5,g,21,g,10,g,,,,
932,on the border,mini chicken chimi with queso,19,g,55,mg,940,g,22,g,17,g,11,g,0,g,0,g,4,g,,,,
933,on the border,mini chimichanga black bean and corn 1,14,g,15,mg,410,g,25,g,8,g,5,g,0,g,3,g,1,g,,,,
934,on the border,mini chimichanga chicken tinga 1,13,g,35,mg,500,g,18,g,12,g,7,g,0,g,0,g,1,g,,,,
935,on the border,mini chimichanga seasoned ground beef 1,14,g,15,mg,590,g,18,g,11,g,6,g,0,g,2,g,2,g,,,,
936,on the border,mini chimichanga spinach and mushroom 1,15,g,15,mg,610,g,20,g,7,g,5,g,0,g,1,g,1,g,,,,
937,on the border,mini chimichanga platter black bean and corn,367,g,405,mg,12290,g,638,g,230,g,159,g,8,g,74,g,37,g,,,,
938,on the border,mini chimichanga platter chicken tinga,339,g,910,mg,14440,g,452,g,315,g,180,g,6,g,2,g,33,g,,,,
939,on the border,mini chimichanga platter seasoned ground beef,360,g,520,mg,16440,g,462,g,288,g,167,g,11,g,59,g,63,g,,,,
940,on the border,mini chimichanga platter seasoned ground beef and chicken tinga,350,g,715,mg,15440,g,457,g,301,g,173,g,8,g,30,g,48,g,,,,
941,on the border,mini chimichanga platter spinach and mushroom,387,g,405,mg,17000,g,532,g,201,g,160,g,8,g,44,g,36,g,,,,
942,on the border,mini chimichangas black bean and corn 1 dozen,166,g,150,mg,4970,g,310,g,102,g,68,g,3,g,36,g,11,g,,,,
943,on the border,mini chimichangas chicken tinga 1 dozen,152,g,405,mg,6040,g,217,g,145,g,79,g,2.5,g,0,g,9,g,,,,
944,on the border,mini chimichangas seasoned ground beef 1 dozen,163,g,205,mg,7040,g,222,g,131,g,73,g,4.5,g,29,g,24,g,,,,
945,on the border,mini chimichangas spinach and mushroom 1 dozen,176,g,150,mg,7320,g,257,g,88,g,69,g,3,g,21,g,10,g,,,,
946,on the border,mini quesadilla brisket without jalapeno bbq sauce 1 dozen,228,g,425,mg,5670,g,128,g,139,g,102,g,5,g,8,g,6,g,,,,
947,on the border,mini quesadilla cheese 1,26,g,55,mg,490,g,10,g,15,g,12,g,0,g,0,g,0,g,,,,
948,on the border,mini quesadilla cheese 1 dozen,321,g,660,mg,5950,g,121,g,186,g,164,g,8,g,6,g,3,g,,,,
949,on the border,mini quesadilla chicken 1,19,g,45,mg,630,g,12,g,14,g,8,g,0,g,1,g,1,g,,,,
950,on the border,mini quesadilla chicken 1 dozen,229,g,570,mg,7620,g,140,g,179,g,98,g,5,g,9,g,8,g,,,,
951,on the border,mini quesadilla spinach and mushroom 1 dozen,216,g,285,mg,5150,g,145,g,104,g,89,g,5,g,13,g,10,g,,,,
952,on the border,mini quesadilla steak 1 dozen,287,g,430,mg,5680,g,130,g,170,g,126,g,8,g,9,g,14,g,,,,
953,on the border,mini quesadilla platter cheese,707,g,1415,mg,13730,g,290,g,369,g,330,g,7,g,25,g,24,g,,,,
954,on the border,mini quesadilla platter fajita chicken,535,g,1285,mg,17130,g,317,g,371,g,228,g,12,g,36,g,32,g,,,,
955,on the border,mini quesadilla platter fajita steak,651,g,1010,mg,13240,g,297,g,353,g,284,g,16,g,36,g,43,g,,,,
956,on the border,mini taco platter chicken tinga crispy,249,g,125,mg,1720,g,157,g,120,g,79,g,1,g,22,g,25,g,,,,
957,on the border,mini taco platter seasoned ground beef crispy,154,g,315,mg,4710,g,154,g,123,g,62,g,3.5,g,29,g,21,g,,,,
958,on the border,minute maid lemonade,0,g,0,mg,20,g,40,g,0,g,0,g,0,g,0,g,39,g,,,,
959,on the border,minute maid lemonade 1 gallon,0,g,0,mg,230,g,464,g,0,g,0,g,0,g,0,g,448,g,,,,
960,on the border,mixed cheese,9,g,25,mg,170,g,1,g,7,g,5,g,0,g,0,g,0,g,,,,
961,on the border,mixed cheese 1 quart,276,g,840,mg,5460,g,26,g,214,g,164,g,0,g,0,g,5,g,,,,
962,on the border,modelo especial,0,g,0,mg,15,g,14,g,1,g,0,g,0,g,0,g,4,g,,,,
963,on the border,modelo negra,0,g,0,mg,10,g,15,g,1,g,0,g,0,g,0,g,13,g,,,,
964,on the border,monterey jack queso,3,g,2,mg,260,g,4,g,1,g,1,g,0,g,0,g,0.5,g,0.5,g,1,g
965,on the border,nacho bar group meal chicken tinga,913,g,735,mg,22770,g,1014,g,426,g,312,g,9,g,169,g,154,g,,,,
966,on the border,nacho bar group meal seasoned ground beef,703,g,1155,mg,29410,g,1007,g,434,g,274,g,15,g,185,g,146,g,,,,
967,on the border,nacho buffet chicken tinga,84,g,75,mg,2600,g,86,g,42,g,29,g,1,g,16,g,17,g,,,,
968,on the border,nacho buffet fajita chicken,52,g,170,mg,2850,g,83,g,49,g,21,g,1,g,15,g,19,g,,,,
969,on the border,nacho buffet fajita combo,55,g,150,mg,2990,g,84,g,48,g,23,g,1,g,16,g,17,g,,,,
970,on the border,nacho buffet fajita steak,57,g,130,mg,3130,g,85,g,47,g,24,g,1,g,16,g,16,g,,,,
971,on the border,nacho buffet seasoned ground beef,63,g,115,mg,3270,g,86,g,43,g,26,g,1.5,g,18,g,16,g,,,,
972,on the border,nacho cheese,9,g,0,mg,230,g,15,g,2,g,2,g,0,g,1,g,0,g,,,,
973,on the border,organic tortilla rounds blue corn,9,g,0,mg,115,g,16,g,2,g,1,g,0,g,1,g,0,g,6,g,2,g
974,on the border,otb margarita mix canteen,0,g,0,mg,510,g,358,g,0,g,0,g,0,g,0,g,316,g,,,,
975,on the border,pacifico,0,g,0,mg,10,g,14,g,1,g,0,g,0,g,0,g,12,g,,,,
976,on the border,padre island tea cocktail,0,g,0,mg,15,g,48,g,0,g,0,g,0,g,0,g,42,g,,,,
977,on the border,pama,0,g,0,mg,0,g,8,g,0,g,0,g,0,g,0,g,8,g,,,,
978,on the border,party pack add mini chicken chimichangas,152,g,405,mg,6040,g,217,g,145,g,79,g,2.5,g,0,g,9,g,,,,
979,on the border,party pack mini seasoned ground beef chimichangas,163,g,205,mg,7040,g,222,g,131,g,73,g,4.5,g,29,g,24,g,,,,
980,on the border,party platters 5 layer dip large,316,g,705,mg,11220,g,270,g,190,g,152,g,2,g,80,g,39,g,,,,
981,on the border,party platters 5 layer dip small,160,g,320,mg,6020,g,171,g,88,g,73,g,1.5,g,52,g,22,g,,,,
982,on the border,party platters combo supremo platter,175,g,485,mg,9270,g,116,g,144,g,71,g,3,g,20,g,57,g,,,,
983,on the border,party platters empanadas chicken tinga,98,g,155,mg,2450,g,119,g,54,g,48,g,3,g,10,g,7,g,,,,
984,on the border,party platters empanadas seasoned ground beef,113,g,80,mg,2640,g,115,g,51,g,46,g,3.5,g,11,g,7,g,,,,
985,on the border,party platters flour tortilla crisps large,243,g,25,mg,3490,g,274,g,39,g,60,g,0,g,18,g,11,g,,,,
986,on the border,party platters flour tortilla crisps small,121,g,10,mg,1740,g,137,g,19,g,30,g,0,g,9,g,6,g,,,,
987,on the border,party platters mini quesadilla fajita chicken,152,g,370,mg,5080,g,93,g,116,g,60,g,2,g,4,g,6,g,,,,
988,on the border,party platters mini quesadilla fajita steak,190,g,280,mg,3780,g,86,g,110,g,79,g,3.5,g,4,g,9,g,,,,
989,on the border,party platters tortilla chips large,240,g,20,mg,520,g,597,g,55,g,58,g,0,g,66,g,9,g,,,,
990,on the border,party platters tortilla chips small,120,g,10,mg,260,g,299,g,28,g,29,g,0,g,33,g,4,g,,,,
991,on the border,pico de gallo,0.5,g,0,mg,130,g,1,g,0,g,0,g,0,g,0,g,1,g,,,,
992,on the border,pico de gallo 1 quart,24,g,0,mg,4200,g,43,g,8,g,2,g,0,g,12,g,25,g,,,,
993,on the border,poncho punch cocktail,0,g,0,mg,10,g,37,g,0,g,0,g,0,g,0,g,29,g,,,,
994,on the border,prickly pear margarita,0,g,0,mg,2840,g,28,g,0,g,0,g,0,g,0,g,25,g,,,,
995,on the border,purple corn tortilla strips,7,g,0,mg,100,g,16,g,2,g,0.5,g,0,g,1,g,0,g,5,g,1.5,g
996,on the border,quesadilla combo brisket quesadilla,48,g,95,mg,1390,g,32,g,28,g,20,g,0.5,g,4,g,4,g,,,,
997,on the border,quesadilla combo chicken quesadilla,47,g,110,mg,1500,g,33,g,31,g,19,g,0.5,g,3,g,3,g,,,,
998,on the border,quesadilla combo steak quesadilla,57,g,90,mg,1170,g,31,g,30,g,23,g,1,g,3,g,4,g,,,,
999,on the border,queso,1,g,0,mg,170,g,3,g,0,g,1,g,0,g,0,g,0,g,,,,
