,Restaurant Name,Food Name,Total Fat Amount,Total Fat Unit,Cholesterol Amount,Cholesterol Unit,Sodium Amount,Sodium Unit,Total Carbohydrate Amount,Total Carbohydrate Unit,Protein Amount,Protein Unit,Saturated Fat Amount,Saturated Fat Unit,Trans Fat Amount,Trans Fat Unit,Dietary Fiber Amount,Dietary Fiber Unit,Sugars Amount,Sugars Unit
0,bjs restaurant,add on flame broiled salmon,25,g,117,mg,232,g,0,g,40,g,5,g,0,g,0,g,0,g
1,bjs restaurant,burger add ons bacon jam,13,g,22,mg,408,g,17,g,6,g,4,g,0,g,0,g,15,g
2,bjs restaurant,garlic bread knots 2,8,g,0,mg,420,g,32,g,6,g,2,g,0,g,2,g,2,g
3,bjs restaurant,burger substitute loaded burger patty,26,g,121,mg,920,g,0,g,35,g,10,g,0,g,0,g,0,g
4,bjs restaurant,add on blackened shrimp,10,g,259,mg,587,g,4,g,35,g,2,g,0,g,0,g,0,g
5,bjs restaurant,burger substitutes portobello mushroom patty,3,g,0,mg,290,g,4,g,2,g,0,g,0,g,1,g,2,g
6,bjs restaurant,burger substitute turkey patty,18,g,76,mg,1030,g,5,g,27,g,3,g,0,g,0,g,2,g
7,bjs restaurant,burger add ons piranha pale ale chili,3,g,6,mg,228,g,5,g,3,g,1,g,0,g,1,g,1,g
8,bjs restaurant,burger add ons portobello mushroom patty,3,g,0,mg,285,g,4,g,2,g,0,g,0,g,1,g,2,g
9,bjs restaurant,burger add ons brewhouse burger patty,19,g,87,mg,877,g,1,g,26,g,7,g,0,g,0,g,0,g
10,bjs restaurant,burger add ons fried egg,7,g,212,mg,177,g,0,g,6,g,2,g,0,g,0,g,0,g
11,bjs restaurant,parmesan crusted chicken with sundried tomatoes parmesan cheese and lemon butter sauce,74,g,499,mg,2201,g,70,g,89,g,40,g,0,g,7,g,8,g
12,bjs restaurant,fire roasted barbacoa chicken,15,g,106,mg,2223,g,44,g,51,g,3,g,0,g,8,g,3,g
13,bjs restaurant,lemon thyme chicken,19,g,133,mg,2242,g,52,g,60,g,3,g,0,g,5,g,5,g
14,bjs restaurant,baby back pork ribs full rack with peppered bbq sauce,68,g,230,mg,7840,g,119,g,50,g,25,g,0,g,2,g,100,g
15,bjs restaurant,tri tip combo with chicken without sides,22,g,221,mg,3219,g,46,g,76,g,7,g,0,g,0,g,40,g
16,bjs restaurant,spicy peanut chicken with soba noodles,61,g,106,mg,2125,g,75,g,45,g,13,g,0,g,8,g,23,g
17,bjs restaurant,peruvian quinoa bowl vegetarian style,22,g,0,mg,675,g,47,g,12,g,3,g,0,g,7,g,5,g
18,bjs restaurant,cherry chipotle glazed salmon,26,g,117,mg,546,g,40,g,47,g,5,g,0,g,4,g,8,g
19,bjs restaurant,pacific poke soba noodles,17,g,51,mg,2203,g,73,g,41,g,2,g,0,g,8,g,16,g
20,bjs restaurant,new orleans jambalaya as served,50,g,245,mg,3360,g,100,g,69,g,10,g,1,g,6,g,17,g
21,bjs restaurant,peruvian quinoa bowl with chicken,27,g,99,mg,1525,g,47,g,51,g,4,g,0,g,7,g,6,g
22,bjs restaurant,double bone in pork chop without sides,38,g,141,mg,2210,g,13,g,55,g,16,g,0,g,1,g,11,g
23,bjs restaurant,prime rib dinner without sides,106,g,308,mg,2162,g,6,g,79,g,42,g,0,g,1,g,3,g
24,bjs restaurant,barbacoa cauliflower pita tacos,28,g,15,mg,1597,g,89,g,21,g,6,g,0,g,7,g,15,g
25,bjs restaurant,baby back pork ribs half rack with peppered bbq sauce,34,g,115,mg,4257,g,74,g,25,g,12,g,0,g,1,g,64,g
26,bjs restaurant,classic rib eye without sides,67,g,500,mg,2272,g,5,g,106,g,26,g,0,g,1,g,1,g
27,bjs restaurant,peruvian quinoa bowl with shrimp,24,g,184,mg,1694,g,48,g,36,g,3,g,0,g,7,g,5,g
28,bjs restaurant,slow roasted trip tip with peppered bbq sauce without sides,22,g,163,mg,2972,g,48,g,49,g,8,g,0,g,1,g,41,g
29,bjs restaurant,tri tip combo with shrimp without sides,47,g,354,mg,3191,g,52,g,62,g,19,g,1,g,1,g,40,g
30,bjs restaurant,peruvian quinoa bowl with salmon,44,g,117,mg,1352,g,47,g,51,g,7,g,0,g,7,g,5,g
31,bjs restaurant,tri tip combo with ribs without sides,50,g,237,mg,5951,g,90,g,61,g,18,g,0,g,1,g,76,g
32,bjs restaurant,mandarin orange glazed pork chop,44,g,157,mg,2271,g,32,g,58,g,19,g,0,g,1,g,28,g
33,bjs restaurant,shrimp scampi pasta with zucchini noodles and garlic butter sauce,65,g,317,mg,1725,g,40,g,43,g,24,g,1,g,6,g,9,g
34,bjs restaurant,blackened chicken zucchini noodles,40,g,154,mg,1893,g,32,g,51,g,15,g,1,g,5,g,13,g
35,bjs restaurant,lemon herb chicken and asparagus zucchini noodles,36,g,122,mg,2498,g,27,g,50,g,9,g,0,g,8,g,11,g
36,bjs restaurant,parmesan crusted chicken with mashed potatoes and steamed broccoli,74,g,499,mg,2201,g,70,g,89,g,40,g,0,g,7,g,8,g
37,bjs restaurant,italiano vegetable penne with zucchini noodles,23,g,0,mg,813,g,38,g,10,g,5,g,0,g,7,g,12,g
38,bjs restaurant,southern fried chicken with sides,89,g,419,mg,2620,g,107,g,69,g,51,g,0,g,7,g,12,g
39,bjs restaurant,house top sirloin without sides,32,g,118,mg,975,g,2,g,46,g,13,g,0,g,0,g,0,g
40,bjs restaurant,roasted chicken and spinach quinoa bowl,41,g,99,mg,1840,g,73,g,56,g,6,g,0,g,9,g,4,g
41,bjs restaurant,quinoa and rosted salmon bowl,56,g,117,mg,2180,g,77,g,57,g,9,g,0,g,11,g,7,g
42,bjs restaurant,chimichurri chicken with green onions sweet potato fries and green beans,45,g,99,mg,1391,g,63,g,44,g,6,g,0,g,10,g,16,g
43,bjs restaurant,moroccan chicken,50,g,145,mg,1768,g,21,g,49,g,14,g,0,g,9,g,7,g
44,bjs restaurant,grilled chicken alfredo with zucchini noodles,41,g,174,mg,1832,g,35,g,54,g,19,g,1,g,5,g,10,g
45,bjs restaurant,jumbo spaghetti and meatballs with zucchini noodles,67,g,158,mg,1973,g,56,g,40,g,23,g,0,g,8,g,20,g
46,bjs restaurant,roasted maple salmon pita tacos,28,g,50,mg,1610,g,101,g,36,g,4,g,0,g,9,g,27,g
47,bjs restaurant,north beach mahi mahi and shrimp,23,g,184,mg,1650,g,49,g,37,g,3,g,0,g,7,g,5,g
48,bjs restaurant,vegetarian pita tacos,17,g,5,mg,1660,g,81,g,19,g,3,g,0,g,8,g,11,g
49,bjs restaurant,grilled chicken alfredo with alfredo sauce,69,g,211,mg,2201,g,129,g,60,g,35,g,2,g,6,g,15,g
50,bjs restaurant,jumbo spaghetti and meatballs with san marzano marinara sauce,82,g,158,mg,2876,g,161,g,55,g,25,g,0,g,13,g,28,g
51,bjs restaurant,deep dish ziti,91,g,175,mg,2817,g,99,g,44,g,35,g,1,g,7,g,16,g
52,bjs restaurant,shrimp scampi pasta with garlic butter sauce,100,g,389,mg,2367,g,130,g,57,g,41,g,2,g,8,g,6,g
53,bjs restaurant,italiano vegetable penne with san marzano marinara sauce,41,g,174,mg,1832,g,35,g,54,g,19,g,1,g,5,g,10,g
54,bjs restaurant,italiano vegetable penne with grilled chicken and san marzano marinara sauce,44,g,99,mg,1372,g,93,g,57,g,8,g,0,g,8,g,14,g
55,bjs restaurant,italiano vegetable penne with cajun shrimp and san marzano marinara sauce,48,g,259,mg,1668,g,97,g,53,g,8,g,0,g,8,g,14,g
56,bjs restaurant,italiano vegetable penne with blackened chicken and san marzano marinara sauce,44,g,99,mg,1778,g,96,g,58,g,8,g,0,g,8,g,14,g
57,bjs restaurant,ahi poke,10,g,50,mg,1340,g,24,g,32,g,2,g,0,g,2,g,6,g
58,bjs restaurant,alabama sunset,0,g,0,mg,0,g,35,g,0,g,0,g,0,g,1,g,27,g
59,bjs restaurant,apple juice,0,g,0,mg,30,g,33,g,0,g,0,g,0,g,0,g,29,g
60,bjs restaurant,asian chopped salad,21,g,115,mg,1400,g,38,g,45,g,3,g,0,g,5,g,22,g
61,bjs restaurant,asparagus,0,g,0,mg,250,g,4,g,2,g,0,g,0,g,2,g,2,g
62,bjs restaurant,avocado egg rolls,65,g,75,mg,1580,g,107,g,16,g,15,g,0,g,19,g,23,g
63,bjs restaurant,avocado ranch dressing,12,g,10,mg,240,g,2,g,0,g,2,g,0,g,1,g,0,g
64,bjs restaurant,avocado toast,20,g,210,mg,620,g,47,g,12,g,4,g,0,g,8,g,20,g
65,bjs restaurant,baby back pork ribs full rack with peppered bbq sauce,68,g,230,mg,7840,g,119,g,50,g,25,g,0,g,2,g,100,g
66,bjs restaurant,baby back pork ribs half rack with peppered bbq sauce,34,g,115,mg,4260,g,74,g,25,g,12,g,0,g,1,g,64,g
67,bjs restaurant,bacon and cheese potato,69,g,140,mg,1290,g,72,g,40,g,34,g,0,g,5,g,6,g
68,bjs restaurant,bacon jam,13,g,20,mg,410,g,17,g,6,g,4,g,0,g,0,g,15,g
69,bjs restaurant,bacon 3 slices,11,g,25,mg,410,g,2,g,8,g,4,g,0,g,0,g,2,g
70,bjs restaurant,bacon guacamole deluxe burger with french fries,85,g,180,mg,3330,g,102,g,60,g,28,g,0,g,11,g,13,g
71,bjs restaurant,baked potato,28,g,20,mg,210,g,70,g,9,g,11,g,0,g,5,g,4,g
72,bjs restaurant,balsamic vinaigrette,15,g,0,mg,230,g,6,g,0,g,2,g,0,g,0,g,6,g
73,bjs restaurant,barbacoa cauliflower pita tacos,28,g,15,mg,1600,g,89,g,21,g,6,g,0,g,7,g,15,g
74,bjs restaurant,barbeque bison burger,33,g,90,mg,1290,g,67,g,31,g,13,g,0,g,5,g,21,g
75,bjs restaurant,barbeque chicken chopped salad,47,g,155,mg,2170,g,64,g,54,g,10,g,0,g,11,g,29,g
76,bjs restaurant,barbeque chicken deep dish pizza large,10,g,40,mg,1010,g,42,g,19,g,4,g,0,g,2,g,6,g
77,bjs restaurant,barbeque chicken deep dish pizza medium,10,g,40,mg,930,g,35,g,18,g,4,g,0,g,2,g,5,g
78,bjs restaurant,barbeque chicken deep dish pizza mini,5,g,20,mg,490,g,19,g,10,g,2,g,0,g,1,g,3,g
79,bjs restaurant,barbeque chicken deep dish pizza small,7,g,30,mg,710,g,27,g,15,g,3,g,0,g,1,g,4,g
80,bjs restaurant,bbq ranch dressing,12,g,10,mg,410,g,6,g,0,g,2,g,0,g,0,g,4,g
81,bjs restaurant,bbq tri tip sliders,31,g,130,mg,2820,g,133,g,49,g,7,g,0,g,1,g,50,g
82,bjs restaurant,berry sweet limeade,0,g,0,mg,30,g,56,g,0,g,0,g,0,g,1,g,52,g
83,bjs restaurant,best beginnings appetizer combo with bjs peppered bbq,120,g,300,mg,5950,g,222,g,84,g,38,g,0,g,19,g,61,g
84,bjs restaurant,best beginnings appetizer combo with cherry chipotle glaze,120,g,300,mg,5440,g,218,g,84,g,38,g,0,g,19,g,56,g
85,bjs restaurant,best beginnings appetizer combo with exxxxtra hot buffalo,120,g,300,mg,6750,g,195,g,85,g,38,g,0,g,20,g,35,g
86,bjs restaurant,best beginnings appetizer combo with garlic parmesan,141,g,300,mg,5680,g,196,g,84,g,42,g,0,g,19,g,34,g
87,bjs restaurant,best beginnings appetizer combo with hot and spicy buffalo sauce,120,g,300,mg,6780,g,194,g,85,g,38,g,0,g,20,g,35,g
88,bjs restaurant,best beginnings appetizer combo with lemon pepper sesame dry rub,120,g,300,mg,5830,g,192,g,84,g,38,g,0,g,19,g,34,g
89,bjs restaurant,best beginnings appetizer combo with nashville hot sauce,141,g,300,mg,6170,g,200,g,85,g,45,g,0,g,21,g,38,g
90,bjs restaurant,best beginnings appetizer combo with root beer glaze,120,g,300,mg,5820,g,224,g,84,g,38,g,0,g,19,g,64,g
91,bjs restaurant,best beginnings appetizer combo with sriracha dry rub,120,g,300,mg,5460,g,195,g,85,g,38,g,0,g,20,g,35,g
92,bjs restaurant,bjs bacon cheeseburger with french fries,80,g,185,mg,3560,g,98,g,59,g,28,g,0,g,8,g,15,g
93,bjs restaurant,bjs baked beignet,25,g,35,mg,490,g,91,g,9,g,9,g,0,g,3,g,56,g
94,bjs restaurant,bjs berry burst cider,0,g,0,mg,5,g,36,g,0,g,0,g,0,g,0,g,31,g
95,bjs restaurant,bjs breakfast flatbread pizza 1 slice,12,g,125,mg,340,g,11,g,9,g,4,g,0,g,1,g,1,g
96,bjs restaurant,bjs brewhouse blonde,0,g,0,mg,35,g,16,g,3,g,0,g,0,g,0,g,0,g
97,bjs restaurant,bjs brewhouse blonde fish n chips,46,g,115,mg,3500,g,139,g,54,g,9,g,0,g,10,g,4,g
98,bjs restaurant,bjs brewhouse classic pizza,6,g,15,mg,250,g,9,g,4,g,2,g,0,g,1,g,1,g
99,bjs restaurant,bjs brewhouse margarita,0,g,0,mg,15,g,15,g,0,g,0,g,0,g,0,g,14,g
100,bjs restaurant,bjs california scramble with sourdough toast,69,g,895,mg,2010,g,90,g,53,g,21,g,0,g,10,g,9,g
101,bjs restaurant,bjs classic combo deep dish pizza large,18,g,35,mg,940,g,38,g,14,g,7,g,0,g,2,g,3,g
102,bjs restaurant,bjs classic combo deep dish pizza medium,17,g,35,mg,890,g,32,g,13,g,7,g,0,g,2,g,2,g
103,bjs restaurant,bjs classic combo deep dish pizza mini,10,g,20,mg,480,g,17,g,7,g,4,g,0,g,1,g,1,g
104,bjs restaurant,bjs classic combo deep dish pizza small,13,g,25,mg,700,g,25,g,10,g,5,g,0,g,2,g,2,g
105,bjs restaurant,bjs classic mojito,0,g,0,mg,25,g,41,g,0,g,0,g,0,g,0,g,38,g
106,bjs restaurant,bjs classic rib eye,67,g,500,mg,2270,g,5,g,106,g,26,g,0,g,1,g,1,g
107,bjs restaurant,bjs committed double ipa,0,g,0,mg,15,g,22,g,5,g,0,g,0,g,0,g,0,g
108,bjs restaurant,bjs favorite deep dish pizza large,16,g,30,mg,900,g,39,g,13,g,6,g,0,g,2,g,3,g
109,bjs restaurant,bjs favorite deep dish pizza medium,15,g,30,mg,820,g,33,g,12,g,6,g,0,g,2,g,3,g
110,bjs restaurant,bjs favorite deep dish pizza mini,9,g,15,mg,440,g,18,g,7,g,3,g,0,g,1,g,1,g
111,bjs restaurant,bjs favorite deep dish pizza small,12,g,25,mg,650,g,26,g,10,g,4,g,0,g,2,g,2,g
112,bjs restaurant,bjs handcrafted ginger beer 12 oz bottle,0,g,0,mg,20,g,31,g,0,g,0,g,0,g,0,g,30,g
113,bjs restaurant,bjs handcrafted ginger beer 15 oz glass,0,g,0,mg,20,g,31,g,0,g,0,g,0,g,0,g,30,g
114,bjs restaurant,bjs harvest hefeweizen,0,g,0,mg,10,g,11,g,4,g,0,g,0,g,0,g,0,g
115,bjs restaurant,bjs hopstorm ipa,0,g,0,mg,30,g,20,g,5,g,0,g,0,g,0,g,0,g
116,bjs restaurant,bjs jeremiah red,0,g,0,mg,45,g,21,g,4,g,0,g,0,g,0,g,0,g
117,bjs restaurant,bjs lemonade,0,g,0,mg,15,g,45,g,0,g,0,g,0,g,0,g,41,g
118,bjs restaurant,bjs lightswitch lager,0,g,0,mg,25,g,9,g,3,g,0,g,0,g,0,g,0,g
119,bjs restaurant,bjs nutty brewnette,0,g,0,mg,40,g,25,g,4,g,0,g,0,g,0,g,0,g
120,bjs restaurant,bjs oasis amber,0,g,0,mg,35,g,5,g,3,g,0,g,0,g,0,g,0,g
121,bjs restaurant,bjs original wings,63,g,175,mg,2980,g,8,g,51,g,15,g,0,g,1,g,2,g
122,bjs restaurant,bjs peppered bbq,0,g,0,mg,1350,g,60,g,0,g,0,g,0,g,0,g,54,g
123,bjs restaurant,bjs piranha pale ale,0,g,0,mg,15,g,17,g,5,g,0,g,0,g,0,g,0,g
124,bjs restaurant,bjs pm porter,0,g,0,mg,35,g,22,g,4,g,0,g,0,g,0,g,0,g
125,bjs restaurant,bjs pm porter mushroom gravy,1,g,0,mg,300,g,4,g,2,g,0,g,0,g,1,g,1,g
126,bjs restaurant,bjs tatonka stout,0,g,0,mg,45,g,27,g,4,g,0,g,0,g,0,g,0,g
127,bjs restaurant,black and bleuhouse burger with french fries,64,g,130,mg,2670,g,94,g,50,g,23,g,0,g,7,g,12,g
128,bjs restaurant,black cherry soda,0,g,0,mg,30,g,47,g,0,g,0,g,0,g,0,g,47,g
129,bjs restaurant,black cherry soda float,19,g,70,mg,135,g,78,g,5,g,12,g,0,g,0,g,73,g
130,bjs restaurant,blackened chicken add on,6,g,100,mg,700,g,4,g,40,g,1,g,0,g,0,g,0,g
131,bjs restaurant,blackened chicken zucchini noodles,40,g,155,mg,1890,g,32,g,51,g,15,g,1,g,5,g,13,g
132,bjs restaurant,blackened salmon add on,25,g,115,mg,740,g,6,g,40,g,5,g,0,g,0,g,0,g
133,bjs restaurant,blackened shrimp add on,10,g,260,mg,590,g,4,g,35,g,2,g,0,g,0,g,0,g
134,bjs restaurant,bleu cheese crumbles,12,g,30,mg,570,g,2,g,9,g,8,g,0,g,0,g,0,g
135,bjs restaurant,bleu cheese dressing,20,g,25,mg,330,g,2,g,2,g,5,g,0,g,0,g,2,g
136,bjs restaurant,blood orange pom sangria,0,g,0,mg,5,g,48,g,1,g,0,g,0,g,2,g,39,g
137,bjs restaurant,blueberry topping,0,g,0,mg,0,g,14,g,1,g,0,g,0,g,2,g,11,g
138,bjs restaurant,bone in wings 10 piece,57,g,170,mg,1410,g,6,g,50,g,14,g,0,g,1,g,1,g
139,bjs restaurant,boneless chicken wings 1 lb,41,g,190,mg,3520,g,59,g,65,g,7,g,0,g,1,g,1,g
140,bjs restaurant,breakfast monkey bread pizookie,49,g,40,mg,980,g,171,g,14,g,9,g,0,g,6,g,100,g
141,bjs restaurant,breakfast tacos with breakfast potatoes,65,g,655,mg,2290,g,68,g,48,g,25,g,0,g,7,g,6,g
142,bjs restaurant,brewhouse bacon cheeseburger with french fries,65,g,145,mg,2820,g,94,g,54,g,26,g,0,g,8,g,12,g
143,bjs restaurant,brewhouse burger with french fries,51,g,105,mg,2410,g,93,g,43,g,19,g,0,g,8,g,11,g
144,bjs restaurant,brewhouse meatballs,42,g,135,mg,1130,g,23,g,25,g,17,g,0,g,2,g,5,g
145,bjs restaurant,brewhouse philly with french fries,90,g,175,mg,3210,g,108,g,63,g,24,g,0,g,10,g,20,g
146,bjs restaurant,brisk raspberry iced tea,0,g,0,mg,40,g,21,g,0,g,0,g,0,g,0,g,19,g
147,bjs restaurant,broccoli,0,g,0,mg,30,g,6,g,3,g,0,g,0,g,2,g,2,g
148,bjs restaurant,broccoli cheddar soup,26,g,50,mg,1480,g,24,g,14,g,14,g,0,g,1,g,5,g
149,bjs restaurant,broccoli cheddar soup in a sourdough loaf,42,g,50,mg,4570,g,210,g,44,g,17,g,0,g,10,g,9,g
150,bjs restaurant,brunch mimosa,0,g,0,mg,0,g,12,g,1,g,0,g,0,g,1,g,7,g
151,bjs restaurant,buffalo chicken deep dish pizza large,11,g,40,mg,1290,g,40,g,19,g,4,g,0,g,2,g,4,g
152,bjs restaurant,buffalo chicken deep dish pizza medium,11,g,40,mg,1180,g,34,g,18,g,4,g,0,g,2,g,4,g
153,bjs restaurant,buffalo chicken deep dish pizza mini,6,g,20,mg,610,g,18,g,10,g,2,g,0,g,1,g,2,g
154,bjs restaurant,buffalo chicken deep dish pizza small,8,g,30,mg,880,g,26,g,15,g,3,g,0,g,2,g,3,g
155,bjs restaurant,buffalo chicken grilled cheese sandwich with french fries,66,g,115,mg,5340,g,104,g,45,g,20,g,0,g,7,g,4,g
156,bjs restaurant,burger add on avocado,8,g,0,mg,0,g,5,g,1,g,1,g,0,g,4,g,0,g
157,bjs restaurant,burger add on bacon jam,13,g,20,mg,410,g,17,g,6,g,4,g,0,g,0,g,15,g
158,bjs restaurant,burger add on bjs pirahna pale ale chili,3,g,5,mg,230,g,5,g,3,g,1,g,0,g,1,g,1,g
159,bjs restaurant,burger add on brewhouse burger patty,19,g,85,mg,880,g,1,g,26,g,7,g,0,g,0,g,0,g
160,bjs restaurant,burger add on cheddar cheese,7,g,25,mg,135,g,0,g,6,g,5,g,0,g,0,g,0,g
161,bjs restaurant,burger add on fried egg,7,g,210,mg,180,g,0,g,6,g,2,g,0,g,0,g,0,g
162,bjs restaurant,burger add on gluten free bun,7,g,0,mg,480,g,43,g,6,g,1,g,0,g,5,g,6,g
163,bjs restaurant,burger add on housemade guacamole,8,g,0,mg,180,g,5,g,1,g,1,g,0,g,4,g,0,g
164,bjs restaurant,burger add on loaded burger patty,26,g,120,mg,930,g,0,g,35,g,10,g,0,g,0,g,0,g
165,bjs restaurant,buttermilk pancake combo,23,g,0,mg,1820,g,143,g,12,g,6,g,0,g,3,g,49,g
166,bjs restaurant,buttermilk pancake combo with bacon,33,g,25,mg,2230,g,144,g,19,g,10,g,0,g,3,g,51,g
167,bjs restaurant,buttermilk pancake combo with ham,27,g,40,mg,2660,g,144,g,25,g,7,g,0,g,3,g,51,g
168,bjs restaurant,buttermilk pancake combo with sausage,75,g,90,mg,2500,g,145,g,26,g,24,g,0,g,3,g,49,g
169,bjs restaurant,buttermilk pancakes full stack,58,g,0,mg,3140,g,211,g,19,g,17,g,0,g,5,g,65,g
170,bjs restaurant,buttermilk pancakes short stack,31,g,0,mg,1890,g,143,g,12,g,9,g,0,g,3,g,49,g
171,bjs restaurant,caesar dressing,20,g,15,mg,570,g,3,g,3,g,4,g,0,g,0,g,2,g
172,bjs restaurant,caesar salad,64,g,55,mg,2170,g,44,g,23,g,13,g,0,g,6,g,7,g
173,bjs restaurant,caesar salad with blackened chicken,70,g,155,mg,2870,g,48,g,62,g,14,g,0,g,6,g,8,g
174,bjs restaurant,caesar salad with blackened salmon,89,g,170,mg,2910,g,50,g,62,g,18,g,0,g,6,g,7,g
175,bjs restaurant,caesar salad with cajun shrimp,74,g,315,mg,2760,g,49,g,57,g,15,g,0,g,6,g,7,g
176,bjs restaurant,caesar salad with flame broiled salmon,89,g,170,mg,2400,g,44,g,62,g,18,g,0,g,6,g,7,g
177,bjs restaurant,caesar salad with grilled chicken,70,g,155,mg,2460,g,44,g,62,g,14,g,0,g,6,g,8,g
178,bjs restaurant,cajun shrimp tacos,36,g,220,mg,1370,g,58,g,36,g,6,g,0,g,8,g,7,g
179,bjs restaurant,california chicken club sandwich with french fries,66,g,160,mg,2710,g,90,g,73,g,20,g,0,g,9,g,5,g
180,bjs restaurant,california club flatbread pizza,6,g,15,mg,230,g,10,g,5,g,2,g,0,g,1,g,0,g
181,bjs restaurant,cappuccino,0,g,0,mg,100,g,10,g,0,g,0,g,0,g,0,g,10,g
182,bjs restaurant,caprese piadina with french fries,45,g,55,mg,1510,g,94,g,30,g,15,g,0,g,8,g,6,g
183,bjs restaurant,catering salads add avocado,33,g,0,mg,15,g,19,g,5,g,5,g,0,g,15,g,1,g
184,bjs restaurant,catering salads add chicken,24,g,395,mg,3400,g,1,g,157,g,4,g,0,g,0,g,1,g
185,bjs restaurant,catering salads add salmon,102,g,470,mg,1360,g,0,g,158,g,20,g,0,g,0,g,0,g
186,bjs restaurant,catering salads add shrimp,33,g,860,mg,1950,g,15,g,116,g,6,g,0,g,0,g,0,g
187,bjs restaurant,catering salads add tri tip,65,g,490,mg,9820,g,185,g,146,g,24,g,0,g,2,g,158,g
188,bjs restaurant,catering salads asian chopped salad,119,g,495,mg,6540,g,182,g,178,g,20,g,0,g,20,g,116,g
189,bjs restaurant,catering salads bbq chicken chopped salad,193,g,615,mg,13950,g,307,g,214,g,40,g,0,g,43,g,163,g
190,bjs restaurant,catering salads caesar salad,193,g,175,mg,6390,g,114,g,70,g,42,g,0,g,19,g,23,g
191,bjs restaurant,catering salads derby style cobb salad,289,g,1120,mg,11140,g,88,g,211,g,88,g,0,g,37,g,34,g
192,bjs restaurant,catering salads fresh mozzarella and tomato salad,146,g,255,mg,2550,g,85,g,112,g,52,g,0,g,15,g,61,g
193,bjs restaurant,catering salads grilled chicken antipasto salad,351,g,950,mg,15490,g,132,g,365,g,84,g,0,g,27,g,69,g
194,bjs restaurant,catering salads house salad,32,g,55,mg,1640,g,63,g,38,g,11,g,0,g,10,g,7,g
195,bjs restaurant,catering salads kale and roasted brussels sprout salad,95,g,40,mg,4960,g,267,g,48,g,19,g,0,g,38,g,175,g
196,bjs restaurant,catering salads kale and roasted brussels sprout salad with grilled sliced chicken,149,g,435,mg,8360,g,268,g,205,g,27,g,0,g,38,g,176,g
197,bjs restaurant,catering salads santa fe salad,228,g,575,mg,7830,g,231,g,206,g,41,g,0,g,52,g,35,g
198,bjs restaurant,catering alfredo sauce,168,g,420,mg,3960,g,42,g,30,g,96,g,6,g,0,g,24,g
199,bjs restaurant,catering andouille sausage,94,g,720,mg,7100,g,16,g,208,g,27,g,0,g,0,g,0,g
200,bjs restaurant,catering avocado egg rolls platter,262,g,295,mg,6390,g,512,g,65,g,59,g,0,g,74,g,173,g
201,bjs restaurant,catering baby back ribs,343,g,1140,mg,38450,g,727,g,228,g,143,g,0,g,21,g,523,g
202,bjs restaurant,catering baked ziti pasta,396,g,700,mg,12950,g,524,g,201,g,149,g,3,g,37,g,70,g
203,bjs restaurant,catering berry hibiscus botanical tea,0,g,0,mg,40,g,5,g,0,g,0,g,0,g,0,g,0,g
204,bjs restaurant,catering bjs fresh squeezed lemonade,0,g,0,mg,110,g,282,g,0,g,0,g,0,g,0,g,258,g
205,bjs restaurant,catering black cherry soda,0,g,0,mg,150,g,214,g,0,g,0,g,0,g,0,g,213,g
206,bjs restaurant,catering boneless chicken wings platter,221,g,665,mg,12730,g,187,g,196,g,34,g,0,g,3,g,3,g
207,bjs restaurant,catering broccoli,4,g,0,mg,270,g,53,g,30,g,1,g,0,g,20,g,14,g
208,bjs restaurant,catering cherry chipotle glazed salmon,105,g,470,mg,3560,g,159,g,186,g,20,g,0,g,15,g,33,g
209,bjs restaurant,catering chicken tenders platter,418,g,915,mg,18280,g,359,g,270,g,61,g,0,g,0,g,60,g
210,bjs restaurant,catering chicken wings platter,271,g,605,mg,18470,g,40,g,154,g,55,g,0,g,8,g,9,g
211,bjs restaurant,catering chips with guacamole and salsa,84,g,0,mg,5460,g,300,g,61,g,10,g,0,g,64,g,65,g
212,bjs restaurant,catering couscous mac n cheese,228,g,625,mg,5780,g,237,g,152,g,134,g,3,g,12,g,24,g
213,bjs restaurant,catering crisp potato skins platter,327,g,660,mg,8090,g,369,g,119,g,120,g,0,g,51,g,29,g
214,bjs restaurant,catering fettuccini,8,g,0,mg,55,g,280,g,49,g,2,g,0,g,11,g,15,g
215,bjs restaurant,catering fire roasted barbacoa chicken,117,g,850,mg,17910,g,353,g,406,g,24,g,0,g,63,g,24,g
216,bjs restaurant,catering fresh atlantic salmon,200,g,735,mg,4510,g,207,g,197,g,69,g,1,g,19,g,31,g
217,bjs restaurant,catering fresh fruit,2,g,0,mg,20,g,189,g,8,g,0,g,0,g,18,g,147,g
218,bjs restaurant,catering garlic green beans,22,g,0,mg,810,g,52,g,13,g,3,g,0,g,23,g,10,g
219,bjs restaurant,catering garlic knots,48,g,0,mg,2520,g,192,g,36,g,12,g,0,g,12,g,12,g
220,bjs restaurant,catering garlic knots with marinara sauce,58,g,0,mg,3810,g,216,g,42,g,14,g,0,g,16,g,27,g
221,bjs restaurant,catering grilled chicken,31,g,495,mg,4250,g,1,g,196,g,5,g,0,g,0,g,1,g
222,bjs restaurant,catering grilled chicken alfredo,308,g,845,mg,10480,g,645,g,263,g,149,g,8,g,32,g,69,g
223,bjs restaurant,catering italian hoagie,44,g,95,mg,2520,g,51,g,35,g,14,g,0,g,4,g,7,g
224,bjs restaurant,catering italiano vegetable penne,239,g,0,mg,9180,g,793,g,155,g,45,g,0,g,65,g,113,g
225,bjs restaurant,catering jumbo spaghetti and meatballs,318,g,635,mg,13030,g,768,g,244,g,102,g,0,g,59,g,121,g
226,bjs restaurant,catering lemon thyme chicken,79,g,595,mg,9440,g,206,g,266,g,12,g,0,g,22,g,21,g
227,bjs restaurant,catering mandarin orange green tea,0,g,0,mg,40,g,5,g,0,g,0,g,0,g,0,g,0,g
228,bjs restaurant,catering marinara sauce,20,g,0,mg,2940,g,56,g,9,g,3,g,0,g,9,g,37,g
229,bjs restaurant,catering meatballs,120,g,395,mg,1850,g,36,g,70,g,47,g,0,g,3,g,9,g
230,bjs restaurant,catering mediterranean chicken hoagie,22,g,115,mg,1820,g,50,g,55,g,6,g,0,g,4,g,6,g
231,bjs restaurant,catering mini chocolate chunk pizookie,23,g,60,mg,430,g,86,g,7,g,14,g,0,g,2,g,61,g
232,bjs restaurant,catering moroccan chicken,258,g,870,mg,9770,g,124,g,295,g,76,g,1,g,54,g,44,g
233,bjs restaurant,catering mozzarella sticks platter,123,g,320,mg,6890,g,249,g,101,g,52,g,0,g,5,g,50,g
234,bjs restaurant,catering new orleans jambalaya,199,g,980,mg,14150,g,407,g,277,g,42,g,2,g,28,g,72,g
235,bjs restaurant,catering orange cream soda,0,g,0,mg,160,g,234,g,0,g,0,g,0,g,0,g,227,g
236,bjs restaurant,catering parmesan crusted chicken,298,g,1995,mg,8870,g,297,g,362,g,159,g,0,g,33,g,37,g
237,bjs restaurant,catering penne,22,g,0,mg,65,g,332,g,57,g,2,g,0,g,16,g,16,g
238,bjs restaurant,catering potato chips,156,g,0,mg,5360,g,336,g,32,g,36,g,0,g,32,g,0,g
239,bjs restaurant,catering rice pilaf,60,g,0,mg,6210,g,389,g,45,g,10,g,1,g,10,g,46,g
240,bjs restaurant,catering roasted chicken and spinach quinoa,208,g,590,mg,10500,g,375,g,329,g,30,g,0,g,53,g,44,g
241,bjs restaurant,catering roasted shrimp and spinach quinoa,191,g,1550,mg,10270,g,382,g,301,g,27,g,0,g,53,g,42,g
242,bjs restaurant,catering root beer,0,g,0,mg,130,g,266,g,0,g,0,g,0,g,0,g,256,g
243,bjs restaurant,catering root beer glazed ribs appetizer,69,g,230,mg,15410,g,553,g,62,g,25,g,0,g,9,g,496,g
244,bjs restaurant,catering shrimp scampi pasta,431,g,1555,mg,11150,g,648,g,250,g,174,g,9,g,39,g,34,g
245,bjs restaurant,catering sliders,129,g,485,mg,5990,g,387,g,195,g,40,g,0,g,7,g,72,g
246,bjs restaurant,catering spaghetti,7,g,0,mg,25,g,280,g,47,g,0,g,0,g,13,g,7,g
247,bjs restaurant,catering spicy peanut soba noodles,503,g,845,mg,16030,g,595,g,359,g,110,g,0,g,65,g,179,g
248,bjs restaurant,catering spinach and artichoke dip platter,200,g,540,mg,6300,g,294,g,105,g,111,g,0,g,43,g,59,g
249,bjs restaurant,catering strawberry lemonade,0,g,0,mg,95,g,298,g,1,g,0,g,0,g,6,g,271,g
250,bjs restaurant,catering sunset peach botanical tea,0,g,0,mg,40,g,1,g,0,g,0,g,0,g,0,g,0,g
251,bjs restaurant,catering tri tip entree,182,g,1035,mg,19250,g,373,g,272,g,84,g,0,g,17,g,217,g
252,bjs restaurant,catering turkey club hoagie,44,g,135,mg,2820,g,49,g,49,g,9,g,0,g,3,g,8,g
253,bjs restaurant,catering turmeric roasted cauliflower,108,g,0,mg,3330,g,128,g,44,g,14,g,0,g,47,g,31,g
254,bjs restaurant,catering vanilla cream soda,0,g,0,mg,150,g,215,g,0,g,0,g,0,g,0,g,215,g
255,bjs restaurant,catering vegetable and spinach quinoa,173,g,0,mg,5400,g,373,g,94,g,24,g,0,g,53,g,42,g
256,bjs restaurant,catering vegetarian hoagie,20,g,5,mg,1090,g,58,g,11,g,4,g,0,g,9,g,6,g
257,bjs restaurant,catering white cheddar mashed potatoes,183,g,550,mg,10970,g,329,g,73,g,110,g,0,g,37,g,37,g
258,bjs restaurant,cheese and tomato deep dish pizza large,11,g,25,mg,760,g,37,g,12,g,5,g,0,g,2,g,2,g
259,bjs restaurant,cheese and tomato deep dish pizza medium,11,g,25,mg,710,g,31,g,12,g,5,g,0,g,2,g,2,g
260,bjs restaurant,cheese and tomato deep dish pizza mini,6,g,10,mg,360,g,16,g,6,g,2,g,0,g,1,g,1,g
261,bjs restaurant,cheese and tomato deep dish pizza small,9,g,20,mg,560,g,24,g,9,g,4,g,0,g,1,g,2,g
262,bjs restaurant,cherry chipotle glaze,1,g,0,mg,340,g,53,g,1,g,0,g,0,g,0,g,44,g
263,bjs restaurant,cherry chipotle glazed salmon,26,g,115,mg,890,g,40,g,46,g,5,g,0,g,4,g,8,g
264,bjs restaurant,chicken bacon ranch deep dish pizza large,23,g,65,mg,1140,g,38,g,24,g,8,g,0,g,2,g,3,g
265,bjs restaurant,chicken bacon ranch deep dish pizza medium,21,g,55,mg,1030,g,32,g,22,g,7,g,0,g,2,g,3,g
266,bjs restaurant,chicken bacon ranch deep dish pizza mini,12,g,35,mg,580,g,17,g,13,g,4,g,0,g,1,g,2,g
267,bjs restaurant,chicken bacon ranch deep dish pizza small,16,g,45,mg,830,g,25,g,18,g,6,g,0,g,2,g,2,g
268,bjs restaurant,chicken bacon ranch piadina with french fries,61,g,105,mg,2350,g,92,g,43,g,17,g,0,g,7,g,4,g
269,bjs restaurant,chicken lettuce wraps,21,g,50,mg,2660,g,43,g,31,g,3,g,0,g,5,g,27,g
270,bjs restaurant,chicken pot stickers,11,g,40,mg,1750,g,59,g,18,g,2,g,0,g,3,g,14,g
271,bjs restaurant,chicken tenders with french fries,59,g,110,mg,2840,g,85,g,40,g,10,g,0,g,5,g,5,g
272,bjs restaurant,chicken tortilla soup,12,g,25,mg,1850,g,30,g,12,g,3,g,0,g,4,g,4,g
273,bjs restaurant,chicken tortilla soup in a sourdough loaf,29,g,25,mg,4940,g,216,g,42,g,6,g,0,g,13,g,8,g
274,bjs restaurant,chimichurri chicken,45,g,100,mg,1390,g,63,g,44,g,6,g,0,g,10,g,16,g
275,bjs restaurant,chimichurri sauce,23,g,0,mg,180,g,2,g,1,g,3,g,0,g,1,g,0,g
276,bjs restaurant,chips and fire roasted salsa,10,g,0,mg,1440,g,105,g,21,g,1,g,0,g,14,g,24,g
277,bjs restaurant,chocolate chunk pizookie,45,g,120,mg,870,g,172,g,14,g,28,g,0,g,3,g,122,g
278,bjs restaurant,chocolate milk,9,g,45,mg,290,g,73,g,18,g,5,g,0,g,0,g,61,g
279,bjs restaurant,clam chowder in a sourdough loaf with oyster crackers,42,g,85,mg,4680,g,219,g,45,g,14,g,0,g,10,g,5,g
280,bjs restaurant,clam chowder with oyster crackers,26,g,85,mg,1600,g,33,g,15,g,11,g,0,g,1,g,1,g
281,bjs restaurant,classic bloody mary,1,g,0,mg,1510,g,25,g,2,g,0,g,0,g,1,g,18,g
282,bjs restaurant,classic breakfast sandwich with bacon with toasted gourmet bun,46,g,620,mg,1810,g,93,g,42,g,18,g,0,g,7,g,14,g
283,bjs restaurant,classic breakfast sandwich with bacon with toasted sourdough bread,45,g,605,mg,1900,g,85,g,40,g,15,g,0,g,6,g,6,g
284,bjs restaurant,classic breakfast sandwich with bacon with toasted wheat bread,47,g,605,mg,1770,g,89,g,39,g,16,g,0,g,8,g,9,g
285,bjs restaurant,classic breakfast sandwich with ham with toasted gourmet bun,40,g,635,mg,2240,g,93,g,48,g,16,g,0,g,7,g,14,g
286,bjs restaurant,classic breakfast sandwich with ham with toasted sourdough bread,39,g,620,mg,2340,g,85,g,46,g,12,g,0,g,6,g,6,g
287,bjs restaurant,classic breakfast sandwich with ham with toasted wheat bread,41,g,620,mg,2200,g,89,g,45,g,14,g,0,g,8,g,9,g
288,bjs restaurant,classic breakfast sandwich with sausage with toasted gourmet bun,87,g,690,mg,2080,g,94,g,49,g,32,g,0,g,7,g,12,g
289,bjs restaurant,classic breakfast sandwich with sausage with toasted sourdough bread,87,g,675,mg,2180,g,86,g,46,g,29,g,0,g,6,g,5,g
290,bjs restaurant,classic breakfast sandwich with sausage with toasted wheat bread,88,g,675,mg,2040,g,90,g,46,g,30,g,0,g,8,g,8,g
291,bjs restaurant,classic burger with french fries,66,g,150,mg,3160,g,97,g,49,g,21,g,0,g,8,g,14,g
292,bjs restaurant,classic crispy chicken sandwich with french fries,56,g,110,mg,2380,g,118,g,37,g,17,g,0,g,8,g,17,g
293,bjs restaurant,classic grilled cheese sandwich with french fries,58,g,95,mg,1710,g,78,g,29,g,25,g,0,g,6,g,2,g
294,bjs restaurant,classic prime rib dip with french fries,118,g,150,mg,3050,g,101,g,45,g,33,g,0,g,8,g,16,g
295,bjs restaurant,coco breeze margarita,4,g,0,mg,35,g,42,g,1,g,3,g,0,g,1,g,37,g
296,bjs restaurant,coffee,0,g,0,mg,5,g,0,g,0,g,0,g,0,g,0,g,0,g
297,bjs restaurant,cookies n cream pizookie,60,g,70,mg,1040,g,159,g,14,g,31,g,0,g,3,g,101,g
298,bjs restaurant,cranberry juice,0,g,0,mg,40,g,39,g,0,g,0,g,0,g,0,g,39,g
299,bjs restaurant,creamy broccoli potato,44,g,130,mg,1010,g,82,g,34,g,27,g,1,g,8,g,8,g
300,bjs restaurant,creamy couscous mac and cheese,38,g,105,mg,960,g,39,g,25,g,22,g,1,g,2,g,4,g
301,bjs restaurant,crisp potato skins platter,59,g,135,mg,1770,g,116,g,38,g,26,g,0,g,18,g,5,g
302,bjs restaurant,crispy calamari,19,g,535,mg,1660,g,58,g,46,g,4,g,0,g,3,g,6,g
303,bjs restaurant,crispy fried artichokes,16,g,5,mg,2200,g,52,g,9,g,3,g,0,g,4,g,4,g
304,bjs restaurant,crispy jalapeno burger with french fries,87,g,185,mg,3190,g,105,g,55,g,27,g,0,g,8,g,12,g
305,bjs restaurant,crispy zucchini strings,34,g,80,mg,3250,g,103,g,14,g,15,g,0,g,6,g,9,g
306,bjs restaurant,cucumber mint sparkling water,0,g,0,mg,30,g,8,g,0,g,0,g,0,g,0,g,0,g
307,bjs restaurant,decaf coffee,0,g,0,mg,5,g,0,g,0,g,0,g,0,g,0,g,0,g
308,bjs restaurant,deep dish ziti,91,g,175,mg,2820,g,99,g,44,g,35,g,1,g,7,g,16,g
309,bjs restaurant,derby style cobb salad,69,g,280,mg,2780,g,20,g,52,g,22,g,0,g,8,g,8,g
310,bjs restaurant,diet dr pepper,0,g,0,mg,45,g,0,g,0,g,0,g,0,g,0,g,0,g
311,bjs restaurant,diet pepsi,0,g,0,mg,40,g,0,g,0,g,0,g,0,g,0,g,0,g
312,bjs restaurant,double bone in pork chop,38,g,140,mg,2210,g,13,g,55,g,16,g,0,g,1,g,11,g
313,bjs restaurant,dr pepper,0,g,0,mg,45,g,34,g,0,g,0,g,0,g,0,g,34,g
314,bjs restaurant,enlightened veggie omelette with fresh fruit,8,g,15,mg,770,g,23,g,22,g,3,g,0,g,3,g,13,g
315,bjs restaurant,exxxxtra hot buffalo,0,g,0,mg,2960,g,6,g,1,g,0,g,0,g,2,g,1,g
316,bjs restaurant,fire roasted barbacoa chicken,15,g,105,mg,2240,g,44,g,51,g,3,g,0,g,8,g,3,g
317,bjs restaurant,flame broiled salmon add on,25,g,115,mg,230,g,0,g,40,g,5,g,0,g,0,g,0,g
318,bjs restaurant,flame broiled mahi mahi tacos,35,g,110,mg,1230,g,56,g,31,g,6,g,0,g,8,g,7,g
319,bjs restaurant,fresh atlantic salmon entree blackened,49,g,185,mg,1690,g,50,g,48,g,17,g,0,g,1,g,7,g
320,bjs restaurant,fresh atlantic salmon entree flame broiled,50,g,185,mg,1320,g,49,g,48,g,17,g,0,g,4,g,7,g
321,bjs restaurant,fresh fruit,0,g,0,mg,0,g,13,g,1,g,0,g,0,g,1,g,10,g
322,bjs restaurant,fresh mozzarella and tomato salad,18,g,30,mg,320,g,11,g,14,g,7,g,0,g,2,g,8,g
323,bjs restaurant,fried mahi mahi tacos,35,g,65,mg,1990,g,91,g,25,g,6,g,0,g,9,g,8,g
324,bjs restaurant,fried wisconsin cheese curds,91,g,195,mg,1850,g,20,g,48,g,42,g,2,g,0,g,2,g
325,bjs restaurant,fries,19,g,0,mg,640,g,40,g,4,g,4,g,0,g,4,g,0,g
326,bjs restaurant,garlic bread knots,8,g,0,mg,420,g,32,g,6,g,2,g,0,g,2,g,2,g
327,bjs restaurant,garlic butter,6,g,10,mg,110,g,0,g,0,g,3,g,0,g,0,g,0,g
328,bjs restaurant,garlic chicken pesto pizza,5,g,15,mg,270,g,9,g,5,g,2,g,0,g,1,g,1,g
329,bjs restaurant,garlic parmesan,42,g,0,mg,820,g,8,g,0,g,9,g,0,g,0,g,0,g
330,bjs restaurant,garlic parmesan knots,17,g,0,mg,980,g,66,g,13,g,4,g,0,g,4,g,6,g
331,bjs restaurant,ghirardelli double chocolate chip ice cream 1 scoop,10,g,30,mg,55,g,24,g,4,g,6,g,0,g,1,g,20,g
332,bjs restaurant,ghirardelli double chocolate chip ice cream 2 scoops,19,g,60,mg,110,g,48,g,7,g,12,g,0,g,2,g,41,g
333,bjs restaurant,gluten free chocolate chip pizookie,52,g,145,mg,700,g,165,g,13,g,30,g,0,g,4,g,125,g
334,bjs restaurant,gluten free thin crust cheese pizza,6,g,10,mg,250,g,14,g,4,g,2,g,0,g,0,g,1,g
335,bjs restaurant,gourmet five meat deep dish pizza large,20,g,45,mg,1020,g,39,g,17,g,8,g,0,g,2,g,3,g
336,bjs restaurant,gourmet five meat deep dish pizza medium,18,g,40,mg,950,g,33,g,16,g,7,g,0,g,2,g,3,g
337,bjs restaurant,gourmet five meat deep dish pizza mini,14,g,35,mg,660,g,18,g,11,g,6,g,0,g,1,g,2,g
338,bjs restaurant,gourmet five meat deep dish pizza small,17,g,45,mg,880,g,26,g,15,g,7,g,0,g,2,g,2,g
339,bjs restaurant,grapefruit juice,0,g,0,mg,15,g,26,g,1,g,0,g,0,g,0,g,19,g
340,bjs restaurant,great white deep dish pizza large,15,g,50,mg,970,g,38,g,20,g,6,g,0,g,2,g,3,g
341,bjs restaurant,great white deep dish pizza medium,14,g,45,mg,910,g,32,g,19,g,6,g,0,g,2,g,3,g
342,bjs restaurant,great white deep dish pizza mini,7,g,25,mg,480,g,17,g,11,g,3,g,0,g,1,g,2,g
343,bjs restaurant,great white deep dish pizza small,10,g,35,mg,700,g,25,g,15,g,4,g,0,g,2,g,2,g
344,bjs restaurant,grilled chicken add on,6,g,100,mg,850,g,0,g,39,g,1,g,0,g,0,g,0,g
345,bjs restaurant,grilled chicken alfredo,69,g,210,mg,2200,g,129,g,60,g,35,g,2,g,6,g,15,g
346,bjs restaurant,grilled chicken alfredo with zucchini noodles,41,g,175,mg,1830,g,35,g,54,g,19,g,1,g,5,g,10,g
347,bjs restaurant,grilled chicken antipasto salad,51,g,160,mg,2600,g,21,g,61,g,13,g,0,g,4,g,11,g
348,bjs restaurant,grilled chicken potato,50,g,225,mg,1830,g,77,g,70,g,28,g,1,g,6,g,6,g
349,bjs restaurant,grilled onions,2,g,0,mg,85,g,8,g,1,g,0,g,0,g,1,g,4,g
350,bjs restaurant,half california chicken club sandwich,43,g,80,mg,1670,g,65,g,39,g,12,g,0,g,7,g,3,g
351,bjs restaurant,half california club flatbread pizza,24,g,55,mg,940,g,40,g,20,g,8,g,0,g,4,g,0,g
352,bjs restaurant,half margherita flatbread pizza,20,g,50,mg,890,g,40,g,20,g,8,g,0,g,4,g,4,g
353,bjs restaurant,half pepperoni extreme flatbread pizza,28,g,70,mg,1220,g,40,g,20,g,12,g,0,g,0,g,0,g
354,bjs restaurant,ham,5,g,40,mg,840,g,2,g,14,g,2,g,0,g,0,g,2,g
355,bjs restaurant,hand pulled turkey dip with french fries,101,g,170,mg,4300,g,108,g,62,g,27,g,0,g,8,g,21,g
356,bjs restaurant,handcrafted margarita,0,g,0,mg,15,g,18,g,0,g,0,g,0,g,1,g,12,g
357,bjs restaurant,hickory brisket and bacon burger with french fries,99,g,245,mg,4280,g,123,g,76,g,36,g,0,g,7,g,37,g
358,bjs restaurant,hickory smoked sausage,51,g,95,mg,2570,g,74,g,33,g,15,g,0,g,4,g,19,g
359,bjs restaurant,honey ginger dressing,14,g,15,mg,380,g,12,g,0,g,2,g,0,g,0,g,11,g
360,bjs restaurant,honey mustard dressing,24,g,15,mg,240,g,8,g,0,g,4,g,0,g,0,g,8,g
361,bjs restaurant,honey sriracha brussels sprouts,6,g,0,mg,1350,g,31,g,11,g,1,g,0,g,9,g,15,g
362,bjs restaurant,honey sriracha brussels sprouts side,4,g,0,mg,940,g,23,g,9,g,1,g,0,g,7,g,11,g
363,bjs restaurant,honey crisp chicken salad,103,g,360,mg,2330,g,75,g,42,g,16,g,0,g,6,g,36,g
364,bjs restaurant,hot and spicy buffalo,0,g,0,mg,3020,g,4,g,1,g,0,g,0,g,1,g,2,g
365,bjs restaurant,hot chocolate,6,g,0,mg,170,g,25,g,1,g,4,g,0,g,1,g,19,g
366,bjs restaurant,hot fudge brownie pizookie,60,g,170,mg,350,g,129,g,16,g,29,g,0,g,5,g,102,g
367,bjs restaurant,hot ham and grilled cheese with french fries,61,g,100,mg,3330,g,84,g,35,g,23,g,0,g,8,g,4,g
368,bjs restaurant,hot tea,0,g,0,mg,5,g,0,g,0,g,0,g,0,g,0,g,0,g
369,bjs restaurant,house salad no dressing,4,g,5,mg,210,g,8,g,5,g,1,g,0,g,1,g,1,g
370,bjs restaurant,house top sirloin,32,g,120,mg,980,g,2,g,46,g,13,g,0,g,0,g,0,g
371,bjs restaurant,housemade guacamole and chips,30,g,0,mg,1170,g,112,g,23,g,3,g,0,g,22,g,22,g
372,bjs restaurant,italian dressing,18,g,0,mg,270,g,2,g,0,g,2,g,0,g,0,g,2,g
373,bjs restaurant,italian meatball sub with french fries,84,g,185,mg,2800,g,108,g,48,g,29,g,0,g,9,g,13,g
374,bjs restaurant,italiano vegetable penne,38,g,0,mg,1080,g,92,g,18,g,7,g,0,g,8,g,14,g
375,bjs restaurant,italiano vegetable penne with blackened chicken,44,g,100,mg,1780,g,96,g,58,g,8,g,0,g,8,g,14,g
376,bjs restaurant,italiano vegetable penne with cajun shrimp,48,g,260,mg,1670,g,97,g,53,g,8,g,0,g,8,g,14,g
377,bjs restaurant,italiano vegetable penne with grilled chicken,44,g,100,mg,1370,g,93,g,57,g,8,g,0,g,8,g,14,g
378,bjs restaurant,italiano vegetable penne with zucchini noodles,23,g,0,mg,810,g,38,g,10,g,5,g,0,g,7,g,12,g
379,bjs restaurant,jumbo spaghetti and meatballs,82,g,160,mg,2880,g,161,g,55,g,25,g,0,g,13,g,28,g
380,bjs restaurant,jumbo spaghetti and meatballs with zucchini noodles,67,g,160,mg,1970,g,56,g,40,g,23,g,0,g,8,g,20,g
381,bjs restaurant,kale and roasted brussels sprouts salad,20,g,10,mg,840,g,54,g,11,g,4,g,0,g,8,g,34,g
382,bjs restaurant,kale and roasted brussels sprouts salad with blackened chicken,26,g,110,mg,1530,g,58,g,51,g,5,g,0,g,8,g,34,g
383,bjs restaurant,kale and roasted brussels sprouts salad with blackened salmon,45,g,125,mg,1580,g,60,g,51,g,9,g,0,g,8,g,34,g
384,bjs restaurant,kale and roasted brussels sprouts salad with cajun shrimp,30,g,270,mg,1420,g,59,g,46,g,6,g,0,g,8,g,34,g
385,bjs restaurant,kale and roasted brussels sprouts salad with flame broiled salmon,45,g,125,mg,1070,g,54,g,51,g,9,g,0,g,8,g,34,g
386,bjs restaurant,kale and roasted brussels sprouts salad with grilled chicken,26,g,110,mg,1130,g,54,g,50,g,5,g,0,g,8,g,34,g
387,bjs restaurant,kids apple juice,0,g,0,mg,25,g,29,g,0,g,0,g,0,g,0,g,26,g
388,bjs restaurant,kids apple sauce,0,g,0,mg,0,g,17,g,0,g,0,g,0,g,1,g,15,g
389,bjs restaurant,kids bjs handcrafted root beer,0,g,0,mg,30,g,58,g,0,g,0,g,0,g,0,g,56,g
390,bjs restaurant,kids boneless wings with root beer glaze,26,g,100,mg,2230,g,51,g,33,g,4,g,0,g,0,g,20,g
391,bjs restaurant,kids broiled shrimp,28,g,210,mg,460,g,4,g,26,g,5,g,0,g,1,g,0,g
392,bjs restaurant,kids brown rice and quinoa,3,g,0,mg,140,g,33,g,6,g,0,g,0,g,3,g,0,g
393,bjs restaurant,kids burger,27,g,100,mg,950,g,49,g,35,g,12,g,0,g,3,g,10,g
394,bjs restaurant,kids cheese pizza 1 slice,6,g,10,mg,360,g,16,g,6,g,2,g,0,g,1,g,1,g
395,bjs restaurant,kids chicken tenders with ranch dressing,26,g,80,mg,1710,g,31,g,27,g,4,g,0,g,1,g,0,g
396,bjs restaurant,kids chocolate chunk pizookie,23,g,60,mg,430,g,86,g,7,g,14,g,0,g,2,g,61,g
397,bjs restaurant,kids chocolate milk,4,g,20,mg,150,g,36,g,9,g,3,g,0,g,0,g,30,g
398,bjs restaurant,kids cookies n cream pizookie,32,g,45,mg,530,g,86,g,8,g,17,g,0,g,2,g,56,g
399,bjs restaurant,kids cranberry juice,0,g,0,mg,35,g,35,g,0,g,0,g,0,g,0,g,35,g
400,bjs restaurant,kids crispy chicken tender taco,26,g,45,mg,890,g,27,g,15,g,7,g,0,g,1,g,5,g
401,bjs restaurant,kids crispy mahi mahi taco,27,g,50,mg,950,g,34,g,13,g,7,g,0,g,2,g,1,g
402,bjs restaurant,kids diet dr pepper,0,g,0,mg,55,g,0,g,0,g,0,g,0,g,0,g,0,g
403,bjs restaurant,kids diet pepsi,0,g,0,mg,40,g,0,g,0,g,0,g,0,g,0,g,0,g
404,bjs restaurant,kids dr pepper,0,g,0,mg,45,g,34,g,0,g,0,g,0,g,0,g,34,g
405,bjs restaurant,kids fresh fruit,0,g,0,mg,0,g,13,g,1,g,0,g,0,g,1,g,10,g
406,bjs restaurant,kids fries,13,g,0,mg,430,g,27,g,3,g,3,g,0,g,3,g,0,g
407,bjs restaurant,kids garlic knot,4,g,0,mg,210,g,16,g,3,g,1,g,0,g,1,g,1,g
408,bjs restaurant,kids gluten free chocolate chip pizookie,26,g,70,mg,350,g,83,g,6,g,15,g,0,g,2,g,63,g
409,bjs restaurant,kids grilled chicken,6,g,100,mg,850,g,0,g,39,g,1,g,0,g,0,g,0,g
410,bjs restaurant,kids grilled mahi mahi taco,27,g,70,mg,500,g,13,g,16,g,7,g,0,g,1,g,0,g
411,bjs restaurant,kids happy face potatoes,8,g,0,mg,230,g,24,g,2,g,1,g,0,g,2,g,0,g
412,bjs restaurant,kids house salad,4,g,5,mg,210,g,8,g,5,g,1,g,0,g,1,g,1,g
413,bjs restaurant,kids lemonade,0,g,0,mg,15,g,44,g,0,g,0,g,0,g,0,g,40,g
414,bjs restaurant,kids mac and cheese,16,g,35,mg,1190,g,68,g,17,g,5,g,0,g,3,g,16,g
415,bjs restaurant,kids mashed potatoes,14,g,40,mg,820,g,25,g,5,g,8,g,0,g,3,g,3,g
416,bjs restaurant,kids milk,5,g,25,mg,150,g,14,g,10,g,3,g,0,g,0,g,13,g
417,bjs restaurant,kids mini corn dogs,29,g,40,mg,1060,g,36,g,14,g,8,g,0,g,0,g,8,g
418,bjs restaurant,kids mist twst,0,g,0,mg,30,g,33,g,0,g,0,g,0,g,0,g,33,g
419,bjs restaurant,kids monkey bread pizookie,28,g,55,mg,540,g,89,g,8,g,10,g,0,g,2,g,52,g
420,bjs restaurant,kids mountain dew,0,g,0,mg,65,g,39,g,0,g,0,g,0,g,0,g,39,g
421,bjs restaurant,kids orange juice,0,g,0,mg,15,g,26,g,2,g,0,g,0,g,2,g,21,g
422,bjs restaurant,kids pancake combo with bacon,25,g,175,mg,810,g,55,g,11,g,8,g,0,g,1,g,24,g
423,bjs restaurant,kids pasta alfredo,29,g,75,mg,700,g,7,g,6,g,17,g,1,g,0,g,4,g
424,bjs restaurant,kids pasta butter and parmesan,2,g,5,mg,30,g,0,g,1,g,1,g,0,g,0,g,0,g
425,bjs restaurant,kids pasta fettuccini,1,g,0,mg,10,g,48,g,8,g,0,g,0,g,2,g,3,g
426,bjs restaurant,kids pasta grilled chicken,3,g,50,mg,430,g,0,g,20,g,1,g,0,g,0,g,0,g
427,bjs restaurant,kids pasta marinara,3,g,0,mg,490,g,9,g,2,g,1,g,0,g,2,g,6,g
428,bjs restaurant,kids pasta meatball,12,g,40,mg,190,g,4,g,7,g,5,g,0,g,0,g,1,g
429,bjs restaurant,kids pasta penne,2,g,0,mg,5,g,31,g,5,g,0,g,0,g,2,g,2,g
430,bjs restaurant,kids pasta spaghetti,1,g,0,mg,5,g,48,g,8,g,0,g,0,g,2,g,1,g
431,bjs restaurant,kids peanut butter pizookie,33,g,55,mg,420,g,68,g,10,g,15,g,0,g,2,g,49,g
432,bjs restaurant,kids pepperoni pizza 1 slice,9,g,15,mg,440,g,17,g,7,g,3,g,0,g,1,g,1,g
433,bjs restaurant,kids pepsi,0,g,0,mg,30,g,34,g,0,g,0,g,0,g,0,g,34,g
434,bjs restaurant,kids salted caramel pizookie,28,g,65,mg,740,g,108,g,7,g,14,g,0,g,1,g,85,g
435,bjs restaurant,kids steamed broccoli,0,g,0,mg,240,g,6,g,3,g,0,g,0,g,2,g,2,g
436,bjs restaurant,kids sundae,16,g,35,mg,75,g,56,g,2,g,11,g,0,g,0,g,49,g
437,bjs restaurant,kids sweet potato fries,8,g,0,mg,290,g,35,g,1,g,1,g,0,g,4,g,9,g
438,bjs restaurant,kids triple chocolate pizookie,29,g,60,mg,250,g,75,g,8,g,15,g,0,g,4,g,49,g
439,bjs restaurant,kids veggies and dip,17,g,15,mg,520,g,6,g,2,g,2,g,0,g,2,g,2,g
440,bjs restaurant,kids white chocolate macadamia nut pizookie,29,g,60,mg,430,g,81,g,7,g,14,g,0,g,2,g,56,g
441,bjs restaurant,kids hot fudge brownie pizookie,32,g,95,mg,190,g,72,g,8,g,16,g,0,g,3,g,58,g
442,bjs restaurant,kids pancakes,16,g,0,mg,620,g,54,g,3,g,5,g,0,g,1,g,23,g
443,bjs restaurant,large pizza topping anchovies,1,g,10,mg,460,g,0,g,2,g,0,g,0,g,0,g,0,g
444,bjs restaurant,large pizza topping applewood smoked bacon,3,g,5,mg,130,g,1,g,2,g,1,g,0,g,0,g,1,g
445,bjs restaurant,large pizza topping artichoke hearts,0,g,0,mg,170,g,2,g,1,g,0,g,0,g,2,g,0,g
446,bjs restaurant,large pizza topping black olives,4,g,0,mg,200,g,2,g,0,g,0,g,0,g,0,g,0,g
447,bjs restaurant,large pizza topping extra bjs signature five cheese blend,5,g,15,mg,170,g,1,g,4,g,3,g,0,g,0,g,0,g
448,bjs restaurant,large pizza topping fire roasted red peppers,0,g,0,mg,210,g,3,g,0,g,0,g,0,g,1,g,2,g
449,bjs restaurant,large pizza topping green bell peppers,0,g,0,mg,0,g,1,g,0,g,0,g,0,g,1,g,1,g
450,bjs restaurant,large pizza topping grilled chicken,1,g,20,mg,190,g,0,g,9,g,0,g,0,g,0,g,0,g
451,bjs restaurant,large pizza topping housemade meatballs,10,g,35,mg,150,g,3,g,6,g,4,g,0,g,0,g,1,g
452,bjs restaurant,large pizza topping italian sausage,11,g,20,mg,280,g,1,g,4,g,4,g,0,g,1,g,0,g
453,bjs restaurant,large pizza topping jalapenos,0,g,0,mg,40,g,0,g,0,g,0,g,0,g,0,g,0,g
454,bjs restaurant,large pizza topping mushrooms,0,g,0,mg,0,g,1,g,0,g,0,g,0,g,0,g,0,g
455,bjs restaurant,large pizza topping onions,0,g,0,mg,0,g,3,g,0,g,0,g,0,g,0,g,1,g
456,bjs restaurant,large pizza topping pepperoni,3,g,10,mg,120,g,0,g,1,g,1,g,0,g,0,g,0,g
457,bjs restaurant,large pizza topping pineapple,0,g,0,mg,0,g,6,g,0,g,0,g,0,g,0,g,5,g
458,bjs restaurant,large pizza topping roasted asparagus,0,g,0,mg,0,g,1,g,0,g,0,g,0,g,0,g,0,g
459,bjs restaurant,large pizza topping roasted garlic,0,g,0,mg,0,g,1,g,0,g,0,g,0,g,0,g,0,g
460,bjs restaurant,large pizza topping smoked ham,1,g,5,mg,110,g,0,g,2,g,0,g,0,g,0,g,0,g
461,bjs restaurant,latte,0,g,0,mg,100,g,10,g,0,g,0,g,0,g,0,g,10,g
462,bjs restaurant,lemon berry rita,0,g,0,mg,25,g,29,g,0,g,0,g,0,g,1,g,26,g
463,bjs restaurant,lemon herb chicken and asparagus zucchini noodles,36,g,120,mg,2500,g,27,g,50,g,9,g,0,g,8,g,11,g
464,bjs restaurant,lemon pepper sesame dry rub,0,g,0,mg,1120,g,0,g,0,g,0,g,0,g,0,g,0,g
465,bjs restaurant,lemon thyme chicken,19,g,135,mg,2240,g,52,g,60,g,3,g,0,g,5,g,5,g
466,bjs restaurant,loaded nachos with chicken,159,g,515,mg,5570,g,174,g,158,g,87,g,1,g,26,g,40,g
467,bjs restaurant,loaded nachos with pirahna pale ale chili,164,g,440,mg,5630,g,193,g,130,g,90,g,1,g,30,g,42,g
468,bjs restaurant,lunch grilled chicken alfredo,33,g,105,mg,1000,g,58,g,29,g,17,g,1,g,3,g,8,g
469,bjs restaurant,lunch grilled chicken alfredo with zucchini noodles,37,g,120,mg,1370,g,35,g,33,g,18,g,1,g,5,g,10,g
470,bjs restaurant,lunch jumbo spaghetti and meatballs,43,g,80,mg,1540,g,89,g,29,g,13,g,0,g,7,g,15,g
471,bjs restaurant,lunch jumbo spaghetti and meatballs with zucchini noodles,42,g,80,mg,1560,g,49,g,24,g,13,g,0,g,7,g,18,g
472,bjs restaurant,lunch lemon thyme chicken,16,g,100,mg,2010,g,39,g,45,g,2,g,0,g,5,g,5,g
473,bjs restaurant,mandarin orange glazed pork chop,44,g,155,mg,2270,g,32,g,58,g,19,g,0,g,1,g,28,g
474,bjs restaurant,margherita fresca flatbread,5,g,10,mg,220,g,10,g,5,g,2,g,0,g,1,g,1,g
475,bjs restaurant,meat lovers piadina with french fries,67,g,105,mg,2230,g,97,g,31,g,22,g,0,g,8,g,5,g
476,bjs restaurant,mediterranean chicken pita tacos,24,g,60,mg,1580,g,80,g,42,g,4,g,0,g,5,g,13,g
477,bjs restaurant,medium pizza topping anchovies,1,g,10,mg,430,g,0,g,2,g,0,g,0,g,0,g,0,g
478,bjs restaurant,medium pizza topping applewood smoked bacon,3,g,5,mg,120,g,1,g,2,g,1,g,0,g,0,g,1,g
479,bjs restaurant,medium pizza topping artichoke hearts,0,g,0,mg,160,g,2,g,1,g,0,g,0,g,2,g,0,g
480,bjs restaurant,medium pizza topping black olives,4,g,0,mg,190,g,2,g,0,g,0,g,0,g,0,g,0,g
481,bjs restaurant,medium pizza topping extra bjs signature five cheese blend,5,g,20,mg,180,g,1,g,4,g,3,g,0,g,0,g,0,g
482,bjs restaurant,medium pizza topping fire roasted red peppers,0,g,0,mg,200,g,3,g,0,g,0,g,0,g,1,g,2,g
483,bjs restaurant,medium pizza topping green bell peppers,0,g,0,mg,0,g,1,g,0,g,0,g,0,g,1,g,1,g
484,bjs restaurant,medium pizza topping grilled chicken,1,g,20,mg,170,g,0,g,8,g,0,g,0,g,0,g,0,g
485,bjs restaurant,medium pizza topping housemade meatballs,9,g,30,mg,140,g,3,g,5,g,4,g,0,g,0,g,1,g
486,bjs restaurant,medium pizza topping italian sausage,10,g,20,mg,260,g,1,g,4,g,4,g,0,g,0,g,0,g
487,bjs restaurant,medium pizza topping jalapenos,0,g,0,mg,40,g,0,g,0,g,0,g,0,g,0,g,0,g
488,bjs restaurant,medium pizza topping mushrooms,0,g,0,mg,0,g,0,g,0,g,0,g,0,g,0,g,0,g
489,bjs restaurant,medium pizza topping onions,0,g,0,mg,0,g,3,g,0,g,0,g,0,g,0,g,1,g
490,bjs restaurant,medium pizza topping pepperoni,3,g,5,mg,115,g,0,g,1,g,1,g,0,g,0,g,0,g
491,bjs restaurant,medium pizza topping pineapple,0,g,0,mg,0,g,6,g,0,g,0,g,0,g,0,g,5,g
492,bjs restaurant,medium pizza topping roasted asparagus,0,g,0,mg,0,g,1,g,0,g,0,g,0,g,0,g,0,g
493,bjs restaurant,medium pizza topping roasted garlic,0,g,0,mg,0,g,1,g,0,g,0,g,0,g,0,g,0,g
494,bjs restaurant,medium pizza topping smoked ham,1,g,5,mg,105,g,0,g,2,g,0,g,0,g,0,g,0,g
495,bjs restaurant,milk,10,g,50,mg,300,g,28,g,20,g,6,g,0,g,0,g,26,g
496,bjs restaurant,mini chocolate chunk pizookie,23,g,60,mg,430,g,86,g,7,g,14,g,0,g,2,g,61,g
497,bjs restaurant,mini cookies n cream pizookie,32,g,45,mg,530,g,86,g,8,g,17,g,0,g,2,g,56,g
498,bjs restaurant,mini gluten free chocolate chip pizookie,26,g,70,mg,350,g,83,g,6,g,15,g,0,g,2,g,63,g
499,bjs restaurant,mini hot fudge brownie pizookie,32,g,95,mg,190,g,72,g,8,g,16,g,0,g,3,g,58,g
500,bjs restaurant,mini monkey bread pizookie,28,g,55,mg,540,g,89,g,8,g,10,g,0,g,2,g,52,g
501,bjs restaurant,mini peanut butter pizookie,33,g,55,mg,420,g,68,g,10,g,15,g,0,g,2,g,49,g
502,bjs restaurant,mini pizza topping anchovies,0,g,5,mg,290,g,0,g,1,g,0,g,0,g,0,g,0,g
503,bjs restaurant,mini pizza topping applewood smoked bacon,2,g,5,mg,70,g,0,g,1,g,1,g,0,g,0,g,0,g
504,bjs restaurant,mini pizza topping artichoke hearts,0,g,0,mg,105,g,2,g,1,g,0,g,0,g,1,g,0,g
505,bjs restaurant,mini pizza topping black olives,3,g,0,mg,125,g,1,g,0,g,0,g,0,g,0,g,0,g
506,bjs restaurant,mini pizza topping extra bjs signature five cheese blend,2,g,10,mg,80,g,0,g,2,g,1,g,0,g,0,g,0,g
507,bjs restaurant,mini pizza topping fire roasted red peppers,0,g,0,mg,130,g,2,g,0,g,0,g,0,g,1,g,1,g
508,bjs restaurant,mini pizza topping green bell peppers,0,g,0,mg,0,g,1,g,0,g,0,g,0,g,0,g,1,g
509,bjs restaurant,mini pizza topping grilled chicken,1,g,15,mg,115,g,0,g,5,g,0,g,0,g,0,g,0,g
510,bjs restaurant,mini pizza topping housemade meatballs,6,g,20,mg,95,g,2,g,4,g,3,g,0,g,0,g,1,g
511,bjs restaurant,mini pizza topping italian sausage,7,g,15,mg,170,g,1,g,2,g,2,g,0,g,0,g,0,g
512,bjs restaurant,mini pizza topping jalapenos,0,g,0,mg,25,g,0,g,0,g,0,g,0,g,0,g,0,g
513,bjs restaurant,mini pizza topping mushrooms,0,g,0,mg,0,g,0,g,0,g,0,g,0,g,0,g,0,g
514,bjs restaurant,mini pizza topping onions,0,g,0,mg,0,g,2,g,0,g,0,g,0,g,0,g,1,g
515,bjs restaurant,mini pizza topping pepperoni,2,g,5,mg,75,g,0,g,1,g,1,g,0,g,0,g,0,g
516,bjs restaurant,mini pizza topping pineapple,0,g,0,mg,0,g,4,g,0,g,0,g,0,g,0,g,3,g
517,bjs restaurant,mini pizza topping roasted asparagus,0,g,0,mg,0,g,1,g,0,g,0,g,0,g,0,g,0,g
518,bjs restaurant,mini pizza topping smoked ham,1,g,5,mg,70,g,0,g,1,g,0,g,0,g,0,g,0,g
519,bjs restaurant,mini salted caramel pizookie,28,g,65,mg,740,g,108,g,7,g,14,g,0,g,1,g,85,g
520,bjs restaurant,mini triple chocolate pizookie,29,g,60,mg,250,g,75,g,8,g,15,g,0,g,4,g,49,g
521,bjs restaurant,mini white chocolate pizookie,29,g,60,mg,430,g,81,g,7,g,14,g,0,g,2,g,56,g
522,bjs restaurant,mist twst,0,g,0,mg,30,g,33,g,0,g,0,g,0,g,0,g,33,g
523,bjs restaurant,monkey bread pizookie,56,g,110,mg,1080,g,177,g,17,g,20,g,0,g,4,g,105,g
524,bjs restaurant,moroccan chicken,50,g,145,mg,1770,g,21,g,49,g,14,g,0,g,9,g,7,g
525,bjs restaurant,mountain dew,0,g,0,mg,65,g,39,g,0,g,0,g,0,g,0,g,39,g
526,bjs restaurant,mozzarella sticks,39,g,105,mg,1930,g,76,g,33,g,17,g,0,g,0,g,12,g
527,bjs restaurant,mushrooms onions,17,g,5,mg,450,g,7,g,3,g,3,g,0,g,1,g,4,g
528,bjs restaurant,nashville hot crispy chicken sandwich with french fries,78,g,115,mg,3540,g,122,g,43,g,26,g,0,g,9,g,15,g
529,bjs restaurant,nashville hot sauce,42,g,0,mg,1790,g,16,g,2,g,14,g,0,g,3,g,7,g
530,bjs restaurant,new orleans jambalaya,50,g,245,mg,3360,g,100,g,69,g,10,g,1,g,6,g,17,g
531,bjs restaurant,oil and vinegar,21,g,0,mg,0,g,5,g,0,g,3,g,0,g,0,g,5,g
532,bjs restaurant,old country tomato basil pizza,3,g,5,mg,170,g,9,g,3,g,1,g,0,g,1,g,1,g
533,bjs restaurant,orange cream soda,0,g,0,mg,35,g,51,g,0,g,0,g,0,g,0,g,50,g
534,bjs restaurant,orange cream soda float,19,g,70,mg,135,g,81,g,5,g,12,g,0,g,0,g,75,g
535,bjs restaurant,orange juice,0,g,0,mg,15,g,29,g,2,g,0,g,0,g,2,g,24,g
536,bjs restaurant,orange twist,0,g,0,mg,30,g,66,g,0,g,0,g,0,g,0,g,64,g
537,bjs restaurant,pacific poke soba noodles,17,g,50,mg,2200,g,73,g,41,g,2,g,0,g,8,g,16,g
538,bjs restaurant,paradise mule,0,g,0,mg,0,g,28,g,0,g,0,g,0,g,1,g,25,g
539,bjs restaurant,parmesan crusted chicken,74,g,500,mg,2200,g,70,g,89,g,40,g,0,g,7,g,8,g
540,bjs restaurant,peachberry iced tea,0,g,0,mg,0,g,38,g,0,g,0,g,0,g,0,g,37,g
541,bjs restaurant,peanut butter pizookie,66,g,110,mg,830,g,136,g,20,g,30,g,0,g,5,g,97,g
542,bjs restaurant,pepperoni extreme deep dish pizza large,19,g,40,mg,1080,g,38,g,15,g,7,g,0,g,2,g,2,g
543,bjs restaurant,pepperoni extreme deep dish pizza medium,17,g,35,mg,970,g,32,g,14,g,7,g,0,g,2,g,2,g
544,bjs restaurant,pepperoni extreme deep dish pizza mini,11,g,20,mg,560,g,17,g,7,g,4,g,0,g,1,g,1,g
545,bjs restaurant,pepperoni extreme deep dish pizza small,14,g,30,mg,780,g,25,g,11,g,5,g,0,g,1,g,2,g
546,bjs restaurant,pepperoni extreme flatbread pizza,7,g,15,mg,300,g,10,g,5,g,3,g,0,g,0,g,0,g
547,bjs restaurant,pepsi,0,g,0,mg,30,g,34,g,0,g,0,g,0,g,0,g,34,g
548,bjs restaurant,peruvan quinoa bowl with chicken,28,g,100,mg,1530,g,47,g,51,g,4,g,0,g,7,g,6,g
549,bjs restaurant,peruvian quinoa bowl with salmon,44,g,115,mg,1350,g,47,g,51,g,7,g,0,g,7,g,5,g
550,bjs restaurant,peruvian quinoa bowl with shrimp,24,g,185,mg,1690,g,48,g,36,g,3,g,0,g,7,g,5,g
551,bjs restaurant,peruvian quinoa bowl vegetarian style,22,g,0,mg,680,g,47,g,12,g,3,g,0,g,7,g,5,g
552,bjs restaurant,pink cadillac,0,g,0,mg,0,g,23,g,0,g,0,g,0,g,0,g,14,g
553,bjs restaurant,pirahna pale ale chili,37,g,110,mg,1520,g,26,g,29,g,20,g,1,g,6,g,5,g
554,bjs restaurant,pirahna pale ale chili and cheese potato,36,g,110,mg,1110,g,84,g,34,g,21,g,0,g,8,g,6,g
555,bjs restaurant,pirahna pale ale chili in a sourdough loaf,54,g,110,mg,4600,g,213,g,59,g,23,g,1,g,14,g,9,g
556,bjs restaurant,prime rib dinner,106,g,310,mg,2160,g,6,g,79,g,42,g,0,g,1,g,3,g
557,bjs restaurant,quinoa and brown rice blend,5,g,0,mg,390,g,49,g,8,g,1,g,0,g,4,g,0,g
558,bjs restaurant,ranch dressing,17,g,15,mg,360,g,2,g,0,g,2,g,0,g,0,g,0,g
559,bjs restaurant,raspberry rose rita,0,g,0,mg,15,g,27,g,0,g,0,g,0,g,0,g,21,g
560,bjs restaurant,raspberry sparkling water,0,g,0,mg,0,g,7,g,0,g,0,g,0,g,1,g,1,g
561,bjs restaurant,rice pilaf,6,g,0,mg,620,g,39,g,5,g,1,g,0,g,1,g,5,g
562,bjs restaurant,rice wine vinaigrette,15,g,0,mg,640,g,9,g,1,g,2,g,0,g,0,g,8,g
563,bjs restaurant,root beer,0,g,0,mg,30,g,58,g,0,g,0,g,0,g,0,g,56,g
564,bjs restaurant,root beer float,19,g,70,mg,130,g,85,g,5,g,12,g,0,g,0,g,79,g
565,bjs restaurant,root beer glaze,0,g,0,mg,1090,g,64,g,0,g,0,g,0,g,0,g,59,g
566,bjs restaurant,root beer glazed ribs,17,g,55,mg,2940,g,85,g,15,g,6,g,0,g,2,g,75,g
567,bjs restaurant,roy rogers,0,g,0,mg,40,g,54,g,0,g,0,g,0,g,0,g,54,g
568,bjs restaurant,salted caramel cold brew iced coffee,18,g,75,mg,210,g,36,g,0,g,12,g,0,g,0,g,36,g
569,bjs restaurant,salted caramel pizookie,55,g,125,mg,1420,g,200,g,14,g,29,g,0,g,1,g,154,g
570,bjs restaurant,santa fe dressing,17,g,15,mg,380,g,2,g,0,g,2,g,0,g,0,g,0,g
571,bjs restaurant,santa fe salad,61,g,160,mg,2050,g,58,g,55,g,13,g,0,g,13,g,9,g
572,bjs restaurant,santa fe salad with blackened salmon,81,g,175,mg,2090,g,59,g,55,g,17,g,0,g,13,g,9,g
573,bjs restaurant,santa fe salad with cajun shrimp,66,g,320,mg,1940,g,58,g,50,g,14,g,0,g,13,g,9,g
574,bjs restaurant,santa fe salad with flame broiled salmon,81,g,175,mg,1580,g,54,g,55,g,17,g,0,g,13,g,9,g
575,bjs restaurant,santa fe salad with grilled chicken,61,g,160,mg,1640,g,54,g,55,g,13,g,0,g,13,g,9,g
576,bjs restaurant,sausage links,52,g,90,mg,680,g,2,g,14,g,18,g,0,g,0,g,0,g
577,bjs restaurant,sauteed green beans,4,g,0,mg,135,g,9,g,2,g,1,g,0,g,4,g,2,g
578,bjs restaurant,sauteed mushrooms,16,g,5,mg,410,g,4,g,3,g,3,g,0,g,1,g,2,g
579,bjs restaurant,seared ahi salad,31,g,45,mg,1360,g,42,g,30,g,5,g,0,g,8,g,25,g
580,bjs restaurant,seasoned country potatoes,6,g,0,mg,620,g,45,g,4,g,1,g,0,g,5,g,3,g
581,bjs restaurant,shirley temple,0,g,0,mg,35,g,53,g,0,g,0,g,0,g,0,g,53,g
582,bjs restaurant,shrimp and arugula pita tacos,38,g,195,mg,1920,g,80,g,42,g,6,g,0,g,5,g,11,g
583,bjs restaurant,shrimp scampi pasta,100,g,390,mg,2370,g,130,g,57,g,41,g,2,g,8,g,6,g
584,bjs restaurant,shrimp scampi pasta with zucchini noodles,65,g,315,mg,1730,g,40,g,43,g,24,g,1,g,6,g,9,g
585,bjs restaurant,sliders,32,g,120,mg,1500,g,97,g,49,g,10,g,0,g,2,g,18,g
586,bjs restaurant,sliders with fries,52,g,120,mg,2140,g,137,g,53,g,14,g,0,g,6,g,18,g
587,bjs restaurant,slow roasted turkey club with french fries,99,g,165,mg,3700,g,104,g,55,g,18,g,0,g,8,g,8,g
588,bjs restaurant,slow roasted tri tip,22,g,165,mg,2970,g,48,g,49,g,8,g,0,g,1,g,41,g
589,bjs restaurant,small caesar salad,32,g,25,mg,1080,g,22,g,11,g,6,g,0,g,3,g,4,g
590,bjs restaurant,small pizza topping anchovies,1,g,10,mg,480,g,0,g,2,g,0,g,0,g,0,g,0,g
591,bjs restaurant,small pizza topping applewood smoked bacon,3,g,5,mg,110,g,0,g,2,g,1,g,0,g,0,g,0,g
592,bjs restaurant,small pizza topping artichoke hearts,0,g,0,mg,140,g,2,g,1,g,0,g,0,g,1,g,0,g
593,bjs restaurant,small pizza topping black olives,3,g,0,mg,170,g,1,g,0,g,0,g,0,g,0,g,0,g
594,bjs restaurant,small pizza topping extra bjs signature five cheese blend,3,g,10,mg,125,g,1,g,3,g,2,g,0,g,0,g,0,g
595,bjs restaurant,small pizza topping fire roasted red peppers,0,g,0,mg,170,g,3,g,0,g,0,g,0,g,1,g,2,g
596,bjs restaurant,small pizza topping green bell peppers,0,g,0,mg,0,g,1,g,0,g,0,g,0,g,1,g,1,g
597,bjs restaurant,small pizza topping grilled chicken,1,g,20,mg,150,g,0,g,7,g,0,g,0,g,0,g,0,g
598,bjs restaurant,small pizza topping housemade meatballs,8,g,25,mg,125,g,3,g,5,g,3,g,0,g,0,g,1,g
599,bjs restaurant,small pizza topping italian sausage,9,g,15,mg,230,g,1,g,3,g,3,g,0,g,0,g,0,g
600,bjs restaurant,small pizza topping jalapenos,0,g,0,mg,35,g,0,g,0,g,0,g,0,g,0,g,0,g
601,bjs restaurant,small pizza topping mushrooms,0,g,0,mg,0,g,0,g,0,g,0,g,0,g,0,g,0,g
602,bjs restaurant,small pizza topping onions,0,g,0,mg,0,g,3,g,0,g,0,g,0,g,0,g,1,g
603,bjs restaurant,small pizza topping pepperoni,3,g,5,mg,100,g,0,g,1,g,1,g,0,g,0,g,0,g
604,bjs restaurant,small pizza topping pineapple,0,g,0,mg,0,g,5,g,0,g,0,g,0,g,0,g,4,g
605,bjs restaurant,small pizza topping roasted asparagus,0,g,0,mg,0,g,1,g,0,g,0,g,0,g,0,g,0,g
606,bjs restaurant,small pizza topping smoked ham,1,g,5,mg,95,g,0,g,2,g,0,g,0,g,0,g,0,g
607,bjs restaurant,sourdough toast,6,g,0,mg,490,g,38,g,7,g,2,g,0,g,2,g,2,g
608,bjs restaurant,southern comfort fried chicken sandwich with french fries,87,g,200,mg,2970,g,116,g,62,g,33,g,0,g,7,g,13,g
609,bjs restaurant,southern fried chicken,53,g,235,mg,2090,g,69,g,38,g,31,g,0,g,5,g,8,g
610,bjs restaurant,sparkling sangria,0,g,0,mg,0,g,33,g,1,g,0,g,0,g,1,g,24,g
611,bjs restaurant,spicy bloody mary,1,g,0,mg,1270,g,16,g,2,g,0,g,0,g,2,g,8,g
612,bjs restaurant,spicy peanut chicken with soba noodles,61,g,105,mg,2130,g,75,g,45,g,13,g,0,g,8,g,23,g
613,bjs restaurant,spinach and artichoke dip,54,g,135,mg,1770,g,111,g,34,g,28,g,0,g,16,g,22,g
614,bjs restaurant,spinach stuffed mushrooms,20,g,30,mg,600,g,17,g,12,g,9,g,0,g,3,g,4,g
615,bjs restaurant,sriracha dry rub,0,g,0,mg,380,g,6,g,1,g,0,g,0,g,1,g,2,g
616,bjs restaurant,sriracha queso dip,48,g,105,mg,2490,g,110,g,39,g,24,g,1,g,14,g,23,g
617,bjs restaurant,sriracha queso dip with pirahna pale ale chili,37,g,75,mg,1990,g,113,g,37,g,16,g,1,g,16,g,22,g
618,bjs restaurant,sriracha queso dip with seared hatch chiles,41,g,90,mg,2230,g,112,g,38,g,20,g,1,g,14,g,24,g
619,bjs restaurant,strawberry lemonade,0,g,0,mg,15,g,47,g,0,g,0,g,0,g,1,g,42,g
620,bjs restaurant,strawberry margarita,0,g,0,mg,15,g,28,g,0,g,0,g,0,g,1,g,22,g
621,bjs restaurant,strawberry mojito,0,g,0,mg,25,g,32,g,0,g,0,g,0,g,1,g,29,g
622,bjs restaurant,strawberry splash,4,g,0,mg,35,g,59,g,1,g,3,g,0,g,2,g,40,g
623,bjs restaurant,strawberry topping,0,g,0,mg,0,g,10,g,1,g,0,g,0,g,1,g,8,g
624,bjs restaurant,strawberry vinaigrette,4,g,0,mg,390,g,10,g,0,g,0,g,0,g,0,g,10,g
625,bjs restaurant,sunset peach,0,g,0,mg,5,g,0,g,0,g,0,g,0,g,0,g,0,g
626,bjs restaurant,sweet citrus margarita,0,g,0,mg,15,g,33,g,0,g,0,g,0,g,0,g,28,g
627,bjs restaurant,sweet pig deep dish pizza large,9,g,20,mg,750,g,41,g,12,g,4,g,0,g,2,g,6,g
628,bjs restaurant,sweet pig deep dish pizza medium,9,g,20,mg,720,g,35,g,11,g,4,g,0,g,2,g,5,g
629,bjs restaurant,sweet pig deep dish pizza mini,5,g,10,mg,390,g,20,g,6,g,2,g,0,g,1,g,4,g
630,bjs restaurant,sweet pig deep dish pizza small,7,g,15,mg,550,g,28,g,9,g,3,g,0,g,2,g,5,g
631,bjs restaurant,sweet potato fries,12,g,0,mg,230,g,52,g,2,g,1,g,0,g,6,g,14,g
632,bjs restaurant,sweet tea,0,g,0,mg,0,g,48,g,0,g,0,g,0,g,0,g,48,g
633,bjs restaurant,the italian market pizza,6,g,20,mg,350,g,9,g,5,g,3,g,0,g,1,g,1,g
634,bjs restaurant,the spicy pig pizza,4,g,10,mg,250,g,9,g,4,g,1,g,0,g,0,g,1,g
635,bjs restaurant,thousand island dressing,20,g,25,mg,390,g,6,g,0,g,3,g,0,g,0,g,5,g
636,bjs restaurant,titos american mule,0,g,0,mg,10,g,14,g,0,g,0,g,0,g,1,g,10,g
637,bjs restaurant,top shelf margarita,0,g,0,mg,290,g,23,g,0,g,0,g,0,g,1,g,12,g
638,bjs restaurant,tri tip combo with chicken,22,g,220,mg,3220,g,46,g,76,g,7,g,0,g,0,g,40,g
639,bjs restaurant,tri tip combo with ribs,50,g,235,mg,5950,g,90,g,61,g,18,g,0,g,1,g,76,g
640,bjs restaurant,tri tip combo with shrimp,47,g,355,mg,3190,g,52,g,62,g,19,g,1,g,1,g,40,g
641,bjs restaurant,tri tip wedge salad,91,g,205,mg,3840,g,68,g,53,g,25,g,0,g,7,g,54,g
642,bjs restaurant,triple chocolate pizookie made with ghirardelli,58,g,115,mg,500,g,151,g,16,g,30,g,0,g,8,g,99,g
643,bjs restaurant,tropical iced tea,0,g,0,mg,10,g,3,g,0,g,0,g,0,g,1,g,2,g
644,bjs restaurant,tropical long island,0,g,0,mg,5,g,32,g,0,g,0,g,0,g,0,g,21,g
645,bjs restaurant,turkey burger,45,g,100,mg,1780,g,72,g,38,g,11,g,0,g,5,g,23,g
646,bjs restaurant,turmeric roasted cauliflower,18,g,0,mg,550,g,21,g,7,g,2,g,0,g,8,g,5,g
647,bjs restaurant,tuscan tomato bisque,54,g,155,mg,820,g,15,g,3,g,30,g,0,g,3,g,8,g
648,bjs restaurant,tuscan tomato bisque in a sourdough loaf,71,g,155,mg,3900,g,201,g,33,g,33,g,0,g,11,g,12,g
649,bjs restaurant,twisted pineapple margarita,0,g,0,mg,5,g,24,g,0,g,0,g,0,g,1,g,21,g
650,bjs restaurant,two eggs any style with meat choice bacon sourdough toast,31,g,305,mg,1610,g,85,g,27,g,9,g,0,g,6,g,6,g
651,bjs restaurant,two eggs any style with meat choice ham sourdough toast,25,g,320,mg,2050,g,85,g,33,g,6,g,0,g,6,g,6,g
652,bjs restaurant,two eggs any style with meat choice sausage sourdough toast,73,g,370,mg,1890,g,85,g,33,g,23,g,0,g,6,g,5,g
653,bjs restaurant,two eggs any style with sourdough toast,21,g,280,mg,1210,g,83,g,19,g,5,g,0,g,6,g,5,g
654,bjs restaurant,ultimate long island,0,g,0,mg,15,g,17,g,0,g,0,g,0,g,1,g,12,g
655,bjs restaurant,ultimate patren margarita,0,g,0,mg,290,g,21,g,0,g,0,g,0,g,1,g,12,g
656,bjs restaurant,vanilla bean ice cream 1 scoop,9,g,35,mg,60,g,26,g,2,g,6,g,0,g,0,g,23,g
657,bjs restaurant,vanilla bean ice cream 2 scoops,19,g,70,mg,115,g,51,g,5,g,12,g,0,g,0,g,47,g
658,bjs restaurant,vanilla cream float,19,g,70,mg,135,g,78,g,5,g,12,g,0,g,0,g,73,g
659,bjs restaurant,vanilla cream soda,0,g,0,mg,30,g,47,g,0,g,0,g,0,g,0,g,47,g
660,bjs restaurant,vegan lentil soup with ancient grains,9,g,0,mg,780,g,42,g,13,g,1,g,0,g,10,g,4,g
661,bjs restaurant,vegan lentill soup with ancient grains in a sourdough loaf,24,g,0,mg,3730,g,221,g,41,g,4,g,0,g,17,g,7,g
662,bjs restaurant,vegetarian deep dish pizza large,10,g,15,mg,730,g,38,g,11,g,4,g,0,g,2,g,3,g
663,bjs restaurant,vegetarian deep dish pizza medium,10,g,20,mg,690,g,32,g,10,g,4,g,0,g,2,g,3,g
664,bjs restaurant,vegetarian deep dish pizza mini,5,g,10,mg,350,g,17,g,5,g,2,g,0,g,1,g,1,g
665,bjs restaurant,vegetarian deep dish pizza small,7,g,10,mg,520,g,25,g,8,g,3,g,0,g,2,g,2,g
666,bjs restaurant,wedge salad,31,g,40,mg,630,g,6,g,6,g,8,g,0,g,1,g,5,g
667,bjs restaurant,wheat toast,8,g,0,mg,350,g,42,g,6,g,3,g,0,g,3,g,5,g
668,bjs restaurant,white cheddar mashed potatoes,18,g,55,mg,1100,g,33,g,7,g,11,g,0,g,4,g,4,g
669,bjs restaurant,white chocolate macadamia nut pizookie,58,g,120,mg,870,g,162,g,14,g,28,g,0,g,3,g,112,g
670,bjs restaurant,white peach margarita,0,g,0,mg,15,g,31,g,0,g,0,g,0,g,1,g,24,g
671,blackjack pizza,garlic butter,51,g,0,mg,748,g,0.6,g,0,g,8.3,g,1,g,0,g,0,g
672,blackjack pizza,thin and crispy crust pepperoni pizza medium,13,g,25,mg,404,g,13,g,12,g,5.6,g,0,g,1.6,g,1.4,g
673,blackjack pizza,gluten free medium pizza crust with cheese and pizza sauce,7.4,g,18,mg,384,g,4.9,g,8.2,g,4,g,0,g,0.2,g,0.5,g
674,blackjack pizza,original hand tossed round crust pepperoni pizza large,10,g,23,mg,572,g,30,g,14,g,5,g,0,g,1.2,g,1,g
675,blackjack pizza,chicken bacon ranch calzone,59,g,146,mg,3837,g,153,g,78,g,27,g,0,g,5.3,g,7,g
676,blackjack pizza,thin and crispy crust jackpot pizza medium,16,g,35,mg,692,g,15,g,16,g,6.8,g,0,g,1.8,g,2.2,g
677,blackjack pizza,original hand tossed round crust mediterranean chicken pizza extra large,15,g,26,mg,686,g,34,g,17,g,6,g,0,g,1.4,g,1,g
678,blackjack pizza,cheese calzone,43,g,98,mg,2718,g,151,g,59,g,20,g,0,g,5.3,g,6.6,g
679,blackjack pizza,gluten free small pizza crust with cheese and pizza sauce,7.7,g,18,mg,404,g,5.7,g,8.2,g,4,g,0,g,0,g,0.4,g
680,blackjack pizza,thin and crispy crust good deal pizza large,16,g,29,mg,478,g,17,g,14,g,6.5,g,0,g,2,g,2,g
681,blackjack pizza,medium gluten free pizza crust,1.4,g,0,mg,139,g,4.2,g,0,g,0,g,0,g,0,g,0,g
682,blackjack pizza,jackpot calzone,77,g,179,mg,4996,g,163,g,84,g,32,g,0,g,6.5,g,11,g
683,blackjack pizza,mediterranean chicken calzone,107,g,109,mg,3994,g,163,g,72,g,30,g,0,g,6.4,g,8.3,g
684,blackjack pizza,original hand tossed round crust chicken bacon ranch pizza large,16,g,30,mg,826,g,30,g,18,g,6.7,g,0,g,1,g,1,g
685,blackjack pizza,natural calzone,47,g,98,mg,2967,g,158,g,60,g,21,g,0,g,6.5,g,9,g
686,blackjack pizza,original hand tossed round crust jackpot pizza extra large,16,g,42,mg,1001,g,33,g,22,g,8,g,0,g,1.4,g,2,g
687,blackjack pizza,full house calzone,68,g,179,mg,4286,g,155,g,82,g,29,g,0,g,4.3,g,8.6,g
688,blackjack pizza,original hand tossed round crust mediterranean chicken pizza medium,13,g,24,mg,596,g,28,g,15,g,5.3,g,0,g,1,g,1,g
689,blackjack pizza,original hand tossed round crust jackpot pizza small,13,g,31,mg,763,g,31,g,19,g,6.2,g,0,g,1.3,g,1.5,g
690,blackjack pizza,thin and crispy crust chicken bacon ranch pizza large,18,g,30,mg,561,g,16,g,16,g,7,g,0,g,1.7,g,1.5,g
691,blackjack pizza,thin and crispy crust chicken bacon ranch pizza medium,16,g,28,mg,499,g,13,g,14,g,6.5,g,0,g,1.4,g,1.3,g
692,blackjack pizza,original hand tossed round crust good deal pizza medium,12,g,28,mg,606,g,28,g,16,g,5.9,g,0,g,1.3,g,1.4,g
693,blackjack pizza,original hand tossed round crust jackpot pizza large,14,g,36,mg,873,g,32,g,19,g,6.7,g,0,g,1.3,g,1.7,g
694,blackjack pizza,original hand tossed round crust pepperoni pizza medium,10,g,25,mg,557,g,27,g,14,g,5.3,g,0,g,1,g,1,g
695,blackjack pizza,thin and crispy crust jackpot pizza large,17,g,26,mg,472,g,19,g,14,g,6,g,0,g,2,g,1.7,g
696,blackjack pizza,thin and crispy crust pepperoni pizza large,13,g,25,mg,422,g,16,g,12,g,5.7,g,0,g,1.8,g,1.6,g
697,blackjack pizza,thin and crispy crust western bbq pizza medium,13,g,28,mg,553,g,22,g,14,g,6,g,0,g,1.5,g,8,g
698,blackjack pizza,original hand tossed round crust chicken bacon ranch pizza small,16,g,28,mg,685,g,30,g,18,g,6.4,g,0,g,1,g,1,g
699,blackjack pizza,thin and crispy crust mediterranean chicken pizza large,17,g,26,mg,472,g,19,g,14,g,6,g,0,g,2,g,1.7,g
700,blackjack pizza,original hand tossed round crust pepperoni pizza small,9.6,g,23,mg,530,g,30,g,15,g,5,g,0,g,1,g,1,g
701,blackjack pizza,original hand tossed round crust good deal pizza large,14,g,34,mg,713,g,33,g,19,g,7.2,g,0,g,1.5,g,1.6,g
702,blackjack pizza,thin and crispy crust full house pizza large,17,g,40,mg,676,g,17,g,17,g,7.3,g,0,g,1.8,g,2,g
703,blackjack pizza,thin and crispy crust full house pizza medium,16,g,38,mg,644,g,14,g,16,g,7,g,0,g,1.6,g,1.8,g
704,blackjack pizza,original hand tossed round crust full house pizza large,14,g,38,mg,826,g,31,g,19,g,6.5,g,0,g,1.2,g,1.4,g
705,blackjack pizza,thin and crispy crust western bbq pizza large,14,g,30,mg,618,g,25,g,16,g,6.4,g,0,g,1.7,g,8.6,g
706,blackjack pizza,original hand tossed round crust santa fe pizza small,9.3,g,27,mg,481,g,30,g,16,g,5,g,0,g,1.2,g,1,g
707,blackjack pizza,original hand tossed round crust western bbq pizza extra large,13,g,35,mg,874,g,41,g,21,g,7,g,0,g,1,g,9,g
708,blackjack pizza,original hand tossed round crust mediterranean chicken pizza small,12,g,25,mg,594,g,31,g,16,g,5.2,g,0,g,1.2,g,1,g
709,blackjack pizza,thin and crispy crust santa fe pizza medium,12,g,27,mg,328,g,15,g,12,g,5.3,g,0,g,1.7,g,1.7,g
710,blackjack pizza,thin and crispy crust good deal pizza medium,14,g,28,mg,455,g,15,g,13,g,6.2,g,0,g,1.8,g,2,g
711,blackjack pizza,thin and crispy crust santa fe pizza large,12,g,29,mg,345,g,17,g,13,g,5.5,g,0,g,2,g,1.8,g
712,blackjack pizza,original hand tossed round crust chicken bacon ranch pizza extra large,17,g,36,mg,804,g,31,g,21,g,7.8,g,0,g,1,g,1,g
713,blackjack pizza,thin and crispy crust mediterranean chicken pizza medium,15,g,24,mg,443,g,15,g,12,g,5.6,g,0,g,1.6,g,1.4,g
714,blackjack pizza,original hand tossed round crust western bbq pizza small,10,g,28,mg,696,g,37,g,17,g,5.6,g,0,g,1,g,6.7,g
715,blackjack pizza,original hand tossed round crust full house pizza medium,14,g,38,mg,797,g,28,g,19,g,6.6,g,0,g,1,g,1.3,g
716,blackjack pizza,original hand tossed round crust full house pizza extra large,16,g,46,mg,941,g,32,g,23,g,8,g,0,g,1.2,g,1.5,g
717,blackjack pizza,original hand tossed round crust good deal pizza extra large,14,g,34,mg,713,g,33,g,19,g,7.2,g,0,g,1.5,g,1.6,g
718,blackjack pizza,original hand tossed round crust santa fe pizza large,9.8,g,29,mg,512,g,31,g,16,g,5,g,0,g,1.3,g,1,g
719,blackjack pizza,original hand tossed round crust western bbq pizza medium,10,g,28,mg,706,g,36,g,17,g,5.6,g,0,g,1,g,7.4,g
720,blackjack pizza,original hand tossed round crust chicken bacon ranch pizza medium,14,g,28,mg,652,g,27,g,17,g,6.2,g,0,g,1,g,1,g
721,blackjack pizza,western bbq calzone,59,g,146,mg,3838,g,156,g,78,g,27,g,0,g,5.7,g,8.3,g
722,blackjack pizza,original hand tossed round crust full house pizza small,13,g,36,mg,760,g,31,g,19,g,6.3,g,0,g,1,g,1.3,g
723,blackjack pizza,original hand tossed round crust western bbq pizza large,11,g,28,mg,766,g,39,g,18,g,6,g,0,g,1,g,8,g
724,blackjack pizza,santa fe calzone,57,g,155,mg,3629,g,163,g,77,g,27,g,0,g,6.7,g,12,g
725,blackjack pizza,good deal calzone,61,g,134,mg,3402,g,158,g,69,g,26,g,0,g,6.5,g,9,g
726,blackjack pizza,original hand tossed round crust good deal pizza small,11,g,26,mg,565,g,31,g,16,g,5.5,g,0,g,1.3,g,1.3,g
727,blackjack pizza,original hand tossed round crust santa fe pizza extra large,12,g,34,mg,578,g,32,g,19,g,6.2,g,0,g,1.4,g,1.3,g
728,blackjack pizza,original hand tossed round crust pepperoni pizza extra large,12,g,29,mg,641,g,31,g,17,g,6,g,0,g,1.2,g,1,g
729,blackjack pizza,small gluten free pizza crust,1.7,g,0,mg,167,g,5,g,0,g,0,g,0,g,0,g,0,g
730,blackjack pizza,original hand tossed round crust jackpot pizza medium,14,g,35,mg,844,g,29,g,18,g,6.5,g,0,g,1.2,g,1.7,g
731,blackjack pizza,original hand tossed round crust mediterranean chicken pizza large,14,g,26,mg,638,g,31,g,16,g,5.6,g,0,g,1.2,g,1,g
732,blackjack pizza,original hand tossed round crust santa fe pizza medium,9.5,g,27,mg,481,g,28,g,15,g,5,g,0,g,1.2,g,1.2,g
733,blackjack pizza,cinnabread 8 pieces,43,g,0,mg,1695,g,287,g,41,g,8.3,g,6.1,g,8.6,g,64,g
734,blackjack pizza,caesar dressing for personal or regular salad,39,g,30,mg,960,g,3,g,3,g,6,g,0,g,0,g,0,g
735,blackjack pizza,balsamic vinaigrette for personal or regular salad,15,g,0,mg,570,g,12,g,0,g,1.5,g,0,g,0,g,12,g
736,blackjack pizza,italian dressing for large salad,84,g,0,mg,2340,g,6,g,0,g,12,g,0,g,0,g,6,g
737,blackjack pizza,caesar dressing for large salad,78,g,60,mg,1920,g,6,g,6,g,12,g,0,g,0,g,0,g
738,blackjack pizza,italian dressing for personal or regular salad,42,g,0,mg,1170,g,3,g,0,g,6,g,0,g,0,g,3,g
739,blackjack pizza,blue cheese dressing for personal or regular salad,42,g,45,mg,810,g,3,g,3,g,9,g,0,g,0,g,3,g
740,blackjack pizza,blue cheese dressing for large salad,84,g,90,mg,1620,g,6,g,6,g,18,g,0,g,0,g,6,g
741,blackjack pizza,balsamic vinaigrette for large salad,30,g,0,mg,1140,g,24,g,0,g,3,g,0,g,0,g,24,g
742,blackjack pizza,greek salad with chicken without dressing regular,18,g,105,mg,1459,g,19,g,39,g,9.3,g,0,g,5.5,g,10,g
743,blackjack pizza,michigan cherry salad with chicken without dressing regular,24,g,77,mg,1316,g,26,g,36,g,7.4,g,0,g,5.7,g,13,g
744,blackjack pizza,southwest salad with spicy ranch dressing personal,43,g,33,mg,1408,g,29,g,11,g,9.3,g,0,g,3.3,g,5.6,g
745,blackjack pizza,antipasto salad with chicken without dressing regular,26,g,139,mg,1918,g,17,g,52,g,12,g,0,g,4.5,g,9,g
746,blackjack pizza,michigan cherry salad with chicken without dressing large,36,g,115,mg,1951,g,37,g,53,g,11,g,0,g,8,g,20,g
747,blackjack pizza,southwest salad with spicy ranch dressing regular,58,g,63,mg,1746,g,55,g,20,g,14,g,0,g,6.2,g,8.7,g
748,blackjack pizza,garden salad with chicken without dressing personal,9.4,g,46,mg,593,g,7.8,g,20,g,4.8,g,0,g,2.2,g,3.5,g
749,blackjack pizza,garden salad without dressing large,24,g,54,mg,922,g,18,g,28,g,14,g,0,g,6.2,g,8.5,g
750,blackjack pizza,michigan cherry salad without dressing personal,11,g,11,mg,373,g,11,g,7.5,g,3.5,g,0,g,3,g,6.1,g
751,blackjack pizza,michigan cherry salad with chicken without dressing personal,12,g,38,mg,658,g,13,g,18,g,3.7,g,0,g,3,g,6.6,g
752,blackjack pizza,southwest salad with grilled chicken and spicy ranch dressing large,104,g,178,mg,4006,g,87,g,62,g,24,g,0,g,9,g,15,g
753,blackjack pizza,michigan cherry salad without dressing large,32,g,33,mg,1096,g,33,g,22,g,10,g,0,g,8,g,18,g
754,blackjack pizza,greek salad without dressing large,23,g,75,mg,1330,g,23,g,27,g,13,g,0,g,7.8,g,13,g
755,blackjack pizza,greek salad with chicken without dressing large,27,g,158,mg,2185,g,27,g,59,g,14,g,0,g,7.8,g,15,g
756,blackjack pizza,southwest salad with grilled chicken and spicy ranch dressing regular,61,g,118,mg,2316,g,58,g,41,g,15,g,0,g,6.2,g,9.7,g
757,blackjack pizza,greek salad without dressing personal,7.8,g,25,mg,444,g,7.9,g,9.2,g,4.4,g,0,g,2.8,g,4.5,g
758,blackjack pizza,mediterranean salad without dressing large,37,g,75,mg,2594,g,19,g,26,g,17,g,0,g,5.4,g,7.5,g
759,blackjack pizza,southwest salad with grilled chicken and spicy ranch dressing personal,44,g,60,mg,1693,g,31,g,21,g,9.6,g,0,g,3.3,g,6,g
760,blackjack pizza,mediterranean salad without dressing regular,25,g,50,mg,1754,g,14,g,18,g,12,g,0,g,4,g,5.3,g
761,blackjack pizza,garden salad with chicken without dressing large,28,g,137,mg,1777,g,23,g,59,g,14,g,0,g,6.2,g,10,g
762,blackjack pizza,garden salad without dressing personal,8.2,g,18,mg,308,g,6.3,g,9.4,g,4.5,g,0,g,2.2,g,3,g
763,blackjack pizza,greek salad without dressing regular,16,g,36,mg,616,g,13,g,19,g,9,g,0,g,4.5,g,5.9,g
764,blackjack pizza,garden salad without dressing regular,16,g,36,mg,616,g,13,g,19,g,9,g,0,g,4.5,g,5.9,g
765,blackjack pizza,antipasto salad with chicken without dressing large,39,g,209,mg,2875,g,24,g,78,g,19,g,0,g,6.2,g,13,g
766,blackjack pizza,mediterranean salad with chicken without dressing regular,27,g,105,mg,2324,g,17,g,39,g,12,g,0,g,3.9,g,6.3,g
767,blackjack pizza,michigan cherry salad without dressing regular,22,g,22,mg,746,g,23,g,15,g,7,g,0,g,5.7,g,12,g
768,blackjack pizza,southwest salad with spicy ranch dressing large,101,g,95,mg,3151,g,83,g,31,g,24,g,0,g,9,g,14,g
769,blackjack pizza,antipasto salad with chicken without dressing personal,13,g,70,mg,959,g,8.4,g,26,g,6.2,g,0,g,2.2,g,4.5,g
770,blackjack pizza,mediterranean salad with chicken without dressing large,41,g,158,mg,3449,g,24,g,58,g,18,g,0,g,5.4,g,9,g
771,blackjack pizza,mediterranean salad with chicken without dressing personal,14,g,53,mg,1196,g,8.4,g,19,g,6,g,0,g,2,g,3.1,g
772,blackjack pizza,mediterranean salad without dressing personal,12,g,25,mg,911,g,6.9,g,8.8,g,5.8,g,0,g,2,g,2.6,g
773,blackjack pizza,garden salad with chicken without dressing regular,19,g,91,mg,1186,g,16,g,40,g,9.5,g,0,g,4.5,g,6.9,g
774,blackjack pizza,greek salad with chicken without dressing personal,9,g,53,mg,729,g,9.4,g,20,g,4.7,g,0,g,2.8,g,5,g
775,blackjack pizza,ranch dressing for 1 lb wings,61,g,6,mg,1302,g,6.8,g,3.2,g,9.6,g,0,g,0.2,g,5,g
776,blackjack pizza,mild wings 8 pieces without dressing,29,g,187,mg,800,g,2.7,g,40,g,8,g,0,g,0,g,2.7,g
777,blackjack pizza,cheese bread 8 pieces,50,g,97,mg,3468,g,215,g,83,g,24,g,0,g,7.6,g,6.7,g
778,blackjack pizza,cheese bread 12 pieces,65,g,119,mg,5136,g,301,g,108,g,30,g,0.2,g,11,g,12,g
779,blackjack pizza,hot boneless wings 1 2 lb without dressing,19,g,121,mg,3527,g,32,g,49,g,4,g,0,g,1,g,1,g
780,blackjack pizza,mild boneless wings 1 2 lb without dressing,19,g,121,mg,1512,g,30,g,49,g,4,g,0,g,0,g,0,g
781,blackjack pizza,garlic breadstick 6 pieces,22,g,13,mg,2322,g,211,g,45,g,5.3,g,0,g,7.2,g,3,g
782,blackjack pizza,deep dish bacon cheese bread 1 piece,13,g,17,mg,544,g,25,g,11,g,5,g,0,g,1,g,1,g
783,blackjack pizza,bbq boneless wings 1 2 lb without dressing,19,g,121,mg,1992,g,60,g,49,g,4,g,0,g,0,g,24,g
784,blackjack pizza,bbq wings 5 without dressing,17,g,133,mg,790,g,22,g,22,g,3.3,g,0,g,0,g,14,g
785,blackjack pizza,deep dish cheese bread 8 pieces,73,g,103,mg,2416,g,193,g,74,g,29,g,0,g,8,g,4.8,g
786,blackjack pizza,deep dish pepperoni cheese bread 8 pieces,59,g,44,mg,3120,g,204,g,41,g,14,g,0,g,9.7,g,13,g
787,blackjack pizza,pepperoni cheese bread 8 pieces,67,g,133,mg,4168,g,215,g,90,g,30,g,0,g,7.6,g,6.7,g
788,blackjack pizza,deep dish cheese bread 12 pieces,116,g,127,mg,5682,g,372,g,111,g,40,g,0.2,g,17,g,22,g
789,blackjack pizza,deep dish jalapeno cheese bread 8 pieces,72,g,97,mg,3537,g,201,g,72,g,28,g,0,g,8.3,g,7.4,g
790,blackjack pizza,bbq wings 8 without dressing,27,g,213,mg,1360,g,41,g,35,g,5.3,g,0,g,0,g,27,g
791,blackjack pizza,jalapeno cheese bread 8 pieces,50,g,97,mg,4319,g,218,g,83,g,24,g,0,g,7.6,g,6.7,g
792,blackjack pizza,mild wings 5 pieces without dressing,18,g,117,mg,500,g,1.7,g,25,g,5,g,0,g,0,g,1.7,g
793,blackjack pizza,deep dish feta cheese bread 8 pieces,84,g,137,mg,3347,g,198,g,84,g,35,g,0,g,8.3,g,8.4,g
794,blackjack pizza,bacon cheese bread 8 pieces,79,g,139,mg,5135,g,215,g,99,g,37,g,0,g,7.6,g,6.7,g
795,blimpie,chicken caesar wrap,28,g,45,mg,1610,g,50,g,30,g,7,g,0,g,5,g,4,g
796,blimpie,southwestern wrap,31,g,50,mg,1980,g,53,g,24,g,7,g,0,g,5,g,4,g
797,blimpie,buffalo chicken wrap,31,g,65,mg,2100,g,54,g,30,g,8,g,0,g,5,g,5,g
798,blimpie,lemon eegee,0,g,0,mg,93,g,68.8,g,0,g,0,g,0,g,0,g,66.8,g
799,blimpie,strawberry eegee,0,g,0,mg,93,g,68.8,g,0,g,0,g,0,g,0,g,66.8,g
800,blimpie,pina colada eegee,0,g,0,mg,93,g,68.8,g,0,g,0,g,0,g,0,g,66.8,g
801,blimpie,ham egg and cheese breakfast burrito,27,g,260,mg,2130,g,51,g,28,g,10,g,0,g,4,g,4,g
802,blimpie,bacon egg and cheese breakfast burrito,30,g,250,mg,2030,g,50,g,25,g,11,g,0,g,4,g,3,g
803,blimpie,bagel,1,g,0,mg,49,g,64,g,11,g,0,g,0,g,2,g,6,g
804,blimpie,plain breakfast biscuit,12,g,0,mg,840,g,35,g,6,g,6,g,0,g,1,g,3,g
805,blimpie,breakfast biscuit with sausage gravy,27,g,25,mg,1310,g,43,g,12,g,10,g,0,g,2,g,4,g
806,blimpie,bacon egg and cheese breakfast bluffin,11,g,125,mg,890,g,29,g,14,g,5,g,0,g,2,g,1,g
807,blimpie,grilled ham breakfast sandwich,20,g,270,mg,1840,g,51,g,30,g,8,g,0,g,1,g,7,g
808,blimpie,sausage egg and cheese breakfast croissant,35,g,170,mg,1010,g,30,g,19,g,15,g,0,g,1,g,5,g
809,blimpie,sausage egg and cheese breakfast burrito,43,g,280,mg,2010,g,50,g,29,g,16,g,0,g,4,g,3,g
810,blimpie,ham egg and cheese breakfast croissant,19,g,145,mg,980,g,31,g,16,g,10,g,0,g,1,g,5,g
811,blimpie,sausage egg and cheese breakfast biscuit,36,g,160,mg,1560,g,37,g,20,g,15,g,0,g,1,g,4,g
812,blimpie,ham egg and cheese breakfast bluffin,9,g,135,mg,960,g,30,g,15,g,4,g,0,g,2,g,1,g
813,blimpie,plain breakfast bluffin,1,g,0,mg,260,g,26,g,4,g,0,g,0,g,2,g,0,g
814,blimpie,egg and cheese breakfast croissant,18,g,130,mg,680,g,30,g,11,g,9,g,0,g,1,g,5,g
815,blimpie,egg and cheese breakfast burrito,26,g,240,mg,1680,g,50,g,21,g,10,g,0,g,4,g,3,g
816,blimpie,plain breakfast croissant,11,g,10,mg,290,g,28,g,5,g,6,g,0,g,1,g,4,g
817,blimpie,sausage egg and cheese breakfast bluffin,25,g,160,mg,990,g,29,g,19,g,10,g,0,g,2,g,1,g
818,blimpie,ham egg and cheese breakfast biscuit,20,g,135,mg,1530,g,38,g,17,g,10,g,0,g,1,g,4,g
819,blimpie,grilled egg breakfast sandwich,9,g,120,mg,620,g,25,g,11,g,4,g,0,g,1,g,3,g
820,blimpie,bacon egg and cheese breakfast croissant,21,g,135,mg,920,g,30,g,14,g,10,g,0,g,1,g,5,g
821,blimpie,egg and cheese breakfast bluffin,8,g,120,mg,660,g,29,g,11,g,4,g,0,g,2,g,1,g
822,blimpie,bacon egg and cheese breakfast biscuit,22,g,125,mg,1470,g,37,g,15,g,10,g,0,g,1,g,4,g
823,blimpie,grilled sausage breakfast sandwich,52,g,320,mg,1910,g,49,g,37,g,19,g,0,g,1,g,6,g
824,blimpie,egg and cheese breakfast biscuit,19,g,120,mg,1230,g,37,g,12,g,9,g,0,g,1,g,4,g
825,blimpie,bagel with cream cheese,11,g,30,mg,580,g,66,g,13,g,6,g,0,g,2,g,7,g
826,blimpie,grilled bacon breakfast sandwich,23,g,250,mg,1720,g,49,g,27,g,9,g,0,g,1,g,6,g
827,blimpie,fat free italian dressing,0,g,0,mg,700,g,4,g,0,g,0,g,0,g,0,g,3,g
828,blimpie,zesty brown mustard,0,g,0,mg,180,g,0,g,0,g,0,g,0,g,0,g,0,g
829,blimpie,dijon honey mustard,5,g,5,mg,100,g,3,g,0,g,1,g,0,g,0,g,3,g
830,blimpie,light italian dressing,4,g,0,mg,270,g,2,g,0,g,1,g,0,g,0,g,2,g
831,blimpie,light buttermilk ranch dressing,14,g,10,mg,380,g,6,g,0,g,3,g,0,g,0,g,2,g
832,blimpie,honey mustard,0,g,0,mg,100,g,4,g,1,g,0,g,0,g,1,g,3,g
833,blimpie,mayonnaise,11,g,10,mg,75,g,0,g,0,g,2,g,0,g,0,g,0,g
834,blimpie,blue cheese dressing,28,g,20,mg,300,g,2,g,2,g,5,g,0,g,0,g,1,g
835,blimpie,buttermilk ranch dressing,24,g,5,mg,220,g,3,g,1,g,4,g,0,g,0,g,1,g
836,blimpie,yellow deli style mustard,0,g,0,mg,160,g,0,g,0,g,0,g,0,g,0,g,0,g
837,blimpie,creamy caesar dressing,23,g,0,mg,420,g,2,g,1,g,4,g,0,g,0,g,2,g
838,blimpie,oatmeal raisin cookie,8,g,15,mg,140,g,25,g,2,g,4,g,0,g,1,g,13,g
839,blimpie,frosted sugar cookie,10,g,15,mg,200,g,32,g,2,g,5,g,0,g,0,g,19,g
840,blimpie,chocolate chunk cookie,10,g,10,mg,135,g,26,g,2,g,5,g,0,g,1,g,15,g
841,blimpie,peanut butter cookie,13,g,15,mg,160,g,21,g,4,g,5,g,0,g,1,g,14,g
842,blimpie,sugar cookies with mandms,11,g,15,mg,190,g,33,g,2,g,6,g,0,g,0,g,21,g
843,blimpie,snickerdoodle cookie,9,g,15,mg,180,g,27,g,2,g,5,g,0,g,0,g,15,g
844,blimpie,sugar cookie,9,g,15,mg,180,g,26,g,2,g,5,g,0,g,0,g,14,g
845,blimpie,frosted sugar cookie with sprinkles,10,g,15,mg,200,g,33,g,2,g,5,g,0,g,0,g,19,g
846,blimpie,white chocolate macadamia nut cookie,12,g,10,mg,130,g,24,g,2,g,6,g,0,g,1,g,15,g
847,blimpie,brownie,15,g,40,mg,290,g,62,g,4,g,2,g,0,g,2,g,39,g
848,blimpie,kids 3 turkey and cheese sub,8,g,30,mg,900,g,32,g,13,g,3,g,0,g,1,g,3,g
849,blimpie,kids 3 ham and cheese sub,7,g,25,mg,840,g,28,g,12,g,3,g,0,g,1,g,3,g
850,blimpie,kids 3 tuna sub,11,g,25,mg,510,g,30,g,13,g,2,g,0,g,1,g,3,g
851,blimpie,green bell peppers,0,g,0,mg,460,g,1,g,0,g,0,g,0,g,0,g,0,g
852,blimpie,capicola,1,g,5,mg,180,g,1,g,3,g,0,g,0,g,0,g,1,g
853,blimpie,spinach,0,g,0,mg,20,g,1,g,1,g,0,g,0,g,1,g,0,g
854,blimpie,prosciuttini,1,g,5,mg,150,g,1,g,2,g,0,g,0,g,0,g,0,g
855,blimpie,sauerkraut,0,g,0,mg,190,g,1,g,0,g,0,g,0,g,1,g,0,g
856,blimpie,vegimax,5,g,0,mg,520,g,12,g,15,g,1,g,0,g,3,g,2,g
857,blimpie,7 cheese pizza,13,g,40,mg,1010,g,68,g,20,g,7,g,0,g,3,g,6,g
858,blimpie,16 bbq chicken pizza,7,g,30,mg,900,g,49,g,15,g,4,g,0,g,2,g,12,g
859,blimpie,16 sausage and mushroom pizza,11,g,35,mg,710,g,42,g,15,g,5,g,0,g,3,g,5,g
860,blimpie,7 sausage and mushroom pizza,22,g,80,mg,1240,g,69,g,28,g,9,g,0,g,3,g,7,g
861,blimpie,16 cheese pizza,7,g,20,mg,610,g,41,g,12,g,4,g,0,g,2,g,5,g
862,blimpie,7 classic combo pizza,28,g,70,mg,1640,g,72,g,29,g,12,g,0,g,3,g,8,g
863,blimpie,16 pepperoni pizza,11,g,30,mg,770,g,42,g,13,g,5,g,0,g,2,g,5,g
864,blimpie,16 classic combo pizza,14,g,45,mg,850,g,43,g,16,g,6,g,0,g,3,g,6,g
865,blimpie,7 bbq chicken pizza,14,g,60,mg,1380,g,76,g,28,g,7,g,0,g,2,g,12,g
866,blimpie,12 sausage and mushroom pizza,9,g,30,mg,560,g,33,g,12,g,4,g,0,g,2,g,4,g
867,blimpie,16 veggie pizza,61.7,g,137,mg,4727,g,301.4,g,89.1,g,27.4,g,0,g,20.6,g,41.1,g
868,blimpie,12 classic combo pizza,11,g,25,mg,670,g,34,g,12,g,5,g,0,g,2,g,4,g
869,blimpie,12 pepperoni pizza,7,g,20,mg,540,g,33,g,10,g,4,g,0,g,2,g,3,g
870,blimpie,7 pepperoni pizza,16,g,45,mg,1130,g,68,g,21,g,8,g,0,g,3,g,6,g
871,blimpie,12 bbq chicken pizza,6,g,25,mg,660,g,37,g,12,g,3,g,0,g,1,g,7,g
872,blimpie,7 veggie pizza,17,g,40,mg,1220,g,75,g,21,g,7,g,0,g,5,g,9,g
873,blimpie,12 veggie pizza,7,g,15,mg,540,g,35,g,10,g,3,g,0,g,2,g,5,g
874,blimpie,12 cheese pizza,6,g,15,mg,490,g,33,g,9,g,3,g,0,g,2,g,3,g
875,blimpie,blimpie special dressing,5,g,0,mg,0,g,0,g,0,g,1,g,0,g,0,g,0,g
876,blimpie,oil blend,14,g,0,mg,0,g,0,g,0,g,2,g,0,g,0,g,0,g
877,blimpie,red wine vinegar,0,g,0,mg,0,g,1,g,0,g,0,g,0,g,0,g,0,g
878,blimpie,peppercorn ranch dressing,23,g,15,mg,440,g,3,g,1,g,3,g,0,g,0,g,0,g
879,blimpie,chipotle mayo,10,g,5,mg,120,g,1,g,0,g,2,g,0,g,0,g,0,g
880,blimpie,reduced calorie mayonnaise,4,g,10,mg,90,g,1,g,0,g,0,g,0,g,0,g,0,g
881,blimpie,thousand island dressing,19,g,20,mg,370,g,6,g,0,g,3,g,0,g,0,g,4,g
882,blimpie,grilled chicken caesar salad without dressing,5,g,45,mg,660,g,6,g,22,g,3,g,0,g,3,g,3,g
883,blimpie,ultimate club salad without dressing,16,g,65,mg,1180,g,11,g,23,g,8,g,0,g,3,g,5,g
884,blimpie,macaroni salad without dressing single serve,21,g,15,mg,890,g,22,g,3,g,4,g,0,g,2,g,8,g
885,blimpie,garden salad without dressing,0,g,0,mg,20,g,8,g,2,g,0,g,0,g,3,g,4,g
886,blimpie,cole slaw without dressing single serve,16,g,10,mg,260,g,15,g,1,g,3,g,0,g,2,g,12,g
887,blimpie,antipasto salad without dressing,14,g,50,mg,1630,g,14,g,19,g,5,g,0,g,4,g,6,g
888,blimpie,potato salad without dressing single serving,10,g,10,mg,450,g,24,g,3,g,2,g,0,g,3,g,7,g
889,blimpie,buffalo chicken salad without dressing,8,g,60,mg,790,g,9,g,23,g,3,g,0,g,3,g,4,g
890,blimpie,whole grain wheat bread,3,g,0,mg,338,g,32.9,g,8.4,g,0.8,g,0,g,4.2,g,1.7,g
891,blimpie,salami,3,g,10,mg,130,g,0,g,2,g,1,g,0,g,0,g,0,g
892,blimpie,jalapeno peppers,0,g,0,mg,470,g,1,g,0,g,0,g,0,g,0,g,0,g
893,blimpie,pretzel roll,5,g,0,mg,75,g,58,g,8,g,2,g,0,g,2,g,7,g
894,blimpie,white bread,3,g,0,mg,462,g,44.7,g,8.4,g,0.5,g,0,g,1.5,g,4,g
895,blimpie,sesame seed bread,3,g,0,mg,462,g,44.7,g,8.4,g,0.5,g,0,g,1.5,g,4,g
896,blimpie,philly steak and onion,8,g,45,mg,540,g,2,g,19,g,4,g,0,g,0,g,2,g
897,blimpie,meatballs with sauce,22,g,65,mg,1020,g,13,g,20,g,8,g,1,g,3,g,5,g
898,blimpie,roast beef,3,g,45,mg,700,g,2,g,17,g,1,g,0,g,0,g,0,g
899,blimpie,smoked cheddar cheese,6,g,20,mg,390,g,0,g,4,g,4,g,0,g,0,g,0,g
900,blimpie,spinach tortilla,8,g,0,mg,650,g,47,g,7,g,2,g,0,g,3,g,2,g
901,blimpie,lettuce,0,g,0,mg,0,g,1,g,0,g,0,g,0,g,0,g,1,g
902,blimpie,olives,2,g,0,mg,105,g,1,g,0,g,0,g,0,g,0,g,0,g
903,blimpie,ham,1,g,15,mg,300,g,1,g,5,g,0,g,0,g,0,g,1,g
904,blimpie,swiss cheese,6,g,20,mg,45,g,0,g,6,g,4,g,0,g,0,g,0,g
905,blimpie,zesty parmesan bread,5,g,5,mg,555,g,46,g,11,g,1.5,g,0,g,2,g,4,g
906,blimpie,guacamole,6,g,0,mg,125,g,2,g,1,g,1,g,0,g,0,g,0,g
907,blimpie,american cheese,9,g,25,mg,520,g,1,g,5,g,5,g,0,g,0,g,0,g
908,blimpie,pastrami,3,g,45,mg,700,g,2,g,15,g,1,g,0,g,0,g,2,g
909,blimpie,corned beef,5,g,45,mg,940,g,0,g,15,g,3,g,0,g,0,g,0,g
910,blimpie,hot mild banana rings peppers,0,g,0,mg,460,g,1,g,0,g,0,g,0,g,0,g,0,g
911,blimpie,ciabatta bread,3,g,0,mg,590,g,43,g,8,g,0,g,0,g,2,g,2,g
912,blimpie,poppy seed bread,3,g,0,mg,462,g,44.7,g,8.4,g,0.5,g,0,g,1.5,g,4,g
913,blimpie,cheddar jalapeno bread,5.5,g,8,mg,580,g,45.5,g,10.5,g,2,g,0,g,1.5,g,4,g
914,blimpie,roasted red peppers,0,g,0,mg,85,g,1,g,0,g,0,g,0,g,0,g,0,g
915,blimpie,sweet strips peppers,0,g,0,mg,130,g,6,g,0,g,0,g,0,g,0,g,5,g
916,blimpie,onion,0,g,0,mg,0,g,3,g,0,g,0,g,0,g,0,g,1,g
917,blimpie,pepperoni,4,g,10,mg,160,g,0,g,2,g,2,g,0,g,0,g,0,g
918,blimpie,flour tortilla,11,g,0,mg,740,g,45,g,8,g,3,g,0,g,4,g,1,g
919,blimpie,turkey,3,g,40,mg,820,g,3,g,12,g,1,g,0,g,0,g,2,g
920,blimpie,gluten free bread,7,g,0,mg,445,g,38,g,6,g,0.5,g,0,g,0,g,3.5,g
921,blimpie,provolone cheese,6,g,15,mg,170,g,1,g,5,g,3,g,0,g,0,g,0,g
922,blimpie,pepper jack cheese,6,g,20,mg,190,g,1,g,5,g,4,g,0,g,0,g,0,g
923,blimpie,salsa tortilla,9,g,0,mg,770,g,49,g,8,g,3,g,0,g,1,g,2,g
924,blimpie,wheat tortilla,8,g,0,mg,660,g,44,g,11,g,3,g,0,g,9,g,4,g
925,blimpie,buffalo chicken,1,g,15,mg,200,g,1,g,5,g,0,g,0,g,0,g,0,g
926,blimpie,honey oat bread,6.5,g,0,mg,398,g,43.8,g,10.4,g,1.5,g,0,g,5.5,g,4.5,g
927,blimpie,creamy italian dressing,26,g,15,mg,290,g,1,g,0,g,5,g,0,g,0,g,1,g
928,blimpie,sliced tomato,0,g,0,mg,0,g,2,g,0,g,0,g,0,g,0,g,1,g
929,blimpie,everything bread,3,g,0,mg,473,g,45.3,g,8.6,g,0.5,g,0,g,1.5,g,4,g
930,blimpie,grilled chicken strips,1,g,40,mg,440,g,1,g,16,g,0,g,0,g,0,g,0,g
931,blimpie,bacon,6,g,10,mg,500,g,0,g,6,g,2,g,0,g,0,g,0,g
932,blimpie,shredded parmesan cheese,4,g,10,mg,180,g,0,g,5,g,2,g,0,g,0,g,0,g
933,blimpie,tuna,19,g,50,mg,400,g,0,g,14,g,3,g,0,g,0,g,0,g
934,blimpie,roast beef and provolone cheese sub,14.5,g,60,mg,1348,g,53.4,g,31.4,g,4.5,g,0,g,3,g,7,g
935,blimpie,turkey and provolone sub,15,g,52,mg,1473,g,54.9,g,27,g,4.5,g,0,g,3,g,8.5,g
936,blimpie,tuna sub,21.5,g,50,mg,735,g,48,g,23.5,g,3,g,0,g,2.5,g,6,g
937,blimpie,ham salami and provolone cheese sub,18.4,g,42,mg,1206,g,53.3,g,22.9,g,6,g,0,g,3,g,7.5,g
938,blimpie,blimpie best sub,16.6,g,48,mg,1405,g,54.2,g,26.1,g,5,g,0,g,3,g,8.5,g
939,blimpie,club sub,14.4,g,47,mg,1141,g,53.8,g,24.9,g,5,g,0,g,3,g,8,g
940,blimpie,ultimate club ciabatta sub,26,g,60,mg,1720,g,51,g,27,g,7,g,0,g,3,g,6,g
941,blimpie,philly cheesesteak sub,27.8,g,69,mg,1383,g,49.1,g,33.2,g,8.4,g,0,g,1.5,g,6.4,g
942,blimpie,veggie and cheese sub large,41,g,30,mg,2720,g,107,g,40,g,17,g,0,g,6,g,14,g
943,blimpie,vegimax sub,26.5,g,22,mg,1308,g,61.4,g,29.4,g,6,g,0,g,5.5,g,8.5,g
944,blimpie,blimpie burger,26,g,65,mg,790,g,51,g,24,g,9,g,1,g,3,g,7,g
945,blimpie,buffalo chicken ciabatta sub,22,g,65,mg,1970,g,51,g,30,g,5,g,0,g,3,g,5,g
946,blimpie,hoboken hero sub,26.4,g,60,mg,1535,g,53.3,g,26.4,g,9,g,0,g,3,g,7.5,g
947,blimpie,sicilian ciabatta sub,27,g,60,mg,1880,g,48,g,26,g,7,g,0,g,3,g,4,g
948,blimpie,blimp sub,47,g,113,mg,2695,g,60,g,38,g,11,g,0,g,2.5,g,12,g
949,blimpie,chicken cheddar bacon ranch sub,26.5,g,72,mg,265,g,52.9,g,33.9,g,8,g,0,g,3,g,7.5,g
950,blimpie,pastrami pretzel bread sub,13,g,65,mg,1000,g,60,g,29,g,7,g,0,g,2,g,9,g
951,blimpie,grilled chicken caesar ciabatta sub,20,g,65,mg,1480,g,62,g,34,g,5,g,0,g,3,g,4,g
952,blimpie,mediterranean ciabatta sub,8,g,55,mg,1890,g,49,g,29,g,2,g,0,g,3,g,5,g
953,blimpie,ham and swiss sub,14,g,45,mg,1115,g,54,g,24.5,g,5,g,0,g,3,g,8,g
954,blimpie,meatball parmigiana sub,39,g,90,mg,2085,g,58.5,g,43,g,16,g,1,g,5,g,9,g
955,blimpie,tiurkey bacon and cheddar cheese ciabatta sub,15,g,65,mg,2380,g,47,g,28,g,6,g,0,g,2,g,4,g
956,blimpie,grilled chicken teriyaki sub,10,g,55,mg,1449,g,62.2,g,30.9,g,3.5,g,0,g,2,g,16.9,g
957,blimpie,turkey and avocado sub,11,g,45,mg,1642,g,55.4,g,25.5,g,1.5,g,0,g,5,g,8.5,g
958,blimpie,turkey and cranberry sub,14.2,g,71,mg,1519,g,59,g,24.5,g,5.7,g,0.5,g,1.9,g,15.6,g
959,blimpie,french dip sub regualr,101,g,597,mg,17992,g,486.5,g,284.6,g,45.9,g,0,g,9.2,g,36.7,g
960,blimpie,pastrami ciabatta sub,11,g,65,mg,1520,g,45,g,29,g,5,g,0,g,2,g,4,g
961,blimpie,blimpie dog,18,g,45,mg,960,g,24,g,17,g,6,g,1,g,1,g,4,g
962,blimpie,french dip sub large,23,g,130,mg,3420,g,103,g,62,g,10,g,0,g,3,g,8,g
963,blimpie,french dip ciabatta sub,11,g,65,mg,2080,g,51,g,31,g,4.5,g,0,g,2,g,2,g
964,blimpie,chicken salad sub,16,g,43,mg,1075,g,48.5,g,22,g,2.5,g,0,g,2.5,g,6,g
965,blimpie,turkey bacon pretzel bread sub,18,g,60,mg,1740,g,62,g,26,g,9,g,0,g,2,g,9,g
966,blimpie,roast beef turkey and cheddar ciabatta sub,23,g,60,mg,1880,g,51,g,25,g,7,g,0,g,3,g,5,g
967,blimpie,blt sub,26.9,g,27,mg,1279,g,47.8,g,17.4,g,5.5,g,0,g,2.5,g,6,g
968,blimpie,roast beef turkey and cheddar cheese on pretzel bread,27,g,65,mg,1370,g,65,g,24,g,10,g,0,g,3,g,10,g
969,blimpie,reuben sub,23,g,75,mg,1810,g,49.5,g,30,g,8,g,0,g,2.5,g,6.5,g
970,blimpie,veggie and cheese sub regular,21,g,15,mg,1390,g,54,g,20,g,9,g,0,g,3,g,7,g
971,blimpie,cannonball bbq sauce,0,g,0,mg,150,g,6,g,0,g,0,g,0,g,0,g,5,g
972,blimpie,franks redhot hot sauce,0,g,0,mg,500,g,1,g,0,g,0,g,0,g,0,g,0,g
973,blimpie,teriyaki sauce,0,g,0,mg,180,g,6,g,0,g,0,g,0,g,0,g,6,g
974,blimpie,au jus sauce,0,g,0,mg,65,g,1,g,0,g,0,g,0,g,0,g,0,g
975,blimpie,chili,2,g,5,mg,250,g,5,g,4,g,1,g,0,g,2,g,2,g
976,blimpie,cheese sauce,5,g,5,mg,490,g,6,g,1,g,3,g,0,g,0,g,2,g
977,blimpie,salted soft pretzel,2,g,0,mg,830,g,62,g,10,g,1,g,0,g,0,g,2,g
978,blimpie,plain soft pretzel,1,g,0,mg,300,g,62,g,10,g,0,g,0,g,0,g,2,g
979,blimpie,sliced pickle,0,g,0,mg,340,g,1,g,0,g,0,g,0,g,0,g,0,g
980,blimpie,nachos,15,g,10,mg,850,g,28,g,4,g,5,g,0,g,1,g,3,g
981,blimpie,popcorn,33,g,0,mg,900,g,57,g,10,g,23,g,0,g,0,g,0,g
982,blimpie,cinnamon sugar soft pretzel,2,g,0,mg,310,g,65,g,10,g,1,g,0,g,0,g,5,g
983,blimpie,7up 12 oz,0,g,0,mg,50,g,35,g,0,g,0,g,0,g,0,g,35,g
984,blimpie,7up 16 oz,0,g,0,mg,75,g,53,g,0,g,0,g,0,g,0,g,53,g
985,blimpie,7up 21 oz,0,g,0,mg,90,g,62,g,0,g,0,g,0,g,0,g,62,g
986,blimpie,7up 28 oz,0,g,0,mg,135,g,94,g,0,g,0,g,0,g,0,g,94,g
987,blimpie,aandw root beer 12 oz,0,g,0,mg,70,g,45,g,0,g,0,g,0,g,0,g,44,g
988,blimpie,aandw root beer 16 oz,0,g,0,mg,105,g,67,g,0,g,0,g,0,g,0,g,66,g
989,blimpie,aandw root beer 21 oz,0,g,0,mg,120,g,78,g,0,g,0,g,0,g,0,g,77,g
990,blimpie,aandw root beer 28 oz,0,g,0,mg,180,g,119,g,0,g,0,g,0,g,0,g,118,g
991,blimpie,american cheese,9,g,25,mg,520,g,1,g,5,g,5,g,0,g,0,g,0,g
992,blimpie,antipasto salad,14,g,50,mg,1630,g,14,g,19,g,5,g,0,g,4,g,6,g
993,blimpie,au jus sauce,0,g,0,mg,65,g,1,g,0,g,0,g,0,g,0,g,0,g
994,blimpie,bacon 2 slices,6,g,10,mg,500,g,0,g,6,g,2,g,0,g,0,g,0,g
995,blimpie,bagel,1,g,0,mg,490,g,64,g,11,g,0,g,0,g,2,g,6,g
996,blimpie,bagel with cream cheese,11,g,30,mg,580,g,66,g,13,g,6,g,0,g,2,g,7,g
997,blimpie,baked lays,2,g,0,mg,170,g,26,g,2,g,0,g,0,g,2,g,2,g
998,blimpie,baked lays bbq,4,g,0,mg,220,g,25,g,2,g,1,g,0,g,0,g,3,g
999,blimpie,barqs caffine free root beer 12 oz,0,g,0,mg,75,g,50,g,0,g,0,g,0,g,0,g,50,g
