,Restaurant Name,Food Name,Total Fat Amount,Total Fat Unit,Cholesterol Amount,Cholesterol Unit,Sodium Amount,Sodium Unit,Total Carbohydrate Amount,Total Carbohydrate Unit,Protein Amount,Protein Unit,Saturated Fat Amount,Saturated Fat Unit,Trans Fat Amount,Trans Fat Unit,Dietary Fiber Amount,Dietary Fiber Unit,Sugars Amount,Sugars Unit
0,pizza inn,medium italian style crust pepperoni max pizza buffet,11,g,17,mg,613,g,22,g,9,g,4,g,0,g,1,g,1.6,g
1,pizza inn,large new york pan crust veggie max pizza,13,g,12,mg,521,g,26,g,8.7,g,3.8,g,0,g,1.5,g,2.5,g
2,pizza inn,medium italian style crust taco pizza,11,g,21,mg,660,g,29,g,12,g,4.5,g,0,g,2,g,3,g
3,pizza inn,medium italian style crust spicy asian chicken pizza buffet,6.3,g,12,mg,541,g,26,g,9,g,2,g,0,g,1,g,5.4,g
4,pizza inn,medium thin crust bbq chicken pizza,7.1,g,21,mg,627,g,27,g,9.8,g,3,g,0,g,1,g,7.4,g
5,pizza inn,large new york pan crust supreme max pizza,15,g,15,mg,690,g,26,g,11,g,4.3,g,0,g,1.6,g,2.3,g
6,pizza inn,medium italian style crust buffalo chicken pizza,11,g,15,mg,821,g,28,g,10,g,2.6,g,0.4,g,1.1,g,1.5,g
7,pizza inn,large italian style crust buffalo chicken pizza,11,g,17,mg,861,g,31,g,11,g,2.7,g,0.4,g,1.2,g,1.6,g
8,pizza inn,large italian style crust alfredo cheese pizza,11,g,14,mg,590,g,29,g,9.8,g,4.6,g,0,g,1,g,1.4,g
9,pizza inn,large italian style crust chicken fajita pizza,8.9,g,19,mg,713,g,30,g,13,g,3.1,g,0,g,1.7,g,2.2,g
10,pizza inn,individual new york pan crust express meaty max pizza,10,g,17,mg,607,g,21,g,9.5,g,3,g,0.4,g,1,g,1.3,g
11,pizza inn,meaty max flatbread pizza,7.6,g,18,mg,568,g,12,g,8,g,2.6,g,0,g,0.6,g,1,g
12,pizza inn,large triple cheesy stuffed crust chicken fajita pizza,13,g,33,mg,996,g,41,g,17,g,5.5,g,0,g,1.9,g,2.9,g
13,pizza inn,large thin crust alfredo cheese pizza,9.6,g,14,mg,488,g,21,g,7.9,g,4.4,g,0,g,0.8,g,0.7,g
14,pizza inn,medium triple cheesy stuffed crust garlic cheese pizza,13,g,20,mg,788,g,37,g,12,g,5.1,g,0.4,g,1.2,g,1.9,g
15,pizza inn,medium thin crust spicy asian chicken pizza,6.6,g,15,mg,585,g,26,g,9.7,g,2.5,g,0,g,1,g,6,g
16,pizza inn,giant italian style crust veggie max pizza,10,g,12,mg,630,g,33,g,10,g,3.4,g,0,g,1.8,g,3,g
17,pizza inn,individual thin crust bacon chicken ranch pizza,12,g,23,mg,525,g,18,g,9.9,g,3,g,0,g,0.9,g,1,g
18,pizza inn,medium thin crust loaded baked potato pizza,11,g,18,mg,531,g,22,g,9,g,3.6,g,0,g,1,g,1,g
19,pizza inn,individual yew york pan crust hawaiian pizza,9.3,g,18,mg,748,g,23,g,11,g,2.8,g,0,g,1.1,g,3,g
20,pizza inn,large triple cheesy stuffed crust bacon cheeseburger pizza,16,g,40,mg,1132,g,40,g,18,g,6.8,g,0.1,g,1.8,g,2.4,g
21,pizza inn,breadstick for salads,0,g,0,mg,135,g,15,g,2,g,0,g,0,g,1,g,1,g
22,pizza inn,saltine crackers for salads,1,g,0,mg,180,g,10,g,0,g,0,g,0,g,0,g,0,g
23,pizza inn,french dressing,22,g,0,mg,500,g,10,g,0,g,3,g,0,g,0,g,8,g
24,pizza inn,ranch dressing,28,g,20,mg,373,g,2.7,g,1.3,g,4,g,0,g,0,g,1.3,g
25,pizza inn,thousand island dressing,26,g,30,mg,520,g,8,g,0,g,4,g,0,g,0,g,6,g
26,pizza inn,caesar dressing,26,g,20,mg,760,g,1,g,4,g,5,g,0,g,0,g,2,g
27,pizza inn,honey french dressing,22,g,0,mg,680,g,20,g,0,g,3,g,0,g,0,g,18,g
28,pizza inn,fat free ranch dressing,0,g,0,mg,620,g,16,g,0,g,0,g,0,g,2,g,10,g
29,pizza inn,homestyle pizza inn house dressing,8.5,g,12,mg,879,g,6.3,g,0.2,g,1.2,g,0,g,0.3,g,5,g
30,pizza inn,fat free italian dressing,0,g,0,mg,980,g,6,g,0,g,0,g,0,g,0,g,4,g
31,pizza inn,balsamic vinaigrette,24,g,0,mg,460,g,4,g,0,g,4,g,0,g,0,g,4,g
32,pizza inn,light raspberry walnut vinaigrette,12,g,0,mg,250,g,14,g,0,g,2,g,0,g,0,g,14,g
33,pizza inn,homestyle ranch dressing,22,g,21,mg,313,g,4,g,1.2,g,3,g,0,g,0,g,1.5,g
34,pizza inn,homestyle bleu cheese dressing,16,g,15,mg,299,g,3.5,g,1.4,g,2,g,0,g,0,g,2,g
35,pizza inn,blue cheese dressing,34,g,30,mg,620,g,2,g,2,g,7,g,0,g,0,g,2,g
36,pizza inn,honey mustard dressing,24,g,30,mg,340,g,14,g,0,g,4,g,0,g,0,g,12,g
37,pizza inn,oil and vinegar dressing,28,g,0,mg,0,g,1.8,g,0,g,3.6,g,0,g,0,g,0,g
38,pizza inn,large chef salad without dressing or saltines,22,g,226,mg,1140,g,26,g,24,g,7.8,g,0,g,5.3,g,7.6,g
39,pizza inn,small chef salad without dressing or saltines,12,g,130,mg,778,g,18,g,12,g,2.2,g,0.8,g,3.4,g,4.8,g
40,pizza inn,bacon cheddar deluxe salad without dressing or breadstick,24,g,0,mg,1869,g,31,g,17,g,4.3,g,3,g,6.8,g,7,g
41,pizza inn,chicken fajita deluxe salad without dressing saltines or breadstick,8,g,55,mg,1673,g,19,g,23,g,1.3,g,0.8,g,5.5,g,6.5,g
42,pizza inn,large garden salad without dressing or saltines,2.5,g,0,mg,226,g,23,g,5,g,0.1,g,0,g,4.6,g,6.4,g
43,pizza inn,buffet caesar salad with dressing,12,g,9,mg,443,g,11,g,4.5,g,2.3,g,0,g,2,g,2,g
44,pizza inn,small garden salad without dressing or saltines,1.3,g,0,mg,120,g,13,g,3,g,0.1,g,0,g,3.1,g,4.2,g
45,pizza inn,chicken caesar salad with dressing without side breadstick,32,g,82,mg,1526,g,16,g,29,g,7,g,0,g,4,g,3.7,g
46,pizza inn,buffalo chicken salad without dressing or saltines,37,g,100,mg,2729,g,28,g,38,g,14,g,0,g,4.5,g,3.9,g
47,pizza inn,large caesar salad with dressing without breadstick,30,g,27,mg,946,g,14,g,9.6,g,0,g,0,g,3,g,3.7,g
48,pizza inn,small caesar salad with dressing,29,g,27,mg,941,g,12,g,9,g,6.5,g,0,g,1.8,g,3,g
49,pizza inn,meatball sandwich,38,g,153,mg,2380,g,75,g,41,g,16,g,0.2,g,4.4,g,9.5,g
50,pizza inn,turkey and cheese sandwich,20,g,90,mg,2144,g,63,g,42,g,9,g,0,g,2.5,g,5,g
51,pizza inn,chicken sandwich,19,g,77,mg,1431,g,62,g,34,g,8.3,g,0,g,3.2,g,3,g
52,pizza inn,large bbq chicken stromboli,4.7,g,10,mg,339,g,19,g,5.7,g,1.5,g,0,g,0.7,g,2.7,g
53,pizza inn,medium bbq chicken stromboli,4,g,6,mg,300,g,17,g,4.4,g,1,g,0,g,0.6,g,2.3,g
54,pizza inn,buffalo chicken sandwich without extras or dressing,31,g,86,mg,2466,g,75,g,37,g,11,g,0,g,3.4,g,3.2,g
55,pizza inn,oven philly cheese steak sandwich,28,g,85,mg,150,g,61,g,36,g,12,g,0,g,2.5,g,3.6,g
56,pizza inn,ham and cheese sandwich,24,g,90,mg,2464,g,63,g,40,g,10,g,0,g,2.5,g,3,g
57,pizza inn,italian sandwich,32,g,95,mg,2364,g,63,g,38,g,13,g,0,g,2.7,g,3.6,g
58,pizza inn,hoagie max sandwich,43,g,138,mg,1560,g,60,g,41,g,18,g,1,g,2,g,2,g
59,pizza inn,grilled philly cheese steak sandwich,28,g,85,mg,1351,g,63,g,36,g,12,g,0,g,3,g,4.5,g
60,pizza inn,marinara sauce for mozzarella cheese stick 1,0.1,g,0,mg,34,g,0.8,g,0.1,g,0,g,0,g,0.1,g,0.6,g
61,pizza inn,marinara sauce for breadstick,0.2,g,0,mg,68,g,1.6,g,0.1,g,0,g,0,g,0.3,g,1.2,g
62,pizza inn,meat sauce for deluxe spaghetti,3.3,g,10,mg,1026,g,23,g,8.3,g,1.2,g,0,g,2.6,g,15,g
63,pizza inn,garlic sauce for small garlic cheese bread and garlic roll,3.4,g,0,mg,50,g,0,g,0,g,0.6,g,0.1,g,0,g,0,g
64,pizza inn,marinara sauce for pepperoni twist,0.1,g,0,mg,46,g,1.1,g,0.1,g,0,g,0,g,0.2,g,0.8,g
65,pizza inn,homestyle ranch dressing for 9 oz tater tots,44,g,41,mg,626,g,7.8,g,2.3,g,6,g,0,g,0.1,g,3.1,g
66,pizza inn,marinara sauce for medium garlic cheese bread and garlic roll,0.1,g,0,mg,20,g,0.5,g,0,g,0,g,0,g,1,g,0.3,g
67,pizza inn,homestyle ranch dressing for 10 wings and 5 oz tater tots,22,g,21,mg,313,g,4,g,1,g,3,g,0,g,0,g,2,g
68,pizza inn,garlic sauce for large garlic cheese bread and garlic roll,2,g,0,mg,28,g,0,g,0,g,0.3,g,0,g,0,g,0,g
69,pizza inn,marinara sauce for small garlic cheese bread and garlic roll,0.1,g,0,mg,27,g,0.6,g,0.1,g,0,g,0,g,0.1,g,0.5,g
70,pizza inn,garlic sauce for medium garlic cheese bread and garlic roll,2.4,g,0,mg,36,g,0,g,0,g,0.4,g,0,g,0,g,0,g
71,pizza inn,medium garlic roll without sauce,2.8,g,1,mg,162,g,13,g,2.5,g,0.6,g,0,g,0.5,g,0.6,g
72,pizza inn,asian wing sauce,0,g,0,mg,680,g,30,g,0,g,0,g,0,g,0,g,28,g
73,pizza inn,marinara sauce for large garlic cheese bread and garlic roll,0,g,0,mg,15,g,0.4,g,0,g,0,g,0,g,0.1,g,0.3,g
74,pizza inn,ketchup for 5 oz tater tots,0.1,g,0,mg,533,g,16,g,0.6,g,0,g,0,g,0.8,g,14,g
75,pizza inn,barbecue wing sauce,0,g,0,mg,780,g,30,g,0,g,0,g,0,g,0,g,26,g
76,pizza inn,homestyle ranch dressing for jalapeno popper 1,2.8,g,3,mg,39,g,0.5,g,0.1,g,0.4,g,0,g,0,g,0.2,g
77,pizza inn,homestyle ranch dressing for pepperoni twist,3.7,g,3,mg,52,g,0.5,g,0.2,g,0.5,g,0,g,0,g,0.3,g
78,pizza inn,marinara sauce for deluxe spaghetti,2.7,g,0,mg,956,g,23,g,2,g,0.5,g,0.5,g,3.7,g,17,g
79,pizza inn,garlic sauce for breadstick,8.4,g,0,mg,125,g,0.1,g,0,g,1.4,g,0.1,g,0,g,0,g
80,pizza inn,buffalo wing sauce,8,g,0,mg,1750,g,1,g,0,g,1,g,0,g,0,g,0,g
81,pizza inn,ketchup for 9 oz tater tots,0.3,g,0,mg,1279,g,39,g,1.5,g,0,g,0,g,2,g,33,g
82,pizza inn,a la carte pizza giant italian style crust 1 topping 1 slice,9,g,15,mg,560,g,32,g,10,g,3,g,0,g,2,g,2,g
83,pizza inn,a la carte pizza giant italian style crust 1 topping 12 slices,111,g,155,mg,6740,g,378,g,118,g,35,g,1,g,19,g,27,g
84,pizza inn,a la carte pizza giant italian style crust 2 or more toppings,111,g,155,mg,6740,g,378,g,118,g,35,g,1,g,19,g,27,g
85,pizza inn,a la carte pizza giant italian style crust 2 or more toppings 1 slice,9,g,15,mg,560,g,32,g,10,g,3,g,0,g,2,g,2,g
86,pizza inn,a la carte pizza giant new york crust 1 topping,148,g,145,mg,5760,g,323,g,102,g,38,g,0.5,g,16,g,23,g
87,pizza inn,a la carte pizza giant new york crust 1 topping 1 slice,12,g,10,mg,480,g,27,g,9,g,3,g,0,g,1,g,2,g
88,pizza inn,a la carte pizza giant new york crust 2 or more toppings,148,g,145,mg,5760,g,323,g,102,g,38,g,0.5,g,16,g,23,g
89,pizza inn,a la carte pizza giant new york crust 2 or more toppings 1 slice,12,g,10,mg,480,g,27,g,9,g,3,g,0,g,1,g,2,g
90,pizza inn,a la carte pizza giant thin crust 1 topping,86,g,165,mg,5760,g,286,g,99,g,31,g,0,g,17,g,19,g
91,pizza inn,a la carte pizza giant thin crust 1 topping 1 slice,7,g,15,mg,480,g,24,g,8,g,2.5,g,0,g,1,g,2,g
92,pizza inn,a la carte pizza giant thin crust 2 or more toppings,86,g,165,mg,5760,g,286,g,99,g,31,g,0,g,17,g,19,g
93,pizza inn,a la carte pizza giant thin crust 2 or more toppings 1 slice,7,g,15,mg,480,g,24,g,8,g,2.5,g,0,g,1,g,2,g
94,pizza inn,a la carte pizza individual italian style crust 1 topping,18,g,40,mg,1350,g,69,g,25,g,7,g,0,g,3,g,5,g
95,pizza inn,a la carte pizza individual italian style crust 1 topping 1 slice,4.5,g,10,mg,340,g,17,g,6,g,2,g,0,g,1,g,1,g
96,pizza inn,a la carte pizza individual italian style crust 2 or more toppings,18,g,40,mg,1350,g,69,g,25,g,7,g,0,g,3,g,5,g
97,pizza inn,a la carte pizza individual italian style crust 2 or more toppings 1 slice,4.5,g,10,mg,340,g,17,g,6,g,2,g,0,g,1,g,1,g
98,pizza inn,a la carte pizza individual new york crust 1 topping,31,g,40,mg,1400,g,82,g,26,g,9,g,0,g,4,g,5,g
99,pizza inn,a la carte pizza individual new york crust 1 topping 1 slice,8,g,10,mg,350,g,21,g,7,g,2,g,0,g,1,g,1,g
100,pizza inn,a la carte pizza individual new york crust 2 or more toppings,31,g,40,mg,1400,g,82,g,26,g,9,g,0,g,4,g,5,g
101,pizza inn,a la carte pizza individual new york crust 2 or more toppings 1 slice,8,g,10,mg,350,g,21,g,7,g,2,g,0,g,1,g,1,g
102,pizza inn,a la carte pizza individual thin crust 1 topping,24,g,50,mg,1510,g,71,g,27,g,9,g,0,g,4,g,5,g
103,pizza inn,a la carte pizza individual thin crust 1 topping 1 slice,6,g,10,mg,380,g,18,g,7,g,2,g,0,g,1,g,1,g
104,pizza inn,a la carte pizza individual thin crust 2 or more toppings,24,g,50,mg,1510,g,71,g,27,g,9,g,0,g,4,g,5,g
105,pizza inn,a la carte pizza individual thin crust 2 or more toppings 1 slice,6,g,10,mg,380,g,18,g,7,g,2,g,0,g,1,g,1,g
106,pizza inn,a la carte pizza large italian style crust 1 topping,82,g,115,mg,5180,g,297,g,91,g,26,g,0.5,g,15,g,21,g
107,pizza inn,a la carte pizza large italian style crust 1 topping 1 slice,10,g,15,mg,650,g,37,g,11,g,3,g,0,g,2,g,3,g
108,pizza inn,a la carte pizza large italian style crust 2 or more toppings,82,g,115,mg,5180,g,297,g,91,g,26,g,0.5,g,15,g,21,g
109,pizza inn,a la carte pizza large italian style crust 2 or more toppings 1 slice,10,g,15,mg,650,g,37,g,11,g,3,g,0,g,2,g,3,g
110,pizza inn,a la carte pizza large new york crust 1 topping,115,g,115,mg,4510,g,253,g,81,g,30,g,0,g,12,g,18,g
111,pizza inn,a la carte pizza large new york crust 1 topping 1 slice,14,g,15,mg,560,g,32,g,10,g,3.5,g,0,g,2,g,2,g
112,pizza inn,a la carte pizza large new york crust 2 or more toppings,115,g,115,mg,4510,g,253,g,81,g,30,g,0,g,12,g,18,g
113,pizza inn,a la carte pizza large new york crust 2 or more toppings 1 slice,14,g,15,mg,560,g,32,g,10,g,3.5,g,0,g,2,g,2,g
114,pizza inn,a la carte pizza large thin crust 1 topping,66,g,125,mg,4460,g,223,g,76,g,24,g,0,g,13,g,15,g
115,pizza inn,a la carte pizza large thin crust 1 topping 1 slice,6,g,10,mg,370,g,19,g,6,g,2,g,0,g,1,g,1,g
116,pizza inn,a la carte pizza large thin crust 2 or more toppings,86,g,165,mg,5760,g,286,g,99,g,31,g,0,g,17,g,19,g
117,pizza inn,a la carte pizza large thin crust 2 or more toppings 1 slice,7,g,15,mg,480,g,24,g,8,g,2.5,g,0,g,1,g,2,g
118,pizza inn,a la carte pizza medium italian style crust 1 topping,64,g,100,mg,4020,g,218,g,70,g,21,g,0,g,11,g,16,g
119,pizza inn,a la carte pizza medium italian style crust 1 topping 1 slice,8,g,10,mg,500,g,27,g,9,g,2.5,g,0,g,1,g,2,g
120,pizza inn,a la carte pizza medium italian style crust 2 or more toppings,64,g,100,mg,4020,g,218,g,70,g,21,g,0,g,11,g,16,g
121,pizza inn,a la carte pizza medium italian style crust 2 or more toppings 1 slice,8,g,10,mg,50,g,27,g,9,g,2.5,g,0,g,1,g,2,g
122,pizza inn,a la carte pizza medium new york crust 1 topping,82,g,90,mg,3270,g,182,g,59,g,22,g,0,g,9,g,13,g
123,pizza inn,a la carte pizza medium new york crust 1 topping 1 slice,10,g,10,mg,410,g,23,g,7,g,2.5,g,0,g,1,g,2,g
124,pizza inn,a la carte pizza medium new york crust 2 or more toppings,82,g,90,mg,3270,g,182,g,59,g,22,g,0,g,9,g,13,g
125,pizza inn,a la carte pizza medium new york crust 2 or more toppings 1 slice,10,g,10,mg,410,g,23,g,7,g,2.5,g,0,g,1,g,2,g
126,pizza inn,a la carte pizza medium thin crust 1 topping,51,g,100,mg,3350,g,166,g,58,g,18,g,0,g,10,g,11,g
127,pizza inn,a la carte pizza medium thin crust 1 topping 1 slice,6,g,10,mg,420,g,21,g,7,g,2.5,g,0,g,1,g,1,g
128,pizza inn,a la carte pizza medium thin crust 2 or more toppings,51,g,100,mg,3350,g,166,g,58,g,18,g,0,g,10,g,11,g
129,pizza inn,a la carte pizza medium thin crust 2 or more toppings 1 slice,6,g,10,mg,420,g,21,g,7,g,2.5,g,0,g,1,g,1,g
130,pizza inn,a la carte pizza small italian style crust 1 topping,39,g,60,mg,2360,g,124,g,41,g,13,g,0,g,6,g,9,g
131,pizza inn,a la carte pizza small italian style crust 1 topping 1 slice,7,g,10,mg,390,g,21,g,7,g,2,g,0,g,1,g,2,g
132,pizza inn,a la carte pizza small italian style crust 2 or more toppings,39,g,60,mg,2360,g,124,g,41,g,13,g,0,g,6,g,9,g
133,pizza inn,a la carte pizza small italian style crust 2 or more toppings 1 slice,7,g,10,mg,390,g,21,g,7,g,2,g,0,g,1,g,2,g
134,pizza inn,a la carte pizza small new york crust 1 topping,50,g,60,mg,2260,g,126,g,40,g,14,g,0,g,6,g,9,g
135,pizza inn,a la carte pizza small new york crust 1 topping 1 slice,8,g,10,mg,380,g,21,g,7,g,2.5,g,0,g,1,g,2,g
136,pizza inn,a la carte pizza small new york crust 2 or more toppings,50,g,60,mg,2260,g,126,g,40,g,14,g,0,g,6,g,9,g
137,pizza inn,a la carte pizza small new york crust 2 or more toppings 1 slice,8,g,10,mg,380,g,21,g,7,g,2.5,g,0,g,1,g,2,g
138,pizza inn,a la carte pizza small thin crust 1 topping,31,g,60,mg,2080,g,106,g,36,g,11,g,0,g,6,g,7,g
139,pizza inn,a la carte pizza small thin crust 1 topping 1 slice,5,g,10,mg,350,g,18,g,6,g,2,g,0,g,1,g,1,g
140,pizza inn,a la carte pizza small thin crust 2 or more toppings,31,g,60,mg,2080,g,106,g,36,g,11,g,0,g,6,g,7,g
141,pizza inn,a la carte pizza small thin crust 2 or more toppings 1 slice,5,g,10,mg,350,g,18,g,6,g,2,g,0,g,1,g,1,g
142,pizza inn,apple bites,2,g,0,mg,85,g,9,g,1,g,0.5,g,1,g,1,g,3,g
143,pizza inn,apple cobbler,29,g,0,mg,510,g,364,g,6,g,6,g,6,g,2,g,261,g
144,pizza inn,apple cobbler 1 slice,2.5,g,0,mg,45,g,30,g,1,g,0.5,g,0.5,g,0,g,22,g
145,pizza inn,apple jack stromboli,108,g,0,mg,2940,g,378,g,42,g,17,g,2,g,9,g,131,g
146,pizza inn,apple jack stromboli 1 slice,8,g,0,mg,210,g,27,g,3,g,1,g,0,g,1,g,9,g
147,pizza inn,apple pizzert with cheese large,27,g,65,mg,820,g,127,g,21,g,12,g,2,g,1,g,88,g
148,pizza inn,apple pizzert with cheese large 1 slice,2.5,g,5,mg,70,g,11,g,2,g,1,g,0,g,0,g,7,g
149,pizza inn,apple pizzert giant,11,g,0,mg,210,g,192,g,4,g,2.5,g,3.5,g,1,g,133,g
150,pizza inn,apple pizzert giant 1 slice,1,g,0,mg,15,g,16,g,0,g,0,g,0,g,0,g,11,g
151,pizza inn,apple pizzert individual,2,g,0,mg,95,g,81,g,1,g,0.5,g,0.5,g,0,g,63,g
152,pizza inn,apple pizzert individual 1 slice,0.5,g,0,mg,25,g,20,g,0,g,0,g,0,g,0,g,16,g
153,pizza inn,apple pizzert large,9,g,0,mg,170,g,158,g,3,g,2,g,3,g,1,g,110,g
154,pizza inn,apple pizzert large 1 slice,0.5,g,0,mg,15,g,13,g,0,g,0,g,0,g,0,g,9,g
155,pizza inn,apple pizzert medium,7,g,0,mg,140,g,130,g,2,g,1.5,g,2,g,1,g,93,g
156,pizza inn,apple pizzert medium 1 slice,0.5,g,0,mg,10,g,11,g,0,g,0,g,0,g,0,g,8,g
157,pizza inn,apple pizzert small,4.5,g,0,mg,115,g,103,g,2,g,1,g,1.5,g,0,g,75,g
158,pizza inn,apple pizzert small 1 slice,0.5,g,0,mg,20,g,17,g,0,g,0,g,0,g,0,g,13,g
159,pizza inn,bacon cheddar ham breakfast pizza,115,g,565,mg,5240,g,177,g,104,g,37,g,0,g,7,g,10,g
160,pizza inn,bacon cheddar ham breakfast pizza 1 slice,12,g,55,mg,520,g,18,g,10,g,3.5,g,0,g,1,g,1,g
161,pizza inn,bacon cheddar ham pizza giant italian style crust,164,g,420,mg,10000,g,383,g,195,g,59,g,1,g,19,g,27,g
162,pizza inn,bacon cheddar ham pizza giant italian style crust 1 slice,14,g,35,mg,950,g,32,g,16,g,5,g,0,g,2,g,2,g
163,pizza inn,bacon cheddar ham pizza giant new york crust,201,g,415,mg,10000,g,328,g,179,g,63,g,0.5,g,16,g,24,g
164,pizza inn,bacon cheddar ham pizza giant new york crust 1 slice,17,g,35,mg,870,g,27,g,15,g,5,g,0,g,1,g,2,g
165,pizza inn,bacon cheddar ham pizza giant thin crust,139,g,430,mg,10000,g,291,g,176,g,56,g,0,g,17,g,20,g
166,pizza inn,bacon cheddar ham pizza giant thin crust 1 slice,12,g,35,mg,870,g,24,g,15,g,4.5,g,0,g,1,g,2,g
167,pizza inn,bacon cheddar ham pizza individual italian style crust,30,g,100,mg,2410,g,70,g,42,g,12,g,0,g,3,g,5,g
168,pizza inn,bacon cheddar ham pizza individual italian style crust 1 slice,8,g,25,mg,600,g,18,g,11,g,3,g,0,g,1,g,1,g
169,pizza inn,bacon cheddar ham pizza individual thin crust,36,g,110,mg,2560,g,73,g,44,g,14,g,0,g,4,g,5,g
170,pizza inn,bacon cheddar ham pizza individual thin crust 1 slice,9,g,25,mg,640,g,18,g,11,g,3.5,g,0,g,1,g,1,g
171,pizza inn,bacon cheddar ham pizza large italian style crust,123,g,325,mg,8790,g,301,g,150,g,45,g,0.5,g,15,g,21,g
172,pizza inn,bacon cheddar ham pizza large italian style crust 1 slice,15,g,40,mg,1100,g,38,g,19,g,6,g,0,g,2,g,3,g
173,pizza inn,bacon cheddar ham pizza large new york crust,156,g,325,mg,8120,g,257,g,140,g,49,g,0,g,12,g,18,g
174,pizza inn,bacon cheddar ham pizza large new york crust 1 slice,20,g,40,mg,1020,g,32,g,18,g,6,g,0,g,2,g,2,g
175,pizza inn,bacon cheddar ham pizza large thin crust,108,g,335,mg,8060,g,226,g,136,g,43,g,0,g,13,g,15,g
176,pizza inn,bacon cheddar ham pizza large thin crust 1 slice,9,g,30,mg,670,g,19,g,11,g,3.5,g,0,g,1,g,1,g
177,pizza inn,bacon cheddar ham pizza medium italian style crust,93,g,245,mg,6470,g,219,g,112,g,35,g,0,g,11,g,15,g
178,pizza inn,bacon cheddar ham pizza medium italian style crust 1 slice,12,g,30,mg,810,g,27,g,14,g,4.5,g,0,g,1,g,2,g
179,pizza inn,bacon cheddar ham pizza medium new york crust,111,g,235,mg,5820,g,185,g,101,g,36,g,0,g,9,g,13,g
180,pizza inn,bacon cheddar ham pizza medium new york crust 1 slice,14,g,30,mg,730,g,23,g,13,g,4.5,g,0,g,1,g,2,g
181,pizza inn,bacon cheddar ham pizza medium thin crust,80,g,245,mg,5900,g,169,g,100,g,32,g,0,g,10,g,11,g
182,pizza inn,bacon cheddar ham pizza medium thin crust 1 slice,10,g,30,mg,740,g,21,g,13,g,4,g,0,g,1,g,1,g
183,pizza inn,bacon cheddar ham pizza small,33,g,135,mg,2430,g,10,g,42,g,16,g,0,g,2,g,4,g
184,pizza inn,bacon cheddar ham pizza small 1 slice,6,g,25,mg,400,g,2,g,7,g,2.5,g,0,g,0,g,1,g
185,pizza inn,bacon cheeseburger pizza giant,135,g,415,mg,7570,g,30,g,137,g,64,g,0,g,13,g,10,g
186,pizza inn,bacon cheeseburger pizza giant 1 slice,11,g,35,mg,630,g,3,g,11,g,5,g,0,g,1,g,1,g
187,pizza inn,bacon cheeseburger pizza individual,32,g,100,mg,1880,g,7,g,33,g,15,g,0,g,3,g,2,g
188,pizza inn,bacon cheeseburger pizza individual 1 slice,8,g,25,mg,470,g,2,g,8,g,4,g,0,g,1,g,1,g
189,pizza inn,bacon cheeseburger pizza large,106,g,325,mg,5730,g,23,g,107,g,50,g,0,g,10,g,8,g
190,pizza inn,bacon cheeseburger pizza large 1 slice,13,g,40,mg,720,g,3,g,13,g,6,g,0,g,1,g,1,g
191,pizza inn,bacon cheeseburger pizza large thin crust,130,g,325,mg,8240,g,224,g,139,g,54,g,0,g,18,g,14,g
192,pizza inn,bacon cheeseburger pizza large thin crust 1 slice,11,g,25,mg,690,g,19,g,12,g,4.5,g,0,g,2,g,1,g
193,pizza inn,bacon cheeseburger pizza small,50,g,155,mg,2900,g,11,g,51,g,24,g,0,g,5,g,4,g
194,pizza inn,bacon cheeseburger pizza small 1 slice,8,g,25,mg,480,g,2,g,9,g,4,g,0,g,1,g,1,g
195,pizza inn,baked spaghetti,6,g,10,mg,440,g,18,g,7,g,2,g,0,g,2,g,5,g
196,pizza inn,bavarian cream pizzert giant,18,g,0,mg,370,g,148,g,4,g,2.5,g,3.5,g,1,g,89,g
197,pizza inn,bavarian cream pizzert giant 1 slice,1.5,g,0,mg,30,g,12,g,0,g,0,g,0,g,0,g,7,g
198,pizza inn,bavarian cream pizzert individual,6,g,0,mg,180,g,59,g,1,g,0.5,g,0.5,g,0,g,41,g
199,pizza inn,bavarian cream pizzert individual 1 slice,1.5,g,0,mg,45,g,15,g,0,g,0,g,0,g,0,g,10,g
200,pizza inn,bavarian cream pizzert large,15,g,0,mg,310,g,122,g,3,g,2,g,3,g,1,g,74,g
201,pizza inn,bavarian cream pizzert large 1 slice,1,g,0,mg,25,g,10,g,0,g,0,g,0,g,0,g,6,g
202,pizza inn,bavarian cream pizzert medium,12,g,0,mg,260,g,100,g,2,g,1.5,g,2,g,1,g,62,g
203,pizza inn,bavarian cream pizzert medium 1 slice,1,g,0,mg,20,g,8,g,0,g,0,g,0,g,0,g,5,g
204,pizza inn,bavarian cream pizzert small,9,g,0,mg,210,g,77,g,2,g,1,g,1.5,g,0,g,50,g
205,pizza inn,bavarian cream pizzert small 1 slice,1.5,g,0,mg,35,g,13,g,0,g,0,g,0,g,0,g,8,g
206,pizza inn,bbq chicken pizza giant,84,g,380,mg,6340,g,124,g,107,g,48,g,0,g,3,g,96,g
207,pizza inn,bbq chicken pizza giant 1 slice,7,g,30,mg,530,g,10,g,9,g,4,g,0,g,0,g,8,g
208,pizza inn,bbq chicken pizza individual,18,g,85,mg,1540,g,30,g,25,g,10,g,0,g,1,g,24,g
209,pizza inn,bbq chicken pizza individual 1 slice,4.5,g,20,mg,390,g,8,g,6,g,2.5,g,0,g,0,g,6,g
210,pizza inn,bbq chicken pizza large,67,g,305,mg,5010,g,97,g,85,g,38,g,0,g,2,g,75,g
211,pizza inn,bbq chicken pizza large 1 slice,8,g,40,mg,630,g,12,g,11,g,5,g,0,g,0,g,9,g
212,pizza inn,bbq chicken pizza large thin crust,91,g,305,mg,7150,g,297,g,117,g,42,g,0,g,9,g,81,g
213,pizza inn,bbq chicken pizza large thin crust 1 slice,8,g,25,mg,600,g,25,g,10,g,3.5,g,0,g,1,g,7,g
214,pizza inn,bbq chicken pizza medium,50,g,225,mg,3680,g,71,g,63,g,29,g,0,g,1,g,55,g
215,pizza inn,bbq chicken pizza medium 1 slice,6,g,30,mg,460,g,9,g,8,g,3.5,g,0,g,0,g,7,g
216,pizza inn,bbq chicken pizza small,34,g,155,mg,2460,g,44,g,44,g,19,g,0,g,1,g,34,g
217,pizza inn,bbq chicken pizza small 1 slice,6,g,25,mg,410,g,7,g,7,g,3,g,0,g,0,g,6,g
218,pizza inn,bbq chicken stromboli,101,g,125,mg,4540,g,271,g,78,g,25,g,0,g,9,g,38,g
219,pizza inn,bbq chicken stromboli 1 slice,7,g,10,mg,320,g,19,g,6,g,2,g,0,g,1,g,3,g
220,pizza inn,bbq ribs,36,g,140,mg,1000,g,29,g,40,g,11,g,0,g,0,g,22,g
221,pizza inn,blt pizza giant,153,g,350,mg,5160,g,17,g,113,g,52,g,0,g,5,g,6,g
222,pizza inn,blt pizza giant 1 slice,13,g,30,mg,430,g,1,g,9,g,4.5,g,0,g,0,g,1,g
223,pizza inn,blt pizza individual,28,g,75,mg,1060,g,3,g,24,g,10,g,0,g,1,g,1,g
224,pizza inn,blt pizza individual 1 slice,7,g,20,mg,270,g,1,g,6,g,2.5,g,0,g,0,g,0,g
225,pizza inn,blt pizza large,119,g,275,mg,4070,g,14,g,89,g,41,g,0,g,4,g,5,g
226,pizza inn,blt pizza large 1 slice,15,g,35,mg,510,g,2,g,11,g,5,g,0,g,1,g,1,g
227,pizza inn,blt pizza medium,78,g,205,mg,2930,g,8,g,65,g,28,g,0,g,3,g,3,g
228,pizza inn,blt pizza medium 1 slice,10,g,25,mg,370,g,1,g,8,g,3.5,g,0,g,0,g,0,g
229,pizza inn,blt pizza small,50,g,130,mg,1880,g,6,g,41,g,18,g,0,g,2,g,2,g
230,pizza inn,blt pizza small 1 slice,8,g,20,mg,310,g,1,g,7,g,3,g,0,g,0,g,0,g
231,pizza inn,blueberry cobbler,29,g,0,mg,510,g,313,g,6,g,6,g,6,g,2,g,160,g
232,pizza inn,blueberry cobbler 1 slice,2.5,g,0,mg,45,g,26,g,1,g,0.5,g,0.5,g,0,g,13,g
233,pizza inn,blueberry pizzert giant,11,g,0,mg,210,g,166,g,4,g,2.5,g,3.5,g,1,g,82,g
234,pizza inn,blueberry pizzert giant 1 slice,1,g,0,mg,15,g,14,g,0,g,0,g,0,g,0,g,7,g
235,pizza inn,blueberry pizzert individual,2,g,0,mg,95,g,68,g,1,g,0.5,g,0.5,g,0,g,38,g
236,pizza inn,blueberry pizzert individual 1 slice,0.5,g,0,mg,25,g,17,g,0,g,0,g,0,g,0,g,9,g
237,pizza inn,blueberry pizzert large,9,g,0,mg,170,g,137,g,3,g,2,g,3,g,1,g,68,g
238,pizza inn,blueberry pizzert large 1 slice,0.5,g,0,mg,15,g,11,g,0,g,0,g,0,g,0,g,6,g
239,pizza inn,blueberry pizzert medium,7,g,0,mg,140,g,112,g,2,g,1.5,g,2,g,1,g,57,g
240,pizza inn,blueberry pizzert medium 1 slice,0.5,g,0,mg,10,g,9,g,0,g,0,g,0,g,0,g,5,g
241,pizza inn,blueberry pizzert small,4.5,g,0,mg,115,g,88,g,2,g,1,g,1.5,g,0,g,46,g
242,pizza inn,blueberry pizzert small 1 slice,0.5,g,0,mg,20,g,15,g,0,g,0,g,0,g,0,g,8,g
243,pizza inn,breadsticks from scratch large,99,g,20,mg,2970,g,238,g,44,g,18,g,0.5,g,8,g,10,g
244,pizza inn,breadsticks from scratch large 1 piece,6,g,0,mg,170,g,13,g,3,g,1,g,0,g,0,g,1,g
245,pizza inn,breadsticks from scratch medium,68,g,15,mg,2110,g,172,g,32,g,12,g,0.5,g,6,g,8,g
246,pizza inn,breadsticks from scratch medium 1 piece,5,g,0,mg,150,g,12,g,2,g,1,g,0,g,0,g,1,g
247,pizza inn,breadsticks from scratch small,39,g,5,mg,1400,g,118,g,21,g,7,g,0,g,4,g,5,g
248,pizza inn,breadsticks from scratch small 1 piece,4,g,0,mg,140,g,12,g,2,g,0.5,g,0,g,0,g,1,g
249,pizza inn,breadsticks full order,3,g,5,mg,200,g,16,g,3,g,1,g,0,g,1,g,1,g
250,pizza inn,breadsticks full order 8 pieces,23,g,20,mg,1610,g,124,g,20,g,7,g,0,g,8,g,8,g
251,pizza inn,breadsticks half order,15,g,15,mg,900,g,63,g,11,g,5,g,0,g,4,g,4,g
252,pizza inn,breadsticks half order 1 piece,4,g,5,mg,220,g,16,g,3,g,1,g,0,g,1,g,1,g
253,pizza inn,breakfast stromboli,124,g,245,mg,4170,g,242,g,77,g,33,g,0.5,g,10,g,14,g
254,pizza inn,breakfast stromboli 1 slice,9,g,20,mg,300,g,17,g,6,g,2.5,g,0,g,1,g,1,g
255,pizza inn,broccoli and cheese soup,7,g,20,mg,510,g,8,g,4,g,2.5,g,0,g,1,g,4,g
256,pizza inn,buffalo chicken salad,36,g,115,mg,2560,g,26,g,37,g,14,g,0,g,4,g,4,g
257,pizza inn,buffalo chicken sandwich,31,g,80,mg,2320,g,72,g,35,g,11,g,0,g,3,g,3,g
258,pizza inn,caesar salad,3.5,g,5,mg,190,g,10,g,6,g,1.5,g,0,g,3,g,2,g
259,pizza inn,caesar salad buffet,8,g,5,mg,190,g,5,g,2,g,1.5,g,0,g,1,g,1,g
260,pizza inn,caesar side salad,3.5,g,5,mg,190,g,8,g,5,g,1.5,g,0,g,2,g,1,g
261,pizza inn,carbonera pizza medium,62,g,155,mg,2500,g,10,g,50,g,22,g,0,g,2,g,3,g
262,pizza inn,carbonera pizza medium 1 slice,6,g,15,mg,250,g,1,g,5,g,2,g,0,g,0,g,0,g
263,pizza inn,cheese 14 inch pizza 8 cut new york crust,14,g,20,mg,610,g,32,g,11,g,5,g,0,g,0,g,0,g
264,pizza inn,chef salad,42,g,355,mg,2440,g,18,g,52,g,18,g,0,g,4,g,5,g
265,pizza inn,cherry cobbler,29,g,0,mg,510,g,293,g,6,g,6,g,6,g,12,g,109,g
266,pizza inn,cherry cobbler 1 slice,2.5,g,0,mg,45,g,24,g,1,g,0.5,g,0.5,g,1,g,9,g
267,pizza inn,cherry pizzert giant,11,g,0,mg,210,g,156,g,4,g,2.5,g,3.5,g,6,g,57,g
268,pizza inn,cherry pizzert giant 1 slice,1,g,0,mg,15,g,13,g,0,g,0,g,0,g,1,g,5,g
269,pizza inn,cherry pizzert individual,2,g,0,mg,95,g,63,g,1,g,0.5,g,0.5,g,3,g,25,g
270,pizza inn,cherry pizzert individual 1 slice,0.5,g,0,mg,25,g,16,g,0,g,0,g,0,g,1,g,6,g
271,pizza inn,cherry pizzert large,9,g,0,mg,170,g,129,g,3,g,2,g,3,g,5,g,47,g
272,pizza inn,cherry pizzert large 1 slice,0.5,g,0,mg,15,g,11,g,0,g,0,g,0,g,0,g,4,g
273,pizza inn,cherry pizzert medium,7,g,0,mg,140,g,105,g,2,g,1.5,g,2,g,4,g,39,g
274,pizza inn,cherry pizzert medium 1 slice,0.5,g,0,mg,10,g,9,g,0,g,0,g,0,g,0,g,3,g
275,pizza inn,cherry pizzert small,4.5,g,0,mg,115,g,82,g,2,g,1,g,1.5,g,3,g,31,g
276,pizza inn,cherry pizzert small 1 slice,0.5,g,0,mg,20,g,14,g,0,g,0,g,0,g,1,g,5,g
277,pizza inn,chicken alfredo pasta,12,g,5,mg,390,g,17,g,5,g,1.5,g,0,g,1,g,3,g
278,pizza inn,chicken alfredo pizza medium,60,g,170,mg,3070,g,18,g,62,g,20,g,0,g,2,g,5,g
279,pizza inn,chicken alfredo pizza medium 1 slice,6,g,15,mg,310,g,2,g,6,g,2,g,0,g,0,g,1,g
280,pizza inn,chicken caesar salad,8,g,55,mg,870,g,12,g,25,g,3.5,g,0,g,3,g,2,g
281,pizza inn,chicken fajita pizza giant,96,g,380,mg,6160,g,40,g,125,g,47,g,0,g,9,g,12,g
282,pizza inn,chicken fajita pizza giant 1 slice,8,g,30,mg,510,g,3,g,10,g,4,g,0,g,1,g,1,g
283,pizza inn,chicken fajita pizza individual,20,g,85,mg,1470,g,9,g,29,g,10,g,0,g,2,g,2,g
284,pizza inn,chicken fajita pizza individual 1 slice,5,g,20,mg,370,g,2,g,7,g,2.5,g,0,g,0,g,1,g
285,pizza inn,chicken fajita pizza large,73,g,290,mg,4680,g,30,g,95,g,36,g,0,g,7,g,9,g
286,pizza inn,chicken fajita pizza large 1 slice,9,g,35,mg,580,g,4,g,12,g,4.5,g,0,g,1,g,1,g
287,pizza inn,chicken fajita pizza large thin crust,97,g,290,mg,6820,g,231,g,127,g,39,g,0,g,14,g,16,g
288,pizza inn,chicken fajita pizza large thin crust 1 slice,8,g,25,mg,570,g,19,g,11,g,3.5,g,0,g,1,g,1,g
289,pizza inn,chicken fajita pizza medium,52,g,205,mg,3410,g,22,g,69,g,25,g,0,g,5,g,7,g
290,pizza inn,chicken fajita pizza medium 1 slice,7,g,25,mg,430,g,3,g,9,g,3,g,0,g,1,g,1,g
291,pizza inn,chicken fajita pizza small,32,g,135,mg,2270,g,14,g,46,g,16,g,0,g,3,g,4,g
292,pizza inn,chicken fajita pizza small 1 slice,5,g,25,mg,380,g,2,g,8,g,2.5,g,0,g,1,g,1,g
293,pizza inn,chicken fajita sandwich,20,g,75,mg,1500,g,62,g,34,g,9,g,0,g,3,g,3,g
294,pizza inn,chicken gumbo,2.5,g,10,mg,480,g,6,g,2,g,1,g,0,g,1,g,1,g
295,pizza inn,chicken noodle soup,1,g,15,mg,410,g,6,g,4,g,0,g,0,g,1,g,1,g
296,pizza inn,chicken nuggets,2.5,g,10,mg,220,g,5,g,4,g,0,g,0,g,0,g,0,g
297,pizza inn,chili,9,g,20,mg,770,g,9,g,8,g,3.5,g,0,g,3,g,2,g
298,pizza inn,cinnamon roll,16,g,0,mg,390,g,40,g,5,g,2.5,g,0.5,g,1,g,10,g
299,pizza inn,cinnamon stromboli giant,172,g,0,mg,4220,g,532,g,59,g,28,g,8,g,14,g,195,g
300,pizza inn,cinnamon stromboli giant 1 slice,11,g,0,mg,260,g,33,g,4,g,1.5,g,0.5,g,1,g,12,g
301,pizza inn,cinnamon stromboli large,130,g,0,mg,3250,g,404,g,46,g,21,g,6,g,11,g,144,g
302,pizza inn,cinnamon stromboli large 1 slice,9,g,0,mg,230,g,29,g,3,g,1.5,g,0,g,1,g,10,g
303,pizza inn,cinnamon stromboli medium,91,g,0,mg,2340,g,292,g,33,g,15,g,4,g,8,g,105,g
304,pizza inn,cinnamon stromboli medium 1 slice,8,g,0,mg,200,g,24,g,3,g,1,g,0,g,1,g,9,g
305,pizza inn,cinnamon stromboli small,49,g,0,mg,1510,g,186,g,22,g,8,g,2.5,g,5,g,59,g
306,pizza inn,cinnamon stromboli small 1 slice,6,g,0,mg,190,g,23,g,3,g,1,g,0,g,1,g,7,g
307,pizza inn,country vegetable with beef soup,1,g,5,mg,570,g,9,g,3,g,0,g,0,g,1,g,2,g
308,pizza inn,crackers with magic dust,26,g,5,mg,1390,g,115,g,19,g,4.5,g,0,g,4,g,4,g
309,pizza inn,crackers with magic dust 1 piece,0.5,g,0,mg,25,g,2,g,0,g,0,g,0,g,0,g,0,g
310,pizza inn,crackers with salt,36,g,0,mg,1710,g,115,g,18,g,6,g,0.5,g,4,g,4,g
311,pizza inn,crackers with salt 1 piece,0.5,g,0,mg,35,g,2,g,0,g,0,g,0,g,0,g,0,g
312,pizza inn,deluxe spaghetti child,23,g,40,mg,1360,g,98,g,27,g,7,g,1,g,8,g,19,g
313,pizza inn,deluxe spaghetti individual or small,23,g,40,mg,1360,g,98,g,27,g,7,g,1,g,8,g,19,g
314,pizza inn,deluxe spaghetti large,57,g,115,mg,3040,g,199,g,65,g,19,g,2,g,16,g,38,g
315,pizza inn,denver omelet breakfast pizza,100,g,500,mg,4520,g,182,g,89,g,30,g,0,g,8,g,12,g
316,pizza inn,denver omelet breakfast pizza 1 slice,10,g,50,mg,450,g,18,g,9,g,3,g,0,g,1,g,1,g
317,pizza inn,egg and cheese sandwich,17,g,180,mg,970,g,27,g,12,g,9,g,0,g,1,g,3,g
318,pizza inn,egg patty,4,g,135,mg,140,g,1,g,4,g,1.5,g,0,g,0,g,0,g
319,pizza inn,everything monster pizza giant,135,g,355,mg,8500,g,51,g,128,g,55,g,0,g,14,g,19,g
320,pizza inn,everything monster pizza giant 1 slice,11,g,30,mg,710,g,4,g,11,g,4.5,g,0,g,1,g,2,g
321,pizza inn,everything monster pizza giant thin crust,166,g,355,mg,10000,g,311,g,169,g,60,g,0,g,24,g,28,g
322,pizza inn,everything monster pizza giant thin crust 1 slice,14,g,30,mg,950,g,26,g,14,g,5,g,0,g,2,g,2,g
323,pizza inn,everything monster pizza individual new york crust,49,g,80,mg,2680,g,87,g,43,g,15,g,0,g,6,g,7,g
324,pizza inn,everything monster pizza individual new york crust 1 slice,12,g,20,mg,670,g,22,g,11,g,4,g,0,g,1,g,2,g
325,pizza inn,everything monster pizza individual thin crust,38,g,80,mg,2670,g,76,g,40,g,14,g,0,g,6,g,7,g
326,pizza inn,everything monster pizza individual thin crust 1 slice,10,g,20,mg,670,g,19,g,10,g,3.5,g,0,g,2,g,2,g
327,pizza inn,everything monster pizza large,102,g,275,mg,6320,g,38,g,98,g,42,g,0,g,11,g,14,g
328,pizza inn,everything monster pizza large 1 slice,13,g,35,mg,790,g,5,g,12,g,5,g,0,g,1,g,2,g
329,pizza inn,everything monster pizza large thin crust,127,g,275,mg,9200,g,253,g,133,g,46,g,0,g,22,g,28,g
330,pizza inn,everything monster pizza large thin crust 1 slice,11,g,25,mg,770,g,21,g,11,g,4,g,0,g,2,g,2,g
331,pizza inn,everything monster pizza medium,78,g,205,mg,4760,g,28,g,74,g,32,g,0,g,8,g,10,g
332,pizza inn,everything monster pizza medium thin crust,96,g,210,mg,6480,g,180,g,99,g,35,g,0,g,14,g,16,g
333,pizza inn,everything monster pizza medium thin crust 1 slice,12,g,25,mg,810,g,23,g,12,g,4.5,g,0,g,2,g,2,g
334,pizza inn,everything monster pizza small,47,g,125,mg,3070,g,19,g,45,g,19,g,0,g,5,g,7,g
335,pizza inn,everything monster pizza small 1 slice,8,g,20,mg,510,g,3,g,8,g,3,g,0,g,1,g,1,g
336,pizza inn,fettuccine alfredo,15,g,5,mg,430,g,15,g,4,g,1.5,g,0,g,1,g,3,g
337,pizza inn,five cheese alfredo pizza giant,87,g,185,mg,3070,g,19,g,61,g,31,g,0.5,g,3,g,6,g
338,pizza inn,five cheese alfredo pizza giant 1 slice,7,g,15,mg,260,g,2,g,5,g,2.5,g,0,g,0,g,1,g
339,pizza inn,five cheese alfredo pizza large,66,g,145,mg,2340,g,14,g,47,g,24,g,0.5,g,2,g,5,g
340,pizza inn,five cheese alfredo pizza large 1 slice,8,g,20,mg,290,g,2,g,6,g,3,g,0,g,0,g,1,g
341,pizza inn,five cheese alfredo pizza medium,48,g,105,mg,1700,g,10,g,34,g,17,g,0,g,2,g,3,g
342,pizza inn,five cheese alfredo pizza medium 1 slice,6,g,15,mg,210,g,1,g,4,g,2,g,0,g,0,g,0,g
343,pizza inn,garden side salad,1.5,g,0,mg,120,g,11,g,3,g,0,g,0,g,2,g,3,g
344,pizza inn,garden tomato herb pizza giant italian style crust,151,g,175,mg,7900,g,408,g,127,g,43,g,1,g,25,g,41,g
345,pizza inn,garden tomato herb pizza giant italian style crust 1 slice,13,g,15,mg,660,g,34,g,11,g,3.5,g,0,g,2,g,3,g
346,pizza inn,garden tomato herb pizza giant new york crust,192,g,175,mg,7040,g,353,g,11,g,48,g,1,g,22,g,38,g
347,pizza inn,garden tomato herb pizza giant new york crust 1 slice,16,g,15,mg,590,g,29,g,10,g,4,g,0,g,2,g,3,g
348,pizza inn,garden tomato herb pizza giant thin crust,130,g,195,mg,7040,g,316,g,111,g,41,g,1,g,23,g,34,g
349,pizza inn,garden tomato herb pizza giant thin crust 1 slice,11,g,15,mg,590,g,26,g,9,g,3.5,g,0,g,2,g,3,g
350,pizza inn,garden tomato herb pizza individual new york crust,42,g,45,mg,1690,g,90,g,29,g,11,g,0,g,5,g,8,g
351,pizza inn,garden tomato herb pizza individual new york crust 1 slice,10,g,10,mg,420,g,22,g,7,g,3,g,0,g,1,g,2,g
352,pizza inn,garden tomato herb pizza individual thin crust,34,g,55,mg,1800,g,79,g,30,g,11,g,0,g,6,g,8,g
353,pizza inn,garden tomato herb pizza individual thin crust 1 slice,9,g,15,mg,450,g,20,g,8,g,3,g,0,g,1,g,2,g
354,pizza inn,garden tomato herb pizza large,73,g,140,mg,3070,g,42,g,50,g,26,g,0,g,9,g,18,g
355,pizza inn,garden tomato herb pizza large 1 slice,9,g,15,mg,380,g,5,g,6,g,3.5,g,0,g,1,g,2,g
356,pizza inn,garden tomato herb pizza large thin crust,90,g,115,mg,4830,g,238,g,78,g,25,g,0.5,g,17,g,24,g
357,pizza inn,garden tomato herb pizza large thin crust 1 slice,8,g,10,mg,400,g,20,g,7,g,2,g,0,g,1,g,2,g
358,pizza inn,garden tomato herb pizza medium,49,g,90,mg,2080,g,29,g,34,g,17,g,0,g,7,g,13,g
359,pizza inn,garden tomato herb pizza medium 1 slice,6,g,10,mg,260,g,4,g,4,g,2,g,0,g,1,g,2,g
360,pizza inn,garden tomato herb pizza small,39,g,85,mg,1790,g,24,g,31,g,15,g,0,g,6,g,11,g
361,pizza inn,garden tomato herb pizza small 1 slice,10,g,20,mg,450,g,6,g,8,g,3.5,g,0,g,1,g,3,g
362,pizza inn,garlic bread,2.5,g,0,mg,190,g,13,g,3,g,1,g,0,g,1,g,1,g
363,pizza inn,garlic cheese bread large,8,g,10,mg,260,g,14,g,5,g,2,g,0,g,1,g,1,g
364,pizza inn,garlic cheese bread large 1 piece,144,g,160,mg,4660,g,246,g,89,g,40,g,0.5,g,10,g,11,g
365,pizza inn,garlic cheese bread medium,100,g,110,mg,3330,g,177,g,63,g,28,g,0.5,g,7,g,8,g
366,pizza inn,garlic cheese bread medium 1 piece,7,g,10,mg,240,g,13,g,5,g,2,g,0,g,1,g,1,g
367,pizza inn,garlic cheese bread small,58,g,65,mg,2120,g,121,g,40,g,16,g,0,g,5,g,6,g
368,pizza inn,garlic cheese bread small 1 piece,6,g,5,mg,210,g,12,g,4,g,1.5,g,0,g,1,g,1,g
369,pizza inn,garlic tomato bread,89,g,0,mg,2620,g,181,g,34,g,12,g,0.5,g,9,g,15,g
370,pizza inn,garlic tomato bread 1 piece,2.5,g,0,mg,75,g,5,g,1,g,0,g,0,g,0,g,0,g
371,pizza inn,glazed cinnamon bread giant,127,g,0,mg,3380,g,333,g,51,g,20,g,0.5,g,10,g,48,g
372,pizza inn,glazed cinnamon bread giant 1 piece,4,g,0,mg,115,g,11,g,2,g,0.5,g,0,g,0,g,2,g
373,pizza inn,glazed cinnamon bread individual,24,g,0,mg,870,g,85,g,13,g,3.5,g,0,g,3,g,10,g
374,pizza inn,glazed cinnamon bread individual 1 piece,4,g,0,mg,140,g,14,g,2,g,0.5,g,0,g,0,g,2,g
375,pizza inn,glazed cinnamon bread large,98,g,0,mg,2650,g,262,g,40,g,15,g,0,g,8,g,38,g
376,pizza inn,glazed cinnamon bread large 1 piece,6,g,0,mg,150,g,15,g,2,g,1,g,0,g,0,g,2,g
377,pizza inn,glazed cinnamon bread medium,69,g,0,mg,1920,g,190,g,29,g,11,g,0,g,6,g,28,g
378,pizza inn,glazed cinnamon bread medium 1 piece,5,g,0,mg,135,g,14,g,2,g,1,g,0,g,0,g,2,g
379,pizza inn,glazed cinnamon bread small,42,g,0,mg,1330,g,131,g,20,g,7,g,0,g,4,g,19,g
380,pizza inn,glazed cinnamon bread small 1 piece,4,g,0,mg,135,g,13,g,2,g,0.5,g,0,g,0,g,2,g
381,pizza inn,grilled philly cheese steak sandwich,33,g,95,mg,1100,g,63,g,39,g,14,g,0,g,3,g,4,g
382,pizza inn,ham and cheese sandwich,24,g,90,mg,2460,g,63,g,40,g,10,g,0,g,3,g,3,g
383,pizza inn,ham and cheese stromboli giant,150,g,185,mg,6320,g,308,g,106,g,37,g,0.5,g,11,g,16,g
384,pizza inn,ham and cheese stromboli giant 1 slice,9,g,10,mg,400,g,19,g,7,g,2.5,g,0,g,1,g,1,g
385,pizza inn,ham and cheese stromboli large,117,g,140,mg,4910,g,241,g,81,g,29,g,0.5,g,9,g,12,g
386,pizza inn,ham and cheese stromboli large 1 slice,8,g,10,mg,350,g,17,g,6,g,2,g,0,g,1,g,1,g
387,pizza inn,ham and cheese stromboli medium,84,g,95,mg,3500,g,174,g,57,g,20,g,0.5,g,6,g,9,g
388,pizza inn,ham and cheese stromboli medium 1 slice,7,g,10,mg,290,g,14,g,5,g,1.5,g,0,g,1,g,1,g
389,pizza inn,ham and cheese stromboli small,56,g,65,mg,2330,g,120,g,38,g,14,g,0,g,4,g,6,g
390,pizza inn,ham and cheese stromboli small 1 slice,7,g,10,mg,290,g,15,g,5,g,1.5,g,0,g,1,g,1,g
391,pizza inn,hash browns,8,g,0,mg,720,g,14,g,1,g,2,g,3,g,2,g,0,g
392,pizza inn,hawaiian pizza giant italian style crust,70,g,95,mg,7470,g,394,g,102,g,13,g,1,g,18,g,43,g
393,pizza inn,hawaiian pizza giant italian style crust 1 slice,6,g,10,mg,620,g,33,g,9,g,1,g,0,g,2,g,4,g
394,pizza inn,hawaiian pizza giant new york crust,88,g,95,mg,5940,g,275,g,78,g,15,g,0,g,13,g,36,g
395,pizza inn,hawaiian pizza giant new york crust 1 slice,7,g,10,mg,500,g,23,g,7,g,1,g,0,g,1,g,3,g
396,pizza inn,hawaiian pizza giant thin crust,43,g,95,mg,6270,g,299,g,79,g,9,g,0,g,15,g,34,g
397,pizza inn,hawaiian pizza giant thin crust 1 slice,3.5,g,10,mg,520,g,25,g,7,g,0.5,g,0,g,1,g,3,g
398,pizza inn,hawaiian pizza individual new york crust,23,g,40,mg,1980,g,88,g,28,g,4,g,0,g,4,g,10,g
399,pizza inn,hawaiian pizza individual new york crust 1 slice,6,g,10,mg,500,g,22,g,7,g,1,g,0,g,1,g,3,g
400,pizza inn,hawaiian pizza individual thin crust,12,g,40,mg,1970,g,77,g,25,g,2.5,g,0,g,4,g,10,g
401,pizza inn,hawaiian pizza individual thin crust 1 slice,3,g,10,mg,490,g,19,g,6,g,0.5,g,0,g,1,g,3,g
402,pizza inn,hawaiian pizza large,9,g,75,mg,2770,g,33,g,31,g,3,g,0,g,4,g,21,g
403,pizza inn,hawaiian pizza large 1 slice,1,g,10,mg,350,g,4,g,4,g,0,g,0,g,1,g,3,g
404,pizza inn,hawaiian pizza large thin crust,33,g,75,mg,4910,g,234,g,62,g,7,g,0,g,12,g,27,g
405,pizza inn,hawaiian pizza large thin crust 1 slice,3,g,5,mg,410,g,19,g,5,g,0.5,g,0,g,1,g,2,g
406,pizza inn,hawaiian pizza medium,7,g,55,mg,2020,g,25,g,23,g,2.5,g,0,g,3,g,16,g
407,pizza inn,hawaiian pizza medium 1 slice,1,g,5,mg,250,g,3,g,3,g,0,g,0,g,0,g,2,g
408,pizza inn,hawaiian pizza medium thin crust,25,g,55,mg,3740,g,177,g,47,g,5,g,0,g,9,g,22,g
409,pizza inn,hawaiian pizza medium thin crust 1 slice,3,g,5,mg,470,g,22,g,6,g,0.5,g,0,g,1,g,3,g
410,pizza inn,hawaiian pizza small,6,g,50,mg,1740,g,19,g,20,g,2,g,0,g,2,g,12,g
411,pizza inn,hawaiian pizza small 1 slice,1,g,10,mg,290,g,3,g,3,g,0,g,0,g,0,g,2,g
412,pizza inn,iced apple streusel cake,73,g,0,mg,2110,g,359,g,33,g,12,g,3.5,g,7,g,151,g
413,pizza inn,iced apple streusel cake 1 slice,6,g,0,mg,180,g,30,g,3,g,1,g,0,g,1,g,13,g
414,pizza inn,iced blueberry streusel cake,73,g,0,mg,2110,g,341,g,33,g,12,g,3.5,g,7,g,115,g
415,pizza inn,iced blueberry streusel cake 1 slice,6,g,0,mg,180,g,28,g,3,g,1,g,0,g,1,g,10,g
416,pizza inn,iced cherry streusel cake,73,g,0,mg,2110,g,334,g,33,g,12,g,3.5,g,10,g,97,g
417,pizza inn,iced cherry streusel cake 1 slice,6,g,0,mg,180,g,28,g,3,g,1,g,0,g,1,g,8,g
418,pizza inn,iced peach streusel cake,73,g,0,mg,2020,g,337,g,33,g,12,g,3.5,g,10,g,115,g
419,pizza inn,iced peach streusel cake 1 slice,6,g,0,mg,170,g,28,g,3,g,1,g,0,g,1,g,10,g
420,pizza inn,iced pineapple streusel cake,73,g,0,mg,2000,g,287,g,34,g,12,g,3.5,g,9,g,89,g
421,pizza inn,iced pineapple streusel cake 1 slice,6,g,0,mg,170,g,24,g,3,g,1,g,0,g,1,g,7,g
422,pizza inn,iced strawberry streusel cake,73,g,0,mg,2030,g,323,g,33,g,12,g,3.5,g,10,g,119,g
423,pizza inn,iced strawberry streusel cake 1 slice,6,g,0,mg,170,g,27,g,3,g,1,g,0,g,1,g,10,g
424,pizza inn,iced streusel cake,73,g,0,mg,1990,g,258,g,33,g,12,g,3.5,g,7,g,65,g
425,pizza inn,iced streusel cake 1 slice,6,g,0,mg,170,g,22,g,3,g,1,g,0,g,1,g,5,g
426,pizza inn,italian alfredo pizza medium,75,g,170,mg,2990,g,17,g,52,g,27,g,0,g,3,g,6,g
427,pizza inn,italian alfredo pizza medium 1 slice,8,g,15,mg,300,g,2,g,5,g,2.5,g,0,g,0,g,1,g
428,pizza inn,italian salad,1.5,g,0,mg,270,g,3,g,1,g,0,g,0,g,1,g,2,g
429,pizza inn,italian sandwich,31,g,95,mg,2290,g,64,g,37,g,13,g,0,g,3,g,4,g
430,pizza inn,jalapeno poppers,44,g,40,mg,2280,g,56,g,16,g,12,g,0,g,0,g,4,g
431,pizza inn,lasagna,9,g,25,mg,520,g,15,g,11,g,4.5,g,0,g,1,g,3,g
432,pizza inn,loaded baked potato pizza large,116,g,320,mg,4710,g,46,g,86,g,44,g,0,g,6,g,5,g
433,pizza inn,loaded baked potato pizza large 1 slice,15,g,40,mg,590,g,6,g,11,g,6,g,0,g,1,g,1,g
434,pizza inn,loaded baked potato pizza large thin crust,140,g,320,mg,6860,g,247,g,118,g,48,g,0,g,13,g,11,g
435,pizza inn,loaded baked potato pizza large thin crust 1 slice,12,g,25,mg,570,g,21,g,10,g,4,g,0,g,1,g,1,g
436,pizza inn,loaded baked potato pizza medium,76,g,215,mg,3200,g,31,g,62,g,30,g,0,g,4,g,3,g
437,pizza inn,mac and cheese pizza large,165,g,320,mg,7350,g,129,g,98,g,66,g,1.5,g,5,g,18,g
438,pizza inn,mac and cheese pizza large 1 slice,21,g,40,mg,920,g,16,g,12,g,8,g,0,g,1,g,2,g
439,pizza inn,mac and cheese pizza large thin crust,189,g,325,mg,9500,g,329,g,129,g,69,g,2,g,12,g,25,g
440,pizza inn,mac and cheese pizza large thin crust 1 slice,16,g,25,mg,790,g,27,g,11,g,6,g,0,g,1,g,2,g
441,pizza inn,mac and cheese pizza medium,108,g,215,mg,4810,g,84,g,64,g,43,g,1,g,3,g,12,g
442,pizza inn,mac and cheese pizza medium 1 slice,13,g,25,mg,600,g,11,g,8,g,5,g,0,g,0,g,2,g
443,pizza inn,macaroni and beef,3,g,5,mg,610,g,16,g,6,g,1,g,0,g,1,g,5,g
444,pizza inn,macaroni and cheese,10,g,15,mg,510,g,14,g,5,g,4,g,0,g,1,g,2,g
445,pizza inn,meatball sandwich,36,g,85,mg,1620,g,71,g,34,g,15,g,1,g,4,g,8,g
446,pizza inn,meaty max pizza giant,144,g,470,mg,7900,g,36,g,144,g,64,g,0,g,10,g,14,g
447,pizza inn,meaty max pizza giant 1 slice,12,g,40,mg,660,g,3,g,12,g,5,g,0,g,1,g,1,g
448,pizza inn,meaty max pizza giant thin crust,175,g,470,mg,10000,g,296,g,185,g,69,g,0,g,20,g,23,g
449,pizza inn,meaty max pizza giant thin crust 1 slice,15,g,40,mg,900,g,25,g,15,g,6,g,0,g,2,g,2,g
450,pizza inn,meaty max pizza individual new york crust,47,g,95,mg,2410,g,84,g,42,g,15,g,0,g,4,g,6,g
451,pizza inn,meaty max pizza individual new york crust 1 slice,12,g,25,mg,600,g,21,g,11,g,4,g,0,g,1,g,1,g
452,pizza inn,meaty max pizza individual thin crust,37,g,95,mg,2390,g,73,g,40,g,14,g,0,g,5,g,5,g
453,pizza inn,meaty max pizza individual thin crust 1 slice,9,g,25,mg,600,g,18,g,10,g,3.5,g,0,g,1,g,1,g
454,pizza inn,meaty max pizza large,109,g,355,mg,5940,g,27,g,109,g,49,g,0,g,8,g,10,g
455,pizza inn,meaty max pizza large 1 slice,14,g,45,mg,740,g,3,g,14,g,6,g,0,g,1,g,1,g
456,pizza inn,meaty max pizza large thin crust,133,g,355,mg,8090,g,228,g,141,g,53,g,0,g,15,g,16,g
457,pizza inn,meaty max pizza large thin crust 1 slice,11,g,30,mg,670,g,19,g,12,g,4.5,g,0,g,1,g,1,g
458,pizza inn,meaty max pizza medium,78,g,250,mg,4260,g,19,g,78,g,35,g,0,g,5,g,7,g
459,pizza inn,meaty max pizza medium 1 slice,10,g,30,mg,530,g,2,g,10,g,4.5,g,0,g,1,g,1,g
460,pizza inn,meaty max pizza medium thin crust,96,g,255,mg,5980,g,172,g,102,g,37,g,0,g,11,g,13,g
461,pizza inn,meaty max pizza medium thin crust 1 slice,12,g,30,mg,750,g,21,g,13,g,4.5,g,0,g,1,g,2,g
462,pizza inn,meaty max pizza small,46,g,150,mg,2690,g,13,g,47,g,20,g,0,g,4,g,5,g
463,pizza inn,meaty max pizza small 1 slice,8,g,25,mg,450,g,2,g,8,g,3.5,g,0,g,1,g,1,g
464,pizza inn,miniature corn dogs,1.5,g,5,mg,70,g,3,g,1,g,0,g,0,g,0,g,1,g
465,pizza inn,monster 14 inch pizza 8 cut new york crust,15,g,25,mg,750,g,24,g,12,g,6,g,0,g,0,g,0,g
466,pizza inn,mozzarella cheese sticks,36,g,80,mg,2160,g,64,g,32,g,16,g,0,g,0,g,0,g
467,pizza inn,mozzarella cheese sticks 1 piece,4.5,g,10,mg,270,g,8,g,4,g,2,g,0,g,0,g,0,g
468,pizza inn,original hummus,4.5,g,0,mg,115,g,4,g,2,g,0.5,g,0,g,1,g,1,g
469,pizza inn,oven philly cheese steak sandwich,33,g,95,mg,1100,g,61,g,38,g,14,g,0,g,3,g,3,g
470,pizza inn,peach cobbler,29,g,0,mg,260,g,303,g,6,g,6,g,6,g,12,g,160,g
471,pizza inn,peach cobbler 1 slice,2.5,g,0,mg,20,g,25,g,1,g,0.5,g,0.5,g,1,g,13,g
472,pizza inn,peach pizzert giant,111,g,0,mg,80,g,161,g,4,g,2.5,g,3.5,g,6,g,82,g
473,pizza inn,peach pizzert giant 1 slice,1,g,0,mg,5,g,13,g,0,g,0,g,0,g,1,g,7,g
474,pizza inn,peach pizzert individual,2,g,0,mg,30,g,66,g,1,g,0.5,g,0.5,g,3,g,38,g
475,pizza inn,peach pizzert individual 1 slice,0.5,g,0,mg,10,g,16,g,0,g,0,g,0,g,1,g,9,g
476,pizza inn,peach pizzert large,9,g,0,mg,65,g,133,g,3,g,2,g,3,g,5,g,68,g
477,pizza inn,peach pizzert large 1 slice,0.5,g,0,mg,5,g,11,g,0,g,0,g,0,g,0,g,6,g
478,pizza inn,peach pizzert medium,7,g,0,mg,55,g,109,g,2,g,1.5,g,2,g,4,g,57,g
479,pizza inn,peach pizzert medium 1 slice,0.5,g,0,mg,0,g,9,g,0,g,0,g,0,g,0,g,5,g
480,pizza inn,peach pizzert small,4.5,g,0,mg,40,g,85,g,2,g,1,g,1.5,g,3,g,46,g
481,pizza inn,peach pizzert small 1 slice,0.5,g,0,mg,5,g,14,g,0,g,0,g,0,g,1,g,8,g
482,pizza inn,peppered piasta pasta,13,g,5,mg,420,g,18,g,5,g,1.5,g,0,g,1,g,3,g
483,pizza inn,pepperoni max pizza giant thin crust,195,g,425,mg,9780,g,291,g,147,g,74,g,0,g,18,g,22,g
484,pizza inn,pepperoni max pizza giant thin crust 1 slice,16,g,35,mg,820,g,24,g,12,g,6,g,0,g,2,g,2,g
485,pizza inn,pepperoni max pizza individual new york crust,54,g,90,mg,2230,g,83,g,36,g,18,g,0,g,4,g,5,g
486,pizza inn,pepperoni max pizza individual new york crust 1 slice,13,g,25,mg,560,g,21,g,9,g,4.5,g,0,g,1,g,1,g
487,pizza inn,pepperoni max pizza individual thin crust,50,g,110,mg,2450,g,73,g,38,g,19,g,0,g,4,g,5,g
488,pizza inn,pepperoni max pizza individual thin crust 1 slice,12,g,25,mg,610,g,18,g,10,g,5,g,0,g,1,g,1,g
489,pizza inn,pepperoni max pizza large,97,g,250,mg,4210,g,21,g,63,g,41,g,0,g,5,g,9,g
490,pizza inn,pepperoni max pizza large 1 slice,12,g,30,mg,530,g,3,g,8,g,5,g,0,g,1,g,1,g
491,pizza inn,pepperoni max pizza large thin crust,147,g,315,mg,7410,g,226,g,110,g,55,g,0,g,14,g,17,g
492,pizza inn,pepperoni max pizza large thin crust 1 slice,12,g,25,mg,620,g,19,g,9,g,4.5,g,0,g,1,g,1,g
493,pizza inn,pepperoni max pizza medium,81,g,210,mg,3410,g,16,g,55,g,35,g,0,g,4,g,6,g
494,pizza inn,pepperoni max pizza medium 1 slice,10,g,25,mg,430,g,2,g,7,g,4.5,g,0,g,1,g,1,g
495,pizza inn,pepperoni max pizza medium thin crust,112,g,240,mg,5590,g,169,g,85,g,42,g,0,g,10,g,12,g
496,pizza inn,pepperoni max pizza medium thin crust 1 slice,14,g,30,mg,700,g,21,g,11,g,5,g,0,g,1,g,2,g
497,pizza inn,pepperoni max pizza small,52,g,135,mg,2220,g,11,g,34,g,22,g,0,g,3,g,5,g
498,pizza inn,pepperoni max pizza small 1 slice,9,g,20,mg,370,g,2,g,6,g,3.5,g,0,g,1,g,1,g
499,pizza inn,pepperoni max pizza small thin crust,66,g,140,mg,3380,g,108,g,51,g,25,g,0,g,6,g,8,g
500,pizza inn,pepperoni max pizza small thin crust 1 slice,11,g,25,mg,560,g,18,g,9,g,4,g,0,g,1,g,1,g
501,pizza inn,pepperoni stromboli giant,205,g,265,mg,6760,g,313,g,113,g,60,g,0.5,g,13,g,19,g
502,pizza inn,pepperoni stromboli giant 1 slice,13,g,15,mg,420,g,20,g,7,g,4,g,0,g,1,g,1,g
503,pizza inn,pepperoni stromboli large,158,g,200,mg,5180,g,244,g,86,g,46,g,0.5,g,10,g,15,g
504,pizza inn,pepperoni stromboli large 1 slice,11,g,15,mg,370,g,17,g,6,g,3.5,g,0,g,1,g,1,g
505,pizza inn,pepperoni stromboli medium,114,g,140,mg,3730,g,176,g,61,g,33,g,0.5,g,7,g,10,g
506,pizza inn,pepperoni stromboli medium 1 slice,10,g,10,mg,310,g,15,g,5,g,2.5,g,0,g,1,g,1,g
507,pizza inn,pepperoni stromboli small,77,g,100,mg,2620,g,122,g,43,g,23,g,0,g,5,g,7,g
508,pizza inn,pepperoni stromboli small 1 slice,10,g,15,mg,330,g,15,g,5,g,3,g,0,g,1,g,1,g
509,pizza inn,pepperoni wrap,15,g,25,mg,700,g,35,g,10,g,5,g,0,g,1,g,2,g
510,pizza inn,pineapple cobbler,29,g,0,mg,210,g,162,g,11,g,6,g,6,g,6,g,85,g
511,pizza inn,pineapple cobbler 1 slice,2.5,g,0,mg,15,g,13,g,1,g,0.5,g,0.5,g,1,g,7,g
512,pizza inn,pineapple pizzert giant,11,g,0,mg,55,g,91,g,6,g,2.5,g,3.5,g,3,g,45,g
513,pizza inn,pineapple pizzert giant 1 slice,1,g,0,mg,0,g,8,g,1,g,0,g,0,g,0,g,4,g
514,pizza inn,pineapple pizzert individual,2,g,0,mg,20,g,31,g,2,g,0.5,g,0.5,g,1,g,19,g
515,pizza inn,pineapple pizzert individual 1 slice,0.5,g,0,mg,0,g,8,g,1,g,0,g,0,g,0,g,5,g
516,pizza inn,pineapple pizzert large,9,g,0,mg,45,g,74,g,5,g,2,g,3,g,3,g,37,g
517,pizza inn,pineapple pizzert large 1 slice,0.5,g,0,mg,0,g,6,g,0,g,0,g,0,g,0,g,3,g
518,pizza inn,pineapple pizzert medium,7,g,0,mg,35,g,59,g,4,g,1.5,g,2,g,2,g,31,g
519,pizza inn,pineapple pizzert medium 1 slice,0.5,g,0,mg,0,g,5,g,0,g,0,g,0,g,0,g,3,g
520,pizza inn,pineapple pizzert small,4.5,g,0,mg,25,g,44,g,3,g,1,g,1.5,g,2,g,24,g
521,pizza inn,pineapple pizzert small 1 slice,0.5,g,0,mg,0,g,7,g,1,g,0,g,0,g,0,g,4,g
522,pizza inn,pineapple upside down cake,52,g,0,mg,1770,g,203,g,30,g,8,g,0,g,7,g,38,g
523,pizza inn,pineapple upside down cake 1 slice,4.5,g,0,mg,150,g,17,g,3,g,0.5,g,0,g,1,g,3,g
524,pizza inn,pizza inn special pizza giant italian style crust,182,g,280,mg,10000,g,400,g,163,g,59,g,1,g,26,g,35,g
525,pizza inn,pizza inn special pizza giant italian style crust 1 slice,15,g,25,mg,900,g,33,g,14,g,5,g,0,g,2,g,3,g
526,pizza inn,pizza inn special pizza giant new york crust,219,g,270,mg,9820,g,345,g,148,g,62,g,0.5,g,24,g,32,g
527,pizza inn,pizza inn special pizza giant new york crust 1 slice,18,g,25,mg,820,g,29,g,12,g,5,g,0,g,2,g,3,g
528,pizza inn,pizza inn special pizza giant thin crust,157,g,290,mg,9820,g,308,g,145,g,56,g,0,g,24,g,28,g
529,pizza inn,pizza inn special pizza giant thin crust 1 slice,13,g,25,mg,820,g,26,g,12,g,4.5,g,0,g,2,g,2,g
530,pizza inn,pizza inn special pizza individual thin crust,38,g,75,mg,2470,g,78,g,37,g,14,g,0,g,6,g,8,g
531,pizza inn,pizza inn special pizza individual thin crust 1 slice,10,g,20,mg,620,g,19,g,9,g,3.5,g,0,g,2,g,2,g
532,pizza inn,pizza inn special pizza large,90,g,210,mg,4950,g,34,g,74,g,36,g,0,g,10,g,13,g
533,pizza inn,pizza inn special pizza large 1 slice,11,g,25,mg,620,g,4,g,9,g,4.5,g,0,g,1,g,2,g
534,pizza inn,pizza inn special pizza large thin crust,117,g,220,mg,7320,g,237,g,109,g,42,g,0,g,18,g,21,g
535,pizza inn,pizza inn special pizza large thin crust 1 slice,10,g,20,mg,610,g,20,g,9,g,3.5,g,0,g,2,g,2,g
536,pizza inn,pizza inn special pizza medium italian style crust,102,g,165,mg,6090,g,228,g,95,g,34,g,0,g,15,g,19,g
537,pizza inn,pizza inn special pizza medium italian style crust 1 slice,13,g,20,mg,760,g,28,g,12,g,4,g,0,g,2,g,2,g
538,pizza inn,pizza inn special pizza medium new york crust,120,g,155,mg,5440,g,194,g,85,g,35,g,0,g,13,g,17,g
539,pizza inn,pizza inn special pizza medium new york crust 1 slice,15,g,20,mg,680,g,24,g,11,g,4.5,g,0,g,2,g,2,g
540,pizza inn,pizza inn special pizza medium thin crust,88,g,165,mg,5520,g,178,g,83,g,32,g,0,g,14,g,16,g
541,pizza inn,pizza inn special pizza medium thin crust 1 slice,11,g,20,mg,690,g,22,g,10,g,4,g,0,g,2,g,2,g
542,pizza inn,pizza inn special pizza small,46,g,110,mg,2590,g,18,g,39,g,19,g,0,g,5,g,7,g
543,pizza inn,pizza inn special pizza small 1 slice,8,g,20,mg,430,g,3,g,7,g,3,g,0,g,1,g,1,g
544,pizza inn,pizza pasta bake,5,g,10,mg,380,g,21,g,6,g,2,g,0,g,2,g,5,g
545,pizza inn,potato wedges,0.5,g,0,mg,40,g,2,g,0,g,0,g,0,g,0,g,0,g
546,pizza inn,potato wedges 1 piece,5,g,0,mg,300,g,17,g,2,g,1.5,g,0,g,2,g,0,g
547,pizza inn,potato with bacon soup,6,g,15,mg,370,g,9,g,3,g,2.5,g,0,g,0,g,3,g
548,pizza inn,sausage patty,17,g,45,mg,380,g,1,g,8,g,6,g,0,g,0,g,0,g
549,pizza inn,smoked sausage,32,g,70,mg,1060,g,6,g,12,g,12,g,0,g,0,g,2,g
550,pizza inn,smoked sausage 1 link,32,g,70,mg,1060,g,6,g,12,g,12,g,0,g,0,g,2,g
551,pizza inn,soft serve ice cream,4,g,0,mg,110,g,26,g,0,g,3.5,g,0,g,0,g,19,g
552,pizza inn,southwest chicken salad,24,g,115,mg,1300,g,16,g,34,g,14,g,0,g,5,g,4,g
553,pizza inn,southwest salad,20,g,65,mg,620,g,14,g,15,g,12,g,0,g,5,g,4,g
554,pizza inn,southwest salad buffet,7,g,0,mg,250,g,6,g,1,g,1,g,0.5,g,1,g,1,g
555,pizza inn,spaghetti with marinara sauce,8,g,0,mg,870,g,93,g,14,g,1,g,0.5,g,7,g,18,g
556,pizza inn,spaghetti with marinara sauce individual or small,8,g,0,mg,870,g,93,g,14,g,1,g,0.5,g,7,g,18,g
557,pizza inn,spaghetti with marinara sauce large,15,g,0,mg,1740,g,186,g,28,g,2,g,1,g,14,g,36,g
558,pizza inn,spicy wings,29,g,155,mg,2640,g,5,g,39,g,8,g,0,g,3,g,3,g
559,pizza inn,spinach alfredo pizza giant,106,g,250,mg,3690,g,28,g,70,g,47,g,12,g,6,g,12,g
560,pizza inn,spinach alfredo pizza giant 1 slice,9,g,20,mg,310,g,2,g,6,g,4,g,1,g,1,g,1,g
561,pizza inn,spinach alfredo pizza large,83,g,195,mg,2910,g,22,g,55,g,37,g,10,g,5,g,9,g
562,pizza inn,spinach alfredo pizza large 1 slice,10,g,25,mg,360,g,3,g,7,g,4.5,g,1,g,1,g,1,g
563,pizza inn,spinach alfredo pizza large thin crust,107,g,195,mg,5050,g,223,g,87,g,41,g,10,g,12,g,16,g
564,pizza inn,spinach alfredo pizza large thin crust 1 slice,9,g,15,mg,420,g,19,g,7,g,3.5,g,1,g,1,g,1,g
565,pizza inn,spinach cheese alfredo pizza medium,50,g,115,mg,1880,g,11,g,37,g,21,g,5,g,2,g,3,g
566,pizza inn,spinach cheese alfredo pizza medium 1 slice,6,g,15,mg,240,g,1,g,5,g,2.5,g,0.5,g,1,g,0,g
567,pizza inn,straw and hay pasta,12,g,5,mg,400,g,17,g,5,g,1.5,g,0,g,1,g,3,g
568,pizza inn,strawberry cobbler,29,g,0,mg,280,g,263,g,6,g,6,g,6,g,10,g,169,g
569,pizza inn,strawberry cobbler 1 slice,2.5,g,0,mg,25,g,22,g,1,g,0.5,g,0.5,g,1,g,14,g
570,pizza inn,strawberry pizzert giant,11,g,0,mg,90,g,142,g,4,g,2.5,g,3.5,g,5,g,87,g
571,pizza inn,strawberry pizzert giant 1 slice,1,g,0,mg,5,g,12,g,0,g,0,g,0,g,0,g,7,g
572,pizza inn,strawberry pizzert individual,2,g,0,mg,35,g,56,g,1,g,0.5,g,0.5,g,2,g,40,g
573,pizza inn,strawberry pizzert individual 1 slice,0.5,g,0,mg,10,g,14,g,0,g,0,g,0,g,1,g,10,g
574,pizza inn,strawberry pizzert large,9,g,0,mg,75,g,116,g,3,g,2,g,3,g,4,g,72,g
575,pizza inn,strawberry pizzert medium,7,g,0,mg,60,g,95,g,2,g,1.5,g,2,g,3,g,60,g
576,pizza inn,strawberry pizzert medium 1 slice,0.5,g,0,mg,5,g,8,g,0,g,0,g,0,g,0,g,5,g
577,pizza inn,strawberry pizzert small,4.5,g,0,mg,45,g,74,g,2,g,1,g,1.5,g,3,g,49,g
578,pizza inn,strawberry pizzert small 1 slice,0.5,g,0,mg,10,g,12,g,0,g,0,g,0,g,1,g,8,g
579,pizza inn,taco pizza giant,104,g,335,mg,4960,g,59,g,108,g,51,g,0,g,17,g,22,g
580,pizza inn,taco pizza giant 1 slice,9,g,30,mg,410,g,5,g,9,g,4.5,g,0,g,1,g,2,g
581,pizza inn,taco pizza individual,25,g,80,mg,1090,g,13,g,25,g,13,g,0,g,4,g,5,g
582,pizza inn,taco pizza individual 1 slice,6,g,20,mg,270,g,3,g,6,g,3,g,0,g,1,g,1,g
583,pizza inn,taco pizza large,81,g,260,mg,3910,g,46,g,85,g,40,g,0,g,13,g,17,g
584,pizza inn,taco pizza large 1 slice,10,g,35,mg,490,g,6,g,11,g,5,g,0,g,2,g,2,g
585,pizza inn,taco pizza large thin crust,105,g,260,mg,6060,g,247,g,116,g,44,g,0,g,21,g,23,g
586,pizza inn,taco pizza large thin crust 1 slice,9,g,20,mg,510,g,21,g,10,g,3.5,g,0,g,2,g,2,g
587,pizza inn,taco pizza medium,59,g,190,mg,2860,g,35,g,62,g,29,g,0,g,10,g,13,g
588,pizza inn,taco pizza medium 1 slice,8,g,25,mg,360,g,4,g,8,g,3.5,g,0,g,1,g,2,g
589,pizza inn,taco pizza small,38,g,125,mg,1860,g,23,g,40,g,19,g,0,g,7,g,9,g
590,pizza inn,taco pizza small 1 slice,6,g,20,mg,310,g,4,g,7,g,3,g,0,g,1,g,1,g
591,pizza inn,tator tots,8,g,0,mg,390,g,19,g,2,g,3.5,g,0,g,2,g,0,g
592,pizza inn,tator tots 1 piece,1,g,0,mg,40,g,2,g,0,g,0,g,0,g,0,g,0,g
593,pizza inn,three cheese pizza large new york crust,129,g,185,mg,4470,g,251,g,86,g,42,g,0,g,12,g,18,g
594,pizza inn,three cheese pizza large new york crust 1 slice,16,g,25,mg,560,g,31,g,11,g,5,g,0,g,2,g,2,g
595,pizza inn,three cheese pizza large italian style crust,107,g,215,mg,5670,g,297,g,109,g,42,g,0.5,g,15,g,21,g
596,pizza inn,three cheese pizza large italian style crust 1 slice,13,g,25,mg,710,g,37,g,14,g,5,g,0,g,2,g,3,g
597,pizza inn,three cheese pizza large thin crust,99,g,245,mg,5190,g,224,g,101,g,44,g,0,g,13,g,16,g
598,pizza inn,three cheese pizza large thin crust 1 slice,8,g,20,mg,430,g,19,g,8,g,3.5,g,0,g,1,g,1,g
599,pizza inn,three cheese pizza medium italian style crust,81,g,165,mg,4240,g,217,g,82,g,32,g,0,g,11,g,15,g
600,pizza inn,three cheese pizza medium italian style crust 1 slice,10,g,20,mg,530,g,27,g,10,g,4,g,0,g,1,g,2,g
601,pizza inn,three cheese pizza medium new york crust,90,g,135,mg,3190,g,180,g,62,g,30,g,0,g,8,g,13,g
602,pizza inn,three cheese pizza medium new york crust 1 slice,11,g,15,mg,400,g,23,g,8,g,3.5,g,0,g,1,g,2,g
603,pizza inn,three cheese pizza medium thin crust,71,g,175,mg,3790,g,167,g,73,g,31,g,0,g,10,g,11,g
604,pizza inn,three cheese pizza medium thin crust 1 slice,9,g,20,mg,470,g,21,g,9,g,4,g,0,g,1,g,1,g
605,pizza inn,turkey and cheese sandwich,20,g,90,mg,2140,g,63,g,42,g,9,g,0,g,3,g,5,g
606,pizza inn,vegetable pasta medley,11,g,5,mg,340,g,17,g,4,g,1.5,g,0,g,1,g,3,g
607,pizza inn,veggie max pizza giant,97,g,215,mg,5280,g,48,g,67,g,42,g,0,g,10,g,18,g
608,pizza inn,veggie max pizza giant 1 slice,8,g,20,mg,440,g,4,g,6,g,3.5,g,0,g,1,g,2,g
609,pizza inn,veggie max pizza individual,20,g,45,mg,1070,g,10,g,15,g,9,g,0,g,2,g,4,g
610,pizza inn,veggie max pizza individual 1 slice,5,g,10,mg,270,g,3,g,4,g,2,g,0,g,1,g,1,g
611,pizza inn,veggie max pizza large,71,g,165,mg,3830,g,34,g,51,g,31,g,0,g,7,g,13,g
612,pizza inn,veggie max pizza large 1 slice,9,g,20,mg,480,g,4,g,6,g,4,g,0,g,1,g,2,g
613,pizza inn,veggie max pizza large thin crust,96,g,165,mg,6080,g,237,g,83,g,35,g,0,g,15,g,20,g
614,pizza inn,veggie max pizza large thin crust 1 slice,8,g,15,mg,510,g,20,g,7,g,3,g,0,g,1,g,2,g
615,pizza inn,veggie max pizza medium,52,g,120,mg,2760,g,25,g,37,g,22,g,0,g,5,g,9,g
616,pizza inn,veggie max pizza medium 1 slice,7,g,15,mg,350,g,3,g,5,g,3,g,0,g,1,g,1,g
617,pizza inn,veggie max pizza small,33,g,70,mg,1790,g,17,g,22,g,14,g,0,g,4,g,6,g
618,pizza inn,veggie max pizza small 1 slice,5,g,10,mg,300,g,3,g,4,g,2.5,g,0,g,1,g,1,g
619,pizza inn,wings 10,36,g,170,mg,160,g,0,g,41,g,10,g,0,g,0,g,0,g
620,pizza inn,wings 20,71,g,345,mg,330,g,0,g,82,g,20,g,0,g,0,g,0,g
621,pizza inn,wings 8,28,g,135,mg,130,g,0,g,33,g,8,g,0,g,0,g,0,g
622,pizza pizza,minute maid apple juice,0,g,0,mg,40,g,52,g,1,g,0,g,0,g,0,g,48,g
623,pizza pizza,milk to go 1 partly skimmed chocolate milk,3,g,15,mg,190,g,31,g,10,g,0,g,0,g,0,g,0,g
624,pizza pizza,minute maid cranberry juice,0,g,0,mg,35,g,60,g,0.3,g,0,g,0,g,0,g,27,g
625,pizza pizza,milk to go 2 skimmed,6,g,25,mg,150,g,15,g,11,g,0,g,0,g,0,g,0,g
626,pizza pizza,funnel cake stix,9,g,20,mg,160,g,29,g,2,g,2.5,g,0,g,0,g,14,g
627,pizza pizza,chocolate truffles,11,g,20,mg,95,g,29,g,2,g,6,g,0,g,2,g,21,g
628,pizza pizza,two bite brownies,9,g,0,mg,75,g,21,g,1,g,2,g,0,g,1,g,12,g
629,pizza pizza,fries,13,g,0,mg,680,g,48,g,3,g,1.5,g,0.1,g,4,g,1,g
630,pizza pizza,sweet potato fries,19,g,0,mg,430,g,47,g,3,g,2,g,0.6,g,3,g,15,g
631,pizza pizza,classic chicken wings,38,g,225,mg,1090,g,1,g,40,g,9,g,0.2,g,0,g,1,g
632,pizza pizza,cheese panzerotti,66,g,100,mg,2370,g,133,g,53,g,19,g,1.5,g,6,g,16,g
633,pizza pizza,boneless chicken bites,19,g,75,mg,1060,g,25,g,27,g,2.5,g,0.1,g,2,g,1,g
634,pizza pizza,crispy breaded chicken wings,47,g,165,mg,1260,g,21,g,40,g,11,g,0.2,g,2,g,1,g
635,pizza pizza,gluten free chicken bites,12,g,70,mg,510,g,36,g,23,g,1.5,g,0,g,2,g,1,g
636,pizza pizza,ny pepperoni panzerotti,76,g,125,mg,2660,g,133,g,58,g,22,g,1.5,g,6,g,16,g
637,pizza pizza,x large 16 traditional pepperoni pizza,8.9,g,30,mg,644,g,31.7,g,12.9,g,4,g,0.2,g,1,g,4,g
638,pizza pizza,medium 12 tropical hawaiian pizza,9,g,25,mg,580,g,26,g,11,g,4,g,0.2,g,1,g,5,g
639,pizza pizza,x large 16 new york pepperoni pizza,9,g,25,mg,650,g,32,g,15,g,4,g,0.2,g,1,g,4,g
640,pizza pizza,small 10 traditional pepperoni pizza,7,g,25,mg,520,g,24,g,10,g,3.5,g,0.2,g,1,g,3,g
641,pizza pizza,medium 12 cauliflower crust cauli pesto pizza,8,g,25,mg,340,g,20,g,9,g,3,g,0.1,g,2,g,2,g
642,pizza pizza,large 14 greek pizza,8,g,20,mg,560,g,29,g,11,g,4,g,0.2,g,2,g,4,g
643,pizza pizza,small 10 mediterranean vegetarian pizza,7,g,20,mg,570,g,25,g,10,g,3.5,g,0.2,g,2,g,4,g
644,pizza pizza,medium 12 cauliflower crust super plant pizza,6,g,15,mg,330,g,21,g,11,g,2.5,g,0.3,g,2,g,3,g
645,pizza pizza,medium 12 traditional pepperoni pizza,7,g,25,mg,540,g,25,g,10,g,3.5,g,0.2,g,1,g,3,g
646,pizza pizza,small 10 meat supreme pizza,11,g,35,mg,760,g,24,g,13,g,4.5,g,0.2,g,1,g,3,g
647,pizza pizza,walk in square slice traditional pepperoni pizza,15,g,50,mg,1190,g,63,g,24,g,7,g,0.4,g,3,g,8,g
648,pizza pizza,large 14 italian meatball pizza,12,g,40,mg,890,g,29,g,16,g,5,g,0.2,g,1,g,4,g
649,pizza pizza,large 14 classic super all dressed pizza,9,g,30,mg,610,g,29,g,13,g,4,g,0.2,g,1,g,4,g
650,pizza pizza,medium 12 garden veggie pizza,5,g,15,mg,310,g,25,g,8,g,2.5,g,0.1,g,4,g,2,g
651,pizza pizza,medium 12 sausage mushroom melt pizza,12,g,20,mg,570,g,24,g,11,g,3.5,g,0.2,g,1,g,3,g
652,pizza pizza,small 10 greek pizza,7,g,15,mg,480,g,24,g,9,g,3.5,g,0.2,g,1,g,4,g
653,pizza pizza,medium 12 cauliflower crust cauli blanca pizza,10,g,20,mg,360,g,18,g,7,g,3.5,g,0,g,2,g,1,g
654,pizza pizza,keto 10 pepperoni pizza,12,g,25,mg,330,g,7,g,11,g,4,g,0.2,g,5,g,2,g
655,pizza pizza,x large 16 garden veggie pizza,6,g,20,mg,370,g,32,g,12,g,3,g,0.2,g,5,g,4,g
656,pizza pizza,x large 16 meat supreme pizza,13,g,40,mg,950,g,33,g,16,g,5,g,0.2,g,2,g,4,g
657,pizza pizza,small 10 creamy truffle pizza,11,g,20,mg,440,g,23,g,9,g,3.5,g,0.2,g,1,g,2,g
658,pizza pizza,large 14 bacon double cheeseburger pizza,11,g,25,mg,650,g,29,g,13,g,4.5,g,0.2,g,1,g,3,g
659,pizza pizza,medium 12 spicy bbq chicken pizza,6,g,25,mg,600,g,30,g,11,g,2.5,g,0.2,g,1,g,7,g
660,pizza pizza,medium 12 grilled veggie and goat cheese pizza,6,g,20,mg,460,g,26,g,10,g,3,g,0.2,g,1,g,4,g
661,pizza pizza,medium 12 greek pizza,7,g,15,mg,490,g,25,g,9,g,3,g,0.1,g,1,g,4,g
662,pizza pizza,small 10 classic super all dressed pizza,7,g,25,mg,520,g,24,g,10,g,3.5,g,0.2,g,1,g,4,g
663,pizza pizza,small 10 new york pepperoni pizza,8,g,25,mg,540,g,23,g,11,g,3.5,g,0.2,g,1,g,3,g
664,pizza pizza,large 14 chicken bruschetta pizza,8,g,30,mg,680,g,30,g,14,g,4,g,0.2,g,2,g,4,g
665,pizza pizza,medium 12 steak and blue cheese pizza,10,g,25,mg,580,g,24,g,11,g,4,g,0.2,g,1,g,3,g
666,pizza pizza,medium 12 pesto amore pizza,8,g,20,mg,340,g,25,g,11,g,3.5,g,0.2,g,4,g,3,g
667,pizza pizza,gourmet thin crust 10 chicken bruschetta pizza,6,g,25,mg,510,g,23,g,12,g,2.5,g,0.1,g,1,g,3,g
668,pizza pizza,medium 12 classic super all dressed pizza,8,g,25,mg,540,g,26,g,11,g,3.5,g,0.2,g,1,g,4,g
669,pizza pizza,x large 16 buffalo chicken pizza,10,g,25,mg,750,g,32,g,13,g,4,g,0.2,g,2,g,4,g
670,pizza pizza,walk in square slice garden veggie pizza,12,g,40,mg,720,g,62,g,24,g,6,g,0.3,g,9,g,8,g
671,pizza pizza,medium 12 meat supreme pizza,11,g,35,mg,800,g,26,g,14,g,4.5,g,0.2,g,1,g,4,g
672,pizza pizza,gourmet thin crust 10 chicken romano pizza,9,g,20,mg,530,g,24,g,11,g,3,g,0.2,g,2,g,3,g
673,pizza pizza,keto 10 pesto margherita pizza,13,g,20,mg,250,g,8,g,11,g,3.5,g,0.2,g,5,g,1,g
674,pizza pizza,large 14 tropical hawaiian pizza,10,g,30,mg,650,g,30,g,13,g,4.5,g,0.2,g,1,g,5,g
675,pizza pizza,small 10 canadian eh pizza,9,g,30,mg,610,g,24,g,12,g,4,g,0.2,g,1,g,4,g
676,pizza pizza,large 14 new york pepperoni pizza,9009.5,g,30032,mg,610647,g,29030.6992,g,13013.7998,g,4504.7998,g,200.2,g,1001.1,g,4004.2,g
677,pizza pizza,medium 12 canadian eh pizza,9,g,30,mg,630,g,26,g,12,g,4,g,0.2,g,1,g,4,g
678,pizza pizza,walk in 18 new york pepperoni pizza,25,g,70,mg,1680,g,78,g,33,g,11,g,0.5,g,4,g,10,g
679,pizza pizza,small 10 chipotle chicken pizza,6,g,25,mg,490,g,27,g,11,g,3,g,0.2,g,1,g,5,g
680,pizza pizza,x large 16 sausage mushroom melt pizza,253.3,g,452,mg,109,g,560.9,g,235.2,g,72.4,g,5.4,g,18.1,g,54.3,g
681,pizza pizza,gourmet thin crust 10 sweet chili thai pizza,7,g,25,mg,550,g,28,g,12,g,2.5,g,0.2,g,2,g,6,g
682,pizza pizza,small 10 sausage mushroom melt pizza,13,g,25,mg,550,g,23,g,11,g,3.5,g,0.3,g,1,g,3,g
683,pizza pizza,x large 16 tropical hawaiian pizza,11,g,30,mg,710,g,34,g,13,g,4.5,g,0.2,g,2,g,6,g
684,pizza pizza,gluten free crust 10 cheese pizza,7,g,15,mg,330,g,21,g,6,g,3.5,g,0.2,g,1,g,2,g
685,pizza pizza,keto 10 protein lovers pizza,15,g,30,mg,480,g,7,g,13,g,5,g,0.3,g,5,g,2,g
686,pizza pizza,gourmet thin crust 10 creamy truffle pizza,13,g,20,mg,420,g,21,g,7,g,3,g,0.2,g,1,g,2,g
687,pizza pizza,gourmet thin crust 10 pesto amore pizza,6,g,15,mg,380,g,22,g,8,g,2.5,g,0.1,g,1,g,3,g
688,pizza pizza,medium 12 bacon chicken mushroom melt pizza,13,g,30,mg,580,g,25,g,13,g,3.5,g,0.2,g,1,g,3,g
689,pizza pizza,medium 12 creamy truffle pizza,11,g,20,mg,440,g,24,g,9,g,3,g,0.2,g,1,g,2,g
690,pizza pizza,walk in square slice big cheese pizza,13,g,40,mg,1070,g,63,g,22,g,6,g,0.4,g,3,g,8,g
691,pizza pizza,small 10 tropical hawaiian pizza,9,g,25,mg,570,g,25,g,11,g,4,g,0.2,g,1,g,5,g
692,pizza pizza,walk in 18 big cheese pizza,17,g,50,mg,1380,g,78,g,29,g,8,g,0.5,g,3,g,10,g
693,pizza pizza,medium 12 super plant pizza,6,g,15,mg,580,g,26,g,14,g,2.5,g,0.1,g,1,g,4,g
694,pizza pizza,small 10 bacon double cheeseburger pizza,9,g,25,mg,580,g,24,g,11,g,4,g,0.2,g,1,g,3,g
695,pizza pizza,walk in square slice new york pepperoni pizza,17,g,50,mg,1220,g,63,g,25,g,8,g,0.4,g,3,g,8,g
696,pizza pizza,large 14 garden veggie pizza,6,g,20,mg,350,g,28,g,12,g,3.5,g,0.2,g,4,g,4,g
697,pizza pizza,gluten free crust 10 ny pepperoni pizza,9,g,25,mg,430,g,21,g,8,g,4.5,g,0.2,g,1,g,2,g
698,pizza pizza,large 14 traditional pepperoni pizza,9,g,30,mg,610,g,29,g,12,g,4,g,0.2,g,1,g,4,g
699,pizza pizza,medium 12 chicken bruschetta pizza,6,g,25,mg,590,g,27,g,12,g,3,g,0.1,g,1,g,4,g
700,pizza pizza,small 10 bacon chicken mushroom melt pizza,14,g,30,mg,560,g,24,g,12,g,4,g,0.3,g,1,g,3,g
701,pizza pizza,small 10 sweet heat pizza,6,g,25,mg,520,g,25,g,11,g,3,g,0.2,g,1,g,4,g
702,pizza pizza,walk in 18 traditional pepperoni pizza,23,g,75,mg,1660,g,79,g,32,g,10,g,0.5,g,4,g,10,g
703,pizza pizza,medium 12 buffalo chicken pizza,9,g,25,mg,640,g,25,g,11,g,3.5,g,0.2,g,1,g,3,g
704,pizza pizza,x large 16 classic super all dressed pizza,9,g,30,mg,650,g,33,g,13,g,4,g,0.2,g,2,g,5,g
705,pizza pizza,gourmet thin crust 10 spinach splendito pizza,9,g,15,mg,510,g,21,g,9,g,3,g,0.1,g,1,g,2,g
706,pizza pizza,small 10 hot and spice pizza,7,g,25,mg,580,g,24,g,11,g,3,g,0.2,g,1,g,3,g
707,pizza pizza,large 14 sausage mushroom melt pizza,14,g,25,mg,660,g,28,g,13,g,4,g,0.3,g,1,g,3,g
708,pizza pizza,x large 16 spicy bbq chicken pizza,7,g,25,mg,720,g,37,g,14,g,3,g,0.2,g,2,g,8,g
709,pizza pizza,large 14 mediterranean vegetarian pizza,10,g,25,mg,730,g,31,g,13,g,5,g,0.2,g,2,g,5,g
710,pizza pizza,small 10 chicken bruschetta pizza,7,g,25,mg,570,g,25,g,12,g,3,g,0.2,g,1,g,4,g
711,pizza pizza,walk in 18 tropical hawaiian pizza,26,g,70,mg,1720,g,82,g,33,g,11,g,0.5,g,4,g,14,g
712,pizza pizza,medium 12 sweet chili chicken pizza,6,g,25,mg,460,g,31,g,12,g,3,g,0.2,g,4,g,9,g
713,pizza pizza,large 14 bacon chicken mushroom melt pizza,15,g,30,mg,660,g,29,g,14,g,4.5,g,0.3,g,1,g,4,g
714,pizza pizza,small 10 sweet chili chicken pizza,6,g,25,mg,430,g,29,g,12,g,3,g,0.2,g,4,g,8,g
715,pizza pizza,large 14 pesto amore pizza,10,g,25,mg,410,g,29,g,13,g,4,g,0.2,g,4,g,4,g
716,pizza pizza,small 10 pesto amore pizza,8,g,20,mg,340,g,24,g,11,g,3.5,g,0.2,g,4,g,3,g
717,pizza pizza,x large 16 greek pizza,8,g,20,mg,600,g,33,g,12,g,4,g,0.2,g,2,g,4,g
718,pizza pizza,small 10 spicy bbq chicken pizza,6,g,25,mg,600,g,28,g,11,g,3,g,0.2,g,1,g,7,g
719,pizza pizza,large 14 canadian eh pizza,10,g,35,mg,690,g,29,g,14,g,4.5,g,0.2,g,1,g,4,g
720,pizza pizza,medium 12 newyork pepperoni pizza,8,g,25,mg,540,g,25,g,10,g,3.5,g,0.2,g,1,g,3,g
721,pizza pizza,gourmet thin crust 10 steak and cheese pizza,9,g,15,mg,470,g,20,g,9,g,3.5,g,0.2,g,1,g,2,g
722,pizza pizza,x large 16 canadian eh pizza,11,g,35,mg,750,g,33,g,14,g,4.5,g,0.2,g,2,g,4,g
723,pizza pizza,large 14 spicy bbq chicken pizza,7,g,25,mg,680,g,33,g,13,g,3.5,g,0.2,g,2,g,7,g
724,pizza pizza,walk in 18 gardem veggie pizza,16,g,50,mg,950,g,77,g,30,g,8,g,0.5,g,11,g,11,g
725,pizza pizza,large 14 chipotle chicken pizza,7,g,25,mg,570,g,32,g,13,g,3.5,g,0.2,g,2,g,6,g
726,pizza pizza,x large 16 chipotle steak pizza,7,g,25,mg,640,g,35,g,13,g,0.4,g,0.2,g,2,g,6,g
727,pizza pizza,potato bianca gourmet whole grain pizza 10,29,g,40,mg,1410,g,78,g,24,g,12,g,0.4,g,8,g,9,g
728,pizza pizza,medium 12 chipotle chicken pizza,5,g,25,mg,490,g,28,g,11,g,2.5,g,0.2,g,1,g,5,g
729,pizza pizza,large 14 chipotle steak pizza,7,g,25,mg,610,g,31,g,13,g,3.5,g,0.2,g,1,g,6,g
730,pizza pizza,x large 16 creamy truffle pizza,14,g,25,mg,560,g,31,g,11,g,4,g,0.2,g,1,g,3,g
731,pizza pizza,x large 16 sweet chili chicken pizza,8,g,30,mg,560,g,39,g,15,g,4,g,0.2,g,5,g,10,g
732,pizza pizza,walk in 18 classic super all dressed pizza,23,g,75,mg,1660,g,81,g,33,g,10,g,0.5,g,4,g,11,g
733,pizza pizza,small 10 sriracha and honey pizza,7,g,20,mg,470,g,25,g,9,g,4,g,0.2,g,1,g,4,g
734,pizza pizza,small thin crust taco pizza,7.6,g,15,mg,439,g,19,g,8.2,g,3.2,g,0,g,1.4,g,1.7,g
735,pizza pizza,large 14 sweet heat pizza,7,g,25,mg,590,g,30,g,13,g,3.5,g,0.2,g,2,g,5,g
736,pizza pizza,large 14 super plant pizza,8,g,20,mg,650,g,30,g,16,g,3.5,g,0.2,g,2,g,4,g
737,pizza pizza,kraft balsamic vinagrette,10,g,0,mg,290,g,5,g,0,g,1,g,0,g,0,g,4,g
738,pizza pizza,kraft ranchers choice dressing,1,g,0,mg,450,g,2,g,0.1,g,0,g,0,g,0,g,2,g
739,pizza pizza,kraft caesar dressing,14,g,15,mg,360,g,2,g,1,g,2.5,g,0.2,g,0,g,1,g
740,pizza pizza,kraft ranchers choice dressing,6,g,10,mg,390,g,9,g,0.3,g,1,g,0,g,0,g,2,g
741,pizza pizza,grilled chicken caesar side salad without dressing,3,g,25,mg,220,g,8,g,10,g,1,g,0,g,2,g,2,g
742,pizza pizza,mediterranean greek entree salad without dressing,13,g,20,mg,760,g,10,g,8,g,7,g,0.2,g,4,g,5,g
743,pizza pizza,crispy chicken caesar entree salad without dressing,19,g,70,mg,1100,g,33,g,29,g,4,g,0.1,g,5,g,3,g
744,pizza pizza,caesar entree salad without dressing,4.5,g,10,mg,250,g,13,g,7,g,2,g,0,g,4,g,3,g
745,pizza pizza,crispy chicken caesar side salad without dressing,10,g,35,mg,550,g,17,g,15,g,2,g,0,g,3,g,2,g
746,pizza pizza,bacon caesar entree salad without dressing,27,g,45,mg,910,g,14,g,13,g,9,g,0,g,4,g,3,g
747,pizza pizza,grilled chicken caesar entree salad without dressing,6,g,45,mg,440,g,17,g,20,g,2.5,g,0,g,4,g,4,g
748,pizza pizza,caesar side salad without dressing,2.5,g,5,mg,125,g,7,g,4,g,1,g,0,g,2,g,1,g
749,pizza pizza,garden entree salad without dressing,0.4,g,0,mg,20,g,8,g,2,g,0,g,0,g,3,g,5,g
750,pizza pizza,garden side salad without dressing,0,g,0,mg,10,g,5,g,1,g,0,g,0,g,2,g,3,g
751,pizza pizza,bacon caesar side salad without dressing,13,g,25,mg,460,g,7,g,7,g,4.5,g,0,g,2,g,1,g
752,pizza pizza,mediterranean side salad without dressing,7,g,10,mg,380,g,6,g,4,g,3.5,g,0.1,g,2,g,3,g
753,pizza pizza,cheese calzone,32,g,100,mg,2370,g,133,g,53,g,16,g,1,g,5,g,16,g
754,pizza pizza,ny pepperoni calzone,40,g,125,mg,2660,g,133,g,58,g,19,g,1,g,5,g,16,g
755,pizza pizza,creamy garlic dipping sauce,19,g,0,mg,160,g,1,g,0.2,g,1.5,g,0.3,g,0,g,0,g
756,pizza pizza,buffalo blue cheese dipping sauce,8,g,0,mg,550,g,1,g,0.2,g,1.5,g,0,g,0,g,0,g
757,pizza pizza,home style italian tomato sauce,0.5,g,0,mg,138,g,3,g,0.5,g,0.1,g,0,g,0,g,2,g
758,pizza pizza,texas bbq dipping sauce,0.2,g,0,mg,240,g,11,g,0.3,g,0,g,0,g,0,g,9,g
759,pizza pizza,honey garlic dipping sauce,0,g,0,mg,65,g,11,g,0.1,g,0,g,0,g,0,g,10,g
760,pizza pizza,sweet chili thai dipping sauce,0,g,0,mg,210,g,13,g,0.1,g,0,g,0,g,0,g,11,g
761,pizza pizza,honey garlic sauce,0,g,0,mg,65,g,11,g,0.1,g,0,g,0,g,0,g,10,g
762,pizza pizza,pesto sauce,8,g,5,mg,180,g,5,g,2,g,1.5,g,0,g,1,g,2,g
763,pizza pizza,chipotle dipping sauce,0,g,0,mg,200,g,9,g,0.4,g,0,g,0,g,1,g,7,g
764,pizza pizza,mild dipping sauce,0,g,0,mg,350,g,8,g,0.2,g,0,g,0,g,0,g,6,g
765,pizza pizza,sweet chili thai wing sauce,0,g,0,mg,210,g,13,g,0.1,g,0,g,0,g,0,g,11,g
766,pizza pizza,hot wing dipping sauce,1,g,0,mg,590,g,6,g,0.3,g,0.5,g,0,g,0,g,4,g
767,pizza pizza,half moon cheesy bread,15,g,15,mg,700,g,35,g,11,g,5,g,0.2,g,1,g,3,g
768,pizza pizza,jalapeno poppers,8,g,15,mg,490,g,16,g,3,g,3.5,g,0.1,g,1,g,3,g
769,pizza pizza,potato wedges,15,g,0,mg,660,g,41,g,4,g,1.5,g,0.2,g,3,g,0,g
770,pizza pizza,crunch dill pickles,4,g,0,mg,530,g,14,g,0,g,0.3,g,0,g,0,g,0,g
771,pizza pizza,onion rings,29,g,0,mg,1310,g,56,g,5,g,3,g,0.1,g,2,g,7,g
772,pizza pizza,garlic bread with cheese,8,g,10,mg,330,g,16,g,5,g,3,g,0.2,g,1,g,1,g
773,pizza pizza,lays classic potato chips,14,g,0,mg,270,g,21,g,2,g,1.5,g,0,g,1,g,0,g
774,pizza pizza,garlic bread,6,g,0,mg,250,g,16,g,3,g,1.5,g,0.1,g,1,g,1,g
775,pizza pizza,ruffles all dressed potato chips,13,g,0,mg,470,g,21,g,3,g,1.5,g,0,g,1,g,1,g
776,pizza pizza,doritos cheesse nacho chips,12,g,0,mg,330,g,29,g,3,g,1.5,g,0,g,2,g,1,g
777,pizza pizza,boneless chicken bites,19,g,75,mg,1060,g,25,g,27,g,2.5,g,0,g,2,g,1,g
778,pizza pizza,buffalo blue cheese sauce,8,g,0,mg,550,g,1,g,0,g,1.5,g,0,g,0,g,0,g
779,pizza pizza,caesar salad entree,4.5,g,10,mg,250,g,13,g,7,g,2,g,0,g,4,g,3,g
780,pizza pizza,caesar salad side,2.5,g,5,mg,125,g,7,g,4,g,1,g,0,g,2,g,1,g
781,pizza pizza,cauli pizza slice cauli blanca,10,g,20,mg,360,g,18,g,7,g,3.5,g,0,g,2,g,1,g
782,pizza pizza,cauli pizza slice cauli pesto,8,g,25,mg,340,g,20,g,9,g,3,g,0,g,2,g,2,g
783,pizza pizza,cauli pizza slice super plant,6,g,15,mg,330,g,21,g,11,g,2.5,g,0,g,2,g,3,g
784,pizza pizza,cauliflower bites,17,g,0,mg,550,g,28,g,4,g,2,g,0,g,0,g,2,g
785,pizza pizza,cheese panzerotti,66,g,100,mg,2370,g,133,g,53,g,19,g,1.5,g,6,g,16,g
786,pizza pizza,chicken classic wings,38,g,225,mg,1090,g,1,g,40,g,9,g,0,g,0,g,1,g
787,pizza pizza,chicken crispy breaded wings,47,g,165,mg,1260,g,21,g,40,g,11,g,0,g,2,g,1,g
788,pizza pizza,chocolate truffles,11,g,20,mg,95,g,29,g,2,g,6,g,0,g,2,g,21,g
789,pizza pizza,creamy garlic sauce,19,g,0,mg,160,g,1,g,0,g,1.5,g,0,g,0,g,0,g
790,pizza pizza,crispy chicken caesar salad entree,19,g,70,mg,1100,g,33,g,29,g,4,g,0,g,5,g,3,g
791,pizza pizza,crispy chicken caesar salad side,10,g,35,mg,550,g,17,g,15,g,2,g,0,g,3,g,2,g
792,pizza pizza,crunchy dill pickles,4,g,0,mg,530,g,14,g,1,g,0,g,0,g,0,g,0,g
793,pizza pizza,dipping sauces blue cheese,22,g,15,mg,320,g,2,g,1,g,2.5,g,0,g,0,g,1,g
794,pizza pizza,dipping sauces buffalo blue cheese,16,g,0,mg,1110,g,1,g,0,g,3.5,g,0,g,0,g,1,g
795,pizza pizza,dipping sauces caramel,8,g,20,mg,190,g,32,g,1,g,3.5,g,0,g,0,g,26,g
796,pizza pizza,dipping sauces creamy dill,22,g,15,mg,320,g,2,g,1,g,1.5,g,0,g,0,g,1,g
797,pizza pizza,dipping sauces creamy garlic,38,g,0,mg,310,g,2,g,0,g,2.5,g,0.5,g,0,g,1,g
798,pizza pizza,dipping sauces franks red hot,0,g,0,mg,1430,g,2,g,0,g,0,g,0,g,1,g,1,g
799,pizza pizza,dipping sauces honey garlic,0,g,0,mg,100,g,17,g,0,g,0,g,0,g,0,g,15,g
800,pizza pizza,dipping sauces honey mustard,16,g,15,mg,260,g,12,g,1,g,1,g,0,g,0,g,10,g
801,pizza pizza,dipping sauces italian marinara,0.5,g,0,mg,190,g,4,g,1,g,0,g,0,g,1,g,3,g
802,pizza pizza,dipping sauces jalapeno cheddar,15,g,20,mg,360,g,3,g,1,g,1.5,g,0,g,0,g,2,g
803,pizza pizza,dipping sauces mild wing,0,g,0,mg,530,g,11,g,0,g,0,g,0,g,0,g,9,g
804,pizza pizza,dipping sauces peppercorn ranch,24,g,10,mg,330,g,2,g,1,g,1.5,g,0,g,0,g,1,g
805,pizza pizza,dipping sauces sriracha creamy garlic,18,g,5,mg,230,g,3,g,0,g,1.5,g,0,g,0,g,1,g
806,pizza pizza,dipping sauces sweet chili thai,0,g,0,mg,320,g,19,g,0,g,0,g,0,g,0,g,17,g
807,pizza pizza,dipping sauces texas bbq,0,g,0,mg,360,g,17,g,1,g,0,g,0,g,1,g,13,g
808,pizza pizza,fries,13,g,0,mg,680,g,48,g,3,g,1.5,g,0,g,4,g,1,g
809,pizza pizza,funnel cake stix,9,g,20,mg,160,g,29,g,2,g,2.5,g,0,g,0,g,14,g
810,pizza pizza,garden salad entree,0,g,0,mg,20,g,8,g,2,g,0,g,0,g,3,g,5,g
811,pizza pizza,garden salad side,0,g,0,mg,0,g,5,g,1,g,0,g,0,g,2,g,3,g
812,pizza pizza,garlic bread,6,g,0,mg,250,g,16,g,3,g,1.5,g,0,g,1,g,1,g
813,pizza pizza,garlic bread with cheese,8,g,10,mg,330,g,16,g,5,g,3,g,0,g,1,g,1,g
814,pizza pizza,gluten free chicken bites,12,g,70,mg,510,g,36,g,23,g,1.5,g,0,g,2,g,1,g
815,pizza pizza,gluten free pizza slice cheese,7,g,15,mg,330,g,21,g,6,g,3.5,g,0,g,1,g,2,g
816,pizza pizza,gluten free pizza slice new york pepperoni,9,g,25,mg,430,g,21,g,8,g,4.5,g,0,g,1,g,2,g
817,pizza pizza,gourmet thins pizza slice chicken bruschetta,6,g,25,mg,510,g,23,g,12,g,2.5,g,0,g,1,g,3,g
818,pizza pizza,gourmet thins pizza slice chicken romano,9,g,20,mg,530,g,24,g,11,g,3,g,0,g,2,g,3,g
819,pizza pizza,gourmet thins pizza slice creamy truffle,13,g,20,mg,420,g,21,g,7,g,3,g,0,g,1,g,2,g
820,pizza pizza,gourmet thins pizza slice pesto amore,6,g,15,mg,380,g,22,g,8,g,2.5,g,0,g,1,g,3,g
821,pizza pizza,gourmet thins pizza slice spinach splendito,9,g,15,mg,510,g,21,g,9,g,3,g,0,g,1,g,2,g
822,pizza pizza,gourmet thins pizza slice sriracha and honey,6,g,15,mg,400,g,22,g,7,g,3,g,0,g,1,g,3,g
823,pizza pizza,gourmet thins pizza slice steak and blue cheese,9,g,15,mg,470,g,20,g,9,g,3.5,g,0,g,1,g,2,g
824,pizza pizza,gourmet thins pizza slice sweet chili thai,7,g,25,mg,550,g,28,g,12,g,2.5,g,0,g,2,g,6,g
825,pizza pizza,grilled chicken caesar salad entree,6,g,45,mg,440,g,17,g,20,g,2.5,g,0,g,4,g,4,g
826,pizza pizza,half moon cheesy bread,15,g,15,mg,700,g,35,g,11,g,5,g,0,g,1,g,3,g
827,pizza pizza,home style italian tomato sauce,0.5,g,0,mg,140,g,3,g,1,g,0,g,0,g,0,g,2,g
828,pizza pizza,honey garlic sauce,0,g,0,mg,65,g,11,g,0,g,0,g,0,g,0,g,10,g
829,pizza pizza,hot sauce,1,g,0,mg,590,g,6,g,0,g,0.5,g,0,g,0,g,4,g
830,pizza pizza,jalapeno poppers,8,g,15,mg,490,g,16,g,3,g,3.5,g,0,g,1,g,3,g
831,pizza pizza,keto pizza keto pesto margherita,13,g,20,mg,250,g,8,g,11,g,3.5,g,0,g,5,g,1,g
832,pizza pizza,large pizza slice bacon chicken mushroom melt,15,g,30,mg,660,g,29,g,14,g,4.5,g,0,g,1,g,4,g
833,pizza pizza,large pizza slice bacon double cheeseburger,11,g,25,mg,650,g,29,g,13,g,4.5,g,0,g,1,g,3,g
834,pizza pizza,large pizza slice buffalo chicken,10,g,25,mg,730,g,29,g,13,g,4,g,0,g,2,g,4,g
835,pizza pizza,large pizza slice canadian eh,10,g,35,mg,690,g,29,g,14,g,4.5,g,0,g,1,g,4,g
836,pizza pizza,large pizza slice chicken bruschetta,8,g,30,mg,680,g,30,g,14,g,4,g,0,g,2,g,4,g
837,pizza pizza,large pizza slice chipotle chicken,7,g,25,mg,570,g,32,g,13,g,3.5,g,0,g,2,g,6,g
838,pizza pizza,large pizza slice chipotle steak,7,g,25,mg,610,g,31,g,13,g,3.5,g,0,g,2,g,6,g
839,pizza pizza,large pizza slice classic super all dressed,9,g,30,mg,610,g,29,g,13,g,4,g,0,g,1,g,4,g
840,pizza pizza,large pizza slice creamy truffle,13,g,25,mg,510,g,28,g,11,g,4,g,0,g,1,g,3,g
841,pizza pizza,large pizza slice garden veggie,6,g,20,mg,350,g,28,g,12,g,3.5,g,0,g,4,g,4,g
842,pizza pizza,large pizza slice greek,8,g,20,mg,560,g,29,g,11,g,4,g,0,g,2,g,4,g
843,pizza pizza,large pizza slice grilled veggie and goat cheese,7,g,25,mg,530,g,30,g,12,g,3.5,g,0,g,2,g,5,g
844,pizza pizza,large pizza slice hot and spicy,8,g,25,mg,680,g,28,g,13,g,3.5,g,0,g,1,g,4,g
845,pizza pizza,large pizza slice meat supreme,12,g,40,mg,890,g,29,g,16,g,5,g,0,g,1,g,4,g
846,pizza pizza,large pizza slice mediterranean vegetarian,10,g,25,mg,730,g,31,g,13,g,5,g,0,g,2,g,5,g
847,pizza pizza,large pizza slice new york pepperoni,9,g,30,mg,610,g,28,g,13,g,4.5,g,0,g,1,g,4,g
848,pizza pizza,large pizza slice pesto amore,10,g,25,mg,410,g,29,g,13,g,4,g,0,g,4,g,4,g
849,pizza pizza,large pizza slice sausage mushroom melt,14,g,25,mg,660,g,28,g,13,g,4,g,0,g,1,g,3,g
850,pizza pizza,large pizza slice spicy bbq chicken,7,g,25,mg,680,g,33,g,13,g,3.5,g,0,g,2,g,7,g
851,pizza pizza,large pizza slice sriracha and honey,9,g,25,mg,540,g,30,g,10,g,5,g,0,g,1,g,4,g
852,pizza pizza,large pizza slice steak and blue cheese,11,g,25,mg,640,g,28,g,13,g,5,g,0,g,1,g,3,g
853,pizza pizza,large pizza slice super plant,8,g,20,mg,650,g,30,g,16,g,3.5,g,0,g,2,g,4,g
854,pizza pizza,large pizza slice sweet chili chicken,8,g,30,mg,520,g,34,g,14,g,4,g,0,g,5,g,8,g
855,pizza pizza,large pizza slice sweet heat,7,g,25,mg,590,g,30,g,13,g,3.5,g,0,g,2,g,5,g
856,pizza pizza,large pizza slice traditional pepperoni,9,g,30,mg,610,g,29,g,12,g,4,g,0,g,1,g,4,g
857,pizza pizza,large pizza slice tropical hawaiian,10,g,30,mg,650,g,30,g,13,g,4.5,g,0,g,1,g,5,g
858,pizza pizza,mediterranean greek salad entree,13,g,20,mg,760,g,10,g,8,g,7,g,0,g,4,g,5,g
859,pizza pizza,mediterranean greek salad side,7,g,10,mg,380,g,6,g,4,g,3.5,g,0,g,2,g,3,g
860,pizza pizza,medium pizza slice bacon chicken mushroom melt,13,g,30,mg,580,g,25,g,13,g,3.5,g,0,g,1,g,3,g
861,pizza pizza,medium pizza slice bacon double cheeseburger,9,g,25,mg,590,g,25,g,11,g,4,g,0,g,1,g,3,g
862,pizza pizza,medium pizza slice buffalo chicken,9,g,25,mg,640,g,25,g,11,g,3.5,g,0,g,1,g,3,g
863,pizza pizza,medium pizza slice canadian eh,9,g,30,mg,630,g,26,g,12,g,4,g,0,g,1,g,4,g
864,pizza pizza,medium pizza slice chicken bruschetta,6,g,25,mg,590,g,27,g,12,g,3,g,0,g,1,g,4,g
865,pizza pizza,medium pizza slice chipotle chicken,5,g,25,mg,490,g,28,g,11,g,2.5,g,0,g,1,g,5,g
866,pizza pizza,medium pizza slice chipotle steak,6,g,20,mg,540,g,27,g,11,g,3,g,0,g,1,g,5,g
867,pizza pizza,medium pizza slice classic super all dressed,8,g,25,mg,540,g,26,g,11,g,3.5,g,0,g,1,g,4,g
868,pizza pizza,medium pizza slice creamy truffle,11,g,20,mg,440,g,24,g,9,g,3,g,0,g,1,g,2,g
869,pizza pizza,medium pizza slice garden veggie,5,g,15,mg,310,g,25,g,10,g,2.5,g,0,g,4,g,4,g
870,pizza pizza,medium pizza slice greek,7,g,15,mg,490,g,25,g,9,g,3,g,0,g,1,g,4,g
871,pizza pizza,medium pizza slice grilled veggie and goat cheese,6,g,20,mg,460,g,26,g,10,g,3,g,0,g,1,g,4,g
872,pizza pizza,medium pizza slice hot and spicy,7,g,20,mg,600,g,25,g,11,g,3,g,0,g,1,g,4,g
873,pizza pizza,medium pizza slice meat supreme,11,g,35,mg,800,g,26,g,14,g,4.5,g,0,g,1,g,4,g
874,pizza pizza,medium pizza slice mediterranean vegetarian,8,g,20,mg,620,g,27,g,10,g,3.5,g,0,g,2,g,4,g
875,pizza pizza,medium pizza slice new york pepperoni,8,g,25,mg,540,g,25,g,10,g,3.5,g,0,g,1,g,3,g
876,pizza pizza,medium pizza slice pesto amore,8,g,20,mg,340,g,25,g,11,g,3.5,g,0,g,4,g,3,g
877,pizza pizza,medium pizza slice sausage mushroom melt,12,g,20,mg,570,g,24,g,11,g,3.5,g,0,g,1,g,3,g
878,pizza pizza,medium pizza slice spicy bbq chicken,6,g,25,mg,600,g,30,g,11,g,2.5,g,0,g,1,g,7,g
879,pizza pizza,medium pizza slice sriracha and honey,7,g,20,mg,470,g,26,g,9,g,4,g,0,g,1,g,4,g
880,pizza pizza,medium pizza slice steak and blue cheese,10,g,25,mg,580,g,24,g,11,g,4,g,0,g,1,g,3,g
881,pizza pizza,medium pizza slice super plant,6,g,15,mg,580,g,26,g,14,g,2.5,g,0,g,1,g,4,g
882,pizza pizza,medium pizza slice sweet chili chicken,6,g,25,mg,460,g,31,g,12,g,3,g,0,g,4,g,9,g
883,pizza pizza,medium pizza slice sweet heat,6,g,25,mg,530,g,27,g,11,g,2.5,g,0,g,1,g,5,g
884,pizza pizza,medium pizza slice traditional pepperoni,7,g,25,mg,540,g,25,g,10,g,3.5,g,0,g,1,g,3,g
885,pizza pizza,medium pizza slice tropical hawaiian,9,g,25,mg,580,g,26,g,11,g,4,g,0,g,1,g,5,g
886,pizza pizza,mild sauce,0,g,0,mg,350,g,8,g,0,g,0,g,0,g,0,g,6,g
887,pizza pizza,ny pepperoni panzerotti,76,g,125,mg,2660,g,133,g,58,g,22,g,1.5,g,6,g,16,g
888,pizza pizza,onion rings,29,g,0,mg,1310,g,56,g,5,g,3,g,0,g,2,g,7,g
889,pizza pizza,pesto sauce,8,g,5,mg,180,g,5,g,2,g,1.5,g,0,g,1,g,2,g
890,pizza pizza,pizza slice keto pepperoni,12,g,25,mg,330,g,7,g,11,g,4,g,0,g,5,g,2,g
891,pizza pizza,pizza slice keto protein lovers,15,g,30,mg,470,g,7,g,13,g,5,g,0,g,5,g,2,g
892,pizza pizza,potato wedges,15,g,0,mg,660,g,41,g,4,g,1.5,g,0,g,3,g,0,g
893,pizza pizza,quesadillas chicken,35,g,140,mg,1500,g,60,g,52,g,19,g,1,g,5,g,8,g
894,pizza pizza,quesadillas steak,38,g,135,mg,1950,g,55,g,50,g,20,g,1.5,g,4,g,6,g
895,pizza pizza,quesadillas veggie,32,g,70,mg,1890,g,55,g,27,g,17,g,1,g,4,g,3,g
896,pizza pizza,salad dressing kraft balsamic,10,g,0,mg,290,g,5,g,0,g,1,g,0,g,0,g,4,g
897,pizza pizza,salad dressing kraft creamy caesar,14,g,15,mg,360,g,2,g,1,g,2.5,g,0,g,0,g,1,g
898,pizza pizza,salad dressing kraft ranchers choice,6,g,10,mg,390,g,9,g,0,g,1,g,0,g,0,g,2,g
899,pizza pizza,salad dressing kraft zesty italian,1,g,0,mg,450,g,2,g,0,g,0,g,0,g,0,g,2,g
900,pizza pizza,salads and dressing bacon caesar entree,27,g,45,mg,910,g,14,g,13,g,9,g,0,g,4,g,3,g
901,pizza pizza,salads and dressing bacon caesar side,13,g,25,mg,460,g,7,g,7,g,4.5,g,0,g,2,g,1,g
902,pizza pizza,sauces buffalo blue cheese,8,g,0,mg,550,g,1,g,0,g,1.5,g,0,g,0,g,0,g
903,pizza pizza,sauces chipotle,0,g,0,mg,200,g,9,g,0,g,0,g,0,g,1,g,7,g
904,pizza pizza,sides doritos nachos cheese,12,g,0,mg,330,g,28,g,3,g,1.5,g,0,g,2,g,1,g
905,pizza pizza,sides lays classic,14,g,0,mg,270,g,24,g,2,g,1.5,g,0,g,1,g,0,g
906,pizza pizza,sides ruffles all dressed,13,g,0,mg,470,g,21,g,3,g,1.5,g,0,g,1,g,1,g
907,pizza pizza,small pizza slice bacon chicken mushroom melt,14,g,30,mg,560,g,24,g,12,g,4,g,0,g,1,g,3,g
908,pizza pizza,small pizza slice bacon double cheeseburger,9,g,25,mg,580,g,24,g,11,g,4,g,0,g,1,g,3,g
909,pizza pizza,small pizza slice buffalo chicken,9,g,25,mg,640,g,24,g,11,g,3.5,g,0,g,1,g,3,g
910,pizza pizza,small pizza slice canadian eh,9,g,30,mg,610,g,24,g,12,g,4,g,0,g,1,g,4,g
911,pizza pizza,small pizza slice chicken bruschetta parmesan,7,g,25,mg,570,g,25,g,12,g,3,g,0,g,1,g,4,g
912,pizza pizza,small pizza slice chipotle chicken,6,g,25,mg,490,g,27,g,11,g,3,g,0,g,1,g,5,g
913,pizza pizza,small pizza slice chipotle steak,6,g,20,mg,530,g,26,g,11,g,3,g,0,g,1,g,5,g
914,pizza pizza,small pizza slice classic super all dressed,7,g,25,mg,520,g,24,g,10,g,3.5,g,0,g,1,g,4,g
915,pizza pizza,small pizza slice creamy truffle,11,g,20,mg,440,g,23,g,9,g,3.5,g,0,g,1,g,2,g
916,pizza pizza,small pizza slice garden veggie,5,g,15,mg,310,g,23,g,10,g,2.5,g,0,g,3,g,4,g
917,pizza pizza,small pizza slice greek,7,g,15,mg,480,g,24,g,9,g,3.5,g,0,g,1,g,4,g
918,pizza pizza,small pizza slice grilled veggie and goat cheese,6,g,20,mg,450,g,25,g,10,g,3,g,0,g,1,g,4,g
919,pizza pizza,small pizza slice hot and spicy,7,g,25,mg,580,g,24,g,11,g,3,g,0,g,1,g,3,g
920,pizza pizza,small pizza slice meat supreme,11,g,35,mg,760,g,24,g,13,g,4.5,g,0,g,1,g,3,g
921,pizza pizza,small pizza slice mediterranean vegetarian,7,g,20,mg,570,g,25,g,10,g,3.5,g,0,g,2,g,4,g
922,pizza pizza,small pizza slice new york pepperoni,8,g,25,mg,540,g,23,g,11,g,3.5,g,0,g,1,g,3,g
923,pizza pizza,small pizza slice pesto amore,8,g,20,mg,340,g,24,g,11,g,3.5,g,0,g,4,g,3,g
924,pizza pizza,small pizza slice sausage mushroom melt,13,g,25,mg,550,g,23,g,11,g,3.5,g,0,g,1,g,3,g
925,pizza pizza,small pizza slice spicy bbq chicken,6,g,25,mg,600,g,28,g,11,g,3,g,0,g,1,g,7,g
926,pizza pizza,small pizza slice sriracha and honey,7,g,20,mg,470,g,25,g,9,g,4,g,0,g,1,g,4,g
927,pizza pizza,small pizza slice steak and blue cheese,10,g,25,mg,560,g,23,g,11,g,4,g,0,g,1,g,2,g
928,pizza pizza,small pizza slice super plant,7,g,15,mg,580,g,25,g,13,g,3,g,0,g,1,g,4,g
929,pizza pizza,small pizza slice sweet chili chicken,6,g,25,mg,430,g,29,g,12,g,3,g,0,g,4,g,8,g
930,pizza pizza,small pizza slice sweet heat,6,g,25,mg,520,g,25,g,11,g,3,g,0,g,1,g,5,g
931,pizza pizza,small pizza slice traditional pepperoni,7,g,25,mg,520,g,24,g,10,g,3.5,g,0,g,1,g,3,g
932,pizza pizza,small pizza slice tropical hawaiian,9,g,25,mg,570,g,25,g,11,g,4,g,0,g,1,g,5,g
933,pizza pizza,square pizza slice big cheese,13,g,40,mg,1070,g,63,g,22,g,6,g,0,g,3,g,8,g
934,pizza pizza,square pizza slice garden veggie,12,g,40,mg,720,g,62,g,24,g,6,g,0,g,9,g,8,g
935,pizza pizza,square pizza slice new york pepperoni,17,g,50,mg,1220,g,63,g,25,g,8,g,0,g,3,g,8,g
936,pizza pizza,square pizza slice traditional pepperoni,15,g,50,mg,1190,g,63,g,24,g,7,g,0,g,3,g,8,g
937,pizza pizza,strawberry cheesecake truffles,12,g,35,mg,110,g,22,g,3,g,8,g,0,g,0,g,19,g
938,pizza pizza,sweet chili thai sauce,0,g,0,mg,210,g,13,g,0,g,0,g,0,g,0,g,11,g
939,pizza pizza,sweet potato fries,19,g,0,mg,430,g,47,g,3,g,2,g,0,g,3,g,15,g
940,pizza pizza,texas bbq sauce,0,g,0,mg,240,g,11,g,0,g,0,g,0,g,0,g,9,g
941,pizza pizza,walk in pizza slice bacon double cheeseburger,26,g,65,mg,1710,g,80,g,34,g,12,g,0.5,g,3,g,10,g
942,pizza pizza,walk in pizza slice big cheese,17,g,50,mg,1380,g,78,g,29,g,8,g,0.5,g,3,g,10,g
943,pizza pizza,walk in pizza slice canadian eh,27,g,85,mg,1870,g,81,g,36,g,12,g,0.5,g,4,g,11,g
944,pizza pizza,walk in pizza slice classic super all dressed,23,g,75,mg,1660,g,81,g,33,g,10,g,0.5,g,4,g,11,g
945,pizza pizza,walk in pizza slice garden veggie,16,g,50,mg,950,g,77,g,30,g,8,g,0.5,g,11,g,11,g
946,pizza pizza,walk in pizza slice new york pepperoni,25,g,70,mg,1680,g,78,g,33,g,11,g,0.5,g,4,g,10,g
947,pizza pizza,walk in pizza slice spicy bbq chicken,18,g,70,mg,1890,g,94,g,35,g,8,g,0.5,g,5,g,21,g
948,pizza pizza,walk in pizza slice super plant,20,g,50,mg,1780,g,83,g,42,g,9,g,0.5,g,4,g,11,g
949,pizza pizza,walk in pizza slice traditional pepperoni,23,g,75,mg,1660,g,79,g,32,g,10,g,0.5,g,4,g,10,g
950,pizza pizza,walk in pizza slice tropical hawaiian,26,g,70,mg,1720,g,82,g,33,g,11,g,0.5,g,4,g,14,g
951,pizza pizza,x large pizza slice bacon chicken mushroom melt,15,g,30,mg,700,g,33,g,15,g,4.5,g,0,g,2,g,4,g
952,pizza pizza,x large pizza slice bacon double chesseburger,11,g,25,mg,710,g,33,g,14,g,4.5,g,0,g,1,g,4,g
953,pizza pizza,x large pizza slice buffalo chicken,10,g,25,mg,750,g,32,g,13,g,4,g,0,g,2,g,4,g
954,pizza pizza,x large pizza slice canadian eh,11,g,35,mg,750,g,33,g,14,g,4.5,g,0,g,2,g,4,g
955,pizza pizza,x large pizza slice chicken bruschetta,9,g,30,mg,750,g,34,g,16,g,4,g,0,g,2,g,5,g
956,pizza pizza,x large pizza slice chipotle chicken,7,g,25,mg,600,g,35,g,13,g,3,g,0,g,2,g,6,g
957,pizza pizza,x large pizza slice chipotle steak,7,g,25,mg,640,g,35,g,13,g,3.5,g,0,g,2,g,6,g
958,pizza pizza,x large pizza slice classic super all dressed,9,g,30,mg,650,g,33,g,13,g,4,g,0,g,2,g,5,g
959,pizza pizza,x large pizza slice creamy truffle,14,g,25,mg,560,g,31,g,11,g,4,g,0,g,1,g,3,g
960,pizza pizza,x large pizza slice garden veggie,6,g,20,mg,370,g,32,g,12,g,3,g,0,g,5,g,4,g
961,pizza pizza,x large pizza slice greek,8,g,20,mg,600,g,33,g,12,g,4,g,0,g,2,g,4,g
962,pizza pizza,x large pizza slice grilled veggie and goat cheese,8,g,25,mg,570,g,33,g,12,g,4,g,0,g,2,g,5,g
963,pizza pizza,x large pizza slice hot and spicy,8,g,25,mg,720,g,32,g,13,g,3.5,g,0,g,2,g,4,g
964,pizza pizza,x large pizza slice meat supreme,13,g,40,mg,950,g,33,g,16,g,5,g,0,g,2,g,4,g
965,pizza pizza,x large pizza slice mediterranean vegetarian,10,g,25,mg,810,g,35,g,13,g,5,g,0,g,2,g,5,g
966,pizza pizza,x large pizza slice new york pepperoni,9,g,25,mg,650,g,32,g,13,g,4,g,0,g,1,g,4,g
967,pizza pizza,x large pizza slice pesto amore,10,g,25,mg,430,g,32,g,13,g,4,g,0,g,5,g,4,g
968,pizza pizza,x large pizza slice sausage mushroom melt,14,g,25,mg,690,g,31,g,13,g,4,g,0,g,1,g,3,g
969,pizza pizza,x large pizza slice spicy bbq chicken,7,g,25,mg,720,g,37,g,14,g,3,g,0,g,2,g,8,g
970,pizza pizza,x large pizza slice sriracha and honey,9,g,20,mg,570,g,33,g,11,g,4.5,g,0,g,1,g,5,g
971,pizza pizza,x large pizza slice steak and blue cheese,12,g,25,mg,690,g,31,g,14,g,5,g,0,g,1,g,3,g
972,pizza pizza,x large pizza slice super plant,8,g,20,mg,700,g,34,g,16,g,3,g,0,g,2,g,4,g
973,pizza pizza,x large pizza slice sweet chili chicken,8,g,30,mg,560,g,39,g,15,g,4,g,0,g,5,g,10,g
974,pizza pizza,x large pizza slice sweet heat,7,g,25,mg,640,g,34,g,14,g,3,g,0,g,2,g,6,g
975,pizza pizza,x large pizza slice traditional pepperoni,9,g,30,mg,650,g,32,g,13,g,4,g,0,g,1,g,4,g
976,pizza pizza,x large pizza slice tropical hawaiian,11,g,30,mg,710,g,34,g,13,g,4.5,g,0,g,2,g,6,g
977,pizza pro,veggie pizza medium 12,7,g,6,mg,412,g,27,g,9,g,4,g,0,g,2,g,3,g
978,pizza pro,veggie pizza large 14,7,g,20,mg,416,g,25,g,9,g,5,g,0,g,2,g,3,g
979,pizza pro,veggie pizza personal 7,5,g,46,mg,228,g,17,g,6,g,2,g,0,g,2,g,2,g
980,pizza pro,pepperoni pizza medium 12,10,g,23,mg,528,g,26,g,9,g,5,g,0,g,2,g,3,g
981,pizza pro,beef pizza medium 12,6,g,15,mg,479,g,26,g,16,g,4,g,0,g,2,g,3,g
982,pizza pro,italian sausage pizza large 14,7,g,20,mg,423,g,24,g,9,g,4,g,0,g,1,g,3,g
983,pizza pro,pepperoni pizza large 14,11,g,25,mg,540,g,24,g,10,g,5,g,0,g,1,g,2,g
984,pizza pro,pro special pizza large 14,13,g,40,mg,800,g,26,g,17,g,7,g,0,g,2,g,3,g
985,pizza pro,cheese pizza large 14,5,g,14,mg,313,g,24,g,7,g,3,g,0,g,1,g,2,g
986,pizza pro,ham pizza medium 12,7,g,32,mg,682,g,26,g,12,g,4,g,0,g,2,g,3,g
987,pizza pro,sausage pizza personal 7,5,g,11,mg,209,g,17,g,6,g,2,g,0,g,1,g,2,g
988,pizza pro,cheese pizza personal 7,3,g,9,mg,199,g,17,g,5,g,2,g,0,g,1,g,2,g
989,pizza pro,pro deluxe pizza personal 7,7,g,51,mg,273,g,17,g,7,g,3,g,0,g,2,g,2,g
990,pizza pro,pro deluxe pizza large 14,12,g,30,mg,540,g,26,g,12,g,6,g,0,g,2,g,3,g
991,pizza pro,pepperoni pizza personal 7,7,g,15,mg,324,g,17,g,6,g,3,g,0,g,1,g,2,g
992,pizza pro,italian sausage pizza medium 12,7,g,17,mg,403,g,26,g,9,g,4,g,0,g,2,g,3,g
993,pizza pro,pro deluxe pizza medium 12,12,g,27,mg,511,g,28,g,12,g,6,g,0,g,2,g,3,g
994,pizza pro,cheese pizza medium 12,5,g,12,mg,304,g,26,g,7,g,0,g,0,g,2,g,3,g
995,pizza pro,sausage pizza large 14,8,g,18,mg,337,g,25,g,10,g,4,g,0,g,2,g,3,g
996,pizza pro,pro special pizza medium 12,12,g,25,mg,769,g,28,g,16,g,6,g,0,g,2,g,4,g
997,pizza pro,meat to please pizza large 14,13,g,41,mg,828,g,25,g,17,g,7,g,0,g,1,g,3,g
998,pizza pro,sausage pizza medium 12,7,g,16,mg,326,g,27,g,10,g,4,g,0,g,3,g,3,g
999,pizza pro,beef pizza large 14,7,g,18,mg,508,g,24,g,17,g,4,g,0,g,2,g,3,g
