,Restaurant Name,Food Name,Total Fat Amount,Total Fat Unit,Cholesterol Amount,Cholesterol Unit,Sodium Amount,Sodium Unit,Total Carbohydrate Amount,Total Carbohydrate Unit,Protein Amount,Protein Unit,Saturated Fat Amount,Saturated Fat Unit,Trans Fat Amount,Trans Fat Unit,Dietary Fiber Amount,Dietary Fiber Unit,Sugars Amount,Sugars Unit
0,bob evans restaurants,breakfast side choice cup of grits with butter,21,g,25,mg,280,g,13,g,2,g,7,g,0,g,1,g,0,g
1,bob evans restaurants,breakfast side choice hashbrowns,12,g,0,mg,160,g,28,g,2,g,2,g,1.5,g,3,g,1,g
2,bob evans restaurants,breakfast side choice homefries,17,g,0,mg,690,g,24,g,3,g,2.5,g,0.5,g,2,g,2,g
3,bob evans restaurants,build your own omelet egg choice egg whites,0,g,0,mg,300,g,1,g,19,g,0,g,0,g,0,g,1,g
4,bob evans restaurants,build your own omelet egg choice farm fresh eggs,24,g,575,mg,390,g,3,g,20,g,8,g,0,g,0,g,1,g
5,bob evans restaurants,build your own omelet grill oil added to grilled vegetables,14,g,0,mg,0,g,0,g,0,g,2,g,0,g,0,g,0,g
6,bob evans restaurants,build your own omelet topping choice american cheese,9,g,30,mg,470,g,1,g,5,g,5,g,0,g,0,g,1,g
7,bob evans restaurants,build your own omelet topping choice bacon,18,g,45,mg,900,g,1,g,15,g,6,g,0,g,0,g,0,g
8,bob evans restaurants,build your own omelet topping choice bob evans sausage,12,g,40,mg,290,g,1,g,9,g,4.5,g,0,g,0,g,0,g
9,bob evans restaurants,build your own omelet topping choice cheddar cheese,8,g,25,mg,150,g,0,g,5,g,4.5,g,0,g,0,g,0,g
10,bob evans restaurants,build your own omelet topping choice diced ham,1.5,g,25,mg,990,g,2,g,12,g,1,g,0,g,0,g,2,g
11,bob evans restaurants,build your own omelet topping choice jalapenos without oil,0,g,0,mg,130,g,0,g,0,g,0,g,0,g,0,g,0,g
12,bob evans restaurants,build your own omelet topping choice mushrooms,6,g,0,mg,70,g,1,g,1,g,1.5,g,1.5,g,0,g,1,g
13,bob evans restaurants,build your own omelet topping choice onions without oil,0,g,0,mg,0,g,3,g,0,g,0,g,0,g,0,g,1,g
14,bob evans restaurants,build your own omelet topping choice red and green bell peppers without oil,0,g,0,mg,0,g,1,g,0,g,0,g,0,g,1,g,1,g
15,bob evans restaurants,build your own omelet topping choice swiss,6,g,20,mg,15,g,1,g,6,g,4,g,0,g,0,g,0,g
16,bob evans restaurants,burger bar,29,g,90,mg,1270,g,58,g,31,g,13,g,1,g,3,g,9,g
17,bob evans restaurants,burger rise and shine,75,g,340,mg,1710,g,92,g,51,g,25,g,3,g,5,g,22,g
18,bob evans restaurants,buttermilk biscuits with butter,19,g,5,mg,920,g,32,g,3,g,10,g,0.5,g,1,g,2,g
19,bob evans restaurants,caramel coffee,0,g,0,mg,10,g,14,g,1,g,0,g,0,g,0,g,14,g
20,bob evans restaurants,caramel mocha,9,g,0,mg,140,g,46,g,2,g,7,g,0,g,1,g,37,g
21,bob evans restaurants,carrots,4.5,g,5,mg,115,g,13,g,1,g,1.5,g,0,g,3,g,10,g
22,bob evans restaurants,catering brioche french toast,16,g,210,mg,720,g,81,g,19,g,5,g,0,g,3,g,22,g
23,bob evans restaurants,catering homefries,4.5,g,0,mg,990,g,35,g,4,g,1,g,1,g,4,g,3,g
24,bob evans restaurants,cheddar baked potato,11,g,35,mg,940,g,23,g,9,g,6,g,0,g,1,g,3,g
25,bob evans restaurants,cheeseburger,36,g,60,mg,1210,g,84,g,20,g,12,g,1,g,6,g,5,g
26,bob evans restaurants,chicken and noodles,7,g,30,mg,540,g,14,g,10,g,1.5,g,1,g,1,g,1,g
27,bob evans restaurants,chicken n noodles,9,g,35,mg,720,g,19,g,9,g,2,g,1,g,1,g,1,g
28,bob evans restaurants,chicken n noodles deep dish,33,g,105,mg,2320,g,54,g,26,g,15,g,2,g,3,g,4,g
29,bob evans restaurants,chicken n noodles deep dish dinner,26,g,80,mg,1760,g,42,g,20,g,12,g,1.5,g,2,g,3,g
30,bob evans restaurants,choc chips hotcakes only,4.5,g,0,mg,0,g,9,g,1,g,2.5,g,0,g,1,g,8,g
31,bob evans restaurants,chocolate chunk cookie,26,g,35,mg,370,g,68,g,6,g,13,g,0,g,3,g,41,g
32,bob evans restaurants,chocolate fudge sundae,8,g,20,mg,55,g,30,g,3,g,4.5,g,0,g,1,g,21,g
33,bob evans restaurants,chocolate peanut butter pie topped with reeses slice,41,g,45,mg,420,g,74,g,7,g,20,g,0,g,3,g,56,g
34,bob evans restaurants,chocolate peanut butter pie topped with reeses whole pie,252,g,270,mg,2510,g,411,g,40,g,123,g,2,g,16,g,320,g
35,bob evans restaurants,chocolate peanut butter pie with reeses,41,g,45,mg,420,g,74,g,7,g,20,g,0,g,3,g,56,g
36,bob evans restaurants,cinnamon supreme hotcakes,26,g,5,mg,1810,g,190,g,17,g,12,g,0.5,g,5,g,72,g
37,bob evans restaurants,classic breakfast,55,g,480,mg,2650,g,65,g,35,g,25,g,1,g,2,g,4,g
38,bob evans restaurants,classic family meals bread buttermilk biscuits with butter,30,g,15,mg,1200,g,40,g,6,g,14,g,1,g,1,g,3,g
39,bob evans restaurants,classic family meals bread dinner rolls with butter,21,g,20,mg,530,g,38,g,6,g,6,g,0,g,2,g,2,g
40,bob evans restaurants,classic family meals sides baked potato,12,g,15,mg,120,g,51,g,6,g,4,g,0,g,4,g,2,g
41,bob evans restaurants,classic family meals sides bread and celery dressing,11,g,15,mg,700,g,30,g,5,g,3.5,g,0,g,1,g,4,g
42,bob evans restaurants,classic family meals sides broccoli,0,g,0,mg,20,g,4,g,2,g,0,g,0,g,0,g,0,g
43,bob evans restaurants,classic family meals sides broccoli with butter,10,g,10,mg,110,g,5,g,3,g,3,g,0,g,0,g,0,g
44,bob evans restaurants,classic family meals sides buttered corn,12,g,0,mg,320,g,21,g,3,g,3,g,0,g,2,g,3,g
45,bob evans restaurants,classic family meals sides carrots glazed,8,g,10,mg,190,g,21,g,1,g,2.5,g,0,g,4,g,16,g
46,bob evans restaurants,classic family meals sides coleslaw,27,g,20,mg,490,g,37,g,2,g,4,g,0,g,3,g,34,g
47,bob evans restaurants,classic family meals sides french fries,14,g,0,mg,480,g,47,g,0,g,2.5,g,0,g,4,g,0,g
48,bob evans restaurants,classic family meals sides golden brown home fries,17,g,0,mg,770,g,27,g,3,g,2.5,g,1,g,3,g,2,g
49,bob evans restaurants,classic family meals sides green beans with ham,1.5,g,5,mg,560,g,4,g,2,g,0.5,g,0,g,2,g,0,g
50,bob evans restaurants,classic family meals sides hash browns,7,g,0,mg,2690,g,29,g,3,g,1.5,g,1.5,g,4,g,1,g
51,bob evans restaurants,classic family meals sides macaroni and cheese,12,g,25,mg,910,g,25,g,11,g,5,g,0,g,2,g,4,g
52,bob evans restaurants,classic family meals sides mashed potatoes and chicken gravy,19,g,45,mg,1100,g,28,g,5,g,10,g,0.5,g,3,g,3,g
53,bob evans restaurants,classic family meals sides seasonal fruit,0,g,0,mg,10,g,18,g,1,g,0,g,0,g,1,g,16,g
54,bob evans restaurants,coconut cream pie,35,g,5,mg,440,g,62,g,5,g,26,g,0,g,1,g,39,g
55,bob evans restaurants,coconut cream pie slice,35,g,5,mg,440,g,62,g,5,g,26,g,0,g,1,g,39,g
56,bob evans restaurants,coconut cream pie whole pie,210,g,15,mg,2630,g,375,g,27,g,154,g,2,g,7,g,234,g
57,bob evans restaurants,country biscuit breakfast,36,g,80,mg,1340,g,29,g,22,g,17,g,0,g,1,g,2,g
58,bob evans restaurants,country cobb salad,54,g,225,mg,1370,g,10,g,32,g,14,g,0.5,g,3,g,6,g
59,bob evans restaurants,country fried steak and farm fresh eggs,33,g,55,mg,930,g,38,g,20,g,10,g,0.5,g,4,g,1,g
60,bob evans restaurants,cranberry pecan chicken,10,g,65,mg,680,g,20,g,25,g,4,g,0,g,4,g,13,g
61,bob evans restaurants,cranberry pecan chicken salad,22,g,50,mg,1350,g,29,g,20,g,8,g,0,g,3,g,21,g
62,bob evans restaurants,craveable classics homestyle fried chicken tenders,36,g,105,mg,1260,g,46,g,34,g,13,g,0,g,3,g,0,g
63,bob evans restaurants,cup of grits topping bacon,7,g,20,mg,370,g,1,g,6,g,2,g,0,g,0,g,0,g
64,bob evans restaurants,cup of grits topping cheddar cheese,10,g,30,mg,180,g,1,g,7,g,5,g,0,g,0,g,1,g
65,bob evans restaurants,cup of grits topping green onions,0.5,g,0,mg,0,g,1,g,1,g,0,g,0,g,1,g,1,g
66,bob evans restaurants,cup of grits topping sour cream,3,g,10,mg,10,g,1,g,1,g,2,g,0,g,0,g,1,g
67,bob evans restaurants,decaf coffee,0,g,0,mg,10,g,0,g,1,g,0,g,0,g,0,g,0,g
68,bob evans restaurants,desserts bakery cherry pie with whipped topping slice,32,g,0,mg,420,g,75,g,4,g,18,g,0,g,2,g,41,g
69,bob evans restaurants,desserts bakery cherry pie with whipped topping whole pie,193,g,0,mg,2510,g,452,g,24,g,106,g,1.5,g,12,g,246,g
70,bob evans restaurants,desserts bakery cherry pie slice,24,g,0,mg,410,g,66,g,3,g,10,g,0,g,2,g,32,g
71,bob evans restaurants,desserts bakery cherry pie whole pie,142,g,0,mg,2480,g,398,g,20,g,60,g,1,g,11,g,194,g
72,bob evans restaurants,desserts banana nut bread 2 slices,22,g,15,mg,540,g,37,g,5,g,5,g,0,g,2,g,31,g
73,bob evans restaurants,desserts biscuits 2 with butter,31,g,10,mg,1530,g,53,g,7,g,16,g,1,g,1,g,3,g
74,bob evans restaurants,desserts caramel sundae,7,g,20,mg,135,g,31,g,3,g,4.5,g,0,g,0,g,12,g
75,bob evans restaurants,desserts chocolate chunk cookie,26,g,35,mg,370,g,68,g,6,g,13,g,0,g,3,g,41,g
76,bob evans restaurants,desserts chocolate fudge sundae,8,g,20,mg,55,g,30,g,3,g,4.5,g,0,g,1,g,21,g
77,bob evans restaurants,desserts chocolate peanut butter pie slice,41,g,45,mg,420,g,74,g,7,g,20,g,0,g,3,g,56,g
78,bob evans restaurants,desserts chocolate peanut butter pie whole pie,252,g,270,mg,2510,g,411,g,40,g,123,g,2,g,16,g,320,g
79,bob evans restaurants,desserts cinnabiscuits,21,g,5,mg,1450,g,124,g,8,g,13,g,0,g,2,g,74,g
80,bob evans restaurants,desserts cinnamon pull apart,35,g,10,mg,570,g,135,g,10,g,13,g,0,g,54,g,65,g
81,bob evans restaurants,desserts coconut cream pie slice,38,g,20,mg,410,g,64,g,4,g,28,g,0,g,1,g,44,g
82,bob evans restaurants,desserts coconut cream pie whole pie,225,g,115,mg,2490,g,381,g,22,g,168,g,2.5,g,9,g,265,g
83,bob evans restaurants,desserts dinner rolls 2 with butter,17,g,10,mg,610,g,50,g,8,g,5,g,0,g,3,g,3,g
84,bob evans restaurants,desserts double crust apple pie slice,24,g,0,mg,410,g,77,g,3,g,10,g,0,g,3,g,47,g
85,bob evans restaurants,desserts double crust apple pie whole pie,141,g,0,mg,2490,g,410,g,16,g,60,g,1.5,g,16,g,231,g
86,bob evans restaurants,diet pepsi,0,g,0,mg,40,g,0,g,0,g,0,g,0,g,0,g,0,g
87,bob evans restaurants,dinner rolls with butter,11,g,10,mg,370,g,30,g,5,g,3,g,0,g,2,g,2,g
88,bob evans restaurants,dinner rolls two rolls with butter,17,g,10,mg,610,g,50,g,8,g,5,g,0,g,3,g,3,g
89,bob evans restaurants,dinner side choice hashbrowns,12,g,0,mg,160,g,28,g,2,g,2,g,1.5,g,3,g,1,g
90,bob evans restaurants,dinner side choice homefries,17,g,0,mg,690,g,24,g,3,g,2.5,g,0.5,g,1,g,2,g
91,bob evans restaurants,dinner sides baked potato,12,g,15,mg,120,g,51,g,6,g,4,g,0,g,4,g,2,g
92,bob evans restaurants,dinner sides bob evans signature coleslaw,14,g,10,mg,250,g,19,g,1,g,2,g,0,g,2,g,17,g
93,bob evans restaurants,dinner sides bread and celery dressing,15,g,20,mg,1000,g,42,g,7,g,5,g,0,g,2,g,6,g
94,bob evans restaurants,dinner sides broccoli,10,g,10,mg,110,g,5,g,3,g,3,g,0,g,0,g,0,g
95,bob evans restaurants,dinner sides carrots,4.5,g,5,mg,115,g,13,g,1,g,1.5,g,0,g,3,g,10,g
96,bob evans restaurants,dinner sides corn,10,g,10,mg,90,g,20,g,3,g,30,g,0,g,2,g,2,g
97,bob evans restaurants,dinner sides french fries,14,g,0,mg,480,g,47,g,0,g,2.5,g,0,g,4,g,0,g
98,bob evans restaurants,dinner sides green beans with ham,1.5,g,5,mg,460,g,4,g,2,g,0,g,0,g,2,g,0,g
99,bob evans restaurants,dinner sides load your side,20,g,55,mg,560,g,2,g,13,g,10,g,0,g,0,g,1,g
100,bob evans restaurants,dinner sides macaroni and cheese,12,g,25,mg,910,g,25,g,11,g,5,g,0,g,2,g,4,g
101,bob evans restaurants,dinner sides mashed potatoes and chicken gravy,14,g,30,mg,830,g,19,g,3,g,7,g,0,g,2,g,2,g
102,bob evans restaurants,dinner sides mashed potatoes and country gravy,10,g,25,mg,560,g,17,g,3,g,6,g,0,g,2,g,2,g
103,bob evans restaurants,double bacon cheeseburger includes french fries,61,g,185,mg,1670,g,81,g,49,g,20,g,2.5,g,7,g,4,g
104,bob evans restaurants,double blueberry hotcakes,23,g,0,mg,1900,g,203,g,17,g,10,g,0,g,6,g,78,g
105,bob evans restaurants,double chocolate hotcakes,27,g,0,mg,1820,g,199,g,18,g,13,g,0,g,6,g,74,g
106,bob evans restaurants,double crust apple pie,24,g,0,mg,410,g,77,g,3,g,10,g,0,g,3,g,47,g
107,bob evans restaurants,double steakhouse burger includes french fries,78,g,235,mg,2270,g,88,g,65,g,26,g,4.5,g,7,g,8,g
108,bob evans restaurants,double crust apple pie slice,24,g,0,mg,410,g,77,g,3,g,10,g,0,g,3,g,47,g
109,bob evans restaurants,double crust apple pie whole pie,141,g,0,mg,2490,g,410,g,16,g,60,g,1.5,g,16,g,231,g
110,bob evans restaurants,down home country fried steak,34,g,55,mg,970,g,39,g,21,g,11,g,1,g,4,g,0,g
111,bob evans restaurants,dressing blue cheese large,30,g,30,mg,440,g,4,g,2,g,6,g,0,g,0,g,2,g
112,bob evans restaurants,dressing blue cheese small,15,g,15,mg,220,g,2,g,1,g,3,g,0,g,0,g,1,g
113,bob evans restaurants,dressing buttermilk ranch large,21,g,20,mg,420,g,2,g,0,g,4,g,0,g,0,g,2,g
114,bob evans restaurants,dressing buttermilk ranch small,10,g,10,mg,210,g,1,g,0,g,2,g,0,g,0,g,1,g
115,bob evans restaurants,dressing colonial large,27,g,0,mg,260,g,15,g,0,g,4.5,g,0,g,0,g,15,g
116,bob evans restaurants,dressing colonial small,14,g,0,mg,130,g,8,g,0,g,2,g,0,g,0,g,8,g
117,bob evans restaurants,dressing french large,26,g,10,mg,330,g,12,g,0,g,4,g,0.5,g,0,g,12,g
118,bob evans restaurants,dressing french small,13,g,5,mg,170,g,6,g,0,g,2,g,0,g,0,g,6,g
119,bob evans restaurants,dressing italian large,14,g,0,mg,580,g,4,g,1,g,2.5,g,0,g,0,g,3,g
120,bob evans restaurants,dressing italian small,7,g,0,mg,290,g,2,g,0,g,1.5,g,0,g,0,g,1,g
121,bob evans restaurants,dressing wildfire ranch large,12,g,10,mg,410,g,12,g,1,g,2,g,0,g,0,g,8,g
122,bob evans restaurants,dressing wildfire ranch small,6,g,5,mg,200,g,6,g,0,g,1,g,0,g,0,g,4,g
123,bob evans restaurants,family meals side choice homefries,17,g,0,mg,690,g,24,g,3,g,2.5,g,0.5,g,2,g,2,g
124,bob evans restaurants,family meals banana nut bread two slices,22,g,15,mg,540,g,37,g,5,g,5,g,0,g,2,g,31,g
125,bob evans restaurants,family meals buttermilk biscuits two slices with butter,31,g,10,mg,1530,g,53,g,7,g,16,g,1,g,1,g,3,g
126,bob evans restaurants,family meals chocolate chunk cookie,26,g,35,mg,370,g,68,g,6,g,13,g,0,g,3,g,41,g
127,bob evans restaurants,family meals coffee,0,g,0,mg,10,g,0,g,1,g,0,g,0,g,0,g,0,g
128,bob evans restaurants,family meals decaf coffee,0,g,0,mg,10,g,0,g,1,g,0,g,0,g,0,g,0,g
129,bob evans restaurants,family meals diet pepsi,0,g,0,mg,40,g,0,g,0,g,0,g,0,g,0,g,0,g
130,bob evans restaurants,family meals freshly brewed iced tea peach,0,g,0,mg,10,g,39,g,0,g,0,g,0,g,1,g,36,g
131,bob evans restaurants,family meals freshly brewed iced tea sweet,0,g,0,mg,10,g,20,g,0,g,0,g,0,g,1,g,18,g
132,bob evans restaurants,family meals freshly brewed iced tea unsweetened,0,g,0,mg,10,g,2,g,0,g,0,g,0,g,1,g,0,g
133,bob evans restaurants,family meals homestyle fried chicken tenders,36,g,105,mg,1260,g,46,g,34,g,13,g,0,g,3,g,0,g
134,bob evans restaurants,family meals hot chocolate,9,g,0,mg,300,g,55,g,4,g,7,g,0,g,2,g,44,g
135,bob evans restaurants,family meals hot tea,0,g,0,mg,10,g,1,g,0,g,0,g,0,g,0,g,0,g
136,bob evans restaurants,family meals lemonade,0,g,0,mg,15,g,25,g,0,g,0,g,0,g,0,g,21,g
137,bob evans restaurants,family meals mist twist,0,g,0,mg,20,g,27,g,0,g,0,g,0,g,0,g,27,g
138,bob evans restaurants,family meals mountain dew,0,g,0,mg,35,g,29,g,0,g,0,g,0,g,0,g,29,g
139,bob evans restaurants,family meals mug root beer,0,g,0,mg,30,g,26,g,0,g,0,g,0,g,0,g,26,g
140,bob evans restaurants,family meals orange juice,0,g,0,mg,20,g,39,g,0,g,0,g,0,g,0,g,38,g
141,bob evans restaurants,family meals pepsi cola,0,g,0,mg,20,g,28,g,0,g,0,g,0,g,0,g,28,g
142,bob evans restaurants,family meals strawberry lemonade,0,g,0,mg,15,g,30,g,0,g,0,g,0,g,1,g,27,g
143,bob evans restaurants,family meals wild cherry pepsi,0,g,0,mg,20,g,28,g,0,g,0,g,0,g,0,g,28,g
144,bob evans restaurants,family meals wildfire chicken salad,10,g,15,mg,460,g,32,g,7,g,4,g,0,g,4,g,16,g
145,bob evans restaurants,family fork tender pot roast,62,g,145,mg,2340,g,62,g,38,g,21,g,1.5,g,11,g,25,g
146,bob evans restaurants,farmers choice breakfast griddle choice hotcakes w butter and syrup,28,g,10,mg,1910,g,209,g,17,g,9,g,0.5,g,4,g,39,g
147,bob evans restaurants,farmhouse chicken sandwich includes french friesadd choice of chicken,50,g,90,mg,1990,g,87,g,20,g,14,g,2,g,7,g,9,g
148,bob evans restaurants,farmhouse garden salad no dressing,12,g,30,mg,340,g,12,g,10,g,6,g,0,g,3,g,3,g
149,bob evans restaurants,farmhouse garden side,7,g,15,mg,290,g,15,g,7,g,3.5,g,0,g,4,g,3,g
150,bob evans restaurants,farmhouse sides baked potato,12,g,15,mg,120,g,51,g,6,g,4,g,0,g,4,g,2,g
151,bob evans restaurants,farmhouse sides bob evans signature coleslaw,14,g,10,mg,250,g,19,g,1,g,2,g,0,g,2,g,17,g
152,bob evans restaurants,farmhouse sides bread and celery dressing,15,g,20,mg,1000,g,42,g,7,g,5,g,0,g,2,g,6,g
153,bob evans restaurants,farmhouse sides broccoli,10,g,10,mg,110,g,5,g,3,g,3,g,0,g,0,g,0,g
154,bob evans restaurants,farmhouse sides carrots,4.5,g,5,mg,115,g,13,g,1,g,1.5,g,0,g,3,g,10,g
155,bob evans restaurants,farmhouse sides french fries,14,g,0,mg,480,g,47,g,0,g,2.5,g,0,g,4,g,0,g
156,bob evans restaurants,farmhouse sides green beans with ham,1.5,g,5,mg,460,g,4,g,2,g,0,g,0,g,2,g,0,g
157,bob evans restaurants,farmhouse sides macaroni and cheese,12,g,25,mg,910,g,25,g,11,g,5,g,0,g,2,g,4,g
158,bob evans restaurants,farmhouse sides mashed potatoes and chicken gravy,14,g,30,mg,830,g,19,g,3,g,7,g,0,g,2,g,2,g
159,bob evans restaurants,farmhouse sides mashed potatoes and country gravy,10,g,25,mg,560,g,17,g,3,g,6,g,0,g,2,g,2,g
160,bob evans restaurants,fork tender pot roast,16,g,50,mg,540,g,17,g,14,g,6,g,0.5,g,4,g,11,g
161,bob evans restaurants,fork tender pot roast smaller portion,44,g,85,mg,1390,g,37,g,20,g,14,g,1,g,6,g,13,g
162,bob evans restaurants,freshly brewed iced tea sweet,0,g,0,mg,10,g,20,g,0,g,0,g,0,g,1,g,18,g
163,bob evans restaurants,freshly brewed iced tea unsweetened,0,g,0,mg,10,g,2,g,0,g,0,g,0,g,1,g,0,g
164,bob evans restaurants,freshly brewed peach iced tea,0,g,0,mg,10,g,39,g,0,g,0,g,0,g,1,g,36,g
165,bob evans restaurants,golden fried shrimp,2.5,g,110,mg,1890,g,65,g,18,g,0,g,0,g,3,g,8,g
166,bob evans restaurants,great alaskan cod,39,g,110,mg,1050,g,39,g,32,g,7,g,0,g,4,g,2,g
167,bob evans restaurants,green beans with ham,1.5,g,5,mg,450,g,4,g,2,g,0,g,0,g,1,g,0,g
168,bob evans restaurants,grilled cheese and soup,22,g,50,mg,1200,g,43,g,13,g,10,g,2,g,3,g,14,g
169,bob evans restaurants,grilled cheese triangles,15,g,30,mg,770,g,40,g,10,g,7,g,1.5,g,2,g,16,g
170,bob evans restaurants,grilled chicken,6,g,50,mg,630,g,52,g,27,g,1.5,g,0,g,1,g,23,g
171,bob evans restaurants,grilled chicken breasts,7,g,145,mg,1070,g,0,g,54,g,2,g,0,g,0,g,0,g
172,bob evans restaurants,grilled chicken dinner,4.5,g,95,mg,720,g,0,g,36,g,1.5,g,0,g,0,g,0,g
173,bob evans restaurants,grilled to perfection chicken,9,g,190,mg,1430,g,0,g,72,g,3,g,0,g,0,g,0,g
174,bob evans restaurants,half sandwich combo 1 2 slow roasted pot roast,21,g,70,mg,1100,g,29,g,23,g,9,g,2,g,3,g,4,g
175,bob evans restaurants,half sandwich combo 1 2 slow roasted turkey bacon melt,16,g,50,mg,1080,g,23,g,21,g,6,g,1,g,2,g,1,g
176,bob evans restaurants,half sandwich combo cheddar baked potato includes 2 saltine crackers,12,g,35,mg,900,g,16,g,9,g,6,g,0,g,1,g,2,g
177,bob evans restaurants,half sandwich combo chicken n noodles includes 2 saltine crackers,7,g,30,mg,560,g,13,g,7,g,1.5,g,1,g,1,g,1,g
178,bob evans restaurants,half sandwich combo farmhouse garden side salad no dressing,4.5,g,10,mg,180,g,13,g,6,g,2,g,0,g,5,g,3,g
179,bob evans restaurants,half sandwich combo hearty beef vegetable includes 2 saltine crackers,2.5,g,15,mg,620,g,18,g,7,g,0.5,g,0,g,2,g,4,g
180,bob evans restaurants,ham biscuit benedict,23,g,50,mg,1740,g,43,g,16,g,13,g,0.5,g,2,g,16,g
181,bob evans restaurants,heartland chicken pot pie,87,g,175,mg,2390,g,106,g,51,g,30,g,0.5,g,7,g,24,g
182,bob evans restaurants,hearty beef vegetable,3.5,g,15,mg,720,g,24,g,8,g,1,g,0,g,3,g,4,g
183,bob evans restaurants,herb corn,12,g,0,mg,320,g,25,g,4,g,3,g,0,g,3,g,3,g
184,bob evans restaurants,herb rubbed turkey and dressing,15,g,70,mg,1300,g,37,g,28,g,4.5,g,0,g,1,g,18,g
185,bob evans restaurants,herb rubbed turkey and dressing smaller portion,32,g,80,mg,2250,g,67,g,23,g,13,g,0.5,g,3,g,18,g
186,bob evans restaurants,homestead breakfast,16,g,20,mg,820,g,14,g,8,g,9,g,0,g,0,g,2,g
187,bob evans restaurants,homestead breakfast gravy only,16,g,20,mg,820,g,14,g,8,g,9,g,0,g,0,g,2,g
188,bob evans restaurants,homestyle boneless fried chicken breast,30,g,0,mg,1400,g,41,g,33,g,6,g,0,g,4,g,0,g
189,bob evans restaurants,homestyle fried chicken tender platter,30,g,85,mg,1050,g,38,g,28,g,11,g,0,g,3,g,0,g
190,bob evans restaurants,homestyle fried chicken tenders,38,g,70,mg,1320,g,78,g,22,g,11,g,0,g,7,g,0,g
191,bob evans restaurants,homestyle fried chicken tenders sauce choice barbeque sauce,0,g,0,mg,220,g,13,g,0,g,0,g,0,g,0,g,5,g
192,bob evans restaurants,homestyle fried chicken tenders sauce choice honey mustard,11,g,10,mg,150,g,5,g,0,g,1.5,g,0,g,0,g,5,g
193,bob evans restaurants,homestyle fried chicken tenders sauce choice ranch,10,g,10,mg,210,g,1,g,0,g,2,g,0,g,0,g,1,g
194,bob evans restaurants,homestyle fried chicken tenders sauce bob evans wildfire,0,g,0,mg,220,g,13,g,0,g,0,g,0,g,0,g,5,g
195,bob evans restaurants,homestyle fried chicken tenders sauce buffalo,6,g,5,mg,700,g,1,g,0,g,1,g,0,g,0,g,0,g
196,bob evans restaurants,homestyle fried chicken tenders sauce honey mustard,11,g,10,mg,150,g,5,g,0,g,1.5,g,0,g,0,g,5,g
197,bob evans restaurants,homestyle fried chicken tenders sauce ranch,10,g,10,mg,210,g,1,g,0,g,2,g,0,g,0,g,1,g
198,bob evans restaurants,homestyle fried or grilled chicken mashed potatoes only,14,g,30,mg,830,g,19,g,3,g,7,g,0,g,2,g,2,g
199,bob evans restaurants,homestyle fried or grilled chicken grilled chicken,4.5,g,95,mg,720,g,0,g,36,g,1.5,g,0,g,0,g,0,g
200,bob evans restaurants,homestyle fried or grilled chicken homestyle fried chicken,15,g,0,mg,700,g,20,g,17,g,3,g,0,g,2,g,0,g
201,bob evans restaurants,hot chocolate,9,g,0,mg,300,g,55,g,4,g,7,g,0,g,2,g,44,g
202,bob evans restaurants,hot tea,0,g,0,mg,10,g,1,g,0,g,0,g,0,g,0,g,0,g
203,bob evans restaurants,im smiling sundae,12,g,20,mg,105,g,40,g,5,g,6,g,0,g,1,g,30,g
204,bob evans restaurants,kids menu baked potato,12,g,15,mg,120,g,51,g,6,g,4,g,0,g,4,g,2,g
205,bob evans restaurants,kids menu caramel sundae,7,g,20,mg,135,g,31,g,3,g,4.5,g,0,g,0,g,12,g
206,bob evans restaurants,kids menu chocolate chunk cookie,26,g,35,mg,370,g,68,g,6,g,13,g,0,g,3,g,41,g
207,bob evans restaurants,kids menu french fries,14,g,0,mg,480,g,47,g,0,g,2.5,g,0,g,4,g,0,g
208,bob evans restaurants,kids menu fresh steamed broccoli,0,g,0,mg,25,g,5,g,3,g,0,g,0,g,0,g,0,g
209,bob evans restaurants,kids menu garden salad no dressing,4.5,g,10,mg,180,g,13,g,6,g,2,g,0,g,5,g,3,g
210,bob evans restaurants,kids menu green beans and ham,1.5,g,5,mg,460,g,4,g,2,g,0,g,0,g,2,g,0,g
211,bob evans restaurants,kids menu mashed potatoes and chicken gravy,14,g,30,mg,830,g,19,g,3,g,7,g,0,g,2,g,2,g
212,bob evans restaurants,kids menu mashed potatoes and country gravy,10,g,25,mg,560,g,17,g,3,g,6,g,0,g,2,g,2,g
213,bob evans restaurants,lemonade,0,g,0,mg,15,g,25,g,0,g,0,g,0,g,0,g,21,g
214,bob evans restaurants,lil farmers breakfast,26,g,210,mg,1010,g,78,g,13,g,6,g,0,g,2,g,11,g
215,bob evans restaurants,lil farmers breakfast meat choice bacon,12,g,10,mg,0,g,0,g,1,g,4,g,0,g,0,g,0,g
216,bob evans restaurants,lil farmers breakfast meat choice sausage link,4,g,10,mg,200,g,1,g,4,g,1,g,0.5,g,0,g,0,g
217,bob evans restaurants,little piggy hotcakes,13,g,10,mg,1020,g,107,g,11,g,5,g,0,g,3,g,23,g
218,bob evans restaurants,load your side with bacon,7,g,20,mg,370,g,1,g,6,g,2,g,0,g,0,g,0,g
219,bob evans restaurants,load your side with cheddar cheese,10,g,30,mg,180,g,1,g,7,g,5,g,0,g,0,g,1,g
220,bob evans restaurants,load your side with green onions,0.5,g,0,mg,0,g,1,g,1,g,0,g,0,g,1,g,1,g
221,bob evans restaurants,load your side with sour cream,3,g,10,mg,10,g,1,g,1,g,2,g,0,g,0,g,1,g
222,bob evans restaurants,mac and cheese,12,g,25,mg,940,g,31,g,14,g,5,g,0,g,2,g,4,g
223,bob evans restaurants,macaroni and cheese,9,g,20,mg,680,g,19,g,8,g,4,g,0,g,1,g,3,g
224,bob evans restaurants,make it a three course meal caramel sundae,6,g,20,mg,135,g,30,g,3,g,3,g,0,g,0,g,10,g
225,bob evans restaurants,make it a three course meal cheddar baked potato includes 2 saltine crackers,12,g,35,mg,900,g,16,g,9,g,6,g,0,g,1,g,2,g
226,bob evans restaurants,make it a three course meal chicken n noodles includes 2 saltine crackers,7,g,30,mg,560,g,13,g,7,g,1.5,g,1,g,1,g,1,g
227,bob evans restaurants,make it a three course meal chocolate chunk cookies,26,g,35,mg,370,g,68,g,6,g,13,g,0,g,3,g,41,g
228,bob evans restaurants,make it a three course meal chocolate sundae,8,g,20,mg,55,g,30,g,3,g,4.5,g,0,g,1,g,21,g
229,bob evans restaurants,make it a three course meal farmhouse garden side salad no dressing,4.5,g,10,mg,180,g,13,g,6,g,2,g,0,g,5,g,3,g
230,bob evans restaurants,make it a three course meal fruit dish,0,g,0,mg,5,g,14,g,1,g,0,g,0,g,1,g,12,g
231,bob evans restaurants,make it a three course meal hearty beef vegetable includes 2 saltine crackers,2.5,g,15,mg,620,g,18,g,7,g,0.5,g,0,g,2,g,4,g
232,bob evans restaurants,mashed potatoes and chicken gravy,16,g,35,mg,990,g,20,g,4,g,8,g,0,g,2,g,2,g
233,bob evans restaurants,meatloaf,10,g,40,mg,400,g,18,g,9,g,3.5,g,0,g,1,g,6,g
234,bob evans restaurants,milk 1 chocolate regular,4.5,g,15,mg,280,g,57,g,15,g,3,g,0,g,2,g,45,g
235,bob evans restaurants,milk 1 chocolate small,2.5,g,5,mg,140,g,30,g,8,g,1.5,g,0,g,1,g,23,g
236,bob evans restaurants,milk 2 white regular,9,g,35,mg,210,g,21,g,14,g,6,g,0,g,0,g,22,g
237,bob evans restaurants,milk 2 white small,4.5,g,20,mg,105,g,11,g,7,g,3,g,0,g,0,g,11,g
238,bob evans restaurants,mini blueberry hotcakes with syrup and butter,16,g,15,mg,580,g,77,g,4,g,5,g,0,g,2,g,12,g
239,bob evans restaurants,mini buttermilk hotcakes with syrup and butter,16,g,15,mg,570,g,74,g,4,g,5,g,0,g,1,g,10,g
240,bob evans restaurants,mini cinnamon hotcakes with syrup and butter,17,g,15,mg,580,g,78,g,4,g,6,g,0,g,1,g,13,g
241,bob evans restaurants,mist twist,0,g,0,mg,20,g,27,g,0,g,0,g,0,g,0,g,27,g
242,bob evans restaurants,mountain dew,0,g,0,mg,35,g,29,g,0,g,0,g,0,g,0,g,29,g
243,bob evans restaurants,mug root beer,0,g,0,mg,30,g,26,g,0,g,0,g,0,g,0,g,26,g
244,bob evans restaurants,orange juice regular,0,g,0,mg,15,g,42,g,3,g,0,g,0,g,1,g,36,g
245,bob evans restaurants,orange juice small,0,g,0,mg,10,g,24,g,2,g,0,g,0,g,1,g,20,g
246,bob evans restaurants,peanut butter chip cookie with reeses,28,g,20,mg,420,g,63,g,9,g,13,g,0,g,2,g,42,g
247,bob evans restaurants,pecans hotcakes only,9,g,0,mg,60,g,6,g,1,g,1,g,0,g,1,g,4,g
248,bob evans restaurants,pepsi cola,0,g,0,mg,20,g,28,g,0,g,0,g,0,g,0,g,28,g
249,bob evans restaurants,plenty o pancakes,39,g,0,mg,3440,g,326,g,32,g,16,g,0.5,g,8,g,79,g
250,bob evans restaurants,plenty o pancakes meat choice bacon,12,g,10,mg,0,g,0,g,1,g,4,g,0,g,0,g,0,g
251,bob evans restaurants,plenty o pancakes meat choice sausage link,4,g,10,mg,200,g,1,g,4,g,1,g,0.5,g,0,g,0,g
252,bob evans restaurants,pot roast hash,39,g,95,mg,1280,g,28,g,30,g,14,g,1.5,g,4,g,3,g
253,bob evans restaurants,quaker steel cut oatmeal topping dried cranberries,0.5,g,0,mg,0,g,12,g,1,g,0.5,g,0,g,1,g,9,g
254,bob evans restaurants,quaker steel cut oatmeal topping honey roasted pecans,0.5,g,0,mg,0,g,20,g,1,g,0.5,g,0,g,1,g,15,g
255,bob evans restaurants,quaker steel cut oatmeal bowl,4,g,5,mg,300,g,41,g,8,g,1,g,0,g,4,g,12,g
256,bob evans restaurants,quaker steel cut oatmeal cup,2.5,g,5,mg,180,g,28,g,5,g,1,g,0,g,2,g,12,g
257,bob evans restaurants,salad bread buttermilk biscuits with butter,30,g,15,mg,1200,g,40,g,6,g,14,g,1,g,1,g,3,g
258,bob evans restaurants,salad bread dinner rolls with butter,21,g,20,mg,530,g,38,g,6,g,6,g,0,g,2,g,2,g
259,bob evans restaurants,salad dressing bleu cheese,30,g,30,mg,440,g,4,g,2,g,6,g,0,g,0,g,2,g
260,bob evans restaurants,salad dressing buttermilk ranch,21,g,20,mg,420,g,2,g,0,g,4,g,0,g,0,g,2,g
261,bob evans restaurants,salad dressing colonial,27,g,0,mg,260,g,15,g,0,g,4.5,g,0,g,0,g,15,g
262,bob evans restaurants,salad dressing french,26,g,10,mg,330,g,12,g,0,g,4,g,0.5,g,0,g,12,g
263,bob evans restaurants,salad dressing wildfire ranch,12,g,10,mg,410,g,12,g,1,g,2,g,0,g,0,g,8,g
264,bob evans restaurants,sandwich grilled chicken breast choice,4,g,95,mg,7090,g,0,g,36,g,1,g,0,g,0,g,0,g
265,bob evans restaurants,sandwich homestyle fried chicken choice,14,g,40,mg,490,g,18,g,13,g,5,g,0,g,1,g,0,g
266,bob evans restaurants,sausage gravy bowl,33,g,40,mg,1660,g,29,g,17,g,19,g,0,g,0,g,4,g
267,bob evans restaurants,sausage gravy cup,16,g,20,mg,820,g,14,g,8,g,9,g,0,g,0,g,2,g
268,bob evans restaurants,sausage links,16,g,25,mg,310,g,0,g,9,g,6,g,0,g,0,g,0,g
269,bob evans restaurants,sides cornmeal mush 1,6,g,0,mg,200,g,16,g,1,g,1,g,0,g,2,g,1,g
270,bob evans restaurants,sides fresh cut fruit,0,g,0,mg,5,g,14,g,1,g,0,g,0,g,1,g,12,g
271,bob evans restaurants,sides golden brown home fries,17,g,0,mg,690,g,24,g,3,g,2.5,g,0.5,g,2,g,2,g
272,bob evans restaurants,signature breakfast,67,g,485,mg,3990,g,120,g,43,g,30,g,2.5,g,6,g,20,g
273,bob evans restaurants,sirloin steak and farm fresh eggs,20,g,100,mg,850,g,3,g,44,g,9,g,0,g,0,g,0,g
274,bob evans restaurants,slow roasted pot roast,54,g,150,mg,1880,g,50,g,39,g,20,g,1.5,g,8,g,16,g
275,bob evans restaurants,slow roasted turkey and dressing,66,g,140,mg,4830,g,147,g,50,g,21,g,1,g,5,g,33,g
276,bob evans restaurants,slow roasted pot roast includes french fries,57,g,140,mg,2570,g,104,g,45,g,21,g,3.5,g,11,g,9,g
277,bob evans restaurants,slow roasted turkey bacon melt includes french fries,46,g,100,mg,2540,g,92,g,42,g,14,g,2.5,g,7,g,3,g
278,bob evans restaurants,soup and salad combo cheddar baked potato includes 2 saltine crackers,12,g,35,mg,900,g,16,g,9,g,6,g,0,g,1,g,2,g
279,bob evans restaurants,soup and salad combo chicken n noodles includes 2 saltine crackers,7,g,30,mg,560,g,13,g,7,g,1.5,g,1,g,1,g,1,g
280,bob evans restaurants,soup and salad combo farmhouse garden side salad no dressing,4.5,g,10,mg,180,g,13,g,6,g,2,g,0,g,5,g,3,g
281,bob evans restaurants,soup and salad combo hearty beef vegetable includes 2 saltine crackers,2.5,g,15,mg,620,g,18,g,7,g,0.5,g,0,g,2,g,4,g
282,bob evans restaurants,soup and salad combo loaded baked potato,21,g,55,mg,580,g,53,g,19,g,10,g,0,g,4,g,2,g
283,bob evans restaurants,soup cheddar baked potato bowl,21,g,60,mg,1640,g,32,g,16,g,11,g,0.5,g,2,g,4,g
284,bob evans restaurants,soup cheddar baked potato cup,12,g,35,mg,900,g,16,g,9,g,6,g,0,g,1,g,2,g
285,bob evans restaurants,soup chicken n noodles bowl,15,g,60,mg,1130,g,26,g,14,g,3,g,2,g,2,g,2,g
286,bob evans restaurants,soup chicken n noodles cup,7,g,30,mg,560,g,13,g,7,g,1.5,g,1,g,1,g,1,g
287,bob evans restaurants,soup cranberry pecan chicken salad regular,51,g,135,mg,2230,g,55,g,52,g,12,g,0,g,8,g,39,g
288,bob evans restaurants,soup cranberry pecan chicken salad small,27,g,70,mg,1180,g,31,g,28,g,7,g,0,g,6,g,20,g
289,bob evans restaurants,soup hearty beef vegetable bowl,5,g,25,mg,1210,g,36,g,13,g,1.5,g,0,g,4,g,7,g
290,bob evans restaurants,soup hearty beef vegetable cup,2.5,g,15,mg,620,g,18,g,7,g,0.5,g,0,g,2,g,4,g
291,bob evans restaurants,strawberry lemonade,0,g,0,mg,15,g,30,g,0,g,0,g,0,g,1,g,27,g
292,bob evans restaurants,strawberry supreme pie,38,g,55,mg,380,g,60,g,5,g,23,g,0.5,g,3,g,38,g
293,bob evans restaurants,sunshine skillet,59,g,475,mg,1410,g,27,g,30,g,16,g,0.5,g,3,g,2,g
294,bob evans restaurants,sweet and creamy cappuccino caramel,10,g,0,mg,100,g,50,g,2,g,8,g,0,g,1,g,40,g
295,bob evans restaurants,sweet and creamy cappuccino original,10,g,0,mg,80,g,40,g,2,g,8,g,0,g,0,g,33,g
296,bob evans restaurants,sweet and creamy cappuccino vanilla,10,g,0,mg,80,g,47,g,2,g,8,g,0,g,0,g,40,g
297,bob evans restaurants,the everything breakfast,73,g,725,mg,2850,g,63,g,57,g,31,g,0,g,5,g,6,g
298,bob evans restaurants,the rise and shine bread choice dinner rolls with butter,21,g,20,mg,530,g,38,g,6,g,6,g,0,g,2,g,2,g
299,bob evans restaurants,the rise and shine meat choice buttermilk biscuits with butter,30,g,15,mg,1200,g,40,g,6,g,14,g,1,g,1,g,3,g
300,bob evans restaurants,three meat and cheese omelet,94,g,740,mg,3400,g,21,g,70,g,34,g,0.5,g,3,g,9,g
301,bob evans restaurants,tic tac toast,13,g,150,mg,510,g,77,g,14,g,5,g,0,g,1,g,14,g
302,bob evans restaurants,tomato juice regular,1.5,g,0,mg,1110,g,15,g,4,g,0,g,0,g,2,g,11,g
303,bob evans restaurants,tomato juice small,0.5,g,0,mg,560,g,8,g,2,g,0,g,0,g,1,g,6,g
304,bob evans restaurants,turkey lurkey,23,g,70,mg,1430,g,34,g,18,g,10,g,0,g,4,g,12,g
305,bob evans restaurants,turkey sausage breakfast,5,g,30,mg,750,g,26,g,20,g,1.5,g,0,g,2,g,4,g
306,bob evans restaurants,usda choice sirloin,54,g,115,mg,1320,g,17,g,47,g,16,g,2,g,3,g,6,g
307,bob evans restaurants,vanilla coffee,0,g,0,mg,10,g,15,g,1,g,0,g,0,g,0,g,15,g
308,bob evans restaurants,western omelet,50,g,635,mg,1590,g,11,g,40,g,17,g,0,g,1,g,5,g
309,bob evans restaurants,wild cherry pepsi,0,g,0,mg,20,g,28,g,0,g,0,g,0,g,0,g,28,g
310,bob evans restaurants,wildfire chicken salad,32,g,55,mg,1190,g,52,g,16,g,9,g,0,g,4,g,22,g
311,bob evans restaurants,wildfire chicken salad grilled chicken,2,g,50,mg,350,g,0,g,18,g,0.5,g,0,g,0,g,0,g
312,bob evans restaurants,wildfire chicken salad homestyle fried chicken,12,g,35,mg,420,g,15,g,11,g,4,g,0,g,1,g,0,g
313,bob evans restaurants,wildfire chicken salad regular add choice of chicken,26,g,30,mg,890,g,50,g,11,g,7,g,0,g,7,g,30,g
314,bob evans restaurants,wildfire chicken salad small add choice of chicken,13,g,15,mg,510,g,31,g,6,g,3.5,g,0,g,5,g,17,g
315,bob evans restaurants,wildfire chicken salad small grilled chicken breast,2,g,50,mg,350,g,0,g,18,g,0.5,g,0,g,0,g,0,g
316,bob evans restaurants,wildfire chicken salad small homestyle fried chicken,7,g,20,mg,240,g,9,g,7,g,3,g,0,g,1,g,0,g
317,bojangles,sweet iced tea,0,g,0,mg,0,g,48.9,g,0,g,0,g,0,g,0,g,47.5,g
318,bojangles,unsweetened iced tea,0,g,0,mg,0,g,1.4,g,0,g,0,g,0,g,0,g,0,g
319,bojangles,strawberry jelly,0,g,0,mg,5,g,9,g,0,g,0,g,0,g,0,g,6,g
320,bojangles,grape jelly,0,g,0,mg,5,g,9,g,0,g,0,g,0,g,0,g,6,g
321,bojangles,honey,0,g,0,mg,0,g,7,g,0,g,0,g,0,g,0,g,7,g
322,bojangles,mayonnaise,6,g,5,mg,60,g,1,g,0,g,1,g,0,g,0,g,1,g
323,bojangles,ketchup,0,g,0,mg,85,g,3,g,0,g,0,g,0,g,0,g,2,g
324,bojangles,margarine,2.5,g,0,mg,40,g,0,g,0,g,0.5,g,0,g,0,g,0,g
325,bojangles,half and half creamer,1,g,5,mg,10,g,1,g,0,g,0.5,g,0,g,0,g,0,g
326,bojangles,mustard,0,g,0,mg,65,g,0,g,0,g,0,g,0,g,0,g,0,g
327,bojangles,bo berry biscuit,16,g,0,mg,710,g,48,g,4,g,8,g,0,g,2,g,17,g
328,bojangles,sweet potato pie,21,g,0,mg,270,g,40,g,3,g,11,g,0,g,0,g,21,g
329,bojangles,cinnamon pecan twist,17,g,0,mg,260,g,45,g,5,g,5,g,0,g,2,g,16,g
330,bojangles,kids meal 2 piece supremes with water and apple sauce,27,g,35,mg,1460,g,70,g,20,g,9,g,0,g,5,g,15,g
331,bojangles,kids meal 2 piece homestyle tenders with apple sauce and water,29,g,35,mg,1370,g,69,g,21,g,10,g,0,g,5,g,14,g
332,bojangles,kids meal mac n cheese apple sauce and water,30,g,15,mg,1430,g,79,g,15,g,11,g,2.5,g,5,g,18,g
333,bojangles,kids meal chicken leg with apple sauce and water,24,g,50,mg,1100,g,56,g,15,g,9,g,0,g,5,g,14,g
334,bojangles,cajun filet biscuit,30,g,40,mg,1310,g,54,g,23,g,10,g,0,g,3,g,3,g
335,bojangles,chicken supreme,20,g,68,mg,1257,g,39,g,30,g,4,g,0,g,2,g,0,g
336,bojangles,plain biscuit,17,g,0,mg,830,g,37,g,5,g,8,g,0,g,2,g,3,g
337,bojangles,homestyle chicken tenders,24,g,66,mg,1083,g,38,g,32,g,5,g,0,g,2,g,0,g
338,bojangles,chicken breast,12,g,107,mg,687,g,10,g,36,g,3,g,0,g,5,g,0,g
339,bojangles,bacon egg and cheese biscuit,28,g,150,mg,1270,g,38,g,14,g,12,g,0,g,2,g,4,g
340,bojangles,sausage biscuit,35,g,30,mg,1110,g,37,g,12,g,14,g,0,g,2,g,3,g
341,bojangles,roasted chicken bites,5,g,70,mg,610,g,4,g,17,g,1.5,g,0,g,0,g,2,g
342,bojangles,country ham biscuit,24,g,55,mg,2120,g,37,g,19,g,10,g,0,g,2,g,3,g
343,bojangles,steak biscuit,38,g,25,mg,1480,g,47,g,14,g,15,g,1,g,3,g,4,g
344,bojangles,egg and cheese biscuit,24,g,140,mg,1100,g,38,g,11,g,11,g,0,g,2,g,4,g
345,bojangles,sausage and egg biscuit,38,g,160,mg,1220,g,38,g,16,g,15,g,0,g,2,g,4,g
346,bojangles,chicken wing,9,g,39,mg,257,g,7,g,8,g,2,g,0,g,1,g,0,g
347,bojangles,chicken leg,7,g,51,mg,276,g,5,g,10,g,2,g,0,g,1,g,0,g
348,bojangles,cheddar bo biscuit,20,g,10,mg,990,g,38,g,7,g,10,g,0,g,2,g,4,g
349,bojangles,chicken thigh,17,g,87,mg,510,g,10,g,17,g,4,g,0,g,1,g,0,g
350,bojangles,country ham and egg biscuit,27,g,185,mg,2230,g,38,g,23,g,11,g,0,g,2,g,4,g
351,bojangles,cajun gravy biscuit,23,g,5,mg,1490,g,48,g,10,g,9,g,0,g,2,g,4,g
352,bojangles,smoked sausage biscuit,29,g,37,mg,1480,g,41,g,14,g,12,g,0,g,3,g,3,g
353,bojangles,buttermilk ranch dressing,28,g,10,mg,220,g,2,g,1,g,4.5,g,0,g,0,g,2,g
354,bojangles,honey dijon dressing,7,g,15,mg,390,g,15,g,0,g,1,g,0,g,0,g,14,g
355,bojangles,fat free italian dressing,0,g,0,mg,700,g,5,g,0,g,0,g,0,g,0,g,3,g
356,bojangles,blue cheese dressing,24,g,20,mg,320,g,2,g,1,g,4.5,g,0,g,0,g,2,g
357,bojangles,grilled chicken salad without dressing,14,g,95,mg,730,g,11,g,32,g,7,g,0,g,5,g,6,g
358,bojangles,chicken supremes salad without dressing,25,g,75,mg,1220,g,37,g,33,g,9,g,0,g,6,g,6,g
359,bojangles,garden salad without dressing,10,g,25,mg,220,g,10,g,10,g,6,g,0,g,4,g,6,g
360,bojangles,homestyle tenders salad without dressing,28,g,75,mg,1020,g,37,g,33,g,9,g,0,g,5,g,6,g
361,bojangles,roasted chicken bites salad,20,g,165,mg,1430,g,18,g,43,g,9,g,0,g,4,g,9,g
362,bojangles,grilled chicken sandwich,22,g,75,mg,940,g,41,g,28,g,3,g,0,g,2,g,6,g
363,bojangles,pulled pork bbq sandwich,21,g,45,mg,1020,g,48,g,22,g,6,g,0,g,3,g,13,g
364,bojangles,cajun filet sandwich,32,g,55,mg,960,g,56,g,23,g,5,g,0,g,2,g,6,g
365,bojangles,grilled chicken club sandwich,30,g,95,mg,1270,g,42,g,33,g,6,g,0,g,2,g,6,g
366,bojangles,grilled chicken wrap,30,g,95,mg,1380,g,44,g,37,g,11,g,0,g,6,g,8,g
367,bojangles,cajun filet club sandwich,40,g,75,mg,1300,g,57,g,28,g,8,g,0,g,2,g,6,g
368,bojangles,cajun filet wrap,41,g,80,mg,1410,g,56,g,31,g,13,g,0,g,6,g,4,g
369,bojangles,honey mustard sauce,26,g,20,mg,400,g,14,g,0,g,4,g,0,g,0,g,12,g
370,bojangles,bbq sauce,0,g,0,mg,440,g,26,g,0,g,0,g,0,g,0,g,22,g
371,bojangles,bo speial sauce,28,g,20,mg,440,g,6,g,0,g,4,g,0,g,0,g,6,g
372,bojangles,ranch sauce,30,g,30,mg,440,g,4,g,2,g,5,g,0,g,0,g,2,g
373,bojangles,hot sauce,0,g,0,mg,120,g,0,g,0,g,0,g,0,g,0,g,0,g
374,bojangles,bo tato rounds individual,12,g,5,mg,640,g,27,g,2,g,2.5,g,0,g,3,g,0,g
375,bojangles,seasoned fries individual,15,g,5,mg,370,g,38,g,4,g,3,g,0,g,4,g,1,g
376,bojangles,dirty rice individual,5,g,5,mg,540,g,20,g,3,g,1,g,0,g,1,g,0,g
377,bojangles,bo tato rounds picnic,29,g,15,mg,1600,g,68,g,5,g,6,g,0.5,g,7,g,1,g
378,bojangles,macaroni n cheese individual,13,g,15,mg,600,g,29,g,10,g,4,g,2,g,1,g,3,g
379,bojangles,cajun pintos individual,0,g,0,mg,660,g,22,g,5,g,0,g,0,g,6,g,3,g
380,bojangles,cole slaw individual,11,g,5,mg,240,g,20,g,1,g,1.5,g,0,g,2,g,17,g
381,bojangles,mashed potatoes n cajun gravy individual,4,g,5,mg,640,g,17,g,1,g,1,g,0,g,1,g,4,g
382,bojangles,seasoned fries picnic,37,g,10,mg,900,g,92,g,9,g,7,g,1,g,10,g,1,g
383,bojangles,seasoned fries medium,21,g,5,mg,500,g,51,g,5,g,4,g,0,g,5,g,1,g
384,bojangles,green beans individual,0,g,0,mg,740,g,8,g,2,g,0,g,0,g,3,g,1,g
385,bojangles,bo tato rounds medium,17,g,10,mg,960,g,41,g,3,g,3.5,g,0,g,4,g,0,g
386,bojangles,dirty rice picnic,19,g,15,mg,2130,g,77,g,12,g,5,g,0,g,2,g,1,g
387,bojangles,picnic grits,1,g,0,mg,0,g,73,g,8,g,0,g,0,g,4,g,0,g
388,bojangles,green beans picnic,0,g,0,mg,2550,g,27,g,8,g,0,g,0,g,11,g,5,g
389,bojangles,cajun pintos picnic,1.5,g,0,mg,550,g,87,g,21,g,0,g,0,g,24,g,10,g
390,bojangles,mashed potatoes n cajun gravy picnic,9,g,10,mg,1920,g,60,g,11,g,2,g,0,g,4,g,3,g
391,bojangles,macaroni n cheese picnic,50,g,60,mg,2270,g,107,g,37,g,14,g,8,g,4,g,12,g
392,bojangles,cole slaw picnic,32,g,15,mg,730,g,60,g,3,g,5,g,0,g,6,g,51,g
393,bojangles,add american cheese,3.5,g,10,mg,190,g,1,g,2,g,2,g,0,g,0,g,0,g
394,bojangles,add egg,6,g,175,mg,160,g,0,g,6,g,1.5,g,0,g,0,g,0,g
395,bojangles,add pimento cheese,16,g,25,mg,260,g,2,g,5,g,6,g,0,g,0,g,1,g
396,bojangles,bacon egg and cheese biscuit,27,g,195,mg,1220,g,39,g,16,g,11,g,0,g,1,g,4,g
397,bojangles,bbq sauce,0,g,0,mg,450,g,25,g,0,g,0,g,0,g,1,g,21,g
398,bojangles,bos special sauce,28,g,20,mg,440,g,6,g,0,g,4.5,g,0,g,0,g,5,g
399,bojangles,bo berry biscuit,17,g,0,mg,720,g,49,g,5,g,8,g,0,g,1,g,18,g
400,bojangles,bo tato rounds medium,24,g,15,mg,880,g,40,g,3,g,7,g,1,g,3,g,0,g
401,bojangles,bo tato rounds picnic,40,g,25,mg,1470,g,67,g,5,g,12,g,2,g,4,g,0,g
402,bojangles,bo tato rounds small,16,g,10,mg,590,g,27,g,2,g,5,g,0.5,g,2,g,0,g
403,bojangles,bojangles cajun pintos individual,0.5,g,0,mg,850,g,24,g,7,g,0,g,0,g,7,g,5,g
404,bojangles,bojangles cajun pintos picnic,2,g,0,mg,2810,g,81,g,22,g,0,g,0,g,23,g,16,g
405,bojangles,bojangles dirty rice individual,6,g,10,mg,680,g,23,g,5,g,1.5,g,0,g,0,g,1,g
406,bojangles,bojangles dirty rice picnic,18,g,30,mg,2130,g,74,g,15,g,5,g,0,g,0,g,2,g
407,bojangles,cajun filet biscuit,27,g,50,mg,1720,g,57,g,23,g,9,g,0,g,1,g,4,g
408,bojangles,cajun filet biscuit with pimento cheese,43,g,75,mg,1980,g,59,g,28,g,15,g,0,g,1,g,4,g
409,bojangles,cajun filet club sandwich,46,g,80,mg,1710,g,56,g,27,g,11,g,1,g,1,g,7,g
410,bojangles,cajun filet sandwich,40,g,60,mg,1430,g,55,g,23,g,7,g,0.5,g,1,g,6,g
411,bojangles,cheerwine 16 oz,0,g,0,mg,35,g,56,g,0,g,0,g,0,g,0,g,56,g
412,bojangles,cheerwine 22 oz,0,g,0,mg,45,g,77,g,0,g,0,g,0,g,0,g,77,g
413,bojangles,cheerwine 32 oz,0,g,0,mg,70,g,112,g,0,g,0,g,0,g,0,g,112,g
414,bojangles,chicken breast,29,g,130,mg,580,g,24,g,41,g,10,g,1,g,1,g,0,g
415,bojangles,chicken leg,13,g,55,mg,370,g,8,g,10,g,4.5,g,0,g,0,g,0,g
416,bojangles,chicken rice bowl without biscuit,27,g,140,mg,3550,g,86,g,48,g,10,g,0,g,12,g,11,g
417,bojangles,chicken supremes salad,28,g,100,mg,870,g,28,g,31,g,10,g,0.5,g,1,g,2,g
418,bojangles,chicken thigh,10,g,100,mg,600,g,14,g,21,g,3.5,g,0,g,1,g,0,g
419,bojangles,cinnamon biscuit,27,g,0,mg,910,g,57,g,6,g,8,g,0,g,1,g,21,g
420,bojangles,cinnamon twist,24,g,0,mg,300,g,38,g,3,g,7,g,0,g,1,g,15,g
421,bojangles,coffee 16 oz,0,g,0,mg,10,g,0,g,1,g,0,g,0,g,0,g,0,g
422,bojangles,coffee 20 oz,0,g,0,mg,10,g,0,g,1,g,0,g,0,g,0,g,0,g
423,bojangles,cole slaw individual,11,g,5,mg,240,g,20,g,1,g,1.5,g,0,g,2,g,17,g
424,bojangles,cole slaw picnic,35,g,15,mg,810,g,65,g,4,g,6,g,0,g,6,g,55,g
425,bojangles,country ham and egg biscuit,25,g,205,mg,1730,g,38,g,20,g,9,g,0,g,1,g,4,g
426,bojangles,country ham biscuit,20,g,35,mg,1570,g,38,g,14,g,8,g,0,g,1,g,4,g
427,bojangles,diet mountain dew 16 oz,0,g,0,mg,80,g,0,g,0,g,0,g,0,g,0,g,0,g
428,bojangles,diet mountain dew 22 oz,0,g,0,mg,110,g,0,g,0,g,0,g,0,g,0,g,0,g
429,bojangles,diet mountain dew 32 oz,0,g,0,mg,160,g,0,g,0,g,0,g,0,g,0,g,0,g
430,bojangles,diet pepsi 16 oz,0,g,0,mg,80,g,0,g,0,g,0,g,0,g,0,g,0,g
431,bojangles,diet pepsi 22 oz,0,g,0,mg,110,g,0,g,0,g,0,g,0,g,0,g,0,g
432,bojangles,diet pepsi 32 oz,0,g,0,mg,160,g,0,g,0,g,0,g,0,g,0,g,0,g
433,bojangles,dr pepper 16 oz,0,g,0,mg,60,g,52,g,0,g,0,g,0,g,0,g,51,g
434,bojangles,dr pepper 22 oz,0,g,0,mg,80,g,72,g,0,g,0,g,0,g,0,g,70,g
435,bojangles,dr pepper 32 oz,0,g,0,mg,115,g,104,g,0,g,0,g,0,g,0,g,102,g
436,bojangles,garden salad,9,g,25,mg,180,g,3,g,7,g,5,g,0,g,1,g,2,g
437,bojangles,gravy biscuit,21,g,15,mg,1480,g,49,g,11,g,8,g,0,g,1,g,8,g
438,bojangles,green beans individual,0,g,0,mg,500,g,5,g,1,g,0,g,0,g,2,g,2,g
439,bojangles,green beans picnic,0.5,g,0,mg,1580,g,15,g,4,g,0,g,0,g,5,g,7,g
440,bojangles,grilled chicken club sandwich,40,g,105,mg,1630,g,37,g,33,g,9,g,0.5,g,1,g,7,g
441,bojangles,grilled chicken salad,14,g,95,mg,1020,g,4,g,31,g,6,g,0,g,1,g,2,g
442,bojangles,grilled chicken sandwich,33,g,85,mg,1350,g,36,g,29,g,6,g,0,g,1,g,6,g
443,bojangles,grits individual,0,g,0,mg,5,g,21,g,2,g,0,g,0,g,1,g,0,g
444,bojangles,grits picnic,1,g,0,mg,15,g,62,g,6,g,0,g,0,g,4,g,0,g
445,bojangles,half gallon sweet tea,0,g,0,mg,0,g,181,g,0,g,0,g,0,g,0,g,175,g
446,bojangles,half gallon unsweetened tea,0,g,0,mg,0,g,6,g,0,g,0,g,0,g,0,g,0,g
447,bojangles,homestyle tenders salad,26,g,85,mg,1020,g,32,g,30,g,10,g,0.5,g,2,g,3,g
448,bojangles,honey mustard sauce,25,g,15,mg,410,g,13,g,1,g,4,g,0,g,0,g,12,g
449,bojangles,kens blue cheese dressing,24,g,20,mg,320,g,2,g,1,g,4.5,g,0,g,0,g,2,g
450,bojangles,kens buttermilk ranch dressing,20,g,15,mg,280,g,2,g,1,g,3,g,0,g,0,g,1,g
451,bojangles,kens fat free italian dressing,0,g,0,mg,700,g,5,g,0,g,0,g,0,g,1,g,3,g
452,bojangles,kens honey dijon dressing,7,g,15,mg,390,g,14,g,0,g,1,g,0,g,0,g,14,g
453,bojangles,kids 2 piece homestyle tenders,27,g,40,mg,1850,g,61,g,22,g,10,g,0,g,3,g,7,g
454,bojangles,kids 2 piece supremes,28,g,50,mg,1740,g,59,g,23,g,10,g,0,g,2,g,6,g
455,bojangles,kids chicken leg,29,g,55,mg,1650,g,50,g,16,g,11,g,0,g,3,g,6,g
456,bojangles,kids mac n cheese,33,g,20,mg,2120,g,63,g,15,g,14,g,0,g,3,g,9,g
457,bojangles,macaroni n cheese individual,18,g,20,mg,830,g,21,g,8,g,8,g,0,g,1,g,3,g
458,bojangles,macaroni n cheese picnic,54,g,60,mg,2550,g,64,g,24,g,23,g,1,g,3,g,9,g
459,bojangles,mashed potatoes n gravy individual,3,g,5,mg,630,g,18,g,4,g,1,g,0,g,1,g,2,g
460,bojangles,mashed potatoes n gravy picnic,9,g,15,mg,2190,g,69,g,13,g,2.5,g,0,g,4,g,7,g
461,bojangles,mashed potatoes n old fashioned gravy individual,4,g,5,mg,510,g,17,g,2,g,1.5,g,0,g,1,g,1,g
462,bojangles,mashed potatoes n old fashioned gravy picnic,11,g,5,mg,1850,g,66,g,9,g,4.5,g,0,g,5,g,3,g
463,bojangles,mashed potatoes n brown gravy individual,2.5,g,0,mg,800,g,18,g,2,g,1,g,0,g,1,g,1,g
464,bojangles,mashed potatoes n brown gravy picnic,7,g,0,mg,2560,g,69,g,7,g,3,g,0,g,5,g,3,g
465,bojangles,milk 1 lowfat chocolate,2.5,g,10,mg,220,g,27,g,8,g,1.5,g,0,g,0,g,25,g
466,bojangles,milk 1 lowfat white,2.5,g,10,mg,130,g,13,g,8,g,1.5,g,0,g,0,g,12,g
467,bojangles,mirinda strawberry 16 oz,0,g,0,mg,100,g,58,g,0,g,0,g,0,g,0,g,58,g
468,bojangles,mirinda strawberry 22 oz,0,g,0,mg,140,g,80,g,0,g,0,g,0,g,0,g,80,g
469,bojangles,mirinda strawberry 32 oz,0,g,0,mg,200,g,116,g,0,g,0,g,0,g,0,g,116,g
470,bojangles,mountain dew 16 oz,0,g,0,mg,70,g,58,g,0,g,0,g,0,g,0,g,58,g
471,bojangles,mountain dew 22 oz,0,g,0,mg,95,g,80,g,0,g,0,g,0,g,0,g,80,g
472,bojangles,mountain dew 32 oz,0,g,0,mg,140,g,116,g,0,g,0,g,0,g,0,g,116,g
473,bojangles,mug root beer 16 oz,0,g,0,mg,60,g,52,g,0,g,0,g,0,g,0,g,52,g
474,bojangles,mug root beer 22 oz,0,g,0,mg,85,g,72,g,0,g,0,g,0,g,0,g,72,g
475,bojangles,mug root beer 32 oz,0,g,0,mg,120,g,104,g,0,g,0,g,0,g,0,g,104,g
476,bojangles,old fashioned gravy biscuit,22,g,5,mg,1200,g,47,g,7,g,10,g,0,g,1,g,5,g
477,bojangles,patio red cherry 16 oz,0,g,0,mg,60,g,58,g,0,g,0,g,0,g,0,g,58,g
478,bojangles,patio red cherry 22 oz,0,g,0,mg,85,g,80,g,0,g,0,g,0,g,0,g,80,g
479,bojangles,patio red cherry 32 oz,0,g,0,mg,120,g,116,g,0,g,0,g,0,g,0,g,116,g
480,bojangles,pepsi 16 oz,0,g,0,mg,40,g,56,g,0,g,0,g,0,g,0,g,56,g
481,bojangles,pepsi 22 oz,0,g,0,mg,55,g,77,g,0,g,0,g,0,g,0,g,77,g
482,bojangles,pepsi 32 oz,0,g,0,mg,80,g,112,g,0,g,0,g,0,g,0,g,112,g
483,bojangles,pimento cheese biscuit,32,g,25,mg,1050,g,39,g,11,g,12,g,0,g,1,g,4,g
484,bojangles,plain biscuit,15,g,0,mg,780,g,37,g,6,g,6,g,0,g,1,g,4,g
485,bojangles,ranch sauce,28,g,25,mg,450,g,4,g,1,g,4.5,g,0,g,0,g,3,g
486,bojangles,roasted chicken bites salad,23,g,215,mg,1780,g,13,g,51,g,9,g,0,g,2,g,7,g
487,bojangles,sausage and egg biscuit,34,g,215,mg,1320,g,38,g,21,g,13,g,0,g,1,g,4,g
488,bojangles,sausage biscuit,28,g,40,mg,1160,g,38,g,15,g,11,g,0,g,1,g,4,g
489,bojangles,seasoned fries medium,26,g,15,mg,400,g,49,g,4,g,9,g,1.5,g,4,g,0,g
490,bojangles,seasoned fries picnic,38,g,25,mg,590,g,73,g,6,g,13,g,2,g,5,g,1,g
491,bojangles,seasoned fries small,21,g,15,mg,320,g,39,g,3,g,7,g,1,g,3,g,0,g
492,bojangles,sierra mist 16 oz,0,g,0,mg,40,g,54,g,0,g,0,g,0,g,0,g,54,g
493,bojangles,sierra mist 22 oz,0,g,0,mg,55,g,74,g,0,g,0,g,0,g,0,g,74,g
494,bojangles,sierra mist 32 oz,0,g,0,mg,80,g,108,g,0,g,0,g,0,g,0,g,108,g
495,bojangles,simply orange,0,g,0,mg,0,g,37,g,2,g,0,g,0,g,0,g,33,g
496,bojangles,southern filet biscuit,27,g,55,mg,1390,g,54,g,23,g,9,g,0,g,1,g,4,g
497,bojangles,steak biscuit,40,g,55,mg,1400,g,48,g,16,g,17,g,1.5,g,1,g,4,g
498,bojangles,sweet iced tea 16 oz,0,g,0,mg,0,g,45,g,0,g,0,g,0,g,0,g,44,g
499,bojangles,sweet iced tea 22 oz,0,g,0,mg,0,g,62,g,0,g,0,g,0,g,0,g,60,g
500,bojangles,sweet iced tea 32 oz,0,g,0,mg,0,g,90,g,0,g,0,g,0,g,0,g,88,g
501,bojangles,sweet potato pie,20,g,10,mg,100,g,41,g,3,g,9,g,0,g,1,g,18,g
502,bojangles,tropicana fruit punch 16 oz,0,g,0,mg,50,g,60,g,0,g,0,g,0,g,0,g,60,g
503,bojangles,tropicana fruit punch 22 oz,0,g,0,mg,70,g,83,g,0,g,0,g,0,g,0,g,83,g
504,bojangles,tropicana fruit punch 32 oz,0,g,0,mg,100,g,120,g,0,g,0,g,0,g,0,g,120,g
505,bojangles,tropicana lemonade 16 oz,0,g,0,mg,210,g,54,g,0,g,0,g,0,g,0,g,54,g
506,bojangles,tropicana lemonade 22 oz,0,g,0,mg,290,g,75,g,0,g,0,g,0,g,0,g,75,g
507,bojangles,tropicana lemonade 32 oz,0,g,0,mg,420,g,108,g,0,g,0,g,0,g,0,g,108,g
508,bojangles,tropicana pink lemonade 16 oz,0,g,0,mg,210,g,54,g,0,g,0,g,0,g,0,g,54,g
509,bojangles,tropicana pink lemonade 22 oz,0,g,0,mg,290,g,74,g,0,g,0,g,0,g,0,g,74,g
510,bojangles,tropicana pink lemonade 32 oz,0,g,0,mg,420,g,108,g,0,g,0,g,0,g,0,g,108,g
511,bojangles,tropicana twister soda 16 oz,0,g,0,mg,50,g,62,g,0,g,0,g,0,g,0,g,60,g
512,bojangles,tropicana twister soda 22 oz,0,g,0,mg,70,g,86,g,0,g,0,g,0,g,0,g,83,g
513,bojangles,tropicana twister soda 32 oz,0,g,0,mg,100,g,124,g,0,g,0,g,0,g,0,g,120,g
514,bojangles,unsweetened iced tea 16 oz,0,g,0,mg,0,g,1,g,0,g,0,g,0,g,0,g,0,g
515,bojangles,unsweetened iced tea 22 oz,0,g,0,mg,0,g,2,g,0,g,0,g,0,g,0,g,0,g
516,bojangles,unsweetened iced tea 32 oz,0,g,0,mg,0,g,3,g,0,g,0,g,0,g,0,g,0,g
517,boloco,10 flour tortilla,4,g,0,mg,240,g,32,g,6,g,0,g,0,g,2,g,0,g
518,boloco,12 wheat tortilla,5,g,0,mg,320,g,42,g,8,g,1,g,0,g,7,g,0,g
519,boloco,8 wheat tortilla,4.5,g,0,mg,330,g,22,g,4,g,0,g,0,g,3,g,1,g
520,boloco,8 flour tortilla,3.5,g,0,mg,290,g,24,g,4,g,1,g,0,g,1,g,1,g
521,boloco,10 wheat tortilla,4,g,0,mg,240,g,31,g,6,g,0,g,0,g,5,g,0,g
522,boloco,12 flour tortilla,5,g,0,mg,320,g,44,g,8,g,0.5,g,0,g,4,g,1,g
523,boloco,strawbana shake small,0.5,g,0,mg,50,g,61,g,4,g,0,g,0,g,4,g,21,g
524,boloco,nutella shake small,9,g,5,mg,260,g,80,g,16,g,3,g,0,g,1,g,66,g
525,boloco,strawbana shake mini,0,g,0,mg,30,g,33,g,2,g,0,g,0,g,2,g,12,g
526,boloco,soy berry shake small,4.5,g,0,mg,120,g,49,g,9,g,0.5,g,0,g,5,g,34,g
527,boloco,soy berry shake mini,2.5,g,0,mg,75,g,24,g,5,g,0,g,0,g,3,g,16,g
528,boloco,berry blitz smoothie mini,0.5,g,0,mg,35,g,24,g,1,g,0,g,0,g,2,g,21,g
529,boloco,strawbana shake original,0.5,g,0,mg,85,g,86,g,6,g,0,g,0,g,4,g,29,g
530,boloco,nutella shake mini,4.5,g,5,mg,170,g,51,g,10,g,1.5,g,0,g,0,g,41,g
531,boloco,nutella shake original,19,g,5,mg,350,g,116,g,22,g,6,g,0,g,2,g,97,g
532,boloco,mango passion smoothie small,0,g,0,mg,75,g,61,g,2,g,0,g,0,g,1,g,56,g
533,boloco,soy berry shake original,7,g,0,mg,180,g,79,g,13,g,1,g,0,g,8,g,54,g
534,boloco,mango passion smoothie original,0,g,0,mg,85,g,70,g,2,g,0,g,0,g,1,g,64,g
535,boloco,mango passion smoothie mini,0,g,0,mg,55,g,43,g,2,g,0,g,0,g,1,g,39,g
536,boloco,berry blitz smoothie small,1,g,5,mg,60,g,49,g,3,g,0,g,0,g,4,g,41,g
537,boloco,berry blitz smoothie original,2,g,5,mg,100,g,75,g,5,g,1,g,0,g,7,g,61,g
538,boloco,jimmy carter smoothie without enchancer mini,9,g,2,mg,247,g,54,g,14,g,4,g,0,g,2,g,35,g
539,boloco,huevos rancheros small breakfast bowl,20,g,335,mg,1000,g,12,g,18,g,8,g,0,g,5.9,g,4,g
540,boloco,bacon egg and cheese small breakfast bowl,34,g,350,mg,300,g,2,g,17,g,13,g,0,g,0,g,2,g
541,boloco,egg and cheese small breakfast bowl,19,g,335,mg,300,g,2,g,17,g,8,g,0,g,0,g,2,g
542,boloco,bacon egg and cheese big breakfast bowl,113,g,1055,mg,860,g,3,g,48,g,41,g,0,g,0,g,5,g
543,boloco,truck stop original breakfast bowl,63,g,685,mg,520,g,23,g,32,g,23,g,0,g,2,g,5,g
544,boloco,huevos chorizo small breakfast bowl,38,g,380,mg,830,g,3,g,27,g,16,g,0,g,0,g,2,g
545,boloco,huevos chorizo originalbreakfast bowl,64,g,725,mg,1320,g,6,g,46,g,26,g,0,g,0,g,4,g
546,boloco,huevos chorizo mini breakfast bowl,20,g,195,mg,440,g,2,g,14,g,9,g,0,g,0,g,1,g
547,boloco,egg and cheese big breakfast bowl,56,g,1000,mg,850,g,6,g,48,g,23,g,0,g,0,g,5,g
548,boloco,truck stop big breakfast bowl,107,g,900,mg,800,g,33,g,46,g,40,g,0,g,3,g,6,g
549,boloco,huevos rancheros moini breakfast bowl,11,g,170,mg,510,g,6,g,10,g,5,g,0,g,1,g,2,g
550,boloco,egg and cheese original breakfast bowl,34,g,660,mg,500,g,4,g,30,g,14,g,0,g,0,g,3,g
551,boloco,truck stop mini breakfast bowl,18,g,180,mg,180,g,7,g,10,g,7,g,0,g,1,g,1,g
552,boloco,bacon egg and cheese original breakfast bowl,63,g,685,mg,510,g,4,g,30,g,23,g,0,g,0,g,3,g
553,boloco,huevos rancheros original breakfast bowl,35,g,660,mg,1590,g,19,g,34,g,14,g,0,g,5,g,8,g
554,boloco,truck stop small breakfast bowl,34,g,350,mg,310,g,16,g,18,g,13,g,0,g,1,g,3,g
555,boloco,bacon egg and cheese mini breakfast bowl,18,g,180,mg,170,g,1,g,9,g,7,g,0,g,0,g,1,g
556,boloco,egg and cheese mini breakfast bowl,11,g,170,mg,170,g,1,g,9,g,5,g,0,g,0,g,1,g
557,boloco,huevos chorizo big breakfast bowl,88,g,935,mg,1840,g,8,g,64,g,37,g,0,g,0,g,6,g
558,boloco,huevos rancheros big breakfast bowl,51,g,845,mg,1940,g,21,g,47,g,22,g,0,g,5,g,9,g
559,boloco,bangkok thai mini bowl,6,g,0,mg,200,g,21,g,4,g,2,g,0,g,2,g,6,g
560,boloco,bangkok thai original bowl,19,g,0,mg,660,g,67,g,11,g,6,g,0,g,5,g,19,g
561,boloco,add on pork carnitas for small bowl,10,g,53,mg,385,g,3.5,g,14,g,4,g,0,g,0,g,0,g
562,boloco,add on chicken breast for mini bowl,3,g,30,mg,53,g,1.5,g,12,g,0,g,0,g,0,g,0,g
563,boloco,add on chicken breast for small bowl,4.5,g,45,mg,79,g,2,g,18,g,0,g,0,g,0,g,0,g
564,boloco,add on steak for small bowl,7,g,23,mg,180,g,1.5,g,10,g,2,g,0,g,0,g,0,g
565,boloco,add on fajita veggies for big bowl,25,g,0,mg,1250,g,10,g,0,g,0,g,0,g,2,g,0,g
566,boloco,add on steak for mini bowl,16,g,53,mg,420,g,3,g,25,g,5,g,0,g,0,g,0,g
567,boloco,add on fajita veggies for original bowl,18,g,0,mg,875,g,7,g,0,g,0,g,0,g,3,g,0,g
568,boloco,add on dark meat chicken for original bowl,14,g,88,mg,123,g,3,g,25,g,3.5,g,0,g,0,g,0,g
569,boloco,add on chicken breast for big bowl,10,g,100,mg,175,g,4.5,g,40,g,0,g,0,g,0,g,0,g
570,boloco,add on steak for big bowl,23,g,75,mg,600,g,4.5,g,35,g,7.5,g,0,g,0,g,0,g
571,boloco,add on pork carnitas for mini bowl,5,g,26,mg,193,g,2,g,7,g,2,g,0,g,0,g,0,g
572,boloco,add on fajita veggies for small bowl,10,g,0,mg,500,g,4,g,0,g,0,g,0,g,1,g,0,g
573,boloco,add on dark meat chicken for mini bowl,6,g,38,mg,53,g,1.5,g,11,g,1.5,g,0,g,0,g,0,g
574,boloco,add on pork carnitas for big bowl,18,g,90,mg,660,g,6,g,24,g,6,g,0,g,0,g,0,g
575,boloco,add on steak for original bowl,10,g,4,mg,270,g,2,g,16,g,4,g,0,g,0,g,0,g
576,boloco,add on tofu for big bowl,18,g,0,mg,675,g,4.5,g,18,g,0,g,0,g,4,g,0,g
577,boloco,add on fajita veggies for mini bowl,4,g,0,mg,188,g,1,g,0,g,0,g,0,g,0,g,0,g
578,boloco,add on pork carnitas for original bowl,14,g,71,mg,523,g,5,g,19,g,5,g,0,g,0,g,0,g
579,boloco,add on dark chicken meat for big bowl,10,g,100,mg,175,g,4.5,g,40,g,0,g,0,g,0,g,0,g
580,boloco,add on chicken breast for original bowl,7,g,70,mg,123,g,3,g,28,g,0,g,0,g,0,g,0,g
581,boloco,add on tofu for original bowl,12,g,0,mg,450,g,3,g,12,g,0,g,0,g,2.5,g,0,g
582,boloco,add on dark meat chicken for small bowl,9,g,56,mg,79,g,2,g,16,g,2,g,0,g,0,g,0,g
583,boloco,add on tofu for small bowl,7,g,0,mg,263,g,2,g,7,g,0,g,0,g,1.5,g,0,g
584,boloco,add on tofu for mini bowl,3.5,g,0,mg,128,g,1,g,3.5,g,0,g,0,g,1,g,0,g
585,boloco,classic mexican original bowl,24,g,50,mg,1320,g,67,g,23,g,11,g,0,g,7,g,5,g
586,boloco,summer original bowl,24,g,50,mg,1470,g,65,g,20,g,11,g,0,g,5,g,13,g
587,boloco,teriyaki original bowl,8,g,0,mg,1890,g,85,g,8,g,1,g,0,g,8,g,27,g
588,boloco,summer small bowl,14,g,30,mg,910,g,40,g,12,g,6,g,0,g,3,g,8,g
589,boloco,summer big bowl,33,g,65,mg,2100,g,100,g,28,g,15,g,0,g,8,g,16,g
590,boloco,bangkok thai big bowl,33,g,0,mg,910,g,107,g,19,g,11,g,0,g,8,g,29,g
591,boloco,cajun original bowl,18,g,20,mg,1100,g,95,g,13,g,5,g,0,g,8,g,3,g
592,boloco,mediterranean mini bowl,14,g,10,mg,90,g,6,g,3,g,3,g,0,g,2,g,2,g
593,boloco,buffalo small bowl,20,g,10,mg,690,g,27,g,3,g,4.5,g,0,g,1,g,1,g
594,boloco,classic mexican mini bowl,7,g,15,mg,410,g,22,g,7,g,3,g,0,g,2,g,1,g
595,boloco,tikka masala original bowl,25,g,75,mg,630,g,54,g,8,g,14,g,0,g,6,g,3,g
596,boloco,bangkok thai small bowl,10,g,0,mg,420,g,40,g,7,g,3.5,g,0,g,3,g,11,g
597,boloco,classic mexican small bowl,14,g,30,mg,820,g,42,g,14,g,6,g,0,g,4,g,3,g
598,boloco,buffalo big bowl,46,g,30,mg,2360,g,71,g,9,g,10,g,0,g,2,g,1,g
599,boloco,teriyaki big bowl,11,g,0,mg,2240,g,116,g,10,g,1,g,0,g,9,g,33,g
600,boloco,buffalo mini bowl,10,g,5,mg,350,g,14,g,2,g,2,g,0,g,0.1,g,0,g
601,boloco,cajun big bowl,24,g,20,mg,1700,g,154,g,21,g,6,g,0,g,13,g,4,g
602,boloco,mediterranean original bowl,49,g,40,mg,2090,g,22,g,12,g,11,g,0,g,7,g,8,g
603,boloco,cajun small bowl,9,g,5,mg,630,g,59,g,8,g,2,g,0,g,5,g,2,g
604,boloco,classic mexican big bowl,33,g,65,mg,1830,g,107,g,34,g,15,g,0,g,11,g,5,g
605,boloco,teriyaki small bowl,4.5,g,0,mg,890,g,45,g,5,g,0.5,g,0,g,4,g,12,g
606,boloco,cajun mini bowl,4.5,g,5,mg,320,g,30,g,4,g,1,g,0,g,3,g,1,g
607,boloco,summer mini bowl,7,g,15,mg,480,g,21,g,6,g,3,g,0,g,2,g,4,g
608,boloco,tikka masala big bowl,39,g,105,mg,900,g,118,g,16,g,20,g,0,g,10,g,5,g
609,boloco,mediterranean big bowl,71,g,50,mg,2590,g,29,g,17,g,16,g,0,g,10,g,10,g
610,boloco,new england harvest big bowl,44,g,25,mg,1000,g,55,g,23,g,12,g,0,g,7,g,8,g
611,boloco,mediterranean small bowl,29,g,15,mg,1190,g,12,g,6,g,6,g,0,g,4,g,4,g
612,boloco,tikka masala mini bowl,8,g,25,mg,180,g,17,g,2,g,4,g,0,g,2,g,1,g
613,boloco,new england harvest small bowl,18,g,10,mg,410,g,29,g,10,g,4.5,g,0,g,3,g,3,g
614,boloco,teriyaki mini bowl,2,g,0,mg,470,g,24,g,2,g,0,g,0,g,2,g,7,g
615,boloco,tikka masala small bowl,15,g,45,mg,360,g,32,g,5,g,8,g,0,g,3,g,2,g
616,boloco,buffalo original bowl,43,g,30,mg,1860,g,61,g,8,g,10,g,0,g,2,g,1,g
617,boloco,new england harvest mini bowl,10,g,5,mg,240,g,16,g,6,g,2.5,g,0,g,2,g,2,g
618,boloco,new england harvest original bowl,30,g,15,mg,720,g,43,g,17,g,8,g,0,g,5,g,6,g
619,boloco,caesar salad small bowl,58,g,35,mg,1220,g,20,g,9,g,11,g,0,g,2,g,1,g
620,boloco,caesar salad mini bowl,55,g,25,mg,1030,g,10,g,6,g,9,g,0,g,1,g,1,g
621,boloco,caesar salad big bowl,41,g,60,mg,1260,g,29,g,15,g,13,g,0,g,5,g,5,g
622,boloco,caesar salad original bowl,64,g,55,mg,1550,g,30,g,15,g,14,g,0,g,4,g,3,g
623,boloco,bacon egg and cheese big,113,g,1055,mg,860,g,6,g,48,g,41,g,0,g,0,g,5,g
624,boloco,bacon egg and cheese mini,18,g,180,mg,170,g,1,g,9,g,7,g,0,g,0,g,1,g
625,boloco,bacon egg and cheese original,63,g,685,mg,510,g,4,g,30,g,23,g,0,g,0,g,3,g
626,boloco,bacon egg and cheese small,34,g,350,mg,300,g,2,g,17,g,13,g,0,g,0,g,2,g
627,boloco,bangkok thai bowl big,33,g,0,mg,910,g,107,g,19,g,11,g,0,g,8,g,29,g
628,boloco,bangkok thai bowl mini,6,g,0,mg,200,g,21,g,4,g,2,g,0,g,2,g,6,g
629,boloco,bangkok thai bowl original,19,g,0,mg,660,g,67,g,11,g,6,g,0,g,5,g,19,g
630,boloco,bangkok thai bowl small,10,g,0,mg,420,g,40,g,7,g,4,g,0,g,3,g,11,g
631,boloco,berry blitz soothie mini,0.5,g,0,mg,35,g,24,g,1,g,0,g,0,g,2,g,21,g
632,boloco,berry blitz soothie original,2,g,5,mg,100,g,75,g,5,g,1,g,0,g,7,g,61,g
633,boloco,berry blitz soothie small,1,g,5,mg,60,g,49,g,3,g,0,g,0,g,4,g,41,g
634,boloco,buffalo bowl big,46,g,30,mg,2360,g,71,g,9,g,10,g,0,g,2,g,1,g
635,boloco,buffalo bowl mini,10,g,5,mg,350,g,14,g,2,g,2,g,0,g,1,g,0,g
636,boloco,buffalo bowl original,43,g,30,mg,1860,g,61,g,8,g,10,g,0,g,2,g,1,g
637,boloco,buffalo bowl small,20,g,10,mg,690,g,27,g,3,g,5,g,0,g,1,g,1,g
638,boloco,caesar salad bowl big,41,g,60,mg,1260,g,29,g,15,g,13,g,0,g,5,g,5,g
639,boloco,caesar salad bowl mini,55,g,25,mg,1030,g,10,g,6,g,9,g,0,g,1,g,1,g
640,boloco,caesar salad bowl original,64,g,55,mg,1550,g,30,g,15,g,14,g,0,g,4,g,3,g
641,boloco,caesar salad bowl small,58,g,35,mg,1220,g,20,g,9,g,11,g,0,g,2,g,1,g
642,boloco,cajun bowl big,24,g,20,mg,1700,g,154,g,21,g,6,g,0,g,13,g,4,g
643,boloco,cajun bowl mini,5,g,5,mg,320,g,30,g,4,g,1,g,0,g,3,g,1,g
644,boloco,cajun bowl original,18,g,20,mg,1100,g,95,g,13,g,5,g,0,g,8,g,3,g
645,boloco,cajun bowl small,9,g,5,mg,630,g,59,g,8,g,2,g,0,g,5,g,2,g
646,boloco,chicken breast big,10,g,100,mg,180,g,5,g,40,g,0,g,0,g,0,g,0,g
647,boloco,chicken breast mini,3,g,30,mg,55,g,1,g,12,g,0,g,0,g,0,g,0,g
648,boloco,chicken breast original,7,g,70,mg,125,g,3,g,28,g,0,g,0,g,0,g,0,g
649,boloco,chicken breast small,5,g,45,mg,80,g,2,g,18,g,0,g,0,g,0,g,0,g
650,boloco,chicken dark big,10,g,100,mg,180,g,5,g,40,g,0,g,0,g,0,g,0,g
651,boloco,chicken dark mini,6,g,40,mg,55,g,1,g,11,g,2,g,0,g,0,g,0,g
652,boloco,chicken dark original,14,g,90,mg,125,g,3,g,25,g,4,g,0,g,0,g,0,g
653,boloco,chicken dark small,9,g,55,mg,80,g,2,g,16,g,2,g,0,g,0,g,0,g
654,boloco,classic bowl big,33,g,65,mg,1830,g,107,g,34,g,15,g,0,g,11,g,5,g
655,boloco,classic bowl mini,7,g,15,mg,410,g,22,g,7,g,3,g,0,g,2,g,1,g
656,boloco,classic bowl original,24,g,50,mg,1320,g,67,g,23,g,11,g,0,g,7,g,5,g
657,boloco,classic bowl small,14,g,30,mg,820,g,42,g,14,g,6,g,0,g,4,g,3,g
658,boloco,egg and cheese big,56,g,1000,mg,850,g,6,g,48,g,23,g,0,g,0,g,5,g
659,boloco,egg and cheese mini,11,g,170,mg,170,g,1,g,9,g,5,g,0,g,0,g,1,g
660,boloco,egg and cheese original,34,g,660,mg,500,g,4,g,30,g,14,g,0,g,0,g,3,g
661,boloco,egg and cheese small,19,g,335,mg,300,g,2,g,17,g,8,g,0,g,0,g,2,g
662,boloco,fajita veggies big,25,g,0,mg,1250,g,10,g,0,g,0,g,0,g,0,g,0,g
663,boloco,fajita veggies mini,4,g,0,mg,190,g,2,g,0,g,0,g,0,g,0,g,0,g
664,boloco,fajita veggies original,18,g,0,mg,880,g,7,g,0,g,0,g,0,g,0,g,0,g
665,boloco,fajita veggies small,10,g,0,mg,500,g,4,g,0,g,0,g,0,g,0,g,0,g
666,boloco,huevos chorizo big,88,g,935,mg,1840,g,8,g,64,g,37,g,0,g,0,g,6,g
667,boloco,huevos chorizo mini,20,g,195,mg,440,g,2,g,14,g,9,g,0,g,0,g,1,g
668,boloco,huevos chorizo original,64,g,725,mg,1320,g,6,g,46,g,26,g,0,g,0,g,4,g
669,boloco,huevos chorizo small,38,g,380,mg,830,g,3,g,27,g,16,g,0,g,0,g,2,g
670,boloco,huevos rancheros big,51,g,845,mg,1940,g,21,g,47,g,22,g,0,g,5,g,9,g
671,boloco,huevos rancheros mini,11,g,170,mg,510,g,6,g,10,g,5,g,0,g,1,g,2,g
672,boloco,huevos rancheros original,35,g,660,mg,1590,g,19,g,34,g,14,g,0,g,5,g,8,g
673,boloco,huevos rancheros small,20,g,335,mg,1000,g,12,g,19,g,8,g,0,g,3,g,4,g
674,boloco,jimmy carter shake mini,13,g,5,mg,200,g,107,g,13,g,2.5,g,0,g,26,g,27,g
675,boloco,jimmy carter shake original,40,g,5,mg,540,g,307,g,36,g,7,g,0,g,77,g,71,g
676,boloco,jimmy carter shake small,27,g,5,mg,370,g,206,g,25,g,4.5,g,0,g,51,g,48,g
677,boloco,mediterranean bowl bowl big,71,g,50,mg,2590,g,29,g,17,g,16,g,0,g,10,g,10,g
678,boloco,mediterranean bowl bowl mini,14,g,10,mg,90,g,6,g,3,g,3,g,0,g,2,g,2,g
679,boloco,mediterranean bowl bowl original,49,g,40,mg,2090,g,22,g,12,g,11,g,0,g,7,g,8,g
680,boloco,mediterranean bowl bowl small,29,g,15,mg,1190,g,12,g,6,g,6,g,0,g,4,g,4,g
681,boloco,new england harvest bowl big,44,g,25,mg,1000,g,55,g,23,g,12,g,0,g,7,g,8,g
682,boloco,new england harvest bowl mini,10,g,5,mg,240,g,16,g,6,g,3,g,0,g,2,g,2,g
683,boloco,new england harvest bowl originalinal,30,g,15,mg,720,g,43,g,17,g,8,g,0,g,5,g,6,g
684,boloco,new england harvest bowl small,18,g,10,mg,410,g,29,g,10,g,5,g,0,g,3,g,3,g
685,boloco,nutella shake mini,4.5,g,5,mg,170,g,51,g,10,g,1.5,g,0,g,0,g,41,g
686,boloco,nutella shake original,19,g,5,mg,350,g,116,g,22,g,6,g,0,g,2,g,97,g
687,boloco,nutella shake small,9,g,5,mg,260,g,80,g,16,g,3,g,0,g,1,g,66,g
688,boloco,pork carnitas original,14,g,70,mg,520,g,5,g,19,g,5,g,0,g,0,g,0,g
689,boloco,pork carnitas small,11,g,55,mg,390,g,4,g,14,g,4,g,0,g,0,g,0,g
690,boloco,pork carnitas big,18,g,90,mg,660,g,6,g,24,g,6,g,0,g,0,g,0,g
691,boloco,pork carnitas mini,5,g,25,mg,190,g,2,g,7,g,2,g,0,g,0,g,0,g
692,boloco,soy berry shake mini,2.5,g,0,mg,75,g,24,g,5,g,0,g,0,g,3,g,16,g
693,boloco,soy berry shake original,7,g,0,mg,180,g,79,g,13,g,1,g,0,g,8,g,54,g
694,boloco,soy berry shake small,4.5,g,0,mg,120,g,49,g,9,g,0.5,g,0,g,5,g,34,g
695,boloco,steak big,23,g,75,mg,600,g,5,g,35,g,8,g,0,g,0,g,0,g
696,boloco,steak mini,16,g,55,mg,420,g,3,g,25,g,5,g,0,g,0,g,0,g
697,boloco,steak original,10,g,35,mg,270,g,2,g,16,g,3,g,0,g,0,g,0,g
698,boloco,steak small,7,g,25,mg,180,g,1,g,11,g,2,g,0,g,0,g,0,g
699,boloco,strawbana shake mini,0,g,0,mg,30,g,33,g,2,g,0,g,0,g,2,g,12,g
700,boloco,strawbana shake original,0.5,g,0,mg,85,g,86,g,6,g,0,g,0,g,4,g,29,g
701,boloco,strawbana shake small,0.5,g,0,mg,50,g,61,g,4,g,0,g,0,g,4,g,21,g
702,boloco,summer bowl big,33,g,65,mg,2100,g,100,g,28,g,15,g,0,g,8,g,16,g
703,boloco,summer bowl mini,7,g,15,mg,480,g,21,g,6,g,3,g,0,g,2,g,4,g
704,boloco,summer bowl original,24,g,50,mg,1470,g,65,g,20,g,11,g,0,g,5,g,13,g
705,boloco,summer bowl small,14,g,30,mg,910,g,40,g,12,g,6,g,0,g,3,g,8,g
706,boloco,teriyaki bowl big,11,g,0,mg,2240,g,116,g,10,g,1,g,0,g,9,g,33,g
707,boloco,teriyaki bowl mini,2,g,0,mg,470,g,24,g,2,g,0,g,0,g,2,g,7,g
708,boloco,teriyaki bowl original,8,g,0,mg,1890,g,85,g,8,g,1,g,0,g,8,g,27,g
709,boloco,teriyaki bowl small,5,g,0,mg,890,g,45,g,5,g,1,g,0,g,4,g,12,g
710,boloco,tikka masala bowl big,39,g,105,mg,900,g,118,g,16,g,20,g,0,g,10,g,5,g
711,boloco,tikka masala bowl mini,8,g,25,mg,180,g,17,g,2,g,4,g,0,g,2,g,1,g
712,boloco,tikka masala bowl original,25,g,75,mg,630,g,54,g,8,g,14,g,0,g,6,g,3,g
713,boloco,tikka masala bowl small,15,g,45,mg,360,g,32,g,5,g,8,g,0,g,3,g,2,g
714,boloco,tofu big,18,g,0,mg,680,g,5,g,18,g,0,g,0,g,4,g,0,g
715,boloco,tofu mini,3,g,0,mg,130,g,1,g,3,g,0,g,0,g,1,g,0,g
716,boloco,tofu original,12,g,0,mg,450,g,3,g,12,g,0,g,0,g,3,g,0,g
717,boloco,tofu small,7,g,0,mg,260,g,2,g,7,g,0,g,0,g,2,g,0,g
718,boloco,tortilla flour 10 inch,4,g,0,mg,240,g,32,g,6,g,0,g,0,g,3,g,0,g
719,boloco,tortilla flour 12 inch,5,g,0,mg,320,g,44,g,8,g,0.5,g,0,g,4,g,1,g
720,boloco,tortilla flour 8 inch,3.5,g,0,mg,290,g,24,g,4,g,1,g,0,g,1,g,1,g
721,boloco,tortilla wheat 10 inch,4,g,0,mg,240,g,31,g,6,g,0,g,0,g,5,g,0,g
722,boloco,tortilla wheat 12 inch,5,g,0,mg,320,g,42,g,8,g,1,g,0,g,7,g,0,g
723,boloco,tortilla wheat 8 inch,4.5,g,0,mg,330,g,22,g,4,g,0,g,0,g,3,g,1,g
724,boloco,truck stop big,107,g,900,mg,800,g,33,g,46,g,40,g,0,g,3,g,6,g
725,boloco,truck stop mini,18,g,180,mg,180,g,7,g,10,g,7,g,0,g,1,g,1,g
726,boloco,truck stop original,63,g,685,mg,520,g,23,g,32,g,23,g,0,g,2,g,5,g
727,boloco,truck stop small,34,g,350,mg,310,g,16,g,18,g,13,g,0,g,1,g,3,g
728,boston market,horseradish,3,g,0,mg,115,g,6,g,0,g,0,g,0,g,0,g,0,g
729,boston market,chocolate brownie,14,g,70,mg,180,g,53,g,5,g,3.5,g,0,g,3,g,39,g
730,boston market,chocolate chunk cookie,18,g,30,mg,200,g,53,g,4,g,9,g,0,g,2,g,32,g
731,boston market,chocolate cake,33,g,45,mg,360,g,66,g,5,g,11,g,0,g,3,g,46,g
732,boston market,apple pie,21,g,0,mg,460,g,59,g,3,g,9,g,0,g,2,g,28,g
733,boston market,carrot cake,35,g,90,mg,520,g,99,g,5,g,13,g,0.5,g,1,g,79,g
734,boston market,peach cobbler,18,g,10,mg,250,g,89,g,5,g,9,g,0,g,4,g,57,g
735,boston market,kids meatloaf entree without sides or bread,15,g,45,mg,460,g,9,g,13,g,7,g,1,g,0.5,g,3,g
736,boston market,kids mashed potatoes,5,g,15,mg,300,g,18,g,3,g,2.5,g,0,g,2,g,0.5,g
737,boston market,kids sweet potato casserole,6,g,5,mg,105,g,42,g,2,g,1.5,g,0,g,2,g,27,g
738,boston market,kids poultry gravy,0,g,0,mg,85,g,2,g,0,g,0,g,0,g,0,g,0,g
739,boston market,kids macaroni and cheese,5,g,15,mg,630,g,20,g,7,g,3,g,0,g,0.5,g,5,g
740,boston market,kids fresh steamed vegetables,2.5,g,0,mg,80,g,4,g,1,g,0,g,0,g,2,g,1,g
741,boston market,kids green beans,2.5,g,0,mg,75,g,4,g,0,g,1,g,0,g,1,g,2,g
742,boston market,kids turkey entree without sides or bread,2.5,g,45,mg,220,g,0,g,15,g,1,g,0,g,0,g,0,g
743,boston market,kids southwest rice,3,g,0,mg,220,g,31,g,2,g,1.5,g,0,g,0.5,g,12,g
744,boston market,kids cornbread,3,g,0,mg,220,g,31,g,2,g,1.5,g,0,g,0.5,g,12,g
745,boston market,kids dark chicken entree 1 thigh 1 drumstick without sides or bread,13,g,145,mg,580,g,1,g,27,g,4,g,0,g,0,g,1,g
746,boston market,kids garlic dill new potatoes,1,g,0,mg,40,g,11,g,1,g,0,g,0,g,1,g,0.5,g
747,boston market,kids white chicken entree 1 breast and 1 wing without sides or bread,11,g,165,mg,590,g,0,g,43,g,3.5,g,0,g,0,g,0,g
748,boston market,kids creamed spinach,9,g,25,mg,320,g,6,g,5,g,5,g,0,g,11,g,1,g
749,boston market,kids caesar side salae with dressing,13,g,15,mg,280,g,6,g,3,g,3,g,0,g,0,g,2,g
750,boston market,kids horseradish,3,g,0,mg,115,g,6,g,0,g,0,g,0,g,0,g,0,g
751,boston market,kids sweet corn,3.5,g,0,mg,60,g,9,g,1,g,1,g,0,g,2,g,4,g
752,boston market,kids chicken noodle soup,3.5,g,35,mg,430,g,8,g,6,g,1,g,0,g,0.5,g,1,g
753,boston market,kids beef gravy,0,g,0,mg,180,g,2,g,0,g,0,g,0,g,0,g,0.5,g
754,boston market,rotisserie chicken and southwest rice lunch bowl,12,g,60,mg,980,g,41,g,16,g,2.5,g,0,g,1,g,2,g
755,boston market,rotisserie chicken lunch bowl,16,g,80,mg,840,g,43,g,20,g,6,g,0,g,6,g,8,g
756,boston market,half rotisserie chicken without sides or bread,24,g,315,mg,1160,g,1,g,70,g,7,g,0,g,0,g,1,g
757,boston market,meatloaf without sides or cornbread regular,33,g,95,mg,910,g,17,g,26,g,14,g,1.5,g,2,g,5,g
758,boston market,quarter white rotisserie chicken without sides or bread,11,g,165,mg,590,g,0,g,43,g,3.5,g,0,g,0,g,0,g
759,boston market,st louis style 1 4 rack bbq ribs without sides or bread,32,g,110,mg,960,g,12,g,21,g,10,g,0,g,0,g,10,g
760,boston market,meatloaf without sides or cornbread large,49,g,140,mg,1370,g,26,g,39,g,21,g,2.5,g,3,g,8,g
761,boston market,quarter dark rotisserie chicken 1 thigh and 1 drumstick without sides or bread,13,g,145,mg,580,g,1,g,27,g,4,g,0,g,0,g,1,g
762,boston market,roasted garlic and herb half chicken without sides or bread,35,g,340,mg,1720,g,13,g,72,g,14,g,0.5,g,0,g,3,g
763,boston market,homestyle meatloaf bowl without toppings or sauce,23,g,65,mg,640,g,12,g,18,g,10,g,1,g,1,g,4,g
764,boston market,three piece dark rotisserie chicken without sides or cornbread,16,g,205,mg,780,g,1,g,37,g,5,g,0,g,0,g,1,g
765,boston market,rotisserie prime rib without sides or cornbread,47,g,160,mg,770,g,0,g,55,g,12,g,3,g,1,g,1,g
766,boston market,turkey breast without sides or bread large,6,g,120,mg,620,g,0.5,g,42,g,3,g,0,g,0,g,0,g
767,boston market,skinless chicken breast bowl without toppings or sauce,1.5,g,90,mg,270,g,0,g,26,g,0,g,0,g,0,g,0,g
768,boston market,three piece dark rotisserie chicken 2 thighs and drumstick without sides or cornbread,23,g,235,mg,960,g,1,g,43,g,7,g,0,g,0,g,1,g
769,boston market,skinless quarter white rotisserie chicken without sides or bread,5,g,150,mg,480,g,1,g,40,g,1.5,g,0,g,0,g,1,g
770,boston market,turkey breast without sides or bread regular,4.5,g,85,mg,440,g,0.5,g,30,g,2,g,0,g,0,g,0,g
771,boston market,meatloaf mac and cheese bowl without toppings or sauce,39,g,120,mg,2280,g,61,g,38,g,19,g,1.5,g,3,g,15,g
772,boston market,roasted garlic and herb dark meat chicken 1 thigh 2 drumsticks without sides or bread,27,g,230,mg,1330,g,13,g,40,g,12,g,0.5,g,0,g,2,g
773,boston market,rosemary lemon white meat quarter chicken without sides or bread,23,g,165,mg,1330,g,8,g,43,g,5,g,0,g,0,g,3,g
774,boston market,spicy honey glazed dark meat quarter chicken 2 thighs 1 drumstick without sides or bread,23,g,235,mg,1470,g,27,g,42,g,7,g,0,g,0,g,26,g
775,boston market,roasted garlic and herb dark meat chicken 2 thighs 1 drumsticks without sides or bread,34,g,265,mg,1510,g,13,g,46,g,14,g,0.5,g,0,g,3,g
776,boston market,rosemary lemon half chicken without sides or bread,37,g,315,mg,1910,g,9,g,70,g,9,g,0,g,0,g,3,g
777,boston market,turkey pot pie without sides or bread,38,g,65,mg,1670,g,64,g,28,g,18,g,0,g,3,g,10,g
778,boston market,bbq chicken bowl without toppings or sauce,2.5,g,40,mg,450,g,13,g,11,g,0.5,g,0,g,0,g,11,g
779,boston market,rotisserie turkey bowl without toppings or sauce,3,g,50,mg,270,g,0,g,18,g,1.5,g,0,g,0,g,0,g
780,boston market,spicy honey glazed half chicken without sides or bread,24,g,315,mg,1670,g,27,g,70,g,7,g,0,g,0,g,26,g
781,boston market,st louis style 1 2 rack bbq ribs without sides or bread,64,g,220,mg,1920,g,23,g,42,g,20,g,0,g,0,g,20,g
782,boston market,spicy glazed white meat quarter chicken without sides or bread,7,g,135,mg,960,g,26,g,37,g,2.5,g,0,g,0,g,26,g
783,boston market,rotisserie chicken pot pie without sides or cornbread,42,g,115,mg,1780,g,64,g,28,g,19,g,0,g,3,g,10,g
784,boston market,parmesan rotiserrie dark meat quarter chicken 1 thigh 2 drumsticks without sides or bread,21,g,210,mg,1340,g,12,g,41,g,7,g,0,g,0,g,2,g
785,boston market,brisket with cornbread without sides,35,g,115,mg,680,g,31,g,33,g,13,g,0,g,0.5,g,12,g
786,boston market,parmesan rotiserrie dark meat quarter chicken 2 thighs 1 drumstick without sides or bread,28,g,245,mg,1530,g,12,g,47,g,10,g,0,g,0,g,3,g
787,boston market,spicy honey glazed dark meat quarter chicken 1 thigh 2 drumsticks without sides or bread,16,g,205,mg,1290,g,26,g,37,g,5,g,0,g,0,g,26,g
788,boston market,rosemary and lemon dark meat quarter chicken 1 thigh 2 drumsticks without sides or bread,29,g,205,mg,1520,g,8,g,37,g,7,g,0,g,0,g,3,g
789,boston market,roasted garlic and herb white meat quarter chicken without sides or bread,22,g,19,mg,1140,g,12,g,45,g,10,g,0.5,g,0,g,2,g
790,boston market,rotisserie turkey breast bowl without toppings or sauce,3,g,60,mg,310,g,0,g,21,g,1.5,g,0,g,0,g,0,g
791,boston market,parmesan rotisserie half chicken without sides or bread,28,g,320,mg,1730,g,12,g,73,g,10,g,0,g,0,g,3,g
792,boston market,parmesan rotisserie white meat quarter chicken without sides or bread,15,g,175,mg,1150,g,12,g,46,g,6,g,0,g,0,g,2,g
793,boston market,rosemary and lemon dark meat quarter chicken 21 thighs1 drumstick without sides or bread,36,g,235,mg,1710,g,9,g,43,g,9,g,0,g,0,g,3,g
794,boston market,southwest santa fe salad with dressing,29,g,105,mg,730,g,28,g,36,g,7,g,0,g,6,g,8,g
795,boston market,caesar salad entree with dressing,28,g,120,mg,850,g,15,g,34,g,6,g,0,g,4,g,4,g
796,boston market,rotisserie chicken carver sandwich,33,g,145,mg,1350,g,64,g,48,g,12,g,0,g,5,g,5,g
797,boston market,meatloaf carver sandwich,49,g,145,mg,2010,g,87,g,46,g,23,g,1.5,g,7,g,14,g
798,boston market,roasted turkey carver sandwich,45,g,140,mg,1320,g,64,g,44,g,15,g,0,g,5,g,4,g
799,boston market,pulled bbq chicken sandwich,29,g,225,mg,1700,g,73,g,52,g,13,g,0,g,4,g,11,g
800,boston market,all white chicken salad sandwich,48,g,125,mg,1230,g,64,g,36,g,9,g,0,g,6,g,5,g
801,boston market,poultry gravy,0,g,0,mg,85,g,2,g,0,g,0,g,0,g,0,g,0,g
802,boston market,beef gravy,0,g,0,mg,180,g,2,g,0,g,0,g,0,g,0,g,0.5,g
803,boston market,tartar sauce,4.5,g,0,mg,100,g,1,g,0,g,0.5,g,0,g,0,g,1,g
804,boston market,beef au jus,0,g,0,mg,160,g,2,g,0,g,0,g,0,g,0,g,0,g
805,boston market,zesty bbq sauce,0,g,0,mg,230,g,10,g,0,g,0,g,0,g,0,g,0,g
806,boston market,baked cod with cornbread without sides,12,g,50,mg,630,g,40,g,24,g,6,g,0,g,0.5,g,12,g
807,boston market,cornbread,3,g,0,mg,220,g,31,g,2,g,1.5,g,0,g,0.5,g,12,g
808,boston market,macaroni and cheese,9,g,25,mg,1040,g,34,g,11,g,4.5,g,0,g,1,g,8,g
809,boston market,creamed spinach,20,g,60,mg,530,g,11,g,8,g,12,g,1,g,3,g,2,g
810,boston market,mashed potatoes,10,g,25,mg,540,g,32,g,5,g,5,g,0,g,3,g,2,g
811,boston market,sweet potato casserole,12,g,5,mg,210,g,83,g,3,g,3,g,0,g,4,g,53,g
812,boston market,creamy cheddar brocoli,6,g,20,mg,360,g,6,g,6,g,3.5,g,0,g,3,g,3,g
813,boston market,garlic dill new potatoes,2,g,0,mg,80,g,22,g,3,g,0.5,g,0,g,2,g,2,g
814,boston market,caesar side salad with dressing,26,g,30,mg,560,g,12,g,7,g,6,g,0,g,0.5,g,3,g
815,boston market,sweet corn,6,g,0,mg,115,g,17,g,3,g,2,g,0,g,6,g,8,g
816,boston market,fresh steamed vegetables,3.5,g,0,mg,40,g,7,g,2,g,0,g,0,g,3,g,3,g
817,boston market,southwest rice,6,g,0,mg,460,g,26,g,1,g,1,g,0,g,0.5,g,1,g
818,boston market,green beans,4.5,g,0,mg,120,g,6,g,1,g,1.5,g,0,g,2,g,2,g
819,boston market,chicken noodle soup,9,g,85,mg,1100,g,20,g,16,g,3,g,0,g,2,g,3,g
820,boston market,chicken tortilla soup,19,g,75,mg,1860,g,20,g,17,g,7,g,0,g,3,g,4,g
821,boston market,1 2 order baby back ribs and 1 4 rotisserie chicken,71,g,425,mg,2760,g,51,g,113,g,24,g,0,g,1,g,29,g
822,boston market,apple pie,32,g,0,mg,290,g,66,g,4,g,15,g,0,g,3,g,47,g
823,boston market,baby back ribs 1 2 order,60,g,260,mg,2170,g,51,g,70,g,21,g,0,g,1,g,29,g
824,boston market,baby back ribs full order,117,g,520,mg,4130,g,70,g,138,g,40,g,0,g,1,g,46,g
825,boston market,bbq chicken bowl,21,g,75,mg,1290,g,76,g,20,g,8,g,0,g,6,g,17,g
826,boston market,bbq meatloaf cheddar slider,11,g,20,mg,570,g,27,g,8,g,4,g,0,g,1,g,3,g
827,boston market,beef au jus,0,g,0,mg,160,g,2,g,0,g,0,g,0,g,0,g,0,g
828,boston market,beef gravy,0,g,0,mg,180,g,2,g,0,g,0,g,0,g,0,g,1,g
829,boston market,caesar dressing,18,g,15,mg,540,g,3,g,3,g,3.5,g,0,g,0,g,1,g
830,boston market,caesar side salad,24,g,35,mg,870,g,16,g,9,g,6,g,0,g,2,g,3,g
831,boston market,carrot cake slice,35,g,90,mg,520,g,99,g,5,g,13,g,0.5,g,1,g,79,g
832,boston market,cheeseburger mac cheese bowl,23,g,65,mg,1790,g,54,g,22,g,12,g,0,g,2,g,20,g
833,boston market,chicken and cheddar slider,18,g,50,mg,620,g,24,g,14,g,5,g,0,g,1,g,1,g
834,boston market,chicken avocado club,66,g,195,mg,2130,g,75,g,56,g,19,g,0,g,7,g,4,g
835,boston market,chicken avocado club half,33,g,95,mg,1070,g,37,g,28,g,9,g,0,g,3,g,2,g
836,boston market,chicken caesar salad,51,g,170,mg,2060,g,33,g,49,g,13,g,0.5,g,4,g,6,g
837,boston market,chicken chipotle ranch slider,11,g,40,mg,600,g,24,g,14,g,3,g,0,g,1,g,1,g
838,boston market,chicken noodle soup,9,g,85,mg,1100,g,20,g,16,g,3,g,0,g,2,g,3,g
839,boston market,chicken salad carver,51,g,125,mg,1430,g,63,g,38,g,10,g,0,g,7,g,5,g
840,boston market,chicken salad carver half,26,g,60,mg,710,g,32,g,19,g,5,g,0,g,3,g,3,g
841,boston market,chipotle ranch dressing,29,g,20,mg,700,g,5,g,2,g,4.5,g,0,g,1,g,3,g
842,boston market,chocolate brownie single,14,g,70,mg,180,g,53,g,5,g,3.5,g,0,g,3,g,39,g
843,boston market,chocolate cake slice,33,g,45,mg,360,g,66,g,5,g,11,g,0,g,3,g,46,g
844,boston market,chocolate chunk cookie single,18,g,30,mg,200,g,53,g,4,g,9,g,0,g,2,g,32,g
845,boston market,cinnamon apple cobbler slice,18,g,10,mg,320,g,90,g,5,g,9,g,0,g,4,g,54,g
846,boston market,cornbread,3,g,0,mg,220,g,31,g,2,g,1.5,g,0,g,1,g,12,g
847,boston market,cranberry walnut relish,2,g,0,mg,5,g,31,g,1,g,0,g,0,g,2,g,27,g
848,boston market,creamy garlic half chicken,27,g,325,mg,1500,g,5,g,72,g,9,g,0,g,0,g,2,g
849,boston market,creamy garlic quarter white chicken,14,g,175,mg,930,g,5,g,45,g,5,g,0,g,0,g,1,g
850,boston market,creamy garlic three piece dark 2 drumsticks 1 thigh,20,g,215,mg,1120,g,5,g,39,g,7,g,0,g,0,g,2,g
851,boston market,creamy garlic three piece dark 2 thigh 1 drumstick,26,g,245,mg,1300,g,5,g,45,g,9,g,0,g,0,g,2,g
852,boston market,dark chicken kids 1 thigh and 1 drumstick,13,g,145,mg,580,g,1,g,27,g,4,g,0,g,0,g,1,g
853,boston market,holiday apple pie,32,g,0,mg,290,g,66,g,4,g,15,g,0,g,3,g,47,g
854,boston market,holiday boneless ham,3,g,40,mg,970,g,16,g,13,g,1.5,g,0,g,0,g,14,g
855,boston market,holiday cornbread,3,g,0,mg,220,g,31,g,2,g,1.5,g,0,g,1,g,12,g
856,boston market,holiday crackers,1,g,0,mg,80,g,10,g,1,g,0,g,0,g,0,g,0,g
857,boston market,holiday cranberry walnut relish,1,g,0,mg,5,g,13,g,0,g,0,g,0,g,1,g,11,g
858,boston market,holiday creamed spinach,12,g,35,mg,430,g,8,g,7,g,7,g,0.5,g,2,g,2,g
859,boston market,holiday fresh steamed vegetables,3,g,0,mg,35,g,6,g,2,g,0,g,0,g,3,g,3,g
860,boston market,holiday gravy,0,g,0,mg,85,g,2,g,0,g,0,g,0,g,0,g,0,g
861,boston market,holiday macaroni and cheese,6,g,20,mg,790,g,25,g,8,g,3.5,g,0,g,1,g,6,g
862,boston market,holiday mashed potatoes,8,g,20,mg,470,g,27,g,4,g,4,g,0,g,3,g,1,g
863,boston market,holiday pecan pie,42,g,110,mg,550,g,80,g,7,g,15,g,0,g,2,g,76,g
864,boston market,holiday pumpkin pie,15,g,65,mg,360,g,56,g,7,g,7,g,0,g,2,g,54,g
865,boston market,holiday spinach artichoke dip,3.5,g,10,mg,140,g,2,g,2,g,2,g,0,g,0,g,0,g
866,boston market,holiday spiral ham,6,g,25,mg,530,g,3,g,8,g,2,g,0,g,0,g,2,g
867,boston market,holiday sweet corn,7,g,0,mg,125,g,19,g,3,g,2,g,0,g,5,g,9,g
868,boston market,holiday sweet duchess yeast roll,2,g,0,mg,110,g,23,g,3,g,0,g,0,g,1,g,5,g
869,boston market,holiday sweet potato casserole,10,g,5,mg,180,g,74,g,3,g,2.5,g,0,g,3,g,47,g
870,boston market,holiday turkey breast,4,g,70,mg,610,g,2,g,24,g,2,g,0,g,0,g,2,g
871,boston market,holiday vegetable stuffing,10,g,0,mg,520,g,28,g,4,g,1,g,0,g,1,g,5,g
872,boston market,holiday whole turkey,7,g,45,mg,580,g,0,g,17,g,2,g,0,g,0,g,0,g
873,boston market,home style meatloaf bowl,36,g,90,mg,1460,g,61,g,25,g,14,g,1,g,7,g,17,g
874,boston market,honey balsamic basil half chicken,37,g,315,mg,1240,g,12,g,71,g,9,g,0,g,0,g,8,g
875,boston market,honey balsamic basil quarter white chicken,24,g,165,mg,660,g,11,g,44,g,4.5,g,0,g,0,g,7,g
876,boston market,honey balsamic basil three piece dark 2 drumsticks 1 thigh,30,g,205,mg,850,g,11,g,38,g,6,g,0,g,0,g,7,g
877,boston market,honey balsamic basil three piece dark 2 thighs 1 drumstick,36,g,235,mg,1030,g,12,g,44,g,8,g,0,g,0,g,8,g
878,boston market,horseradish,3,g,0,mg,115,g,6,g,0,g,0,g,0,g,0,g,0,g
879,boston market,house side salad,16,g,20,mg,350,g,10,g,4,g,3,g,0,g,2,g,3,g
880,boston market,meatloaf kids,16,g,45,mg,460,g,9,g,13,g,7,g,1,g,1,g,3,g
881,boston market,meatloaf large,49,g,140,mg,1370,g,26,g,39,g,21,g,2.5,g,3,g,8,g
882,boston market,meatloaf regular,33,g,95,mg,910,g,17,g,26,g,14,g,1.5,g,2,g,5,g
883,boston market,meatloaf mac and cheese bowl,39,g,120,mg,2280,g,62,g,38,g,19,g,1.5,g,3,g,15,g
884,boston market,parmesan rotisserie half chicken,28,g,320,mg,1730,g,12,g,73,g,10,g,0,g,0,g,3,g
885,boston market,parmesan rotisserie quarter dark 1 thigh 2 drumsticks,21,g,210,mg,1340,g,12,g,41,g,7,g,0,g,0,g,2,g
886,boston market,parmesan rotisserie quarter dark 2 thighs 1 drumstick,28,g,245,mg,1530,g,12,g,47,g,10,g,0,g,0,g,3,g
887,boston market,parmesan rotisserie quarter white chicken,15,g,175,mg,1150,g,12,g,46,g,6,g,0,g,0,g,2,g
888,boston market,peach cobbler 1 slice,18,g,10,mg,250,g,89,g,5,g,9,g,0,g,4,g,57,g
889,boston market,pecan pie limited availability,42,g,110,mg,550,g,80,g,7,g,15,g,0,g,2,g,76,g
890,boston market,poultry gravy,0,g,0,mg,85,g,2,g,0,g,0,g,0,g,0,g,0,g
891,boston market,pulled rotisserie chicken cheddar mashed bowl,23,g,120,mg,1190,g,47,g,31,g,13,g,0,g,5,g,4,g
892,boston market,ranch dressing,20,g,15,mg,280,g,2,g,1,g,3,g,0,g,0,g,1,g
893,boston market,roasted garlic and herb half chicken,35,g,340,mg,1720,g,13,g,72,g,14,g,0.5,g,0,g,3,g
894,boston market,roasted garlic and herb quarter dark 1 thigh 2 drumsticks,27,g,230,mg,1330,g,13,g,40,g,12,g,0.5,g,0,g,2,g
895,boston market,roasted garlic and herb quarter dark 2 thighs 1 drumstick,34,g,265,mg,1510,g,13,g,46,g,14,g,0.5,g,0,g,3,g
896,boston market,roasted garlic and herb quarter white,22,g,190,mg,1140,g,12,g,45,g,10,g,0.5,g,0,g,2,g
897,boston market,roasted turkey carver,55,g,140,mg,1930,g,73,g,46,g,16,g,0,g,5,g,4,g
898,boston market,roasted turkey carver half,28,g,70,mg,960,g,37,g,23,g,8,g,0,g,2,g,2,g
899,boston market,rotisserie chicken half chicken,24,g,315,mg,1160,g,1,g,70,g,7,g,0,g,0,g,1,g
900,boston market,rotisserie chicken quarter dark 1 thigh and 1 drumstick,13,g,145,mg,580,g,1,g,27,g,4,g,0,g,0,g,1,g
901,boston market,rotisserie chicken quarter white,11,g,165,mg,590,g,0,g,43,g,3.5,g,0,g,0,g,0,g
902,boston market,rotisserie chicken quarter white skinless,5,g,150,mg,480,g,1,g,40,g,1.5,g,0,g,0,g,1,g
903,boston market,rotisserie chicken three piece dark 2 drum 1 thigh,16,g,205,mg,780,g,1,g,37,g,5,g,0,g,0,g,1,g
904,boston market,rotisserie chicken three piece dark 2 thigh 1 drum,23,g,235,mg,960,g,1,g,43,g,7,g,0,g,0,g,1,g
905,boston market,rotisserie chicken and bbq ribs quarter white chicken and quarter rack ribs,39,g,295,mg,1460,g,3,g,77,g,13,g,0,g,0,g,2,g
906,boston market,rotisserie chicken bowl,18,g,110,mg,1020,g,51,g,34,g,7,g,0,g,8,g,10,g
907,boston market,rotisserie chicken carver,53,g,175,mg,1880,g,73,g,52,g,15,g,0,g,5,g,4,g
908,boston market,rotisserie chicken carver half,27,g,85,mg,940,g,37,g,26,g,8,g,0,g,2,g,2,g
909,boston market,rotisserie chicken pot pie,42,g,115,mg,1780,g,64,g,28,g,19,g,0,g,3,g,10,g
910,boston market,rotisserie prime rib,47,g,160,mg,770,g,0,g,55,g,12,g,3,g,1,g,1,g
911,boston market,rotisserie prime rib with beef au jus and horseradish,50,g,160,mg,1040,g,8,g,56,g,12,g,3,g,1,g,2,g
912,boston market,rotisserie turkey bowl,18,g,85,mg,1160,g,53,g,26,g,9,g,0,g,6,g,5,g
913,boston market,rotisserie turkey breast bowl,13,g,60,mg,870,g,28,g,25,g,2.5,g,0,g,1,g,5,g
914,boston market,sesame half chicken,30,g,315,mg,1620,g,18,g,70,g,8,g,0,g,0,g,1,g
915,boston market,sesame quarter white chicken,17,g,165,mg,1040,g,18,g,43,g,4,g,0,g,0,g,0,g
916,boston market,sesame three piece dark chicken 2 drum 1 thigh,23,g,205,mg,1230,g,18,g,38,g,6,g,0,g,0,g,1,g
917,boston market,sesame three piece dark chicken 2 thigh 1 drum,30,g,235,mg,1410,g,18,g,44,g,8,g,0,g,0,g,1,g
918,boston market,southwest chicken and cilantro lime rice bowl,15,g,65,mg,790,g,58,g,26,g,2.5,g,0,g,1,g,3,g
919,boston market,southwest chicken carver,65,g,195,mg,2330,g,76,g,57,g,19,g,0,g,7,g,5,g
920,boston market,southwest chicken carver half,33,g,100,mg,1160,g,38,g,28,g,9,g,0,g,4,g,2,g
921,boston market,southwest cobb salad,53,g,155,mg,1390,g,30,g,43,g,10,g,0,g,8,g,10,g
922,boston market,southwest cobb side salad,23,g,25,mg,530,g,11,g,5,g,4.5,g,0,g,3,g,4,g
923,boston market,turkey and cheddar slider,19,g,50,mg,680,g,24,g,15,g,6,g,0,g,1,g,1,g
924,boston market,turkey kids,2.5,g,45,mg,220,g,0,g,15,g,1,g,0,g,0,g,0,g
925,boston market,turkey breast large,6,g,120,mg,620,g,1,g,42,g,3,g,0,g,0,g,0,g
926,boston market,turkey breast regular,4.5,g,85,mg,440,g,1,g,30,g,2,g,0,g,0,g,0,g
927,boston market,turkey pot pie,38,g,65,mg,1670,g,64,g,28,g,18,g,0,g,3,g,10,g
928,boston market,vegetarian bowl,14,g,15,mg,640,g,64,g,9,g,5,g,0,g,4,g,5,g
929,boston market,vegetarian sandwich catering only,63,g,90,mg,1550,g,69,g,28,g,19,g,0,g,8,g,9,g
930,boston market,white chicken kids 1 breast and 1 wing,11,g,165,mg,590,g,0,g,43,g,3.5,g,0,g,0,g,0,g
931,boston market,zesty barbecue mild,0,g,0,mg,230,g,10,g,0,g,0,g,0,g,0,g,9,g
932,bostons gourmet pizza usa,mama meata bow tie pasta,58.1,g,0,mg,2188,g,103.1,g,42.1,g,0,g,0,g,6,g,0,g
933,bostons gourmet pizza usa,mango habanero fried wings double order,120,g,0,mg,6180,g,45,g,224,g,0,g,0,g,14,g,0,g
934,bostons gourmet pizza usa,individual five cheese pizza,38,g,0,mg,1440,g,90,g,45,g,0,g,0,g,4,g,0,g
935,bostons gourmet pizza usa,bbq boneless wings,5,g,0,mg,2070,g,98,g,54,g,0,g,0,g,4,g,0,g
936,bostons gourmet pizza usa,hot oven roasted wings,49,g,0,mg,3710,g,7,g,53,g,0,g,0,g,1,g,0,g
937,bostons gourmet pizza usa,pepperoni stuffed twist bread with pomodoro sauce,40.9,g,0,mg,1562,g,85.9,g,30,g,0,g,0,g,4,g,0,g
938,bostons gourmet pizza usa,cajun boneless wings,4.5,g,0,mg,3650,g,63,g,53,g,0,g,0,g,4,g,0,g
939,bostons gourmet pizza usa,flying buffalo pizza flight,8,g,0,mg,420,g,42,g,15,g,0,g,0,g,2,g,0,g
940,bostons gourmet pizza usa,garlic parmesan fried wings starter size,67,g,0,mg,3740,g,19,g,118,g,0,g,0,g,9,g,0,g
941,bostons gourmet pizza usa,team platter with dip sauces,170,g,0,mg,7110,g,247,g,157,g,0,g,0,g,14,g,0,g
942,bostons gourmet pizza usa,pickles and peppers with ranch sauce,51,g,0,mg,4130,g,137,g,28,g,0,g,0,g,8,g,0,g
943,bostons gourmet pizza usa,nachos with diced steak,97,g,0,mg,3550,g,106,g,79,g,0,g,0,g,15,g,0,g
944,bostons gourmet pizza usa,hot boneless wings,4.5,g,0,mg,3340,g,63,g,53,g,0,g,0,g,4,g,0,g
945,bostons gourmet pizza usa,spinach and artichoke dip with garlic parmesan bread,68,g,0,mg,3200,g,125,g,58,g,0,g,0,g,6,g,0,g
946,bostons gourmet pizza usa,trip dip,89,g,0,mg,2920,g,166,g,37,g,0,g,0,g,20,g,0,g
947,bostons gourmet pizza usa,bbq chicken pizza flight,6,g,0,mg,390,g,52,g,15,g,0,g,0,g,2,g,0,g
948,bostons gourmet pizza usa,nachos with spicy chicken,94,g,0,mg,4000,g,107,g,86,g,0,g,0,g,15,g,0,g
949,bostons gourmet pizza usa,creamy buffalo oven roasted wings,60,g,0,mg,2190,g,10,g,54,g,0,g,0,g,1,g,0,g
950,bostons gourmet pizza usa,plain nachos,89,g,0,mg,3480,g,106,g,56,g,0,g,0,g,15,g,0,g
951,bostons gourmet pizza usa,ultimate pepperoni pizza flight,18,g,0,mg,670,g,43,g,18,g,0,g,0,g,2,g,0,g
952,bostons gourmet pizza usa,plain chips and queso,65,g,0,mg,3800,g,106,g,43,g,0,g,0,g,8,g,0,g
953,bostons gourmet pizza usa,ragin cajun fried wings starter size,60,g,0,mg,5670,g,13,g,112,g,0,g,0,g,8,g,0,g
954,bostons gourmet pizza usa,dry rub ranch oven roasted wings,49,g,0,mg,1590,g,7,g,53,g,0,g,0,g,1,g,0,g
955,bostons gourmet pizza usa,pepperoni pizza wing with pizza sauce,62,g,0,mg,3450,g,18,g,100,g,0,g,0,g,5,g,0,g
956,bostons gourmet pizza usa,creamy buffalo fried wings starter size,71,g,0,mg,3840,g,16,g,113,g,0,g,0,g,8,g,0,g
957,bostons gourmet pizza usa,deluxe pizza flight,10,g,0,mg,520,g,48,g,13,g,0,g,0,g,4,g,0,g
958,bostons gourmet pizza usa,ragin cajun oven roasted wings,49,g,0,mg,4020,g,6,g,53,g,0,g,0,g,1,g,0,g
959,bostons gourmet pizza usa,bacon wrapped skewer with sauce,86,g,0,mg,2630,g,1,g,70,g,0,g,0,g,0,g,0,g
960,bostons gourmet pizza usa,garlic parmesan oven roasted wings,68,g,0,mg,1880,g,10,g,58,g,0,g,0,g,1,g,0,g
961,bostons gourmet pizza usa,chips and queso with taco beef,80,g,0,mg,4620,g,107,g,53,g,0,g,0,g,9,g,0,g
962,bostons gourmet pizza usa,garlic parmesan boneless wings,12,g,0,mg,1720,g,69,g,59,g,0,g,0,g,5,g,0,g
963,bostons gourmet pizza usa,spicy garlic oven roasted wings,57,g,0,mg,2480,g,16,g,55,g,0,g,0,g,3,g,0,g
964,bostons gourmet pizza usa,nachos with ground beef,121,g,0,mg,4080,g,108,g,74,g,0,g,0,g,15,g,0,g
965,bostons gourmet pizza usa,spicy garlic boneless wings,12,g,0,mg,2110,g,73,g,55,g,0,g,0,g,5,g,0,g
966,bostons gourmet pizza usa,chips and queso with spicy chicken,67,g,0,mg,4520,g,108,g,58,g,0,g,0,g,8,g,0,g
967,bostons gourmet pizza usa,florentine pizza flight,6,g,0,mg,520,g,48,g,13,g,0,g,0,g,4,g,0,g
968,bostons gourmet pizza usa,loaded cactus cuts,103,g,0,mg,5020,g,126,g,49,g,0,g,0,g,9,g,0,g
969,bostons gourmet pizza usa,asian glaze oven roasted wings starter size,57,g,0,mg,3550,g,29,g,82,g,0,g,0,g,3,g,0,g
970,bostons gourmet pizza usa,chips and queso with steak,71,g,0,mg,3850,g,106,g,61,g,0,g,0,g,8,g,0,g
971,bostons gourmet pizza usa,asian glaze boneless wings,4.5,g,0,mg,2130,g,88,g,54,g,0,g,0,g,5,g,0,g
972,bostons gourmet pizza usa,bruschetta,20,g,0,mg,1930,g,51,g,11,g,0,g,0,g,2,g,0,g
973,bostons gourmet pizza usa,spicy garlic fried wings starter size,67,g,0,mg,4120,g,22,g,114,g,0,g,0,g,9,g,0,g
974,bostons gourmet pizza usa,dry rub ranch boneless wings,4.5,g,0,mg,1230,g,64,g,54,g,0,g,0,g,4,g,0,g
975,bostons gourmet pizza usa,hot fried wings,60,g,0,mg,5630,g,13,g,112,g,0,g,0,g,8,g,0,g
976,bostons gourmet pizza usa,asian glaze oven roasted wings double order,120,g,0,mg,8120,g,70,g,226,g,0,g,0,g,16,g,0,g
977,bostons gourmet pizza usa,lemon pepper fried wings,60,g,0,mg,4360,g,16,g,113,g,0,g,0,g,8,g,0,g
978,bostons gourmet pizza usa,dry rub fried wings double order,135,g,0,mg,7460,g,35,g,235,g,0,g,0,g,16,g,0,g
979,bostons gourmet pizza usa,bbq oven roasted wings starter size,57,g,0,mg,3510,g,39,g,82,g,0,g,0,g,1,g,0,g
980,bostons gourmet pizza usa,korean bbq fried wings,60,g,0,mg,3910,g,36,g,113,g,0,g,0,g,8,g,0,g
981,bostons gourmet pizza usa,dry rub ranch fried wings double order,120,g,0,mg,6470,g,25,g,225,g,0,g,0,g,15,g,0,g
982,bostons gourmet pizza usa,bourbon bbq fried wings,60,g,0,mg,3390,g,37,g,112,g,0,g,0,g,8,g,0,g
983,bostons gourmet pizza usa,creamy buffalo fried wings double order,142,g,0,mg,7650,g,29,g,226,g,0,g,0,g,15,g,0,g
984,bostons gourmet pizza usa,asian fried wings double order,120,g,0,mg,8270,g,74,g,226,g,0,g,0,g,17,g,0,g
985,bostons gourmet pizza usa,bbq fried wings,60,g,0,mg,4090,g,48,g,113,g,0,g,0,g,8,g,0,g
986,bostons gourmet pizza usa,atomic fried wings,60,g,0,mg,3380,g,14,g,113,g,0,g,0,g,8,g,0,g
987,bostons gourmet pizza usa,cajun fried wings double order,120,g,0,mg,6840,g,21,g,224,g,0,g,0,g,14,g,0,g
988,bostons gourmet pizza usa,spicy garlic fried wings double order,134,g,0,mg,8230,g,42,g,228,g,0,g,0,g,18,g,0,g
989,bostons gourmet pizza usa,teriyaki fried wings starter size,60,g,0,mg,4450,g,29,g,114,g,0,g,0,g,8,g,0,g
990,bostons gourmet pizza usa,mango habanero fried wings starter size,60,g,0,mg,3130,g,25,g,112,g,0,g,0,g,8,g,0,g
991,bostons gourmet pizza usa,teriyaki fried chicken wings double order,120,g,0,mg,8870,g,55,g,228,g,0,g,0,g,15,g,0,g
992,bostons gourmet pizza usa,smoked sea salt fried wings,60,g,0,mg,3590,g,15,g,113,g,0,g,0,g,8,g,0,g
993,bostons gourmet pizza usa,ragin cajun fried wings double order,120,g,0,mg,11320,g,23,g,225,g,0,g,0,g,15,g,0,g
994,bostons gourmet pizza usa,garlic parmesan fried wings double order,135,g,0,mg,7460,g,35,g,235,g,0,g,0,g,16,g,0,g
995,bostons gourmet pizza usa,asian glaze fried wings starter size,60,g,0,mg,4140,g,38,g,113,g,0,g,0,g,9,g,0,g
996,bostons gourmet pizza usa,dry rub ranch fried wings starter size,60,g,0,mg,3250,g,14,g,113,g,0,g,0,g,8,g,0,g
997,bostons gourmet pizza usa,cajun fried wings starter size,60,g,0,mg,3460,g,13,g,112,g,0,g,0,g,8,g,0,g
998,bostons gourmet pizza usa,apple crisp with ice cream and sauce,50,g,0,mg,370,g,147,g,12,g,0,g,0,g,4,g,0,g
999,bostons gourmet pizza usa,bostons whisky cake with ice cream and sauce,53,g,0,mg,820,g,131,g,9,g,0,g,0,g,4,g,0,g
