,Restaurant Name,Food Name,Total Fat Amount,Total Fat Unit,Cholesterol Amount,Cholesterol Unit,Sodium Amount,Sodium Unit,Total Carbohydrate Amount,Total Carbohydrate Unit,Protein Amount,Protein Unit,Saturated Fat Amount,Saturated Fat Unit,Trans Fat Amount,Trans Fat Unit,Dietary Fiber Amount,Dietary Fiber Unit,Sugars Amount,Sugars Unit
0,ryans grill buffet bakery,navy bean soup with ham,0.5,g,0,mg,350,g,9,g,4,g,0,g,0,g,2,g,2,g
1,ryans grill buffet bakery,nestle crunchepieces,4,g,0,mg,20,g,10,g,1,g,2.5,g,0,g,0,g,8,g
2,ryans grill buffet bakery,new england clam chowder,11,g,5,mg,440,g,12,g,2,g,8,g,0,g,1,g,1,g
3,ryans grill buffet bakery,new orleans bourbon street chicken,8,g,55,mg,580,g,9,g,17,g,1.5,g,0,g,0,g,1,g
4,ryans grill buffet bakery,non dairy creamers,0.5,g,0,mg,0,g,0,g,0,g,0,g,0,g,0,g,0,g
5,ryans grill buffet bakery,oatmeal,1.5,g,0,mg,110,g,12,g,2,g,0,g,0,g,2,g,0,g
6,ryans grill buffet bakery,oatmeal raisin cookie,6,g,5,mg,85,g,16,g,2,g,2,g,0,g,1,g,8,g
7,ryans grill buffet bakery,oatmeal raisin muffin,10,g,0,mg,290,g,43,g,5,g,1.5,g,0,g,2,g,18,g
8,ryans grill buffet bakery,omelet plain,11,g,360,mg,150,g,2,g,10,g,3,g,0,g,0,g,0,g
9,ryans grill buffet bakery,onion rings,14,g,0,mg,220,g,25,g,3,g,2.5,g,0,g,2,g,3,g
10,ryans grill buffet bakery,orange chicken,22,g,55,mg,520,g,26,g,12,g,4.5,g,0,g,1,g,4,g
11,ryans grill buffet bakery,orange dreamsicle,11,g,10,mg,130,g,33,g,3,g,7,g,1,g,1,g,28,g
12,ryans grill buffet bakery,orange juice,0.5,g,0,mg,0,g,39,g,3,g,0,g,0,g,1,g,31,g
13,ryans grill buffet bakery,orange wedges,0,g,0,mg,0,g,8,g,0,g,0,g,0,g,2,g,7,g
14,ryans grill buffet bakery,oriental chicken salad without dressing,1.5,g,15,mg,45,g,6,g,5,g,0,g,0,g,1,g,2,g
15,ryans grill buffet bakery,oriental pasta salad,8,g,15,mg,330,g,14,g,8,g,1,g,0,g,2,g,2,g
16,ryans grill buffet bakery,oriental sesame dressing,4.5,g,0,mg,320,g,12,g,0,g,0.5,g,0,g,0,g,9,g
17,ryans grill buffet bakery,orzo pasta with feta cheese,8,g,5,mg,440,g,17,g,4,g,2,g,0,g,2,g,3,g
18,ryans grill buffet bakery,parmesan cheese,2,g,5,mg,110,g,0,g,3,g,1,g,0,g,0,g,0,g
19,ryans grill buffet bakery,parmesan crusted tilapia,7,g,45,mg,230,g,7,g,21,g,2,g,0,g,0,g,1,g
20,ryans grill buffet bakery,pasta florentine with creamy marinara,8,g,10,mg,270,g,14,g,4,g,2,g,0,g,2,g,3,g
21,ryans grill buffet bakery,pasta primavera,10,g,5,mg,250,g,14,g,4,g,4,g,0,g,2,g,2,g
22,ryans grill buffet bakery,peach cobbler,8,g,0,mg,95,g,33,g,1,g,2,g,2,g,1,g,10,g
23,ryans grill buffet bakery,peach cupcake,13,g,55,mg,260,g,33,g,3,g,3,g,1.5,g,1,g,22,g
24,ryans grill buffet bakery,peach muffin,9,g,0,mg,300,g,38,g,4,g,1.5,g,0,g,1,g,16,g
25,ryans grill buffet bakery,peach topping,0,g,0,mg,15,g,11,g,0,g,0,g,0,g,0,g,4,g
26,ryans grill buffet bakery,peanut butter,8,g,0,mg,80,g,3,g,4,g,1.5,g,0,g,1,g,1,g
27,ryans grill buffet bakery,peanut butter cookie,6,g,0,mg,150,g,14,g,2,g,1.5,g,1,g,1,g,8,g
28,ryans grill buffet bakery,peanut butter mocha,16,g,0,mg,200,g,21,g,3,g,8,g,0.5,g,2,g,8,g
29,ryans grill buffet bakery,peas,0,g,0,mg,10,g,2,g,1,g,0,g,0,g,1,g,1,g
30,ryans grill buffet bakery,pecan pie,19,g,50,mg,230,g,33,g,3,g,4,g,2,g,1,g,18,g
31,ryans grill buffet bakery,peel and eat shrimp,0,g,10,mg,40,g,0,g,1,g,0,g,0,g,0,g,0,g
32,ryans grill buffet bakery,pepperoncini,0,g,0,mg,170,g,1,g,0,g,0,g,0,g,0,g,0,g
33,ryans grill buffet bakery,pepperoni and sausage calzone,6,g,45,mg,390,g,15,g,7,g,3,g,0,g,0,g,4,g
34,ryans grill buffet bakery,pepperoni pizza,9,g,25,mg,580,g,22,g,10,g,4,g,0,g,1,g,2,g
35,ryans grill buffet bakery,perfect pot roast,7,g,40,mg,780,g,9,g,15,g,2.5,g,0,g,1,g,3,g
36,ryans grill buffet bakery,pickle relish,0,g,0,mg,140,g,6,g,0,g,0,g,0,g,0,g,3,g
37,ryans grill buffet bakery,pickled beets,0,g,0,mg,110,g,18,g,1,g,0,g,0,g,2,g,16,g
38,ryans grill buffet bakery,pico de gallo,0,g,0,mg,150,g,3,g,0,g,0,g,0,g,0,g,2,g
39,ryans grill buffet bakery,pina colada muffin,9,g,0,mg,280,g,33,g,3,g,1.5,g,0,g,1,g,17,g
40,ryans grill buffet bakery,pineapple,0,g,0,mg,0,g,10,g,0,g,0,g,0,g,1,g,7,g
41,ryans grill buffet bakery,pinto beans with bacon,2,g,5,mg,380,g,13,g,4,g,0.5,g,0,g,4,g,0,g
42,ryans grill buffet bakery,poached eggs,5,g,210,mg,150,g,0,g,6,g,1.5,g,0,g,0,g,0,g
43,ryans grill buffet bakery,popcorn shrimp,6,g,35,mg,590,g,12,g,4,g,1,g,0,g,1,g,1,g
44,ryans grill buffet bakery,poppy seed muffin,10,g,0,mg,280,g,29,g,4,g,1.5,g,0,g,2,g,13,g
45,ryans grill buffet bakery,pot roast stroganoff,6,g,25,mg,540,g,15,g,6,g,2,g,0,g,1,g,3,g
46,ryans grill buffet bakery,potato cheese soup,9,g,10,mg,260,g,9,g,3,g,5,g,0,g,1,g,1,g
47,ryans grill buffet bakery,potato salad,7,g,25,mg,300,g,15,g,2,g,1,g,0,g,1,g,4,g
48,ryans grill buffet bakery,potato skins,5,g,0,mg,90,g,7,g,1,g,0.5,g,0,g,0,g,0,g
49,ryans grill buffet bakery,potatoes con queso,6,g,5,mg,460,g,17,g,2,g,1.5,g,0,g,1,g,2,g
50,ryans grill buffet bakery,potatoes o brien,6,g,0,mg,270,g,25,g,2,g,1,g,0,g,2,g,2,g
51,ryans grill buffet bakery,pumpernickel bread loaf,1,g,0,mg,170,g,12,g,2,g,0,g,0,g,2,g,0,g
52,ryans grill buffet bakery,pumpkin pie,11,g,35,mg,240,g,23,g,3,g,6,g,0,g,1,g,14,g
53,ryans grill buffet bakery,pumpkin with raisins muffin,9,g,0,mg,290,g,38,g,4,g,1.5,g,0,g,2,g,19,g
54,ryans grill buffet bakery,queso dip,2,g,5,mg,420,g,8,g,1,g,1,g,0,g,0,g,1,g
55,ryans grill buffet bakery,radishes,0,g,0,mg,0,g,1,g,0,g,0,g,0,g,0,g,0,g
56,ryans grill buffet bakery,raisin fluff,3,g,0,mg,160,g,21,g,2,g,2.5,g,0,g,1,g,11,g
57,ryans grill buffet bakery,raisins,0,g,0,mg,0,g,10,g,0,g,0,g,0,g,1,g,7,g
58,ryans grill buffet bakery,ranch dressing,15,g,10,mg,240,g,2,g,0,g,2.5,g,0,g,0,g,1,g
59,ryans grill buffet bakery,ranch red potatoes,4.5,g,0,mg,150,g,16,g,2,g,1,g,0,g,2,g,1,g
60,ryans grill buffet bakery,red beans with ham,1.5,g,5,mg,360,g,8,g,4,g,0,g,0,g,3,g,2,g
61,ryans grill buffet bakery,reduced fat ranch dressing,5,g,5,mg,280,g,5,g,0,g,0,g,0,g,0,g,1,g
62,ryans grill buffet bakery,reduced sugar and calorie chocolate pudding,1,g,5,mg,360,g,12,g,4,g,0.5,g,0,g,1,g,4,g
63,ryans grill buffet bakery,reduced sugar and calorie vanilla pudding,1,g,5,mg,65,g,5,g,3,g,0.5,g,0,g,0,g,4,g
64,ryans grill buffet bakery,reduced sugar apple pie,13,g,0,mg,160,g,28,g,3,g,3,g,3,g,2,g,10,g
65,ryans grill buffet bakery,reduced sugar banana cream pie,11,g,0,mg,150,g,20,g,2,g,9,g,0,g,1,g,4,g
66,ryans grill buffet bakery,reduced sugar cherry pie,10,g,0,mg,330,g,18,g,2,g,8,g,0,g,0,g,2,g
67,ryans grill buffet bakery,reduced sugar chocolate cream pie,12,g,0,mg,260,g,19,g,2,g,9,g,1.5,g,1,g,1,g
68,ryans grill buffet bakery,reduced sugar lemon pie,10,g,0,mg,330,g,18,g,2,g,8,g,0,g,0,g,2,g
69,ryans grill buffet bakery,reduced sugar lime pie,10,g,0,mg,330,g,18,g,2,g,8,g,0,g,0,g,2,g
70,ryans grill buffet bakery,reduced sugar orange pie,10,g,0,mg,330,g,18,g,2,g,8,g,0,g,0,g,2,g
71,ryans grill buffet bakery,reduced sugar raspberry pie,10,g,0,mg,330,g,18,g,2,g,8,g,0,g,0,g,2,g
72,ryans grill buffet bakery,reduced sugar strawberry pie,10,g,0,mg,330,g,18,g,2,g,8,g,0,g,0,g,2,g
73,ryans grill buffet bakery,refried beans,2.5,g,5,mg,390,g,12,g,6,g,1.5,g,0,g,4,g,0,g
74,ryans grill buffet bakery,risotto style rice,4,g,0,mg,310,g,15,g,2,g,1,g,0,g,0,g,1,g
75,ryans grill buffet bakery,risotto style rice with chicken,5,g,15,mg,480,g,13,g,6,g,1,g,0,g,0,g,1,g
76,ryans grill buffet bakery,roasted jerk chicken breast,18,g,165,mg,820,g,0,g,40,g,5,g,0,g,0,g,0,g
77,ryans grill buffet bakery,roasted jerk chicken drumstick,7,g,55,mg,340,g,0,g,10,g,2,g,0,g,0,g,0,g
78,ryans grill buffet bakery,roasted jerk chicken thigh,11,g,105,mg,660,g,0,g,20,g,3,g,0,g,0,g,0,g
79,ryans grill buffet bakery,roasted jerk chicken wing,4.5,g,40,mg,260,g,0,g,10,g,1.5,g,0,g,0,g,0,g
80,ryans grill buffet bakery,roasted red pepper,0,g,0,mg,210,g,1,g,0,g,0,g,0,g,0,g,1,g
81,ryans grill buffet bakery,rocky road cupcake,16,g,60,mg,280,g,38,g,4,g,4,g,2,g,0,g,29,g
82,ryans grill buffet bakery,rocky road pudding,6,g,0,mg,135,g,27,g,2,g,1.5,g,1,g,1,g,19,g
83,ryans grill buffet bakery,romaine lettuce,0,g,0,mg,5,g,1,g,1,g,0,g,0,g,1,g,0,g
84,ryans grill buffet bakery,rotisserie chicken breast,17,g,165,mg,680,g,1,g,40,g,5,g,0,g,2,g,1,g
85,ryans grill buffet bakery,rotisserie chicken drumstick,6,g,55,mg,170,g,0,g,10,g,1.5,g,0,g,0,g,0,g
86,ryans grill buffet bakery,rotisserie chicken thigh,11,g,105,mg,340,g,1,g,20,g,3,g,0,g,0,g,0,g
87,ryans grill buffet bakery,rotisserie chicken wing,4.5,g,45,mg,180,g,0,g,10,g,1.5,g,0,g,0,g,0,g
88,ryans grill buffet bakery,rum raisin muffin,8,g,0,mg,280,g,40,g,4,g,1,g,0,g,1,g,21,g
89,ryans grill buffet bakery,rye bread loaf,1,g,0,mg,210,g,15,g,3,g,0,g,0,g,2,g,1,g
90,ryans grill buffet bakery,salisbury steak,9,g,25,mg,300,g,8,g,9,g,3.5,g,0.5,g,1,g,1,g
91,ryans grill buffet bakery,salmon with creole shrimp,7,g,70,mg,140,g,2,g,18,g,1,g,0,g,0,g,1,g
92,ryans grill buffet bakery,salsa,0,g,0,mg,150,g,2,g,0,g,0,g,0,g,0,g,0,g
93,ryans grill buffet bakery,sauerkraut,0,g,0,mg,110,g,1,g,0,g,0,g,0,g,0,g,0,g
94,ryans grill buffet bakery,sausage gravy,2,g,0,mg,250,g,5,g,0,g,0.5,g,0,g,0,g,0,g
95,ryans grill buffet bakery,sausage links,10,g,25,mg,190,g,0,g,3,g,3.5,g,0,g,0,g,0,g
96,ryans grill buffet bakery,sauteed bell peppers,1,g,0,mg,15,g,2,g,0,g,0,g,0,g,0,g,1,g
97,ryans grill buffet bakery,sauteed jalapenos and onions,1,g,0,mg,20,g,2,g,0,g,0,g,0,g,1,g,1,g
98,ryans grill buffet bakery,sauteed onions,0.5,g,0,mg,15,g,3,g,0,g,0,g,0,g,0,g,1,g
99,ryans grill buffet bakery,sauteed zucchini,4,g,0,mg,60,g,4,g,1,g,0.5,g,0,g,1,g,2,g
100,ryans grill buffet bakery,scotcheroo,7,g,0,mg,110,g,27,g,3,g,2.5,g,0,g,1,g,17,g
101,ryans grill buffet bakery,scrambled eggs,10,g,240,mg,100,g,0,g,7,g,2.5,g,0,g,0,g,0,g
102,ryans grill buffet bakery,seafood patties,6,g,30,mg,460,g,13,g,3,g,1,g,0,g,1,g,1,g
103,ryans grill buffet bakery,seafood salad,26,g,40,mg,500,g,15,g,4,g,3.5,g,0,g,1,g,3,g
104,ryans grill buffet bakery,seasoned cabbage,2,g,0,mg,310,g,5,g,1,g,0.5,g,0,g,2,g,3,g
105,ryans grill buffet bakery,seasoned collard greens,2.5,g,0,mg,310,g,3,g,1,g,0,g,0,g,2,g,1,g
106,ryans grill buffet bakery,seasoned green beans,2,g,0,mg,160,g,6,g,1,g,0,g,0,g,2,g,1,g
107,ryans grill buffet bakery,seasoned turnip greens,2.5,g,0,mg,310,g,3,g,1,g,0,g,0,g,2,g,1,g
108,ryans grill buffet bakery,seven layer bar,9,g,5,mg,135,g,32,g,4,g,4,g,0,g,1,g,26,g
109,ryans grill buffet bakery,seven layer salad,17,g,30,mg,250,g,4,g,5,g,4.5,g,0,g,1,g,2,g
110,ryans grill buffet bakery,shredded cheddar cheese,3.5,g,10,mg,60,g,0,g,3,g,2,g,0,g,0,g,0,g
111,ryans grill buffet bakery,shredded monterey jack cheese,3,g,10,mg,55,g,0,g,2,g,2,g,0,g,0,g,0,g
112,ryans grill buffet bakery,shredded mozzarella cheese,2,g,5,mg,55,g,0,g,3,g,1.5,g,0,g,0,g,0,g
113,ryans grill buffet bakery,shrimp alfredo,10,g,95,mg,280,g,14,g,14,g,4,g,0,g,1,g,1,g
114,ryans grill buffet bakery,shrimp scampi,13,g,120,mg,380,g,21,g,16,g,3.5,g,0,g,1,g,1,g
115,ryans grill buffet bakery,sicilian pasta salad,7,g,5,mg,430,g,16,g,4,g,1.5,g,0,g,1,g,2,g
116,ryans grill buffet bakery,sizzling bbq beef brisket,6,g,30,mg,500,g,6,g,23,g,2,g,0,g,0,g,6,g
117,ryans grill buffet bakery,sliced ham,4.5,g,25,mg,660,g,1,g,7,g,2.5,g,0,g,0,g,1,g
118,ryans grill buffet bakery,sliced peaches,0,g,0,mg,0,g,2,g,0,g,0,g,0,g,0,g,2,g
119,ryans grill buffet bakery,sliced red onions,0,g,0,mg,0,g,1,g,0,g,0,g,0,g,0,g,0,g
120,ryans grill buffet bakery,sliced tomatoes,0,g,0,mg,0,g,1,g,0,g,0,g,0,g,0,g,0,g
121,ryans grill buffet bakery,smokey red beans and rice,7,g,5,mg,290,g,10,g,4,g,2.5,g,0,g,3,g,0,g
122,ryans grill buffet bakery,snickerdoodle cookie,5,g,0,mg,55,g,17,g,1,g,1,g,2,g,0,g,10,g
123,ryans grill buffet bakery,snickerdoodle cookie pizza,9,g,15,mg,135,g,21,g,2,g,6,g,0,g,0,g,13,g
124,ryans grill buffet bakery,sour cream,2.5,g,5,mg,5,g,1,g,0,g,1.5,g,0,g,0,g,0,g
125,ryans grill buffet bakery,southwest salad,2,g,0,mg,260,g,7,g,1,g,0,g,0,g,1,g,2,g
126,ryans grill buffet bakery,soy sauce,0,g,0,mg,340,g,1,g,0,g,0,g,0,g,0,g,0,g
127,ryans grill buffet bakery,spaghetti,3,g,0,mg,90,g,27,g,5,g,0.5,g,0,g,2,g,1,g
128,ryans grill buffet bakery,spaghetti and meat sauce,3,g,10,mg,430,g,17,g,8,g,1,g,0,g,2,g,4,g
129,ryans grill buffet bakery,spaghetti and meatballs,5,g,10,mg,500,g,19,g,7,g,2,g,0,g,3,g,3,g
130,ryans grill buffet bakery,spanish rice,7,g,30,mg,370,g,9,g,9,g,3.5,g,0,g,1,g,2,g
131,ryans grill buffet bakery,spinach leaves,0,g,0,mg,25,g,1,g,1,g,0,g,0,g,1,g,0,g
132,ryans grill buffet bakery,spinach marie,14,g,100,mg,480,g,8,g,7,g,5,g,0,g,1,g,1,g
133,ryans grill buffet bakery,spinach salad,7,g,70,mg,250,g,3,g,4,g,1.5,g,0,g,1,g,2,g
134,ryans grill buffet bakery,spring mix,0,g,0,mg,5,g,1,g,1,g,0,g,0,g,1,g,0,g
135,ryans grill buffet bakery,sprinkles,2,g,0,mg,0,g,13,g,0,g,1.5,g,0,g,0,g,11,g
136,ryans grill buffet bakery,squash,9,g,0,mg,10,g,18,g,1,g,2,g,0,g,1,g,9,g
137,ryans grill buffet bakery,steak fajita,6,g,40,mg,300,g,2,g,14,g,2,g,0,g,1,g,1,g
138,ryans grill buffet bakery,steamed carrots,2.5,g,0,mg,65,g,7,g,1,g,0.5,g,0,g,3,g,4,g
139,ryans grill buffet bakery,steamed corn,2.5,g,0,mg,210,g,17,g,3,g,0.5,g,0,g,2,g,2,g
140,ryans grill buffet bakery,steamed red potatoes,3,g,0,mg,20,g,15,g,2,g,0.5,g,0,g,2,g,1,g
141,ryans grill buffet bakery,stewed prunes,0,g,0,mg,0,g,27,g,1,g,0,g,0,g,2,g,19,g
142,ryans grill buffet bakery,strawberries,0,g,0,mg,0,g,6,g,1,g,0,g,0,g,1,g,4,g
143,ryans grill buffet bakery,strawberry dessert topping,0,g,0,mg,10,g,15,g,0,g,0,g,0,g,0,g,14,g
144,ryans grill buffet bakery,strawberry marble cake,9,g,25,mg,160,g,28,g,2,g,3,g,0,g,0,g,21,g
145,ryans grill buffet bakery,strawberry mousse cake,11,g,0,mg,135,g,22,g,1,g,7,g,1.5,g,1,g,16,g
146,ryans grill buffet bakery,strawberry muffin,9,g,0,mg,300,g,41,g,4,g,1.5,g,0,g,1,g,22,g
147,ryans grill buffet bakery,strawberry shortcake,3.5,g,0,mg,220,g,39,g,3,g,3,g,0,g,1,g,26,g
148,ryans grill buffet bakery,strawberry topping,0,g,0,mg,10,g,16,g,0,g,0,g,0,g,1,g,15,g
149,ryans grill buffet bakery,strawberry walnut salad,7,g,0,mg,0,g,6,g,2,g,0.5,g,0,g,2,g,3,g
150,ryans grill buffet bakery,strawberry whip,18,g,20,mg,140,g,17,g,1,g,11,g,0,g,0,g,11,g
151,ryans grill buffet bakery,sugar free ranger cookies,5,g,0,mg,100,g,10,g,1,g,2,g,1,g,1,g,0,g
152,ryans grill buffet bakery,sunflower seeds,5,g,0,mg,65,g,2,g,3,g,0.5,g,0,g,1,g,0,g
153,ryans grill buffet bakery,supreme cake,8,g,25,mg,160,g,28,g,2,g,2.5,g,0,g,1,g,17,g
154,ryans grill buffet bakery,sweet pickles,0,g,0,mg,70,g,4,g,0,g,0,g,0,g,0,g,4,g
155,ryans grill buffet bakery,sweet potato pie,17,g,30,mg,140,g,26,g,3,g,5,g,0,g,1,g,15,g
156,ryans grill buffet bakery,sweet potatoes,0,g,0,mg,35,g,20,g,2,g,0,g,0,g,3,g,8,g
157,ryans grill buffet bakery,sweetened iced tea,0,g,0,mg,40,g,26,g,0,g,0,g,0,g,0,g,26,g
158,ryans grill buffet bakery,taco shell baskets,8,g,0,mg,240,g,20,g,3,g,1.5,g,0,g,1,g,1,g
159,ryans grill buffet bakery,taco shells,2.5,g,0,mg,45,g,7,g,1,g,0.5,g,0,g,1,g,0,g
160,ryans grill buffet bakery,tapioca pudding,3.5,g,0,mg,130,g,20,g,2,g,1,g,0,g,0,g,13,g
161,ryans grill buffet bakery,tarragon potato salad,7,g,10,mg,160,g,13,g,1,g,1.5,g,0,g,1,g,1,g
162,ryans grill buffet bakery,tartar sauce,14,g,10,mg,220,g,4,g,0,g,2,g,0,g,0,g,3,g
163,ryans grill buffet bakery,thick cheese sauce,2,g,5,mg,380,g,7,g,1,g,1,g,0,g,0,g,1,g
164,ryans grill buffet bakery,thousand island dressing,10,g,0,mg,320,g,6,g,0,g,1.5,g,0,g,0,g,5,g
165,ryans grill buffet bakery,three bean salad,4.5,g,0,mg,480,g,12,g,2,g,0.5,g,0,g,3,g,0,g
166,ryans grill buffet bakery,toasted oat cereal,2,g,0,mg,280,g,22,g,4,g,0,g,0,g,3,g,1,g
167,ryans grill buffet bakery,topped baked potatoes,6,g,20,mg,190,g,19,g,8,g,3.5,g,0,g,2,g,1,g
168,ryans grill buffet bakery,tossed green salad,0,g,0,mg,5,g,1,g,1,g,0,g,0,g,1,g,0,g
169,ryans grill buffet bakery,tostadas,6,g,0,mg,85,g,14,g,1,g,0.5,g,0,g,1,g,0,g
170,ryans grill buffet bakery,traditional baked chicken breast,17,g,165,mg,630,g,1,g,40,g,5,g,0,g,2,g,0,g
171,ryans grill buffet bakery,traditional baked chicken drumstick,6,g,55,mg,230,g,1,g,10,g,2,g,0,g,0,g,0,g
172,ryans grill buffet bakery,traditional baked chicken thigh,11,g,105,mg,340,g,1,g,20,g,3,g,0,g,1,g,0,g
173,ryans grill buffet bakery,traditional baked chicken wing,4.5,g,40,mg,170,g,0,g,10,g,1,g,0,g,0,g,0,g
174,ryans grill buffet bakery,tres leches,15,g,50,mg,160,g,25,g,4,g,8,g,0,g,0,g,21,g
175,ryans grill buffet bakery,turtle brownie,3.5,g,0,mg,130,g,23,g,2,g,1,g,0,g,1,g,15,g
176,ryans grill buffet bakery,unsweetened iced tea,0,g,0,mg,5,g,0,g,0,g,0,g,0,g,0,g,0,g
177,ryans grill buffet bakery,vanilla pudding,5,g,0,mg,130,g,20,g,1,g,1,g,1.5,g,0,g,16,g
178,ryans grill buffet bakery,vanilla soft serve,5,g,10,mg,65,g,20,g,3,g,3,g,0,g,0,g,14,g
179,ryans grill buffet bakery,vegetable beef soup,2,g,10,mg,240,g,7,g,3,g,0.5,g,0,g,1,g,2,g
180,ryans grill buffet bakery,vegetable rice pilaf,0,g,0,mg,95,g,14,g,2,g,0,g,0,g,1,g,1,g
181,ryans grill buffet bakery,vegetable stir fry,3,g,0,mg,210,g,7,g,2,g,0.5,g,0,g,1,g,3,g
182,ryans grill buffet bakery,waffles,6,g,50,mg,180,g,15,g,2,g,3,g,0,g,1,g,1,g
183,ryans grill buffet bakery,waldorf salad,7,g,5,mg,40,g,12,g,2,g,1,g,0,g,1,g,10,g
184,ryans grill buffet bakery,watermelon,0,g,0,mg,0,g,6,g,1,g,0,g,0,g,0,g,5,g
185,ryans grill buffet bakery,wheat bread loaf,1,g,0,mg,130,g,12,g,3,g,0,g,0,g,1,g,1,g
186,ryans grill buffet bakery,whipped topping,5,g,0,mg,20,g,3,g,0,g,4.5,g,0,g,0,g,3,g
187,ryans grill buffet bakery,white bread loaf,1,g,0,mg,170,g,13,g,2,g,0,g,0,g,1,g,1,g
188,ryans grill buffet bakery,white gravy,2,g,0,mg,330,g,7,g,1,g,1,g,1,g,0,g,0,g
189,ryans grill buffet bakery,white rice,0,g,0,mg,270,g,20,g,2,g,0,g,0,g,1,g,0,g
190,ryans grill buffet bakery,wood seared salmon,16,g,55,mg,280,g,0,g,19,g,3,g,0,g,0,g,0,g
191,ryans grill buffet bakery,zucchini muffin,9,g,0,mg,290,g,32,g,4,g,1.5,g,0,g,1,g,14,g
192,rallys,10 chicken wings angry buffalo,45,g,350,mg,3030,g,6,g,69,g,15,g,0.5,g,1,g,0,g
193,rallys,10 chicken wings asian kick,45,g,350,mg,2390,g,42,g,69,g,14,g,0.5,g,0,g,36,g
194,rallys,10 chicken wings garlic parmesan,79,g,355,mg,2150,g,6,g,69,g,27,g,1,g,0,g,0,g
195,rallys,10 chicken wings honey bbq,44,g,350,mg,2080,g,38,g,69,g,14,g,0.5,g,1,g,31,g
196,rallys,10 chicken wings medium buffalo,45,g,350,mg,3240,g,5,g,69,g,15,g,0.5,g,0,g,0,g
197,rallys,10 chicken wings plain,44,g,350,mg,1500,g,4,g,68,g,14,g,0.5,g,0,g,0,g
198,rallys,20 chicken wings angry buffalo,91,g,700,mg,6070,g,13,g,137,g,29,g,1.5,g,3,g,0,g
199,rallys,20 chicken wings asian kick,89,g,700,mg,4780,g,84,g,138,g,29,g,1.5,g,0,g,71,g
200,rallys,20 chicken wings garlic parmesan,158,g,710,mg,4290,g,13,g,139,g,55,g,2.5,g,0,g,0,g
201,rallys,20 chicken wings honey bbq,89,g,700,mg,4150,g,76,g,138,g,29,g,1.5,g,3,g,62,g
202,rallys,20 chicken wings medium buffalo,91,g,700,mg,6490,g,10,g,137,g,29,g,1.5,g,0,g,1,g
203,rallys,20 chicken wings plain,89,g,700,mg,3000,g,8,g,136,g,29,g,1.5,g,0,g,0,g
204,rallys,5 chicken wings angry buffalo,23,g,180,mg,1530,g,3,g,35,g,7,g,0,g,1,g,0,g
205,rallys,5 chicken wings asian kick,23,g,180,mg,1210,g,21,g,35,g,7,g,0,g,0,g,18,g
206,rallys,5 chicken wings garlic parmesan,40,g,180,mg,1080,g,3,g,35,g,14,g,0.5,g,0,g,0,g
207,rallys,5 chicken wings honey bbq,23,g,180,mg,1050,g,19,g,35,g,7,g,0,g,1,g,16,g
208,rallys,5 chicken wings medium buffalo,23,g,180,mg,1630,g,3,g,35,g,7,g,0,g,0,g,0,g
209,rallys,5 chicken wings plain,23,g,180,mg,760,g,2,g,35,g,7,g,0,g,0,g,0,g
210,rallys,all american cheeseburger,15,g,40,mg,1160,g,37,g,17,g,7,g,1,g,2,g,8,g
211,rallys,all american hamburger,12,g,30,mg,940,g,37,g,15,g,4.5,g,1,g,2,g,8,g
212,rallys,angry buffalo sauce,0,g,0,mg,770,g,1,g,0,g,0,g,0,g,1,g,0,g
213,rallys,apple pie,12,g,5,mg,310,g,38,g,3,g,5,g,0,g,2,g,14,g
214,rallys,asian kick sauce,0,g,0,mg,450,g,19,g,0,g,0,g,0,g,0,g,18,g
215,rallys,b l t,11,g,15,mg,590,g,35,g,11,g,3,g,0,g,1,g,6,g
216,rallys,bacon,6,g,10,mg,170,g,1,g,4,g,2,g,0,g,0,g,0,g
217,rallys,bacon all american cheeseburger,22,g,50,mg,1590,g,38,g,21,g,9,g,1,g,2,g,8,g
218,rallys,bacon checker rallyburger with cheese,22,g,50,mg,1310,g,40,g,21,g,9,g,1,g,2,g,9,g
219,rallys,bacon roadhouse,47,g,90,mg,1660,g,37,g,29,g,17,g,2,g,1,g,9,g
220,rallys,baconzilla,62,g,145,mg,1670,g,43,g,46,g,24,g,3,g,3,g,7,g
221,rallys,banana milkshake 12 oz,8,g,25,mg,150,g,44,g,5,g,5,g,0,g,1,g,36,g
222,rallys,banana milkshake 16 oz,10,g,35,mg,200,g,58,g,7,g,7,g,0,g,1,g,48,g
223,rallys,banana milkshake 21 oz,13,g,45,mg,260,g,77,g,9,g,9,g,0,g,2,g,63,g
224,rallys,banana milkshake 32 oz,20,g,65,mg,390,g,117,g,14,g,14,g,0,g,3,g,95,g
225,rallys,banana split loaded milkshake 16 oz,9,g,20,mg,150,g,64,g,5,g,7,g,0,g,2,g,55,g
226,rallys,banana split loaded milkshake 21 oz,12,g,30,mg,230,g,101,g,7,g,9,g,0,g,3,g,88,g
227,rallys,banana split loaded milkshake 32 oz,18,g,45,mg,350,g,151,g,10,g,13,g,0,g,4,g,133,g
228,rallys,barqs rootbeer 16 oz,0,g,0,mg,45,g,39,g,0,g,0,g,0,g,0,g,39,g
229,rallys,barqs rootbeer 21 oz,0,g,0,mg,65,g,54,g,0,g,0,g,0,g,0,g,53,g
230,rallys,barqs rootbeer 32 oz,0,g,0,mg,95,g,78,g,0,g,0,g,0,g,0,g,78,g
231,rallys,barqs rootbeer 40 oz,0,g,0,mg,120,g,97,g,0,g,0,g,0,g,0,g,97,g
232,rallys,bbq sauce,0,g,0,mg,300,g,15,g,0,g,0,g,0,g,0,g,12,g
233,rallys,big buford,39,g,115,mg,1730,g,39,g,38,g,18,g,2,g,2,g,9,g
234,rallys,big chicken deluxe,22,g,45,mg,1190,g,49,g,18,g,8,g,0.5,g,5,g,5,g
235,rallys,big chicken sandwich,18,g,35,mg,970,g,48,g,16,g,6,g,0.5,g,5,g,4,g
236,rallys,blue cheese dipping sauce,24,g,25,mg,450,g,2,g,1,g,4.5,g,0,g,0,g,1,g
237,rallys,blue raspberry kool aid slushie 16 oz,0,g,0,mg,110,g,55,g,0,g,0,g,0,g,0,g,55,g
238,rallys,blue raspberry kool aid slushie 21 oz,0,g,0,mg,160,g,76,g,0,g,0,g,0,g,0,g,76,g
239,rallys,bowl of chili,20,g,65,mg,1800,g,26,g,23,g,9,g,0.5,g,9,g,8,g
240,rallys,cake cone,0,g,0,mg,5,g,4,g,0,g,0,g,0,g,0,g,0,g
241,rallys,caramel cheesecake with twix loaded milkshake 16 oz,21,g,40,mg,280,g,60,g,7,g,16,g,0,g,1,g,48,g
242,rallys,caramel cheesecake with twix loaded milkshake 21 oz,30,g,55,mg,400,g,88,g,10,g,22,g,0,g,2,g,70,g
243,rallys,caramel cheesecake with twix loaded milkshake 32 oz,45,g,80,mg,580,g,128,g,13,g,32,g,0,g,2,g,96,g
244,rallys,caramel cheesecake with twix stacker,17,g,30,mg,250,g,50,g,5,g,10,g,0,g,1,g,39,g
245,rallys,caribbean colada island slushie 16 oz,3,g,0,mg,50,g,68,g,0,g,3,g,0,g,0,g,65,g
246,rallys,caribbean colada island slushie 21 oz,4.5,g,0,mg,65,g,99,g,0,g,4.5,g,0,g,0,g,95,g
247,rallys,checker rallyburger,12,g,30,mg,940,g,39,g,15,g,4.5,g,1,g,2,g,9,g
248,rallys,checker rallyburger burger with cheese,15,g,40,mg,1140,g,39,g,18,g,7,g,1,g,2,g,9,g
249,rallys,cheese champ,21,g,60,mg,1430,g,39,g,22,g,9,g,1,g,2,g,9,g
250,rallys,cheese chili cheese fries,30,g,35,mg,1450,g,72,g,9,g,11,g,1.5,g,8,g,2,g
251,rallys,cheese double,25,g,70,mg,1510,g,38,g,27,g,11,g,2,g,2,g,8,g
252,rallys,cheese sauce,2.5,g,0,mg,180,g,2,g,0,g,1,g,0,g,0,g,1,g
253,rallys,cherry coca cola 16 oz,0,g,0,mg,35,g,37,g,0,g,0,g,0,g,0,g,37,g
254,rallys,cherry coca cola 21 oz,0,g,0,mg,50,g,51,g,0,g,0,g,0,g,0,g,51,g
255,rallys,cherry coca cola 32 oz,0,g,0,mg,75,g,75,g,0,g,0,g,0,g,0,g,75,g
256,rallys,cherry coca cola 40 oz,0,g,0,mg,90,g,94,g,0,g,0,g,0,g,0,g,94,g
257,rallys,chicken bites and fries box,40,g,85,mg,1680,g,64,g,24,g,14,g,2,g,6,g,0,g
258,rallys,chicken nuggets 5 piece,16,g,45,mg,580,g,14,g,12,g,7,g,0,g,1,g,0,g
259,rallys,chili,1.5,g,5,mg,150,g,2,g,2,g,1,g,0,g,1,g,1,g
260,rallys,chili cheese dog,23,g,40,mg,1180,g,34,g,15,g,9,g,1,g,2,g,9,g
261,rallys,chili cheeseburger,14,g,35,mg,660,g,36,g,17,g,6,g,1,g,2,g,6,g
262,rallys,chili dog,22,g,40,mg,1100,g,33,g,15,g,9,g,1,g,2,g,8,g
263,rallys,chocolate milkshake 12 oz,8,g,25,mg,160,g,45,g,6,g,5,g,0,g,1,g,35,g
264,rallys,chocolate milkshake 16 oz,11,g,35,mg,240,g,64,g,8,g,8,g,0,g,2,g,49,g
265,rallys,chocolate milkshake 21 oz,13,g,45,mg,290,g,79,g,10,g,9,g,0,g,2,g,60,g
266,rallys,chocolate milkshake 32 oz,20,g,65,mg,440,g,120,g,15,g,14,g,0,g,3,g,92,g
267,rallys,chocolate soft serve,4.5,g,15,mg,85,g,21,g,3,g,3,g,0,g,1,g,17,g
268,rallys,coca cola 16 oz,0,g,0,mg,35,g,36,g,0,g,0,g,0,g,0,g,36,g
269,rallys,coca cola 21 oz,0,g,0,mg,50,g,49,g,0,g,0,g,0,g,0,g,49,g
270,rallys,coca cola 32 oz,0,g,0,mg,70,g,72,g,0,g,0,g,0,g,0,g,72,g
271,rallys,coca cola 40 oz,0,g,0,mg,90,g,90,g,0,g,0,g,0,g,0,g,90,g
272,rallys,crispy chicken fillet,11,g,55,mg,810,g,42,g,21,g,3,g,0,g,1,g,6,g
273,rallys,crispy fish sandwich,29,g,50,mg,760,g,52,g,15,g,7,g,0.5,g,2,g,8,g
274,rallys,deep sea double,33,g,60,mg,980,g,52,g,17,g,9,g,0.5,g,2,g,8,g
275,rallys,diet coca cola 16 oz,0,g,0,mg,45,g,0,g,0,g,0,g,0,g,0,g,0,g
276,rallys,diet coca cola 21 oz,0,g,0,mg,60,g,0,g,0,g,0,g,0,g,0,g,0,g
277,rallys,diet coca cola 32 oz,0,g,0,mg,85,g,0,g,0,g,0,g,0,g,0,g,0,g
278,rallys,diet coca cola 40 oz,0,g,0,mg,110,g,0,g,0,g,0,g,0,g,0,g,0,g
279,rallys,double bbq bacon cheeseburger,40,g,95,mg,1780,g,41,g,31,g,18,g,2.5,g,1,g,13,g
280,rallys,double checker rallyburger with cheese,25,g,70,mg,1510,g,39,g,27,g,11,g,2,g,2,g,9,g
281,rallys,double crispy fish,33,g,60,mg,980,g,52,g,17,g,9,g,0.5,g,2,g,8,g
282,rallys,double fry lovers burger,39,g,80,mg,1780,g,49,g,28,g,14,g,2,g,3,g,9,g
283,rallys,double mushroom swissburger,25,g,70,mg,1420,g,35,g,28,g,11,g,2,g,2,g,5,g
284,rallys,double olive burger,26,g,60,mg,1700,g,39,g,25,g,11,g,2,g,2,g,9,g
285,rallys,double spicy chicken,28,g,80,mg,1560,g,48,g,27,g,11,g,1,g,3,g,6,g
286,rallys,dr pepper 16 oz,0,g,0,mg,30,g,26,g,0,g,0,g,0,g,0,g,26,g
287,rallys,dr pepper 21 oz,0,g,0,mg,40,g,34,g,0,g,0,g,0,g,0,g,34,g
288,rallys,dr pepper 32 oz,0,g,0,mg,60,g,52,g,0,g,0,g,0,g,0,g,51,g
289,rallys,dr pepper 40 oz,0,g,0,mg,75,g,65,g,0,g,0,g,0,g,0,g,64,g
290,rallys,fanta grape 16 oz,0,g,0,mg,50,g,39,g,0,g,0,g,0,g,0,g,39,g
291,rallys,fanta grape 21 oz,0,g,0,mg,65,g,54,g,0,g,0,g,0,g,0,g,53,g
292,rallys,fanta grape 32 oz,0,g,0,mg,95,g,79,g,0,g,0,g,0,g,0,g,77,g
293,rallys,fanta grape 40 oz,0,g,0,mg,120,g,99,g,0,g,0,g,0,g,0,g,97,g
294,rallys,fanta orange 16 oz,0,g,0,mg,35,g,39,g,0,g,0,g,0,g,0,g,38,g
295,rallys,fanta orange 21 oz,0,g,0,mg,50,g,54,g,0,g,0,g,0,g,0,g,53,g
296,rallys,fanta orange 32 oz,0,g,0,mg,70,g,78,g,0,g,0,g,0,g,0,g,77,g
297,rallys,fanta orange 40 oz,0,g,0,mg,90,g,97,g,0,g,0,g,0,g,0,g,96,g
298,rallys,fanta strawberry 16 oz,0,g,0,mg,45,g,40,g,0,g,0,g,0,g,0,g,39,g
299,rallys,fanta strawberry 21 oz,0,g,0,mg,65,g,55,g,0,g,0,g,0,g,0,g,54,g
300,rallys,fanta strawberry 32oz,0,g,0,mg,95,g,80,g,0,g,0,g,0,g,0,g,79,g
301,rallys,fanta strawberry 40 oz,0,g,0,mg,120,g,100,g,0,g,0,g,0,g,0,g,99,g
302,rallys,franks buffalo hot sauce,0,g,0,mg,730,g,1,g,0,g,0,g,0,g,1,g,0,g
303,rallys,fries fry lovers xl,45,g,50,mg,2030,g,115,g,12,g,16,g,2,g,12,g,1,g
304,rallys,fries large,29,g,30,mg,1310,g,74,g,8,g,10,g,1.5,g,7,g,1,g
305,rallys,fries medium,24,g,25,mg,1110,g,63,g,7,g,9,g,1,g,6,g,0,g
306,rallys,fries small,19,g,20,mg,870,g,49,g,5,g,7,g,1,g,5,g,0,g
307,rallys,fries value,13,g,15,mg,580,g,33,g,3,g,4.5,g,0.5,g,3,g,0,g
308,rallys,fry lovers burger,20,g,45,mg,1350,g,48,g,18,g,8,g,1,g,3,g,8,g
309,rallys,fully loaded fries,56,g,70,mg,2190,g,72,g,19,g,16,g,1.5,g,7,g,3,g
310,rallys,garlic parm fries and stix,53,g,60,mg,2250,g,70,g,18,g,21,g,2,g,6,g,3,g
311,rallys,grilled chicken sandwich,24,g,75,mg,1370,g,31,g,30,g,3,g,0,g,1,g,7,g
312,rallys,grilled hot dog,20,g,35,mg,940,g,30,g,13,g,8,g,1,g,1,g,7,g
313,rallys,grilled onions,0,g,0,mg,25,g,2,g,0,g,0,g,0,g,1,g,1,g
314,rallys,hi c flashin fruit punch 16 oz,0,g,0,mg,65,g,38,g,0,g,0,g,0,g,0,g,37,g
315,rallys,hi c flashin fruit punch 21 oz,0,g,0,mg,90,g,52,g,0,g,0,g,0,g,0,g,51,g
316,rallys,hi c flashin fruit punch 32oz,0,g,0,mg,130,g,76,g,0,g,0,g,0,g,0,g,74,g
317,rallys,hi c flashin fruit punch 40 oz,0,g,0,mg,160,g,95,g,0,g,0,g,0,g,0,g,92,g
318,rallys,hi c orange lavaburst 16 oz,0,g,0,mg,55,g,40,g,0,g,0,g,0,g,0,g,39,g
319,rallys,hi c orange lavaburst 21 oz,0,g,0,mg,75,g,55,g,0,g,0,g,0,g,0,g,54,g
320,rallys,hi c orange lavaburst 32oz,0,g,0,mg,105,g,80,g,0,g,0,g,0,g,0,g,78,g
321,rallys,hi c orange lavaburst 40 oz,0,g,0,mg,100,g,100,g,0,g,0,g,0,g,0,g,98,g
322,rallys,honey bbq sauce,0,g,0,mg,290,g,17,g,0,g,0,g,0,g,1,g,16,g
323,rallys,honey mustard sauce,16,g,15,mg,135,g,4,g,0,g,2.5,g,0,g,0,g,4,g
324,rallys,mangopalooza smoothie 16 oz,2,g,5,mg,50,g,89,g,1,g,1.5,g,0,g,0,g,83,g
325,rallys,mangopalooza smoothie 21 oz,2.5,g,10,mg,70,g,107,g,2,g,2,g,0,g,0,g,99,g
326,rallys,medium buffalo sauce,0,g,0,mg,870,g,1,g,0,g,0,g,0,g,0,g,0,g
327,rallys,mello yellow 16 oz,0,g,0,mg,45,g,39,g,0,g,0,g,0,g,0,g,39,g
328,rallys,mello yellow 21 oz,0,g,0,mg,60,g,53,g,0,g,0,g,0,g,0,g,53,g
329,rallys,mello yellow 32 oz,0,g,0,mg,90,g,78,g,0,g,0,g,0,g,0,g,78,g
330,rallys,mello yellow 40 oz,0,g,0,mg,115,g,97,g,0,g,0,g,0,g,0,g,97,g
331,rallys,minutemaid lemonade 16 oz,0,g,0,mg,85,g,34,g,0,g,0,g,0,g,0,g,32,g
332,rallys,minutemaid lemonade 21 oz,0,g,0,mg,120,g,46,g,0,g,0,g,0,g,0,g,44,g
333,rallys,minutemaid lemonade 32 oz,0,g,0,mg,170,g,68,g,0,g,0,g,0,g,0,g,64,g
334,rallys,minutemaid lemonade 40 oz,0,g,0,mg,220,g,84,g,0,g,0,g,0,g,0,g,80,g
335,rallys,monsterella stix with marinara 4 piece,17,g,35,mg,1060,g,20,g,12,g,8,g,0.5,g,1,g,3,g
336,rallys,monsterella stix with marinara 6 piece,25,g,50,mg,1530,g,29,g,18,g,13,g,1,g,2,g,3,g
337,rallys,mr pibb 16 oz,0,g,0,mg,50,g,34,g,0,g,0,g,0,g,0,g,34,g
338,rallys,mr pibb 21 oz,0,g,0,mg,65,g,46,g,0,g,0,g,0,g,0,g,46,g
339,rallys,mr pibb 32 oz,0,g,0,mg,95,g,68,g,0,g,0,g,0,g,0,g,68,g
340,rallys,mr pibb 40 oz,0,g,0,mg,120,g,84,g,0,g,0,g,0,g,0,g,84,g
341,rallys,mushroom swissburger,15,g,40,mg,1330,g,35,g,18,g,6,g,1,g,2,g,5,g
342,rallys,nestea iced tea rasberry 16 oz,0,g,0,mg,45,g,20,g,0,g,0,g,0,g,0,g,20,g
343,rallys,nestea iced tea rasberry 21 oz,0,g,0,mg,60,g,28,g,0,g,0,g,0,g,0,g,27,g
344,rallys,nestea iced tea rasberry 32 oz,0,g,0,mg,90,g,41,g,0,g,0,g,0,g,0,g,40,g
345,rallys,nestea iced tea rasberry 40 oz,0,g,0,mg,110,g,51,g,0,g,0,g,0,g,0,g,50,g
346,rallys,olive burger,17,g,30,mg,1580,g,38,g,15,g,6,g,1,g,2,g,8,g
347,rallys,oreo fudge loaded milkshake 16 oz,14,g,20,mg,300,g,73,g,6,g,8,g,0,g,2,g,55,g
348,rallys,oreo fudge loaded milkshake 21 oz,18,g,30,mg,380,g,100,g,8,g,10,g,0,g,3,g,78,g
349,rallys,oreo fudge loaded milkshake 32 oz,23,g,45,mg,490,g,136,g,11,g,14,g,0,g,4,g,108,g
350,rallys,oreo fudge stacker,12,g,10,mg,280,g,56,g,4,g,6,g,0,g,1,g,43,g
351,rallys,parmesan garlic sauce,17,g,5,mg,320,g,1,g,1,g,6,g,0,g,0,g,0,g
352,rallys,peach mango island slushie 16 oz,0,g,0,mg,40,g,72,g,0,g,0,g,0,g,0,g,70,g
353,rallys,peach mango island slushie 21 oz,0,g,0,mg,50,g,105,g,0,g,0,g,0,g,0,g,102,g
354,rallys,powerade mountain berry blast 16 oz,0,g,0,mg,100,g,20,g,0,g,0,g,0,g,0,g,20,g
355,rallys,powerade mountain berry blast 21 oz,0,g,0,mg,135,g,27,g,0,g,0,g,0,g,0,g,27,g
356,rallys,powerade mountain berry blast 32 oz,0,g,0,mg,200,g,39,g,0,g,0,g,0,g,0,g,39,g
357,rallys,powerade mountain berry blast 40 oz,0,g,0,mg,250,g,49,g,0,g,0,g,0,g,0,g,49,g
358,rallys,ranch dipping sauce,23,g,10,mg,440,g,2,g,1,g,3.5,g,0,g,0,g,1,g
359,rallys,single bacon roadhouse,39,g,65,mg,890,g,38,g,24,g,13,g,1.5,g,2,g,11,g
360,rallys,single baconzilla,35,g,65,mg,1190,g,40,g,28,g,14,g,1.5,g,2,g,5,g
361,rallys,single buford,21,g,60,mg,1430,g,39,g,22,g,9,g,1,g,2,g,9,g
362,rallys,spicy chicken deluxe,17,g,45,mg,1050,g,41,g,17,g,6,g,0,g,2,g,6,g
363,rallys,spicy chicken sandwich,13,g,35,mg,840,g,40,g,15,g,4,g,0,g,2,g,5,g
364,rallys,sprite 16 oz,0,g,0,mg,60,g,35,g,0,g,0,g,0,g,0,g,35,g
365,rallys,sprite 21 oz,0,g,0,mg,80,g,47,g,0,g,0,g,0,g,0,g,47,g
366,rallys,sprite 32 oz,0,g,0,mg,120,g,69,g,0,g,0,g,0,g,0,g,69,g
367,rallys,sprite 40 oz,0,g,0,mg,150,g,86,g,0,g,0,g,0,g,0,g,86,g
368,rallys,strawberry cheesecake stacker,6,g,15,mg,230,g,85,g,4,g,3.5,g,0,g,2,g,56,g
369,rallys,strawberry milkshake 12 oz,8,g,25,mg,140,g,43,g,5,g,5,g,0,g,1,g,35,g
370,rallys,strawberry milkshake 16 oz,10,g,35,mg,190,g,57,g,7,g,7,g,0,g,1,g,46,g
371,rallys,strawberry milkshake 21 oz,13,g,45,mg,250,g,75,g,9,g,9,g,0,g,2,g,61,g
372,rallys,strawberry milkshake 32 oz,20,g,65,mg,380,g,114,g,14,g,14,g,0,g,3,g,93,g
373,rallys,super strawberry smoothie 16 oz,2,g,5,mg,50,g,83,g,1,g,1.5,g,0,g,0,g,75,g
374,rallys,super strawberry smoothie 21 oz,2.5,g,10,mg,70,g,99,g,2,g,2,g,0,g,0,g,90,g
375,rallys,sweet gold peak tea 16 oz,0,g,0,mg,45,g,33,g,0,g,0,g,0,g,0,g,33,g
376,rallys,sweet gold peak tea 21 oz,0,g,0,mg,60,g,46,g,0,g,0,g,0,g,0,g,46,g
377,rallys,sweet gold peak tea 32 oz,0,g,0,mg,85,g,67,g,0,g,0,g,0,g,0,g,66,g
378,rallys,sweet gold peak tea 40 oz,0,g,0,mg,105,g,83,g,0,g,0,g,0,g,0,g,83,g
379,rallys,swirl soft serve,4.5,g,15,mg,85,g,21,g,3,g,3,g,0,g,1,g,16,g
380,rallys,tacos,24,g,60,mg,1020,g,35,g,25,g,12,g,1.5,g,3,g,3,g
381,rallys,texas bacon big buford,55,g,130,mg,1970,g,41,g,42,g,22,g,2,g,2,g,10,g
382,rallys,triple bacon roadhouse,69,g,160,mg,1180,g,38,g,54,g,27,g,4.5,g,2,g,11,g
383,rallys,triple baconzilla,74,g,170,mg,1790,g,42,g,61,g,31,g,4,g,4,g,7,g
384,rallys,triple buford,61,g,165,mg,1870,g,40,g,50,g,27,g,3,g,9,g,7,g
385,rallys,triple checker rallyburger with cheese,57,g,145,mg,980,g,30,g,50,g,23,g,4,g,2,g,8,g
386,rallys,triple crispy fish,52,g,115,mg,1140,g,72,g,33,g,16,g,1.5,g,4,g,7,g
387,rallys,triple spicy chicken,62,g,130,mg,2230,g,54,g,38,g,19,g,1,g,5,g,3,g
388,rallys,tropical punch kool aid slushie 16 oz,0,g,0,mg,105,g,55,g,0,g,0,g,0,g,0,g,55,g
389,rallys,tropical punch kool aid slushie 21 oz,0,g,0,mg,140,g,76,g,0,g,0,g,0,g,0,g,76,g
390,rallys,unsweet gold peak tea 16 oz,0,g,0,mg,45,g,0,g,0,g,0,g,0,g,0,g,0,g
391,rallys,unsweet gold peak tea 21 oz,0,g,0,mg,60,g,0,g,0,g,0,g,0,g,0,g,0,g
392,rallys,unsweet gold peak tea 32 oz,0,g,0,mg,90,g,0,g,0,g,0,g,0,g,0,g,0,g
393,rallys,unsweet gold peak tea 40 oz,0,g,0,mg,110,g,0,g,0,g,0,g,0,g,0,g,0,g
394,rallys,vanilla milkshake 12 oz,8,g,25,mg,140,g,33,g,5,g,5,g,0,g,1,g,25,g
395,rallys,vanilla milkshake 16 oz,10,g,35,mg,180,g,44,g,7,g,7,g,0,g,1,g,33,g
396,rallys,vanilla milkshake 21 oz,13,g,45,mg,240,g,57,g,9,g,9,g,0,g,2,g,44,g
397,rallys,vanilla milkshake 32 oz,20,g,65,mg,370,g,87,g,14,g,14,g,0,g,3,g,66,g
398,rallys,vanilla soft serve,4.5,g,15,mg,85,g,20,g,3,g,3,g,0,g,1,g,15,g
399,rallys,waffle cone,0.5,g,0,mg,35,g,19,g,1,g,0,g,0,g,0,g,5,g
400,rallys,watermelon kool aid slushie 16 oz,0,g,0,mg,105,g,55,g,0,g,0,g,0,g,0,g,55,g
401,rallys,watermelon kool aid slushie 21 oz,0,g,0,mg,140,g,76,g,0,g,0,g,0,g,0,g,76,g
402,ram restaurant and brewery,ahi poke nachos,48,g,75,mg,2020,g,97,g,41,g,7,g,0,g,7,g,25,g
403,ram restaurant and brewery,armadillo eggs,83,g,250,mg,2530,g,50,g,56,g,24,g,0,g,3,g,9,g
404,ram restaurant and brewery,battered fish and chips 2 piece,118,g,135,mg,2290,g,113,g,41,g,16,g,0,g,8,g,7,g
405,ram restaurant and brewery,battered fish and chips 3 piece,135,g,190,mg,2870,g,128,g,57,g,18,g,0,g,8,g,7,g
406,ram restaurant and brewery,bavarian burger,93,g,175,mg,3930,g,137,g,69,g,26,g,1,g,11,g,11,g
407,ram restaurant and brewery,bbq bacon cheddar burger,82,g,140,mg,2470,g,131,g,55,g,22,g,1,g,9,g,16,g
408,ram restaurant and brewery,bbq chicken quesadilla,64,g,175,mg,1480,g,58,g,48,g,29,g,0,g,3,g,20,g
409,ram restaurant and brewery,big reds ipa baby back ribs with fireside beans,65,g,35,mg,5910,g,312,g,18,g,11,g,0,g,14,g,185,g
410,ram restaurant and brewery,blue cheese dressing,23,g,15,mg,230,g,1,g,2,g,5,g,0,g,0,g,1,g
411,ram restaurant and brewery,bone in chicken wings buffalo,23,g,15,mg,2980,g,29,g,67,g,19,g,0,g,2,g,3,g
412,ram restaurant and brewery,bone in chicken wings naked,23,g,15,mg,800,g,29,g,67,g,19,g,0,g,2,g,3,g
413,ram restaurant and brewery,bone in chicken wings porter bbq,23,g,15,mg,1190,g,55,g,68,g,19,g,0,g,2,g,27,g
414,ram restaurant and brewery,boneless wings buffalo,30,g,125,mg,6230,g,134,g,57,g,7,g,0,g,12,g,5,g
415,ram restaurant and brewery,boneless wings naked,30,g,125,mg,5110,g,134,g,57,g,7,g,0,g,12,g,5,g
416,ram restaurant and brewery,boneless wings porter bbq,30,g,125,mg,5490,g,155,g,58,g,7,g,0,g,12,g,25,g
417,ram restaurant and brewery,broadway burger melt,132,g,160,mg,2550,g,149,g,60,g,30,g,1,g,13,g,16,g
418,ram restaurant and brewery,broccoli,0,g,0,mg,40,g,7,g,4,g,0,g,0,g,3,g,2,g
419,ram restaurant and brewery,brownie skillet sundae,47,g,60,mg,840,g,211,g,19,g,24,g,0,g,9,g,156,g
420,ram restaurant and brewery,buffalo cauliflower,24,g,15,mg,870,g,25,g,8,g,5,g,0,g,13,g,12,g
421,ram restaurant and brewery,caesar dressing,26,g,35,mg,180,g,1,g,2,g,3,g,0,g,0,g,0,g
422,ram restaurant and brewery,caesar side salad,25,g,35,mg,530,g,13,g,10,g,4,g,0,g,2,g,3,g
423,ram restaurant and brewery,cheddar mashed potatoes,19,g,30,mg,980,g,38,g,8,g,7,g,0,g,3,g,4,g
424,ram restaurant and brewery,cheese curds,96,g,195,mg,1790,g,46,g,50,g,43,g,0,g,1,g,14,g
425,ram restaurant and brewery,chicken and mushroom marsala,91,g,245,mg,3410,g,87,g,72,g,35,g,0,g,7,g,16,g
426,ram restaurant and brewery,chicken almond salad,50,g,170,mg,800,g,47,g,59,g,4,g,0,g,4,g,24,g
427,ram restaurant and brewery,chicken tortilla soup bowl,6,g,15,mg,1570,g,38,g,12,g,0,g,0,g,7,g,5,g
428,ram restaurant and brewery,chicken tortilla soup cup,3,g,10,mg,780,g,21,g,6,g,0,g,0,g,3,g,3,g
429,ram restaurant and brewery,chocolate chip skillet cookie,61,g,440,mg,910,g,124,g,22,g,30,g,0,g,4,g,83,g
430,ram restaurant and brewery,colossal sizzling bread pudding,57,g,300,mg,1530,g,247,g,36,g,24,g,1,g,7,g,134,g
431,ram restaurant and brewery,couscous,8,g,0,mg,105,g,41,g,7,g,0,g,0,g,3,g,0,g
432,ram restaurant and brewery,crab and artichoke melt,105,g,120,mg,2300,g,119,g,41,g,28,g,0,g,9,g,3,g
433,ram restaurant and brewery,crispy calamari,93,g,485,mg,2030,g,71,g,39,g,11,g,0,g,2,g,4,g
434,ram restaurant and brewery,crispy chicken sandwich,50,g,110,mg,3490,g,164,g,55,g,9,g,0,g,13,g,5,g
435,ram restaurant and brewery,crispy chicken sandwich with buffalo and blue cheese,81,g,130,mg,6040,g,166,g,57,g,15,g,0,g,13,g,6,g
436,ram restaurant and brewery,crispy chicken sandwich with porter bbq and ranch,74,g,130,mg,4490,g,199,g,62,g,13,g,0,g,13,g,41,g
437,ram restaurant and brewery,cubano melt,85,g,135,mg,3400,g,158,g,54,g,20,g,0,g,9,g,14,g
438,ram restaurant and brewery,dunker burger,48,g,140,mg,3820,g,209,g,78,g,18,g,1,g,8,g,0,g
439,ram restaurant and brewery,faburge burger,135,g,365,mg,3990,g,141,g,71,g,30,g,1,g,9,g,8,g
440,ram restaurant and brewery,filet medallion steak sandwich,90,g,165,mg,5730,g,150,g,68,g,15,g,0,g,10,g,5,g
441,ram restaurant and brewery,fireside beans,4,g,5,mg,790,g,24,g,6,g,1,g,0,g,4,g,9,g
442,ram restaurant and brewery,french dip,51,g,75,mg,3170,g,127,g,60,g,8,g,0,g,9,g,1,g
443,ram restaurant and brewery,fresh cut fries,38,g,0,mg,620,g,75,g,7,g,6,g,0,g,7,g,1,g
444,ram restaurant and brewery,fried chicken wedge salad,69,g,395,mg,3970,g,83,g,79,g,16,g,0,g,12,g,10,g
445,ram restaurant and brewery,garlic artichoke dressing,20,g,25,mg,220,g,2,g,2,g,2,g,0,g,0,g,0,g
446,ram restaurant and brewery,ginger dressing,25,g,0,mg,260,g,16,g,0,g,2,g,0,g,0,g,15,g
447,ram restaurant and brewery,gluten free chicken and veggie quesadilla,88,g,245,mg,1720,g,55,g,61,g,43,g,0,g,13,g,15,g
448,ram restaurant and brewery,gluten free chimichurri chicken,5,g,115,mg,430,g,29,g,44,g,1,g,0,g,4,g,6,g
449,ram restaurant and brewery,gluten free chimichurri sirloin,25,g,145,mg,420,g,29,g,46,g,9,g,0,g,4,g,6,g
450,ram restaurant and brewery,gluten free taco,8,g,0,mg,600,g,89,g,11,g,0,g,0,g,10,g,20,g
451,ram restaurant and brewery,grape serrano dressing,0,g,0,mg,150,g,14,g,0,g,0,g,0,g,0,g,12,g
452,ram restaurant and brewery,grilled kahuna tuna sandwich,82,g,50,mg,1660,g,130,g,33,g,14,g,0,g,15,g,21,g
453,ram restaurant and brewery,grilled wild alaska salmon,33,g,120,mg,610,g,27,g,48,g,4,g,0,g,4,g,5,g
454,ram restaurant and brewery,hand breaded crispy chicken strips buffalo glazed,66,g,220,mg,6540,g,167,g,84,g,13,g,0,g,15,g,5,g
455,ram restaurant and brewery,hand breaded crispy chicken strips naked,66,g,220,mg,4110,g,167,g,84,g,13,g,0,g,15,g,5,g
456,ram restaurant and brewery,hand breaded crispy chicken strips porter bbq,66,g,220,mg,4600,g,195,g,85,g,13,g,0,g,15,g,31,g
457,ram restaurant and brewery,happy hour brewer fries solo,84,g,130,mg,1710,g,79,g,35,g,32,g,0,g,7,g,2,g
458,ram restaurant and brewery,happy hour brewer fries table,42,g,65,mg,850,g,39,g,17,g,16,g,0,g,4,g,2,g
459,ram restaurant and brewery,happy hour mulligan burger,38,g,60,mg,1050,g,51,g,23,g,3,g,0,g,1,g,7,g
460,ram restaurant and brewery,happy hour pork tacos,4,g,25,mg,420,g,27,g,9,g,1,g,0,g,4,g,8,g
461,ram restaurant and brewery,harris ranch sirloin steak,63,g,175,mg,3430,g,52,g,52,g,21,g,0,g,7,g,10,g
462,ram restaurant and brewery,honey mustard dressing,18,g,15,mg,310,g,10,g,0,g,3,g,0,g,0,g,10,g
463,ram restaurant and brewery,house green salad,0,g,0,mg,25,g,7,g,2,g,0,g,0,g,1,g,1,g
464,ram restaurant and brewery,impossible burger,93,g,15,mg,2580,g,138,g,61,g,33,g,0,g,9,g,12,g
465,ram restaurant and brewery,jethro burger,101,g,165,mg,6530,g,130,g,58,g,25,g,1,g,10,g,10,g
466,ram restaurant and brewery,kale and quinoa salad,40,g,15,mg,550,g,33,g,14,g,7,g,0,g,8,g,7,g
467,ram restaurant and brewery,kids appetizer carrots with ranch,12,g,10,mg,220,g,4,g,3,g,2,g,0,g,1,g,3,g
468,ram restaurant and brewery,kids boneless chicken nuggets,5,g,110,mg,2310,g,75,g,43,g,1,g,0,g,4,g,25,g
469,ram restaurant and brewery,kids burger,23,g,70,mg,680,g,22,g,23,g,6,g,1,g,1,g,1,g
470,ram restaurant and brewery,kids cheese quesadilla with salsa,44,g,85,mg,1340,g,34,g,25,g,21,g,0,g,3,g,2,g
471,ram restaurant and brewery,kids cheeseburger,27,g,80,mg,940,g,23,g,25,g,8,g,1,g,1,g,1,g
472,ram restaurant and brewery,kids chef salad with ranch dressing,26,g,60,mg,1010,g,6,g,21,g,7,g,0,g,3,g,6,g
473,ram restaurant and brewery,kids chicken quesadilla,49,g,120,mg,1400,g,34,g,37,g,21,g,0,g,3,g,2,g
474,ram restaurant and brewery,kids fish without fries,46,g,70,mg,1010,g,21,g,20,g,5,g,0,g,0,g,1,g
475,ram restaurant and brewery,kids grilled cheese,34,g,25,mg,1320,g,74,g,17,g,9,g,0,g,2,g,6,g
476,ram restaurant and brewery,kids grilled chicken with bbq,5,g,145,mg,850,g,26,g,48,g,2,g,0,g,0,g,24,g
477,ram restaurant and brewery,kids kraft mac and cheese,16,g,35,mg,1190,g,68,g,17,g,4,g,0,g,3,g,16,g
478,ram restaurant and brewery,kids lil tykes,9,g,25,mg,380,g,28,g,9,g,4,g,0,g,1,g,7,g
479,ram restaurant and brewery,kids mini corn dogs,33,g,70,mg,1250,g,54,g,16,g,8,g,0,g,0,g,0,g
480,ram restaurant and brewery,kids pasta butter,23,g,5,mg,210,g,52,g,13,g,4,g,0,g,3,g,1,g
481,ram restaurant and brewery,kids pasta marinara,8,g,5,mg,520,g,62,g,12,g,1,g,0,g,3,g,2,g
482,ram restaurant and brewery,kids pepperoni naan,32,g,70,mg,1780,g,70,g,29,g,12,g,0,g,3,g,4,g
483,ram restaurant and brewery,kids pizza cheese naan,25,g,55,mg,1560,g,70,g,26,g,10,g,0,g,3,g,4,g
484,ram restaurant and brewery,kodiak alaska salmon sandwich,89,g,70,mg,1460,g,139,g,38,g,12,g,0,g,11,g,17,g
485,ram restaurant and brewery,legion of shroom burger,102,g,150,mg,2360,g,123,g,56,g,24,g,1,g,9,g,8,g
486,ram restaurant and brewery,mac and cheese,39,g,120,mg,890,g,56,g,23,g,23,g,1,g,3,g,6,g
487,ram restaurant and brewery,mile high mud pie,83,g,170,mg,1180,g,244,g,22,g,30,g,0,g,5,g,205,g
488,ram restaurant and brewery,mint chocolate chip ice cream cupcake,27,g,55,mg,200,g,86,g,8,g,17,g,0,g,4,g,64,g
489,ram restaurant and brewery,muddy ice cream cupcake,37,g,45,mg,450,g,79,g,8,g,17,g,0,g,3,g,61,g
490,ram restaurant and brewery,nachos,97,g,235,mg,2620,g,194,g,70,g,54,g,0,g,29,g,6,g
491,ram restaurant and brewery,nw clam chowder bowl,33,g,100,mg,1490,g,58,g,16,g,19,g,0,g,4,g,5,g
492,ram restaurant and brewery,nw clam chowder cup,19,g,50,mg,880,g,38,g,10,g,11,g,0,g,2,g,3,g
493,ram restaurant and brewery,oil and vinegar dressing,42,g,0,mg,0,g,0,g,0,g,6,g,0,g,0,g,0,g
494,ram restaurant and brewery,olympus salad,56,g,60,mg,1100,g,28,g,17,g,11,g,0,g,13,g,6,g
495,ram restaurant and brewery,onion rings,68,g,15,mg,3210,g,147,g,7,g,15,g,0,g,7,g,24,g
496,ram restaurant and brewery,patty melt,104,g,165,mg,2250,g,115,g,55,g,28,g,1,g,10,g,9,g
497,ram restaurant and brewery,peanut butter ice cream cupcake,23,g,45,mg,120,g,61,g,8,g,8,g,0,g,1,g,19,g
498,ram restaurant and brewery,pretzel and beer cheese fondue,38,g,80,mg,3380,g,203,g,52,g,15,g,0,g,7,g,10,g
499,ram restaurant and brewery,ram classic burger,82,g,120,mg,2070,g,125,g,46,g,18,g,1,g,9,g,9,g
500,ram restaurant and brewery,ram grand reuben no 506,96,g,115,mg,4290,g,111,g,48,g,24,g,0,g,11,g,7,g
501,ram restaurant and brewery,ram mac and cheese,75,g,230,mg,1580,g,108,g,40,g,45,g,2,g,5,g,12,g
502,ram restaurant and brewery,ranch dressing,17,g,15,mg,410,g,2,g,1,g,2,g,0,g,0,g,1,g
503,ram restaurant and brewery,ricardo burger,113,g,270,mg,4660,g,154,g,92,g,29,g,1,g,10,g,11,g
504,ram restaurant and brewery,roasted garlic herb wild alaska salmon,54,g,130,mg,1350,g,64,g,54,g,6,g,0,g,8,g,8,g
505,ram restaurant and brewery,santa fe burger,115,g,140,mg,2270,g,139,g,54,g,27,g,1,g,10,g,10,g
506,ram restaurant and brewery,savory hummus,68,g,20,mg,2260,g,170,g,25,g,8,g,0,g,18,g,12,g
507,ram restaurant and brewery,seasonal fruit,0,g,0,mg,10,g,13,g,1,g,0,g,0,g,2,g,11,g
508,ram restaurant and brewery,seasonal vegetables,10,g,0,mg,360,g,11,g,3,g,1,g,0,g,4,g,5,g
509,ram restaurant and brewery,side of onion rings,8,g,0,mg,810,g,45,g,2,g,3,g,0,g,2,g,5,g
510,ram restaurant and brewery,south of the border burger,85,g,140,mg,2350,g,128,g,56,g,22,g,1,g,11,g,9,g
511,ram restaurant and brewery,spanish rice,3,g,0,mg,370,g,40,g,4,g,0,g,0,g,2,g,4,g
512,ram restaurant and brewery,spicy caesar dressing,23,g,30,mg,200,g,3,g,2,g,2,g,0,g,0,g,2,g
513,ram restaurant and brewery,spicy caesar salad,52,g,50,mg,680,g,40,g,15,g,7,g,0,g,13,g,11,g
514,ram restaurant and brewery,strawberry ice cream cupcake,21,g,35,mg,150,g,68,g,6,g,13,g,0,g,0,g,61,g
515,ram restaurant and brewery,street tacos,37,g,10,mg,1860,g,96,g,17,g,7,g,0,g,12,g,12,g
516,ram restaurant and brewery,super bowl,35,g,0,mg,2650,g,103,g,18,g,4,g,0,g,6,g,26,g
517,ram restaurant and brewery,sweet potato fries,29,g,0,mg,580,g,61,g,3,g,3,g,0,g,8,g,16,g
518,ram restaurant and brewery,tater tots,37,g,0,mg,990,g,40,g,4,g,6,g,0,g,4,g,2,g
519,ram restaurant and brewery,thousand island dressing,17,g,15,mg,340,g,6,g,0,g,3,g,0,g,0,g,4,g
520,ram restaurant and brewery,tomato basil blisque bowl,20,g,55,mg,1720,g,45,g,5,g,11,g,0,g,2,g,15,g
521,ram restaurant and brewery,tomato basil blisque cup,10,g,25,mg,860,g,23,g,3,g,5,g,0,g,1,g,7,g
522,ram restaurant and brewery,turkey havarti melt,105,g,150,mg,3450,g,150,g,71,g,26,g,0,g,9,g,8,g
523,ram restaurant and brewery,vampire garlic fries,42,g,0,mg,690,g,76,g,7,g,7,g,0,g,7,g,1,g
524,ram restaurant and brewery,white balsamic dressing,0,g,0,mg,470,g,7,g,0,g,0,g,0,g,0,g,6,g
525,rams horn restaurant,1000 dressing,15,g,15,mg,250,g,5,g,0,g,2,g,0,g,0,g,5,g
526,rams horn restaurant,1000 dressing fat free,0,g,5,mg,350,g,12,g,0,g,0,g,0,g,0,g,6,g
527,rams horn restaurant,2 biscuits,14,g,0,mg,1220,g,58,g,6,g,4,g,4,g,0,g,1,g
528,rams horn restaurant,all american burger,33,g,105,mg,290,g,29,g,31,g,11,g,1,g,1,g,4,g
529,rams horn restaurant,american cheese omelette,38,g,695,mg,1250,g,7,g,31,g,14,g,0,g,0,g,7,g
530,rams horn restaurant,apple juice,0,g,0,mg,10,g,20,g,0,g,0,g,0,g,0,g,28,g
531,rams horn restaurant,apple pancakes,7,g,30,mg,1850,g,107,g,18,g,1.5,g,0,g,4,g,17,g
532,rams horn restaurant,apple pie,19,g,0,mg,310,g,39,g,2,g,8,g,0,g,2,g,19,g
533,rams horn restaurant,avocado bowl,88,g,575,mg,1360,g,40,g,42,g,26,g,1,g,14,g,3,g
534,rams horn restaurant,avocado omelette,43,g,690,mg,800,g,9,g,37,g,17,g,0,g,4,g,4,g
535,rams horn restaurant,bacado burger,93,g,220,mg,1000,g,41,g,60,g,35,g,4,g,13,g,6,g
536,rams horn restaurant,bacon and cheese omelette,38,g,695,mg,1250,g,7,g,31,g,14,g,0,g,0,g,7,g
537,rams horn restaurant,bacon cheeseburger,50,g,160,mg,1130,g,32,g,45,g,15,g,5,g,1,g,7,g
538,rams horn restaurant,bacon omelette,32,g,660,mg,620,g,4,g,23,g,10,g,0,g,0,g,3,g
539,rams horn restaurant,bagel,1,g,0,mg,300,g,30,g,6,g,0,g,0,g,1,g,0,g
540,rams horn restaurant,baked meatloaf,32,g,175,mg,1550,g,20,g,38,g,8,g,0,g,1,g,4,g
541,rams horn restaurant,baked meatloaf sandwich,35,g,135,mg,1180,g,40,g,39,g,14,g,0,g,2,g,2,g
542,rams horn restaurant,baked potatoes,0,g,0,mg,15,g,36,g,4,g,0,g,0,g,4,g,1,g
543,rams horn restaurant,banana split,27,g,75,mg,270,g,163,g,7,g,17,g,0,g,2,g,125,g
544,rams horn restaurant,bbq chicken skins appetizer,75,g,245,mg,1400,g,85,g,95,g,44,g,0,g,9,g,2,g
545,rams horn restaurant,bbq chicken wrap,35,g,125,mg,1920,g,54,g,45,g,20,g,0,g,5,g,1,g
546,rams horn restaurant,bbq sauce,0,g,0,mg,15,g,220,g,0,g,0,g,0,g,0,g,12,g
547,rams horn restaurant,bean soup,5,g,10,mg,950,g,40,g,12,g,1.5,g,0,g,9,g,2,g
548,rams horn restaurant,beef barley soup,2,g,5,mg,640,g,15,g,5,g,1,g,0,g,3,g,3,g
549,rams horn restaurant,belgian waffle,19,g,140,mg,850,g,48,g,8,g,12,g,1,g,1,g,0,g
550,rams horn restaurant,belgian with fruit and whipped cream,20,g,145,mg,890,g,69,g,8,g,13,g,1,g,1,g,10,g
551,rams horn restaurant,big reuben sandwich,29,g,180,mg,2600,g,40,g,70,g,11,g,0,g,7,g,4,g
552,rams horn restaurant,biscuits and gravy,17,g,30,mg,1700,g,62,g,10,g,8,g,4,g,0,g,1,g
553,rams horn restaurant,black forest cake,4,g,45,mg,460,g,110,g,6,g,11,g,0,g,3,g,63,g
554,rams horn restaurant,bleu cheese dressing,16,g,20,mg,310,g,1,g,1,g,3,g,0,g,0,g,1,g
555,rams horn restaurant,blt sandwich,18,g,45,mg,800,g,74,g,22,g,5,g,0,g,4,g,5,g
556,rams horn restaurant,boneless wings appetizer,36,g,125,mg,1070,g,18,g,30,g,12,g,0,g,0,g,3,g
557,rams horn restaurant,breaded veal cutlets,10,g,120,mg,700,g,26,g,28,g,5,g,0,g,2,g,0,g
558,rams horn restaurant,breakfast burrito,67,g,750,mg,2940,g,68,g,93,g,24,g,0,g,7,g,6,g
559,rams horn restaurant,breakfast ciabatta,43,g,715,mg,2000,g,47,g,47,g,13,g,0,g,2,g,4,g
560,rams horn restaurant,breakfast quesadilla,57,g,745,mg,3030,g,55,g,87,g,21,g,0,g,5,g,4,g
561,rams horn restaurant,broccoli soup,9,g,15,mg,700,g,15,g,6,g,3.5,g,0,g,2,g,6,g
562,rams horn restaurant,buffalo chicken caesar salad,13,g,60,mg,1180,g,27,g,30,g,2.5,g,0,g,7,g,4,g
563,rams horn restaurant,butter,11,g,30,mg,90,g,0,g,0,g,7,g,0,g,0,g,0,g
564,rams horn restaurant,cabbage soup,3,g,0,mg,300,g,6,g,4,g,0,g,0,g,2,g,4,g
565,rams horn restaurant,caesar dressing,16,g,10,mg,10,g,1,g,1,g,3,g,0,g,0,g,1,g
566,rams horn restaurant,caesar salad,3.5,g,25,mg,460,g,8,g,12,g,1,g,0,g,4,g,2,g
567,rams horn restaurant,caesar salad with chicken,6,g,80,mg,640,g,8,g,33,g,6,g,0,g,4,g,2,g
568,rams horn restaurant,caesar salad with salmon,20,g,135,mg,550,g,8,g,51,g,3,g,0,g,4,g,2,g
569,rams horn restaurant,cajun chicken sandwich,26,g,170,mg,1310,g,55,g,64,g,21,g,0,g,2,g,1,g
570,rams horn restaurant,california club sandwich,34,g,125,mg,1100,g,46,g,42,g,18,g,0,g,5,g,4,g
571,rams horn restaurant,caribbean stir fry,28,g,160,mg,1300,g,65,g,59,g,20,g,0,g,5,g,38,g
572,rams horn restaurant,cheeseburger,40,g,130,mg,660,g,31,g,36,g,15,g,1,g,1,g,6,g
573,rams horn restaurant,cherry delicious puff,19,g,70,mg,250,g,63,g,5,g,11,g,0,g,1,g,36,g
574,rams horn restaurant,cherry pancakes,7,g,30,mg,1840,g,107,g,18,g,1.5,g,0,g,4,g,9,g
575,rams horn restaurant,chicken and cheese wrap,28,g,115,mg,1240,g,52,g,42,g,40,g,0,g,5,g,1,g
576,rams horn restaurant,chicken avocado wrap,74,g,145,mg,910,g,47,g,52,g,18,g,1,g,12,g,3,g
577,rams horn restaurant,chicken club sandwich,30,g,50,mg,1550,g,39,g,28,g,5,g,0,g,4,g,7,g
578,rams horn restaurant,chicken crisp salad,18,g,65,mg,720,g,25,g,28,g,5,g,0,g,7,g,3,g
579,rams horn restaurant,chicken fried steak and eggs,75,g,725,mg,3600,g,130,g,44,g,23,g,0,g,3,g,4,g
580,rams horn restaurant,chicken noodle soup,2.5,g,15,mg,620,g,17,g,4,g,1,g,0,g,1,g,2,g
581,rams horn restaurant,chicken parmesan,18,g,180,mg,1340,g,8,g,70,g,13,g,0,g,2,g,3,g
582,rams horn restaurant,chicken pita melt,23,g,110,mg,900,g,6,g,29,g,12,g,0,g,3,g,3,g
583,rams horn restaurant,chicken quesadilla add french fries,27,g,110,mg,1600,g,41,g,37,g,15,g,0,g,2,g,2,g
584,rams horn restaurant,chicken stir fry,28,g,160,mg,2100,g,56,g,59,g,20,g,0,g,4,g,4,g
585,rams horn restaurant,chicken strip dinner,32,g,30,mg,1200,g,40,g,28,g,4,g,0,g,28,g,0,g
586,rams horn restaurant,chicken strip pita,29,g,90,mg,1150,g,158,g,39,g,12,g,0,g,6,g,3,g
587,rams horn restaurant,chicken sub,26,g,115,mg,820,g,35,g,40,g,16,g,0,g,2,g,3,g
588,rams horn restaurant,chili,14,g,45,mg,1180,g,15,g,20,g,4,g,0,g,5,g,5,g
589,rams horn restaurant,chili fries,24,g,10,mg,370,g,35,g,9,g,5,g,0,g,4,g,2,g
590,rams horn restaurant,chili fries with cheese,42,g,70,mg,760,g,35,g,21,g,15,g,0,g,2,g,2,g
591,rams horn restaurant,chimichanga add french fries,23,g,50,mg,950,g,39,g,20,g,11,g,0,g,0,g,0,g
592,rams horn restaurant,chocolate cream pie,34,g,5,mg,280,g,40,g,3,g,23,g,0.5,g,2,g,26,g
593,rams horn restaurant,chocolate ice cream,6,g,15,mg,45,g,17,g,2,g,4,g,0,g,0,g,12,g
594,rams horn restaurant,chocolate milk 1,1,g,5,mg,140,g,24,g,7,g,0,g,0,g,1,g,23,g
595,rams horn restaurant,chopped beef steak,45,g,150,mg,125,g,0,g,41,g,18,g,3,g,0,g,0,g
596,rams horn restaurant,cinnamon caramel french toast,17,g,270,mg,1200,g,90,g,20,g,10,g,0,g,5,g,19,g
597,rams horn restaurant,cinnamon roll,21,g,10,mg,450,g,57,g,6,g,5,g,4,g,2,g,23,g
598,rams horn restaurant,cinnamon swirl,32,g,75,mg,630,g,102,g,9,g,5,g,0,g,2,g,50,g
599,rams horn restaurant,clam chowder,15,g,40,mg,1310,g,20,g,4,g,8,g,0,g,2,g,4,g
600,rams horn restaurant,clubhouse salad,19,g,295,mg,1070,g,13,g,41,g,12,g,0,g,4,g,2,g
601,rams horn restaurant,cocktail sauce,0,g,0,mg,270,g,5,g,0,g,0,g,0,g,0,g,4,g
602,rams horn restaurant,coconut cream pie,23,g,0,mg,220,g,40,g,3,g,15,g,0,g,1,g,26,g
603,rams horn restaurant,cole slaw,9,g,5,mg,240,g,20,g,1,g,1.5,g,0,g,2,g,17,g
604,rams horn restaurant,corned beef hash and eggs add sides,53,g,715,mg,2130,g,30,g,42,g,19,g,2,g,3,g,5,g
605,rams horn restaurant,cottage cheese,1,g,5,mg,410,g,3,g,12,g,0.5,g,0,g,0,g,3,g
606,rams horn restaurant,cottage cheese fruit platter,4,g,10,mg,770,g,36,g,21,g,1,g,0,g,1,g,25,g
607,rams horn restaurant,country boy omelette,111,g,805,mg,2590,g,97,g,55,g,24,g,0,g,2,g,4,g
608,rams horn restaurant,country boy special,54,g,675,mg,2210,g,65,g,31,g,10,g,4,g,0,g,4,g
609,rams horn restaurant,country boy special plus add meat,68,g,675,mg,2590,g,97,g,33,g,10,g,4,g,2,g,4,g
610,rams horn restaurant,country fried steak,23,g,50,mg,1310,g,41,g,15,g,9,g,0,g,1,g,0,g
611,rams horn restaurant,cowboy burger,61,g,190,mg,1030,g,29,g,56,g,24,g,2,g,2,g,4,g
612,rams horn restaurant,cream cheese,34,g,110,mg,320,g,4,g,6,g,19,g,0,g,0,g,3,g
613,rams horn restaurant,diet pepsi,0,g,0,mg,45,g,0,g,0,g,0,g,0,g,0,g,0,g
614,rams horn restaurant,dill sauce,6,g,15,mg,160,g,3,g,1,g,0,g,0,g,0,g,0,g
615,rams horn restaurant,dinty moore sandwich,56,g,75,mg,1530,g,39,g,28,g,14,g,0,g,4,g,7,g
616,rams horn restaurant,double dip ice cream sundae,23,g,50,mg,170,g,54,g,5,g,12,g,0,g,1,g,37,g
617,rams horn restaurant,english muffin,0.5,g,0,mg,230,g,25,g,5,g,0,g,0,g,3,g,2,g
618,rams horn restaurant,fish and skins,96,g,255,mg,2050,g,139,g,115,g,43,g,0,g,13,g,4,g
619,rams horn restaurant,fish sub,29,g,120,mg,1780,g,67,g,56,g,10,g,0,g,2,g,10,g
620,rams horn restaurant,french dressing,14,g,5,mg,5,g,1,g,1,g,2,g,0,g,0,g,1,g
621,rams horn restaurant,french fries,20,g,0,mg,70,g,32,g,4,g,4,g,0,g,3,g,1,g
622,rams horn restaurant,french toast,13,g,245,mg,780,g,69,g,12,g,7,g,0,g,3,g,9,g
623,rams horn restaurant,french toast with fruit and whipped cream,14,g,250,mg,820,g,90,g,12,g,8,g,0,g,5,g,19,g
624,rams horn restaurant,french vanilla ice cream,7,g,40,mg,50,g,15,g,2,g,4.5,g,0,g,0,g,11,g
625,rams horn restaurant,fresh veggie omelette,32,g,730,mg,1250,g,6,g,30,g,11,g,0,g,4,g,4,g
626,rams horn restaurant,fried mozzarella sticks appetizer,40,g,60,mg,1640,g,46,g,20,g,14,g,0,g,2,g,6,g
627,rams horn restaurant,fried shrimp dinner,22,g,120,mg,970,g,35,g,18,g,3.5,g,0,g,0,g,0,g
628,rams horn restaurant,genos hot fudge cake,19,g,70,mg,250,g,63,g,5,g,11,g,0,g,1,g,36,g
629,rams horn restaurant,grapefruit,0,g,0,mg,35,g,28,g,0,g,0,g,0,g,0,g,25,g
630,rams horn restaurant,greek chicken quesadilla,32,g,145,mg,2540,g,56,g,77,g,22,g,0,g,5,g,5,g
631,rams horn restaurant,greek dressing,17,g,5,mg,290,g,1,g,0,g,3,g,0,g,0,g,6,g
632,rams horn restaurant,greek salad with chicken,17,g,80,mg,1710,g,52,g,41,g,6,g,0,g,7,g,5,g
633,rams horn restaurant,greek salad with pita,15,g,25,mg,1530,g,52,g,20,g,5,g,0,g,7,g,5,g
634,rams horn restaurant,grilled cheese sandwich,15,g,60,mg,710,g,25,g,16,g,7,g,1,g,1,g,4,g
635,rams horn restaurant,grilled ham and cheese sandwich,29,g,140,mg,900,g,25,g,33,g,11,g,1,g,1,g,4,g
636,rams horn restaurant,ground round burger,61,g,165,mg,500,g,24,g,47,g,19,g,2,g,2,g,3,g
637,rams horn restaurant,ham and cheese omelette,35,g,755,mg,970,g,4,g,38,g,12,g,0,g,1,g,2,g
638,rams horn restaurant,ham omelette,27,g,695,mg,600,g,4,g,23,g,8,g,0,g,0,g,3,g
639,rams horn restaurant,ham sub,19,g,60,mg,1190,g,35,g,26,g,8,g,0,g,2,g,3,g
640,rams horn restaurant,hash browns,14,g,0,mg,440,g,32,g,5,g,2,g,0,g,4,g,0,g
641,rams horn restaurant,healthy way breakfast,23,g,70,mg,1010,g,55,g,32,g,7,g,0,g,4,g,25,g
642,rams horn restaurant,honey mustard dressing,12,g,10,mg,10,g,6,g,0,g,2,g,0,g,0,g,5,g
643,rams horn restaurant,hot beef sandwich,10,g,70,mg,1800,g,38,g,30,g,2,g,0,g,2,g,0,g
644,rams horn restaurant,hot caramel sundae,9,g,45,mg,170,g,45,g,3,g,6,g,0,g,0,g,26,g
645,rams horn restaurant,hot chocolate,1.5,g,0,mg,190,g,27,g,1,g,1.5,g,0,g,1,g,25,g
646,rams horn restaurant,hot corned beef sandwich,9,g,75,mg,1800,g,39,g,34,g,2,g,0,g,4,g,4,g
647,rams horn restaurant,hot corned beef sandwich with swiss,21,g,115,mg,1890,g,39,g,48,g,10,g,0,g,4,g,4,g
648,rams horn restaurant,hot fudge puff,19,g,60,mg,210,g,42,g,5,g,11,g,0,g,0,g,24,g
649,rams horn restaurant,hot fudge sundae,13,g,30,mg,125,g,37,g,3,g,8,g,0,g,1,g,26,g
650,rams horn restaurant,hot turkey sandwich,7,g,50,mg,1800,g,41,g,31,g,2,g,0,g,2,g,2,g
651,rams horn restaurant,iced tea,0,g,0,mg,0,g,18,g,0,g,0,g,0,g,0,g,18,g
652,rams horn restaurant,imitator burger,74,g,245,mg,1190,g,38,g,69,g,28,g,2,g,2,g,2,g
653,rams horn restaurant,italian dressing,16,g,0,mg,250,g,2,g,0,g,2,g,0,g,0,g,1,g
654,rams horn restaurant,italian dressing fat free,0,g,0,mg,390,g,5,g,0,g,0,g,0,g,0,g,4,g
655,rams horn restaurant,jelly assorted,0,g,0,mg,0,g,9,g,0,g,0,g,0,g,0,g,6,g
656,rams horn restaurant,lemon meringue,8,g,0,mg,300,g,51,g,2,g,3.5,g,0,g,1,g,31,g
657,rams horn restaurant,lemonade,0,g,0,mg,20,g,52,g,0,g,0,g,0,g,0,g,50,g
658,rams horn restaurant,liver and onions,11,g,420,mg,200,g,11,g,23,g,5,g,0,g,1,g,1,g
659,rams horn restaurant,low calorie platter,12,g,50,mg,810,g,31,g,36,g,3.5,g,0,g,0,g,0,g
660,rams horn restaurant,macaroni and cheese,18,g,30,mg,1140,g,38,g,17,g,8,g,0,g,2,g,8,g
661,rams horn restaurant,margarine,17,g,5,mg,150,g,0,g,0,g,3.5,g,2.5,g,0,g,0,g
662,rams horn restaurant,mashed potatoes,2,g,0,mg,710,g,32,g,4,g,0,g,0,g,2,g,1,g
663,rams horn restaurant,meatlovers omelette,76,g,815,mg,2840,g,9,g,55,g,25,g,0,g,0,g,7,g
664,rams horn restaurant,mediterranean wrap,30,g,170,mg,1480,g,41,g,49,g,17,g,1,g,3,g,4,g
665,rams horn restaurant,milk 2,4.5,g,20,mg,105,g,11,g,7,g,2,g,0,g,0,g,11,g
666,rams horn restaurant,mixed vegetables,0,g,0,mg,60,g,12,g,2,g,0,g,0,g,2,g,4,g
667,rams horn restaurant,mushroom burger,43,g,85,mg,590,g,165,g,32,g,12,g,2,g,1,g,1,g
668,rams horn restaurant,mushroom omelette,18,g,655,mg,870,g,0,g,22,g,4,g,0,g,1,g,4,g
669,rams horn restaurant,mushroom swiss omelette,24,g,675,mg,910,g,0,g,29,g,8,g,0,g,1,g,4,g
670,rams horn restaurant,new york steak and eggs,67,g,870,mg,660,g,3,g,79,g,23,g,0,g,0,g,3,g
671,rams horn restaurant,ny strip,43,g,230,mg,150,g,0,g,59,g,17,g,0,g,0,g,0,g
672,rams horn restaurant,onion rings,31,g,0,mg,460,g,50,g,4,g,1,g,0,g,4,g,4,g
673,rams horn restaurant,onion rings appetizer,31,g,0,mg,460,g,50,g,4,g,1,g,0,g,4,g,4,g
674,rams horn restaurant,orange juice,0,g,0,mg,0,g,29,g,1,g,0,g,0,g,0,g,28,g
675,rams horn restaurant,pancakes,7,g,30,mg,1800,g,87,g,18,g,1.5,g,0,g,3,g,0,g
676,rams horn restaurant,patty melt burger,43,g,130,mg,1000,g,35,g,41,g,16,g,2,g,6,g,1,g
677,rams horn restaurant,paul bunyan combo,92,g,990,mg,2070,g,69,g,61,g,24,g,0,g,3,g,7,g
678,rams horn restaurant,paul bunyan original,76,g,765,mg,1690,g,37,g,47,g,17,g,0,g,2,g,3,g
679,rams horn restaurant,peanut butter,7,g,0,mg,65,g,4,g,3,g,1,g,0,g,1,g,1,g
680,rams horn restaurant,philly cheese steak sub,17,g,65,mg,1380,g,39,g,37,g,8,g,0,g,2,g,6,g
681,rams horn restaurant,philly cheese steak wrap,21,g,70,mg,1800,g,57,g,40,g,9,g,0,g,5,g,4,g
682,rams horn restaurant,potato skins appetizer,60,g,170,mg,840,g,85,g,67,g,35,g,0,g,9,g,0,g
683,rams horn restaurant,premium breakfast bowl,71,g,805,mg,1990,g,97,g,52,g,28,g,1,g,0,g,4,g
684,rams horn restaurant,pretzel sticks appetizer,6,g,0,mg,1400,g,81,g,16,g,1.5,g,2,g,1,g,2,g
685,rams horn restaurant,pumpkin pie,11,g,45,mg,350,g,48,g,5,g,4,g,0,g,1,g,20,g
686,rams horn restaurant,rams horn cobb salad,27,g,125,mg,690,g,8,g,37,g,13,g,0,g,4,g,2,g
687,rams horn restaurant,rams horn fish,36,g,80,mg,1210,g,54,g,48,g,8,g,0,g,4,g,4,g
688,rams horn restaurant,ranch dressing,14,g,5,mg,200,g,0,g,0,g,3,g,0,g,0,g,0,g
689,rams horn restaurant,ranch dressing fat free,0,g,0,mg,540,g,10,g,0,g,0,g,0,g,1,g,4,g
690,rams horn restaurant,ranchers omelette,66,g,805,mg,2900,g,38,g,51,g,23,g,0,g,6,g,13,g
691,rams horn restaurant,raspberry dressing fat free,0,g,0,mg,320,g,13,g,0,g,0,g,0,g,0,g,12,g
692,rams horn restaurant,raspberry tea,0,g,0,mg,35,g,29,g,0,g,0,g,0,g,0,g,29,g
693,rams horn restaurant,ribeye,26,g,185,mg,170,g,0,g,62,g,11,g,0,g,0,g,0,g
694,rams horn restaurant,ribeye and eggs,50,g,830,mg,680,g,3,g,83,g,16,g,0,g,0,g,3,g
695,rams horn restaurant,rice pilaf,1.5,g,0,mg,2550,g,129,g,15,g,0,g,0,g,3,g,6,g
696,rams horn restaurant,rice pudding,9,g,45,mg,220,g,69,g,6,g,5,g,0,g,1,g,16,g
697,rams horn restaurant,roasted turkey and dressing,14,g,55,mg,2130,g,94,g,42,g,2,g,0,g,4,g,8,g
698,rams horn restaurant,salmon,20,g,110,mg,110,g,0,g,36,g,3,g,0,g,0,g,0,g
699,rams horn restaurant,sanders bumpy cake,13,g,15,mg,240,g,33,g,0,g,4,g,1.5,g,0,g,23,g
700,rams horn restaurant,saucy burrito,19,g,70,mg,1410,g,33,g,22,g,6,g,0,g,8,g,8,g
701,rams horn restaurant,side of bacon,6,g,10,mg,105,g,2,g,2,g,2,g,0,g,0,g,0,g
702,rams horn restaurant,side of egg substitute,0,g,0,mg,125,g,1,g,6,g,0,g,0,g,0,g,1,g
703,rams horn restaurant,side of ham slice,7,g,40,mg,890,g,0,g,12,g,2.5,g,0,g,0,g,0,g
704,rams horn restaurant,side of hash browns,14,g,0,mg,380,g,32,g,2,g,0,g,0,g,2,g,0,g
705,rams horn restaurant,side of large egg,8,g,215,mg,170,g,1,g,7,g,2,g,0,g,0,g,1,g
706,rams horn restaurant,side of oatmeal,3,g,0,mg,0,g,27,g,5,g,0.5,g,0,g,4,g,1,g
707,rams horn restaurant,side of pancakes 1 large or 4 small pieces,2.5,g,10,mg,600,g,29,g,6,g,0.5,g,0,g,1,g,0,g
708,rams horn restaurant,side of sausage links,25,g,70,mg,600,g,0,g,10,g,6,g,0,g,0,g,0,g
709,rams horn restaurant,side of sausage patties,26,g,70,mg,640,g,0,g,15,g,8,g,1,g,0,g,0,g
710,rams horn restaurant,side of spaghetti,4.5,g,5,mg,340,g,22,g,8,g,1.5,g,0,g,1,g,1,g
711,rams horn restaurant,side of turkey patties,8,g,70,mg,340,g,0,g,16,g,2,g,0,g,0,g,0,g
712,rams horn restaurant,side salad,0,g,0,mg,15,g,5,g,2,g,0,g,0,g,2,g,3,g
713,rams horn restaurant,smoked ham and swiss sandwich,29,g,120,mg,2450,g,53,g,48,g,14,g,0,g,2,g,1,g
714,rams horn restaurant,sour cream,5,g,20,mg,50,g,2,g,1,g,3,g,0,g,0,g,1,g
715,rams horn restaurant,southern fried chicken,52,g,285,mg,2500,g,24,g,73,g,13,g,0,g,0,g,0,g
716,rams horn restaurant,southwest bowl,67,g,610,mg,2380,g,56,g,49,g,26,g,1,g,13,g,7,g
717,rams horn restaurant,southwest turkey ciabatta sandwich,32,g,50,mg,1520,g,40,g,25,g,5,g,0,g,4,g,7,g
718,rams horn restaurant,spaghetti with meatsauce,13,g,15,mg,1010,g,64,g,22,g,4,g,1,g,4,g,4,g
719,rams horn restaurant,spinach and feta omelette,24,g,350,mg,590,g,4,g,16,g,10,g,0,g,1,g,3,g
720,rams horn restaurant,spinach quiche,21,g,70,mg,540,g,24,g,17,g,4,g,0,g,4,g,0,g
721,rams horn restaurant,split pea soup,2.5,g,5,mg,750,g,28,g,9,g,1,g,0,g,5,g,3,g
722,rams horn restaurant,strawberry ice cream,6,g,25,mg,50,g,17,g,2,g,4,g,0,g,0,g,16,g
723,rams horn restaurant,strawberry pancakes,7,g,30,mg,1830,g,117,g,18,g,1.5,g,0,g,4,g,23,g
724,rams horn restaurant,stuffed french toast,20,g,270,mg,910,g,91,g,13,g,12,g,0,g,5,g,20,g
725,rams horn restaurant,super burger,76,g,200,mg,1200,g,24,g,57,g,27,g,2,g,2,g,3,g
726,rams horn restaurant,super nachos,31,g,75,mg,490,g,36,g,24,g,12,g,0,g,5,g,2,g
727,rams horn restaurant,super taco salad,40,g,65,mg,1600,g,80,g,29,g,10,g,1,g,13,g,8,g
728,rams horn restaurant,super taco salad with chicken,38,g,75,mg,1800,g,77,g,38,g,8,g,1,g,13,g,10,g
729,rams horn restaurant,sweet potato fries,12,g,0,mg,370,g,54,g,6,g,0,g,0,g,9,g,0,g
730,rams horn restaurant,syrup,0,g,0,mg,40,g,28,g,0,g,0,g,0,g,0,g,16,g
731,rams horn restaurant,syrup sugar free,0,g,0,mg,40,g,4,g,0,g,0,g,0,g,0,g,0,g
732,rams horn restaurant,tartar,12,g,10,mg,320,g,1,g,0,g,2,g,0,g,0,g,1,g
733,rams horn restaurant,tex mex burger,60,g,185,mg,610,g,31,g,53,g,25,g,3,g,1,g,3,g
734,rams horn restaurant,the big ram burger,55,g,185,mg,920,g,27,g,54,g,22,g,2,g,2,g,3,g
735,rams horn restaurant,tilapia,4,g,105,mg,120,g,0,g,46,g,1,g,0,g,0,g,0,g
736,rams horn restaurant,toast rye,2,g,0,mg,420,g,31,g,5,g,0,g,0,g,4,g,0,g
737,rams horn restaurant,toast white,2,g,0,mg,340,g,25,g,4,g,0,g,0,g,1,g,0,g
738,rams horn restaurant,toast whole wheat,5,g,0,mg,320,g,47,g,8,g,1,g,0,g,6,g,0,g
739,rams horn restaurant,tuna melt sandwich,32,g,75,mg,1450,g,22,g,38,g,12,g,0,g,3,g,8,g
740,rams horn restaurant,tuna salad sandwich,18,g,25,mg,820,g,19,g,33,g,3,g,0,g,0,g,0,g
741,rams horn restaurant,turkey burger without dressing,29,g,90,mg,940,g,24,g,28,g,8,g,0,g,3,g,5,g
742,rams horn restaurant,turkey cheeseburger without dressing,31,g,95,mg,1120,g,25,g,35,g,10,g,0,g,3,g,5,g
743,rams horn restaurant,turkey club sandwich,32,g,50,mg,1520,g,40,g,25,g,5,g,0,g,4,g,7,g
744,rams horn restaurant,v8 juice,0,g,0,mg,480,g,10,g,2,g,0,g,0,g,2,g,8,g
745,rams horn restaurant,vanilla ice cream,7,g,20,mg,45,g,15,g,2,g,4,g,0,g,0,g,11,g
746,rams horn restaurant,veal parmesan,29,g,180,mg,1420,g,40,g,42,g,15,g,0,g,4,g,10,g
747,rams horn restaurant,vegetable soup,0,g,0,mg,800,g,10,g,4,g,0,g,0,g,3,g,2,g
748,rams horn restaurant,veggie burger without dressing,7,g,0,mg,860,g,34,g,22,g,1,g,0,g,7,g,2,g
749,rams horn restaurant,veggie pita melt,23,g,55,mg,760,g,58,g,28,g,11,g,0,g,8,g,5,g
750,rams horn restaurant,western omelette,34,g,750,mg,630,g,6,g,36,g,11,g,0,g,4,g,7,g
751,redbrick pizza,4 cheese pizza large,53,g,145,mg,2290,g,214,g,77,g,27,g,0,g,1,g,15,g
752,redbrick pizza,4 cheese pizza regular,30,g,80,mg,1260,g,110,g,42,g,15,g,0,g,1,g,9,g
753,redbrick pizza,4 cheese pizza small,16,g,40,mg,730,g,76,g,24,g,8,g,0,g,0,g,6,g
754,redbrick pizza,bbq chicken fhazani,10,g,60,mg,1250,g,58,g,28,g,4.5,g,0,g,1,g,12,g
755,redbrick pizza,bbq chicken pizza large,55,g,245,mg,4630,g,239,g,117,g,27,g,0,g,1,g,35,g
756,redbrick pizza,bbq chicken pizza regular,31,g,150,mg,2820,g,127,g,69,g,15,g,0,g,0,g,22,g
757,redbrick pizza,bbq chicken pizza small,17,g,75,mg,1510,g,85,g,37,g,8,g,0,g,0,g,12,g
758,redbrick pizza,bianca pizza large,107,g,215,mg,2500,g,212,g,96,g,41,g,0,g,1,g,11,g
759,redbrick pizza,bianca pizza regular,66,g,130,mg,1400,g,108,g,54,g,24,g,0,g,1,g,6,g
760,redbrick pizza,bianca pizza small,34,g,65,mg,800,g,75,g,30,g,12,g,0,g,0,g,4,g
761,redbrick pizza,breadsticks,13,g,5,mg,750,g,151,g,21,g,2,g,0,g,0,g,7,g
762,redbrick pizza,buffalo chicken pizza large,87,g,280,mg,4080,g,209,g,119,g,32,g,0,g,2,g,11,g
763,redbrick pizza,buffalo chicken pizza regular,49,g,170,mg,2410,g,106,g,69,g,18,g,0,g,1,g,6,g
764,redbrick pizza,buffalo chicken pizza small,27,g,85,mg,1330,g,75,g,38,g,10,g,0,g,1,g,4,g
765,redbrick pizza,california club salad fam,60,g,165,mg,3110,g,44,g,55,g,16,g,0,g,12,g,9,g
766,redbrick pizza,california club salad full,38,g,110,mg,2040,g,27,g,36,g,10,g,0,g,7,g,5,g
767,redbrick pizza,california club salad half,24,g,60,mg,1150,g,18,g,20,g,6,g,0,g,5,g,4,g
768,redbrick pizza,carribbean pizza large,78,g,245,mg,4070,g,227,g,102,g,37,g,0,g,3,g,28,g
769,redbrick pizza,carribbean pizza regular,42,g,140,mg,2120,g,92,g,53,g,20,g,0,g,2,g,16,g
770,redbrick pizza,carribbean pizza small,23,g,70,mg,1230,g,83,g,31,g,10,g,0,g,1,g,12,g
771,redbrick pizza,cheesy breadsticks,25,g,45,mg,1090,g,153,g,35,g,9,g,0,g,0,g,7,g
772,redbrick pizza,chicken caesar salad fam,33,g,85,mg,3180,g,30,g,32,g,7,g,0,g,6,g,7,g
773,redbrick pizza,chicken caesar salad full,21,g,55,mg,2000,g,19,g,21,g,4.5,g,0,g,4,g,4,g
774,redbrick pizza,chicken caesar salad half,14,g,30,mg,1270,g,13,g,11,g,3,g,0,g,2,g,3,g
775,redbrick pizza,chinese chicken salad fam,28,g,50,mg,1880,g,75,g,31,g,1.5,g,0,g,10,g,37,g
776,redbrick pizza,chinese chicken salad full,18,g,35,mg,1200,g,49,g,21,g,1,g,0,g,7,g,24,g
777,redbrick pizza,chinese chicken salad half,10,g,15,mg,680,g,30,g,11,g,0.5,g,0,g,4,g,16,g
778,redbrick pizza,classic caesar salad fam,32,g,35,mg,2410,g,29,g,12,g,7,g,0,g,6,g,7,g
779,redbrick pizza,classic caesar salad full,20,g,20,mg,1490,g,18,g,7,g,4.5,g,0,g,4,g,4,g
780,redbrick pizza,classic caesar salad half,13,g,15,mg,1010,g,12,g,5,g,3,g,0,g,2,g,3,g
781,redbrick pizza,davinci pizza large,62,g,155,mg,2990,g,217,g,66,g,26,g,0,g,3,g,18,g
782,redbrick pizza,davinci pizza regular,39,g,105,mg,1770,g,113,g,39,g,17,g,0,g,2,g,11,g
783,redbrick pizza,davinci pizza small,24,g,60,mg,1080,g,78,g,25,g,11,g,0,g,1,g,7,g
784,redbrick pizza,garden salad fam,57,g,70,mg,2200,g,38,g,20,g,13,g,0,g,9,g,9,g
785,redbrick pizza,garden salad full,35,g,45,mg,1380,g,25,g,13,g,8,g,0,g,5,g,6,g
786,redbrick pizza,garden salad half,23,g,25,mg,920,g,15,g,7,g,5,g,0,g,3,g,4,g
787,redbrick pizza,garlic chicken pizza large,93,g,305,mg,4810,g,216,g,126,g,34,g,0,g,3,g,14,g
788,redbrick pizza,garlic chicken pizza regular,56,g,190,mg,2940,g,111,g,75,g,20,g,0,g,2,g,8,g
789,redbrick pizza,garlic chicken pizza small,29,g,95,mg,1570,g,77,g,40,g,10,g,0,g,1,g,6,g
790,redbrick pizza,giardino veggie gourmet pizza large,58,g,145,mg,2730,g,231,g,81,g,27,g,0,g,6,g,22,g
791,redbrick pizza,giardino veggie gourmet pizza regular,33,g,80,mg,1540,g,121,g,44,g,15,g,0,g,4,g,13,g
792,redbrick pizza,giardino veggie gourmet pizza small,18,g,40,mg,890,g,82,g,25,g,8,g,0,g,2,g,8,g
793,redbrick pizza,greek pizza large,86,g,180,mg,3550,g,209,g,88,g,33,g,0,g,2,g,9,g
794,redbrick pizza,greek pizza regular,51,g,105,mg,2000,g,106,g,48,g,19,g,0,g,1,g,5,g
795,redbrick pizza,greek pizza small,27,g,50,mg,1140,g,74,g,27,g,10,g,0,g,1,g,3,g
796,redbrick pizza,greek salad fam,47,g,30,mg,3210,g,37,g,20,g,9,g,0,g,10,g,10,g
797,redbrick pizza,greek salad full,29,g,25,mg,2080,g,24,g,13,g,6,g,0,g,6,g,6,g
798,redbrick pizza,greek salad half,19,g,15,mg,1370,g,15,g,8,g,3.5,g,0,g,4,g,4,g
799,redbrick pizza,ham n cheese fhazani,17,g,45,mg,790,g,48,g,19,g,6,g,0,g,2,g,5,g
800,redbrick pizza,italian fhazani,33,g,80,mg,1530,g,51,g,30,g,12,g,0,g,2,g,6,g
801,redbrick pizza,italian salad fam,74,g,70,mg,3920,g,39,g,29,g,18,g,0,g,10,g,10,g
802,redbrick pizza,italian salad full,48,g,50,mg,2560,g,25,g,20,g,12,g,0,g,6,g,6,g
803,redbrick pizza,italian salad half,31,g,30,mg,1660,g,16,g,12,g,7,g,0,g,4,g,4,g
804,redbrick pizza,margherita pizza large,35,g,80,mg,1820,g,219,g,49,g,16,g,0,g,3,g,18,g
805,redbrick pizza,margherita pizza regular,24,g,60,mg,1120,g,114,g,30,g,11,g,0,g,2,g,11,g
806,redbrick pizza,margherita pizza small,16,g,40,mg,750,g,78,g,20,g,8,g,0,g,1,g,6,g
807,redbrick pizza,milano meatball fhazani,31,g,90,mg,1510,g,47,g,31,g,13,g,0,g,1,g,4,g
808,redbrick pizza,pepperoni pizza large,66,g,175,mg,2850,g,214,g,82,g,32,g,0,g,1,g,15,g
809,redbrick pizza,pepperoni pizza regular,37,g,100,mg,1590,g,110,g,45,g,18,g,0,g,1,g,9,g
810,redbrick pizza,pepperoni pizza small,21,g,55,mg,960,g,76,g,26,g,10,g,0,g,0,g,6,g
811,redbrick pizza,pesto chicken amore fhazani,24,g,75,mg,1170,g,49,g,30,g,7,g,0,g,2,g,5,g
812,redbrick pizza,pesto chicken amore pizza large,65,g,195,mg,4020,g,204,g,94,g,20,g,0,g,3,g,9,g
813,redbrick pizza,pesto chicken amore pizza regular,44,g,135,mg,2580,g,104,g,60,g,14,g,0,g,2,g,5,g
814,redbrick pizza,pesto chicken amore pizza small,26,g,80,mg,1490,g,74,g,36,g,9,g,0,g,1,g,4,g
815,redbrick pizza,pesto del pollo salad fam,44,g,90,mg,3530,g,38,g,37,g,9,g,0,g,10,g,9,g
816,redbrick pizza,pesto del pollo salad full,29,g,60,mg,2280,g,24,g,25,g,6,g,0,g,6,g,6,g
817,redbrick pizza,pesto del pollo salad half,16,g,30,mg,1340,g,15,g,13,g,3,g,0,g,4,g,3,g
818,redbrick pizza,prosciutto pizza large,62,g,140,mg,3000,g,203,g,64,g,21,g,0,g,1,g,9,g
819,redbrick pizza,prosciutto pizza regular,41,g,100,mg,1910,g,103,g,39,g,15,g,0,g,1,g,5,g
820,redbrick pizza,prosciutto pizza small,25,g,60,mg,1150,g,73,g,25,g,9,g,0,g,0,g,3,g
821,redbrick pizza,rbp gourmet works pizza large,82,g,245,mg,3980,g,220,g,102,g,37,g,0,g,3,g,18,g
822,redbrick pizza,rbp gourmet works pizza regular,48,g,145,mg,2290,g,114,g,57,g,21,g,0,g,2,g,11,g
823,redbrick pizza,rbp gourmet works pizza small,26,g,75,mg,1280,g,79,g,32,g,11,g,0,g,1,g,7,g
824,redbrick pizza,rbp meatworks carne pizza large,86,g,290,mg,4050,g,216,g,109,g,40,g,0,g,1,g,16,g
825,redbrick pizza,rbp meatworks carne pizza regular,51,g,175,mg,2350,g,112,g,62,g,23,g,0,g,1,g,10,g
826,redbrick pizza,rbp meatworks carne pizza small,27,g,90,mg,1300,g,77,g,34,g,12,g,0,g,0,g,6,g
827,redbrick pizza,rustica pizza large,79,g,185,mg,2500,g,109,g,75,g,33,g,0,g,1,g,5,g
828,redbrick pizza,rustica pizza regular,48,g,105,mg,1490,g,77,g,45,g,19,g,0,g,0,g,4,g
829,redbrick pizza,rustica pizza small,25,g,55,mg,810,g,45,g,23,g,10,g,0,g,0,g,2,g
830,redbrick pizza,southwest salad fam,46,g,120,mg,1610,g,27,g,40,g,12,g,0,g,10,g,8,g
831,redbrick pizza,southwest salad full,29,g,75,mg,1040,g,18,g,27,g,7,g,0,g,6,g,5,g
832,redbrick pizza,southwest salad half,18,g,45,mg,580,g,10,g,15,g,4.5,g,0,g,4,g,3,g
833,redbrick pizza,thai pizza large,82,g,245,mg,5130,g,238,g,127,g,32,g,0,g,2,g,30,g
834,redbrick pizza,thai pizza regular,49,g,150,mg,3150,g,126,g,75,g,18,g,0,g,1,g,19,g
835,redbrick pizza,thai pizza small,26,g,75,mg,1670,g,84,g,41,g,9,g,0,g,1,g,10,g
836,redbrick pizza,veggie fhazani,17,g,35,mg,620,g,51,g,16,g,6,g,0,g,3,g,6,g
837,redbrick pizza,veggie proteina salad fam,22,g,10,mg,1760,g,77,g,26,g,3,g,0,g,25,g,12,g
838,redbrick pizza,veggie proteina salad full,15,g,5,mg,1170,g,50,g,17,g,2,g,0,g,16,g,8,g
839,redbrick pizza,veggie proteina salad half,8,g,5,mg,660,g,28,g,9,g,1,g,0,g,9,g,4,g
840,rib city,1 1 2 rack baby back dinner,77,g,275,mg,890,g,6,g,55,g,27,g,0,g,0,g,6,g
841,rib city,1000 island dressing,12,g,10,mg,200,g,3,g,0,g,1.5,g,0,g,0,g,3,g
842,rib city,apple sauce,0,g,0,mg,0,g,24,g,0,g,0,g,0,g,1,g,22,g
843,rib city,baby back dinner,51,g,180,mg,600,g,4,g,36,g,18,g,0,g,0,g,4,g
844,rib city,baby back lunch plate,26,g,90,mg,300,g,2,g,18,g,9,g,0,g,0,g,2,g
845,rib city,baby back ribs full rack,51,g,180,mg,600,g,4,g,36,g,18,g,0,g,0,g,4,g
846,rib city,baked beans,0,g,0,mg,400,g,32,g,6,g,0,g,0,g,4,g,16,g
847,rib city,baked beans gallon,1,g,0,mg,12810,g,1039,g,204,g,0,g,0,g,137,g,527,g
848,rib city,baked beans pint,0,g,0,mg,1600,g,130,g,25,g,0,g,0,g,17,g,66,g
849,rib city,baked beans quart,0,g,0,mg,3200,g,260,g,51,g,0,g,0,g,34,g,132,g
850,rib city,baked potato,16,g,50,mg,110,g,27,g,4,g,10,g,0,g,3,g,4,g
851,rib city,bbq chicken and beef lunch plate,28,g,170,mg,440,g,3,g,48,g,7,g,0,g,0,g,3,g
852,rib city,bbq chicken and pork lunch plate,34,g,175,mg,530,g,4,g,44,g,10,g,0,g,0,g,3,g
853,rib city,bbq chicken and salad,25,g,125,mg,410,g,6,g,30,g,7,g,0,g,1,g,5,g
854,rib city,bbq chicken dinner,50,g,250,mg,790,g,7,g,59,g,14,g,0,g,0,g,6,g
855,rib city,bbq chicken lunch plate,25,g,125,mg,390,g,3,g,29,g,7,g,0,g,0,g,3,g
856,rib city,bbq chicken half,50,g,250,mg,790,g,7,g,59,g,14,g,0,g,0,g,6,g
857,rib city,bbq chicken whole,99,g,495,mg,1580,g,14,g,118,g,28,g,0,g,0,g,13,g
858,rib city,bbq hot sauce,0,g,0,mg,250,g,2,g,0,g,0,g,0,g,0,g,2,g
859,rib city,bbq mustard sauce,0,g,0,mg,210,g,2,g,0,g,0,g,0,g,0,g,2,g
860,rib city,bbq sweet sauce,0,g,0,mg,420,g,11,g,0,g,0,g,0,g,0,g,10,g
861,rib city,bbq tangy sauce,0,g,0,mg,410,g,7,g,0,g,0,g,0,g,0,g,6,g
862,rib city,beans and franks lunch plate,64,g,120,mg,400,g,40,g,32,g,30,g,0,g,4,g,22,g
863,rib city,beef dinner,6,g,90,mg,90,g,0,g,36,g,0,g,0,g,0,g,0,g
864,rib city,beef lunch plate,4,g,60,mg,60,g,0,g,24,g,0,g,0,g,0,g,0,g
865,rib city,beef salad,4,g,60,mg,75,g,3,g,25,g,0,g,0,g,1,g,2,g
866,rib city,beef sandwich on garlic toast,17,g,60,mg,590,g,37,g,30,g,2,g,0,g,1,g,4,g
867,rib city,beef 1 pound,16,g,245,mg,240,g,0,g,97,g,0,g,0,g,0,g,0,g
868,rib city,beef 1 2 pound,8,g,120,mg,120,g,0,g,49,g,0,g,0,g,0,g,0,g
869,rib city,bleu cheese dressing,15,g,20,mg,170,g,0,g,1,g,3,g,0,g,0,g,0,g
870,rib city,buffalo chicken salad plain,9,g,100,mg,160,g,3,g,41,g,1.5,g,0,g,1,g,2,g
871,rib city,buffalo shrimp,23,g,170,mg,1670,g,62,g,30,g,4.5,g,0,g,2,g,2,g
872,rib city,butter chip,6,g,15,mg,50,g,0,g,0,g,4,g,0,g,0,g,0,g
873,rib city,chicken on the green salad,18,g,125,mg,140,g,3,g,42,g,5,g,0,g,1,g,2,g
874,rib city,chicken tender basket lunch plate,9,g,100,mg,140,g,0,g,40,g,1.5,g,0,g,0,g,0,g
875,rib city,chocolate chocolate mania,25,g,40,mg,430,g,62,g,7,g,10,g,0,g,2,g,40,g
876,rib city,cocktail sauce,0,g,0,mg,310,g,7,g,0,g,0,g,0,g,0,g,7,g
877,rib city,coconut cream pie,31,g,5,mg,570,g,65,g,4,g,25,g,0,g,5,g,45,g
878,rib city,cole slaw,9,g,10,mg,105,g,12,g,1,g,1.5,g,0,g,1,g,11,g
879,rib city,cole slaw gallon,298,g,250,mg,3420,g,388,g,17,g,40,g,0,g,35,g,344,g
880,rib city,cole slaw pint,37,g,30,mg,430,g,49,g,2,g,5,g,0,g,4,g,43,g
881,rib city,cole slaw quart,74,g,65,mg,850,g,97,g,4,g,10,g,0,g,9,g,86,g
882,rib city,combo dinner 1 2 rack,26,g,90,mg,300,g,2,g,18,g,9,g,0,g,0,g,2,g
883,rib city,combo dinner 1 4 bbq chicken,25,g,125,mg,390,g,3,g,29,g,7,g,0,g,0,g,3,g
884,rib city,combo dinner 4 oz beef,4,g,60,mg,60,g,0,g,24,g,0,g,0,g,0,g,0,g
885,rib city,combo dinner 4 oz pork,13,g,70,mg,180,g,0,g,20,g,4.5,g,0,g,0,g,0,g
886,rib city,combo dinner 4 oz turkey,0,g,60,mg,830,g,2,g,22,g,0,g,0,g,0,g,2,g
887,rib city,corn on the cob,7,g,0,mg,50,g,19,g,2,g,1.5,g,0,g,2,g,3,g
888,rib city,crispy shrimp salad,23,g,170,mg,1680,g,65,g,31,g,4.5,g,0,g,3,g,4,g
889,rib city,feast for two,126,g,625,mg,1740,g,11,g,161,g,39,g,0,g,0,g,11,g
890,rib city,french fries,6,g,0,mg,35,g,24,g,3,g,1.5,g,0,g,3,g,0,g
891,rib city,fried okra,13,g,0,mg,1870,g,78,g,0,g,2,g,0,g,8,g,8,g
892,rib city,fried shrimp dinner,18,g,370,mg,2280,g,67,g,60,g,2.5,g,0,g,4,g,4,g
893,rib city,garden salad,0,g,0,mg,15,g,3,g,1,g,0,g,0,g,1,g,2,g
894,rib city,garlic toast basket,19,g,0,mg,790,g,55,g,9,g,3,g,0,g,1,g,7,g
895,rib city,garlic toast 1 slice,6,g,0,mg,260,g,18,g,3,g,1,g,0,g,0,g,2,g
896,rib city,garlic toast 2 slices,13,g,0,mg,530,g,37,g,6,g,2,g,0,g,1,g,4,g
897,rib city,grilled chicken breast lunch plate,18,g,125,mg,125,g,0,g,41,g,5,g,0,g,0,g,0,g
898,rib city,grilled chicken sandwich on seeded bun,22,g,125,mg,530,g,43,g,48,g,6,g,0,g,2,g,6,g
899,rib city,honey mustard dressing,14,g,15,mg,110,g,5,g,0,g,2,g,0,g,0,g,5,g
900,rib city,hot buffalo sauce,0,g,0,mg,690,g,0,g,0,g,0,g,0,g,0,g,0,g
901,rib city,hot diggity dog on hot dog bun,34,g,60,mg,250,g,28,g,17,g,15,g,0,g,1,g,6,g
902,rib city,key lime pie,24,g,145,mg,250,g,89,g,14,g,33,g,0,g,0,g,81,g
903,rib city,kickin chicken sandwich on seeded bun,27,g,140,mg,860,g,43,g,51,g,9,g,0,g,2,g,6,g
904,rib city,kids bbq chicken,25,g,125,mg,390,g,3,g,29,g,7,g,0,g,0,g,3,g
905,rib city,kids chicken nuggets,14,g,70,mg,70,g,0,g,23,g,3.5,g,0,g,0,g,0,g
906,rib city,kids fried shrimp,6,g,130,mg,820,g,24,g,21,g,1,g,0,g,1,g,1,g
907,rib city,kids grilled cheese sandwich,25,g,30,mg,1210,g,37,g,14,g,10,g,0,g,1,g,4,g
908,rib city,kids mini corn dogs,22,g,35,mg,870,g,30,g,10,g,9,g,0,g,3,g,4,g
909,rib city,kids ribs,20,g,75,mg,240,g,2,g,15,g,7,g,0,g,0,g,2,g
910,rib city,kids under 4 free,12,g,60,mg,200,g,2,g,15,g,3.5,g,0,g,0,g,2,g
911,rib city,light italian dressing,0,g,0,mg,280,g,3,g,0,g,0,g,0,g,0,g,2,g
912,rib city,mandarin oranges,0,g,0,mg,0,g,11,g,0,g,0,g,0,g,1,g,10,g
913,rib city,oil and vinegar dressing,14,g,0,mg,0,g,0,g,0,g,1,g,0,g,0,g,0,g
914,rib city,onion rings,15,g,0,mg,1930,g,153,g,18,g,2,g,0,g,4,g,18,g
915,rib city,onion rings half order,7,g,0,mg,970,g,76,g,9,g,1,g,0,g,2,g,9,g
916,rib city,plain tenders 1 pound,19,g,200,mg,280,g,0,g,81,g,2.5,g,0,g,0,g,0,g
917,rib city,plain tenders 1 2 pound,9,g,100,mg,140,g,0,g,40,g,1.5,g,0,g,0,g,0,g
918,rib city,pork lunch plate,13,g,70,mg,180,g,0,g,20,g,4.5,g,0,g,0,g,0,g
919,rib city,pork sandwich on garlic toast,25,g,70,mg,710,g,37,g,25,g,6,g,0,g,1,g,4,g
920,rib city,pulled pork dinner,59,g,170,mg,210,g,2,g,34,g,20,g,0,g,0,g,1,g
921,rib city,pulled pork sandwich on seeded bun,33,g,85,mg,500,g,43,g,24,g,11,g,0,g,2,g,5,g
922,rib city,pulled pork 1 pound,117,g,345,mg,410,g,3,g,69,g,40,g,0,g,0,g,2,g
923,rib city,pulled pork 1 2 pound,59,g,170,mg,210,g,2,g,34,g,20,g,0,g,0,g,1,g
924,rib city,ranch dressing,15,g,15,mg,240,g,1,g,0,g,2,g,0,g,0,g,0,g
925,rib city,raspberry cheese cake,46,g,90,mg,500,g,50,g,8,g,25,g,0,g,1,g,34,g
926,rib city,regular buffalo sauce,14,g,0,mg,440,g,0,g,0,g,3,g,0,g,0,g,0,g
927,rib city,rib and rib combo dinner,64,g,230,mg,550,g,6,g,46,g,23,g,0,g,0,g,6,g
928,rib city,rib city club salad,32,g,160,mg,1910,g,7,g,44,g,14,g,0,g,1,g,4,g
929,rib city,rib city sirloin dinner,34,g,115,mg,1040,g,26,g,53,g,13,g,0,g,1,g,4,g
930,rib city,rib city steak burger on seeded bun,49,g,160,mg,550,g,43,g,46,g,19,g,0,g,2,g,6,g
931,rib city,riblet dinner,33,g,215,mg,280,g,1,g,64,g,12,g,0,g,0,g,1,g
932,rib city,riblet lunch plate,28,g,175,mg,230,g,1,g,53,g,10,g,0,g,0,g,1,g
933,rib city,sesame seed bun,4,g,0,mg,400,g,42,g,7,g,1,g,0,g,2,g,5,g
934,rib city,shrimp and ribs,33,g,250,mg,1280,g,31,g,44,g,10,g,0,g,2,g,4,g
935,rib city,skyscraper beef sandwich on garlic toast,20,g,115,mg,640,g,37,g,51,g,2,g,0,g,1,g,4,g
936,rib city,skyscraper pork sandwich on garlic toast,36,g,135,mg,860,g,37,g,43,g,10,g,0,g,1,g,4,g
937,rib city,skyscraper turkey sandwich on garlic toast,13,g,115,mg,2090,g,41,g,48,g,2,g,0,g,1,g,8,g
938,rib city,sliced pork dinner,19,g,105,mg,260,g,0,g,29,g,6,g,0,g,0,g,0,g
939,rib city,sliced pork 1 pound,51,g,285,mg,700,g,1,g,78,g,17,g,0,g,0,g,0,g
940,rib city,sliced pork 1 2 pound,25,g,140,mg,350,g,0,g,39,g,9,g,0,g,0,g,0,g
941,rib city,sliced tomatoes,0,g,0,mg,0,g,4,g,1,g,0,g,0,g,1,g,2,g
942,rib city,sloppy city sandwich on seeded bun,18,g,90,mg,1150,g,57,g,35,g,5,g,0,g,2,g,19,g
943,rib city,smoked turkey 1 pound,0,g,245,mg,3320,g,8,g,89,g,0,g,0,g,0,g,8,g
944,rib city,smoked turkey 1 2 pound,0,g,120,mg,1660,g,4,g,45,g,0,g,0,g,0,g,4,g
945,rib city,sour cream,5,g,20,mg,20,g,1,g,0,g,3,g,0,g,0,g,1,g
946,rib city,southern pecan pie,56,g,30,mg,430,g,25,g,2,g,12,g,0,g,1,g,13,g
947,rib city,spicy ranch dressing,15,g,15,mg,240,g,1,g,0,g,2,g,0,g,0,g,1,g
948,rib city,st louis ribs 1 2 slab,55,g,195,mg,360,g,5,g,39,g,20,g,0,g,0,g,5,g
949,rib city,st louis rib dinner,55,g,195,mg,360,g,5,g,39,g,20,g,0,g,0,g,5,g
950,rib city,st louis ribs full slab,111,g,395,mg,730,g,11,g,79,g,39,g,0,g,0,g,10,g
951,rib city,sweet potato fries,9,g,0,mg,220,g,45,g,2,g,0,g,0,g,6,g,14,g
952,rib city,tartar sauce,18,g,15,mg,150,g,1,g,0,g,2.5,g,0,g,0,g,1,g
953,rib city,the big fish sandwich on seeded bun,14,g,60,mg,740,g,43,g,35,g,2,g,0,g,2,g,6,g
954,rib city,three cheese fries,105,g,255,mg,2770,g,87,g,63,g,45,g,0,g,8,g,0,g
955,rib city,turkey deluxe salad,0,g,60,mg,840,g,5,g,23,g,0,g,0,g,1,g,4,g
956,rib city,turkey dinner,0,g,90,mg,1250,g,3,g,33,g,0,g,0,g,0,g,3,g
957,rib city,turkey lunch plate,0,g,60,mg,830,g,2,g,22,g,0,g,0,g,0,g,2,g
958,rib city,turkey sandwich on garlic toast,13,g,60,mg,1360,g,39,g,28,g,2,g,0,g,1,g,6,g
959,rice king,black pepper chicken,14,g,30,mg,330,g,14,g,13,g,2,g,0,g,0,g,0,g
960,rice king,black pepper steak,12,g,30,mg,320,g,12,g,11,g,2,g,0,g,0,g,0,g
961,rice king,charbroiled chicken skewer,9,g,30,mg,380,g,18,g,14,g,1,g,0,g,0,g,0,g
962,rice king,charbroiled teriyaki chicken,10,g,45,mg,710,g,8,g,28,g,2,g,0,g,0,g,0,g
963,rice king,chicken chow mein noodles,8,g,15,mg,420,g,26,g,11,g,1,g,0,g,0,g,0,g
964,rice king,chicken fried rice,9,g,55,mg,380,g,31,g,11,g,2,g,0,g,0,g,0,g
965,rice king,chow mein noodles,7,g,10,mg,420,g,20,g,4,g,1,g,0,g,0,g,0,g
966,rice king,egg drop soup,2,g,25,mg,400,g,8,g,4,g,0,g,0,g,0,g,0,g
967,rice king,egg roll,8,g,25,mg,400,g,18,g,9,g,1,g,0,g,0,g,0,g
968,rice king,eggplant and fried tofu,12,g,0,mg,320,g,9,g,5,g,1,g,0,g,0,g,0,g
969,rice king,fresh mushroom chicken,14,g,30,mg,340,g,13,g,13,g,2,g,0,g,0,g,0,g
970,rice king,fried rice,9,g,55,mg,380,g,25,g,5,g,2,g,0,g,0,g,0,g
971,rice king,green bean chicken,15,g,35,mg,340,g,14,g,14,g,2,g,0,g,0,g,0,g
972,rice king,gyoza,22,g,25,mg,620,g,37,g,10,g,3,g,0,g,0,g,0,g
973,rice king,hot and sour soup,2,g,40,mg,450,g,7,g,3,g,0,g,0,g,0,g,0,g
974,rice king,hot and spicy chicken,14,g,45,mg,320,g,14,g,12,g,2,g,0,g,0,g,0,g
975,rice king,korean bbq short ribs,22,g,45,mg,640,g,8,g,11,g,3,g,0,g,0,g,0,g
976,rice king,kung pao chicken,15,g,40,mg,350,g,14,g,12,g,2,g,0,g,0,g,0,g
977,rice king,kung pao shrimp,13,g,80,mg,460,g,14,g,16,g,2,g,0,g,0,g,0,g
978,rice king,mushroom tofu,10,g,0,mg,380,g,9,g,5,g,1,g,0,g,0,g,0,g
979,rice king,orange chicken,16,g,70,mg,140,g,31,g,24,g,2,g,0,g,0,g,0,g
980,rice king,pepper steak,15,g,30,mg,350,g,11,g,13,g,2,g,0,g,0,g,0,g
981,rice king,potato steak,15,g,30,mg,330,g,15,g,12,g,2,g,0,g,0,g,0,g
982,rice king,shrimp and vegetables,14,g,80,mg,460,g,15,g,11,g,2,g,0,g,0,g,0,g
983,rice king,spicy orange chicken,16,g,70,mg,140,g,31,g,24,g,2,g,0,g,0,g,0,g
984,rice king,steak broccoli,14,g,30,mg,320,g,12,g,12,g,2,g,0,g,0,g,0,g
985,rice king,steamed rice,1,g,0,mg,105,g,36,g,3,g,0.5,g,0,g,0,g,0,g
986,rice king,sweet and sour chicken,16,g,70,mg,140,g,31,g,24,g,2,g,0,g,0,g,0,g
987,rice king,sweet and sour pork,18,g,75,mg,160,g,29,g,22,g,2,g,0,g,0,g,0,g
988,rice king,vegetable chop suey,7,g,0,mg,105,g,7,g,2,g,1,g,0,g,0,g,0,g
989,rice king,volcano beef,13,g,30,mg,320,g,13,g,11,g,2,g,0,g,0,g,0,g
990,rio grande mexican restaurant,bean and cheese burrito with green chile sauce,38,g,55,mg,1580,g,87,g,38,g,14,g,0,g,34,g,7,g
991,rio grande mexican restaurant,bean and cheese burrito with ranchero sauce,35,g,55,mg,1640,g,86,g,38,g,14,g,0,g,34,g,7,g
992,rio grande mexican restaurant,bean and cheese burrito with spicy green chile sauce,36,g,55,mg,1700,g,87,g,38,g,14,g,0,g,34,g,7,g
993,rio grande mexican restaurant,bean and cheese burrito with veggie green chile sauce,39,g,55,mg,1550,g,88,g,38,g,14,g,0,g,34,g,7,g
994,rio grande mexican restaurant,bean and cheese burrito without sauce,32,g,55,mg,1330,g,80,g,37,g,13,g,0,g,33,g,5,g
995,rio grande mexican restaurant,breakfast burrito with steak and green chile sauce,50,g,530,mg,1520,g,39,g,48,g,20,g,0,g,2,g,5,g
996,rio grande mexican restaurant,breakfast burrito with steak and ranchero sauce,47,g,530,mg,1570,g,39,g,47,g,20,g,0,g,3,g,5,g
997,rio grande mexican restaurant,breakfast burrito with steak and spicy green chile sauce,48,g,530,mg,1640,g,39,g,48,g,20,g,0,g,3,g,6,g
998,rio grande mexican restaurant,breakfast burrito with steak and veggie green chile sauce,51,g,530,mg,1490,g,44,g,49,g,20,g,0,g,4,g,7,g
999,rio grande mexican restaurant,breakfast burrito with steak and without sauce,45,g,530,mg,1280,g,36,g,47,g,19,g,0,g,3,g,5,g
