,Restaurant Name,Food Name,Total Fat Amount,Total Fat Unit,Cholesterol Amount,Cholesterol Unit,Sodium Amount,Sodium Unit,Total Carbohydrate Amount,Total Carbohydrate Unit,Protein Amount,Protein Unit,Saturated Fat Amount,Saturated Fat Unit,Trans Fat Amount,Trans Fat Unit,Dietary Fiber Amount,Dietary Fiber Unit,Sugars Amount,Sugars Unit
0,breadsmith,apple pie bread,3,g,10,mg,150,g,34,g,3,g,1.5,g,0,g,1,g,16,g
1,breadsmith,apple pie bread kosher,3,g,5,mg,180,g,34,g,3,g,1,g,0,g,1,g,16,g
2,breadsmith,apricot almond scone,8,g,25,mg,210,g,30,g,4,g,3.5,g,0,g,1,g,12,g
3,breadsmith,apricot almond scone kosher,8,g,10,mg,270,g,30,g,4,g,2.5,g,0,g,1,g,12,g
4,breadsmith,apricot almond wheat scone,8,g,25,mg,210,g,29,g,4,g,4,g,0,g,2,g,12,g
5,breadsmith,apricot almond wheat scone kosher,8,g,10,mg,260,g,30,g,4,g,2.5,g,0,g,2,g,11,g
6,breadsmith,asiago cheese bread,3,g,5,mg,300,g,22,g,5,g,1.5,g,0,g,0,g,0,g
7,breadsmith,austrian pumpernickel bread,1,g,0,mg,130,g,22,g,4,g,0,g,0,g,4,g,0,g
8,breadsmith,banana chocolate chip dessert bread,6,g,30,mg,200,g,27,g,2,g,3.5,g,0,g,1,g,15,g
9,breadsmith,banana chocolate chip dessert bread kosher,6,g,20,mg,240,g,27,g,2,g,3,g,0,g,1,g,15,g
10,breadsmith,banana chocolate chip muffin,8,g,40,mg,260,g,36,g,3,g,5,g,0,g,1,g,20,g
11,breadsmith,banana chocolate chip muffin kosher,8,g,25,mg,320,g,36,g,3,g,4,g,0,g,1,g,20,g
12,breadsmith,banana dessert bread,5,g,30,mg,210,g,26,g,2,g,3,g,0,g,1,g,14,g
13,breadsmith,banana dessert bread kosher,5,g,20,mg,260,g,26,g,2,g,2,g,0,g,1,g,14,g
14,breadsmith,banana muffin,7,g,40,mg,280,g,35,g,3,g,4,g,0,g,1,g,19,g
15,breadsmith,banana muffin kosher,7,g,25,mg,340,g,35,g,3,g,3,g,0,g,1,g,19,g
16,breadsmith,banana walnut chocolate chip dessert bread,8,g,25,mg,190,g,26,g,3,g,3.5,g,0,g,1,g,14,g
17,breadsmith,banana walnut chocolate chip dessert bread kosher,8,g,15,mg,220,g,26,g,3,g,3,g,0,g,1,g,14,g
18,breadsmith,banana walnut chocolate chip muffin,11,g,35,mg,250,g,35,g,4,g,5,g,0,g,1,g,19,g
19,breadsmith,banana walnut chocolate chip muffin kosher,11,g,20,mg,300,g,35,g,4,g,4,g,0,g,1,g,19,g
20,breadsmith,banana walnut dessert bread,8,g,30,mg,200,g,25,g,3,g,3,g,0,g,1,g,13,g
21,breadsmith,banana walnut dessert bread kosher,7,g,15,mg,240,g,25,g,3,g,2.5,g,0,g,1,g,13,g
22,breadsmith,banana walnut muffin,10,g,40,mg,260,g,34,g,4,g,4,g,0,g,1,g,18,g
23,breadsmith,banana walnut muffin kosher,10,g,25,mg,320,g,34,g,4,g,3,g,0,g,1,g,18,g
24,breadsmith,beer bread,0.5,g,0,mg,200,g,26,g,4,g,0,g,0,g,1,g,1,g
25,breadsmith,beer cheese bread,2.5,g,5,mg,230,g,26,g,5,g,1.5,g,0,g,1,g,1,g
26,breadsmith,blueberry brioche sweet roll,10,g,65,mg,180,g,29,g,4,g,6,g,0,g,1,g,11,g
27,breadsmith,blueberry brioche sweet roll kosher,8,g,50,mg,160,g,30,g,4,g,3,g,0,g,1,g,12,g
28,breadsmith,blueberry coffee cake,4,g,5,mg,90,g,31,g,2,g,1,g,0,g,1,g,21,g
29,breadsmith,blueberry coffee cake individual,6,g,5,mg,135,g,45,g,2,g,1.5,g,0,g,1,g,30,g
30,breadsmith,blueberry coffee cake individual kosher,6,g,0,mg,140,g,45,g,2,g,1,g,0,g,1,g,30,g
31,breadsmith,blueberry coffee cake kosher,4,g,0,mg,100,g,31,g,2,g,0.5,g,0,g,1,g,20,g
32,breadsmith,blueberry corn dessert bread,6,g,25,mg,210,g,25,g,3,g,3,g,0,g,1,g,8,g
33,breadsmith,blueberry corn dessert bread kosher,5,g,10,mg,250,g,25,g,3,g,2,g,0,g,1,g,8,g
34,breadsmith,blueberry corn muffin,7,g,30,mg,280,g,33,g,4,g,4.5,g,0,g,2,g,11,g
35,breadsmith,blueberry corn muffin kosher,7,g,15,mg,330,g,34,g,4,g,3,g,0,g,2,g,11,g
36,breadsmith,blueberry cornbread,0,g,0,mg,170,g,27,g,3,g,0,g,0,g,1,g,4,g
37,breadsmith,blueberry crostata,7,g,20,mg,60,g,19,g,2,g,4,g,0,g,1,g,7,g
38,breadsmith,blueberry crostata kosher,6,g,0,mg,120,g,19,g,2,g,3,g,0,g,1,g,7,g
39,breadsmith,blueberry dessert bread,4.5,g,30,mg,200,g,25,g,3,g,2.5,g,0,g,0,g,12,g
40,breadsmith,blueberry dessert bread kosher,4.5,g,20,mg,220,g,25,g,3,g,1.5,g,0,g,0,g,12,g
41,breadsmith,blueberry hamantaschen,10,g,55,mg,45,g,34,g,4,g,6,g,0,g,1,g,13,g
42,breadsmith,blueberry hamantaschen kosher,9,g,35,mg,125,g,34,g,4,g,4,g,0,g,1,g,13,g
43,breadsmith,blueberry lemon bread,0,g,0,mg,180,g,24,g,3,g,0,g,0,g,1,g,3,g
44,breadsmith,blueberry lemon dessert bread,5,g,25,mg,250,g,28,g,3,g,3,g,0,g,1,g,14,g
45,breadsmith,blueberry lemon dessert bread kosher,5,g,15,mg,290,g,28,g,3,g,2,g,0,g,1,g,14,g
46,breadsmith,blueberry lemon muffin,7,g,35,mg,330,g,38,g,3,g,4,g,0,g,1,g,19,g
47,breadsmith,blueberry lemon muffin kosher,7,g,20,mg,390,g,38,g,3,g,3,g,0,g,1,g,19,g
48,breadsmith,blueberry lemon scone,7,g,25,mg,230,g,33,g,4,g,3.5,g,0,g,2,g,11,g
49,breadsmith,blueberry lemon scone kosher,7,g,15,mg,290,g,34,g,4,g,2.5,g,0,g,2,g,11,g
50,breadsmith,blueberry lemon wheat scone,7,g,30,mg,230,g,33,g,4,g,4,g,0,g,3,g,11,g
51,breadsmith,blueberry lemon wheat scone kosher,7,g,15,mg,290,g,33,g,4,g,3,g,0,g,3,g,11,g
52,breadsmith,blueberry muffin,6,g,40,mg,270,g,33,g,4,g,3,g,0,g,0,g,16,g
53,breadsmith,blueberry muffin kosher,6,g,25,mg,300,g,34,g,4,g,2.5,g,0,g,0,g,16,g
54,breadsmith,blueberry pie bread,3,g,10,mg,150,g,29,g,3,g,1.5,g,0,g,1,g,12,g
55,breadsmith,blueberry pie bread kosher,3,g,5,mg,180,g,29,g,3,g,1,g,0,g,1,g,12,g
56,breadsmith,bostock,11,g,50,mg,150,g,35,g,5,g,4.5,g,0,g,1,g,21,g
57,breadsmith,bostock kosher,9,g,40,mg,125,g,36,g,5,g,2.5,g,0,g,1,g,22,g
58,breadsmith,brioche,7,g,50,mg,150,g,15,g,3,g,4.5,g,0,g,0,g,2,g
59,breadsmith,brioche kosher,5,g,40,mg,125,g,16,g,3,g,2,g,0,g,0,g,3,g
60,breadsmith,brownie,13,g,60,mg,35,g,36,g,3,g,8,g,0,g,1,g,26,g
61,breadsmith,brownie with walnuts,16,g,50,mg,30,g,33,g,4,g,7,g,0,g,2,g,23,g
62,breadsmith,brownie with walnuts kosher,16,g,35,mg,95,g,33,g,4,g,6,g,0,g,2,g,23,g
63,breadsmith,brownie kosher,12,g,40,mg,105,g,37,g,3,g,6,g,0,g,1,g,26,g
64,breadsmith,butter flake roll,18,g,50,mg,200,g,21,g,3,g,11,g,0.5,g,0,g,3,g
65,breadsmith,caramel pecan bun,12,g,20,mg,250,g,50,g,4,g,5,g,0,g,1,g,27,g
66,breadsmith,caramel pecan bun kosher,11,g,0,mg,320,g,50,g,4,g,3.5,g,0,g,1,g,27,g
67,breadsmith,cardamom bread,2.5,g,10,mg,35,g,17,g,3,g,1,g,0,g,0,g,4,g
68,breadsmith,cardamom bread kosher,2.5,g,10,mg,45,g,18,g,3,g,0.5,g,0,g,0,g,3,g
69,breadsmith,cheddar cornbread,4,g,10,mg,240,g,25,g,6,g,2.5,g,0,g,0,g,3,g
70,breadsmith,cheddar jalapeno sourdough bread,2,g,5,mg,250,g,24,g,5,g,1,g,0,g,0,g,0,g
71,breadsmith,cheddar sourdough bread,2,g,5,mg,250,g,24,g,5,g,1,g,0,g,0,g,0,g
72,breadsmith,cherry brioche sweet roll,10,g,65,mg,180,g,30,g,4,g,6,g,0,g,0,g,12,g
73,breadsmith,cherry brioche sweet roll kosher,8,g,50,mg,160,g,31,g,5,g,3,g,0,g,0,g,13,g
74,breadsmith,cherry brownie,11,g,50,mg,30,g,34,g,3,g,7,g,0,g,1,g,25,g
75,breadsmith,cherry brownie kosher,11,g,35,mg,95,g,34,g,3,g,5,g,0,g,1,g,25,g
76,breadsmith,cherry chocolate chip scone,7,g,25,mg,230,g,33,g,4,g,4,g,0,g,0,g,14,g
77,breadsmith,cherry chocolate chip scone kosher,7,g,10,mg,290,g,33,g,4,g,3,g,0,g,0,g,14,g
78,breadsmith,cherry chocolate chip wheat scone,7,g,30,mg,230,g,32,g,4,g,4.5,g,0,g,1,g,13,g
79,breadsmith,cherry chocolate chip wheat scone kosher,7,g,15,mg,280,g,33,g,4,g,3,g,0,g,1,g,13,g
80,breadsmith,cherry coffee cake,4,g,5,mg,100,g,33,g,2,g,1,g,0,g,0,g,22,g
81,breadsmith,cherry coffee cake individual,6,g,5,mg,125,g,51,g,3,g,1.5,g,0,g,1,g,38,g
82,breadsmith,cherry coffee cake individual kosher,6,g,0,mg,160,g,49,g,3,g,1,g,0,g,1,g,33,g
83,breadsmith,cherry coffee cake kosher,4,g,0,mg,110,g,33,g,2,g,0.5,g,0,g,0,g,22,g
84,breadsmith,cherry cordial,4.5,g,10,mg,190,g,30,g,3,g,2.5,g,0,g,1,g,10,g
85,breadsmith,cherry cordial kosher,4.5,g,5,mg,200,g,30,g,3,g,2.5,g,0,g,1,g,10,g
86,breadsmith,cherry crostata,7,g,25,mg,70,g,20,g,2,g,4.5,g,0,g,1,g,8,g
87,breadsmith,cherry crostata kosher,7,g,0,mg,135,g,21,g,2,g,3,g,0,g,1,g,8,g
88,breadsmith,cherry hamantaschen,10,g,55,mg,45,g,35,g,5,g,6,g,0,g,1,g,14,g
89,breadsmith,cherry hamantaschen kosher,9,g,35,mg,125,g,35,g,4,g,4,g,0,g,1,g,14,g
90,breadsmith,cherry pie bread,3,g,10,mg,150,g,31,g,3,g,1.5,g,0,g,1,g,13,g
91,breadsmith,cherry pie bread kosher,3,g,5,mg,180,g,31,g,3,g,1,g,0,g,1,g,13,g
92,breadsmith,cherry walnut bread,1,g,0,mg,170,g,24,g,3,g,0,g,0,g,0,g,5,g
93,breadsmith,chocolate almond scone,15,g,25,mg,150,g,27,g,5,g,6,g,0,g,2,g,12,g
94,breadsmith,chocolate almond scone kosher,15,g,10,mg,210,g,27,g,5,g,5,g,0,g,2,g,12,g
95,breadsmith,chocolate almond stick,15,g,55,mg,150,g,31,g,5,g,7,g,0,g,1,g,16,g
96,breadsmith,chocolate almond stick kosher,13,g,35,mg,150,g,32,g,5,g,4.5,g,0,g,1,g,17,g
97,breadsmith,chocolate babka,4.5,g,10,mg,180,g,29,g,4,g,2.5,g,0,g,1,g,11,g
98,breadsmith,chocolate babka roll,9,g,25,mg,260,g,41,g,6,g,5,g,0,g,2,g,15,g
99,breadsmith,chocolate babka roll kosher,9,g,0,mg,330,g,43,g,5,g,4,g,0,g,1,g,14,g
100,breadsmith,chocolate babka kosher,6,g,0,mg,220,g,29,g,3,g,2.5,g,0,g,1,g,10,g
101,breadsmith,chocolate biscotti,1.5,g,20,mg,80,g,22,g,2,g,0.5,g,0,g,1,g,11,g
102,breadsmith,chocolate biscotti kosher,1.5,g,20,mg,80,g,22,g,2,g,1,g,0,g,1,g,11,g
103,breadsmith,chocolate bread,2,g,0,mg,170,g,24,g,3,g,1,g,0,g,1,g,5,g
104,breadsmith,chocolate bread kosher,2,g,0,mg,170,g,24,g,3,g,1,g,0,g,1,g,5,g
105,breadsmith,chocolate brioche sweet roll,14,g,80,mg,180,g,34,g,5,g,8,g,0,g,1,g,17,g
106,breadsmith,chocolate brioche sweet roll kosher,11,g,60,mg,170,g,35,g,5,g,5,g,0,g,1,g,17,g
107,breadsmith,chocolate cherry bread,2,g,0,mg,160,g,25,g,3,g,1,g,0,g,1,g,6,g
108,breadsmith,chocolate cherry bread kosher,2,g,0,mg,160,g,25,g,3,g,1,g,0,g,1,g,6,g
109,breadsmith,chocolate cherry coffee cake,6,g,10,mg,85,g,33,g,2,g,2,g,0,g,1,g,21,g
110,breadsmith,chocolate cherry coffee cake individual,9,g,10,mg,125,g,49,g,3,g,3.5,g,0,g,1,g,31,g
111,breadsmith,chocolate cherry coffee cake individual kosher,9,g,0,mg,170,g,49,g,3,g,2.5,g,0,g,1,g,31,g
112,breadsmith,chocolate cherry coffee cake kosher,6,g,0,mg,110,g,33,g,2,g,1.5,g,0,g,1,g,21,g
113,breadsmith,chocolate chip bread,3.5,g,15,mg,150,g,24,g,3,g,2,g,0,g,0,g,6,g
114,breadsmith,chocolate chip bread kosher,3.5,g,10,mg,170,g,24,g,3,g,1.5,g,0,g,0,g,6,g
115,breadsmith,chocolate chip cookie,12,g,40,mg,150,g,33,g,3,g,8,g,0,g,1,g,21,g
116,breadsmith,chocolate chip cookie kosher,12,g,20,mg,220,g,33,g,3,g,6,g,0,g,1,g,20,g
117,breadsmith,chocolate chip scone,10,g,25,mg,220,g,31,g,4,g,6,g,0,g,1,g,13,g
118,breadsmith,chocolate chip scone kosher,10,g,10,mg,270,g,32,g,4,g,5,g,0,g,1,g,13,g
119,breadsmith,chocolate chip wheat scone,10,g,25,mg,220,g,31,g,4,g,6,g,0,g,1,g,13,g
120,breadsmith,chocolate chip wheat scone kosher,10,g,15,mg,270,g,31,g,4,g,5,g,0,g,1,g,13,g
121,breadsmith,chocolate chocolate chip cookie,11,g,40,mg,75,g,36,g,3,g,7,g,0,g,2,g,29,g
122,breadsmith,chocolate chocolate chip cookie kosher,10,g,30,mg,95,g,35,g,3,g,6,g,0,g,2,g,29,g
123,breadsmith,chocolate coffee cake,8,g,10,mg,110,g,36,g,3,g,3,g,0,g,1,g,22,g
124,breadsmith,chocolate coffee cake individual,11,g,10,mg,160,g,53,g,4,g,4,g,0,g,1,g,33,g
125,breadsmith,chocolate coffee cake individual kosher,11,g,0,mg,200,g,53,g,4,g,3.5,g,0,g,1,g,33,g
126,breadsmith,chocolate coffee cake kosher,8,g,0,mg,135,g,36,g,3,g,2.5,g,0,g,1,g,22,g
127,breadsmith,chocolate concha,15,g,45,mg,240,g,56,g,6,g,9,g,0.5,g,0,g,21,g
128,breadsmith,chocolate concha kosher,15,g,5,mg,380,g,56,g,5,g,6,g,0,g,0,g,21,g
129,breadsmith,chocolate croissant,21,g,50,mg,190,g,30,g,4,g,13,g,0.5,g,1,g,10,g
130,breadsmith,chocolate croissant kosher,20,g,5,mg,340,g,28,g,3,g,10,g,0,g,1,g,10,g
131,breadsmith,chocolate crostata,13,g,40,mg,75,g,27,g,3,g,8,g,0,g,1,g,15,g
132,breadsmith,chocolate crostata kosher,13,g,20,mg,150,g,27,g,3,g,6,g,0,g,1,g,15,g
133,breadsmith,chocolate dessert bread,8,g,30,mg,150,g,34,g,4,g,2.5,g,0,g,1,g,20,g
134,breadsmith,chocolate dessert bread kosher,8,g,30,mg,140,g,33,g,4,g,3,g,0,g,1,g,19,g
135,breadsmith,chocolate hamantaschen,14,g,70,mg,50,g,39,g,5,g,8,g,0,g,1,g,20,g
136,breadsmith,chocolate hamantaschen kosher,14,g,45,mg,135,g,39,g,5,g,7,g,0,g,1,g,20,g
137,breadsmith,chocolate hazelnut biscotti,3.5,g,20,mg,70,g,20,g,3,g,1,g,0,g,1,g,10,g
138,breadsmith,chocolate hazelnut biscotti kosher,3.5,g,20,mg,70,g,20,g,3,g,1,g,0,g,1,g,10,g
139,breadsmith,chocolate hazelnut crostata,14,g,35,mg,75,g,26,g,3,g,8,g,0,g,1,g,13,g
140,breadsmith,chocolate hazelnut crostata kosher,14,g,15,mg,150,g,26,g,3,g,6,g,0,g,1,g,13,g
141,breadsmith,chocolate muffin,11,g,40,mg,200,g,46,g,5,g,3.5,g,0,g,2,g,26,g
142,breadsmith,chocolate muffin kosher,10,g,40,mg,190,g,45,g,5,g,3.5,g,0,g,2,g,25,g
143,breadsmith,chocolate panettone,7,g,10,mg,130,g,26,g,4,g,3,g,0,g,1,g,8,g
144,breadsmith,chocolate panettone kosher,7,g,5,mg,140,g,26,g,4,g,2.5,g,0,g,1,g,8,g
145,breadsmith,chocolate sugar cookie,10,g,40,mg,110,g,33,g,3,g,6,g,0,g,1,g,20,g
146,breadsmith,chocolate sugar cookie kosher,10,g,15,mg,200,g,33,g,3,g,4.5,g,0,g,1,g,20,g
147,breadsmith,ciabatta,0,g,0,mg,135,g,14,g,2,g,0,g,0,g,0,g,0,g
148,breadsmith,cinnamon bun,10,g,40,mg,290,g,43,g,5,g,6,g,0,g,1,g,16,g
149,breadsmith,cinnamon bun kosher,8,g,20,mg,360,g,44,g,5,g,3.5,g,0,g,1,g,17,g
150,breadsmith,cinnamon claw,3,g,10,mg,210,g,30,g,3,g,2,g,0,g,0,g,10,g
151,breadsmith,cinnamon claw kosher,3,g,5,mg,240,g,30,g,3,g,1,g,0,g,0,g,10,g
152,breadsmith,cinnamon cobblestone,7,g,20,mg,180,g,32,g,3,g,4,g,0,g,0,g,14,g
153,breadsmith,cinnamon cobblestone kosher,6,g,5,mg,240,g,32,g,3,g,3,g,0,g,0,g,14,g
154,breadsmith,cinnamon concha,15,g,45,mg,240,g,56,g,5,g,9,g,0.5,g,1,g,21,g
155,breadsmith,cinnamon concha kosher,15,g,5,mg,380,g,56,g,5,g,6,g,0,g,1,g,21,g
156,breadsmith,cinnamon spice bread,0,g,0,mg,160,g,26,g,3,g,0,g,0,g,0,g,7,g
157,breadsmith,cinnamon sugar cookie,8,g,35,mg,95,g,36,g,3,g,5,g,0,g,0,g,21,g
158,breadsmith,cinnamon sugar cookie kosher,8,g,15,mg,170,g,36,g,3,g,3.5,g,0,g,0,g,21,g
159,breadsmith,cinnamon swirl bread,6,g,20,mg,200,g,28,g,3,g,3.5,g,0,g,0,g,9,g
160,breadsmith,cinnamon swirl kosher,6,g,5,mg,250,g,28,g,3,g,2.5,g,0,g,0,g,9,g
161,breadsmith,citrus claw,5,g,20,mg,170,g,29,g,4,g,3,g,0,g,0,g,11,g
162,breadsmith,citrus claw kosher,4,g,5,mg,140,g,30,g,3,g,1.5,g,0,g,0,g,10,g
163,breadsmith,coconut scone,9,g,25,mg,220,g,31,g,4,g,6,g,0,g,1,g,13,g
164,breadsmith,coconut scone kosher,9,g,10,mg,280,g,31,g,3,g,5,g,0,g,1,g,13,g
165,breadsmith,cornbread,0,g,0,mg,180,g,26,g,3,g,0,g,0,g,0,g,3,g
166,breadsmith,country buttertop bread,2.5,g,10,mg,210,g,22,g,3,g,1.5,g,0,g,0,g,3,g
167,breadsmith,country sourdough bread,0,g,0,mg,250,g,23,g,3,g,0,g,0,g,0,g,0,g
168,breadsmith,country white kosher,2.5,g,5,mg,230,g,22,g,3,g,1,g,0,g,0,g,3,g
169,breadsmith,cranberry cornbread,0,g,0,mg,170,g,28,g,3,g,0,g,0,g,1,g,5,g
170,breadsmith,cranberry oat crunch granola,8,g,10,mg,70,g,35,g,5,g,3,g,0,g,4,g,17,g
171,breadsmith,cranberry oat crunch granola kosher,8,g,0,mg,105,g,34,g,4,g,2,g,0,g,4,g,17,g
172,breadsmith,cranberry orange bread,0,g,0,mg,180,g,25,g,3,g,0,g,0,g,1,g,4,g
173,breadsmith,cranberry orange dessert bread,5,g,25,mg,120,g,27,g,2,g,3,g,0,g,0,g,14,g
174,breadsmith,cranberry orange dessert bread kosher,5,g,10,mg,160,g,27,g,2,g,2,g,0,g,0,g,14,g
175,breadsmith,cranberry orange muffin,7,g,30,mg,160,g,36,g,3,g,4,g,0,g,1,g,18,g
176,breadsmith,cranberry orange muffin kosher,6,g,15,mg,220,g,36,g,3,g,2.5,g,0,g,1,g,18,g
177,breadsmith,cranberry orange scone,6,g,25,mg,220,g,33,g,3,g,3.5,g,0,g,1,g,13,g
178,breadsmith,cranberry orange scone kosher,6,g,10,mg,280,g,34,g,3,g,2.5,g,0,g,1,g,13,g
179,breadsmith,cranberry orange wheat scone,7,g,30,mg,230,g,33,g,3,g,4,g,0,g,1,g,13,g
180,breadsmith,cranberry orange wheat scone kosher,7,g,15,mg,280,g,33,g,3,g,3,g,0,g,1,g,13,g
181,breadsmith,cranberry sourdough whole grain bread,0.5,g,0,mg,180,g,23,g,4,g,0,g,0,g,3,g,4,g
182,breadsmith,cranberry walnut bread,3,g,0,mg,190,g,25,g,4,g,0,g,0,g,2,g,5,g
183,breadsmith,cranberry walnut multigrain bread,3,g,0,mg,180,g,24,g,4,g,0,g,0,g,2,g,3,g
184,breadsmith,cranberry walnut sourdough bread,2,g,0,mg,200,g,25,g,4,g,0,g,0,g,0,g,2,g
185,breadsmith,croissant,17,g,45,mg,180,g,19,g,3,g,10,g,0.5,g,0,g,2,g
186,breadsmith,croissant kosher,16,g,5,mg,330,g,19,g,3,g,7,g,0,g,0,g,2,g
187,breadsmith,crostini,2.5,g,5,mg,140,g,12,g,2,g,1.5,g,0,g,0,g,0,g
188,breadsmith,crostini kosher,3,g,0,mg,150,g,12,g,2,g,0,g,0,g,0,g,0,g
189,breadsmith,croutons,1,g,0,mg,140,g,8,g,1,g,0,g,0,g,0,g,0,g
190,breadsmith,cuban bread,1,g,0,mg,220,g,22,g,3,g,0,g,0,g,0,g,1,g
191,breadsmith,currant scone,6,g,25,mg,230,g,32,g,4,g,4,g,0,g,1,g,13,g
192,breadsmith,currant scone kosher,6,g,10,mg,290,g,33,g,4,g,2.5,g,0,g,1,g,13,g
193,breadsmith,currant wheat scone,7,g,30,mg,230,g,31,g,4,g,4,g,0,g,1,g,13,g
194,breadsmith,currant wheat scone kosher,7,g,15,mg,290,g,32,g,4,g,3,g,0,g,1,g,13,g
195,breadsmith,dark rye bread,0,g,0,mg,200,g,21,g,3,g,0,g,0,g,1,g,0,g
196,breadsmith,dark rye bread with golden raisins,0,g,0,mg,180,g,23,g,3,g,0,g,0,g,1,g,2,g
197,breadsmith,deli rye bread,0,g,0,mg,190,g,24,g,4,g,0,g,0,g,1,g,0,g
198,breadsmith,dutch crunch bread,1,g,0,mg,300,g,26,g,4,g,0,g,0,g,0,g,1,g
199,breadsmith,egg bread,3,g,15,mg,60,g,23,g,4,g,0,g,0,g,0,g,3,g
200,breadsmith,english cottage bread,1.5,g,0,mg,260,g,25,g,4,g,0,g,0,g,1,g,2,g
201,breadsmith,english muffin bread,1.5,g,0,mg,150,g,14,g,2,g,0,g,0,g,0,g,0,g
202,breadsmith,farmers wheat bread,2.5,g,0,mg,150,g,22,g,4,g,0,g,0,g,3,g,2,g
203,breadsmith,farmers wheat bread with cranberries,2.5,g,0,mg,150,g,23,g,4,g,0,g,0,g,3,g,3,g
204,breadsmith,flake roll,18,g,5,mg,370,g,21,g,3,g,8,g,0,g,0,g,3,g
205,breadsmith,flatbread,2.5,g,0,mg,280,g,29,g,4,g,0,g,0,g,0,g,2,g
206,breadsmith,flax seed bread,1.5,g,0,mg,230,g,21,g,3,g,0,g,0,g,1,g,0,g
207,breadsmith,focaccia bread without toppings,2,g,0,mg,240,g,25,g,4,g,0,g,0,g,0,g,2,g
208,breadsmith,freedom bread,0,g,0,mg,160,g,24,g,3,g,0,g,0,g,1,g,5,g
209,breadsmith,french baguette,0,g,0,mg,290,g,28,g,4,g,0,g,0,g,0,g,0,g
210,breadsmith,french bread,0,g,0,mg,250,g,24,g,4,g,0,g,0,g,0,g,0,g
211,breadsmith,french peasant bread,0,g,0,mg,240,g,24,g,4,g,0,g,0,g,0,g,0,g
212,breadsmith,frontier bread,0.5,g,0,mg,180,g,23,g,3,g,0,g,0,g,2,g,4,g
213,breadsmith,fruit bread,1,g,0,mg,120,g,18,g,2,g,0,g,0,g,1,g,5,g
214,breadsmith,garlic cobblestone,7,g,25,mg,290,g,24,g,4,g,4,g,0,g,1,g,3,g
215,breadsmith,garlic cobblestone kosher,7,g,5,mg,290,g,24,g,3,g,1.5,g,0,g,0,g,3,g
216,breadsmith,garlic herb flatbread,2.5,g,0,mg,270,g,29,g,4,g,0,g,0,g,0,g,2,g
217,breadsmith,garlic herb pita,2.5,g,0,mg,270,g,29,g,4,g,0,g,0,g,0,g,2,g
218,breadsmith,garlic onion bread,0,g,0,mg,220,g,26,g,4,g,0,g,0,g,0,g,1,g
219,breadsmith,garlic onion parmesan bread,1.5,g,5,mg,300,g,27,g,6,g,0.5,g,0,g,0,g,1,g
220,breadsmith,ginger cookie,11,g,45,mg,140,g,32,g,3,g,7,g,0,g,1,g,17,g
221,breadsmith,ginger cookie kosher,9,g,15,mg,220,g,34,g,3,g,4,g,0,g,0,g,20,g
222,breadsmith,granola bar,8,g,10,mg,45,g,29,g,4,g,3.5,g,0,g,3,g,17,g
223,breadsmith,granola bar kosher,8,g,5,mg,55,g,30,g,4,g,3.5,g,0,g,3,g,18,g
224,breadsmith,granola bread,2.5,g,0,mg,160,g,21,g,3,g,0,g,0,g,1,g,3,g
225,breadsmith,greek olive bread,2,g,0,mg,150,g,20,g,3,g,0,g,0,g,0,g,0,g
226,breadsmith,greek olive ciabatta bread,0.5,g,0,mg,170,g,13,g,2,g,0,g,0,g,1,g,0,g
227,breadsmith,hazelnut raisin bread,2.5,g,0,mg,210,g,24,g,4,g,0,g,0,g,1,g,3,g
228,breadsmith,herbed savory bread,4,g,30,mg,170,g,23,g,4,g,2,g,0,g,1,g,7,g
229,breadsmith,herbed savory bread kosher,4,g,25,mg,190,g,23,g,4,g,1.5,g,0,g,1,g,7,g
230,breadsmith,honey cake,7,g,25,mg,240,g,36,g,3,g,0.5,g,0,g,2,g,22,g
231,breadsmith,honey oat bran bread,0.5,g,0,mg,190,g,25,g,4,g,0,g,0,g,1,g,3,g
232,breadsmith,honey oat bran bread with blueberries,0.5,g,0,mg,180,g,26,g,3,g,0,g,0,g,2,g,4,g
233,breadsmith,honey oat bran bread with cranberries,0.5,g,0,mg,170,g,27,g,3,g,0,g,0,g,1,g,6,g
234,breadsmith,honey oatmeal wheat bread,0,g,0,mg,110,g,20,g,3,g,0,g,0,g,2,g,3,g
235,breadsmith,honey raisin,0,g,0,mg,150,g,20,g,3,g,0,g,0,g,1,g,6,g
236,breadsmith,honey raisin bread,0,g,0,mg,170,g,24,g,3,g,0,g,0,g,0,g,6,g
237,breadsmith,honey raisin pecan bread,3,g,0,mg,160,g,23,g,3,g,0,g,0,g,1,g,6,g
238,breadsmith,honey stoneground wheat bread,0.5,g,0,mg,200,g,20,g,3,g,0,g,0,g,2,g,3,g
239,breadsmith,honey sunflower whole wheat bread,2.5,g,0,mg,210,g,23,g,4,g,0,g,0,g,3,g,3,g
240,breadsmith,honey wheat bread,0.5,g,0,mg,190,g,25,g,4,g,0,g,0,g,2,g,3,g
241,breadsmith,honey wheat bread with blueberries,0.5,g,0,mg,180,g,26,g,4,g,0,g,0,g,2,g,4,g
242,breadsmith,honey wheat bread with cranberries,1,g,0,mg,180,g,26,g,4,g,0,g,0,g,2,g,6,g
243,breadsmith,honey wheat flatbread,2,g,0,mg,270,g,29,g,4,g,0,g,0,g,1,g,3,g
244,breadsmith,honey wheat pita,2,g,0,mg,270,g,29,g,4,g,0,g,0,g,1,g,3,g
245,breadsmith,honey white bread,0,g,0,mg,170,g,22,g,3,g,0,g,0,g,0,g,3,g
246,breadsmith,honey whole wheat bread,0.5,g,0,mg,220,g,23,g,4,g,0,g,0,g,3,g,3,g
247,breadsmith,hot cross bun,0.5,g,0,mg,220,g,41,g,4,g,0,g,0,g,1,g,12,g
248,breadsmith,icelandic brown bread,2.5,g,5,mg,110,g,25,g,4,g,1,g,0,g,1,g,3,g
249,breadsmith,icelandic brown bread kosher,2.5,g,0,mg,125,g,27,g,3,g,1,g,0,g,0,g,6,g
250,breadsmith,irish oat bran bread,0,g,0,mg,210,g,20,g,3,g,0,g,0,g,1,g,0,g
251,breadsmith,irish soda bread,4,g,10,mg,170,g,27,g,4,g,2,g,0,g,2,g,7,g
252,breadsmith,irish soda bread kosher,4,g,0,mg,190,g,28,g,4,g,1.5,g,0,g,2,g,7,g
253,breadsmith,jalapeno cheddar cornbread,2.5,g,5,mg,280,g,27,g,4,g,1,g,0,g,1,g,3,g
254,breadsmith,jalapeno cornbread,0,g,0,mg,240,g,26,g,3,g,0,g,0,g,1,g,3,g
255,breadsmith,jalapeno sweet cornbread,4,g,30,mg,250,g,24,g,3,g,2,g,0,g,0,g,7,g
256,breadsmith,jalapeno sweet cornbread kosher,4,g,20,mg,270,g,24,g,3,g,1.5,g,0,g,1,g,7,g
257,breadsmith,king cake,3,g,15,mg,150,g,27,g,4,g,1.5,g,0,g,0,g,12,g
258,breadsmith,king cake kosher,4,g,10,mg,170,g,26,g,3,g,1.5,g,0,g,0,g,10,g
259,breadsmith,lemon anise biscotti,1,g,20,mg,95,g,22,g,2,g,0,g,0,g,0,g,11,g
260,breadsmith,lemon dessert bread,6,g,50,mg,210,g,30,g,3,g,3.5,g,0,g,0,g,16,g
261,breadsmith,lemon dessert bread kosher,6,g,35,mg,250,g,30,g,3,g,2.5,g,0,g,0,g,16,g
262,breadsmith,lemon muffin,8,g,65,mg,280,g,41,g,5,g,4.5,g,0,g,0,g,21,g
263,breadsmith,lemon muffin kosher,8,g,45,mg,330,g,41,g,5,g,3,g,0,g,0,g,21,g
264,breadsmith,lemon poppy seed dessert bread,6,g,45,mg,200,g,30,g,4,g,3.5,g,0,g,0,g,15,g
265,breadsmith,lemon poppy seed dessert bread kosher,6,g,35,mg,240,g,30,g,4,g,2.5,g,0,g,0,g,15,g
266,breadsmith,lemon poppy seed muffin,8,g,60,mg,270,g,40,g,5,g,4.5,g,0,g,0,g,21,g
267,breadsmith,lemon poppy seed muffin kosher,8,g,45,mg,330,g,40,g,5,g,3,g,0,g,0,g,21,g
268,breadsmith,lemon sugar cookie,9,g,40,mg,100,g,35,g,3,g,5,g,0,g,1,g,20,g
269,breadsmith,lemon sugar cookie kosher,8,g,15,mg,170,g,35,g,3,g,3.5,g,0,g,0,g,20,g
270,breadsmith,maple walnut bread bread,2.5,g,0,mg,160,g,21,g,3,g,0,g,0,g,0,g,3,g
271,breadsmith,maple walnut scone,12,g,25,mg,220,g,27,g,4,g,4,g,0,g,1,g,9,g
272,breadsmith,maple walnut scone kosher,12,g,10,mg,280,g,28,g,4,g,3,g,0,g,1,g,9,g
273,breadsmith,maple walnut wheat scone,12,g,30,mg,220,g,26,g,5,g,4.5,g,0,g,1,g,9,g
274,breadsmith,maple walnut wheat scone kosher,12,g,15,mg,280,g,27,g,5,g,3.5,g,0,g,1,g,9,g
275,breadsmith,marathon multigrain bread,2,g,0,mg,180,g,22,g,4,g,0,g,0,g,2,g,0,g
276,breadsmith,marble coffee cake,7,g,10,mg,120,g,36,g,2,g,2.5,g,0,g,0,g,22,g
277,breadsmith,marble coffee cake individual,10,g,10,mg,180,g,54,g,4,g,3.5,g,0,g,1,g,33,g
278,breadsmith,marble coffee cake individual kosher,10,g,0,mg,230,g,52,g,4,g,2.5,g,0,g,1,g,31,g
279,breadsmith,marble coffee cake kosher,7,g,0,mg,160,g,35,g,3,g,1.5,g,0,g,0,g,21,g
280,breadsmith,mediterranean herb bread,0,g,0,mg,250,g,21,g,3,g,0,g,0,g,0,g,0,g
281,breadsmith,mini apple pie bread,3.5,g,15,mg,190,g,42,g,3,g,2,g,0,g,1,g,20,g
282,breadsmith,mini apple pie bread kosher,3.5,g,5,mg,220,g,42,g,3,g,1.5,g,0,g,1,g,20,g
283,breadsmith,mini blueberry pie bread,4,g,15,mg,190,g,36,g,3,g,2,g,0,g,1,g,15,g
284,breadsmith,mini blueberry pie bread kosher,4,g,5,mg,220,g,37,g,3,g,1.5,g,0,g,1,g,15,g
285,breadsmith,mini cherry pie bread,3.5,g,15,mg,190,g,38,g,4,g,2,g,0,g,1,g,17,g
286,breadsmith,mini cherry pie bread kosher,3.5,g,5,mg,220,g,38,g,4,g,1.5,g,0,g,1,g,17,g
287,breadsmith,mini peach pie bread,4,g,15,mg,190,g,43,g,4,g,2,g,0,g,0,g,22,g
288,breadsmith,mini peach pie bread kosher,3.5,g,5,mg,220,g,43,g,4,g,1.5,g,0,g,0,g,22,g
289,breadsmith,mini strawberry pie bread,4,g,15,mg,200,g,41,g,4,g,2,g,0,g,1,g,17,g
290,breadsmith,mini strawberry pie bread kosher,4,g,5,mg,230,g,41,g,4,g,1.5,g,0,g,1,g,17,g
291,breadsmith,mini strawberry rhubarb pie bread,4,g,15,mg,200,g,40,g,4,g,2,g,0,g,1,g,17,g
292,breadsmith,mini strawberry rhubarb pie bread kosher,4,g,5,mg,230,g,40,g,4,g,1.5,g,0,g,1,g,17,g
293,breadsmith,multigrain bread,1.5,g,0,mg,210,g,23,g,4,g,0,g,0,g,2,g,0,g
294,breadsmith,multigrain sandwich bread,1,g,0,mg,200,g,24,g,4,g,0,g,0,g,1,g,0,g
295,breadsmith,multigrain whole wheat bread,1.5,g,0,mg,180,g,22,g,4,g,0,g,0,g,4,g,3,g
296,breadsmith,new york style rye bread,0,g,0,mg,230,g,21,g,4,g,0,g,0,g,1,g,0,g
297,breadsmith,norwegian rye bread,0.5,g,0,mg,200,g,23,g,4,g,0,g,0,g,3,g,2,g
298,breadsmith,nutty pumpkin harvest bar,9,g,5,mg,135,g,31,g,3,g,1.5,g,0,g,3,g,17,g
299,breadsmith,nutty pumpkin harvest bar kosher,9,g,10,mg,135,g,31,g,3,g,1.5,g,0,g,3,g,17,g
300,breadsmith,oatmeal cranberry walnut cookie,11,g,35,mg,85,g,30,g,4,g,5,g,0,g,3,g,15,g
301,breadsmith,oatmeal cranberry walnut cookie kosher,11,g,15,mg,160,g,30,g,3,g,4,g,0,g,3,g,15,g
302,breadsmith,oatmeal raisin cookie,10,g,45,mg,100,g,32,g,4,g,6,g,0,g,2,g,17,g
303,breadsmith,oatmeal raisin cookie kosher,10,g,15,mg,180,g,32,g,3,g,4,g,0,g,2,g,16,g
304,breadsmith,onion dill seed bread,2.5,g,10,mg,200,g,24,g,3,g,1.5,g,0,g,0,g,3,g
305,breadsmith,onion dill seed bread kosher,2.5,g,5,mg,220,g,24,g,3,g,1,g,0,g,0,g,3,g
306,breadsmith,onion poppy seed bread,1.5,g,0,mg,170,g,19,g,3,g,0,g,0,g,0,g,2,g
307,breadsmith,onion rye bread,0,g,0,mg,180,g,21,g,3,g,0,g,0,g,1,g,1,g
308,breadsmith,orange chocolate chip dessert bread,7,g,30,mg,125,g,29,g,3,g,4,g,0,g,0,g,18,g
309,breadsmith,orange chocolate chip dessert bread kosher,7,g,20,mg,170,g,29,g,3,g,3,g,0,g,0,g,18,g
310,breadsmith,orange chocolate chip muffin,9,g,40,mg,170,g,38,g,4,g,5,g,0,g,0,g,24,g
311,breadsmith,orange chocolate chip muffin kosher,9,g,25,mg,220,g,39,g,4,g,4,g,0,g,0,g,24,g
312,breadsmith,orange dessert bread,6,g,35,mg,135,g,28,g,3,g,3.5,g,0,g,0,g,17,g
313,breadsmith,orange dessert bread kosher,6,g,20,mg,180,g,28,g,3,g,2.5,g,0,g,0,g,17,g
314,breadsmith,orange muffin,8,g,45,mg,180,g,38,g,4,g,5,g,0,g,0,g,22,g
315,breadsmith,orange muffin kosher,8,g,25,mg,240,g,38,g,4,g,3.5,g,0,g,0,g,22,g
316,breadsmith,orange sugar cookie,9,g,40,mg,100,g,35,g,3,g,5,g,0,g,1,g,20,g
317,breadsmith,orange sugar cookie kosher,8,g,15,mg,170,g,35,g,3,g,3.5,g,0,g,0,g,20,g
318,breadsmith,original coffee cake,8,g,0,mg,130,g,36,g,3,g,0.5,g,0,g,0,g,25,g
319,breadsmith,original coffee cake individual,11,g,0,mg,190,g,53,g,4,g,1,g,0,g,1,g,36,g
320,breadsmith,original coffee cake individual kosher,11,g,0,mg,190,g,53,g,4,g,1,g,0,g,1,g,36,g
321,breadsmith,original coffee cake kosher,8,g,0,mg,125,g,36,g,3,g,0.5,g,0,g,1,g,24,g
322,breadsmith,pain au chocolat,5,g,10,mg,200,g,28,g,4,g,3,g,0,g,1,g,8,g
323,breadsmith,pain au chocolat kosher,5,g,5,mg,220,g,28,g,4,g,2.5,g,0,g,1,g,8,g
324,breadsmith,pain au levain,2.5,g,0,mg,190,g,20,g,4,g,0.5,g,0,g,1,g,0,g
325,breadsmith,pain au levain kosher,2.5,g,0,mg,190,g,20,g,4,g,0.5,g,0,g,1,g,0,g
326,breadsmith,pain de campagne,0,g,0,mg,210,g,20,g,3,g,0,g,0,g,1,g,0,g
327,breadsmith,panettone,3,g,10,mg,105,g,27,g,4,g,1,g,0,g,1,g,8,g
328,breadsmith,panettone kosher,4,g,5,mg,130,g,26,g,3,g,1,g,0,g,1,g,8,g
329,breadsmith,panmarino,1,g,0,mg,170,g,22,g,3,g,0,g,0,g,0,g,0,g
330,breadsmith,pb and j bread,4.5,g,0,mg,230,g,28,g,5,g,0.5,g,0,g,1,g,7,g
331,breadsmith,peach brioche sweet roll,10,g,65,mg,180,g,32,g,4,g,6,g,0,g,0,g,15,g
332,breadsmith,peach brioche sweet roll kosher,8,g,50,mg,160,g,34,g,5,g,3,g,0,g,0,g,16,g
333,breadsmith,peach coffee cake,4,g,5,mg,100,g,36,g,2,g,1,g,0,g,0,g,25,g
334,breadsmith,peach coffee cake individual,6,g,5,mg,150,g,53,g,3,g,1.5,g,0,g,0,g,37,g
335,breadsmith,peach coffee cake individual kosher,6,g,0,mg,160,g,53,g,3,g,1,g,0,g,0,g,37,g
336,breadsmith,peach coffee cake kosher,4,g,0,mg,110,g,36,g,2,g,0.5,g,0,g,0,g,25,g
337,breadsmith,peach crostata,7,g,25,mg,70,g,24,g,2,g,4.5,g,0,g,1,g,13,g
338,breadsmith,peach crostata kosher,7,g,0,mg,135,g,25,g,2,g,3,g,0,g,0,g,12,g
339,breadsmith,peach hamantaschen,10,g,60,mg,45,g,40,g,5,g,6,g,0,g,0,g,19,g
340,breadsmith,peach hamantaschen kosher,10,g,35,mg,125,g,40,g,4,g,4,g,0,g,0,g,19,g
341,breadsmith,peach pie bread,3,g,10,mg,150,g,34,g,3,g,1.5,g,0,g,0,g,17,g
342,breadsmith,peach pie bread kosher,3,g,5,mg,180,g,34,g,3,g,1,g,0,g,0,g,17,g
343,breadsmith,peanut butter bread,3.5,g,0,mg,170,g,17,g,4,g,0,g,0,g,1,g,2,g
344,breadsmith,peanut butter brownie,15,g,50,mg,65,g,34,g,5,g,7,g,0,g,2,g,24,g
345,breadsmith,peanut butter brownie kosher,15,g,35,mg,130,g,34,g,5,g,6,g,0,g,2,g,24,g
346,breadsmith,peanut butter chocolate chip bread,4.5,g,0,mg,140,g,17,g,3,g,1.5,g,0,g,1,g,5,g
347,breadsmith,peanut butter chocolate chip bread kosher,4.5,g,0,mg,150,g,18,g,3,g,1.5,g,0,g,1,g,6,g
348,breadsmith,peanut butter cookie,15,g,25,mg,135,g,26,g,6,g,6,g,0,g,1,g,16,g
349,breadsmith,peanut butter cookie kosher,14,g,10,mg,200,g,27,g,5,g,4,g,0,g,1,g,16,g
350,breadsmith,pecan scone,15,g,30,mg,230,g,25,g,4,g,4.5,g,0,g,2,g,7,g
351,breadsmith,pecan scone kosher,14,g,10,mg,280,g,26,g,4,g,3.5,g,0,g,1,g,7,g
352,breadsmith,pecan sourdough whole grain bread,3,g,0,mg,180,g,20,g,4,g,0,g,0,g,3,g,0,g
353,breadsmith,pecan wheat scone,15,g,30,mg,230,g,25,g,4,g,4.5,g,0,g,2,g,7,g
354,breadsmith,pecan wheat scone kosher,15,g,15,mg,280,g,25,g,4,g,3.5,g,0,g,2,g,7,g
355,breadsmith,peppercorn swiss bread,3,g,10,mg,230,g,21,g,5,g,1.5,g,0,g,0,g,0,g
356,breadsmith,pepperoni bread,3,g,5,mg,330,g,21,g,6,g,1.5,g,0,g,0,g,1,g
357,breadsmith,pesto bread,0.5,g,0,mg,280,g,24,g,4,g,0,g,0,g,0,g,0,g
358,breadsmith,pineapple orange scone,5,g,25,mg,200,g,29,g,3,g,3,g,0,g,0,g,13,g
359,breadsmith,pineapple orange scone kosher,5,g,10,mg,240,g,29,g,3,g,2,g,0,g,0,g,13,g
360,breadsmith,pita,2.5,g,0,mg,280,g,29,g,4,g,0,g,0,g,0,g,2,g
361,breadsmith,pizza dough,1.5,g,0,mg,230,g,26,g,5,g,0,g,0,g,1,g,2,g
362,breadsmith,plain scone,8,g,30,mg,280,g,29,g,4,g,4.5,g,0,g,0,g,8,g
363,breadsmith,plain scone kosher,8,g,15,mg,350,g,30,g,4,g,3,g,0,g,0,g,8,g
364,breadsmith,plain wheat scone,8,g,35,mg,280,g,29,g,4,g,5,g,0,g,1,g,8,g
365,breadsmith,plain wheat scone kosher,8,g,15,mg,350,g,29,g,4,g,3.5,g,0,g,1,g,7,g
366,breadsmith,poppy seed babka,5,g,15,mg,170,g,28,g,5,g,2,g,0,g,1,g,10,g
367,breadsmith,poppy seed babka roll,8,g,20,mg,250,g,42,g,8,g,3,g,0,g,2,g,15,g
368,breadsmith,poppy seed babka roll kosher,10,g,10,mg,290,g,41,g,6,g,3,g,0,g,2,g,13,g
369,breadsmith,poppy seed babka kosher,7,g,5,mg,200,g,27,g,4,g,2,g,0,g,1,g,9,g
370,breadsmith,poppy seed hamantaschen,14,g,60,mg,50,g,40,g,6,g,6,g,0,g,2,g,18,g
371,breadsmith,poppy seed hamantaschen kosher,13,g,45,mg,160,g,40,g,6,g,5,g,0,g,1,g,15,g
372,breadsmith,portuguese sweet bread,4,g,15,mg,170,g,22,g,4,g,0.5,g,0,g,0,g,5,g
373,breadsmith,portuguese sweet bread kosher,3,g,5,mg,130,g,23,g,3,g,1,g,0,g,0,g,4,g
374,breadsmith,potato cheddar chive bread,2,g,5,mg,240,g,26,g,5,g,1,g,0,g,1,g,1,g
375,breadsmith,potato flake roll,0.5,g,0,mg,380,g,46,g,6,g,0,g,0,g,1,g,2,g
376,breadsmith,power bread,2,g,0,mg,150,g,24,g,4,g,0,g,0,g,2,g,4,g
377,breadsmith,power bread kosher,2,g,0,mg,150,g,23,g,4,g,0,g,0,g,2,g,4,g
378,breadsmith,pretzel bread,0,g,0,mg,140,g,20,g,3,g,0,g,0,g,0,g,2,g
379,breadsmith,pumpernickel brick bread,2,g,0,mg,240,g,21,g,4,g,0,g,0,g,4,g,0,g
380,breadsmith,pumpkin chocolate chip dessert bread,7,g,10,mg,220,g,29,g,2,g,1,g,0,g,1,g,18,g
381,breadsmith,pumpkin chocolate chip dessert bread kosher,7,g,10,mg,220,g,29,g,2,g,1,g,0,g,1,g,18,g
382,breadsmith,pumpkin chocolate chip muffin,9,g,10,mg,300,g,38,g,3,g,1.5,g,0,g,1,g,24,g
383,breadsmith,pumpkin chocolate chip muffin kosher,9,g,15,mg,300,g,39,g,3,g,1.5,g,0,g,1,g,24,g
384,breadsmith,pumpkin chocolate chip scone,6,g,25,mg,160,g,30,g,4,g,3.5,g,0,g,1,g,10,g
385,breadsmith,pumpkin chocolate chip scone kosher,6,g,15,mg,200,g,31,g,4,g,3,g,0,g,1,g,10,g
386,breadsmith,pumpkin chocolate chip walnut dessert bread,8,g,10,mg,210,g,28,g,2,g,1.5,g,0,g,1,g,17,g
387,breadsmith,pumpkin chocolate chip walnut dessert bread kosher,8,g,10,mg,210,g,28,g,2,g,1.5,g,0,g,1,g,17,g
388,breadsmith,pumpkin chocolate chip walnut muffin,11,g,10,mg,280,g,37,g,3,g,1.5,g,0,g,1,g,23,g
389,breadsmith,pumpkin chocolate chip walnut muffin kosher,11,g,10,mg,280,g,37,g,3,g,2,g,0,g,1,g,23,g
390,breadsmith,pumpkin cranberry dessert bread,6,g,10,mg,220,g,29,g,2,g,0,g,0,g,1,g,18,g
391,breadsmith,pumpkin cranberry muffin,8,g,10,mg,300,g,39,g,3,g,0.5,g,0,g,1,g,24,g
392,breadsmith,pumpkin cranberry scone,5,g,25,mg,160,g,31,g,4,g,3,g,0,g,1,g,11,g
393,breadsmith,pumpkin cranberry scone kosher,5,g,10,mg,200,g,32,g,4,g,2,g,0,g,1,g,11,g
394,breadsmith,pumpkin cranberry walnut dessert bread,7,g,10,mg,210,g,28,g,2,g,0.5,g,0,g,1,g,17,g
395,breadsmith,pumpkin cranberry walnut muffin,10,g,10,mg,280,g,38,g,3,g,1,g,0,g,1,g,23,g
396,breadsmith,pumpkin dessert bread,6,g,10,mg,240,g,28,g,2,g,0.5,g,0,g,1,g,17,g
397,breadsmith,pumpkin harvest bar,8,g,10,mg,140,g,32,g,3,g,1,g,0,g,3,g,8,g
398,breadsmith,pumpkin harvest bar kosher,7,g,10,mg,140,g,32,g,3,g,1,g,0,g,3,g,18,g
399,breadsmith,pumpkin muffin,8,g,15,mg,320,g,38,g,3,g,0.5,g,0,g,1,g,23,g
400,breadsmith,pumpkin raisin dessert bread,6,g,10,mg,220,g,29,g,2,g,0,g,0,g,1,g,18,g
401,breadsmith,pumpkin raisin muffin,7,g,10,mg,300,g,39,g,3,g,0.5,g,0,g,1,g,24,g
402,breadsmith,pumpkin raisin walnut dessert bread,7,g,10,mg,210,g,28,g,2,g,0.5,g,0,g,1,g,17,g
403,breadsmith,pumpkin raisin walnut muffin,10,g,10,mg,280,g,38,g,3,g,1,g,0,g,1,g,23,g
404,breadsmith,pumpkin scone,5,g,25,mg,170,g,30,g,4,g,3,g,0,g,0,g,9,g
405,breadsmith,pumpkin scone kosher,5,g,15,mg,220,g,30,g,4,g,2,g,0,g,1,g,9,g
406,breadsmith,pumpkin walnut dessert bread,8,g,10,mg,230,g,27,g,2,g,0.5,g,0,g,1,g,16,g
407,breadsmith,pumpkin walnut muffin,10,g,10,mg,300,g,36,g,3,g,1,g,0,g,1,g,21,g
408,breadsmith,pumpkin walnut scone,8,g,25,mg,160,g,28,g,4,g,3,g,0,g,1,g,8,g
409,breadsmith,pumpkin walnut scone kosher,8,g,10,mg,200,g,29,g,4,g,2.5,g,0,g,1,g,8,g
410,breadsmith,raisin bran bread,2,g,5,mg,120,g,27,g,3,g,0,g,0,g,3,g,14,g
411,breadsmith,raisin bran bread kosher,2,g,5,mg,115,g,27,g,3,g,0,g,0,g,3,g,14,g
412,breadsmith,raisin bran muffin,2.5,g,10,mg,160,g,36,g,4,g,0,g,0,g,3,g,18,g
413,breadsmith,raisin bran muffin kosher,2.5,g,10,mg,150,g,37,g,4,g,0,g,0,g,4,g,19,g
414,breadsmith,raisin bread,1.5,g,5,mg,140,g,25,g,3,g,0,g,0,g,0,g,6,g
415,breadsmith,raisin cinnamon bread,0,g,0,mg,190,g,27,g,3,g,0,g,0,g,1,g,5,g
416,breadsmith,raisin cinnamon scone,6,g,25,mg,210,g,34,g,3,g,3.5,g,0,g,0,g,16,g
417,breadsmith,raisin cinnamon scone kosher,6,g,10,mg,270,g,35,g,3,g,2.5,g,0,g,1,g,16,g
418,breadsmith,raisin cinnamon walnut bread,3,g,0,mg,190,g,25,g,4,g,0,g,0,g,2,g,5,g
419,breadsmith,raisin cinnamon walnut scone,7,g,25,mg,210,g,33,g,4,g,3.5,g,0,g,1,g,15,g
420,breadsmith,raisin cinnamon walnut scone kosher,7,g,10,mg,270,g,34,g,4,g,2.5,g,0,g,1,g,15,g
421,breadsmith,raisin cinnamon walnut wheat scone,8,g,25,mg,210,g,33,g,4,g,4,g,0,g,1,g,15,g
422,breadsmith,raisin cinnamon walnut wheat scone kosher,8,g,10,mg,260,g,33,g,4,g,2.5,g,0,g,1,g,15,g
423,breadsmith,raisin cinnamon wheat scone,6,g,25,mg,210,g,34,g,4,g,3.5,g,0,g,1,g,16,g
424,breadsmith,raisin cinnamon wheat scone kosher,6,g,10,mg,270,g,34,g,3,g,2.5,g,0,g,1,g,16,g
425,breadsmith,raisin cinnamon whole wheat bread,0.5,g,0,mg,190,g,24,g,4,g,0,g,0,g,3,g,6,g
426,breadsmith,raisin cranberry walnut bread,3,g,0,mg,160,g,28,g,4,g,0,g,0,g,2,g,8,g
427,breadsmith,raisin sunflower bread,2.5,g,0,mg,200,g,26,g,4,g,0,g,0,g,2,g,5,g
428,breadsmith,raisin walnut bread,3,g,0,mg,200,g,26,g,4,g,0,g,0,g,2,g,5,g
429,breadsmith,raisin walnut russian rye bread,3,g,0,mg,115,g,27,g,4,g,0,g,0,g,2,g,6,g
430,breadsmith,reindeer treats,5,g,20,mg,60,g,19,g,1,g,3,g,0,g,0,g,12,g
431,breadsmith,reindeer treats kosher,4.5,g,10,mg,105,g,19,g,1,g,2,g,0,g,0,g,12,g
432,breadsmith,roasted garlic bread,1,g,0,mg,210,g,23,g,4,g,0,g,0,g,1,g,0,g
433,breadsmith,roasted garlic tomato,0,g,0,mg,180,g,21,g,3,g,0,g,0,g,1,g,1,g
434,breadsmith,rosemary country bread,0,g,0,mg,250,g,25,g,4,g,0,g,0,g,0,g,0,g
435,breadsmith,rosemary currant wheat bread,0.5,g,0,mg,230,g,25,g,4,g,0,g,0,g,2,g,5,g
436,breadsmith,rosemary fougasse bread,1.5,g,0,mg,290,g,29,g,4,g,0,g,0,g,0,g,0,g
437,breadsmith,rosemary garlic ciabatta bread,0,g,0,mg,150,g,14,g,3,g,0,g,0,g,1,g,0,g
438,breadsmith,rosemary multigrain sandwich bread,1,g,0,mg,200,g,24,g,4,g,0,g,0,g,1,g,0,g
439,breadsmith,rosemary olive bread,2,g,0,mg,170,g,20,g,3,g,0,g,0,g,0,g,0,g
440,breadsmith,rum raisin babka,3.5,g,15,mg,180,g,31,g,4,g,2,g,0,g,1,g,11,g
441,breadsmith,rum raisin babka roll,5,g,20,mg,270,g,46,g,7,g,3,g,0,g,1,g,17,g
442,breadsmith,rum raisin babka roll kosher,7,g,10,mg,310,g,45,g,5,g,3,g,0,g,1,g,15,g
443,breadsmith,rum raisin babka kosher,5,g,5,mg,210,g,30,g,4,g,2,g,0,g,1,g,10,g
444,breadsmith,russian rye bread,1.5,g,0,mg,140,g,23,g,3,g,0,g,0,g,1,g,3,g
445,breadsmith,rustic italian bread,0,g,0,mg,220,g,22,g,3,g,0,g,0,g,0,g,0,g
446,breadsmith,sauerkraut rye bread,0,g,0,mg,160,g,21,g,3,g,0,g,0,g,2,g,2,g
447,breadsmith,seeded whole wheat bread,5,g,0,mg,210,g,23,g,5,g,0.5,g,0,g,4,g,2,g
448,breadsmith,semolina bread,0,g,0,mg,200,g,21,g,3,g,0,g,0,g,1,g,0,g
449,breadsmith,semolina pita,2.5,g,0,mg,350,g,41,g,6,g,0,g,0,g,1,g,3,g
450,breadsmith,soft cheddar peppercorn bun,6,g,10,mg,430,g,48,g,9,g,1,g,0,g,2,g,5,g
451,breadsmith,soft garlic herb bun,5,g,10,mg,460,g,56,g,8,g,0,g,0,g,1,g,5,g
452,breadsmith,soft onion sandwich bread,1.5,g,0,mg,170,g,18,g,3,g,0,g,0,g,0,g,2,g
453,breadsmith,soft peppercorn bun,5,g,10,mg,460,g,56,g,8,g,0,g,0,g,1,g,5,g
454,breadsmith,soft rye sandwich bread,2,g,5,mg,190,g,20,g,3,g,0,g,0,g,1,g,2,g
455,breadsmith,soft sesame sandwich bread,2,g,5,mg,170,g,18,g,3,g,0,g,0,g,0,g,2,g
456,breadsmith,soft tomato basil sandwich bread,1.5,g,0,mg,170,g,18,g,3,g,0,g,0,g,0,g,2,g
457,breadsmith,soft wheat sandwich bread,2,g,5,mg,190,g,20,g,3,g,0,g,0,g,1,g,2,g
458,breadsmith,soft white sandwich bread,1.5,g,5,mg,170,g,18,g,3,g,0,g,0,g,0,g,2,g
459,breadsmith,sourdough bread,0,g,0,mg,220,g,25,g,4,g,0,g,0,g,0,g,0,g
460,breadsmith,sourdough rye bread,0,g,0,mg,230,g,24,g,4,g,0,g,0,g,2,g,0,g
461,breadsmith,sourdough whole grain bread,0.5,g,0,mg,190,g,21,g,4,g,0,g,0,g,3,g,0,g
462,breadsmith,spinach bread,1,g,10,mg,180,g,19,g,4,g,0,g,0,g,1,g,1,g
463,breadsmith,spinach feta bread,2,g,15,mg,220,g,17,g,4,g,1,g,0,g,1,g,1,g
464,breadsmith,stollen,4,g,10,mg,60,g,28,g,4,g,2,g,0,g,1,g,11,g
465,breadsmith,stollen kosher,4,g,5,mg,80,g,29,g,4,g,1.5,g,0,g,1,g,10,g
466,breadsmith,stoneground wheat bread,0.5,g,0,mg,240,g,23,g,4,g,0,g,0,g,2,g,0,g
467,breadsmith,strawberry brioche sweet roll,10,g,65,mg,180,g,33,g,4,g,6,g,0,g,0,g,14,g
468,breadsmith,strawberry brioche sweet roll kosher,8,g,50,mg,160,g,34,g,5,g,3,g,0,g,0,g,15,g
469,breadsmith,strawberry brownie,11,g,50,mg,30,g,36,g,3,g,7,g,0,g,1,g,26,g
470,breadsmith,strawberry brownie kosher,11,g,35,mg,95,g,36,g,3,g,5,g,0,g,1,g,26,g
471,breadsmith,strawberry coffee cake,4,g,5,mg,105,g,36,g,2,g,1,g,0,g,0,g,25,g
472,breadsmith,strawberry coffee cake individual,6,g,5,mg,150,g,53,g,3,g,1.5,g,0,g,0,g,36,g
473,breadsmith,strawberry coffee cake individual kosher,6,g,0,mg,170,g,53,g,3,g,1,g,0,g,0,g,36,g
474,breadsmith,strawberry coffee cake kosher,4.5,g,0,mg,110,g,36,g,2,g,0.5,g,0,g,0,g,24,g
475,breadsmith,strawberry crostata,7,g,20,mg,65,g,25,g,2,g,4.5,g,0,g,0,g,11,g
476,breadsmith,strawberry crostata kosher,7,g,0,mg,135,g,25,g,2,g,3,g,0,g,0,g,11,g
477,breadsmith,strawberry hamantaschen,10,g,60,mg,45,g,40,g,5,g,6,g,0,g,0,g,18,g
478,breadsmith,strawberry hamantaschen kosher,10,g,35,mg,125,g,40,g,4,g,4,g,0,g,0,g,18,g
479,breadsmith,strawberry pie bread,3,g,10,mg,150,g,31,g,3,g,1.5,g,0,g,0,g,13,g
480,breadsmith,strawberry pie bread kosher,3,g,5,mg,180,g,31,g,3,g,1,g,0,g,0,g,13,g
481,breadsmith,strawberry rhubarb crostata,7,g,20,mg,65,g,22,g,2,g,4.5,g,0,g,0,g,9,g
482,breadsmith,strawberry rhubarb crostata kosher,7,g,0,mg,135,g,22,g,2,g,3,g,0,g,0,g,9,g
483,breadsmith,strawberry rhubarb pie bread,3,g,10,mg,150,g,31,g,3,g,1.5,g,0,g,0,g,13,g
484,breadsmith,strawberry rhubarb pie bread kosher,3,g,5,mg,180,g,31,g,3,g,1,g,0,g,0,g,13,g
485,breadsmith,sugar cookie,9,g,40,mg,100,g,35,g,3,g,5,g,0,g,1,g,20,g
486,breadsmith,sugar cookie kosher,8,g,20,mg,180,g,35,g,3,g,3.5,g,0,g,0,g,20,g
487,breadsmith,sunflower rye bread,2.5,g,0,mg,190,g,21,g,4,g,0,g,0,g,3,g,0,g
488,breadsmith,sunrise sensation dessert bread,11,g,15,mg,280,g,23,g,2,g,1,g,0,g,1,g,12,g
489,breadsmith,sunrise sensation muffin,15,g,20,mg,370,g,31,g,3,g,1.5,g,0,g,1,g,15,g
490,breadsmith,swedish limpa rye bread,0,g,0,mg,230,g,27,g,3,g,0,g,0,g,1,g,5,g
491,breadsmith,sweet bellagio bread,0.5,g,0,mg,130,g,15,g,2,g,0,g,0,g,0,g,2,g
492,breadsmith,sweet cornbread,4,g,30,mg,250,g,24,g,3,g,2.5,g,0,g,0,g,7,g
493,breadsmith,sweet cornbread muffin,6,g,40,mg,330,g,32,g,5,g,3,g,0,g,0,g,10,g
494,breadsmith,sweet cornbread muffin kosher,6,g,30,mg,360,g,32,g,4,g,2,g,0,g,1,g,10,g
495,breadsmith,sweet cornbread kosher,4,g,20,mg,270,g,24,g,3,g,1.5,g,0,g,0,g,7,g
496,breadsmith,sweet swirl,12,g,80,mg,240,g,34,g,5,g,7,g,0,g,0,g,13,g
497,breadsmith,sweet swirl kosher,9,g,65,mg,210,g,36,g,6,g,3.5,g,0,g,0,g,14,g
498,breadsmith,toasted onion sourdough whole grain bread,0,g,0,mg,200,g,19,g,4,g,0,g,0,g,3,g,1,g
499,breadsmith,tomato basil bread,0,g,0,mg,160,g,22,g,3,g,0,g,0,g,0,g,1,g
500,breadsmith,tomato parmesan bread,1,g,0,mg,240,g,24,g,5,g,0,g,0,g,1,g,1,g
501,breadsmith,traditional egg bread,2.5,g,15,mg,160,g,23,g,3,g,1.5,g,0,g,0,g,4,g
502,breadsmith,traditional egg bread with raisins,2.5,g,15,mg,150,g,24,g,3,g,1,g,0,g,0,g,5,g
503,breadsmith,traditional egg bread with raisins kosher,2,g,10,mg,170,g,24,g,3,g,1,g,0,g,0,g,5,g
504,breadsmith,traditional egg bread kosher,2.5,g,10,mg,180,g,23,g,3,g,1,g,0,g,0,g,4,g
505,breadsmith,traditional rye bread,0.5,g,0,mg,190,g,21,g,3,g,0,g,0,g,1,g,0,g
506,breadsmith,tuscan herb formaggio bread,1,g,0,mg,270,g,26,g,5,g,0,g,0,g,0,g,0,g
507,breadsmith,tuscan rustica bread,0,g,0,mg,240,g,23,g,3,g,0,g,0,g,0,g,0,g
508,breadsmith,unseasoned stuffing,1.5,g,0,mg,920,g,89,g,13,g,0,g,0,g,1,g,1,g
509,breadsmith,vanilla concha,15,g,45,mg,240,g,55,g,5,g,9,g,0.5,g,0,g,21,g
510,breadsmith,vanilla concha kosher,15,g,5,mg,380,g,55,g,5,g,6,g,0,g,0,g,21,g
511,breadsmith,vanilla egg bread,3,g,15,mg,60,g,23,g,3,g,0,g,0,g,0,g,4,g
512,breadsmith,vanilla egg raisin bread,2.5,g,10,mg,50,g,25,g,3,g,0,g,0,g,0,g,6,g
513,breadsmith,vanilla oat crunch granola,10,g,10,mg,85,g,33,g,5,g,3.5,g,0,g,4,g,13,g
514,breadsmith,vanilla oat crunch granola kosher,9,g,0,mg,125,g,32,g,5,g,2.5,g,0,g,4,g,14,g
515,breadsmith,walnut babka,7,g,15,mg,170,g,27,g,5,g,2.5,g,0,g,1,g,10,g
516,breadsmith,walnut babka roll,11,g,20,mg,250,g,41,g,7,g,3.5,g,0,g,1,g,14,g
517,breadsmith,walnut babka roll kosher,13,g,10,mg,290,g,39,g,6,g,3.5,g,0,g,1,g,12,g
518,breadsmith,walnut babka kosher,9,g,5,mg,200,g,26,g,4,g,2.5,g,0,g,1,g,8,g
519,breadsmith,walnut hamantaschen,17,g,55,mg,45,g,36,g,6,g,6,g,0,g,1,g,16,g
520,breadsmith,walnut hamantaschen kosher,16,g,35,mg,130,g,36,g,6,g,5,g,0,g,1,g,16,g
521,breadsmith,wheat ciabatta bread,0,g,0,mg,95,g,13,g,2,g,0,g,0,g,1,g,0,g
522,breadsmith,wheat flax seed bread,1.5,g,0,mg,230,g,20,g,4,g,0,g,0,g,2,g,0,g
523,breadsmith,wheat peanut butter cookie,15,g,25,mg,135,g,26,g,6,g,6,g,0,g,2,g,16,g
524,breadsmith,wheat peanut butter cookie kosher,13,g,10,mg,190,g,27,g,6,g,3.5,g,0,g,2,g,15,g
525,breadsmith,wheat pita,2.5,g,0,mg,330,g,38,g,6,g,0,g,0,g,3,g,3,g
526,breadsmith,wheat pizza dough,1.5,g,0,mg,220,g,25,g,4,g,0,g,0,g,2,g,2,g
527,breadsmith,zucchini dessert bread,8,g,20,mg,140,g,29,g,3,g,0.5,g,0,g,0,g,17,g
528,breadsmith,zucchini muffin,11,g,30,mg,190,g,39,g,4,g,1,g,0,g,0,g,22,g
529,breadsmith,zucchini walnut dessert bread,10,g,20,mg,135,g,28,g,3,g,1,g,0,g,0,g,16,g
530,breadsmith,zucchini walnut muffin,13,g,30,mg,180,g,37,g,4,g,1,g,0,g,1,g,21,g
531,browns chicken and pasta,chicken breast,14.6,g,67,mg,529,g,12.1,g,26,g,0,g,0,g,0,g,0,g
532,browns chicken and pasta,chicken leg,16.3,g,52,mg,542,g,9.2,g,26,g,0,g,0,g,0,g,0,g
533,browns chicken and pasta,chicken livers,18.7,g,147,mg,704,g,19.9,g,23.3,g,0,g,0,g,0,g,0,g
534,browns chicken and pasta,chicken wing,24.8,g,81,mg,654,g,17.4,g,22.9,g,0,g,0,g,0,g,0,g
535,browns chicken and pasta,chicken gizzards,20.4,g,88,mg,795,g,26.4,g,24.3,g,0,g,0,g,0,g,0,g
536,browns chicken and pasta,chicken thigh,24.1,g,63,mg,574,g,13.4,g,21.1,g,0,g,0,g,0,g,0,g
537,browns chicken and pasta,mushrooms,16.2,g,1,mg,671,g,29.6,g,6.1,g,0,g,0,g,0,g,0,g
538,browns chicken and pasta,shrimp,10.1,g,31,mg,778,g,33.8,g,12.6,g,0,g,0,g,0,g,0,g
539,browns chicken and pasta,potato salad,3.8,g,11,mg,639,g,12.9,g,2,g,0,g,0,g,0,g,0,g
540,browns chicken and pasta,corn fritters,25.3,g,4,mg,552,g,41.8,g,5.1,g,0,g,0,g,0,g,0,g
541,browns chicken and pasta,cole slaw,9.5,g,6,mg,211,g,9.4,g,1.7,g,0,g,0,g,0,g,0,g
542,browns chicken and pasta,corn on the cob 3,2.7,g,1,mg,23,g,22.4,g,2.9,g,0,g,0,g,0,g,0,g
543,browns chicken and pasta,chicken breast,15,g,65,mg,530,g,12,g,26,g,0,g,0,g,0,g,0,g
544,browns chicken and pasta,chicken gizzards,20,g,90,mg,800,g,26,g,24,g,0,g,0,g,0,g,0,g
545,browns chicken and pasta,chicken leg,16,g,50,mg,540,g,9,g,26,g,0,g,0,g,0,g,0,g
546,browns chicken and pasta,chicken livers,19,g,145,mg,700,g,20,g,23,g,0,g,0,g,0,g,0,g
547,browns chicken and pasta,chicken thigh,24,g,65,mg,570,g,13,g,21,g,0,g,0,g,0,g,0,g
548,browns chicken and pasta,chicken wing,25,g,80,mg,650,g,17,g,23,g,0,g,0,g,0,g,0,g
549,browns chicken and pasta,coleslaw,10,g,5,mg,210,g,9,g,2,g,0,g,0,g,0,g,0,g
550,browns chicken and pasta,corn fritters,25,g,5,mg,550,g,42,g,5,g,0,g,0,g,0,g,0,g
551,browns chicken and pasta,corn on the cob,2.5,g,0,mg,25,g,22,g,3,g,0,g,0,g,0,g,0,g
552,browns chicken and pasta,french fries,22,g,0,mg,240,g,44,g,5,g,0,g,0,g,0,g,0,g
553,browns chicken and pasta,shrimp,10,g,30,mg,780,g,34,g,13,g,0,g,0,g,0,g,0,g
554,brueggers,sliced almonds,2.5,g,0,mg,0,g,1,g,1,g,0,g,0,g,0,g,0,g
555,brueggers,plain cream cheese,11,g,40,mg,125,g,6,g,3,g,7,g,0,g,0.5,g,2,g
556,brueggers,honey walnut cream cheese,12,g,35,mg,125,g,8,g,3,g,6,g,0,g,0.5,g,3,g
557,brueggers,bacon scallion cream cheese,12,g,40,mg,150,g,5,g,3,g,7,g,0,g,0,g,2,g
558,brueggers,light plain cream cheese,6,g,25,mg,130,g,4,g,6,g,3,g,0,g,0.5,g,3,g
559,brueggers,garden veggie cream cheese,11,g,35,mg,140,g,5,g,3,g,6,g,0,g,1,g,2,g
560,brueggers,strawberry cream cheese,13,g,30,mg,100,g,4,g,3,g,7,g,0,g,0,g,2,g
561,brueggers,light herb garlic cream cheese,6,g,25,mg,125,g,4,g,6,g,3.5,g,0,g,0,g,2,g
562,brueggers,smoked salmon cream cheese,13,g,40,mg,150,g,3,g,3,g,6,g,0,g,0.5,g,2,g
563,brueggers,light garden veggie cream cheese,6,g,25,mg,105,g,3,g,6,g,4,g,0,g,0,g,2,g
564,brueggers,sundried tomato spread,6,g,6,mg,46,g,5,g,1,g,2,g,0,g,0,g,1,g
565,brueggers,sundried tomato mayo,15,g,15,mg,130,g,1,g,2,g,2.5,g,0,g,0,g,0,g
566,brueggers,chipotle sauce,11,g,5,mg,120,g,0,g,0,g,1.5,g,0,g,0,g,0,g
567,brueggers,peanut butter,21,g,0,mg,200,g,9,g,9,g,4,g,0,g,3,g,4,g
568,brueggers,artichoke pesto,4,g,0,mg,95,g,1,g,1,g,0.5,g,0,g,1,g,0,g
569,brueggers,olive pimiento cream cheese,13,g,45,mg,130,g,3,g,3,g,6,g,0,g,0,g,1,g
570,brueggers,mayo,11,g,10,mg,100,g,1,g,0,g,1.5,g,0,g,0,g,0,g
571,brueggers,strawberry jelly or jam,0,g,0,mg,0,g,13,g,0,g,0,g,0,g,0,g,0,g
572,brueggers,hoseradish mayo,13,g,10,mg,280,g,6,g,0,g,2,g,0,g,0,g,5,g
573,brueggers,onion and chive cream cheese,13,g,35,mg,105,g,3,g,3,g,8,g,0,g,0,g,2,g
574,brueggers,hummus,6,g,0,mg,125,g,10,g,5,g,1,g,0,g,0,g,0,g
575,brueggers,dijon mustard,0,g,0,mg,180,g,0,g,0,g,0,g,0,g,0,g,0,g
576,brueggers,basil pesto,4.5,g,0,mg,100,g,0,g,1,g,0.5,g,0,g,0,g,0,g
577,brueggers,grape jelly or jam,0,g,0,mg,5,g,13,g,0,g,0,g,0,g,0,g,12,g
578,brueggers,thai peanut sauce,6,g,0,mg,600,g,10,g,3,g,0,g,0,g,0,g,8,g
579,brueggers,honey mustard,0,g,0,mg,45,g,9,g,0,g,0,g,0,g,0,g,9,g
580,brueggers,butter,11,g,30,mg,90,g,0,g,0,g,7,g,0,g,0,g,0,g
581,brueggers,jalapeno cream cheese,13,g,45,mg,150,g,4,g,3,g,8,g,0,g,0,g,2,g
582,brueggers,honey,0,g,0,mg,1,g,17,g,0,g,0,g,0,g,0,g,17,g
583,brueggers,pumpernickel bagel,2,g,0,mg,560,g,62,g,11,g,0,g,0,g,4,g,10,g
584,brueggers,everything bagel,2.5,g,0,mg,710,g,62,g,12,g,0,g,0,g,4,g,7,g
585,brueggers,blueberry bagel,2,g,0,mg,500,g,63,g,11,g,0,g,0,g,4,g,14,g
586,brueggers,sesame bagel,3,g,0,mg,610,g,60,g,12,g,0,g,0,g,4,g,7,g
587,brueggers,cinnamon raisin bagel,2,g,0,mg,480,g,65,g,11,g,0,g,0,g,4,g,10,g
588,brueggers,cinnamon sugar bagel,2,g,0,mg,420,g,63,g,14,g,0,g,0,g,4,g,13,g
589,brueggers,whole wheat bagel,3.5,g,0,mg,560,g,61,g,13,g,0,g,0,g,7,g,9,g
590,brueggers,rosemary olive oil bagel,6,g,0,mg,510,g,59,g,11,g,0.5,g,0,g,4,g,8,g
591,brueggers,asiago parmesan bagel,3,g,5,mg,600,g,61,g,12,g,0.5,g,0,g,4,g,7,g
592,brueggers,sundried tomato bagel,2,g,0,mg,550,g,57,g,10,g,0,g,0,g,4,g,10,g
593,brueggers,chocolate chip bagel,3.5,g,0,mg,470,g,65,g,10,g,2,g,0,g,3,g,18,g
594,brueggers,rye bagel,2,g,0,mg,560,g,59,g,11,g,0,g,0,g,5,g,8,g
595,brueggers,plain bagel,2,g,0,mg,530,g,60,g,12,g,0,g,0,g,4,g,7,g
596,brueggers,jalapeno cheddar bagel,9,g,20,mg,650,g,75,g,19,g,3.5,g,0,g,10,g,7,g
597,brueggers,onion bagel,2,g,0,mg,530,g,61,g,12,g,0,g,0,g,4,g,8,g
598,brueggers,garlic bagel,2,g,0,mg,520,g,61,g,12,g,0,g,0,g,4,g,7,g
599,brueggers,salt bagel,2,g,0,mg,1540,g,61,g,12,g,0,g,0,g,4,g,7,g
600,brueggers,honey grain bagel,2.5,g,0,mg,490,g,61,g,11,g,0,g,0,g,4,g,10,g
601,brueggers,chocolate chip cookie,17,g,30,mg,150,g,52,g,5,g,8,g,0,g,2,g,32,g
602,brueggers,cranberry orange bagel,2,g,0,mg,480,g,64,g,10,g,0,g,0,g,4,g,16,g
603,brueggers,everything cookie,18,g,20,mg,260,g,49,g,5,g,9,g,0,g,2,g,29,g
604,brueggers,bake n joy cinnamon coffee cake muffin,27,g,90,mg,280,g,62,g,5,g,7,g,0,g,0,g,36,g
605,brueggers,bake n joy blueberry muffin,21,g,80,mg,270,g,55,g,5,g,3.5,g,0,g,0,g,30,g
606,brueggers,ciabatta bread,0,g,0,mg,560,g,54,g,8,g,0,g,0,g,2,g,0,g
607,brueggers,everything softwich,2,g,0,mg,740,g,64,g,12,g,0,g,0,g,4,g,8,g
608,brueggers,jalapeno bagel,3,g,0,mg,480,g,67,g,13,g,0,g,0,g,9,g,7,g
609,brueggers,hearty white bread,1,g,0,mg,620,g,54,g,10,g,0,g,0,g,2,g,2,g
610,brueggers,fortified multi grain bagel,2.5,g,0,mg,500,g,66,g,12,g,0,g,0,g,6,g,10,g
611,brueggers,main street gourmet cinnamon muffin,23,g,60,mg,390,g,49,g,7,g,3.5,g,0,g,2,g,30,g
612,brueggers,poppy bagel,2.5,g,0,mg,610,g,61,g,12,g,0,g,0,g,4,g,7,g
613,brueggers,bake n joy corn muffin,23,g,90,mg,280,g,64,g,7,g,3.5,g,0,g,0,g,30,g
614,brueggers,seven layer bar,43,g,10,mg,280,g,58,g,10,g,23,g,0,g,5,g,42,g
615,brueggers,main street gourmet cranberry nut muffin,23,g,60,mg,390,g,49,g,7,g,3.5,g,0,g,2,g,30,g
616,brueggers,sesame softwich,3.5,g,0,mg,690,g,70,g,14,g,0,g,0,g,4,g,11,g
617,brueggers,plain softwich,2.5,g,0,mg,640,g,67,g,12,g,0,g,0,g,4,g,11,g
618,brueggers,double chocolate cookie,19,g,30,mg,160,g,51,g,5,g,9,g,0,g,3,g,33,g
619,brueggers,sourdough bagel,2,g,0,mg,540,g,56,g,11,g,0,g,0,g,4,g,7,g
620,brueggers,white wrap bread,1.5,g,0,mg,420,g,32,g,6,g,1,g,0,g,3,g,1,g
621,brueggers,sugar cookie,15,g,60,mg,210,g,52,g,4,g,9,g,0,g,1,g,26,g
622,brueggers,meltaway bar,24,g,5,mg,170,g,56,g,5,g,19,g,0,g,2,g,39,g
623,brueggers,honey wheat bread,3,g,0,mg,520,g,54,g,12,g,0,g,0,g,2,g,6,g
624,brueggers,bake n joy cappuccino muffin,26,g,100,mg,340,g,60,g,6,g,5,g,0,g,1,g,34,g
625,brueggers,chocolate chunk brownies bar,17,g,75,mg,110,g,42,g,5,g,8,g,0,g,2,g,32,g
626,brueggers,wheat bread,2,g,0,mg,270,g,30,g,5,g,0.5,g,0,g,2,g,5,g
627,brueggers,marshmallow chew bar,7,g,10,mg,290,g,54,g,3,g,3,g,0,g,0,g,22,g
628,brueggers,bake n joy cranberry nut muffin,23,g,85,mg,300,g,53,g,5,g,3.5,g,0,g,1,g,29,g
629,brueggers,asiago parmesan softwich,4,g,5,mg,770,g,69,g,14,g,1,g,0,g,4,g,11,g
630,brueggers,bagel bowl bagel,9,g,10,mg,152,g,136,g,30,g,3,g,0,g,8,g,22,g
631,brueggers,egg bagel,2.5,g,0,mg,530,g,63,g,11,g,0,g,0,g,4,g,10,g
632,brueggers,main street gourmet blueberry muffin,26,g,115,mg,210,g,51,g,7,g,2.4,g,0,g,2,g,28,g
633,brueggers,toffee almond bar,17,g,60,mg,280,g,44,g,4,g,8,g,0,g,1,g,31,g
634,brueggers,iced coffee cooler,16,g,40,mg,75,g,39,g,5,g,10,g,0,g,0,g,16,g
635,brueggers,regular herbal or decaf hot tea,0,g,0,mg,0,g,0,g,0,g,0,g,0,g,0,g,0,g
636,brueggers,cafe mocha,9,g,25,mg,8,g,23.3,g,9,g,5,g,0,g,0,g,21,g
637,brueggers,oregon chai tea,0,g,0,mg,12,g,29,g,0,g,0,g,0,g,0,g,27,g
638,brueggers,brueggers chai tea,5,g,0,mg,85,g,45,g,2,g,5,g,0,g,0,g,39,g
639,brueggers,hot chocolate,1.5,g,5,mg,190,g,31,g,2,g,1.5,g,0,g,1,g,26,g
640,brueggers,iced mocha coffee cooler,11.3,g,27,mg,57,g,32,g,3.3,g,7.3,g,0,g,0,g,14,g
641,brueggers,espresso,0,g,0,mg,10,g,1.3,g,0,g,0,g,0,g,0,g,1.3,g
642,brueggers,brueggaccino coffee,28,g,70,mg,150,g,43,g,8,g,18,g,0,g,0,g,43,g
643,brueggers,brewed iced tea,0,g,0,mg,0,g,0,g,0,g,0,g,0,g,0,g,0,g
644,brueggers,cafe au lait,8,g,25,mg,8,g,11.3,g,8.3,g,4.5,g,0,g,0,g,11.3,g
645,brueggers,cappuccino,7,g,20,mg,8,g,11.3,g,6.8,g,4,g,0,g,0,g,11.3,g
646,brueggers,cafe latte,9,g,25,mg,8,g,12.8,g,9,g,5,g,0,g,0,g,12.8,g
647,brueggers,smoked salmon on plain bagel breakfast sandwich,10,g,45,mg,1520,g,66,g,26,g,4.5,g,0,g,4,g,10,g
648,brueggers,western on plain bagel breakfast sandwich,34,g,215,mg,1210,g,67,g,25,g,9,g,0,g,4,g,11,g
649,brueggers,egg cheese and sausage breakfast bagel sandwich,34,g,210,mg,1250,g,63,g,28,g,12,g,0,g,4,g,8,g
650,brueggers,egg cheese and bacon breakfast bagel sandwich,24,g,195,mg,1190,g,64,g,26,g,8,g,0,g,4,g,9,g
651,brueggers,egg white and cheese breakfast bagel sandwich,6,g,15,mg,750,g,63,g,22,g,2.5,g,0,g,4,g,7,g
652,brueggers,egg cheese and ham breakfast bagel sandwich,16,g,210,mg,1280,g,65,g,28,g,5,g,0,g,4,g,10,g
653,brueggers,egg white cheese and sausage breakfast bagel sandwich,22,g,45,mg,1030,g,63,g,28,g,9,g,0,g,4,g,7,g
654,brueggers,sriracha egg and sausage plain bagel breakfast sandwich,33,g,225,mg,1670,g,72,g,28,g,11,g,0,g,4,g,16,g
655,brueggers,egg and cheese breakfast bagel sandwich,18,g,180,mg,970,g,63,g,22,g,6,g,0,g,4,g,8,g
656,brueggers,spinach and cheddar omelet on plain bagel breakfast sandwich,16,g,210,mg,990,g,63,g,24,g,6,g,0,g,4,g,7,g
657,brueggers,cracked egg cheese and sausage breakfast bagel sandwich,30,g,260,mg,1010,g,62,g,30,g,11,g,0,g,4,g,8,g
658,brueggers,rio grande breakfast wrap with sausage,41,g,405,mg,1100,g,39,g,24,g,11,g,0,g,3,g,4,g
659,brueggers,rio grande breakfast wrap with bacon,44,g,420,mg,1530,g,41,g,30,g,10,g,0,g,3,g,7,g
660,brueggers,spinach and cheddar omelet with ham plain bagel breakfast sandwich,17,g,230,mg,1540,g,65,g,31,g,6,g,0,g,4,g,9,g
661,brueggers,sriracha cracked egg and sausage plain bagel breakfast sandwich,30,g,260,mg,1570,g,70,g,30,g,11,g,0,g,4,g,15,g
662,brueggers,egg white cheese and bacon breakfast sandwich,12,g,30,mg,980,g,64,g,26,g,4.5,g,0,g,4,g,8,g
663,brueggers,cracked egg cheese and ham breakfast bagel sandwich,15,g,250,mg,1280,g,64,g,31,g,5,g,0,g,4,g,0,g
664,brueggers,spinach and cheddar omelet with sausage on plain bagel breakfast sandwich,31,g,240,mg,1230,g,64,g,30,g,12,g,0,g,4,g,7,g
665,brueggers,egg white cheese and ham breakfast sandwich,7,g,30,mg,1300,g,65,g,29,g,3,g,0,g,4,g,9,g
666,brueggers,rio grande breakfast wrap with ham,27,g,390,mg,1410,g,40,g,25,g,5,g,0,g,3,g,6,g
667,brueggers,classic breakfast wrap with ham,32,g,410,mg,1550,g,38,g,32,g,12,g,0,g,3,g,5,g
668,brueggers,cracked egg and cheese breakfast bagel sandwich,14,g,230,mg,730,g,62,g,24,g,5,g,0,g,4,g,8,g
669,brueggers,cracked egg cheese and turkey sausage breakfast bagel sandwich,19,g,270,mg,1000,g,62,g,30,g,7,g,0,g,4,g,8,g
670,brueggers,spinach and cheddar omelet with bacon plain bagel breakfast sandwich,30,g,500,mg,1090,g,35,g,38,g,13,g,0,g,3,g,3,g
671,brueggers,classic breakfast wrap with bacon,50,g,435,mg,1670,g,40,g,37,g,18,g,0,g,3,g,6,g
672,brueggers,cracked egg cheese and bacon breakfast bagel sandwich,20,g,245,mg,950,g,63,g,28,g,7,g,0,g,4,g,9,g
673,brueggers,egg white and sundried tomato breakfast bagel sandwich,13,g,30,mg,870,g,67,g,22,g,5,g,0,g,4,g,8,g
674,brueggers,classic breakfast wrap with sausage,47,g,420,mg,1280,g,37,g,31,g,18,g,0,g,3,g,3,g
675,brueggers,muenster cheese,8,g,30,mg,190,g,1,g,6,g,5,g,0,g,0,g,0,g
676,brueggers,cheddar cheese,6,g,20,mg,120,g,1,g,5,g,3.5,g,0,g,0,g,0,g
677,brueggers,turkey,0,g,15,mg,430,g,2,g,9,g,0,g,0,g,0,g,1,g
678,brueggers,spinach and cheddar omelet,8,g,190,mg,340,g,2,g,8,g,2.5,g,0,g,0,g,0,g
679,brueggers,chicken breast,4,g,60,mg,700,g,1,g,25,g,1.5,g,0,g,0,g,0,g
680,brueggers,capers,0,g,0,mg,65,g,0,g,0,g,0,g,0,g,0,g,0,g
681,brueggers,egg white patty,0,g,0,mg,190,g,2,g,6,g,0,g,0,g,0,g,0,g
682,brueggers,american cheese,2,g,5,mg,270,g,0,g,0,g,4,g,0,g,0,g,0,g
683,brueggers,sausage,16,g,30,mg,280,g,0,g,6,g,6,g,0,g,0,g,0,g
684,brueggers,blue cheese,8,g,25,mg,379,g,1,g,6,g,5,g,0,g,1,g,0,g
685,brueggers,dried cranberries,0,g,0,mg,0,g,15,g,0,g,0,g,0,g,2,g,13,g
686,brueggers,green peppers,0,g,0,mg,0.0001,g,1,g,0,g,0,g,0,g,0,g,1,g
687,brueggers,red onions,0,g,0,mg,0,g,0,g,0,g,0,g,0,g,0,g,0,g
688,brueggers,mandarin oranges,0,g,0,mg,0,g,5,g,0,g,0,g,0,g,1,g,4,g
689,brueggers,tomatoes,0,g,0,mg,0,g,2,g,0,g,0,g,0,g,0,g,1,g
690,brueggers,chow mein noodles,1.5,g,0,mg,70,g,6,g,1,g,0,g,0,g,0,g,0,g
691,brueggers,tuna salad,19,g,40,mg,330,g,3,g,11,g,2.5,g,0,g,0,g,0,g
692,brueggers,pickles,0,g,0,mg,330,g,0,g,0,g,0,g,0,g,0,g,0,g
693,brueggers,provolone cheese,8,g,20,mg,240,g,0,g,6,g,5,g,0,g,0,g,0,g
694,brueggers,jalapeonos,0,g,0,mg,290,g,1,g,0,g,0,g,0,g,1,g,0,g
695,brueggers,turkey sausage,5,g,40,mg,270,g,0,g,8,g,1.5,g,0,g,0,g,0,g
696,brueggers,whole egg patty for breakfast,9,g,175,mg,170,g,2,g,5,g,2,g,0,g,0,g,1,g
697,brueggers,shredded asiago cheese,4,g,15,mg,135,g,0,g,4,g,2.5,g,0,g,0,g,0,g
698,brueggers,cucumbers,0,g,0,mg,0,g,0,g,0,g,0,g,0,g,0,g,0,g
699,brueggers,ham,1,g,20,mg,550,g,2,g,7,g,0,g,0,g,0,g,2,g
700,brueggers,pepper jack cheese,6,g,5,mg,130,g,0,g,5,g,4,g,0,g,0,g,0,g
701,brueggers,tarragon chicken salad,18,g,35,mg,340,g,8,g,9,g,2.5,g,0,g,1,g,6,g
702,brueggers,salmon,2.5,g,25,mg,737,g,0,g,13,g,1,g,0,g,0,g,0,g
703,brueggers,fresh cracked egg,6,g,210,mg,80,g,1,g,7,g,1.5,g,0,g,0,g,1,g
704,brueggers,croutons,3,g,0,mg,170,g,8,g,1,g,0,g,0,g,0,g,0,g
705,brueggers,swiss cheese,4,g,15,mg,30,g,1,g,4,g,2.5,g,0,g,0,g,0,g
706,brueggers,mozzarella cheese,6,g,130,mg,10,g,1,g,7,g,4,g,0,g,0,g,0,g
707,brueggers,sesame seeds,3.5,g,0,mg,0,g,2,g,1,g,0,g,0,g,1,g,0,g
708,brueggers,roasted red peppers,0,g,0,mg,200,g,3,g,1,g,0,g,0,g,0,g,2,g
709,brueggers,bacon,6,g,15,mg,220,g,1,g,4,g,2,g,0,g,0,g,1,g
710,brueggers,roast beef,2.5,g,25,mg,250,g,1,g,11,g,0.5,g,0,g,0,g,0,g
711,brueggers,strawberry vinaigrette,3,g,0,mg,115,g,6,g,0,g,0,g,0,g,0,g,4,g
712,brueggers,asian sesame ginger dressing,10,g,0,mg,95,g,8,g,0,g,1,g,0,g,0,g,7,g
713,brueggers,balsamic vinaigrette,6,g,0,mg,230,g,3,g,0,g,1,g,0,g,0,g,2,g
714,brueggers,caesar dressing,7,g,10,mg,310,g,2,g,1,g,1.5,g,0,g,0,g,1,g
715,brueggers,ranch dressing,10,g,10,mg,250,g,1,g,0,g,1.5,g,0,g,0,g,1,g
716,brueggers,red wine vinaigrette,14,g,0,mg,340,g,3,g,0,g,2,g,2,g,0,g,3,g
717,brueggers,romesco red pepper,2.5,g,0,mg,140,g,4,g,1,g,0.5,g,0,g,0,g,1,g
718,brueggers,harvest chicken entree salad with strawberry vinaigrette,17,g,45,mg,760,g,38,g,24,g,2.5,g,0,g,7,g,31,g
719,brueggers,entree mandarin medley salad with balsamic vinaigrette,24,g,65,mg,1160,g,24,g,28,g,6,g,0,g,5,g,19,g
720,brueggers,mandarin medley cafe salad with balsamic vinaigrette,14,g,40,mg,710,g,15.5,g,18,g,4,g,0,g,3,g,10,g
721,brueggers,chicken caesar cafe salad without dressing,7,g,35,mg,590,g,11,g,17,g,2,g,0,g,1,g,2,g
722,brueggers,blue apple cafe salad without dressing,14,g,55,mg,740,g,20,g,21,g,6,g,0,g,5,g,16,g
723,brueggers,harvest chicken cafe salad without dressing,6,g,30,mg,349,g,26.4,g,15,g,1,g,0,g,5,g,20,g
724,brueggers,harvest chicken entree salad without dressing,11,g,45,mg,530,g,28,g,24,g,1.5,g,0,g,6,g,22,g
725,brueggers,harvest chicken cafe salad with strawberry vinaigrette,9,g,30,mg,470,g,30,g,15,g,1.5,g,0,g,5,g,24,g
726,brueggers,spicy thai peanut chicken cafe salad without dressing,6,g,30,mg,400,g,5.5,g,16,g,1.5,g,0,g,2,g,2,g
727,brueggers,chicken caesar entree salad without caesar dressing,11,g,55,mg,840,g,12,g,26,g,4,g,0,g,2,g,3,g
728,brueggers,blue apple entree salad without dressing,19,g,70,mg,920,g,28,g,30,g,7,g,0,g,7,g,22,g
729,brueggers,mandarin medley entree salad without dressing,16,g,65,mg,800,g,21,g,28,g,5,g,0,g,5,g,13,g
730,brueggers,spicy thai peanut chicken cafe salad with spicy peanut dressing,15,g,30,mg,550,g,10,g,16,g,2,g,0,g,2,g,7,g
731,brueggers,mandarin medley cafe salad without dressing,9,g,40,mg,530,g,11.8,g,18,g,3.5,g,0,g,3,g,7,g
732,brueggers,spicy thai peanut chicken entree salad without dressing,8,g,60,mg,760,g,8,g,29,g,2,g,0,g,3,g,4,g
733,brueggers,chicken caesar cafe salad without caesar dressing,7,g,35,mg,590,g,11,g,17,g,2,g,0,g,1,g,2,g
734,brueggers,chicken caesar entree salad without dressing,11,g,55,mg,840,g,12,g,26,g,4,g,0,g,2,g,3,g
735,brueggers,spicy thai peanut chicken entree salad with spicy peanut dressing,27,g,65,mg,1040,g,17,g,30,g,4,g,0,g,3,g,13,g
736,brueggers,cafe build your own base salad,0,g,0,mg,0,g,4,g,1,g,0,g,0,g,1,g,2,g
737,brueggers,herby turkey on sesame bagel signature sandwich,15,g,55,mg,1580,g,75,g,34,g,4.5,g,0,g,4,g,11,g
738,brueggers,skinny zesty egg white plain bagel breakfast sandwich,13,g,55,mg,880,g,47,g,26,g,5,g,0,g,3,g,6,g
739,brueggers,leonardo da veggie onasiago parmesan bagel signature sandwich,14,g,45,mg,940,g,70,g,22,g,7,g,0,g,4,g,12,g
740,brueggers,blt on plain bagel deli sandwich,23,g,35,mg,1000,g,64,g,19,g,5,g,0,g,4,g,10,g
741,brueggers,four cheese and tomato on ciabatta hot panini,26,g,80,mg,1130,g,59,g,30,g,15,g,0,g,2,g,2,g
742,brueggers,tomato basil mozzarella on heart white bread hot panini,27,g,65,mg,1670,g,62,g,34,g,12,g,0,g,0,g,6,g
743,brueggers,thai peanut chicken on plain bagel signature sandwich,11,g,25,mg,1190,g,91,g,28,g,3.5,g,0,g,7,g,17,g
744,brueggers,turkey chipotle club on wheat bread signature sandwich,17,g,45,mg,1370,g,36,g,24,g,3,g,0,g,2,g,9,g
745,brueggers,garden veggie on plain bagel deli sandwich,2,g,0,mg,550,g,72,g,12,g,0,g,0,g,5,g,13,g
746,brueggers,turkey on honey wheat bread deli sandwich,15,g,75,mg,1990,g,61,g,39,g,7,g,0,g,2,g,10,g
747,brueggers,primo pesto chicken on ciabatta hot panini,19,g,85,mg,1730,g,58,g,42,g,8,g,0,g,2,g,1,g
748,brueggers,tuna salad on hearty white bread deli sandwich,30,g,60,mg,1130,g,61,g,26,g,4,g,0,g,0,g,5,g
749,brueggers,classic cracked egg wrap with sausage,41,g,490,mg,1100,g,34,g,36,g,17,g,0,g,3,g,2,g
750,brueggers,garden veggie on wheat bread deli sandwich,3,g,0,mg,540,g,67,g,13,g,0,g,0,g,4,g,13,g
751,brueggers,tarragon chicken salad on wheat bread signature sandwich,14,g,45,mg,940,g,70,g,22,g,7,g,0,g,4,g,12,g
752,brueggers,roast beef on plain bagel deli sandwich,8,g,35,mg,1000,g,63,g,27,g,3,g,0,g,4,g,9,g
753,brueggers,turkey on plain bagel deli sandwich,8,g,35,mg,1270,g,64,g,25,g,3.5,g,0,g,4,g,9,g
754,brueggers,ham on plain bagel deli sandwich,7,g,30,mg,1300,g,64,g,23,g,3,g,0,g,4,g,10,g
755,brueggers,classic cracked egg wrap with ham,26,g,480,mg,1370,g,37,g,37,g,11,g,0,g,3,g,4,g
756,brueggers,tuna and cheddar melt on honey wheat bread hot panini,44,g,100,mg,1260,g,60,g,38,g,11,g,0,g,2,g,8,g
757,brueggers,tuna salad on plain bagel deli sandwich,21,g,40,mg,870,g,65,g,22,g,2.5,g,0,g,4,g,9,g
758,brueggers,ham and cheddar on honey wheat bread hot panini,17,g,80,mg,1930,g,72,g,36,g,8,g,0,g,2,g,23,g
759,brueggers,turkey artichoke and mozzarella ciabatta hot panini,14,g,60,mg,1900,g,61,g,36,g,5,g,0,g,4,g,2,g
760,brueggers,blt on hearty white bread deli sandwich,42,g,70,mg,1550,g,62,g,23,g,10,g,0,g,0,g,8,g
761,brueggers,chicken breast on plain bagel deli sandwich,6,g,60,mg,1330,g,81,g,37,g,1.5,g,0,g,4,g,27,g
762,brueggers,ham on honey wheat bread deli sandwich,13,g,65,mg,2060,g,62,g,34,g,6,g,0,g,2,g,12,g
763,brueggers,roma roast beef on heart white bread signature sandwich,39,g,90,mg,1820,g,63,g,51,g,14,g,0,g,0,g,7,g
764,brueggers,roast beef cheddar melt on ciabatta hot panini,26,g,95,mg,1710,g,72,g,40,g,9,g,0,g,2,g,5,g
765,brueggers,roast beef on hearty white bread deli sandwich,22,g,105,mg,1620,g,59,g,48,g,11,g,0,g,0,g,5,g
766,brueggers,classic cracked egg wrap with turkey sausage,30,g,500,mg,1090,g,35,g,38,g,13,g,0,g,3,g,3,g
767,brueggers,harvest turkey on ciabatta hot panini,24,g,85,mg,2040,g,84,g,37,g,8,g,0,g,4,g,11,g
768,brueggers,chicken breast on hearty white deli sandwich,4,g,60,mg,1520,g,94,g,35,g,1.5,g,0,g,0,g,41,g
769,brueggers,classic cracked egg wrap with bacon,43,g,505,mg,1480,g,37,g,42,g,17,g,0,g,3,g,5,g
770,brueggers,sriracha sauce,0,g,0,mg,569,g,6,g,0,g,0,g,0,g,0,g,6,g
771,brueggers,chicken spaetzle soup,5,g,35,mg,1200,g,15,g,8,g,2.5,g,0,g,1,g,3,g
772,brueggers,chicken wild rice soup,22,g,45,mg,840,g,12,g,8,g,10,g,0,g,1,g,2,g
773,brueggers,white chicken chili soup,9,g,10,mg,630,g,26,g,14,g,0,g,0,g,7,g,2,g
774,brueggers,beef chili,8,g,25,mg,880,g,18,g,10,g,3,g,0,g,6,g,3,g
775,brueggers,new england clam chowder,14,g,55,mg,640,g,14,g,11,g,6,g,0,g,1,g,0,g
776,brueggers,butternut squash soup,17,g,40,mg,650,g,21,g,4,g,9,g,0,g,1,g,2,g
777,brueggers,spinach and lentil soup,3.5,g,0,mg,570,g,16,g,7,g,1,g,0,g,7,g,2,g
778,brueggers,fire roasted tomato soup,6,g,5,mg,920,g,17,g,2,g,3,g,0,g,2,g,10,g
779,brueggers,four cheese broccoli soup,20,g,45,mg,1240,g,12,g,9,g,10,g,0,g,1,g,2,g
780,brueggers,garden vegetable soup,2.5,g,0,mg,750,g,11,g,0,g,0,g,0,g,0,g,2,g
781,brueggers,black bean soup,2,g,0,mg,720,g,23,g,5,g,0,g,0,g,6,g,5,g
782,brueggers,vanilla flavored syrup,0,g,0,mg,0,g,25,g,0,g,0,g,0,g,0,g,25,g
783,brueggers,almond flavored syrup,0,g,0,mg,0,g,23,g,0,g,0,g,0,g,0,g,23,g
784,brueggers,chocolate syrup,0,g,0,mg,60,g,17,g,0.5,g,0,g,0,g,1,g,14,g
785,brueggers,caramel flavored syrup,0,g,0,mg,0,g,24,g,0,g,0,g,0,g,0,g,24,g
786,brueggers,hazelnut flavored syrup,0,g,0,mg,7,g,22,g,0,g,0,g,0,g,0,g,21,g
787,brueggers,12 grain bagel,4.5,g,0,mg,410,g,55,g,13,g,0,g,0,g,6,g,6,g
788,brueggers,almond flavored syrup,0,g,0,mg,0,g,23,g,0,g,0,g,0,g,0,g,23,g
789,brueggers,almonds,2.5,g,0,mg,0,g,1,g,1,g,0,g,0,g,0,g,0,g
790,brueggers,american cheese,7,g,5,mg,270,g,0,g,5,g,4,g,0,g,0,g,0,g
791,brueggers,asiago cheese,3,g,5,mg,0,g,0,g,2,g,5,g,5,g,0,g,1,g
792,brueggers,asiago parmesan bagel,3,g,5,mg,600,g,61,g,12,g,0.5,g,0,g,4,g,7,g
793,brueggers,b e l t on ciabatta,40,g,475,mg,1310,g,71,g,33,g,13,g,0,g,2,g,13,g
794,brueggers,bacon,6,g,15,mg,220,g,1,g,4,g,2,g,0,g,0,g,1,g
795,brueggers,bacon scallion cream cheese,12,g,40,mg,150,g,5,g,3,g,7,g,0,g,0,g,2,g
796,brueggers,baked potato soup,14,g,35,mg,750,g,20,g,5,g,8,g,0,g,2,g,0,g
797,brueggers,balsamic vinaigrette dressing,6,g,0,mg,230,g,3,g,0,g,1,g,0,g,0,g,2,g
798,brueggers,blt on plain bagel,23,g,35,mg,1000,g,64,g,19,g,5,g,0,g,4,g,10,g
799,brueggers,blt on wheat bread,44,g,70,mg,1200,g,38,g,18,g,10,g,0,g,2,g,11,g
800,brueggers,blue apple salad,18,g,55,mg,800,g,30,g,23,g,7,g,0,g,8,g,20,g
801,brueggers,blue cheese,8,g,25,mg,380,g,1,g,6,g,5,g,0,g,1,g,0,g
802,brueggers,blueberry bagel,2,g,0,mg,500,g,63,g,11,g,0,g,0,g,4,g,14,g
803,brueggers,blueberry muffin bake n joy,21,g,80,mg,270,g,55,g,5,g,3.5,g,0,g,0,g,30,g
804,brueggers,blueberry muffin main street gourmet,28,g,130,mg,230,g,54,g,8,g,5,g,0,g,3,g,31,g
805,brueggers,breakfast bagel egg and cheese,18,g,180,mg,970,g,63,g,22,g,6,g,0,g,4,g,8,g
806,brueggers,breakfast bagel egg and cheese with bacon,24,g,195,mg,1190,g,64,g,26,g,8,g,0,g,4,g,9,g
807,brueggers,breakfast bagel egg and cheese with ham,16,g,210,mg,1280,g,65,g,28,g,5,g,0,g,4,g,10,g
808,brueggers,breakfast bagel egg and cheese with sausage,34,g,210,mg,1250,g,63,g,28,g,12,g,0,g,4,g,8,g
809,brueggers,breakfast bagel egg and cheese with turkey sausage,23,g,220,mg,1240,g,63,g,29,g,8,g,0,g,4,g,9,g
810,brueggers,breakfast bagel egg white and cheese,6,g,15,mg,750,g,63,g,22,g,2.5,g,0,g,4,g,7,g
811,brueggers,breakfast bagel egg white and cheese with bacon,12,g,30,mg,980,g,64,g,26,g,4.5,g,0,g,4,g,8,g
812,brueggers,breakfast bagel egg white and cheese with ham,7,g,30,mg,1300,g,65,g,29,g,3,g,0,g,4,g,9,g
813,brueggers,breakfast bagel egg white and cheese with sausage,22,g,45,mg,1030,g,63,g,28,g,9,g,0,g,4,g,7,g
814,brueggers,breakfast bagel egg white and cheese with turkey sausage,11,g,55,mg,1020,g,63,g,29,g,4,g,0,g,4,g,8,g
815,brueggers,breakfast bagel fresh cracked egg and cheese,14,g,230,mg,730,g,62,g,24,g,5,g,0,g,4,g,8,g
816,brueggers,breakfast bagel fresh cracked egg and cheese with bacon,20,g,245,mg,950,g,63,g,28,g,7,g,0,g,4,g,9,g
817,brueggers,breakfast bagel fresh cracked egg and cheese with ham,15,g,250,mg,1280,g,64,g,31,g,5,g,0,g,4,g,10,g
818,brueggers,breakfast bagel fresh cracked egg and cheese with sausage,30,g,260,mg,1010,g,62,g,30,g,11,g,0,g,4,g,8,g
819,brueggers,breakfast bagel fresh cracked egg and cheese with turkey sausage,19,g,270,mg,1000,g,62,g,31,g,7,g,0,g,4,g,8,g
820,brueggers,broccoli cheese soup,11,g,35,mg,910,g,9,g,5,g,7,g,0,g,0,g,1,g
821,brueggers,bruegger bites,2.5,g,0,mg,190,g,22,g,4,g,0,g,0,g,1,g,3,g
822,brueggers,butter,11,g,30,mg,90,g,0,g,0,g,7,g,0,g,0,g,0,g
823,brueggers,caesar dressing,7,g,10,mg,310,g,2,g,1,g,1.5,g,0,g,0,g,1,g
824,brueggers,cafe au lait 12 oz,8,g,25,mg,10,g,11,g,8,g,4.5,g,0,g,0,g,11,g
825,brueggers,cafe au lait 16 oz,11,g,35,mg,10,g,15,g,11,g,6,g,0,g,0,g,15,g
826,brueggers,cafe au lait 20 oz,13,g,40,mg,15,g,18,g,13,g,8,g,0,g,0,g,18,g
827,brueggers,cafe latte 12 oz,9,g,25,mg,10,g,13,g,9,g,5,g,0,g,0,g,13,g
828,brueggers,cafe latte 16 oz,12,g,35,mg,10,g,17,g,12,g,7,g,0,g,0,g,17,g
829,brueggers,cafe latte 20 oz,15,g,40,mg,15,g,22,g,15,g,8,g,0,g,0,g,22,g
830,brueggers,cafe mocha 12 oz,9,g,25,mg,10,g,23,g,9,g,5,g,0,g,0,g,21,g
831,brueggers,cafe mocha 16 oz,12,g,35,mg,10,g,31,g,12,g,7,g,0,g,0,g,28,g
832,brueggers,cafe mocha 20 oz,15,g,40,mg,15,g,38,g,15,g,8,g,0,g,0,g,35,g
833,brueggers,capers,0,g,0,mg,65,g,0,g,0,g,0,g,0,g,0,g,0,g
834,brueggers,cappuccino 12 oz,7,g,20,mg,10,g,11,g,7,g,4,g,0,g,0,g,11,g
835,brueggers,cappuccino 16 oz,9,g,25,mg,10,g,15,g,9,g,5,g,0,g,0,g,15,g
836,brueggers,cappuccino 20 oz,12,g,35,mg,15,g,18,g,12,g,7,g,0,g,0,g,18,g
837,brueggers,caramel flavored syrup,0,g,0,mg,0,g,24,g,0,g,0,g,0,g,0,g,24,g
838,brueggers,chai tea brueggers,5,g,0,mg,85,g,45,g,2,g,5,g,0,g,0,g,39,g
839,brueggers,chai tea oregon,0,g,0,mg,10,g,29,g,0,g,0,g,0,g,0,g,27,g
840,brueggers,champagne vinaigrette dressing,14,g,0,mg,410,g,1,g,0,g,2,g,0,g,0,g,1,g
841,brueggers,cheddar cheese,6,g,20,mg,120,g,1,g,5,g,3.5,g,0,g,0,g,0,g
842,brueggers,chicken and wild rice soup,16,g,70,mg,820,g,14,g,7,g,10,g,0,g,0,g,1,g
843,brueggers,chicken breast,4,g,60,mg,700,g,1,g,25,g,1.5,g,0,g,0,g,0,g
844,brueggers,chicken breast sandwich on plain bagel,6,g,60,mg,1330,g,81,g,37,g,1.5,g,0,g,4,g,27,g
845,brueggers,chicken breast sandwich on wheat bread,8,g,60,mg,1440,g,100,g,35,g,2.5,g,0,g,4,g,49,g
846,brueggers,chicken caesar salad,8,g,40,mg,630,g,14,g,17,g,2.5,g,0,g,3,g,2,g
847,brueggers,chicken spaetzle soup,3.5,g,45,mg,660,g,14,g,11,g,0,g,0,g,0,g,1,g
848,brueggers,chipotle sauce,11,g,5,mg,120,g,0,g,0,g,1.5,g,0,g,0,g,0,g
849,brueggers,chocolate chunk brownie,22,g,100,mg,150,g,55,g,7,g,11,g,0,g,3,g,42,g
850,brueggers,chocolate chunk cookie,22,g,70,mg,220,g,69,g,7,g,13,g,0,g,3,g,38,g
851,brueggers,chocolate syrup,0,g,0,mg,60,g,17,g,1,g,0,g,0,g,1,g,14,g
852,brueggers,ciabatta roll,3,g,0,mg,600,g,64,g,10,g,1,g,0,g,2,g,8,g
853,brueggers,cinnamon coffee cake muffin bake n joy,27,g,90,mg,280,g,62,g,5,g,7,g,0,g,0,g,36,g
854,brueggers,cinnamon muffin main street gourmet,31,g,105,mg,270,g,62,g,5,g,5,g,0,g,3,g,41,g
855,brueggers,cinnamon raisin bagel,2,g,0,mg,480,g,65,g,11,g,0,g,0,g,4,g,10,g
856,brueggers,cinnamon sugar bagel,2,g,0,mg,420,g,63,g,14,g,0,g,0,g,4,g,13,g
857,brueggers,classic wrap with bacon,50,g,435,mg,1670,g,40,g,37,g,18,g,0,g,3,g,6,g
858,brueggers,classic wrap with ham,32,g,410,mg,1550,g,39,g,32,g,12,g,0,g,3,g,5,g
859,brueggers,classic wrap with sausage,47,g,420,mg,1280,g,37,g,31,g,18,g,0,g,3,g,3,g
860,brueggers,classic wrap with turkey sausage,36,g,430,mg,1270,g,38,g,33,g,13,g,0,g,3,g,3,g
861,brueggers,classic wrap fresh cracked egg with bacon,43,g,505,mg,1480,g,37,g,42,g,17,g,0,g,3,g,5,g
862,brueggers,classic wrap fresh cracked egg with ham,26,g,480,mg,1370,g,37,g,37,g,11,g,0,g,3,g,4,g
863,brueggers,classic wrap fresh cracked egg with sausage,41,g,490,mg,1100,g,34,g,36,g,17,g,0,g,3,g,2,g
864,brueggers,classic wrap fresh cracked egg with turkey sausage,30,g,500,mg,1090,g,35,g,38,g,13,g,0,g,3,g,3,g
865,brueggers,coke 16 oz,0,g,0,mg,45,g,39,g,0,g,0,g,0,g,0,g,39,g
866,brueggers,coke 20 oz,0,g,0,mg,75,g,65,g,0,g,0,g,0,g,0,g,65,g
867,brueggers,coke 32 oz,0,g,0,mg,90,g,78,g,0,g,0,g,0,g,0,g,78,g
868,brueggers,corn muffin bake n joy,23,g,90,mg,280,g,64,g,7,g,3.5,g,0,g,0,g,30,g
869,brueggers,cranberry nut muffin bake n joy,23,g,85,mg,300,g,53,g,5,g,3.5,g,0,g,1,g,29,g
870,brueggers,cranberry nut muffin karps,16,g,35,mg,370,g,57,g,8,g,2.5,g,0,g,2,g,30,g
871,brueggers,cranberry nut muffin main street gourmet,26,g,65,mg,440,g,54,g,8,g,4,g,0,g,3,g,34,g
872,brueggers,croutons,3,g,0,mg,170,g,8,g,1,g,0,g,0,g,0,g,0,g
873,brueggers,cucumber dill cream cheese seasonal,13,g,35,mg,120,g,3,g,3,g,6,g,0,g,0,g,1,g
874,brueggers,cucumbers,0,g,0,mg,0,g,0,g,0,g,0,g,0,g,0,g,0,g
875,brueggers,diet coke 16 oz,0,g,0,mg,60,g,0,g,0,g,0,g,0,g,0,g,0,g
876,brueggers,diet coke 20 oz,0,g,0,mg,70,g,0,g,0,g,0,g,0,g,0,g,0,g
877,brueggers,diet coke 32 oz,0,g,0,mg,120,g,0,g,0,g,0,g,0,g,0,g,0,g
878,brueggers,dijon mustard,0,g,0,mg,180,g,0,g,0,g,0,g,0,g,0,g,0,g
879,brueggers,dried cranberries,0,g,0,mg,0,g,15,g,0,g,0,g,0,g,2,g,13,g
880,brueggers,egg bagel,2,g,0,mg,590,g,60,g,11,g,0,g,0,g,3,g,11,g
881,brueggers,egg salad,13,g,215,mg,140,g,2,g,8,g,4,g,0,g,0,g,1,g
882,brueggers,egg salad sandwich on plain bagel,22,g,245,mg,800,g,64,g,24,g,8,g,0,g,4,g,10,g
883,brueggers,egg salad sandwich on wheat bread,38,g,470,mg,960,g,67,g,31,g,13,g,0,g,0,g,15,g
884,brueggers,egg white patty,0,g,0,mg,190,g,2,g,6,g,0,g,0,g,0,g,0,g
885,brueggers,espresso 2 oz,0,g,0,mg,10,g,1,g,0,g,0,g,0,g,0,g,1,g
886,brueggers,espresso 3 oz,0,g,0,mg,15,g,2,g,0,g,0,g,0,g,0,g,2,g
887,brueggers,espresso 4 oz,0,g,0,mg,20,g,2,g,0,g,0,g,0,g,0,g,2,g
888,brueggers,everything bagel,2.5,g,0,mg,710,g,62,g,12,g,0,g,0,g,4,g,7,g
889,brueggers,everything whole wheat bagel,2.5,g,0,mg,790,g,55,g,13,g,0,g,0,g,6,g,5,g
890,brueggers,feta olive oil dressing,18,g,0,mg,220,g,1,g,0,g,2.5,g,0,g,0,g,1,g
891,brueggers,flavored coffee 12 oz,0,g,0,mg,10,g,0,g,0,g,0,g,0,g,0,g,0,g
892,brueggers,flavored coffee 16 oz,0,g,0,mg,10,g,0,g,0,g,0,g,0,g,0,g,0,g
893,brueggers,flavored coffee 20 oz,0,g,0,mg,15,g,0,g,0,g,0,g,0,g,0,g,0,g
894,brueggers,french toast bagel seasonal,4,g,25,mg,650,g,72,g,13,g,1,g,0,g,4,g,20,g
895,brueggers,fresh cracked egg,6,g,210,mg,80,g,1,g,7,g,1.5,g,0,g,0,g,1,g
896,brueggers,garden veggie cream cheese,11,g,35,mg,140,g,5,g,3,g,6,g,0,g,1,g,2,g
897,brueggers,garden veggie sandwich on plain bagel,2,g,0,mg,550,g,72,g,12,g,0,g,0,g,5,g,13,g
898,brueggers,garden veggie sandwich on plain bagel with hummus,8,g,0,mg,670,g,83,g,17,g,1,g,0,g,5,g,13,g
899,brueggers,garden veggie sandwich on wheat bread,4,g,0,mg,560,g,73,g,10,g,1,g,0,g,5,g,17,g
900,brueggers,garden veggie sandwich on wheat bread with hummus,10,g,0,mg,690,g,83,g,15,g,2,g,0,g,5,g,17,g
901,brueggers,garlic bagel,2,g,0,mg,520,g,61,g,12,g,0,g,0,g,4,g,7,g
902,brueggers,green peppers,0,g,0,mg,0,g,1,g,0,g,0,g,0,g,0,g,1,g
903,brueggers,ham,1,g,20,mg,550,g,2,g,7,g,0,g,0,g,0,g,2,g
904,brueggers,ham sandwich on plain bagel,7,g,30,mg,1300,g,64,g,23,g,3,g,0,g,4,g,10,g
905,brueggers,ham sandwich on wheat bread,10,g,50,mg,2050,g,67,g,28,g,4,g,0,g,4,g,16,g
906,brueggers,hazelnut flavored syrup,0,g,0,mg,5,g,22,g,0,g,0,g,0,g,0,g,21,g
907,brueggers,herby turkey on sesame bagel,15,g,55,mg,1580,g,75,g,34,g,4.5,g,0,g,4,g,11,g
908,brueggers,honey,0,g,0,mg,0,g,17,g,0,g,0,g,0,g,0,g,17,g
909,brueggers,honey grain bagel,2.5,g,0,mg,490,g,61,g,11,g,0,g,0,g,4,g,10,g
910,brueggers,honey mustard,0,g,0,mg,45,g,9,g,0,g,0,g,0,g,0,g,9,g
911,brueggers,honey walnut cream cheese,12,g,35,mg,125,g,8,g,3,g,6,g,0,g,1,g,3,g
912,brueggers,horseradish mayo,13,g,10,mg,280,g,6,g,0,g,2,g,0,g,0,g,5,g
913,brueggers,hot chocolate,1.5,g,5,mg,190,g,31,g,2,g,1.5,g,0,g,1,g,26,g
914,brueggers,house blend coffee 12 oz,0,g,0,mg,10,g,0,g,0,g,0,g,0,g,0,g,0,g
915,brueggers,house blend coffee 16 oz,0,g,0,mg,10,g,0,g,0,g,0,g,0,g,0,g,0,g
916,brueggers,house blend coffee 20 oz,0,g,0,mg,15,g,0,g,0,g,0,g,0,g,0,g,0,g
917,brueggers,house decaf coffee 12 oz,0,g,0,mg,10,g,0,g,0,g,0,g,0,g,0,g,0,g
918,brueggers,house decaf coffee 16 oz,0,g,0,mg,10,g,0,g,0,g,0,g,0,g,0,g,0,g
919,brueggers,house decaf coffee 20 oz,0,g,0,mg,15,g,0,g,0,g,0,g,0,g,0,g,0,g
920,brueggers,hummus,5,g,0,mg,140,g,7,g,4,g,1.5,g,0,g,0,g,0,g
921,brueggers,iced coffee 12 oz,0,g,0,mg,10,g,0,g,0,g,0,g,0,g,0,g,0,g
922,brueggers,iced coffee 16 oz,0,g,0,mg,10,g,0,g,0,g,0,g,0,g,0,g,0,g
923,brueggers,iced coffee 20 oz,0,g,0,mg,15,g,0,g,0,g,0,g,0,g,0,g,0,g
924,brueggers,jalapeno bagel,3,g,0,mg,480,g,67,g,13,g,0,g,0,g,9,g,7,g
925,brueggers,jalapeno cheddar bagel,9,g,20,mg,650,g,75,g,19,g,3.5,g,0,g,10,g,7,g
926,brueggers,jalapeno cream cheese,13,g,45,mg,150,g,4,g,3,g,8,g,0,g,0,g,2,g
927,brueggers,jelly jam grape,0,g,0,mg,5,g,13,g,0,g,0,g,0,g,0,g,12,g
928,brueggers,jelly jam strawberry,0,g,0,mg,0,g,13,g,0,g,0,g,0,g,0,g,0,g
929,brueggers,leonardo da veggie on asiago parmesan bagel,14,g,45,mg,860,g,70,g,21,g,7,g,0,g,5,g,12,g
930,brueggers,lettuce,0,g,0,mg,0,g,0,g,0,g,0,g,0,g,0,g,0,g
931,brueggers,light garden veggie cream cheese,6,g,25,mg,105,g,3,g,6,g,4,g,0,g,0,g,2,g
932,brueggers,light herb garlic cream cheese,6,g,25,mg,125,g,4,g,6,g,3.5,g,0,g,0,g,2,g
933,brueggers,light plain cream cheese,6,g,25,mg,130,g,4,g,6,g,3,g,0,g,1,g,3,g
934,brueggers,liquid egg white,0,g,0,mg,95,g,0,g,6,g,0,g,0,g,0,g,0,g
935,brueggers,marshmallow chew,7,g,0,mg,290,g,54,g,3,g,3,g,0,g,0,g,22,g
936,brueggers,mayo,11,g,10,mg,100,g,1,g,0,g,1.5,g,0,g,0,g,0,g
937,brueggers,mixed greens salad base,0,g,0,mg,15,g,4,g,2,g,0,g,0,g,2,g,2,g
938,brueggers,muenster cheese,8,g,30,mg,190,g,1,g,6,g,5,g,0,g,0,g,0,g
939,brueggers,oatmeal raisin pecan cookie,21,g,50,mg,220,g,65,g,7,g,9,g,0,g,4,g,37,g
940,brueggers,olive pimiento cream cheese,13,g,45,mg,130,g,3,g,3,g,6,g,0,g,0,g,1,g
941,brueggers,onion and chive cream cheese,13,g,35,mg,105,g,3,g,3,g,8,g,0,g,0,g,2,g
942,brueggers,onion bagel,2,g,0,mg,530,g,61,g,12,g,0,g,0,g,4,g,8,g
943,brueggers,pastrami,1.5,g,10,mg,230,g,0,g,3,g,0,g,0,g,0,g,0,g
944,brueggers,pastrami and swiss melt on rye bread,20,g,45,mg,1260,g,62,g,25,g,7,g,0,g,5,g,3,g
945,brueggers,pastrami sandwich on plain bagel,9,g,30,mg,1350,g,63,g,22,g,3.5,g,0,g,4,g,9,g
946,brueggers,pastrami sandwich on wheat bread,17,g,15,mg,90,g,23,g,0,g,25,g,50,g,0,g,27,g
947,brueggers,pastrami egg and swiss on pumpernickel bagel,16,g,195,mg,1000,g,65,g,24,g,5,g,0,g,4,g,11,g
948,brueggers,pastrami egg and swiss with fresh cracked egg on pumpernickel bagel,13,g,230,mg,310,g,64,g,26,g,4.5,g,0,g,4,g,11,g
949,brueggers,peanut butter,21,g,0,mg,200,g,9,g,9,g,4,g,0,g,3,g,4,g
950,brueggers,pickled red onions,0,g,0,mg,210,g,11,g,0,g,0,g,0,g,0,g,1,g
951,brueggers,pickles,0,g,0,mg,330,g,1,g,0,g,0,g,0,g,0,g,0,g
952,brueggers,plain bagel,2,g,0,mg,530,g,60,g,12,g,0,g,0,g,4,g,7,g
953,brueggers,plain cream cheese,11,g,40,mg,125,g,6,g,3,g,7,g,0,g,1,g,2,g
954,brueggers,poppy bagel,2.5,g,0,mg,610,g,61,g,12,g,0,g,0,g,4,g,7,g
955,brueggers,poured orange juice,0,g,0,mg,0,g,52,g,4,g,0,g,0,g,0,g,44,g
956,brueggers,pretzel bagel seasonal,2,g,0,mg,1500,g,61,g,12,g,0,g,0,g,4,g,7,g
957,brueggers,provolone cheese,4,g,10,mg,120,g,0,g,3,g,2.5,g,0,g,0,g,0,g
958,brueggers,pumpernickel bagel,2,g,0,mg,560,g,62,g,11,g,0,g,0,g,4,g,10,g
959,brueggers,pumpkin bagel seasonal,2,g,0,mg,480,g,60,g,10,g,0,g,0,g,4,g,12,g
960,brueggers,pumpkin cream cheese seasonal,11,g,45,mg,135,g,4,g,3,g,7,g,0,g,0,g,3,g
961,brueggers,ranch dressing,10,g,10,mg,250,g,1,g,0,g,1.5,g,0,g,0,g,1,g
962,brueggers,red peppers,0,g,0,mg,0,g,1,g,0,g,0,g,0,g,0,g,1,g
963,brueggers,rosemary olive oil bagel,6,g,0,mg,510,g,59,g,11,g,0.5,g,0,g,4,g,8,g
964,brueggers,salmon,2.5,g,25,mg,740,g,0,g,13,g,1,g,0,g,0,g,0,g
965,brueggers,salt bagel,2,g,0,mg,1540,g,61,g,12,g,0,g,0,g,4,g,7,g
966,brueggers,sausage,16,g,30,mg,280,g,0,g,6,g,6,g,0,g,0,g,0,g
967,brueggers,sesame bagel,3,g,0,mg,610,g,60,g,12,g,0,g,0,g,4,g,7,g
968,brueggers,sesame seeds,3.5,g,0,mg,0,g,2,g,1,g,0,g,0,g,1,g,0,g
969,brueggers,sesame whole wheat bagel,4.5,g,0,mg,620,g,56,g,13,g,0,g,0,g,6,g,5,g
970,brueggers,skinny zesty egg white sandwich on plain bagel,13,g,55,mg,880,g,47,g,26,g,5,g,0,g,3,g,6,g
971,brueggers,smoked salmon cream cheese,13,g,40,mg,150,g,3,g,3,g,6,g,0,g,1,g,2,g
972,brueggers,smoked salmon on plain bagel,10,g,45,mg,1520,g,66,g,26,g,4.5,g,0,g,4,g,10,g
973,brueggers,smoked salmon with egg salad on pumpernickel bagel,21,g,255,mg,1410,g,64,g,33,g,5,g,0,g,4,g,11,g
974,brueggers,sourdough bagel,2,g,0,mg,540,g,56,g,11,g,0,g,0,g,4,g,7,g
975,brueggers,sprite 16 oz,0,g,0,mg,90,g,32,g,0,g,0,g,0,g,0,g,26,g
976,brueggers,sprite 20 oz,0,g,0,mg,115,g,65,g,0,g,0,g,0,g,0,g,65,g
977,brueggers,sprite 32 oz,0,g,0,mg,180,g,64,g,0,g,0,g,0,g,0,g,52,g
978,brueggers,sriracha egg sandwich with fresh cracked egg and sausage on plain bagel,30,g,260,mg,1580,g,70,g,30,g,11,g,0,g,4,g,15,g
979,brueggers,sriracha egg sandwich with sausage on plain bagel,33,g,225,mg,1670,g,72,g,28,g,11,g,0,g,4,g,16,g
980,brueggers,sriracha sauce,0,g,0,mg,570,g,6,g,0,g,0,g,0,g,0,g,6,g
981,brueggers,strawberry cream cheese,13,g,30,mg,100,g,4,g,3,g,7,g,0,g,0,g,2,g
982,brueggers,sundried tomato mayo,15,g,15,mg,130,g,1,g,2,g,2.5,g,0,g,0,g,0,g
983,brueggers,sundried tomato spread,6,g,5,mg,45,g,5,g,1,g,2,g,0,g,0,g,1,g
984,brueggers,swiss cheese,4,g,15,mg,30,g,1,g,4,g,2.5,g,0,g,0,g,0,g
985,brueggers,tarragon chicken salad,18,g,35,mg,340,g,8,g,9,g,2.5,g,0,g,1,g,6,g
986,brueggers,tarragon chicken salad on wheatberry bread,30,g,50,mg,800,g,44,g,19,g,4.5,g,0,g,4,g,17,g
987,brueggers,tomato feta bisque soup,2.5,g,10,mg,1090,g,14,g,5,g,2.5,g,0,g,2,g,7,g
988,brueggers,tuna salad,19,g,40,mg,330,g,3,g,11,g,2.5,g,0,g,0,g,0,g
989,brueggers,tuna salad sandwich on plain bagel,21,g,40,mg,870,g,65,g,22,g,2.5,g,0,g,4,g,9,g
990,brueggers,tuna salad sandwich on wheat bread,31,g,55,mg,1020,g,67,g,25,g,4.5,g,0,g,4,g,13,g
991,brueggers,turkey,0,g,15,mg,430,g,2,g,9,g,0,g,0,g,0,g,1,g
992,brueggers,turkey chipotle club on everything bagel,45,g,70,mg,2310,g,66,g,35,g,8,g,0,g,4,g,11,g
993,brueggers,turkey in the slaw on wheat bread,23,g,80,mg,1180,g,49,g,26,g,11,g,0,g,3,g,21,g
994,brueggers,turkey sandwich on plain bagel,8,g,35,mg,1270,g,64,g,25,g,3.5,g,0,g,4,g,9,g
995,brueggers,turkey sandwich on wheat bread,10,g,55,mg,1890,g,66,g,32,g,4.5,g,0,g,4,g,14,g
996,brueggers,turkey sausage,5,g,40,mg,270,g,0,g,8,g,1.5,g,0,g,0,g,0,g
997,brueggers,vanilla flavored syrup,0,g,0,mg,0,g,25,g,0,g,0,g,0,g,0,g,25,g
998,brueggers,vegetable soup,2.5,g,0,mg,610,g,16,g,2,g,0,g,0,g,2,g,5,g
999,brueggers,western on plain bagel,34,g,215,mg,1210,g,67,g,25,g,9,g,0,g,4,g,11,g
