,Restaurant Name,Food Name,Total Fat Amount,Total Fat Unit,Cholesterol Amount,Cholesterol Unit,Sodium Amount,Sodium Unit,Total Carbohydrate Amount,Total Carbohydrate Unit,Protein Amount,Protein Unit,Saturated Fat Amount,Saturated Fat Unit,Trans Fat Amount,Trans Fat Unit,Dietary Fiber Amount,Dietary Fiber Unit,Sugars Amount,Sugars Unit
0,seasonal specialties,croutons,1.5,g,0,mg,30,g,13,g,0,g,0,g,0,g,0,g,0,g
1,seasonal specialties,crushed cherry peppers,0,g,0,mg,370,g,1,g,0,g,0,g,0,g,0,g,0,g
2,seasonal specialties,cucumbers,0,g,0,mg,0,g,0,g,0,g,0,g,0,g,0,g,0,g
3,seasonal specialties,diced onions,0,g,0,mg,0,g,2,g,0,g,0,g,0,g,0,g,1,g
4,seasonal specialties,diced tomato,0,g,0,mg,0,g,2,g,1,g,0,g,0,g,1,g,1,g
5,seasonal specialties,dill pickle,0,g,0,mg,250,g,1,g,0,g,0,g,0,g,0,g,0,g
6,seasonal specialties,egg bagel,1,g,0,mg,330,g,51,g,9,g,0,g,0,g,2,g,5,g
7,seasonal specialties,egg beaters,0,g,0,mg,250,g,2,g,12,g,0,g,0,g,0,g,0,g
8,seasonal specialties,egg on deli thin,5,g,190,mg,210,g,21,g,10,g,1.5,g,0,g,5,g,3,g
9,seasonal specialties,egg sandwich,6,g,190,mg,300,g,25,g,12,g,1.5,g,0,g,3,g,1,g
10,seasonal specialties,egg whites,0,g,0,mg,210,g,0,g,5,g,0,g,0,g,0,g,0,g
11,seasonal specialties,fat free ranch dressing,0,g,0,mg,420,g,7,g,0,g,0,g,0,g,1,g,3,g
12,seasonal specialties,feta cheese,4,g,0,mg,340,g,2,g,6,g,3,g,0,g,0,g,1,g
13,seasonal specialties,french fries,18,g,0,mg,330,g,44,g,4,g,2.5,g,0,g,4,g,1,g
14,seasonal specialties,french toast,4.5,g,135,mg,210,g,22,g,8,g,2.5,g,0,g,1,g,2,g
15,seasonal specialties,fruit salad,0,g,0,mg,10,g,14,g,1,g,0,g,0,g,1,g,12,g
16,seasonal specialties,garbonzo beans,0.5,g,0,mg,100,g,5,g,1,g,0,g,0,g,2,g,0,g
17,seasonal specialties,genoa salami,34,g,110,mg,1880,g,2,g,11,g,12,g,0,g,0,g,0,g
18,seasonal specialties,gluten free bread,4,g,0,mg,300,g,44,g,4,g,0,g,0,g,1,g,2,g
19,seasonal specialties,green leaf lettuce,0,g,0,mg,5,g,0,g,0,g,0,g,0,g,0,g,0,g
20,seasonal specialties,green olives,1.5,g,0,mg,250,g,0,g,0,g,0,g,0,g,0,g,0,g
21,seasonal specialties,grek feta dressing,10,g,0,mg,350,g,2,g,1,g,2,g,0,g,0,g,1,g
22,seasonal specialties,grilled cheese,7,g,15,mg,650,g,46,g,15,g,2.5,g,0,g,2,g,5,g
23,seasonal specialties,guacamole spread,8,g,0,mg,135,g,4,g,1,g,1,g,0,g,2,g,1,g
24,seasonal specialties,ham,4,g,40,mg,1260,g,2,g,7,g,2,g,0,g,0,g,2,g
25,seasonal specialties,hamburger,28,g,90,mg,330,g,27,g,24,g,10,g,1.5,g,1,g,3,g
26,seasonal specialties,hamburger roll,1.5,g,0,mg,270,g,27,g,4,g,0,g,0,g,1,g,3,g
27,seasonal specialties,hardboiled egg,5,g,190,mg,55,g,1,g,6,g,1.5,g,0,g,0,g,1,g
28,seasonal specialties,hearty dark rye bread,3,g,0,mg,340,g,44,g,8,g,0,g,0,g,4,g,2,g
29,seasonal specialties,hearty light rye bread,3,g,0,mg,400,g,46,g,8,g,0,g,0,g,4,g,2,g
30,seasonal specialties,hearty marble rye bread,3,g,0,mg,360,g,44,g,8,g,0,g,0,g,4,g,2,g
31,seasonal specialties,hearty multigrain bread,3,g,0,mg,360,g,46,g,8,g,0,g,0,g,2,g,4,g
32,seasonal specialties,hearty white bread,3,g,0,mg,400,g,44,g,8,g,0,g,0,g,4,g,2,g
33,seasonal specialties,hearty whole wheat bread,3,g,0,mg,340,g,44,g,8,g,0,g,0,g,2,g,4,g
34,seasonal specialties,honey mustard dressing,4,g,10,mg,230,g,7,g,0,g,0.5,g,0,g,0,g,7,g
35,seasonal specialties,honey wheat bagel,1,g,0,mg,340,g,55,g,11,g,0,g,0,g,5,g,6,g
36,seasonal specialties,honeydew melon,0,g,0,mg,0,g,2,g,0,g,0,g,0,g,0,g,2,g
37,seasonal specialties,hot dog,17,g,30,mg,680,g,25,g,10,g,6,g,0,g,1,g,4,g
38,seasonal specialties,hot dog roll,1.5,g,0,mg,230,g,23,g,4,g,0,g,0,g,1,g,3,g
39,seasonal specialties,hummus spread,1.5,g,0,mg,30,g,5,g,1,g,0,g,0,g,2,g,0,g
40,seasonal specialties,kidney beans,0,g,0,mg,85,g,5,g,2,g,0,g,0,g,2,g,1,g
41,seasonal specialties,leaf lettuce,0,g,0,mg,20,g,1,g,0,g,0,g,0,g,1,g,1,g
42,seasonal specialties,light cholesterol free mayonnaise,4,g,0,mg,120,g,2,g,0,g,0.5,g,0,g,0,g,1,g
43,seasonal specialties,light mayonnaise dressing,8,g,0,mg,240,g,4,g,0,g,1,g,0,g,0,g,2,g
44,seasonal specialties,lite and fit yogurt,0,g,0,mg,20,g,3,g,1,g,0,g,0,g,0,g,2,g
45,seasonal specialties,lite italian dressing,4.5,g,0,mg,440,g,1,g,0,g,0.5,g,0,g,0,g,1,g
46,seasonal specialties,mandarin oranges,0,g,0,mg,5,g,5,g,0,g,0,g,0,g,0,g,5,g
47,seasonal specialties,marble bagel,1,g,0,mg,410,g,50,g,9,g,0,g,0,g,2,g,3,g
48,seasonal specialties,mixed greens,0,g,0,mg,0,g,10,g,1,g,0,g,0,g,3,g,0,g
49,seasonal specialties,mortadella,32,g,70,mg,1160,g,2,g,8,g,10,g,0,g,0,g,0,g
50,seasonal specialties,mozzarella balls,3,g,10,mg,90,g,0,g,3,g,2,g,0,g,0,g,0,g
51,seasonal specialties,mushrooms,0,g,0,mg,0,g,0,g,0,g,0,g,0,g,0,g,0,g
52,seasonal specialties,mustard,1,g,0,mg,200,g,1,g,0,g,0,g,0,g,0,g,0,g
53,seasonal specialties,olive oil,4.5,g,0,mg,0,g,0,g,0,g,0.5,g,0,g,0,g,0,g
54,seasonal specialties,omelet,12,g,570,mg,170,g,3,g,18,g,4.5,g,0,g,0,g,0,g
55,seasonal specialties,onion bagel,1,g,0,mg,350,g,56,g,11,g,0,g,0,g,2,g,6,g
56,seasonal specialties,onion rolls,4,g,20,mg,770,g,35,g,6,g,0.5,g,0,g,2,g,6,g
57,seasonal specialties,orange mandarin dressing,12,g,0,mg,170,g,10,g,0,g,2,g,0,g,0,g,9,g
58,seasonal specialties,parmesan cheese,1.5,g,5,mg,30,g,0,g,2,g,1,g,0,g,0,g,0,g
59,seasonal specialties,peppercorn dressing,20,g,5,mg,260,g,1,g,0,g,3,g,0,g,0,g,1,g
60,seasonal specialties,pepperjack cheese,9,g,30,mg,170,g,1,g,7,g,6,g,0,g,0,g,0,g
61,seasonal specialties,pepperoncini,0,g,0,mg,330,g,1,g,0,g,0,g,0,g,0,g,0,g
62,seasonal specialties,pickle chips,0,g,0,mg,310,g,1,g,0,g,0,g,0,g,0,g,1,g
63,seasonal specialties,pineapple,0,g,0,mg,0,g,7,g,0,g,0,g,0,g,1,g,5,g
64,seasonal specialties,plain bagel,1,g,0,mg,350,g,56,g,11,g,0,g,0,g,2,g,6,g
65,seasonal specialties,poppy seed bagel,1,g,0,mg,330,g,50,g,9,g,0,g,0,g,2,g,4,g
66,seasonal specialties,provolone cheese,8,g,25,mg,250,g,1,g,7,g,5,g,0,g,0,g,1,g
67,seasonal specialties,quinoa bread,2,g,0,mg,170,g,76,g,7,g,0,g,0,g,4,g,3,g
68,seasonal specialties,raisins,0,g,0,mg,0,g,8,g,0,g,0,g,0,g,1,g,7,g
69,seasonal specialties,raspberry vinaigrettte dressing,12,g,0,mg,70,g,12,g,0,g,2,g,0,g,0,g,12,g
70,seasonal specialties,red hot sauce,0,g,0,mg,450,g,1,g,0,g,0,g,0,g,0,g,0,g
71,seasonal specialties,red onions,0,g,0,mg,0,g,2,g,0,g,0,g,0,g,0,g,1,g
72,seasonal specialties,roast beef,4,g,60,mg,380,g,2,g,24,g,2,g,0,g,0,g,2,g
73,seasonal specialties,roasted red peppers,0,g,0,mg,390,g,2,g,1,g,0,g,0,g,1,g,1,g
74,seasonal specialties,roasted vegetables,2.5,g,0,mg,40,g,10,g,2,g,0,g,0,g,2,g,2,g
75,seasonal specialties,romaine lettuce,0,g,0,mg,0,g,1,g,1,g,0,g,0,g,0,g,0,g
76,seasonal specialties,salmon,17,g,85,mg,470,g,0,g,28,g,3.5,g,0,g,0,g,0,g
77,seasonal specialties,salmon burger,8,g,25,mg,390,g,20,g,21,g,1,g,0,g,5,g,4,g
78,seasonal specialties,salsa,0,g,0,mg,210,g,2,g,0,g,0,g,0,g,0,g,2,g
79,seasonal specialties,sausage links,15,g,30,mg,270,g,1,g,6,g,6,g,0,g,0,g,0,g
80,seasonal specialties,seafood mix,1.5,g,5,mg,950,g,21,g,8,g,0,g,0,g,1,g,7,g
81,seasonal specialties,sesame bagel,1,g,0,mg,350,g,56,g,11,g,0,g,0,g,2,g,6,g
82,seasonal specialties,shredded cheddar cheese,2.5,g,10,mg,45,g,0,g,2,g,1.5,g,0,g,0,g,0,g
83,seasonal specialties,sliced chicken breast,6,g,65,mg,520,g,1,g,26,g,0.5,g,0,g,0,g,1,g
84,seasonal specialties,sliced tomato,0,g,0,mg,0,g,1,g,0,g,0,g,0,g,0,g,1,g
85,seasonal specialties,small bulkie roll,1.5,g,0,mg,330,g,33,g,6,g,0,g,0,g,1,g,2,g
86,seasonal specialties,smoked turkey,3,g,60,mg,1060,g,2,g,18,g,0,g,0,g,0,g,2,g
87,seasonal specialties,spicy brown mustard,0,g,0,mg,50,g,0,g,0,g,0,g,0,g,0,g,0,g
88,seasonal specialties,spinach wrap,3,g,0,mg,380,g,34,g,6,g,1,g,0,g,3,g,1,g
89,seasonal specialties,steak sandwich,17,g,95,mg,770,g,44,g,26,g,5,g,0,g,2,g,3,g
90,seasonal specialties,steamed corn,1,g,0,mg,0,g,30,g,4,g,0,g,0,g,4,g,5,g
91,seasonal specialties,strawberries,0,g,0,mg,0,g,2,g,0,g,0,g,0,g,0,g,0,g
92,seasonal specialties,sub roll 6 inch,3.5,g,0,mg,450,g,44,g,8,g,0,g,0,g,2,g,3,g
93,seasonal specialties,sweet potato fries,17,g,5,mg,590,g,47,g,3,g,3,g,0,g,6,g,19,g
94,seasonal specialties,swiss cheese reduced fat and sodium,6,g,20,mg,230,g,1,g,8,g,3.5,g,0,g,0,g,1,g
95,seasonal specialties,texas toast,2,g,0,mg,270,g,26,g,4,g,0,g,0,g,1,g,1,g
96,seasonal specialties,the works bagel,1,g,0,mg,350,g,56,g,11,g,0,g,0,g,2,g,6,g
97,seasonal specialties,tofu,1.5,g,0,mg,0,g,1,g,3,g,0,g,0,g,0,g,0,g
98,seasonal specialties,tomato basil wrap,4.5,g,0,mg,350,g,38,g,5,g,2,g,0,g,2,g,1,g
99,seasonal specialties,trail mix,2.5,g,0,mg,0,g,3,g,1,g,0,g,0,g,1,g,2,g
100,seasonal specialties,tuna,6,g,70,mg,500,g,2,g,24,g,2,g,0,g,0,g,0,g
101,seasonal specialties,turkey bacon,1.5,g,20,mg,280,g,0,g,6,g,0.5,g,0,g,0,g,0,g
102,seasonal specialties,turkey burger,12,g,110,mg,620,g,47,g,22,g,3,g,0,g,5,g,7,g
103,seasonal specialties,turkey sausage,8,g,45,mg,310,g,1,g,8,g,2.5,g,0,g,0,g,1,g
104,seasonal specialties,vegan veggie burger,5,g,0,mg,760,g,51,g,18,g,0.5,g,0,g,9,g,4,g
105,seasonal specialties,vinegar cole slaw,1,g,0,mg,220,g,28,g,1,g,0,g,0,g,1,g,24,g
106,seasonal specialties,walnut halves,4,g,0,mg,0,g,1,g,1,g,0,g,0,g,1,g,0,g
107,seasonal specialties,watermelon,0,g,0,mg,0,g,1,g,0,g,0,g,0,g,0,g,1,g
108,seasonal specialties,wheat roll,2.5,g,0,mg,370,g,36,g,6,g,0.5,g,0,g,4,g,3,g
109,seasonal specialties,white english muffin,1,g,0,mg,270,g,26,g,5,g,0,g,0,g,1,g,1,g
110,seasonal specialties,white pita,0,g,0,mg,120,g,19,g,2,g,0,g,0,g,1,g,1,g
111,seasonal specialties,white wrap,7,g,0,mg,850,g,59,g,8,g,3.5,g,0,g,3,g,2,g
112,seasonal specialties,whole egg,4,g,190,mg,55,g,1,g,6,g,1.5,g,0,g,0,g,0,g
113,seasonal specialties,whole grain ciabatta roll,4,g,0,mg,410,g,31,g,9,g,0.5,g,0,g,5,g,1,g
114,seasonal specialties,whole grain panini roll,4,g,0,mg,410,g,31,g,9,g,0.5,g,0,g,5,g,1,g
115,seasonal specialties,whole wheat deli thin,1,g,0,mg,150,g,20,g,4,g,0,g,0,g,5,g,3,g
116,seasonal specialties,whole wheat english muffin,1.5,g,0,mg,240,g,24,g,6,g,0,g,0,g,3,g,1,g
117,seasonal specialties,whole wheat pita,1,g,0,mg,150,g,23,g,5,g,0,g,0,g,4,g,1,g
118,seasonal specialties,whole wheat wrap,4.5,g,0,mg,480,g,38,g,6,g,2,g,0,g,3,g,2,g
119,seasonal specialties,zinfandel vinaigrette dressing,1.5,g,0,mg,510,g,7,g,0,g,0,g,0,g,0,g,7,g
120,seasons 52,ahi tuna tartare,14,g,45,mg,1200,g,52,g,38,g,2.5,g,0,g,7,g,13,g
121,seasons 52,all natural pepperoni flatbread,38,g,65,mg,1490,g,59,g,28,g,11,g,0,g,9,g,15,g
122,seasons 52,all natural pepperoni half flatbread,19,g,35,mg,740,g,30,g,14,g,6,g,0,g,4,g,8,g
123,seasons 52,avocado toast,22,g,0,mg,900,g,46,g,9,g,2.5,g,0,g,11,g,6,g
124,seasons 52,baileys irish creme,10,g,35,mg,55,g,13,g,2,g,6,g,0,g,0,g,12,g
125,seasons 52,bbq chicken salad,18,g,160,mg,800,g,30,g,52,g,6,g,0,g,7,g,17,g
126,seasons 52,belgian chocolate smore,20,g,60,mg,140,g,34,g,3,g,11,g,0,g,4,g,25,g
127,seasons 52,bistro steak,24,g,110,mg,1130,g,23,g,35,g,8,g,0,g,4,g,4,g
128,seasons 52,blackened mahi mahi tacos,20,g,105,mg,1580,g,42,g,38,g,3.5,g,0,g,8,g,6,g
129,seasons 52,bloody mary,1,g,0,mg,630,g,12,g,1,g,0,g,0,g,2,g,11,g
130,seasons 52,blueberrry cheesecake,9,g,25,mg,105,g,19,g,3,g,5,g,0,g,1,g,11,g
131,seasons 52,brick oven roasted chilean sea bass,16,g,85,mg,1460,g,44,g,46,g,2.5,g,0,g,3,g,8,g
132,seasons 52,burrata bacon and panzanella salad,37,g,50,mg,1230,g,30,g,14,g,12,g,0,g,3,g,7,g
133,seasons 52,california golden beets salad,13,g,15,mg,450,g,18,g,7,g,4,g,0,g,4,g,13,g
134,seasons 52,cappuccino,4,g,15,mg,95,g,10,g,6,g,2.5,g,0,g,0,g,9,g
135,seasons 52,caramelized grilled sea scallops accompaniment,2.5,g,25,mg,780,g,4,g,13,g,0,g,0,g,0,g,0,g
136,seasons 52,caramelized grilled sea scallops entree,18,g,90,mg,2320,g,44,g,42,g,7,g,0,g,3,g,5,g
137,seasons 52,caramelized grilled sea scallops happy hour,16,g,20,mg,580,g,3,g,10,g,1.5,g,0,g,0,g,0,g
138,seasons 52,carrot bisque bowl,22,g,40,mg,1430,g,34,g,8,g,9,g,0,g,4,g,10,g
139,seasons 52,carrot bisque cup,16,g,35,mg,1130,g,26,g,5,g,7,g,0,g,3,g,8,g
140,seasons 52,cedar plank roasted salmon,27,g,85,mg,1510,g,23,g,43,g,5,g,0,g,4,g,4,g
141,seasons 52,chicken and artichoke on wood grilled bread,29,g,100,mg,1310,g,26,g,39,g,4.5,g,0,g,5,g,6,g
142,seasons 52,chopped greek salad,21,g,20,mg,1150,g,29,g,9,g,5,g,0,g,9,g,10,g
143,seasons 52,cocojito,0,g,0,mg,20,g,16,g,0,g,0,g,0,g,0,g,15,g
144,seasons 52,coke,0,g,0,mg,30,g,26,g,0,g,0,g,0,g,0,g,26,g
145,seasons 52,coke zero,0,g,0,mg,25,g,0,g,0,g,0,g,0,g,0,g,0,g
146,seasons 52,copper river wild alaska salmon,26,g,95,mg,1190,g,40,g,42,g,11,g,0.5,g,5,g,8,g
147,seasons 52,cucumber basil smash,0,g,0,mg,10,g,26,g,0,g,0,g,0,g,0,g,23,g
148,seasons 52,cucumber lime refresher,0,g,0,mg,25,g,34,g,0,g,0,g,0,g,0,g,31,g
149,seasons 52,diet coke,0,g,0,mg,25,g,0,g,0,g,0,g,0,g,0,g,0,g
150,seasons 52,dr pepper,0,g,0,mg,40,g,26,g,0,g,0,g,0,g,0,g,26,g
151,seasons 52,field greens salad,14,g,0,mg,430,g,17,g,5,g,2,g,0,g,4,g,9,g
152,seasons 52,four mushroom flatbread,21,g,15,mg,660,g,46,g,17,g,5,g,0,g,4,g,8,g
153,seasons 52,four mushroom half flatbread,10,g,10,mg,330,g,23,g,8,g,2.5,g,0,g,2,g,4,g
154,seasons 52,fresh corn polenta,24,g,60,mg,900,g,34,g,14,g,14,g,0,g,3,g,7,g
155,seasons 52,fresh fruit,0,g,0,mg,0,g,11,g,1,g,0,g,0,g,2,g,7,g
156,seasons 52,ginger sesame chicken skewers,3,g,50,mg,260,g,6,g,16,g,0.5,g,0,g,0,g,4,g
157,seasons 52,gingerale,0,g,0,mg,30,g,24,g,0,g,0,g,0,g,0,g,24,g
158,seasons 52,godiva chocolate liqueur,0,g,0,mg,5,g,22,g,0,g,0,g,0,g,0,g,22,g
159,seasons 52,grilled artichokes with preserved lemon hummus,39,g,0,mg,890,g,22,g,12,g,7,g,0,g,9,g,3,g
160,seasons 52,grilled chicken ravioli,25,g,75,mg,970,g,22,g,16,g,8,g,0,g,2,g,3,g
161,seasons 52,grilled shrimp and avocado cocktail,11,g,145,mg,730,g,8,g,22,g,2.5,g,0,g,4,g,2,g
162,seasons 52,grilled shrimp and avocado cocktail happy hour,5,g,85,mg,410,g,3,g,13,g,1,g,0,g,1,g,1,g
163,seasons 52,hand rolled lasagna,28,g,30,mg,1270,g,56,g,22,g,8,g,0,g,8,g,10,g
164,seasons 52,hard ciders,0,g,0,mg,15,g,21,g,0,g,0,g,0,g,0,g,21,g
165,seasons 52,hawaiian pineapple cosmopolitan,0,g,0,mg,10,g,9,g,0,g,0,g,0,g,0,g,8,g
166,seasons 52,high alcohol beer 6 abv and up,0,g,0,mg,15,g,15,g,3,g,0,g,0,g,0,g,0,g
167,seasons 52,key lime pie,15,g,75,mg,100,g,37,g,5,g,8,g,0,g,1,g,32,g
168,seasons 52,kids add grilled chicken,5,g,145,mg,135,g,0,g,43,g,1.5,g,0,g,0,g,0,g
169,seasons 52,kids add grilled shrimp,4.5,g,140,mg,490,g,1,g,19,g,0.5,g,0,g,1,g,0,g
170,seasons 52,kids cheese flatbread,12,g,10,mg,660,g,39,g,12,g,3,g,0,g,2,g,5,g
171,seasons 52,kids chicken tenders,6,g,150,mg,420,g,24,g,49,g,2,g,0,g,4,g,4,g
172,seasons 52,kids mac n cheese,27,g,70,mg,1010,g,60,g,26,g,13,g,0,g,4,g,8,g
173,seasons 52,kids pasta with sauce,10,g,0,mg,830,g,55,g,11,g,1.5,g,0,g,3,g,6,g
174,seasons 52,kona crusted lamb loin,22,g,135,mg,2080,g,45,g,45,g,8,g,0,g,4,g,23,g
175,seasons 52,kona crusted lollipop lamb loin,4.5,g,45,mg,440,g,5,g,14,g,1.5,g,0,g,0,g,4,g
176,seasons 52,lemon grilled shrimp skewer,4.5,g,140,mg,490,g,1,g,19,g,0.5,g,0,g,1,g,0,g
177,seasons 52,light beer,0,g,0,mg,15,g,6,g,1,g,0,g,0,g,0,g,0,g
178,seasons 52,lobster and fresh mozzarella flatbread,13,g,125,mg,1010,g,43,g,31,g,6,g,0.5,g,3,g,8,g
179,seasons 52,lobster and fresh mozzarella half flatbread,7,g,60,mg,510,g,21,g,16,g,3,g,0,g,2,g,4,g
180,seasons 52,lobster bisque bowl,39,g,145,mg,870,g,30,g,9,g,22,g,0,g,0,g,8,g
181,seasons 52,lobster bisque cup,31,g,115,mg,720,g,26,g,8,g,18,g,0,g,0,g,7,g
182,seasons 52,lump crab and shrimp stuffed mushrooms,8,g,145,mg,830,g,17,g,25,g,2.5,g,0,g,2,g,3,g
183,seasons 52,lump crab cake,25,g,125,mg,960,g,11,g,20,g,9,g,0.5,g,1,g,4,g
184,seasons 52,lump crab cake sandwich,28,g,165,mg,1490,g,56,g,30,g,11,g,0,g,5,g,14,g
185,seasons 52,mac n cheese,27,g,70,mg,1000,g,59,g,24,g,13,g,0,g,2,g,7,g
186,seasons 52,macallan 12 single malt scotch,0,g,0,mg,0,g,0,g,0,g,0,g,0,g,0,g,0,g
187,seasons 52,margarita,0,g,0,mg,0,g,22,g,0,g,0,g,0,g,0,g,20,g
188,seasons 52,maui tuna crunch salad,11,g,35,mg,1160,g,41,g,27,g,3.5,g,0,g,8,g,29,g
189,seasons 52,mimosa,0,g,0,mg,10,g,9,g,1,g,0,g,0,g,0,g,9,g
190,seasons 52,mocha macchiato,17,g,50,mg,120,g,27,g,3,g,10,g,0,g,2,g,24,g
191,seasons 52,non alcoholic beer,0,g,0,mg,45,g,29,g,1,g,0,g,0,g,0,g,29,g
192,seasons 52,open face b l t a,33,g,50,mg,1850,g,41,g,26,g,8,g,0,g,8,g,4,g
193,seasons 52,peach riesling mule,0,g,0,mg,0,g,16,g,0,g,0,g,0,g,0,g,13,g
194,seasons 52,peanut butter torte,21,g,30,mg,170,g,28,g,7,g,8,g,0,g,5,g,18,g
195,seasons 52,pecan pie,20,g,125,mg,180,g,29,g,3,g,8,g,0,g,0,g,25,g
196,seasons 52,pesto chicken and fresh mozzarella flatbread,17,g,90,mg,630,g,40,g,35,g,6,g,0,g,2,g,6,g
197,seasons 52,pesto chicken and fresh mozzarella half flatbread,9,g,45,mg,310,g,20,g,17,g,3,g,0,g,1,g,3,g
198,seasons 52,pomegranate margarita,0,g,0,mg,0,g,11,g,0,g,0,g,0,g,0,g,10,g
199,seasons 52,pot roasted basil ricotta chicken,25,g,125,mg,1040,g,36,g,50,g,6,g,0,g,5,g,6,g
200,seasons 52,raspberry bellini,0,g,0,mg,5,g,16,g,1,g,0,g,0,g,0,g,16,g
201,seasons 52,raspberry chocolate chip cannoli,9,g,30,mg,50,g,30,g,6,g,5,g,0,g,0,g,25,g
202,seasons 52,raspberry hibiscus gin and tonic,0,g,0,mg,15,g,27,g,0,g,0,g,0,g,0,g,26,g
203,seasons 52,red sangria,0,g,0,mg,15,g,16,g,0,g,0,g,0,g,0,g,12,g
204,seasons 52,regular beer under 6 abv,0,g,0,mg,15,g,13,g,2,g,0,g,0,g,0,g,0,g
205,seasons 52,roasted cauliflower florets,15,g,0,mg,720,g,17,g,6,g,2,g,0,g,7,g,5,g
206,seasons 52,roasted corn aged cheddar and spiced bacon flatbread,26,g,45,mg,1050,g,65,g,26,g,9,g,0,g,5,g,18,g
207,seasons 52,roasted corn aged cheddar and spiced bacon half flatbread,13,g,25,mg,530,g,33,g,13,g,4.5,g,0,g,3,g,9,g
208,seasons 52,roasted tomato flatbread,24,g,30,mg,900,g,58,g,20,g,6,g,0,g,9,g,15,g
209,seasons 52,roasted tomato half flatbread,12,g,15,mg,450,g,29,g,10,g,3,g,0,g,4,g,8,g
210,seasons 52,roasted vegetable gnocchi,24,g,0,mg,1540,g,79,g,15,g,3,g,0,g,10,g,11,g
211,seasons 52,roasted zucchini potato mash,13,g,35,mg,1030,g,39,g,13,g,7,g,0,g,4,g,10,g
212,seasons 52,romaine and kale caesar salad,16,g,35,mg,1270,g,35,g,15,g,5,g,0,g,5,g,3,g
213,seasons 52,rose lemonade,0,g,0,mg,0,g,16,g,0,g,0,g,0,g,0,g,15,g
214,seasons 52,rose sangria,0,g,0,mg,30,g,28,g,1,g,0,g,0,g,0,g,26,g
215,seasons 52,seared handline ahi tuna,3,g,15,mg,320,g,2,g,10,g,0,g,0,g,0,g,1,g
216,seasons 52,sesame grilled salmon salad,19,g,85,mg,1290,g,33,g,44,g,4.5,g,0,g,7,g,23,g
217,seasons 52,southern style shrimp and grits,35,g,360,mg,1910,g,19,g,47,g,17,g,1,g,3,g,5,g
218,seasons 52,spinach and artichoke dip,28,g,50,mg,1540,g,61,g,22,g,11,g,0,g,8,g,12,g
219,seasons 52,spinach and roasted broccoli salad,24,g,20,mg,1100,g,16,g,12,g,5,g,0,g,5,g,7,g
220,seasons 52,sprite,0,g,0,mg,45,g,25,g,0,g,0,g,0,g,0,g,25,g
221,seasons 52,steak salad,41,g,125,mg,1010,g,15,g,39,g,12,g,0,g,6,g,6,g
222,seasons 52,summer corn and bacon bowl,7,g,15,mg,1070,g,33,g,4,g,2,g,0,g,3,g,9,g
223,seasons 52,summer corn and bacon cup,6,g,15,mg,870,g,26,g,3,g,1.5,g,0,g,2,g,7,g
224,seasons 52,sweet tea lemonade,0,g,0,mg,5,g,13,g,0,g,0,g,0,g,0,g,12,g
225,seasons 52,taylor fladgate 10 year tawny port,0,g,0,mg,0,g,11,g,0,g,0,g,0,g,0,g,11,g
226,seasons 52,tea assorted variety,0,g,0,mg,5,g,1,g,0,g,0,g,0,g,0,g,0,g
227,seasons 52,tuna tostada,24,g,60,mg,1440,g,30,g,41,g,5,g,0,g,7,g,4,g
228,seasons 52,white peach bellini,0,g,0,mg,85,g,13,g,1,g,0,g,0,g,0,g,12,g
229,seasons 52,whole roasted cauliflower,32,g,70,mg,1140,g,44,g,30,g,14,g,0,g,17,g,20,g
230,seasons 52,wine dessert 3oz glass,0,g,0,mg,10,g,12,g,0,g,0,g,0,g,0,g,7,g
231,seasons 52,wine port 3oz glass,0,g,0,mg,0,g,11,g,0,g,0,g,0,g,0,g,11,g
232,seasons 52,wine red 6 oz glass,0,g,0,mg,0,g,5,g,0,g,0,g,0,g,0,g,1,g
233,seasons 52,wine red 9 oz glass,0,g,0,mg,0,g,8,g,0,g,0,g,0,g,0,g,2,g
234,seasons 52,wine red bottle,0,g,0,mg,0,g,21,g,1,g,0,g,0,g,0,g,5,g
235,seasons 52,wine sparkling 5oz glass,0,g,0,mg,5,g,8,g,0,g,0,g,0,g,0,g,8,g
236,seasons 52,wine sparkling bottle,0,g,0,mg,40,g,38,g,2,g,0,g,0,g,0,g,38,g
237,seasons 52,wine white 6 oz glass,0,g,0,mg,10,g,4,g,0,g,0,g,0,g,0,g,2,g
238,seasons 52,wine white 9 oz glass,0,g,0,mg,15,g,6,g,0,g,0,g,0,g,0,g,3,g
239,seasons 52,wine white bottle,0,g,0,mg,35,g,16,g,1,g,0,g,0,g,0,g,7,g
240,seasons 52,wood grilled boneless rainbow trout,31,g,120,mg,1220,g,28,g,46,g,5,g,0,g,4,g,5,g
241,seasons 52,wood grilled filet mignon 6 oz,15,g,95,mg,1630,g,33,g,46,g,4,g,0.5,g,6,g,9,g
242,seasons 52,wood grilled filet mignon 8 oz,17,g,125,mg,1650,g,33,g,56,g,5,g,0.5,g,6,g,9,g
243,seasons 52,wood grilled handline tuna,28,g,75,mg,1090,g,20,g,55,g,4.5,g,0,g,4,g,3,g
244,seasons 52,wood grilled maine lobster tail,5,g,105,mg,530,g,1,g,14,g,1,g,0,g,0,g,0,g
245,seasons 52,wood grilled pork tenderloin,15,g,110,mg,1040,g,39,g,45,g,3.5,g,0,g,7,g,15,g
246,seasons 52,woodford reserve bourbon,0,g,0,mg,0,g,0,g,0,g,0,g,0,g,0,g,0,g
247,seasons pizza and restaurant,1000 dressing,37,g,45,mg,960,g,14,g,1,g,6,g,0,g,1,g,12,g
248,seasons pizza and restaurant,9 inch margarita pizza,17,g,40,mg,650,g,153,g,32,g,7,g,0,g,7,g,2,g
249,seasons pizza and restaurant,antipasto salad large,59,g,80,mg,2430,g,17,g,20,g,18,g,0,g,3,g,9,g
250,seasons pizza and restaurant,antipasto salad small,39,g,55,mg,1620,g,11,g,13,g,12,g,0,g,2,g,7,g
251,seasons pizza and restaurant,appetizer combo,40,g,70,mg,1860,g,53,g,39,g,9,g,0,g,3,g,3,g
252,seasons pizza and restaurant,asian chicken salad large,38,g,95,mg,1300,g,53,g,51,g,6,g,0,g,6,g,11,g
253,seasons pizza and restaurant,asian chicken salad small,24,g,60,mg,810,g,33,g,32,g,4,g,0,g,4,g,7,g
254,seasons pizza and restaurant,baby spinach large,0,g,0,mg,55,g,3,g,2,g,0,g,0,g,2,g,0,g
255,seasons pizza and restaurant,baby spinach large xlarge square,0,g,0,mg,85,g,4,g,3,g,0,g,0,g,3,g,0,g
256,seasons pizza and restaurant,baby spinach medium,0,g,0,mg,30,g,1,g,1,g,0,g,0,g,1,g,0,g
257,seasons pizza and restaurant,baby spinach personal,0,g,0,mg,15,g,1,g,0,g,0,g,0,g,0,g,0,g
258,seasons pizza and restaurant,bacon large,73,g,195,mg,2600,g,7,g,58,g,26,g,0,g,0,g,0,g
259,seasons pizza and restaurant,bacon large xlarge square,110,g,295,mg,3900,g,10,g,87,g,38,g,0,g,0,g,0,g
260,seasons pizza and restaurant,bacon medium,37,g,100,mg,1300,g,3,g,29,g,13,g,0,g,0,g,0,g
261,seasons pizza and restaurant,bacon personal,22,g,60,mg,780,g,2,g,17,g,8,g,0,g,0,g,0,g
262,seasons pizza and restaurant,baked stuffed shells,43,g,150,mg,1830,g,61,g,37,g,4,g,0,g,6,g,0,g
263,seasons pizza and restaurant,balsamic vinaigrette,36,g,0,mg,510,g,25,g,0,g,5,g,0,g,1,g,22,g
264,seasons pizza and restaurant,bbq baby back ribs full rack,85,g,210,mg,2960,g,98,g,88,g,39,g,0,g,4,g,5,g
265,seasons pizza and restaurant,bbq sauce,0,g,0,mg,820,g,47,g,1,g,0,g,0,g,1,g,40,g
266,seasons pizza and restaurant,bianco pizza large,11,g,20,mg,360,g,20,g,10,g,4.5,g,0,g,1,g,1,g
267,seasons pizza and restaurant,bianco pizza medium,8,g,15,mg,260,g,15,g,7,g,3.5,g,0,g,1,g,1,g
268,seasons pizza and restaurant,bianco pizza xlarge,16,g,30,mg,490,g,27,g,14,g,7,g,0,g,1,g,2,g
269,seasons pizza and restaurant,black olives large,21,g,0,mg,1460,g,12,g,2,g,3,g,0,g,6,g,0,g
270,seasons pizza and restaurant,black olives large xlarge square,32,g,0,mg,2190,g,19,g,3,g,4,g,0,g,10,g,0,g
271,seasons pizza and restaurant,black olives medium,11,g,0,mg,730,g,6,g,1,g,1.5,g,0,g,3,g,0,g
272,seasons pizza and restaurant,black olives personal,7,g,0,mg,500,g,4,g,1,g,1,g,0,g,2,g,0,g
273,seasons pizza and restaurant,bleu cheese dressing,48,g,55,mg,880,g,3,g,2,g,8,g,0,g,0,g,1,g
274,seasons pizza and restaurant,blt,38,g,40,mg,1120,g,69,g,21,g,9,g,0,g,8,g,17,g
275,seasons pizza and restaurant,broccoli and cheese bites,8,g,5,mg,370,g,16,g,6,g,2,g,0,g,2,g,2,g
276,seasons pizza and restaurant,broccoli stromboli large,22,g,20,mg,90,g,85,g,18,g,5,g,0,g,7,g,5,g
277,seasons pizza and restaurant,broccoli stromboli small,12,g,10,mg,50,g,47,g,10,g,3,g,0,g,4,g,3,g
278,seasons pizza and restaurant,broccoli large,0.5,g,0,mg,45,g,9,g,4,g,0,g,0,g,4,g,2,g
279,seasons pizza and restaurant,broccoli medium,0,g,0,mg,25,g,5,g,2,g,0,g,0,g,2,g,1,g
280,seasons pizza and restaurant,broccoli personal,0,g,0,mg,15,g,3,g,1,g,0,g,0,g,1,g,1,g
281,seasons pizza and restaurant,broccoli xlarge square,1,g,0,mg,70,g,14,g,6,g,0,g,0,g,6,g,4,g
282,seasons pizza and restaurant,buffalo chicken dip,22,g,70,mg,1320,g,5,g,16,g,9,g,0,g,1,g,2,g
283,seasons pizza and restaurant,buffalo chicken pizza large,11,g,40,mg,660,g,21,g,16,g,5,g,0,g,1,g,1,g
284,seasons pizza and restaurant,buffalo chicken pizza medium,8,g,25,mg,470,g,15,g,11,g,4,g,0,g,1,g,1,g
285,seasons pizza and restaurant,buffalo chicken pizza xlarge,16,g,55,mg,900,g,28,g,23,g,8,g,0,g,1,g,2,g
286,seasons pizza and restaurant,buffalo chicken steak,52,g,185,mg,2000,g,77,g,42,g,19,g,0,g,3,g,14,g
287,seasons pizza and restaurant,buffalo chicken wrap,40,g,75,mg,1930,g,73,g,32,g,12,g,0,g,7,g,6,g
288,seasons pizza and restaurant,buffalo style chicken sandwich,76,g,110,mg,2490,g,122,g,54,g,14,g,1,g,5,g,13,g
289,seasons pizza and restaurant,buffalo wings,35,g,175,mg,690,g,0,g,45,g,10,g,20,g,0,g,0,g
290,seasons pizza and restaurant,caesar dressing,51,g,50,mg,1380,g,6,g,3,g,8,g,0,g,0,g,1,g
291,seasons pizza and restaurant,caesar salad large,45,g,70,mg,1120,g,27,g,18,g,11,g,0,g,3,g,4,g
292,seasons pizza and restaurant,caesar salad small,30,g,50,mg,740,g,18,g,12,g,7,g,0,g,2,g,2,g
293,seasons pizza and restaurant,caprese salad large,78,g,70,mg,1550,g,14,g,36,g,18,g,0,g,3,g,3,g
294,seasons pizza and restaurant,caprese salad small,47,g,45,mg,930,g,8,g,22,g,11,g,0,g,2,g,2,g
295,seasons pizza and restaurant,carrot cake,46,g,105,mg,470,g,84,g,7,g,17,g,1,g,3,g,61,g
296,seasons pizza and restaurant,cbs bowl,9,g,155,mg,1230,g,12,g,64,g,2,g,0,g,6,g,2,g
297,seasons pizza and restaurant,chcicken cheese steak,14,g,60,mg,1650,g,84,g,58,g,5,g,0,g,4,g,8,g
298,seasons pizza and restaurant,cheese fries,27,g,25,mg,910,g,54,g,10,g,8,g,0,g,5,g,1,g
299,seasons pizza and restaurant,cheese steak,28,g,105,mg,940,g,46,g,39,g,11,g,0,g,3,g,5,g
300,seasons pizza and restaurant,cheeseburger,55,g,165,mg,1050,g,130,g,47,g,27,g,0,g,2,g,9,g
301,seasons pizza and restaurant,cheeseburger sub,110,g,330,mg,2100,g,260,g,94,g,54,g,0,g,4,g,18,g
302,seasons pizza and restaurant,cheeseburger supreme,62,g,180,mg,1310,g,130,g,51,g,30,g,0,g,2,g,9,g
303,seasons pizza and restaurant,cheesecake,55,g,215,mg,600,g,56,g,10,g,32,g,1.5,g,1,g,40,g
304,seasons pizza and restaurant,cheeze calzone half small,34,g,65,mg,1520,g,101,g,34,g,15,g,0,g,5,g,5,g
305,seasons pizza and restaurant,cheeze calzone large,58,g,110,mg,2580,g,172,g,58,g,26,g,0,g,9,g,9,g
306,seasons pizza and restaurant,cheezy breadsticks,19,g,70,mg,890,g,56,g,22,g,10,g,0,g,2,g,4,g
307,seasons pizza and restaurant,chef salad large,43,g,440,mg,2130,g,19,g,58,g,20,g,0,g,7,g,5,g
308,seasons pizza and restaurant,chef salad small,25,g,260,mg,1250,g,11,g,34,g,12,g,0,g,4,g,3,g
309,seasons pizza and restaurant,chicago style stromboli half large,54,g,130,mg,1670,g,126,g,56,g,20,g,0,g,3,g,12,g
310,seasons pizza and restaurant,chicago style stromboli half small,32,g,75,mg,980,g,74,g,33,g,12,g,0,g,2,g,7,g
311,seasons pizza and restaurant,chicken and broccoli fettuccine alfredo,30,g,180,mg,1930,g,88,g,52,g,16,g,1,g,9,g,7,g
312,seasons pizza and restaurant,chicken bacon ranch pizza large,18,g,50,mg,630,g,21,g,18,g,6,g,0,g,1,g,1,g
313,seasons pizza and restaurant,chicken bacon ranch pizza medium,14,g,35,mg,500,g,16,g,12,g,5,g,0,g,1,g,1,g
314,seasons pizza and restaurant,chicken bacon ranch pizza xlarge,23,g,65,mg,800,g,28,g,24,g,8,g,0,g,1,g,2,g
315,seasons pizza and restaurant,chicken caesar wrap,41,g,105,mg,1460,g,55,g,44,g,9,g,0,g,4,g,2,g
316,seasons pizza and restaurant,chicken deluxe sandwich,57,g,185,mg,2090,g,149,g,41,g,13,g,1,g,11,g,14,g
317,seasons pizza and restaurant,chicken fajita wrap,220,g,105,mg,1200,g,53,g,35,g,12,g,0,g,4,g,6,g
318,seasons pizza and restaurant,chicken fingers,22,g,50,mg,1950,g,25,g,55,g,0,g,0,g,5,g,0,g
319,seasons pizza and restaurant,chicken parmigiana,69,g,370,mg,1900,g,77,g,75,g,38,g,0,g,6,g,2,g
320,seasons pizza and restaurant,chicken quesadilla,56,g,240,mg,1670,g,61,g,63,g,29,g,1,g,6,g,5,g
321,seasons pizza and restaurant,chicken ranch,30,g,105,mg,1070,g,48,g,40,g,6,g,0,g,3,g,3,g
322,seasons pizza and restaurant,chicken salad club,14,g,65,mg,930,g,72,g,25,g,3,g,0,g,7,g,12,g
323,seasons pizza and restaurant,chicken salad sub,48,g,85,mg,1370,g,60,g,34,g,10,g,0,g,4,g,9,g
324,seasons pizza and restaurant,chili,7,g,50,mg,1170,g,23,g,23,g,3,g,0,g,5,g,9,g
325,seasons pizza and restaurant,chili nachos,60,g,235,mg,2070,g,43,g,67,g,31,g,0,g,6,g,7,g
326,seasons pizza and restaurant,chocolate cake,41,g,70,mg,260,g,95,g,7,g,19,g,1,g,4,g,63,g
327,seasons pizza and restaurant,classic crispy chicken,29,g,60,mg,900,g,57,g,28,g,4,g,0,g,5,g,7,g
328,seasons pizza and restaurant,classic steak,56,g,210,mg,1880,g,92,g,78,g,22,g,0,g,6,g,9,g
329,seasons pizza and restaurant,cobb salad large,51,g,60,mg,2780,g,26,g,80,g,20,g,0,g,11,g,9,g
330,seasons pizza and restaurant,cobb salad small,34,g,40,mg,1850,g,17,g,53,g,13,g,0,g,7,g,5,g
331,seasons pizza and restaurant,coleslaw,9,g,0,mg,540,g,22,g,4,g,7,g,0,g,1,g,2,g
332,seasons pizza and restaurant,colossal cookie,23,g,20,mg,310,g,63,g,4,g,12,g,0,g,3,g,38,g
333,seasons pizza and restaurant,crab cake sandwich,61,g,135,mg,1490,g,40,g,22,g,12,g,10,g,3,g,4,g
334,seasons pizza and restaurant,creamy italian dressing,42,g,15,mg,890,g,6,g,0,g,6,g,0,g,0,g,5,g
335,seasons pizza and restaurant,create your own pasta alfredo sauce,30,g,165,mg,1640,g,83,g,21,g,18,g,0,g,4,g,5,g
336,seasons pizza and restaurant,create your own pasta fettuccine,2,g,0,mg,0,g,71,g,13,g,0,g,0,g,4,g,1,g
337,seasons pizza and restaurant,create your own pasta marinara sauce,4,g,5,mg,1110,g,20,g,4,g,0,g,0,g,5,g,14,g
338,seasons pizza and restaurant,create your own pasta meat sauce,24,g,20,mg,90,g,156,g,31,g,5,g,0,g,11,g,6,g
339,seasons pizza and restaurant,create your own pasta meatballs,30,g,115,mg,1270,g,131,g,44,g,9,g,0,g,11,g,18,g
340,seasons pizza and restaurant,create your own pasta penne,2,g,0,mg,0,g,71,g,13,g,0,g,0,g,4,g,1,g
341,seasons pizza and restaurant,create your own pasta ravioli with meat sauce,28,g,160,mg,1510,g,88,g,48,g,14,g,0,g,12,g,6,g
342,seasons pizza and restaurant,create your own pasta spaghetti,2,g,0,mg,0,g,71,g,13,g,0,g,0,g,4,g,1,g
343,seasons pizza and restaurant,deviled eggs,5,g,110,mg,70,g,1,g,3,g,1,g,0,g,0,g,0,g
344,seasons pizza and restaurant,extra cheese large,64,g,205,mg,1580,g,6,g,61,g,40,g,0,g,0,g,1,g
345,seasons pizza and restaurant,extra cheese medium,50,g,160,mg,1230,g,5,g,47,g,31,g,0,g,0,g,1,g
346,seasons pizza and restaurant,extra cheese personal,29,g,90,mg,700,g,3,g,27,g,18,g,0,g,0,g,0,g
347,seasons pizza and restaurant,extra cheese xlarge square,100,g,320,mg,2460,g,10,g,95,g,62,g,0,g,0,g,2,g
348,seasons pizza and restaurant,fat free italian dressing,0,g,0,mg,700,g,5,g,0,g,0,g,0,g,1,g,3,g
349,seasons pizza and restaurant,feta cheese large,26,g,110,mg,1370,g,5,g,18,g,18,g,0,g,0,g,5,g
350,seasons pizza and restaurant,feta cheese medium,13,g,55,mg,690,g,2,g,9,g,9,g,0,g,0,g,2,g
351,seasons pizza and restaurant,feta cheese personal,9,g,40,mg,490,g,2,g,7,g,7,g,0,g,0,g,2,g
352,seasons pizza and restaurant,feta cheese xlarge square,39,g,165,mg,2060,g,7,g,27,g,28,g,0,g,0,g,7,g
353,seasons pizza and restaurant,french dressing,44,g,0,mg,330,g,27,g,0,g,3,g,0,g,0,g,25,g
354,seasons pizza and restaurant,french fries,9,g,0,mg,560,g,42,g,4,g,1,g,0,g,4,g,1,g
355,seasons pizza and restaurant,fresh mushrooms large,0,g,0,mg,5,g,4,g,4,g,0,g,0,g,1,g,3,g
356,seasons pizza and restaurant,fresh mushrooms medium,0,g,0,mg,0,g,2,g,2,g,0,g,0,g,1,g,1,g
357,seasons pizza and restaurant,fresh mushrooms personal,0,g,0,mg,0,g,2,g,1,g,0,g,0,g,0,g,1,g
358,seasons pizza and restaurant,fresh mushrooms xlarge square,0.5,g,0,mg,10,g,7,g,6,g,0,g,0,g,2,g,4,g
359,seasons pizza and restaurant,fresh tomatoes large,0,g,0,mg,10,g,9,g,2,g,0,g,0,g,3,g,6,g
360,seasons pizza and restaurant,fresh tomatoes medium,0,g,0,mg,5,g,5,g,1,g,0,g,0,g,1,g,3,g
361,seasons pizza and restaurant,fresh tomatoes personal,0,g,0,mg,0,g,2,g,1,g,0,g,0,g,1,g,2,g
362,seasons pizza and restaurant,fresh tomatoes xlarge square,0.5,g,0,mg,20,g,14,g,3,g,0,g,0,g,4,g,10,g
363,seasons pizza and restaurant,fried chicken,57,g,325,mg,880,g,27,g,87,g,16,g,0,g,0,g,0,g
364,seasons pizza and restaurant,fried jumbo shrimp,13,g,155,mg,300,g,26,g,7,g,2,g,0,g,2,g,0,g
365,seasons pizza and restaurant,fried mozzarella sticks,10,g,25,mg,610,g,18,g,9,g,4.5,g,0,g,0,g,1,g
366,seasons pizza and restaurant,garlic bread,16,g,0,mg,500,g,30,g,6,g,4,g,0,g,1,g,0,g
367,seasons pizza and restaurant,gluten free pizza base,4.5,g,10,mg,170,g,15,g,3,g,2,g,0,g,0,g,1,g
368,seasons pizza and restaurant,greek salad large,54,g,40,mg,1520,g,20,g,8,g,12,g,0,g,6,g,11,g
369,seasons pizza and restaurant,greek salad small,36,g,25,mg,1010,g,13,g,5,g,8,g,0,g,4,g,7,g
370,seasons pizza and restaurant,green peppers large,0,g,0,mg,5,g,8,g,2,g,0,g,0,g,3,g,4,g
371,seasons pizza and restaurant,green peppers medium,0,g,0,mg,0,g,4,g,1,g,0,g,0,g,1,g,2,g
372,seasons pizza and restaurant,green peppers personal,0,g,0,mg,0,g,2,g,0,g,0,g,0,g,1,g,1,g
373,seasons pizza and restaurant,green peppers xlarge square,0,g,0,mg,10,g,12,g,2,g,0,g,0,g,4,g,6,g
374,seasons pizza and restaurant,grilled chicken breast,8,g,155,mg,1130,g,0,g,58,g,2,g,0,g,0,g,0,g
375,seasons pizza and restaurant,grilled chicken club,18,g,105,mg,1580,g,48,g,47,g,7,g,0,g,2,g,2,g
376,seasons pizza and restaurant,grilled chicken sandwich,17,g,95,mg,1390,g,48,g,45,g,6,g,0,g,2,g,2,g
377,seasons pizza and restaurant,grilled chicken stromboli large,25,g,130,mg,1670,g,92,g,58,g,12,g,0,g,3,g,10,g
378,seasons pizza and restaurant,grilled chicken stromboli small,15,g,80,mg,1010,g,56,g,35,g,7,g,0,g,2,g,6,g
379,seasons pizza and restaurant,grilled chicken large,5,g,120,mg,105,g,0,g,44,g,1.5,g,0,g,0,g,0,g
380,seasons pizza and restaurant,grilled chicken medium,2.5,g,60,mg,50,g,0,g,22,g,0.5,g,0,g,0,g,0,g
381,seasons pizza and restaurant,grilled chicken personal,2,g,45,mg,40,g,0,g,16,g,0.5,g,0,g,0,g,0,g
382,seasons pizza and restaurant,grilled chicken xlarge square,8,g,180,mg,160,g,0,g,66,g,2,g,0,g,0,g,0,g
383,seasons pizza and restaurant,grilled onions stromboli large,22,g,20,mg,90,g,85,g,18,g,5,g,0,g,7,g,5,g
384,seasons pizza and restaurant,grilled onions stromboli small,12,g,10,mg,50,g,47,g,10,g,3,g,0,g,4,g,3,g
385,seasons pizza and restaurant,grilled peppers stromboli large,22,g,20,mg,90,g,85,g,18,g,5,g,0,g,7,g,5,g
386,seasons pizza and restaurant,grilled peppers stromboli small,12,g,10,mg,50,g,47,g,10,g,3,g,0,g,4,g,3,g
387,seasons pizza and restaurant,ground beef large,52,g,260,mg,220,g,0,g,76,g,20,g,2.5,g,0,g,0,g
388,seasons pizza and restaurant,ground beef medium,26,g,130,mg,110,g,0,g,38,g,10,g,1,g,0,g,0,g
389,seasons pizza and restaurant,ground beef personal,16,g,80,mg,70,g,0,g,23,g,6,g,0.5,g,0,g,0,g
390,seasons pizza and restaurant,ground beef xlarge square,79,g,390,mg,330,g,0,g,114,g,30,g,3.5,g,0,g,0,g
391,seasons pizza and restaurant,gyro,47,g,75,mg,1030,g,40,g,21,g,13,g,0,g,2,g,4,g
392,seasons pizza and restaurant,ham club,27,g,85,mg,1670,g,52,g,38,g,7,g,0,g,4,g,15,g
393,seasons pizza and restaurant,ham sub,38,g,75,mg,1660,g,50,g,33,g,11,g,0,g,1,g,13,g
394,seasons pizza and restaurant,ham large,11,g,75,mg,1600,g,3,g,22,g,3.5,g,0,g,0,g,3,g
395,seasons pizza and restaurant,ham medium,6,g,40,mg,800,g,2,g,11,g,1.5,g,0,g,0,g,2,g
396,seasons pizza and restaurant,ham personal,4,g,30,mg,580,g,1,g,8,g,1,g,0,g,0,g,1,g
397,seasons pizza and restaurant,ham xlarge square,17,g,115,mg,2400,g,5,g,33,g,5,g,0,g,0,g,5,g
398,seasons pizza and restaurant,hawaiian pizza large,10,g,30,mg,570,g,22,g,12,g,4.5,g,0,g,1,g,3,g
399,seasons pizza and restaurant,hawaiian pizza medium,8,g,25,mg,470,g,16,g,10,g,3.5,g,0,g,1,g,2,g
400,seasons pizza and restaurant,hawaiian pizza xlarge,14,g,40,mg,750,g,31,g,17,g,7,g,0,g,1,g,5,g
401,seasons pizza and restaurant,homemade breadsticks,4.5,g,25,mg,540,g,54,g,8,g,0.5,g,0,g,2,g,4,g
402,seasons pizza and restaurant,homemade lasagna,29,g,150,mg,1860,g,106,g,35,g,10,g,0,g,8,g,19,g
403,seasons pizza and restaurant,honey bbq sauce,25,g,0,mg,660,g,33,g,1,g,3.5,g,0,g,0,g,30,g
404,seasons pizza and restaurant,honey mustard dressing,43,g,0,mg,530,g,22,g,0,g,6,g,0,g,0,g,18,g
405,seasons pizza and restaurant,hot sauce,10,g,0,mg,3080,g,3,g,0,g,1.5,g,0,g,0,g,1,g
406,seasons pizza and restaurant,housemade baked ziti,40,g,130,mg,2050,g,119,g,45,g,22,g,0,g,8,g,0,g
407,seasons pizza and restaurant,italian sub,56,g,115,mg,2300,g,51,g,43,g,19,g,0,g,1,g,15,g
408,seasons pizza and restaurant,jalapeno peppers large,0,g,0,mg,870,g,7,g,0,g,0,g,0,g,7,g,0,g
409,seasons pizza and restaurant,jalapeno peppers medium,0,g,0,mg,430,g,3,g,0,g,0,g,0,g,3,g,0,g
410,seasons pizza and restaurant,jalapeno peppers personal,0,g,0,mg,390,g,3,g,0,g,0,g,0,g,3,g,0,g
411,seasons pizza and restaurant,jalapeno peppers xlarge square,0,g,0,mg,1300,g,10,g,0,g,0,g,0,g,10,g,0,g
412,seasons pizza and restaurant,kalamata olives large,43,g,0,mg,2680,g,15,g,3,g,5,g,0,g,1,g,0,g
413,seasons pizza and restaurant,kalamata olives medium,22,g,0,mg,1340,g,8,g,1,g,2.5,g,0,g,1,g,0,g
414,seasons pizza and restaurant,kalamata olives personal,13,g,0,mg,820,g,5,g,1,g,1.5,g,0,g,0,g,0,g
415,seasons pizza and restaurant,kalamata olives xlarge square,65,g,0,mg,4020,g,23,g,4,g,8,g,0,g,2,g,0,g
416,seasons pizza and restaurant,kale and romaine caesar salad large,51,g,220,mg,1590,g,15,g,65,g,20,g,0,g,5,g,11,g
417,seasons pizza and restaurant,kale and romaine caesar salad small,34,g,145,mg,1060,g,10,g,43,g,13,g,0,g,3,g,7,g
418,seasons pizza and restaurant,kids chicken fingers,9,g,20,mg,780,g,10,g,22,g,0,g,0,g,2,g,0,g
419,seasons pizza and restaurant,kids macaroni and cheese,18,g,60,mg,400,g,18,g,10,g,10,g,0,g,0,g,2,g
420,seasons pizza and restaurant,kids meatballs,11,g,60,mg,150,g,4,g,11,g,3,g,0,g,1,g,2,g
421,seasons pizza and restaurant,kids pizza,17,g,40,mg,650,g,153,g,32,g,7,g,0,g,7,g,2,g
422,seasons pizza and restaurant,kids ravioli,16,g,90,mg,860,g,50,g,27,g,8,g,0,g,7,g,3,g
423,seasons pizza and restaurant,kids spaghetti,2,g,0,mg,0,g,71,g,13,g,0,g,0,g,4,g,1,g
424,seasons pizza and restaurant,king size cheeseburger,74,g,200,mg,2700,g,130,g,51,g,30,g,0,g,10,g,9,g
425,seasons pizza and restaurant,krazy fries,37,g,75,mg,1440,g,55,g,27,g,16,g,0,g,0,g,0,g
426,seasons pizza and restaurant,lemon cake,32,g,100,mg,420,g,63,g,6,g,15,g,1,g,1,g,43,g
427,seasons pizza and restaurant,lite ranch dressing,29,g,45,mg,640,g,6,g,1,g,4.5,g,0,g,0,g,3,g
428,seasons pizza and restaurant,lump crab cakes,31,g,5,mg,1570,g,18,g,34,g,6,g,0,g,3,g,0,g
429,seasons pizza and restaurant,lunch meat stromboli large,43,g,115,mg,3250,g,119,g,53,g,18,g,0,g,10,g,21,g
430,seasons pizza and restaurant,lunch meat stromboli small,26,g,70,mg,1970,g,72,g,32,g,11,g,0,g,6,g,13,g
431,seasons pizza and restaurant,mac and cheese,18,g,60,mg,400,g,18,g,10,g,10,g,0,g,0,g,2,g
432,seasons pizza and restaurant,margarita pizza large,7,g,10,mg,270,g,20,g,7,g,2.5,g,0,g,1,g,2,g
433,seasons pizza and restaurant,margarita pizza medium,5,g,5,mg,190,g,15,g,5,g,2,g,0,g,1,g,1,g
434,seasons pizza and restaurant,margarita pizza xlarge,10,g,15,mg,370,g,27,g,9,g,3.5,g,0,g,1,g,2,g
435,seasons pizza and restaurant,meatball parmigiana,39,g,95,mg,2030,g,74,g,33,g,13,g,1,g,2,g,14,g
436,seasons pizza and restaurant,meatballs large,36,g,90,mg,1200,g,10,g,26,g,14,g,0,g,2,g,2,g
437,seasons pizza and restaurant,meatballs medium,18,g,45,mg,600,g,5,g,13,g,7,g,0,g,1,g,1,g
438,seasons pizza and restaurant,meatballs personal,12,g,30,mg,400,g,3,g,9,g,4.5,g,0,g,1,g,1,g
439,seasons pizza and restaurant,meatballs xlarge square,54,g,135,mg,1800,g,15,g,39,g,21,g,0,g,2,g,3,g
440,seasons pizza and restaurant,mediterranean chicken,25,g,75,mg,960,g,48,g,40,g,4,g,0,g,3,g,2,g
441,seasons pizza and restaurant,mediterranean pizza large,17,g,40,mg,670,g,23,g,13,g,8,g,0,g,1,g,3,g
442,seasons pizza and restaurant,mediterranean pizza medium,12,g,25,mg,490,g,17,g,9,g,6,g,0,g,1,g,2,g
443,seasons pizza and restaurant,mediterranean pizza xlarge,25,g,55,mg,1030,g,32,g,19,g,11,g,0,g,2,g,4,g
444,seasons pizza and restaurant,medium sauce,28,g,0,mg,2160,g,2,g,0,g,6,g,0,g,0,g,1,g
445,seasons pizza and restaurant,mild sauce,41,g,0,mg,1680,g,2,g,0,g,9,g,0,g,0,g,1,g
446,seasons pizza and restaurant,mushrooms stromboli large,22,g,20,mg,90,g,85,g,18,g,5,g,0,g,7,g,5,g
447,seasons pizza and restaurant,mushrooms stromboli small,12,g,10,mg,50,g,47,g,10,g,3,g,0,g,4,g,3,g
448,seasons pizza and restaurant,old bay fries,9,g,0,mg,1060,g,42,g,4,g,1,g,0,g,4,g,1,g
449,seasons pizza and restaurant,olives stromboli large,22,g,20,mg,90,g,85,g,18,g,5,g,0,g,7,g,5,g
450,seasons pizza and restaurant,olives stromboli small,12,g,10,mg,50,g,47,g,10,g,3,g,0,g,4,g,3,g
451,seasons pizza and restaurant,onion rings with ranch,41,g,20,mg,1170,g,64,g,7,g,6,g,0,g,3,g,11,g
452,seasons pizza and restaurant,onions large,0,g,0,mg,5,g,14,g,2,g,0,g,0,g,3,g,6,g
453,seasons pizza and restaurant,onions medium,0,g,0,mg,0,g,7,g,1,g,0,g,0,g,1,g,3,g
454,seasons pizza and restaurant,onions personal,0,g,0,mg,0,g,3,g,0,g,0,g,0,g,1,g,2,g
455,seasons pizza and restaurant,onions xlarge square,0,g,0,mg,10,g,21,g,2,g,0,g,0,g,4,g,9,g
456,seasons pizza and restaurant,original pan pizza base large,11,g,25,mg,470,g,27,g,12,g,5,g,0,g,1,g,2,g
457,seasons pizza and restaurant,original pan pizza base medium,8,g,15,mg,350,g,20,g,9,g,3.5,g,0,g,1,g,1,g
458,seasons pizza and restaurant,original pan pizza base xlarge,14,g,30,mg,610,g,34,g,16,g,7,g,0,g,1,g,3,g
459,seasons pizza and restaurant,original pan square pizza base,11,g,25,mg,500,g,30,g,12,g,5,g,0,g,1,g,2,g
460,seasons pizza and restaurant,pepperoni square,49,g,75,mg,1910,g,4,g,22,g,19,g,0,g,0,g,4,g
461,seasons pizza and restaurant,pepperoni stromboli large,40,g,100,mg,1320,g,119,g,41,g,20,g,0,g,3,g,10,g
462,seasons pizza and restaurant,pepperoni stromboli small,24,g,60,mg,800,g,72,g,25,g,12,g,0,g,2,g,6,g
463,seasons pizza and restaurant,pepperoni large,20,g,30,mg,790,g,2,g,9,g,8,g,0,g,0,g,2,g
464,seasons pizza and restaurant,pepperoni medium,15,g,25,mg,600,g,1,g,7,g,6,g,0,g,0,g,1,g
465,seasons pizza and restaurant,pepperoni personal,12,g,20,mg,480,g,1,g,6,g,4.5,g,0,g,0,g,1,g
466,seasons pizza and restaurant,pepperoni xlarge,40,g,60,mg,1590,g,3,g,19,g,16,g,0,g,0,g,3,g
467,seasons pizza and restaurant,pineapple large,0,g,0,mg,0,g,25,g,2,g,0,g,0,g,2,g,23,g
468,seasons pizza and restaurant,pineapple medium,0,g,0,mg,0,g,12,g,1,g,0,g,0,g,1,g,12,g
469,seasons pizza and restaurant,pineapple personal,0,g,0,mg,0,g,7,g,0,g,0,g,0,g,0,g,7,g
470,seasons pizza and restaurant,pineapple xlarge square,0,g,0,mg,0,g,37,g,2,g,0,g,0,g,2,g,35,g
471,seasons pizza and restaurant,quattro pizza large,17,g,45,mg,840,g,22,g,17,g,7,g,0,g,1,g,2,g
472,seasons pizza and restaurant,quattro pizza medium,13,g,35,mg,660,g,17,g,13,g,5,g,0,g,1,g,2,g
473,seasons pizza and restaurant,quattro pizza xlarge,23,g,60,mg,1090,g,30,g,22,g,10,g,0,g,1,g,3,g
474,seasons pizza and restaurant,quinoa kale salad large,54,g,15,mg,1100,g,87,g,26,g,8,g,0,g,14,g,12,g
475,seasons pizza and restaurant,quinoa kale salad small,36,g,10,mg,730,g,58,g,17,g,5,g,0,g,9,g,6,g
476,seasons pizza and restaurant,ranch dressing,0,g,0,mg,540,g,11,g,0,g,0,g,0,g,1,g,4,g
477,seasons pizza and restaurant,raspberry walnut dressing,1.5,g,0,mg,270,g,14,g,0,g,0,g,0,g,0,g,12,g
478,seasons pizza and restaurant,regular ny style pizza base large,10,g,25,mg,400,g,21,g,11,g,5,g,0,g,1,g,2,g
479,seasons pizza and restaurant,regular ny style pizza base medium,7,g,15,mg,300,g,15,g,8,g,3.5,g,0,g,1,g,1,g
480,seasons pizza and restaurant,regular ny style pizza base personal,5,g,10,mg,230,g,13,g,6,g,2.5,g,0,g,0,g,1,g
481,seasons pizza and restaurant,regular ny style pizza base xlarge,13,g,30,mg,550,g,28,g,14,g,7,g,0,g,1,g,2,g
482,seasons pizza and restaurant,rice pudding,2.5,g,15,mg,140,g,24,g,4,g,1.5,g,0,g,0,g,15,g
483,seasons pizza and restaurant,roasted turkey club,7,g,35,mg,1320,g,53,g,21,g,2,g,0,g,5,g,7,g
484,seasons pizza and restaurant,rye bread,1,g,0,mg,210,g,16,g,3,g,0,g,0,g,2,g,1,g
485,seasons pizza and restaurant,sausage stromboli large,43,g,90,mg,1550,g,125,g,46,g,20,g,0,g,3,g,12,g
486,seasons pizza and restaurant,sausage stromboli small,26,g,55,mg,940,g,76,g,28,g,12,g,0,g,2,g,7,g
487,seasons pizza and restaurant,sauteed broccoli,7,g,0,mg,300,g,9,g,3,g,4,g,0,g,3,g,2,g
488,seasons pizza and restaurant,seaso bites double,80,g,110,mg,3280,g,40,g,44,g,18,g,2,g,2,g,16,g
489,seasons pizza and restaurant,seaso bites single,40,g,55,mg,1640,g,20,g,22,g,9,g,1,g,1,g,8,g
490,seasons pizza and restaurant,seaso bites triple,120,g,165,mg,4920,g,60,g,66,g,27,g,3,g,3,g,24,g
491,seasons pizza and restaurant,seaso boli half large,48,g,90,mg,1630,g,111,g,48,g,15,g,0,g,7,g,15,g
492,seasons pizza and restaurant,seaso boli half small,28,g,55,mg,960,g,65,g,28,g,9,g,0,g,4,g,9,g
493,seasons pizza and restaurant,seaso chips,6,g,0,mg,410,g,69,g,6,g,0,g,0,g,6,g,6,g
494,seasons pizza and restaurant,seasons chopped salad large,42,g,75,mg,1520,g,29,g,33,g,12,g,0,g,11,g,14,g
495,seasons pizza and restaurant,seasons chopped salad small,28,g,50,mg,1010,g,19,g,22,g,8,g,0,g,7,g,9,g
496,seasons pizza and restaurant,side of chicken fingers,4.5,g,10,mg,390,g,5,g,11,g,0,g,0,g,1,g,0,g
497,seasons pizza and restaurant,side of meatballs,11,g,60,mg,150,g,4,g,11,g,3,g,0,g,1,g,2,g
498,seasons pizza and restaurant,side of spaghetti,2,g,0,mg,0,g,71,g,13,g,0,g,0,g,4,g,1,g
499,seasons pizza and restaurant,signature salad large,44,g,30,mg,660,g,50,g,14,g,4.5,g,0,g,6,g,5,g
500,seasons pizza and restaurant,signature salad small,29,g,20,mg,440,g,33,g,9,g,3,g,0,g,4,g,3,g
501,seasons pizza and restaurant,slice cheese pizza large,13,g,30,mg,540,g,28,g,14,g,6,g,0,g,1,g,2,g
502,seasons pizza and restaurant,south philly steak,56,g,210,mg,1880,g,92,g,78,g,22,g,0,g,6,g,9,g
503,seasons pizza and restaurant,spinach dip,30,g,40,mg,740,g,8,g,2,g,8,g,0,g,2,g,6,g
504,seasons pizza and restaurant,spinach stromboli large,22,g,20,mg,90,g,85,g,18,g,5,g,0,g,7,g,5,g
505,seasons pizza and restaurant,spinach stromboli small,12,g,10,mg,50,g,47,g,10,g,3,g,0,g,4,g,3,g
506,seasons pizza and restaurant,spinach grilled chicken salad large,36,g,115,mg,1720,g,34,g,58,g,5,g,0,g,7,g,2,g
507,seasons pizza and restaurant,spinach grilled chicken salad small,20,g,65,mg,960,g,19,g,32,g,3,g,0,g,4,g,1,g
508,seasons pizza and restaurant,steak stromboli large,43,g,125,mg,810,g,122,g,54,g,20,g,0,g,3,g,12,g
509,seasons pizza and restaurant,steak stromboli small,26,g,75,mg,490,g,74,g,33,g,12,g,0,g,2,g,7,g
510,seasons pizza and restaurant,sweet italian sausage large,41,g,110,mg,1760,g,6,g,23,g,14,g,0,g,1,g,2,g
511,seasons pizza and restaurant,sweet italian sausage medium,21,g,55,mg,880,g,3,g,12,g,7,g,0,g,1,g,1,g
512,seasons pizza and restaurant,sweet italian sausage personal,13,g,35,mg,570,g,2,g,7,g,4.5,g,0,g,0,g,1,g
513,seasons pizza and restaurant,sweet italian sausage xlarge square,62,g,160,mg,2650,g,8,g,35,g,21,g,0,g,2,g,3,g
514,seasons pizza and restaurant,sweet potato fries,23,g,15,mg,1280,g,55,g,3,g,9,g,1,g,6,g,19,g
515,seasons pizza and restaurant,the works pizza large,21,g,45,mg,930,g,25,g,17,g,8,g,0,g,2,g,3,g
516,seasons pizza and restaurant,the works pizza medium,15,g,35,mg,730,g,18,g,13,g,6,g,0,g,1,g,2,g
517,seasons pizza and restaurant,the works pizza xlarge,28,g,60,mg,1220,g,34,g,23,g,11,g,0,g,3,g,5,g
518,seasons pizza and restaurant,tiramisu,19,g,120,mg,115,g,39,g,4,g,13,g,0,g,0,g,35,g
519,seasons pizza and restaurant,tossed salad large,26,g,40,mg,1210,g,27,g,20,g,11,g,0,g,8,g,0,g
520,seasons pizza and restaurant,tossed salad small,17,g,25,mg,810,g,18,g,13,g,7,g,0,g,5,g,0,g
521,seasons pizza and restaurant,tuna sub,68,g,70,mg,1700,g,67,g,36,g,13,g,0,g,6,g,15,g
522,seasons pizza and restaurant,turkey sub,34,g,60,mg,1850,g,58,g,37,g,8,g,0,g,3,g,9,g
523,seasons pizza and restaurant,ultra thin crust pizza base large,8,g,25,mg,290,g,17,g,9,g,4.5,g,0,g,1,g,1,g
524,seasons pizza and restaurant,ultra thin crust pizza base medium,6,g,15,mg,210,g,12,g,7,g,3.5,g,0,g,1,g,0,g
525,seasons pizza and restaurant,ultra thin crust pizza base xlarge,11,g,30,mg,390,g,21,g,12,g,6,g,0,g,1,g,1,g
526,seasons pizza and restaurant,vegetable pizza large,10,g,20,mg,480,g,25,g,11,g,4.5,g,0,g,2,g,3,g
527,seasons pizza and restaurant,vegetable pizza medium,7,g,15,mg,340,g,18,g,8,g,3,g,0,g,1,g,2,g
528,seasons pizza and restaurant,vegetable pizza xlarge,15,g,30,mg,670,g,35,g,16,g,6,g,0,g,3,g,5,g
529,seasons pizza and restaurant,veggie burger,22,g,160,mg,1410,g,64,g,26,g,4,g,0,g,8,g,7,g
530,seasons pizza and restaurant,waldorf chicken salad large,87,g,100,mg,1860,g,78,g,43,g,18,g,0,g,10,g,15,g
531,seasons pizza and restaurant,waldorf chicken salad small,52,g,60,mg,1120,g,47,g,26,g,11,g,0,g,6,g,9,g
532,seasons pizza and restaurant,wheat bread,1,g,0,mg,150,g,14,g,3,g,0,g,0,g,1,g,2,g
533,seasons pizza and restaurant,white bread,1,g,0,mg,150,g,15,g,3,g,0,g,0,g,1,g,2,g
534,seasons pizza and restaurant,white vegetable pizza large,16,g,35,mg,390,g,23,g,14,g,7,g,0,g,1,g,2,g
535,seasons pizza and restaurant,white vegetable pizza medium,11,g,25,mg,290,g,16,g,10,g,5,g,0,g,1,g,1,g
536,seasons pizza and restaurant,white vegetable pizza xlarge,20,g,45,mg,530,g,31,g,18,g,9,g,0,g,2,g,2,g
537,seasons pizza and restaurant,whole wheat pizza base large,10,g,25,mg,400,g,21,g,10,g,5,g,0,g,3,g,2,g
538,seasons pizza and restaurant,whole wheat pizza base medium,7,g,15,mg,300,g,16,g,8,g,3.5,g,0,g,2,g,1,g
539,shanes rib shack,5 inch bun,8,g,0,mg,490,g,43,g,7,g,1.5,g,0,g,1,g,6,g
540,shanes rib shack,all american cheeseburger,46,g,165,mg,2550,g,46,g,56,g,19,g,1,g,1,g,6,g
541,shanes rib shack,baby back ribs plate full rack,168,g,460,mg,3350,g,85,g,132,g,45,g,1,g,2,g,40,g
542,shanes rib shack,baby back ribs plate half rack,84,g,230,mg,1680,g,43,g,66,g,22,g,0.5,g,1,g,20,g
543,shanes rib shack,baby back ribs full rack,155,g,460,mg,2860,g,47,g,126,g,43,g,1,g,1,g,36,g
544,shanes rib shack,baby back ribs half rack,77,g,230,mg,1430,g,24,g,89,g,21,g,0.5,g,0,g,18,g
545,shanes rib shack,baked beans large,2,g,0,mg,670,g,69,g,11,g,0,g,0,g,13,g,33,g
546,shanes rib shack,baked beans pint,4,g,0,mg,1330,g,140,g,21,g,0,g,0,g,26,g,54,g
547,shanes rib shack,baked beans regular,1.5,g,0,mg,420,g,43,g,7,g,0,g,0,g,8,g,20,g
548,shanes rib shack,banana pudding,10,g,10,mg,370,g,67,g,5,g,4,g,0,g,2,g,43,g
549,shanes rib shack,big mom chicken salad,45,g,100,mg,1040,g,10,g,26,g,6,g,0,g,2,g,5,g
550,shanes rib shack,big mom sandwich,59,g,100,mg,1520,g,40,g,30,g,8,g,0,g,1,g,4,g
551,shanes rib shack,bleu cheese dressing,15,g,10,mg,240,g,1,g,1,g,2.5,g,0,g,0,g,1,g
552,shanes rib shack,boneless wings 10 piece,56,g,350,mg,280,g,45,g,90,g,9,g,0.5,g,2,g,2,g
553,shanes rib shack,boneless wings 6 piece,33,g,210,mg,170,g,27,g,54,g,5,g,0,g,1,g,1,g
554,shanes rib shack,brownie,16,g,90,mg,280,g,54,g,6,g,4,g,0,g,2,g,40,g
555,shanes rib shack,bruns wick stew pint,34,g,65,mg,2000,g,57,g,19,g,4.5,g,0,g,2,g,35,g
556,shanes rib shack,brunswick stew large,17,g,30,mg,1010,g,29,g,10,g,2,g,0,g,1,g,18,g
557,shanes rib shack,brunswick stew regular,12,g,20,mg,710,g,20,g,7,g,1.5,g,0,g,0,g,13,g
558,shanes rib shack,buff q chicken sandwich,51,g,245,mg,2200,g,83,g,90,g,15,g,0,g,2,g,10,g
559,shanes rib shack,buff q sauce,6,g,0,mg,450,g,6,g,0,g,0.5,g,0.5,g,0,g,4,g
560,shanes rib shack,carolina mustard bbq sauce,0,g,0,mg,260,g,7,g,0,g,0,g,0,g,1,g,6,g
561,shanes rib shack,chicken tenders fried 3 piece,40,g,210,mg,820,g,33,g,70,g,6,g,0,g,1,g,0,g
562,shanes rib shack,chicken tenders fried 4 piece,50,g,280,mg,2000,g,44,g,100,g,8,g,0.5,g,2,g,1,g
563,shanes rib shack,chicken tenders fried 6 piece,80,g,420,mg,1650,g,66,g,150,g,12,g,0.5,g,2,g,1,g
564,shanes rib shack,chicken tenders grilled 3 piece,15,g,170,mg,1030,g,1,g,70,g,2,g,0,g,0,g,0,g
565,shanes rib shack,chicken tenders grilled 4 piece,20,g,230,mg,1380,g,1,g,95,g,3,g,0,g,0,g,0,g
566,shanes rib shack,chicken tenders grilled 6 piece,30,g,340,mg,2060,g,2,g,138,g,4,g,0,g,0,g,0,g
567,shanes rib shack,chopped bbq brisket 1 2 lb,125,g,460,mg,5740,g,2,g,103,g,51,g,0,g,0,g,1,g
568,shanes rib shack,chopped bbq brisket full pound,251,g,920,mg,11480,g,4,g,206,g,103,g,0,g,1,g,2,g
569,shanes rib shack,chopped bbq chicken plate,16,g,105,mg,1380,g,29,g,46,g,1,g,0,g,1,g,9,g
570,shanes rib shack,chopped bbq chicken salad,7,g,80,mg,870,g,16,g,34,g,0,g,0,g,2,g,11,g
571,shanes rib shack,chopped bbq chicken sandwich,15,g,80,mg,1340,g,51,g,39,g,1.5,g,0,g,1,g,12,g
572,shanes rib shack,chopped bbq chicken shack potato,119,g,210,mg,3690,g,149,g,78,g,33,g,0,g,13,g,24,g
573,shanes rib shack,chopped bbq chicken 1 2 lb,10,g,105,mg,1140,g,10,g,43,g,0,g,0,g,0,g,7,g
574,shanes rib shack,chopped bbq chicken full pound,19,g,210,mg,2270,g,20,g,85,g,0,g,0,g,1,g,15,g
575,shanes rib shack,chopped bbq pork plate,39,g,105,mg,1110,g,48,g,33,g,8,g,0,g,1,g,28,g
576,shanes rib shack,chopped bbq pork salad,25,g,80,mg,660,g,31,g,25,g,6,g,0,g,2,g,25,g
577,shanes rib shack,chopped bbq pork shack potato,136,g,215,mg,3490,g,163,g,69,g,38,g,0,g,13,g,38,g
578,shanes rib shack,chopped bbq pork 1 2 lb,32,g,105,mg,860,g,29,g,30,g,7,g,0,g,0,g,26,g
579,shanes rib shack,chopped bbq pork full pound,65,g,210,mg,1720,g,59,g,60,g,15,g,0,g,0,g,52,g
580,shanes rib shack,cole slaw pint,49,g,50,mg,880,g,56,g,4,g,7,g,0,g,8,g,34,g
581,shanes rib shack,coleslaw large,24,g,25,mg,440,g,28,g,2,g,3.5,g,0,g,4,g,17,g
582,shanes rib shack,coleslaw regular,12,g,10,mg,220,g,14,g,1,g,2,g,0,g,2,g,8,g
583,shanes rib shack,cookie,8,g,10,mg,110,g,24,g,2,g,4,g,0,g,1,g,13,g
584,shanes rib shack,cowboy burger,61,g,200,mg,3120,g,47,g,68,g,24,g,1,g,1,g,6,g
585,shanes rib shack,french fries large,18,g,0,mg,1750,g,70,g,3,g,3,g,0,g,3,g,0,g
586,shanes rib shack,french fries regular,13,g,0,mg,1400,g,49,g,2,g,2,g,0,g,2,g,0,g
587,shanes rib shack,fried chicken shack wrap,86,g,150,mg,1760,g,91,g,63,g,16,g,0,g,5,g,3,g
588,shanes rib shack,fried chicken tender salad,27,g,140,mg,560,g,30,g,52,g,4,g,0.5,g,3,g,5,g
589,shanes rib shack,fried chicken tender sandwich,40,g,140,mg,1040,g,60,g,56,g,6,g,0,g,2,g,4,g
590,shanes rib shack,fried okra large,18,g,0,mg,2240,g,54,g,9,g,3,g,0,g,9,g,6,g
591,shanes rib shack,fried okra pint,37,g,0,mg,4500,g,110,g,17,g,6,g,0,g,17,g,11,g
592,shanes rib shack,fried okra regular,9,g,0,mg,1120,g,27,g,4,g,1.5,g,0,g,4,g,3,g
593,shanes rib shack,garden salad without meat,0,g,5,mg,15,g,9,g,2,g,0,g,0,g,2,g,5,g
594,shanes rib shack,green beans large,7,g,0,mg,980,g,10,g,3,g,1.5,g,0,g,3,g,3,g
595,shanes rib shack,green beans pint,14,g,0,mg,2000,g,20,g,7,g,3,g,0,g,7,g,7,g
596,shanes rib shack,green beans regular,4.5,g,0,mg,610,g,6,g,2,g,1,g,0,g,2,g,2,g
597,shanes rib shack,grilled chicken shack wrap,25,g,120,mg,1900,g,70,g,59,g,6,g,0,g,5,g,2,g
598,shanes rib shack,grilled chicken tender salad,10,g,115,mg,700,g,9,g,48,g,1,g,0.5,g,2,g,5,g
599,shanes rib shack,grilled chicken tender sandwich,23,g,115,mg,1180,g,39,g,52,g,3.5,g,0,g,1,g,4,g
600,shanes rib shack,half rack and 1 2 lb pork plate,123,g,335,mg,2780,g,91,g,99,g,31,g,0.5,g,1,g,48,g
601,shanes rib shack,half rack and half chicken plate,159,g,515,mg,3250,g,85,g,158,g,37,g,0.5,g,1,g,40,g
602,shanes rib shack,honey bbq sauce,0,g,0,mg,230,g,10,g,0,g,0,g,0,g,0,g,8,g
603,shanes rib shack,honey mustard dressing,9,g,10,mg,130,g,6,g,0,g,1.5,g,0,g,0,g,5,g
604,shanes rib shack,hot bbq sauce,0,g,0,mg,320,g,8,g,0,g,0,g,0,g,0,g,7,g
605,shanes rib shack,hot buffalo sauce,2.5,g,0,mg,630,g,1,g,0,g,1,g,0,g,0,g,0,g
606,shanes rib shack,inchbig dad inch chopped bbq pork sandwich,46,g,105,mg,1350,g,67,g,36,g,9,g,0,g,1,g,30,g
607,shanes rib shack,kids baby back ribs,26,g,75,mg,480,g,8,g,21,g,7,g,0,g,0,g,6,g
608,shanes rib shack,kids boneless wings,22,g,140,mg,110,g,18,g,36,g,4,g,0,g,1,g,1,g
609,shanes rib shack,kids cheese burger,36,g,95,mg,740,g,28,g,27,g,14,g,1,g,1,g,4,g
610,shanes rib shack,kids fried chicken tenders,27,g,140,mg,550,g,22,g,50,g,4,g,0,g,1,g,0,g
611,shanes rib shack,kids grilled cheese sandwich,25,g,30,mg,1170,g,40,g,14,g,10,g,0,g,1,g,4,g
612,shanes rib shack,kids grilled chicken tenders,10,g,115,mg,690,g,1,g,47,g,1,g,0,g,0,g,0,g
613,shanes rib shack,kids mac and cheese,35,g,70,mg,980,g,40,g,24,g,15,g,0,g,2,g,3,g
614,shanes rib shack,kids smoked wings,31,g,110,mg,120,g,1,g,17,g,6,g,0,g,1,g,0,g
615,shanes rib shack,kids traditional wings,31,g,110,mg,80,g,0,g,17,g,6,g,0,g,0,g,0,g
616,shanes rib shack,lemon pepper sauce,20,g,0,mg,620,g,0,g,0,g,3.5,g,0,g,0,g,0,g
617,shanes rib shack,lite ranch dressing,8,g,10,mg,250,g,2,g,1,g,1.5,g,0,g,0,g,1,g
618,shanes rib shack,mac and cheese large,35,g,70,mg,980,g,40,g,24,g,15,g,0,g,2,g,3,g
619,shanes rib shack,mac and cheese pint,69,g,140,mg,2000,g,80,g,48,g,30,g,0,g,4,g,7,g
620,shanes rib shack,mac and cheese regular,22,g,45,mg,610,g,25,g,15,g,9,g,0,g,2,g,2,g
621,shanes rib shack,medium buffalo sauce,4,g,0,mg,620,g,0,g,0,g,2,g,0,g,0,g,0,g
622,shanes rib shack,mild buffalo sauce,7,g,0,mg,280,g,0,g,0,g,3,g,0,g,0,g,0,g
623,shanes rib shack,onion rings large,51,g,0,mg,1090,g,75,g,6,g,8,g,0,g,3,g,12,g
624,shanes rib shack,onion rings regular,25,g,0,mg,550,g,37,g,3,g,4,g,0,g,2,g,6,g
625,shanes rib shack,original bbq sauce,0,g,0,mg,260,g,10,g,0,g,0,g,0,g,0,g,8,g
626,shanes rib shack,peach cobbler large,19,g,0,mg,190,g,100,g,4,g,3.5,g,0,g,3,g,72,g
627,shanes rib shack,peach cobbler pint,39,g,5,mg,380,g,200,g,7,g,7,g,0.5,g,6,g,145,g
628,shanes rib shack,peach cobbler regular,12,g,0,mg,115,g,60,g,2,g,2,g,0,g,2,g,43,g
629,shanes rib shack,potato salad large,28,g,70,mg,900,g,34,g,6,g,4,g,0,g,2,g,12,g
630,shanes rib shack,potato salad pint,56,g,140,mg,1800,g,68,g,12,g,8,g,0,g,4,g,24,g
631,shanes rib shack,potato salad regular,18,g,45,mg,560,g,21,g,4,g,2.5,g,0,g,1,g,8,g
632,shanes rib shack,q ranch dressing,5,g,5,mg,270,g,6,g,0,g,1,g,0,g,0,g,5,g
633,shanes rib shack,ranch dressing,10,g,10,mg,280,g,1,g,1,g,1.5,g,0,g,0,g,1,g
634,shanes rib shack,salad topping cheese,20,g,65,mg,380,g,2,g,16,g,11,g,0,g,0,g,0,g
635,shanes rib shack,salad topping fried onions,15,g,0,mg,160,g,11,g,2,g,7,g,0,g,1,g,1,g
636,shanes rib shack,salad topping garlic toast,7,g,0,mg,450,g,19,g,3,g,1,g,0,g,1,g,2,g
637,shanes rib shack,shack potato side of jalapenos,1,g,0,mg,1670,g,5,g,1,g,0,g,0,g,3,g,2,g
638,shanes rib shack,shack potato side of sour cream,5,g,0,mg,15,g,1,g,1,g,4,g,0,g,0,g,1,g
639,shanes rib shack,shack sampler bbq chicken and ribs with fried tenders,77,g,305,mg,2080,g,58,g,106,g,16,g,0.5,g,2,g,15,g
640,shanes rib shack,shack sampler bbq chicken and ribs with grilled tenders,60,g,280,mg,2220,g,37,g,102,g,13,g,0.5,g,1,g,15,g
641,shanes rib shack,shack sampler bbq pork ribs with fried teders,88,g,310,mg,1940,g,67,g,99,g,19,g,0.5,g,2,g,24,g
642,shanes rib shack,shack sampler bbq pork ribs with grilled teders,71,g,280,mg,2080,g,46,g,96,g,17,g,0.5,g,1,g,24,g
643,shanes rib shack,shack sauce,9,g,10,mg,480,g,5,g,0,g,1.5,g,0,g,0,g,4,g
644,shanes rib shack,shanes vinaigrette dressing,10,g,0,mg,105,g,5,g,0,g,1.5,g,0,g,0,g,4,g
645,shanes rib shack,side salad without dressing,5,g,15,mg,100,g,3,g,5,g,3,g,0,g,1,g,1,g
646,shanes rib shack,smoked half chicken,68,g,280,mg,1330,g,23,g,89,g,14,g,0,g,0,g,18,g
647,shanes rib shack,smoked half chicken plate,75,g,280,mg,1580,g,42,g,92,g,15,g,0,g,1,g,20,g
648,shanes rib shack,smoked wings 10 piece,77,g,270,mg,2540,g,2,g,43,g,16,g,0,g,1,g,0,g
649,shanes rib shack,smoked wings 6 piece,46,g,160,mg,1530,g,1,g,26,g,9,g,0,g,0,g,0,g
650,shanes rib shack,smothered pork sandwich,44,g,90,mg,1350,g,79,g,30,g,9,g,0,g,3,g,34,g
651,shanes rib shack,spicy bbq sauce,0,g,0,mg,260,g,10,g,0,g,0,g,0,g,0,g,8,g
652,shanes rib shack,sweet potato fries large,27,g,0,mg,1150,g,63,g,3,g,5,g,0,g,10,g,20,g
653,shanes rib shack,sweet potato fries regular,19,g,0,mg,930,g,44,g,2,g,3.5,g,0,g,7,g,14,g
654,shanes rib shack,teriyaki sauce,0,g,0,mg,390,g,12,g,1,g,0,g,0,g,0,g,10,g
655,shanes rib shack,texas toast,7,g,0,mg,250,g,19,g,3,g,1,g,0,g,0,g,2,g
656,shanes rib shack,the shaniac burger,73,g,215,mg,3390,g,74,g,69,g,24,g,1,g,3,g,27,g
657,shanes rib shack,traditional wings 10 piece,77,g,270,mg,200,g,0,g,42,g,15,g,0,g,0,g,0,g
658,shanes rib shack,traditional wings 6 piece,46,g,160,mg,120,g,0,g,25,g,9,g,0,g,0,g,0,g
659,shanes rib shack,two meat plate boneless wings,33,g,210,mg,170,g,27,g,54,g,5,g,0,g,1,g,1,g
660,shanes rib shack,two meat plate chopped bbq chicken,7,g,80,mg,850,g,8,g,32,g,0,g,0,g,0,g,6,g
661,shanes rib shack,two meat plate chopped bbq pork,24,g,80,mg,650,g,22,g,22,g,6,g,0,g,0,g,20,g
662,shanes rib shack,two meat plate fried tenders,40,g,210,mg,820,g,33,g,75,g,6,g,0.5,g,1,g,1,g
663,shanes rib shack,two meat plate grilled tenders,15,g,170,mg,1030,g,1,g,71,g,2,g,0,g,0,g,0,g
664,shanes rib shack,two meat plate half chicken,68,g,280,mg,1330,g,23,g,89,g,14,g,0,g,0,g,18,g
665,shanes rib shack,two meat plate ribs,52,g,155,mg,950,g,16,g,42,g,14,g,0.5,g,0,g,12,g
666,shanes rib shack,two meat plate smoked wings,46,g,160,mg,1530,g,1,g,26,g,9,g,0,g,0,g,0,g
667,shanes rib shack,two meat plate traditional wings,46,g,160,mg,120,g,0,g,25,g,9,g,0,g,0,g,0,g
668,sharkys woodfired mexican grill,1 2 naked chicken tostada salad with baby greens,8,g,40,mg,1590,g,71,g,42,g,1.5,g,0,g,14,g,8,g
669,sharkys woodfired mexican grill,1 2 naked chicken tostada salad with baby kale,8,g,40,mg,1620,g,73,g,42,g,1.5,g,0,g,15,g,9,g
670,sharkys woodfired mexican grill,1 2 naked chicken tostada salad with baby kale with baby spinach,8,g,40,mg,1610,g,72,g,41,g,1.5,g,0,g,15,g,8,g
671,sharkys woodfired mexican grill,4 cheese pizza,51,g,200,mg,2560,g,84,g,78,g,28,g,0,g,8,g,8,g
672,sharkys woodfired mexican grill,4 cheese quesadilla with baby spinach,49,g,215,mg,2040,g,43,g,71,g,29,g,0,g,6,g,4,g
673,sharkys woodfired mexican grill,aj bowl with baby spinach,8,g,0,mg,960,g,56,g,17,g,1,g,0,g,16,g,4,g
674,sharkys woodfired mexican grill,california taco,11,g,60,mg,610,g,17,g,21,g,4.5,g,0,g,2,g,1,g
675,sharkys woodfired mexican grill,chicken and cheese roll up,16,g,80,mg,820,g,21,g,32,g,9,g,0,g,2,g,0,g
676,sharkys woodfired mexican grill,chicken lettuce wraps,15,g,80,mg,870,g,34,g,37,g,3,g,0,g,9,g,21,g
677,sharkys woodfired mexican grill,chicken taquitos,34,g,35,mg,1550,g,82,g,39,g,10,g,0,g,14,g,7,g
678,sharkys woodfired mexican grill,chicken tortilla soup,26,g,70,mg,1610,g,49,g,33,g,4.5,g,0,g,7,g,3,g
679,sharkys woodfired mexican grill,chipotle bbq chicken pizza,44,g,175,mg,2790,g,95,g,71,g,22,g,0,g,7,g,21,g
680,sharkys woodfired mexican grill,fajita bowl,26,g,110,mg,2730,g,117,g,52,g,8,g,0,g,17,g,11,g
681,sharkys woodfired mexican grill,fajita burrito,20,g,80,mg,2310,g,101,g,56,g,4,g,0,g,19,g,9,g
682,sharkys woodfired mexican grill,fajita lite burrito,16,g,80,mg,2170,g,91,g,55,g,3,g,0,g,17,g,8,g
683,sharkys woodfired mexican grill,fajita taco,13,g,60,mg,530,g,31,g,23,g,5,g,0,g,5,g,2,g
684,sharkys woodfired mexican grill,fiesta burrito,34,g,145,mg,2140,g,84,g,64,g,16,g,0,g,14,g,5,g
685,sharkys woodfired mexican grill,fish or shrimp,15,g,110,mg,1810,g,91,g,50,g,7,g,0,g,12,g,5,g
686,sharkys woodfired mexican grill,fish or shrimp taco,9,g,105,mg,830,g,29,g,17,g,3,g,0,g,3,g,2,g
687,sharkys woodfired mexican grill,full nachos,153,g,320,mg,2840,g,243,g,135,g,45,g,1,g,39,g,7,g
688,sharkys woodfired mexican grill,full power plate,21,g,0,mg,910,g,25,g,50,g,0,g,0,g,17,g,7,g
689,sharkys woodfired mexican grill,grilled organic tofu and vegetables,17,g,0,mg,1730,g,90,g,42,g,1.5,g,0,g,19,g,7,g
690,sharkys woodfired mexican grill,half numex caesar salad,30,g,55,mg,980,g,24,g,31,g,7,g,0,g,6,g,4,g
691,sharkys woodfired mexican grill,half power plate,7,g,105,mg,770,g,9,g,45,g,1.5,g,0,g,5,g,4,g
692,sharkys woodfired mexican grill,half sharkys salad,13,g,40,mg,690,g,36,g,20,g,2,g,0,g,6,g,18,g
693,sharkys woodfired mexican grill,kids bowl,3.5,g,40,mg,920,g,41,g,27,g,0.5,g,0,g,8,g,2,g
694,sharkys woodfired mexican grill,kids cheese quesadilla,17,g,80,mg,1450,g,63,g,43,g,9,g,0,g,10,g,2,g
695,sharkys woodfired mexican grill,kids power plate,6,g,65,mg,560,g,6,g,25,g,1,g,0,g,3,g,3,g
696,sharkys woodfired mexican grill,nachos half,54,g,95,mg,1960,g,128,g,70,g,7,g,0,g,21,g,8,g
697,sharkys woodfired mexican grill,naked chicken fajita bowl,10,g,80,mg,2000,g,69,g,47,g,2,g,0,g,13,g,10,g
698,sharkys woodfired mexican grill,naked chicken tostada salad with baby greens,13,g,85,mg,2580,g,98,g,73,g,2.5,g,0,g,17,g,10,g
699,sharkys woodfired mexican grill,naked chicken tostada salad with baby kale,14,g,85,mg,2660,g,102,g,73,g,2.5,g,0,g,19,g,12,g
700,sharkys woodfired mexican grill,naked chicken tostada salad with baby spinach,13,g,85,mg,2620,g,99,g,72,g,2.5,g,0,g,19,g,10,g
701,sharkys woodfired mexican grill,naked sharkys chicken salad with baby kale,10,g,80,mg,970,g,42,g,36,g,2,g,0,g,8,g,32,g
702,sharkys woodfired mexican grill,naked sharkys chicken salad with baby spinach,10,g,80,mg,950,g,40,g,35,g,2,g,0,g,8,g,31,g
703,sharkys woodfired mexican grill,naked sharkys chicken salad with lettuce mix,10,g,80,mg,880,g,39,g,34,g,2,g,0,g,8,g,32,g
704,sharkys woodfired mexican grill,numex caesar salad,52,g,105,mg,1590,g,41,g,51,g,10,g,0,g,9,g,6,g
705,sharkys woodfired mexican grill,organic bean and cheese burrito,21,g,40,mg,1530,g,94,g,35,g,11,g,0,g,17,g,3,g
706,sharkys woodfired mexican grill,organic black beans and cheese burito,15,g,40,mg,1180,g,79,g,35,g,9,g,0,g,16,g,3,g
707,sharkys woodfired mexican grill,organic pinto beans and cheese burito,15,g,40,mg,1180,g,79,g,35,g,9,g,0,g,16,g,3,g
708,sharkys woodfired mexican grill,organic tofu and vegetables taco,8,g,0,mg,350,g,33,g,10,g,0,g,0,g,7,g,3,g
709,sharkys woodfired mexican grill,original taco,4.5,g,35,mg,480,g,16,g,16,g,0.5,g,0,g,1,g,1,g
710,sharkys woodfired mexican grill,santa fe burrito,26,g,120,mg,1950,g,46,g,52,g,11,g,0,g,8,g,5,g
711,sharkys woodfired mexican grill,santa fe lite burrito,15,g,85,mg,2110,g,48,g,57,g,3,g,0,g,8,g,7,g
712,sharkys woodfired mexican grill,sharkys burrito,9,g,80,mg,1860,g,78,g,52,g,2,g,0,g,11,g,3,g
713,sharkys woodfired mexican grill,sharkys salad,26,g,80,mg,1330,g,69,g,39,g,4,g,0,g,11,g,37,g
714,sharkys woodfired mexican grill,soup and numex side salad,55,g,85,mg,2430,g,71,g,50,g,11,g,0,g,11,g,5,g
715,sharkys woodfired mexican grill,stacked chicken enchiladas,30,g,160,mg,2630,g,101,g,67,g,17,g,0,g,14,g,9,g
716,sharkys woodfired mexican grill,superfood salad harvest quinoa,35,g,15,mg,380,g,49,g,16,g,5,g,0,g,11,g,21,g
717,sharkys woodfired mexican grill,superfood salad sharkys quinoa,22,g,0,mg,350,g,36,g,9,g,2,g,0,g,14,g,8,g
718,sharkys woodfired mexican grill,the aj burrito,11,g,0,mg,1230,g,84,g,25,g,2,g,0,g,16,g,4,g
719,sharkys woodfired mexican grill,tostada salad,66,g,150,mg,2660,g,114,g,66,g,19,g,0,g,16,g,8,g
720,sharkys woodfired mexican grill,wild salmon lite burrito,20,g,75,mg,980,g,64,g,42,g,3,g,0,g,8,g,7,g
721,shoeless joes sports grill,1000 island dressing,38,g,30,mg,300,g,2,g,0,g,6,g,0,g,0,g,2,g
722,shoeless joes sports grill,add chicken to salad,17,g,125,mg,1630,g,4,g,33,g,3,g,0,g,0,g,0,g
723,shoeless joes sports grill,add chopped steak to salad,8,g,50,mg,360,g,7,g,21,g,3,g,0.5,g,0,g,6,g
724,shoeless joes sports grill,add salmon to salad,12,g,50,mg,1110,g,1,g,18,g,2.5,g,0,g,0,g,0,g
725,shoeless joes sports grill,add shrimp to salad,9,g,115,mg,280,g,2,g,17,g,1.5,g,0,g,0,g,0,g
726,shoeless joes sports grill,all star platter,94,g,505,mg,5590,g,166,g,73,g,26,g,0,g,10,g,22,g
727,shoeless joes sports grill,amber ale battered fish and chips 1 piece,55,g,90,mg,3340,g,137,g,53,g,10,g,0,g,12,g,23,g
728,shoeless joes sports grill,amber ale battered fish and chips 2 piece,65,g,10,mg,4470,g,165,g,62,g,11,g,0,g,13,g,29,g
729,shoeless joes sports grill,asian chicken bites,24,g,80,mg,1380,g,31,g,36,g,2,g,0,g,2,g,8,g
730,shoeless joes sports grill,baked potato with butter and sour cream,32,g,75,mg,470,g,69,g,8,g,17,g,1,g,7,g,6,g
731,shoeless joes sports grill,balsamic vinaigrette dressing,15,g,0,mg,470,g,7,g,0,g,1.5,g,0,g,0,g,6,g
732,shoeless joes sports grill,berry pecan salad,42,g,15,mg,360,g,26,g,10,g,7,g,0,g,8,g,16,g
733,shoeless joes sports grill,blue cheese dressing,31,g,35,mg,560,g,4,g,2,g,4.5,g,0,g,0,g,4,g
734,shoeless joes sports grill,boom shakalaka bowl,41,g,220,mg,1930,g,125,g,29,g,12,g,1,g,15,g,10,g
735,shoeless joes sports grill,broccoli cheese soup,13,g,25,mg,1730,g,24,g,9,g,5,g,0,g,4,g,7,g
736,shoeless joes sports grill,buffalo cauliflower no dip,18,g,30,mg,2990,g,66,g,12,g,8,g,0.5,g,7,g,5,g
737,shoeless joes sports grill,buffalo chicken flatbread,60,g,75,mg,2680,g,102,g,67,g,19,g,0.5,g,5,g,8,g
738,shoeless joes sports grill,buffalo chicken wrap,40,g,60,mg,2300,g,80,g,40,g,11,g,0.5,g,5,g,14,g
739,shoeless joes sports grill,cab steak frites,34,g,130,mg,1890,g,48,g,53,g,9,g,0.5,g,7,g,3,g
740,shoeless joes sports grill,caesar dressing,33,g,25,mg,390,g,3,g,2,g,3,g,0,g,0,g,1,g
741,shoeless joes sports grill,caesar side salad with bacon,22,g,25,mg,370,g,10,g,8,g,4,g,0,g,2,g,2,g
742,shoeless joes sports grill,calamari,25,g,540,mg,1590,g,36,g,38,g,35,g,2.5,g,2,g,12,g
743,shoeless joes sports grill,california garden wrap,37,g,20,mg,910,g,100,g,21,g,10,g,0,g,13,g,8,g
744,shoeless joes sports grill,caramel pretzel bites,22,g,20,mg,1320,g,191,g,21,g,16,g,0,g,6,g,90,g
745,shoeless joes sports grill,cheesecake factory godiva double chocolate cheesecake,46,g,145,mg,310,g,50,g,8,g,29,g,1.5,g,3,g,37,g
746,shoeless joes sports grill,cheesecake factory original cheesecake,32,g,155,mg,420,g,49,g,9,g,20,g,1.5,g,1,g,38,g
747,shoeless joes sports grill,cheesecake factory white chocolate raspberry cheesecake,42,g,165,mg,360,g,51,g,7,g,27,g,1.5,g,1,g,41,g
748,shoeless joes sports grill,chicken cheddar and broccoli soup,11,g,20,mg,1800,g,31,g,11,g,0,g,0,g,4,g,2,g
749,shoeless joes sports grill,chicken cordon blue,91,g,325,mg,1670,g,85,g,55,g,39,g,0,g,6,g,9,g
750,shoeless joes sports grill,chicken noodle soup,3.5,g,25,mg,1530,g,24,g,9,g,1,g,0,g,2,g,4,g
751,shoeless joes sports grill,chipotle bbq sauce,0,g,0,mg,530,g,30,g,2,g,0,g,0,g,2,g,21,g
752,shoeless joes sports grill,chipotle chili sauce,1,g,0,mg,880,g,4,g,0,g,0,g,0,g,1,g,1,g
753,shoeless joes sports grill,chipotle ranch dressing,20,g,15,mg,430,g,4,g,1,g,2.5,g,0,g,0,g,2,g
754,shoeless joes sports grill,chipotle southwest salad,50,g,120,mg,1940,g,19,g,44,g,13,g,0.5,g,3,g,6,g
755,shoeless joes sports grill,chorizo and sweet pear flatbread,58,g,130,mg,2190,g,122,g,50,g,22,g,0,g,4,g,5,g
756,shoeless joes sports grill,chunky chocolate crunch,32,g,15,mg,200,g,92,g,9,g,16,g,0,g,4,g,54,g
757,shoeless joes sports grill,clam chowder,13,g,20,mg,1690,g,29,g,9,g,1,g,0,g,2,g,2,g
758,shoeless joes sports grill,coconut shrimp,29,g,80,mg,2320,g,40,g,14,g,17,g,0,g,3,g,17,g
759,shoeless joes sports grill,cosmo cheesecake,36,g,35,mg,340,g,45,g,7,g,25,g,0,g,2,g,31,g
760,shoeless joes sports grill,cream of mushroom soup,15,g,25,mg,1580,g,27,g,9,g,5,g,0,g,5,g,7,g
761,shoeless joes sports grill,creole chicken gumbo,1,g,10,mg,1510,g,25,g,7,g,0,g,0,g,0,g,5,g
762,shoeless joes sports grill,crispy chicken tenders and fries no dip,51,g,90,mg,3180,g,182,g,45,g,6,g,0,g,4,g,10,g
763,shoeless joes sports grill,crispy shrimp noodle bowl,41,g,340,mg,2280,g,147,g,47,g,9,g,0,g,8,g,36,g
764,shoeless joes sports grill,deep fried pickles,28,g,15,mg,3310,g,75,g,10,g,3.5,g,0,g,7,g,12,g
765,shoeless joes sports grill,double stacked nachos,104,g,80,mg,4740,g,180,g,108,g,58,g,2.5,g,16,g,15,g
766,shoeless joes sports grill,egg noodles,7,g,25,mg,420,g,100,g,18,g,1,g,0,g,4,g,4,g
767,shoeless joes sports grill,field of greens salad no dressing large,0.5,g,0,mg,35,g,28,g,2,g,0,g,0,g,4,g,20,g
768,shoeless joes sports grill,field of greens side salad,0,g,0,mg,15,g,15,g,1,g,0,g,0,g,2,g,10,g
769,shoeless joes sports grill,fish tacos,23,g,105,mg,1980,g,76,g,47,g,7,g,0,g,6,g,6,g
770,shoeless joes sports grill,four cheese french onion soup,16,g,20,mg,1110,g,18,g,15,g,8,g,0.5,g,2,g,7,g
771,shoeless joes sports grill,franks red hot sauce,0,g,0,mg,2020,g,2,g,0,g,0,g,0,g,1,g,1,g
772,shoeless joes sports grill,franks sweet chili sauce,0,g,0,mg,270,g,10,g,0,g,0,g,0,g,0,g,8,g
773,shoeless joes sports grill,freekeh ancient grain rice,2,g,0,mg,65,g,65,g,8,g,0,g,0,g,10,g,0,g
774,shoeless joes sports grill,french onion soup,12,g,25,mg,1100,g,19,g,11,g,6,g,0.5,g,2,g,8,g
775,shoeless joes sports grill,fries,24,g,0,mg,1490,g,78,g,6,g,3.5,g,0,g,9,g,0,g
776,shoeless joes sports grill,garlic dill dressing,28,g,40,mg,160,g,4,g,1,g,1,g,0,g,0,g,3,g
777,shoeless joes sports grill,great ruben sandwich,16,g,90,mg,2710,g,47,g,35,g,5,g,0,g,5,g,22,g
778,shoeless joes sports grill,grilled chicken club sandwich,53,g,160,mg,2630,g,61,g,53,g,17,g,0,g,3,g,4,g
779,shoeless joes sports grill,herbed mushroom and parmesan flatbread,54,g,100,mg,2110,g,147,g,59,g,20,g,0.5,g,7,g,49,g
780,shoeless joes sports grill,hickory bbq sauce,0,g,0,mg,310,g,25,g,1,g,0,g,0,g,0,g,21,g
781,shoeless joes sports grill,homestyle minestrone soup,3.5,g,0,mg,1560,g,33,g,5,g,1,g,0,g,5,g,9,g
782,shoeless joes sports grill,honey dijon dressing,32,g,0,mg,180,g,7,g,0,g,2.5,g,0,g,0,g,6,g
783,shoeless joes sports grill,honey garlic,0,g,0,mg,240,g,47,g,0,g,0,g,0,g,0,g,38,g
784,shoeless joes sports grill,italian wedding soup,8,g,10,mg,1340,g,31,g,11,g,2.5,g,0,g,4,g,2,g
785,shoeless joes sports grill,joes buffalo butter,23,g,60,mg,1200,g,1,g,1,g,15,g,1,g,0,g,0,g
786,shoeless joes sports grill,joes signature smashed burger,71,g,220,mg,1670,g,40,g,38,g,21,g,3,g,3,g,7,g
787,shoeless joes sports grill,kids chicken fingers,12,g,55,mg,630,g,89,g,23,g,1,g,0,g,2,g,32,g
788,shoeless joes sports grill,kids dippin donut bites,20,g,10,mg,400,g,47,g,4,g,10,g,0,g,3,g,27,g
789,shoeless joes sports grill,kids fish n chips,14,g,105,mg,1280,g,28,g,35,g,1.5,g,0,g,1,g,5,g
790,shoeless joes sports grill,kids fries,12,g,0,mg,450,g,39,g,3,g,2,g,0,g,5,g,0,g
791,shoeless joes sports grill,kids grilled chicken,17,g,125,mg,570,g,3,g,33,g,3,g,0,g,0,g,3,g
792,shoeless joes sports grill,kids jell o,0,g,0,mg,40,g,17,g,1,g,0,g,0,g,0,g,17,g
793,shoeless joes sports grill,kids mini beef burgers,26,g,75,mg,340,g,28,g,20,g,9,g,0,g,2,g,4,g
794,shoeless joes sports grill,kids mini cheese burgers,30,g,85,mg,430,g,28,g,20,g,11,g,1.5,g,2,g,4,g
795,shoeless joes sports grill,kids mini oreo,7,g,0,mg,190,g,25,g,2,g,1.5,g,2,g,1,g,14,g
796,shoeless joes sports grill,kids pasta with butter,10,g,30,mg,95,g,31,g,9,g,8,g,0,g,3,g,1,g
797,shoeless joes sports grill,kids pasta with creamy cheese sauce,33,g,75,mg,135,g,55,g,14,g,16,g,0,g,3,g,1,g
798,shoeless joes sports grill,kids pasta with tomato sauce,10,g,0,mg,290,g,59,g,10,g,0.5,g,0,g,3,g,6,g
799,shoeless joes sports grill,kids pizza flatbread cheese,19,g,40,mg,910,g,46,g,28,g,7,g,0,g,2,g,4,g
800,shoeless joes sports grill,korean duck wings,55,g,240,mg,2660,g,13,g,38,g,34,g,0.5,g,0,g,11,g
801,shoeless joes sports grill,korean gochujang beef bowl,32,g,245,mg,1670,g,120,g,43,g,6,g,0.5,g,14,g,31,g
802,shoeless joes sports grill,lattice fries,30,g,0,mg,1840,g,57,g,5,g,4,g,0,g,5,g,0,g
803,shoeless joes sports grill,leek and potato soup,11,g,20,mg,1330,g,25,g,4,g,3.5,g,0,g,2,g,5,g
804,shoeless joes sports grill,lemon herb dressing,18,g,0,mg,20,g,3,g,1,g,1,g,0,g,0,g,3,g
805,shoeless joes sports grill,lemon thyme chicken,48,g,255,mg,1420,g,91,g,77,g,22,g,0.5,g,8,g,35,g
806,shoeless joes sports grill,loaded baked potato,18,g,30,mg,450,g,70,g,11,g,8,g,0.5,g,7,g,6,g
807,shoeless joes sports grill,lumberjack burger,63,g,220,mg,1840,g,52,g,43,g,23,g,3,g,4,g,11,g
808,shoeless joes sports grill,maple bacon caesar salad,57,g,65,mg,1080,g,24,g,16,g,12,g,0.5,g,5,g,8,g
809,shoeless joes sports grill,maple peppercorn bacon and cheddar burger,96,g,250,mg,2010,g,44,g,48,g,29,g,3,g,3,g,11,g
810,shoeless joes sports grill,mashed potato,16,g,45,mg,880,g,37,g,5,g,11,g,0,g,4,g,2,g
811,shoeless joes sports grill,mediterranian chicken rigatoni,82,g,240,mg,2040,g,143,g,64,g,33,g,0.5,g,8,g,7,g
812,shoeless joes sports grill,medium sauce,0,g,0,mg,820,g,13,g,1,g,0,g,0,g,0,g,11,g
813,shoeless joes sports grill,mild sauce,0,g,0,mg,0,g,23,g,1,g,0,g,0,g,0,g,19,g
814,shoeless joes sports grill,mini mac sliders,71,g,180,mg,2100,g,70,g,48,g,25,g,3,g,3,g,18,g
815,shoeless joes sports grill,mushroom and arugula burger,73,g,230,mg,1820,g,41,g,40,g,25,g,3,g,3,g,6,g
816,shoeless joes sports grill,peanut butter stacker sundae,39,g,40,mg,270,g,81,g,7,g,22,g,0.5,g,4,g,57,g
817,shoeless joes sports grill,plain baked potato,5,g,0,mg,260,g,67,g,7,g,0,g,0,g,7,g,5,g
818,shoeless joes sports grill,plum sauce,0,g,0,mg,0,g,35,g,0,g,0,g,0,g,0,g,32,g
819,shoeless joes sports grill,poutine,28,g,20,mg,2250,g,61,g,12,g,5,g,0,g,4,g,0,g
820,shoeless joes sports grill,primo loco quesadilla,69,g,140,mg,3050,g,75,g,45,g,29,g,1.5,g,6,g,8,g
821,shoeless joes sports grill,ranch dressing,21,g,20,mg,430,g,4,g,1,g,2.5,g,0,g,0,g,2,g
822,shoeless joes sports grill,regular chicken wings no sauce or dip,49,g,230,mg,1090,g,25,g,57,g,0,g,0,g,2,g,3,g
823,shoeless joes sports grill,rigatoni bolognese,49,g,75,mg,1720,g,147,g,49,g,12,g,0,g,8,g,7,g
824,shoeless joes sports grill,roasted beet and goat cheese salad,32,g,25,mg,400,g,33,g,19,g,10,g,0,g,10,g,21,g
825,shoeless joes sports grill,salt and vinegar fish sandwich,23,g,65,mg,2210,g,88,g,45,g,4,g,0,g,6,g,11,g
826,shoeless joes sports grill,seasonal vegetables,0,g,0,mg,25,g,11,g,3,g,0,g,0,g,4,g,4,g
827,shoeless joes sports grill,sesame salmon,50,g,95,mg,1760,g,94,g,50,g,8,g,0,g,13,g,20,g
828,shoeless joes sports grill,short rib gnocchi,80,g,135,mg,1390,g,42,g,41,g,32,g,0.5,g,2,g,9,g
829,shoeless joes sports grill,shrimp basil pesto flatbread,42,g,90,mg,2030,g,122,g,50,g,10,g,0.5,g,7,g,9,g
830,shoeless joes sports grill,signature burger sauce,37,g,45,mg,490,g,4,g,1,g,6,g,0,g,6,g,4,g
831,shoeless joes sports grill,slam dunk donut bites,48,g,35,mg,1320,g,187,g,11,g,23,g,0,g,4,g,123,g
832,shoeless joes sports grill,snack chicken wings no sauce or dip,24,g,115,mg,560,g,15,g,29,g,0,g,0,g,2,g,3,g
833,shoeless joes sports grill,spinach artichoke and goat cheese,49,g,115,mg,1520,g,87,g,21,g,23,g,0.5,g,4,g,5,g
834,shoeless joes sports grill,split pea and ham soup,3,g,15,mg,2410,g,15,g,28,g,1,g,0,g,19,g,8,g
835,shoeless joes sports grill,sticky ribs and fries no sauce,75,g,190,mg,3080,g,125,g,57,g,22,g,0,g,11,g,38,g
836,shoeless joes sports grill,sweet potato fries,28,g,0,mg,1180,g,61,g,5,g,1,g,0,g,5,g,20,g
837,shoeless joes sports grill,tartar sauce,9,g,0,mg,0,g,8,g,0,g,1,g,0,g,0,g,6,g
838,shoeless joes sports grill,tennessee style fried chicken sandwich,60,g,225,mg,4560,g,97,g,51,g,10,g,0,g,6,g,7,g
839,shoeless joes sports grill,the beyond burger burger,24,g,0,mg,1870,g,51,g,28,g,9,g,0,g,6,g,10,g
840,shoeless joes sports grill,the closer sandwich,56,g,130,mg,3790,g,110,g,59,g,15,g,0,g,4,g,12,g
841,shoeless joes sports grill,the harvest cobb salad,61,g,305,mg,1130,g,32,g,48,g,12,g,0,g,10,g,14,g
842,shoeless joes sports grill,the tomahawk short rib,102,g,225,mg,1500,g,51,g,49,g,46,g,0,g,7,g,8,g
843,shoeless joes sports grill,the ultimate cookie,43,g,35,mg,710,g,141,g,9,g,20,g,0,g,6,g,88,g
844,shoeless joes sports grill,tomato garden vegetable rotini soup,0,g,0,mg,1360,g,31,g,5,g,0,g,0,g,4,g,13,g
845,shoeless joes sports grill,tomato ravioli soup,2.5,g,10,mg,1710,g,38,g,7,g,0.5,g,0,g,16,g,7,g
846,shoeless joes sports grill,tomato tortellini soup,2,g,0,mg,1310,g,38,g,7,g,0.5,g,0,g,4,g,13,g
847,shoeless joes sports grill,truffle aioli,14,g,10,mg,310,g,5,g,0,g,2,g,0,g,0,g,2,g
848,shoeless joes sports grill,vegetable beef barley soup,2,g,10,mg,1180,g,27,g,9,g,0,g,0,g,5,g,5,g
849,shoeless joes sports grill,zesty italian dressing,12,g,0,mg,740,g,6,g,0,g,0,g,0,g,0,g,4,g
850,silver diner,baja fish tacos,18,g,60,mg,0,g,0,g,0,g,5,g,0,g,7,g,0,g
851,silver diner,black bean quesadilla,24,g,45,mg,0,g,0,g,0,g,8,g,0,g,20,g,0,g
852,silver diner,california,28,g,120,mg,0,g,0,g,0,g,13,g,0,g,6,g,0,g
853,silver diner,champion breakfast,10,g,195,mg,0,g,0,g,0,g,2.5,g,0,g,4,g,0,g
854,silver diner,chicken pizza quesadilla,8,g,30,mg,0,g,0,g,0,g,2.5,g,0,g,6,g,0,g
855,silver diner,firefly farms goat cheese bruschetta,22,g,15,mg,0,g,0,g,0,g,6,g,0,g,5,g,0,g
856,silver diner,greek salad,35,g,50,mg,0,g,0,g,0,g,10,g,0,g,8,g,0,g
857,silver diner,grilled flounder,18,g,85,mg,0,g,0,g,0,g,3,g,0,g,7,g,0,g
858,silver diner,grilled fresh atlantic salmon,27,g,70,mg,0,g,0,g,0,g,5,g,0,g,6,g,0,g
859,silver diner,health shake,0,g,5,mg,0,g,0,g,0,g,0,g,0,g,11,g,0,g
860,silver diner,kids classic shakes,1,g,0,mg,0,g,0,g,0,g,1,g,0,g,4,g,0,g
861,silver diner,kids health shake,2,g,0,mg,0,g,0,g,0,g,0,g,0,g,8,g,0,g
862,silver diner,kids low fat strawberry angel cake,0,g,0,mg,0,g,0,g,0,g,0,g,0,g,4,g,0,g
863,silver diner,kids very berry yogurt shake,1,g,0,mg,0,g,0,g,0,g,1,g,0,g,4,g,0,g
864,silver diner,local honey nut granola greek yogurt parfait,5,g,5,mg,0,g,0,g,0,g,2,g,0,g,5,g,0,g
865,silver diner,low fat mocha or chocolate shake,0,g,5,mg,0,g,0,g,0,g,0,g,0,g,9,g,0,g
866,silver diner,low fat vegetarian,18,g,35,mg,0,g,0,g,0,g,8,g,0,g,4,g,0,g
867,silver diner,mango vegetarian stir fry,5,g,0,mg,0,g,0,g,0,g,1,g,0,g,10,g,0,g
868,silver diner,power breakfast,36,g,75,mg,0,g,0,g,0,g,17,g,0,g,10,g,0,g
869,silver diner,santa cruz chicken,18,g,100,mg,0,g,0,g,0,g,2,g,0,g,7,g,0,g
870,silver diner,sd veggie chili,7,g,0,mg,0,g,0,g,0,g,0,g,0,g,6,g,0,g
871,silver diner,silver dollar pancakes and egg,13,g,185,mg,0,g,0,g,0,g,2.5,g,0,g,3,g,0,g
872,silver diner,summer citrus,22,g,15,mg,0,g,0,g,0,g,6,g,0,g,5,g,0,g
873,silver diner,teriyaki grilled chicken breast,12,g,55,mg,0,g,0,g,0,g,2.5,g,0,g,4,g,0,g
874,silver diner,teriyaki salmon,22,g,65,mg,0,g,0,g,0,g,4,g,0,g,4,g,0,g
875,silver diner,very berry yogurt,3,g,5,mg,0,g,0,g,0,g,0,g,0,g,11,g,0,g
876,silver mine subs,1000 island dressing,20,g,15,mg,390,g,7,g,1,g,3.5,g,0,g,0,g,6,g
877,silver mine subs,12 inch spinach herb tortilla wrap,7,g,0,mg,740,g,51,g,9,g,3,g,0,g,2,g,0,g
878,silver mine subs,12 inch white flour tortilla wrap,7,g,0,mg,740,g,52,g,8,g,3,g,0,g,2,g,0,g
879,silver mine subs,avocado for large sub,3,g,0,mg,90,g,2,g,0,g,0,g,0,g,2,g,0,g
880,silver mine subs,avocado for medium sub,2.5,g,0,mg,65,g,2,g,0,g,0,g,0,g,1,g,0,g
881,silver mine subs,avocado for small sub,1.5,g,0,mg,45,g,1,g,0,g,0,g,0,g,1,g,0,g
882,silver mine subs,bacon for 1 2 large sub,11,g,40,mg,470,g,0,g,9,g,4,g,0,g,0,g,0,g
883,silver mine subs,bacon for 1 2 medium sub and wrap,8,g,30,mg,350,g,0,g,7,g,3,g,0,g,0,g,0,g
884,silver mine subs,bacon for 1 2 small sub,6,g,20,mg,230,g,0,g,5,g,2,g,0,g,0,g,0,g
885,silver mine subs,bacon for large boomtown sub,34,g,115,mg,1400,g,0,g,28,g,11,g,0,g,0,g,0,g
886,silver mine subs,bacon for medium boomtown sub,25,g,85,mg,1050,g,0,g,21,g,9,g,0,g,0,g,0,g
887,silver mine subs,bacon for small boomtown sub,17,g,55,mg,700,g,0,g,14,g,6,g,0,g,0,g,0,g
888,silver mine subs,baked bbq lays chips,3.5,g,0,mg,240,g,24,g,2,g,0,g,0,g,2,g,3,g
889,silver mine subs,baked lays chips,2,g,0,mg,150,g,26,g,2,g,0,g,0,g,2,g,2,g
890,silver mine subs,bbq sauce for large sub,0,g,0,mg,390,g,16,g,0,g,0,g,0,g,0,g,14,g
891,silver mine subs,bbq sauce for medium sub,0,g,0,mg,280,g,12,g,0,g,0,g,0,g,0,g,10,g
892,silver mine subs,bbq sauce for small sub,0,g,0,mg,160,g,7,g,0,g,0,g,0,g,0,g,6,g
893,silver mine subs,black olives for large sub,10,g,0,mg,400,g,4,g,0,g,0,g,0,g,0,g,0,g
894,silver mine subs,black olives for medium sub,7,g,0,mg,280,g,3,g,0,g,0,g,0,g,0,g,0,g
895,silver mine subs,black olives for small sub,4,g,0,mg,160,g,2,g,0,g,0,g,0,g,0,g,0,g
896,silver mine subs,blue cheese dressing,21,g,20,mg,420,g,2,g,1,g,4,g,0,g,0,g,1,g
897,silver mine subs,blue cheese dressing for large sub,9,g,5,mg,190,g,1,g,1,g,1.5,g,0,g,0,g,1,g
898,silver mine subs,blue cheese dressing for medium sub,7,g,10,mg,140,g,1,g,1,g,1.5,g,0,g,0,g,1,g
899,silver mine subs,blue cheese dressing for small sub,4.5,g,5,mg,90,g,0,g,1,g,1,g,0,g,0,g,1,g
900,silver mine subs,boomtown warm sub large,571,g,0,mg,160,g,2706,g,1,g,65,g,21,g,88,g,2,g
901,silver mine subs,boomtown warm sub medium,417,g,0,mg,115,g,2004,g,1,g,48,g,15,g,66,g,1,g
902,silver mine subs,boomtown warm sub small,264,g,0,mg,75,g,1301,g,1,g,30,g,9,g,44,g,1,g
903,silver mine subs,broccoli cheese soup bowl,18,g,70,mg,2330,g,22,g,9,g,9,g,0,g,1,g,9,g
904,silver mine subs,broccoli cheese soup cup,9,g,35,mg,1170,g,11,g,5,g,4.5,g,0,g,1,g,4,g
905,silver mine subs,buffalo stampede warm sub large,231,g,0,mg,125,g,3492,g,4,g,27,g,11,g,91,g,0,g
906,silver mine subs,buffalo stampede warm sub medium,165,g,0,mg,90,g,2597,g,3,g,19,g,7,g,69,g,1,g
907,silver mine subs,buffalo stampede warm sub small,98,g,0,mg,55,g,1697,g,2,g,11,g,4,g,46,g,1,g
908,silver mine subs,caesar creamy dressing,18,g,20,mg,460,g,3,g,2,g,3.5,g,0,g,0,g,2,g
909,silver mine subs,california gulch cold sub large,80,g,160,mg,2530,g,95,g,73,g,22,g,0,g,3,g,2,g
910,silver mine subs,california gulch cold sub medium,54,g,110,mg,1760,g,70,g,50,g,15,g,0,g,2,g,1,g
911,silver mine subs,california gulch cold sub small,27,g,55,mg,1000,g,46,g,28,g,7,g,0,g,1,g,1,g
912,silver mine subs,caribou cold sub large,49,g,110,mg,2600,g,93,g,57,g,17,g,0,g,4,g,2,g
913,silver mine subs,caribou cold sub medium,34,g,75,mg,1820,g,69,g,40,g,11,g,0,g,3,g,1,g
914,silver mine subs,caribou cold sub small,20,g,40,mg,1050,g,46,g,23,g,6,g,0,g,2,g,1,g
915,silver mine subs,caribou lowfat sub large,8,g,40,mg,1900,g,90,g,36,g,0,g,0,g,4,g,2,g
916,silver mine subs,caribou lowfat sub medium,6,g,25,mg,1350,g,67,g,26,g,0,g,0,g,3,g,1,g
917,silver mine subs,caribou lowfat sub small,4,g,15,mg,800,g,45,g,16,g,0,g,0,g,2,g,1,g
918,silver mine subs,celery scoop,0,g,0,mg,10,g,0,g,0,g,0,g,0,g,0,g,0,g
919,silver mine subs,cheddar cheese for double large sub,24,g,80,mg,480,g,3,g,19,g,13,g,0,g,0,g,0,g
920,silver mine subs,cheddar cheese for double medium sub,18,g,60,mg,360,g,2,g,14,g,10,g,0,g,0,g,0,g
921,silver mine subs,cheddar cheese for large sub,12,g,40,mg,240,g,1,g,9,g,7,g,0,g,0,g,0,g
922,silver mine subs,cheddar cheese for medium and double small sub,9,g,30,mg,180,g,1,g,7,g,5,g,0,g,0,g,0,g
923,silver mine subs,cheddar cheese for small and kids meal,6,g,20,mg,120,g,1,g,5,g,3.5,g,0,g,0,g,0,g
924,silver mine subs,cheetos,21,g,0,mg,580,g,30,g,3,g,4,g,0,g,1,g,2,g
925,silver mine subs,chef salad,4,g,55,mg,1310,g,12,g,21,g,1.5,g,0,g,8,g,3,g
926,silver mine subs,chicken caesar feta salad,12,g,70,mg,650,g,14,g,21,g,6,g,0,g,8,g,4,g
927,silver mine subs,chili bowl,26,g,110,mg,2300,g,40,g,42,g,10,g,0,g,8,g,8,g
928,silver mine subs,chili cup,13,g,55,mg,1150,g,20,g,21,g,5,g,0,g,4,g,4,g
929,silver mine subs,chocolate chunk cookie,15,g,5,mg,370,g,59,g,5,g,7,g,0,g,1,g,35,g
930,silver mine subs,cholula hot sauce,0,g,0,mg,85,g,0,g,0,g,0,g,0,g,0,g,0,g
931,silver mine subs,claim jumper wrap,38,g,80,mg,1690,g,57,g,27,g,14,g,0,g,4,g,2,g
932,silver mine subs,coeur dalene lowfat sub large,9,g,75,mg,2410,g,84,g,49,g,3,g,0,g,0,g,0,g
933,silver mine subs,coeur dalene lowfat sub medium,7,g,55,mg,1810,g,63,g,37,g,2,g,0,g,0,g,0,g
934,silver mine subs,coeur dalene lowfat sub small,4.5,g,40,mg,1200,g,42,g,25,g,2,g,0,g,0,g,0,g
935,silver mine subs,coeur dalene warm sub large,196,g,0,mg,105,g,2706,g,0,g,21,g,10,g,85,g,0,g
936,silver mine subs,coeur dalene warm sub medium,138,g,0,mg,75,g,2005,g,0,g,15,g,7,g,64,g,0,g
937,silver mine subs,coeur dalene warm sub small,80,g,0,mg,50,g,1303,g,0,g,9,g,4,g,42,g,0,g
938,silver mine subs,coke large,0,g,0,mg,140,g,108,g,0,g,0,g,0,g,0,g,108,g
939,silver mine subs,coke regular,0,g,0,mg,105,g,81,g,0,g,0,g,0,g,0,g,81,g
940,silver mine subs,comstock cold sub large,38,g,120,mg,2860,g,88,g,61,g,13,g,0,g,2,g,1,g
941,silver mine subs,comstock cold sub medium,27,g,80,mg,1990,g,66,g,43,g,9,g,0,g,1,g,1,g
942,silver mine subs,comstock cold sub small,15,g,45,mg,1120,g,44,g,24,g,4,g,0,g,1,g,1,g
943,silver mine subs,comstock lowfat sub large,9,g,80,mg,2470,g,87,g,51,g,3,g,0,g,2,g,1,g
944,silver mine subs,comstock lowfat sub medium,7,g,50,mg,1720,g,65,g,36,g,2,g,0,g,1,g,1,g
945,silver mine subs,comstock lowfat sub small,3.5,g,25,mg,980,g,44,g,20,g,1,g,0,g,1,g,1,g
946,silver mine subs,cool ranch doritos,13,g,0,mg,320,g,31,g,3,g,2,g,0,g,3,g,2,g
947,silver mine subs,creamy caesar dressing for chicken caesar feta wrap,13,g,15,mg,320,g,1,g,1,g,2.5,g,0,g,0,g,0,g
948,silver mine subs,cripple creek warm sub large,390,g,0,mg,140,g,2259,g,4,g,46,g,15,g,93,g,2,g
949,silver mine subs,cripple creek warm sub medium,296,g,0,mg,105,g,1670,g,3,g,33,g,11,g,70,g,1,g
950,silver mine subs,cripple creek warm sub small,184,g,0,mg,65,g,1077,g,2,g,21,g,6,g,47,g,1,g
951,silver mine subs,croutons,1,g,0,mg,100,g,5,g,1,g,0,g,0,g,0,g,0,g
952,silver mine subs,cucumbers for entree salads,0,g,0,mg,0,g,1,g,0,g,0,g,0,g,0,g,0,g
953,silver mine subs,cucumbers for large sub,0,g,0,mg,0,g,1,g,0,g,0,g,0,g,0,g,1,g
954,silver mine subs,cucumbers for medium and chicken caesar feta wrap,0,g,0,mg,0,g,1,g,0,g,0,g,0,g,0,g,0,g
955,silver mine subs,cucumbers for side salad,0,g,0,mg,0,g,0,g,0,g,0,g,0,g,0,g,0,g
956,silver mine subs,cucumbers for small sub,0,g,0,mg,0,g,1,g,0,g,0,g,0,g,0,g,0,g
957,silver mine subs,deluxe fudge brownie,22,g,35,mg,260,g,57,g,6,g,6,g,0,g,3,g,37,g
958,silver mine subs,diet coke large,0,g,0,mg,120,g,0,g,0,g,0,g,0,g,0,g,0,g
959,silver mine subs,diet coke regualr,0,g,0,mg,90,g,0,g,0,g,0,g,0,g,0,g,0,g
960,silver mine subs,dijon mustard for large sub,0,g,0,mg,480,g,0,g,0,g,0,g,0,g,1,g,0,g
961,silver mine subs,dijon mustard for medium sub,0,g,0,mg,360,g,0,g,0,g,0,g,0,g,1,g,0,g
962,silver mine subs,dijon mustard for small sub,0,g,0,mg,240,g,0,g,0,g,0,g,0,g,1,g,0,g
963,silver mine subs,dodge city cold sub large,91,g,185,mg,3550,g,91,g,54,g,32,g,0,g,2,g,1,g
964,silver mine subs,dodge city cold sub medium,65,g,130,mg,2520,g,68,g,38,g,22,g,0,g,2,g,1,g
965,silver mine subs,dodge city cold sub small,38,g,75,mg,1480,g,46,g,23,g,12,g,0,g,1,g,1,g
966,silver mine subs,fat free ranch dressing,0,g,0,mg,410,g,14,g,0,g,0,g,0,g,0,g,3,g
967,silver mine subs,feta cheese for chicken caesar feta wrap and medium sub,6,g,20,mg,320,g,1,g,5,g,4,g,0,g,0,g,0,g
968,silver mine subs,feta cheese for large sub,9,g,30,mg,480,g,2,g,8,g,6,g,0,g,0,g,0,g
969,silver mine subs,feta cheese for small sub,3,g,10,mg,160,g,1,g,3,g,2,g,0,g,0,g,0,g
970,silver mine subs,franks red hot sauce for small sub,0,g,0,mg,850,g,0,g,0,g,0,g,0,g,0,g,0,g
971,silver mine subs,franks red hot sauce for large sub,0,g,0,mg,1710,g,0,g,0,g,0,g,0,g,0,g,0,g
972,silver mine subs,franks red hot sauce for medium sub,0,g,0,mg,1280,g,0,g,0,g,0,g,0,g,0,g,0,g
973,silver mine subs,frontier warm sub large,298,g,0,mg,135,g,2471,g,17,g,35,g,13,g,106,g,0,g
974,silver mine subs,frontier warm sub medium,215,g,0,mg,100,g,1815,g,13,g,25,g,9,g,80,g,0,g
975,silver mine subs,frontier warm sub small,132,g,0,mg,60,g,1150,g,7,g,15,g,6,g,52,g,1,g
976,silver mine subs,fruit cup,0,g,0,mg,10,g,19,g,0,g,0,g,0,g,1,g,17,g
977,silver mine subs,garden salad,0,g,0,mg,15,g,10,g,1,g,0,g,0,g,8,g,2,g
978,silver mine subs,garden salsa sun chips,9,g,0,mg,210,g,29,g,3,g,1.5,g,0,g,4,g,3,g
979,silver mine subs,georgetown cold sub large,43,g,115,mg,2830,g,92,g,56,g,13,g,0,g,3,g,2,g
980,silver mine subs,georgetown cold sub medium,31,g,80,mg,2030,g,69,g,40,g,9,g,0,g,2,g,1,g
981,silver mine subs,georgetown cold sub small,19,g,45,mg,1210,g,46,g,24,g,5,g,0,g,2,g,1,g
982,silver mine subs,ghost town wrap,38,g,100,mg,1710,g,60,g,36,g,14,g,0,g,4,g,3,g
983,silver mine subs,golden italian dressing,11,g,0,mg,310,g,2,g,0,g,2,g,0,g,0,g,2,g
984,silver mine subs,green peppers for large sub,0,g,0,mg,0,g,2,g,0,g,0,g,0,g,1,g,1,g
985,silver mine subs,green peppers for medium sub,0,g,0,mg,0,g,1,g,0,g,0,g,0,g,0,g,0,g
986,silver mine subs,green peppers for small sub,0,g,0,mg,0,g,1,g,0,g,0,g,0,g,0,g,0,g
987,silver mine subs,grilled chicken for large cripple creek and frontier sub,8,g,65,mg,410,g,4,g,20,g,2.5,g,0,g,0,g,3,g
988,silver mine subs,grilled chicken for large splume and buff stampede sub,11,g,95,mg,580,g,6,g,28,g,3.5,g,0,g,0,g,4,g
989,silver mine subs,grilled chicken for medium cripple creek and frontier sub and wrap,6,g,50,mg,310,g,3,g,15,g,2,g,0,g,0,g,2,g
990,silver mine subs,grilled chicken for medium silver plume and buff stampede sub,8,g,70,mg,430,g,4,g,21,g,3,g,0,g,0,g,3,g
991,silver mine subs,grilled chicken for small cripple and frontier sub,4,g,35,mg,210,g,2,g,10,g,1.5,g,0,g,0,g,1,g
992,silver mine subs,grilled chicken for small silver plume and buff stampede sub,6,g,45,mg,290,g,3,g,14,g,2,g,0,g,0,g,2,g
993,silver mine subs,grilled chicken meat on chicken caesar feta salad,6,g,50,mg,310,g,3,g,15,g,2,g,0,g,0,g,2,g
994,silver mine subs,grilled chicken meat on grilled chicken salad,7,g,60,mg,360,g,4,g,18,g,2.5,g,0,g,0,g,2,g
995,silver mine subs,grilled chicken salad,7,g,60,mg,380,g,14,g,18,g,2.5,g,0,g,8,g,4,g
996,silver mine subs,ham for 1 2 large sub,4,g,40,mg,1040,g,2,g,15,g,2,g,0,g,0,g,2,g
997,silver mine subs,ham for 1 2 small sub kids sub and claim jumper wrap,1.5,g,15,mg,350,g,1,g,5,g,0.5,g,0,g,0,g,1,g
998,silver mine subs,ham for large sub,8,g,85,mg,2070,g,4,g,29,g,4,g,0,g,0,g,3,g
999,silver mine subs,ham for medium sub,6,g,55,mg,1380,g,3,g,19,g,2.5,g,0,g,0,g,2,g
