,Restaurant Name,Food Name,Total Fat Amount,Total Fat Unit,Cholesterol Amount,Cholesterol Unit,Sodium Amount,Sodium Unit,Total Carbohydrate Amount,Total Carbohydrate Unit,Protein Amount,Protein Unit,Saturated Fat Amount,Saturated Fat Unit,Trans Fat Amount,Trans Fat Unit,Dietary Fiber Amount,Dietary Fiber Unit,Sugars Amount,Sugars Unit,Polyunsaturated Fat Amount,Polyunsaturated Fat Unit,Monounsaturated Fat Amount,Monounsaturated Fat Unit
0,wawa,greek quinoa grain bowl,22,g,95,mg,1570,g,56,g,44,g,6,g,0,g,0,g,7,g,,,,
1,wawa,cheese steak mac and cheese hot bowl,39,g,95,mg,1970,g,58,g,41,g,17,g,0,g,1,g,9,g,,,,
2,wawa,roasted chicken strips 3 pieces without dipping sauce,3,g,75,mg,650,g,2,g,23,g,0.5,g,0,g,0,g,1,g,,,,
3,wawa,grab and go turkey cheddar pinwheels,13,g,45,mg,830,g,30,g,20,g,5,g,0,g,3,g,6,g,,,,
4,wawa,garlic bread shorti,29,g,20,mg,750,g,49,g,11,g,6,g,0,g,2,g,1,g,,,,
5,wawa,grab and go grilled chicken with broccoli,10,g,90,mg,700,g,7,g,33,g,4,g,0,g,0,g,2,g,,,,
6,wawa,applewood smoked bacon mac and cheese hot bowl,36,g,70,mg,1800,g,56,g,30,g,15,g,0,g,1,g,8,g,,,,
7,wawa,grab and go jalapeno stuffed pretzel,6,g,15,mg,570,g,40,g,8,g,2.5,g,0,g,0,g,2,g,,,,
8,wawa,greek gyro meat bowl,50,g,80,mg,1580,g,70,g,37,g,20,g,0,g,0,g,9,g,,,,
9,wawa,grab and go pepperoni and cheese with crackers,46,g,125,mg,1480,g,10,g,25,g,24,g,0.5,g,0,g,0,g,,,,
10,wawa,grab and go macaroni salad,26,g,20,mg,590,g,27,g,4,g,4.5,g,0,g,1,g,8,g,,,,
11,wawa,grab and go italian pinwheel,29,g,55,mg,1300,g,30,g,19,g,10,g,0,g,3,g,4,g,,,,
12,wawa,grab and go potato salad,15,g,10,mg,520,g,23,g,2,g,2.5,g,0,g,3,g,7,g,,,,
13,wawa,grab and go grilled chicken breast protein meal,8,g,160,mg,1320,g,4,g,62,g,1,g,0,g,0,g,0,g,,,,
14,wawa,bbq brisket mac and cheese bowl,49,g,120,mg,2850,g,75,g,55,g,22,g,0,g,1,g,24,g,,,,
15,wawa,classic garlic bread,44,g,30,mg,1100,g,71,g,16,g,9,g,0,g,2,g,2,g,,,,
16,wawa,grab and go small watermelon fruit cup,0,g,0,mg,0,g,17,g,2,g,0,g,0,g,1,g,14,g,,,,
17,wawa,honey hot chicken bowl,53,g,155,mg,1770,g,45,g,20,g,28,g,0,g,0,g,8,g,,,,
18,wawa,hot turkey and mashed potato hot bowl,37,g,130,mg,1960,g,64,g,21,g,22,g,0,g,7,g,6,g,,,,
19,wawa,grab and go red grape fruit cup,0,g,0,mg,0,g,31,g,1,g,0,g,0,g,2,g,26,g,,,,
20,wawa,grab and go small pineapple fruit cup,0,g,0,mg,0,g,22,g,1,g,0,g,0,g,2,g,16,g,,,,
21,wawa,chicken tenders 3 pieces without dipping sauce,9,g,35,mg,820,g,19,g,14,g,0,g,0,g,1,g,1,g,,,,
22,wawa,grab and go chicken empanada,6,g,30,mg,480,g,20,g,12,g,2.5,g,0,g,0,g,2,g,,,,
23,wawa,greek roasted chicken bowl,25,g,95,mg,1590,g,64,g,10,g,8,g,0,g,0,g,8,g,,,,
24,wawa,fiery brisket mac and cheese bowl,49,g,120,mg,3820,g,65,g,55,g,22,g,0,g,1,g,14,g,,,,
25,wawa,greek rice grain bowl,22,g,95,mg,2160,g,64,g,39,g,6,g,0,g,0,g,4,g,,,,
26,wawa,grab and go beef empanada,11,g,45,mg,550,g,21,g,11,g,4.5,g,0,g,0,g,1,g,,,,
27,wawa,grab and go spicy boneless chicken wing meal,40,g,120,mg,0,g,32,g,37,g,6,g,0,g,0,g,3,g,,,,
28,wawa,carrots and celery peanut butter dipper,25,g,0,mg,340,g,22,g,12,g,3.5,g,0,g,6,g,8,g,,,,
29,wawa,pot roast entree platter without sides,15,g,135,mg,720,g,2,g,44,g,3.5,g,0,g,0,g,0,g,,,,
30,wawa,italian grain beyond meatball bowl,29,g,25,mg,4340,g,104,g,38,g,10,g,0,g,0,g,40,g,,,,
31,wawa,cheesy old bay brisket mashed potato bowl,54,g,160,mg,2430,g,53,g,39,g,30,g,0,g,5,g,4,g,,,,
32,wawa,southwest grain bowl,52,g,105,mg,1760,g,65,g,51,g,18,g,0,g,6,g,6,g,,,,
33,wawa,chipotle beyond meatball bowl,33,g,10,mg,1850,g,77,g,19,g,6,g,0,g,1,g,3,g,,,,
34,wawa,sweet potato mashed potato combo bowl,28,g,115,mg,660,g,70,g,6,g,17,g,0,g,3,g,32,g,,,,
35,wawa,cherry pepper brisket mashed potato bowl,75,g,160,mg,2430,g,55,g,38,g,32,g,0,g,5,g,4,g,,,,
36,wawa,pork roast entree platter without sides,7,g,85,mg,600,g,2,g,43,g,3.5,g,0,g,0,g,1,g,,,,
37,wawa,grab and go large mixed fruit cup,0,g,0,mg,40,g,33,g,2,g,0,g,0,g,3,g,28,g,,,,
38,wawa,italian mac beyond meatball bowl,39,g,55,mg,2370,g,60,g,38,g,16,g,0,g,1,g,9,g,,,,
39,wawa,grab and go cheese stuffed pretzel,7,g,20,mg,430,g,42,g,8,g,3.5,g,0,g,0,g,2,g,,,,
40,wawa,breakfast add on creamed chipped beef,4.5,g,0,mg,210,g,4,g,3,g,1,g,0,g,0,g,2,g,,,,
41,wawa,honey hot brisket bowl,70,g,210,mg,2440,g,47,g,42,g,38,g,0,g,0,g,15,g,,,,
42,wawa,grab and go grapes and cheese with crackers,19,g,45,mg,0,g,37,g,14,g,9,g,0,g,1,g,14,g,,,,
43,wawa,spicy veggie beyond meatball bowl,14,g,0,mg,1690,g,14,g,14,g,3.5,g,0,g,1,g,6,g,,,,
44,wawa,grab and go mango fruit cup,0.5,g,0,mg,0,g,25,g,1,g,0,g,0,g,3,g,22,g,,,,
45,wawa,fettuccini alfredo and roasted chicken pasta bowl,39,g,265,mg,2770,g,79,g,75,g,19,g,0,g,0,g,9,g,,,,
46,wawa,roasted veggie alfredo pasta bowl,31,g,70,mg,1690,g,86,g,32,g,17,g,0,g,2,g,13,g,,,,
47,wawa,baked penne meatballs and marinara sauce pasta bowl,70,g,95,mg,3410,g,115,g,41,g,23,g,1.5,g,0,g,26,g,,,,
48,wawa,baked penne marinara and asiago cheese pasta bowl,16,g,25,mg,1430,g,86,g,23,g,8,g,0,g,0,g,14,g,,,,
49,wawa,fettuccini alfredo and broccoli pasta bowl,39,g,115,mg,1810,g,81,g,31,g,19,g,0,g,0,g,9,g,,,,
50,wawa,chicken parm fettuccine and asiago cheese pasta bowl,36,g,120,mg,2130,g,98,g,43,g,11,g,0,g,0,g,13,g,,,,
51,wawa,baked penne and marinara sauce pasta bowl,13,g,20,mg,1310,g,85,g,23,g,5,g,0,g,0,g,14,g,,,,
52,wawa,pesto penne and roasted veggies pasta bowl,41,g,30,mg,990,g,74,g,26,g,12,g,0,g,2,g,6,g,,,,
53,wawa,fettuccini with bolognese and provolone cheese pasta bowl,26,g,95,mg,1390,g,74,g,29,g,9,g,0,g,0,g,6,g,,,,
54,wawa,ravioli and marinara sauce pasta bowl,18,g,65,mg,1640,g,81,g,29,g,9,g,0,g,0,g,15,g,,,,
55,wawa,fettuccini bolognese and asiago cheese pasta bowl,29,g,100,mg,1510,g,75,g,29,g,12,g,0,g,0,g,6,g,,,,
56,wawa,chicken parm and fettuccini pasta bowl,33,g,115,mg,2010,g,97,g,43,g,8,g,0,g,0,g,13,g,,,,
57,wawa,grab and go penne pasta and meatballs with blush sauce,14,g,55,mg,580,g,32,g,15,g,6,g,0,g,0,g,4,g,,,,
58,wawa,ravioli bolognese pasta bowl,25,g,95,mg,1720,g,75,g,36,g,12,g,0,g,0,g,9,g,,,,
59,wawa,ravioli bolognese and asiago cheese pasta bowl,36,g,120,mg,200,g,76,g,44,g,19,g,0,g,0,g,9,g,,,,
60,wawa,chicken quesadilla,12,g,30,mg,1070,g,44,g,28,g,5,g,0,g,1,g,3,g,,,,
61,wawa,buffalo chicken quesadilla with buffalo sauce without cheese,17,g,30,mg,1790,g,46,g,28,g,5,g,0,g,1,g,3,g,,,,
62,wawa,chicken bacon ranch quesadilla,54,g,120,mg,1920,g,46,g,48,g,21,g,0,g,1,g,5,g,,,,
63,wawa,roasted veggie quesadilla,10,g,0,mg,750,g,48,g,8,g,3,g,0,g,3,g,5,g,,,,
64,wawa,beef quesadilla without cheese or toppings,19,g,40,mg,990,g,44,g,22,g,8,g,0,g,1,g,1,g,,,,
65,wawa,pierogi quesadilla,35,g,80,mg,1500,g,61,g,24,g,18,g,0,g,2,g,5,g,20,g,,
66,wawa,pulled pork quesadilla,14,g,50,mg,1130,g,42,g,34,g,6,g,0,g,1,g,1,g,,,,
67,wawa,cheeseburger quesadilla,28,g,70,mg,2310,g,54,g,30,g,13,g,0,g,1,g,9,g,,,,
68,wawa,bbq pork quesadilla with bbq sauce and fresh salsa without cheese,14,g,50,mg,1460,g,60,g,34,g,6,g,0,g,1,g,19,g,,,,
69,wawa,chipotle pork quesadilla,26,g,60,mg,1430,g,44,g,34,g,8,g,0,g,1,g,3,g,,,,
70,wawa,add on feta cheese for salads,6,g,20,mg,490,g,3,g,9,g,4.5,g,0,g,0,g,1,g,,,,
71,wawa,add on vermont cheese,9,g,25,mg,160,g,1,g,6,g,5,g,0,g,0,g,0,g,,,,
72,wawa,add on chipotle ranch salad dressing test,24,g,15,mg,340,g,1,g,0,g,3.5,g,0,g,0,g,1,g,,,,
73,wawa,add on light balsamic vinaigrette salad dressing,6,g,0,mg,490,g,4,g,0,g,1,g,0,g,0,g,3,g,,,,
74,wawa,add on caesar salad dressing,18,g,10,mg,440,g,2,g,1,g,3,g,0,g,0,g,1,g,,,,
75,wawa,add on balsamic salad dressing,10,g,0,mg,420,g,5,g,0,g,1.5,g,0,g,0,g,3,g,,,,
76,wawa,add on honey mustard sauce salad dressing,24,g,40,mg,400,g,8,g,0,g,0,g,0,g,0,g,8,g,,,,
77,wawa,add on ranch salad dressing test,16,g,0,mg,250,g,0,g,0,g,0,g,0,g,0,g,0,g,,,,
78,wawa,add on buttermilk ranch salad dressing,18,g,10,mg,460,g,3,g,1,g,3,g,0,g,0,g,2,g,,,,
79,wawa,fire roasted poblano ranch salad dressing,21,g,15,mg,400,g,2,g,1,g,3.5,g,0,g,0,g,2,g,,,,
80,wawa,add on caesar saad dressing test,25,g,20,mg,370,g,1,g,2,g,4.5,g,0,g,0,g,0,g,,,,
81,wawa,italian bagel melt,19,g,70,mg,1720,g,58,g,30,g,9,g,0,g,4,g,7,g,,,,
82,wawa,grab and go chicken caesar wrap,21,g,75,mg,1230,g,36,g,31,g,5,g,0,g,4,g,4,g,,,,
83,wawa,grab and go buffalo style chicken wrap,10,g,60,mg,1160,g,34,g,25,g,1,g,0,g,4,g,4,g,,,,
84,wawa,grab and go tuna wrap,18,g,45,mg,800,g,42,g,22,g,2.5,g,0,g,4,g,6,g,,,,
85,wawa,grab and go rotisserie chicken salad wrap,16,g,50,mg,1020,g,39,g,19,g,2.5,g,0,g,0,g,5,g,,,,
86,wawa,grab and go spicy chipotle chicken wrap,15,g,80,mg,1130,g,35,g,31,g,4,g,0,g,0,g,5,g,,,,
87,wawa,grab and go turkey and bacon wrap,28,g,80,mg,1240,g,33,g,31,g,7,g,0,g,0,g,4,g,,,,
88,wawa,grab and go philly roast pork wrap,15,g,70,mg,1620,g,34,g,12,g,5,g,0,g,0,g,4,g,,,,
89,wawa,add on cane sugar sweetener for beverages,0,g,0,mg,0,g,9,g,0,g,0,g,0,g,0,g,9,g,,,,
90,wawa,16 oz 1 milk,4.5,g,25,mg,210,g,24,g,16,g,3,g,0,g,0,g,24,g,,,,
91,wawa,16 oz 100 orange juice,0,g,0,mg,15,g,54,g,3,g,0,g,0,g,1,g,47,g,,,,
92,wawa,16 oz 2 milk,10,g,40,mg,230,g,23,g,16,g,6,g,0,g,0,g,23,g,,,,
93,wawa,16 oz banana cream,26,g,95,mg,260,g,85,g,10,g,16,g,1,g,4,g,69,g,,,,
94,wawa,16 oz bananas fosters,32,g,115,mg,390,g,137,g,10,g,20,g,1,g,4,g,113,g,,,,
95,wawa,16 oz black and white milkshake,42,g,160,mg,420,g,93,g,15,g,26,g,1.5,g,0,g,79,g,,,,
96,wawa,16 oz blackberry iced tea,0,g,0,mg,20,g,41,g,0,g,0,g,0,g,0,g,39,g,,,,
97,wawa,16 oz blueberry pomegranate iced lemonade,0,g,0,mg,10,g,53,g,0,g,0,g,0,g,0,g,50,g,,,,
98,wawa,16 oz blueberry pomegranate mango smoothie,0,g,0,mg,20,g,89,g,1,g,0,g,0,g,0,g,85,g,,,,
99,wawa,16 oz blueberry pomegranate mango with oat milk smoothie,2,g,0,mg,35,g,61,g,1,g,0,g,0,g,0,g,55,g,,,,
100,wawa,16 oz blueberry pomegranate mango yogurt smoothie,0,g,0,mg,90,g,73,g,3,g,0,g,0,g,0,g,69,g,,,,
101,wawa,16 oz blueberry pomegranate milkshake,42,g,160,mg,420,g,101,g,15,g,26,g,1.5,g,0,g,88,g,,,,
102,wawa,16 oz blueberry pomegranate smoothie,0,g,0,mg,15,g,77,g,1,g,0,g,0,g,0,g,74,g,,,,
103,wawa,16 oz blueberry pomegranate smoothie with yogurt,0,g,5,mg,120,g,74,g,5,g,0,g,0,g,0,g,69,g,,,,
104,wawa,16 oz blueberry pomegranate with oat milk smoothie,3,g,0,mg,40,g,45,g,2,g,0,g,0,g,0,g,40,g,,,,
105,wawa,16 oz caramel cheesecake smoothie,32,g,110,mg,730,g,97,g,13,g,20,g,0.5,g,1,g,68,g,,,,
106,wawa,16 oz caramel chocolate chip cream,37,g,110,mg,330,g,101,g,10,g,23,g,1,g,2,g,88,g,,,,
107,wawa,16 oz caramel chocolate chip frozen cappuccino,31,g,85,mg,260,g,87,g,8,g,19,g,0.5,g,2,g,76,g,,,,
108,wawa,16 oz caramel cream,32,g,115,mg,390,g,108,g,9,g,20,g,1,g,0,g,92,g,,,,
109,wawa,16 oz caramel double shot frozen cappuccino,22,g,80,mg,260,g,68,g,7,g,14,g,1,g,0,g,58,g,,,,
110,wawa,16 oz caramel frozen cappuccino,25,g,90,mg,330,g,94,g,7,g,16,g,0.5,g,0,g,80,g,,,,
111,wawa,16 oz chai tea frozen latte,10,g,35,mg,100,g,42,g,3,g,6,g,0,g,0,g,39,g,,,,
112,wawa,16 oz chocolate banana cream,26,g,95,mg,280,g,110,g,11,g,17,g,1,g,3,g,86,g,,,,
113,wawa,16 oz chocolate caramel frozen cappuccino,23,g,80,mg,280,g,93,g,8,g,15,g,0.5,g,0,g,81,g,,,,
114,wawa,16 oz chocolate chip flurricane,54,g,160,mg,420,g,119,g,17,g,34,g,1.5,g,3,g,105,g,,,,
115,wawa,16 oz chocolate chocolate chip frozen cappuccino,28,g,75,mg,210,g,85,g,9,g,18,g,0.5,g,2,g,77,g,,,,
116,wawa,16 oz chocolate cookie cheesecake smoothie,33,g,105,mg,580,g,90,g,13,g,20,g,0.5,g,0,g,74,g,,,,
117,wawa,16 oz chocolate cookies and cream frozen cappuccino,24,g,75,mg,280,g,86,g,8,g,14,g,0.5,g,0,g,71,g,,,,
118,wawa,16 oz chocolate cookies and cream milkshake,46,g,160,mg,510,g,136,g,17,g,28,g,1.5,g,0,g,113,g,,,,
119,wawa,16 oz chocolate cookies and cream smoothie,30,g,95,mg,350,g,100,g,11,g,18,g,1,g,0,g,83,g,,,,
120,wawa,16 oz chocolate covered strawberry cream smoothie new,20,g,75,mg,220,g,91,g,8,g,13,g,0.5,g,1,g,81,g,,,,
121,wawa,16 oz chocolate milk,4.5,g,25,mg,400,g,54,g,16,g,3,g,0,g,1,g,51,g,,,,
122,wawa,16 oz chocolate milkshake,42,g,160,mg,490,g,116,g,16,g,27,g,1.5,g,0,g,100,g,,,,
123,wawa,16 oz chocolate mint cookies and cream milkshake,46,g,160,mg,510,g,161,g,17,g,28,g,1.5,g,0,g,138,g,,,,
124,wawa,16 oz coffee milkshake,32,g,120,mg,330,g,70,g,11,g,20,g,1,g,0,g,60,g,,,,
125,wawa,16 oz cookies and cream flavored milk,18,g,75,mg,300,g,82,g,16,g,11,g,0.5,g,1,g,81,g,,,,
126,wawa,16 oz cookies and cream flurricane,54,g,160,mg,650,g,151,g,17,g,30,g,1.5,g,0,g,117,g,,,,
127,wawa,16 oz cookies and cream milkshake,45,g,160,mg,490,g,110,g,15,g,28,g,1.5,g,0,g,91,g,,,,
128,wawa,16 oz diet green tea,0,g,0,mg,15,g,1,g,0,g,0,g,0,g,0,g,0,g,,,,
129,wawa,16 oz diet iced tea w lemon,0,g,0,mg,30,g,2,g,0,g,0,g,0,g,0,g,0,g,,,,
130,wawa,16 oz diet lemonade,0,g,0,mg,20,g,3,g,0,g,0,g,0,g,0,g,1,g,,,,
131,wawa,16 oz diet lemonade tea,0,g,0,mg,25,g,3,g,0,g,0,g,0,g,0,g,2,g,,,,
132,wawa,16 oz diet peach tea,0,g,0,mg,45,g,3,g,0,g,0,g,0,g,0,g,0,g,,,,
133,wawa,16 oz diet raspberry tea,0,g,0,mg,15,g,2,g,0,g,0,g,0,g,0,g,0,g,,,,
134,wawa,16 oz double dutch chocolate milk,18,g,70,mg,360,g,58,g,17,g,11,g,0.5,g,2,g,57,g,,,,
135,wawa,16 oz double shot frozen cappuccino,19,g,75,mg,200,g,42,g,7,g,12,g,0.5,g,0,g,36,g,,,,
136,wawa,16 oz extra sweet tea,0,g,0,mg,15,g,52,g,0,g,0,g,0,g,0,g,50,g,,,,
137,wawa,16 oz frozen blueberry pomegranate lemonade,0,g,0,mg,10,g,89,g,0,g,0,g,0,g,0,g,85,g,,,,
138,wawa,16 oz frozen cappuccino with sugar free caramel sauce,19,g,75,mg,210,g,43,g,7,g,12,g,0.5,g,0,g,36,g,,,,
139,wawa,16 oz frozen lemonade,0,g,0,mg,10,g,96,g,0,g,0,g,0,g,0,g,91,g,,,,
140,wawa,16 oz fruit punch,0,g,0,mg,20,g,58,g,0,g,0,g,0,g,0,g,57,g,,,,
141,wawa,16 oz green tea,0,g,0,mg,15,g,35,g,0,g,0,g,0,g,0,g,34,g,,,,
142,wawa,16 oz green tea mango,0,g,0,mg,15,g,39,g,0,g,0,g,0,g,0,g,38,g,,,,
143,wawa,16 oz iced lemonade,0,g,0,mg,10,g,54,g,0,g,0,g,0,g,0,g,51,g,,,,
144,wawa,16 oz iced strawberry lemonade,0,g,0,mg,10,g,60,g,0,g,0,g,0,g,0,g,55,g,,,,
145,wawa,16 oz iced tea w lemon,0,g,0,mg,30,g,44,g,0,g,0,g,0,g,0,g,43,g,,,,
146,wawa,16 oz lemon freeze smoothie,13,g,50,mg,140,g,92,g,5,g,8,g,0,g,0,g,85,g,,,,
147,wawa,16 oz lemonade,0,g,0,mg,15,g,61,g,0,g,0,g,0,g,0,g,58,g,,,,
148,wawa,16 oz lemonade milkshake,29,g,110,mg,290,g,127,g,10,g,18,g,1,g,0,g,115,g,,,,
149,wawa,16 oz lemonade tea,0,g,0,mg,30,g,49,g,0,g,0,g,0,g,0,g,48,g,,,,
150,wawa,16 oz mango banana smoothie,0,g,0,mg,35,g,138,g,1,g,0,g,0,g,4,g,125,g,,,,
151,wawa,16 oz mango banana with oat milk smoothie,2.5,g,0,mg,50,g,90,g,2,g,0,g,0,g,0,g,76,g,,,,
152,wawa,16 oz mango banana with yogurt smoothie,0,g,5,mg,125,g,123,g,5,g,0,g,0,g,4,g,109,g,,,,
153,wawa,16 oz mango cream,13,g,50,mg,150,g,83,g,4,g,8,g,0,g,0,g,76,g,,,,
154,wawa,16 oz mango drink,0,g,0,mg,20,g,55,g,0,g,0,g,0,g,0,g,53,g,,,,
155,wawa,16 oz mango freeze smoothie,6,g,25,mg,85,g,100,g,2,g,4,g,0,g,0,g,94,g,,,,
156,wawa,16 oz mango oat milk smoothie,2.5,g,0,mg,50,g,61,g,1,g,0,g,0,g,0,g,55,g,,,,
157,wawa,16 oz mango smoothie,0,g,0,mg,35,g,109,g,0,g,0,g,0,g,0,g,104,g,,,,
158,wawa,16 oz mango with yogurt smoothie,0,g,5,mg,125,g,94,g,4,g,0,g,0,g,0,g,88,g,,,,
159,wawa,16 oz mint chocolate chip flurricane,54,g,160,mg,430,g,151,g,17,g,34,g,1.5,g,3,g,137,g,,,,
160,wawa,16 oz mint cookies and cream frozen cappuccino,23,g,75,mg,270,g,85,g,8,g,13,g,0.5,g,0,g,72,g,,,,
161,wawa,16 oz mint cookies and cream milkshake,45,g,160,mg,500,g,134,g,15,g,28,g,1.5,g,0,g,115,g,,,,
162,wawa,16 oz mint cookies and cream smoothie,29,g,95,mg,340,g,94,g,10,g,18,g,1,g,0,g,79,g,,,,
163,wawa,16 oz mint cream,26,g,95,mg,270,g,81,g,9,g,16,g,1,g,0,g,73,g,,,,
164,wawa,16 oz mixed berry banana smoothie,0,g,0,mg,25,g,117,g,1,g,0,g,0,g,0,g,91,g,,,,
165,wawa,16 oz mixed berry banana with oat milk smoothie,2,g,0,mg,35,g,89,g,2,g,0,g,0,g,0,g,66,g,,,,
166,wawa,16 oz mixed berry banana yogurt smoothie,0,g,0,mg,90,g,112,g,4,g,0,g,0,g,0,g,89,g,,,,
167,wawa,16 oz mixed berry smoothie,0,g,0,mg,25,g,88,g,0,g,0,g,0,g,0,g,70,g,,,,
168,wawa,16 oz mixed berry smoothie with yogurt,0,g,0,mg,90,g,73,g,3,g,0,g,0,g,0,g,59,g,,,,
169,wawa,16 oz mixed berry with oat milk smoothie,2,g,0,mg,35,g,60,g,1,g,0,g,0,g,0,g,45,g,,,,
170,wawa,16 oz mocha double shot frozen cappuccino,20,g,75,mg,270,g,65,g,8,g,12,g,0.5,g,0,g,58,g,,,,
171,wawa,16 oz mocha frozen cappuccino,20,g,75,mg,210,g,67,g,8,g,13,g,0.5,g,0,g,59,g,,,,
172,wawa,16 oz orange drink,0,g,0,mg,15,g,60,g,0,g,0,g,0,g,0,g,58,g,,,,
173,wawa,16 oz original cheesecake smoothie,29,g,105,mg,670,g,83,g,13,g,18,g,0.5,g,1,g,58,g,,,,
174,wawa,16 oz peach lemonade tea,0,g,0,mg,20,g,49,g,0,g,0,g,0,g,0,g,48,g,,,,
175,wawa,16 oz peach tea,0,g,0,mg,30,g,46,g,0,g,0,g,0,g,0,g,44,g,,,,
176,wawa,16 oz raspberry lemonade,0,g,0,mg,20,g,61,g,0,g,0,g,0,g,0,g,57,g,,,,
177,wawa,16 oz raspberry lemonade tea,0,g,0,mg,20,g,46,g,0,g,0,g,0,g,0,g,45,g,,,,
178,wawa,16 oz raspberry tea,0,g,0,mg,30,g,46,g,0,g,0,g,0,g,0,g,44,g,,,,
179,wawa,16 oz regular frozen cappuccino,19,g,75,mg,200,g,42,g,7,g,12,g,0.5,g,0,g,36,g,,,,
180,wawa,16 oz salted caramel frozen cappuccino,19,g,75,mg,310,g,70,g,7,g,12,g,0.5,g,0,g,63,g,,,,
181,wawa,16 oz skim milk,0,g,10,mg,210,g,24,g,16,g,0,g,0,g,0,g,24,g,,,,
182,wawa,16 oz strawberry banana cream,13,g,50,mg,150,g,78,g,5,g,8,g,0,g,0,g,71,g,,,,
183,wawa,16 oz strawberry banana oat milk smoothie,3.5,g,0,mg,65,g,86,g,3,g,0,g,0,g,0,g,58,g,,,,
184,wawa,16 oz strawberry banana smoothie,0,g,0,mg,25,g,115,g,1,g,0,g,0,g,4,g,80,g,,,,
185,wawa,16 oz strawberry banana with yogurt smoothie,0,g,5,mg,120,g,104,g,5,g,0,g,0,g,4,g,77,g,,,,
186,wawa,16 oz strawberry cheesecake smoothie,29,g,105,mg,670,g,82,g,13,g,18,g,0.5,g,1,g,54,g,,,,
187,wawa,16 oz strawberry chocolate chip cream,28,g,75,mg,220,g,110,g,9,g,18,g,0.5,g,2,g,94,g,,,,
188,wawa,16 oz strawberry cream smoothie,12,g,45,mg,130,g,103,g,5,g,7,g,0,g,0,g,77,g,,,,
189,wawa,16 oz strawberry freeze smoothie,6,g,25,mg,85,g,95,g,2,g,4,g,0,g,0,g,76,g,,,,
190,wawa,16 oz strawberry frozen lemonade,0,g,0,mg,15,g,92,g,0,g,0,g,0,g,0,g,84,g,,,,
191,wawa,16 oz strawberry mango banana smoothie,0,g,0,mg,35,g,133,g,1,g,0,g,0,g,0,g,106,g,,,,
192,wawa,16 oz strawberry mango banana with oat milk smoothie,2,g,0,mg,45,g,97,g,2,g,0,g,0,g,0,g,74,g,,,,
193,wawa,16 oz strawberry mango banana yogurt smoothie,0,g,0,mg,100,g,124,g,4,g,0,g,0,g,0,g,100,g,,,,
194,wawa,16 oz strawberry mango smoothie,0,g,0,mg,35,g,104,g,0,g,0,g,0,g,0,g,85,g,,,,
195,wawa,16 oz strawberry mango with oat milk smoothie,2,g,0,mg,45,g,68,g,1,g,0,g,0,g,0,g,53,g,,,,
196,wawa,16 oz strawberry mango yogurt smoothie,0,g,0,mg,100,g,95,g,3,g,0,g,0,g,0,g,79,g,,,,
197,wawa,16 oz strawberry milk,2,g,10,mg,110,g,30,g,8,g,1.5,g,0,g,0,g,30,g,,,,
198,wawa,16 oz strawberry milkshake,41,g,160,mg,420,g,103,g,14,g,26,g,1.5,g,0,g,87,g,,,,
199,wawa,16 oz strawberry oat milk smoothie,2.5,g,0,mg,50,g,55,g,1,g,0,g,0,g,0,g,36,g,,,,
200,wawa,16 oz strawberry smoothie,0,g,0,mg,35,g,98,g,0,g,0,g,0,g,0,g,67,g,,,,
201,wawa,16 oz strawberry with yogurt smoothie,0,g,5,mg,125,g,87,g,4,g,0,g,0,g,0,g,65,g,,,,
202,wawa,16 oz summer berry freeze smoothie,7,g,25,mg,75,g,85,g,3,g,4,g,0,g,1,g,79,g,,,,
203,wawa,16 oz tropical punch,0,g,0,mg,15,g,62,g,0,g,0,g,0,g,0,g,60,g,,,,
204,wawa,16 oz vanilla chai tea frozen latte,10,g,35,mg,105,g,59,g,3,g,6,g,0,g,0,g,56,g,,,,
205,wawa,16 oz vanilla flavored milk,16,g,70,mg,240,g,59,g,16,g,10,g,0.5,g,0,g,57,g,,,,
206,wawa,16 oz vanilla milkshake,41,g,160,mg,420,g,91,g,14,g,26,g,1.5,g,0,g,79,g,,,,
207,wawa,16 oz white tea w tangerine,0,g,0,mg,15,g,41,g,0,g,0,g,0,g,0,g,40,g,,,,
208,wawa,16 oz whole milk,16,g,50,mg,210,g,23,g,15,g,9,g,0,g,0,g,23,g,,,,
209,wawa,2 milk,4,g,15,mg,95,g,10,g,6,g,2.5,g,0,g,0,g,9,g,,,,
210,wawa,24 oz banana cream smoothie,32,g,120,mg,330,g,128,g,13,g,20,g,1,g,8,g,102,g,,,,
211,wawa,24 oz bananas foster cream smoothie,38,g,140,mg,460,g,151,g,12,g,24,g,1,g,4,g,125,g,,,,
212,wawa,24 oz black and white milkshake,55,g,205,mg,550,g,122,g,20,g,34,g,2,g,0,g,103,g,,,,
213,wawa,24 oz blueberry pomegranate iced lemonade,0,g,0,mg,10,g,89,g,0,g,0,g,0,g,0,g,85,g,,,,
214,wawa,24 oz blueberry pomegranate mango smoothie,0,g,0,mg,30,g,132,g,1,g,0,g,0,g,0,g,125,g,,,,
215,wawa,24 oz blueberry pomegranate mango with oat milk smoothie,3,g,0,mg,50,g,86,g,2,g,0,g,0,g,0,g,78,g,,,,
216,wawa,24 oz blueberry pomegranate mango yogurt smoothie,0,g,5,mg,130,g,105,g,5,g,0,g,0,g,0,g,99,g,,,,
217,wawa,24 oz blueberry pomegranate milkshake,70,g,265,mg,710,g,174,g,25,g,45,g,2.5,g,0,g,151,g,,,,
218,wawa,24 oz blueberry pomegranate smoothie,0,g,0,mg,20,g,116,g,1,g,0,g,0,g,0,g,110,g,,,,
219,wawa,24 oz blueberry pomegranate smoothie with yogurt,0,g,5,mg,160,g,92,g,6,g,0,g,0,g,0,g,86,g,,,,
220,wawa,24 oz blueberry pomegranate with oat milk smoothie,4,g,0,mg,55,g,66,g,2,g,0,g,0,g,0,g,59,g,,,,
221,wawa,24 oz caramel cheesecake smoothie,52,g,175,mg,1320,g,166,g,22,g,32,g,1,g,2,g,112,g,,,,
222,wawa,24 oz caramel chocolate chip cream smoothie,61,g,170,mg,520,g,174,g,16,g,39,g,1.5,g,4,g,152,g,,,,
223,wawa,24 oz caramel chocolate chip frozen cappuccino,55,g,145,mg,460,g,160,g,14,g,34,g,1,g,4,g,140,g,,,,
224,wawa,24 oz caramel cream smoothie,45,g,165,mg,520,g,136,g,13,g,28,g,1.5,g,0,g,116,g,,,,
225,wawa,24 oz caramel double shot frozen cappuccino,35,g,130,mg,430,g,115,g,11,g,22,g,1.5,g,0,g,98,g,,,,
226,wawa,24 oz caramel frozen cappuccino,41,g,150,mg,520,g,148,g,11,g,26,g,1,g,0,g,126,g,,,,
227,wawa,24 oz chai tea frozen latte,13,g,50,mg,135,g,69,g,4,g,8,g,0,g,0,g,65,g,,,,
228,wawa,24 oz chocolate banana cream smoothie,33,g,120,mg,360,g,177,g,15,g,21,g,1,g,6,g,136,g,,,,
229,wawa,24 oz chocolate banana yogurt cream smoothie,2.5,g,5,mg,55,g,241,g,21,g,1.5,g,0,g,6,g,187,g,,,,
230,wawa,24 oz chocolate caramel frozen cappuccino,36,g,130,mg,430,g,140,g,11,g,23,g,1,g,0,g,121,g,,,,
231,wawa,24 oz chocolate cheesecake cookie cream smoothie,53,g,155,mg,1040,g,152,g,21,g,31,g,1,g,1,g,124,g,,,,
232,wawa,24 oz chocolate chocolate chip frozen cappuccino,50,g,125,mg,360,g,157,g,16,g,32,g,1,g,4,g,142,g,,,,
233,wawa,24 oz chocolate cookies and cream frozen cappuccino,41,g,120,mg,500,g,157,g,15,g,24,g,1,g,0,g,130,g,,,,
234,wawa,24 oz chocolate cookies and cream milkshake,63,g,205,mg,710,g,185,g,23,g,38,g,2,g,0,g,150,g,,,,
235,wawa,24 oz chocolate cookies and cream smoothie,63,g,205,mg,710,g,185,g,23,g,38,g,2,g,0,g,150,g,,,,
236,wawa,24 oz chocolate covered strawberry cream smoothie new,27,g,95,mg,310,g,138,g,11,g,17,g,1,g,1,g,122,g,,,,
237,wawa,24 oz chocolate milkshake,55,g,205,mg,620,g,145,g,21,g,35,g,2,g,0,g,124,g,,,,
238,wawa,24 oz chocolate mint cookies and cream milkshake,63,g,205,mg,720,g,222,g,23,g,38,g,2,g,0,g,187,g,,,,
239,wawa,24 oz coffee milkshake,45,g,170,mg,460,g,98,g,16,g,28,g,1.5,g,0,g,85,g,,,,
240,wawa,24 oz cookies and cream milkshake,62,g,205,mg,700,g,158,g,21,g,37,g,2,g,0,g,127,g,,,,
241,wawa,24 oz double shot frozen cappuccino,29,g,110,mg,300,g,63,g,10,g,18,g,1,g,0,g,54,g,,,,
242,wawa,24 oz frozen blueberry pomegranate lemonade,0,g,0,mg,20,g,115,g,1,g,0,g,0,g,1,g,109,g,,,,
243,wawa,24 oz frozen cappuccino,32,g,120,mg,330,g,70,g,11,g,20,g,1,g,0,g,60,g,,,,
244,wawa,24 oz frozen cappuccino with sugar free caramel sauce,32,g,120,mg,350,g,71,g,11,g,20,g,1,g,0,g,60,g,,,,
245,wawa,24 oz frozen lemonade,0,g,0,mg,15,g,127,g,0,g,0,g,0,g,0,g,121,g,,,,
246,wawa,24 oz iced lemonade,0,g,0,mg,10,g,81,g,0,g,0,g,0,g,0,g,77,g,,,,
247,wawa,24 oz iced strawberry lemonade,0,g,0,mg,15,g,93,g,0,g,0,g,0,g,0,g,85,g,,,,
248,wawa,24 oz lemon freeze smoothie,19,g,75,mg,210,g,138,g,7,g,12,g,0.5,g,0,g,127,g,,,,
249,wawa,24 oz lemonade milkshake,39,g,145,mg,390,g,164,g,14,g,24,g,1.5,g,1,g,148,g,,,,
250,wawa,24 oz mango banana smoothie,0,g,0,mg,40,g,166,g,1,g,0,g,0,g,4,g,151,g,,,,
251,wawa,24 oz mango banana smoothie with yogurt,0,g,5,mg,160,g,145,g,7,g,0,g,0,g,4,g,129,g,,,,
252,wawa,24 oz mango banana with oat milk smoothie,3.5,g,0,mg,70,g,119,g,3,g,0,g,0,g,0,g,102,g,,,,
253,wawa,24 oz mango cream smoothie,19,g,75,mg,220,g,124,g,7,g,12,g,0.5,g,0,g,114,g,,,,
254,wawa,24 oz mango freeze smoothie,10,g,35,mg,130,g,151,g,4,g,6,g,0,g,0,g,141,g,,,,
255,wawa,24 oz mango oat milk smoothie,3.5,g,0,mg,70,g,90,g,2,g,0,g,0,g,0,g,81,g,,,,
256,wawa,24 oz mango smoothie,0,g,0,mg,45,g,164,g,0,g,0,g,0,g,0,g,155,g,,,,
257,wawa,24 oz mango smoothie with yogurt,0,g,5,mg,170,g,143,g,6,g,0,g,0,g,0,g,134,g,,,,
258,wawa,24 oz mint chocolate chip cream smoothie,46,g,145,mg,400,g,151,g,15,g,29,g,1.5,g,2,g,138,g,,,,
259,wawa,24 oz mint cookies and cream frozen cappuccino,40,g,120,mg,480,g,157,g,13,g,23,g,1,g,0,g,133,g,,,,
260,wawa,24 oz mint cookies and cream milkshake,62,g,205,mg,710,g,206,g,21,g,37,g,2,g,0,g,175,g,,,,
261,wawa,24 oz mint cookies and cream smoothie,46,g,145,mg,540,g,159,g,15,g,27,g,1.5,g,0,g,134,g,,,,
262,wawa,24 oz mint cream smoothie,38,g,145,mg,400,g,121,g,13,g,24,g,1.5,g,0,g,110,g,,,,
263,wawa,24 oz mixed berry banana smoothie,0,g,0,mg,35,g,139,g,2,g,0,g,0,g,0,g,109,g,,,,
264,wawa,24 oz mixed berry banana with oat milk smoothie,3,g,0,mg,55,g,113,g,2,g,0,g,0,g,0,g,85,g,,,,
265,wawa,24 oz mixed berry banana yogurt smoothie,0,g,5,mg,135,g,133,g,6,g,0,g,0,g,0,g,105,g,,,,
266,wawa,24 oz mixed berry smoothie,0,g,0,mg,35,g,132,g,1,g,0,g,0,g,0,g,106,g,,,,
267,wawa,24 oz mixed berry smoothie with yogurt,0,g,5,mg,135,g,104,g,5,g,0,g,0,g,0,g,84,g,,,,
268,wawa,24 oz mixed berry with oat milk smoothie,3,g,0,mg,55,g,84,g,1,g,0,g,0,g,0,g,64,g,,,,
269,wawa,24 oz mocha double shot frozen cappuccino,30,g,110,mg,440,g,110,g,12,g,19,g,1,g,0,g,97,g,,,,
270,wawa,24 oz mocha frozen cappuccino,33,g,120,mg,360,g,119,g,13,g,21,g,1,g,0,g,106,g,,,,
271,wawa,24 oz original cheesecake cream smoothie,45,g,155,mg,1200,g,131,g,22,g,28,g,1,g,2,g,86,g,,,,
272,wawa,24 oz salted caramel frozen cappuccino,32,g,120,mg,500,g,112,g,11,g,20,g,1,g,0,g,101,g,,,,
273,wawa,24 oz strawberry banana cream smoothie,19,g,75,mg,220,g,117,g,7,g,12,g,0.5,g,0,g,107,g,,,,
274,wawa,24 oz strawberry banana oat milk smoothie,2.5,g,0,mg,60,g,150,g,3,g,0,g,0,g,0,g,104,g,,,,
275,wawa,24 oz strawberry banana smoothie,0,g,0,mg,45,g,152,g,1,g,0,g,0,g,4,g,105,g,,,,
276,wawa,24 oz strawberry banana smoothie with yogurt,0,g,5,mg,130,g,169,g,6,g,0,g,0,g,8,g,124,g,,,,
277,wawa,24 oz strawberry cheesecake cream smoothie,45,g,155,mg,1200,g,136,g,22,g,28,g,1,g,2,g,84,g,,,,
278,wawa,24 oz strawberry chocolate chip cream smoothie,50,g,125,mg,370,g,181,g,16,g,32,g,1,g,4,g,159,g,,,,
279,wawa,24 oz strawberry cream smoothie,14,g,55,mg,160,g,151,g,7,g,9,g,0.5,g,0,g,111,g,,,,
280,wawa,24 oz strawberry freeze smoothie,10,g,35,mg,130,g,142,g,4,g,6,g,0,g,0,g,114,g,,,,
281,wawa,24 oz strawberry frozen lemonade,0,g,0,mg,20,g,117,g,0,g,0,g,0,g,0,g,106,g,,,,
282,wawa,24 oz strawberry mango banana smoothie,0,g,0,mg,45,g,159,g,1,g,0,g,0,g,0,g,128,g,,,,
283,wawa,24 oz strawberry mango banana with oat milk smoothie,2.5,g,0,mg,60,g,125,g,2,g,0,g,0,g,0,g,96,g,,,,
284,wawa,24 oz strawberry mango banana yogurt smoothie,0,g,5,mg,140,g,144,g,5,g,0,g,0,g,0,g,116,g,,,,
285,wawa,24 oz strawberry mango smoothie,0,g,0,mg,55,g,155,g,0,g,0,g,0,g,0,g,128,g,,,,
286,wawa,24 oz strawberry mango with oat milk smoothie,2,g,0,mg,50,g,94,g,1,g,0,g,0,g,0,g,74,g,,,,
287,wawa,24 oz strawberry mango yogurt smoothie,0,g,5,mg,140,g,115,g,4,g,0,g,0,g,0,g,95,g,,,,
288,wawa,24 oz strawberry milkshake,54,g,205,mg,560,g,144,g,19,g,34,g,2,g,0,g,119,g,,,,
289,wawa,24 oz strawberry oat milk smoothie,3.5,g,0,mg,70,g,82,g,2,g,0,g,0,g,0,g,54,g,,,,
290,wawa,24 oz strawberry smoothie,0,g,0,mg,45,g,147,g,0,g,0,g,0,g,0,g,101,g,,,,
291,wawa,24 oz strawberry smoothie with yogurt,0,g,5,mg,170,g,108,g,6,g,0,g,0,g,0,g,81,g,,,,
292,wawa,24 oz summer berry freeze smoothie,10,g,35,mg,115,g,127,g,4,g,6,g,0,g,1,g,119,g,,,,
293,wawa,24 oz vanilla chai tea frozen latte,13,g,50,mg,140,g,97,g,4,g,8,g,0,g,0,g,93,g,,,,
294,wawa,24 oz vanilla milkshake,54,g,205,mg,550,g,119,g,19,g,34,g,2,g,0,g,103,g,,,,
295,wawa,32 oz iced blueberry pomegranate lemonade,0,g,0,mg,15,g,110,g,1,g,0,g,0,g,0,g,105,g,,,,
296,wawa,32 oz iced lemonade,0,g,0,mg,15,g,96,g,0,g,0,g,0,g,0,g,91,g,,,,
297,wawa,32 oz iced strawberry lemonade,0,g,0,mg,20,g,111,g,0,g,0,g,0,g,0,g,101,g,,,,
298,wawa,add applewood smoked bacon 2 strips,4,g,10,mg,150,g,0,g,2,g,1.5,g,0,g,0,g,0,g,,,,
299,wawa,add pepperoni 2 slices,6,g,15,mg,260,g,1,g,3,g,2.5,g,0,g,0,g,0,g,,,,
300,wawa,add roasted veggies 1 scoop,2,g,0,mg,0,g,3,g,1,g,0,g,0,g,1,g,2,g,,,,
301,wawa,apple fritter,26,g,0,mg,620,g,96,g,9,g,13,g,0,g,3,g,47,g,,,,
302,wawa,apple fritter fl,16,g,0,mg,460,g,61,g,7,g,6,g,0,g,3,g,24,g,,,,
303,wawa,applewood smoked bacon,4,g,10,mg,150,g,0,g,2,g,1.5,g,0,g,0,g,0,g,,,,
304,wawa,applewood smoked bacon mac and cheese,36,g,70,mg,1800,g,56,g,30,g,15,g,0,g,1,g,8,g,,,,
305,wawa,avocado 1 scoop,4,g,0,mg,0,g,2,g,1,g,0.5,g,0,g,2,g,0,g,,,,
306,wawa,bacon and egg omelet,20,g,245,mg,580,g,3,g,15,g,8,g,0,g,0,g,2,g,,,,
307,wawa,bacon and scrambled egg,42,g,975,mg,1750,g,12,g,35,g,14,g,0,g,0,g,4,g,,,,
308,wawa,bacon egg and cheese bagel,21,g,200,mg,1030,g,42,g,72,g,7,g,0,g,0,g,5,g,,,,
309,wawa,bacon egg and cheese bagel fl,21,g,200,mg,990,g,44,g,72,g,7,g,0,g,0,g,4,g,,,,
310,wawa,bacon egg and cheese croissant,28,g,210,mg,770,g,27,g,16,g,12,g,0,g,0,g,6,g,,,,
311,wawa,baked potato with cheddar soup family size,80,g,180,mg,3100,g,80,g,43,g,39,g,2.5,g,11,g,9,g,,,,
312,wawa,baked potato with cheddar soup large,36,g,80,mg,1380,g,36,g,19,g,17,g,1,g,5,g,4,g,,,,
313,wawa,baked potato with cheddar soup medium,27,g,60,mg,1030,g,26,g,14,g,13,g,1,g,4,g,3,g,,,,
314,wawa,baked potato with cheddar soup small,19,g,45,mg,730,g,19,g,10,g,9,g,0.5,g,3,g,2,g,,,,
315,wawa,banana nut muffin,30,g,90,mg,540,g,69,g,7,g,6,g,0,g,1,g,39,g,,,,
316,wawa,banana nut muffin fl,34,g,100,mg,560,g,71,g,9,g,6,g,0,g,2,g,43,g,,,,
317,wawa,beef steak,6,g,20,mg,230,g,1,g,8,g,2.5,g,0,g,0,g,0,g,,,,
318,wawa,beyond meatball large,21,g,0,mg,1530,g,18,g,24,g,6,g,0,g,0,g,6,g,,,,
319,wawa,beyond meatball medium,14,g,0,mg,1020,g,12,g,16,g,4,g,0,g,0,g,4,g,,,,
320,wawa,beyond meatball small,7,g,0,mg,510,g,6,g,8,g,2,g,0,g,0,g,2,g,,,,
321,wawa,biscuit,17,g,0,mg,1050,g,45,g,5,g,8,g,0,g,1,g,3,g,,,,
322,wawa,black bean and egg quesadilla,34,g,65,mg,1220,g,57,g,19,g,14,g,0,g,5,g,5,g,,,,
323,wawa,black beans family size,20,g,0,mg,2540,g,130,g,45,g,0,g,0,g,45,g,0,g,,,,
324,wawa,black beans large,9,g,0,mg,1210,g,62,g,22,g,0,g,0,g,22,g,0,g,,,,
325,wawa,black beans medium,7,g,0,mg,900,g,46,g,16,g,0,g,0,g,16,g,0,g,,,,
326,wawa,black beans small,4.5,g,0,mg,600,g,30,g,11,g,0,g,0,g,11,g,0,g,,,,
327,wawa,blt,8,g,20,mg,300,g,1,g,5,g,3,g,0,g,0,g,1,g,,,,
328,wawa,blueberry muffin,28,g,85,mg,500,g,70,g,6,g,6,g,0,g,2,g,37,g,,,,
329,wawa,blueberry muffin fl,30,g,90,mg,570,g,76,g,6,g,7,g,0,g,1,g,47,g,,,,
330,wawa,boston cream donut fl,12,g,0,mg,370,g,48,g,5,g,0,g,0,g,1,g,20,g,,,,
331,wawa,boston creme donut,18,g,0,mg,370,g,47,g,5,g,9,g,0,g,1,g,17,g,,,,
332,wawa,breaded chicken strip,3,g,10,mg,270,g,6,g,5,g,0,g,0,g,0,g,0,g,,,,
333,wawa,breakfast burrito,17,g,0,mg,700,g,23,g,12,g,7,g,0,g,0,g,0,g,,,,
334,wawa,broccoli cheddar soup family size,65,g,215,mg,3440,g,43,g,29,g,39,g,0,g,4,g,11,g,,,,
335,wawa,broccoli cheddar soup large,29,g,100,mg,1570,g,20,g,13,g,18,g,0,g,2,g,5,g,,,,
336,wawa,broccoli cheddar soup medium,21,g,70,mg,1120,g,14,g,9,g,13,g,0,g,1,g,4,g,,,,
337,wawa,broccoli cheddar soup small,15,g,50,mg,820,g,10,g,7,g,9,g,0,g,1,g,3,g,,,,
338,wawa,buffalo chicken mac and cheese,42,g,95,mg,3060,g,59,g,48,g,15,g,0,g,1,g,9,g,,,,
339,wawa,buffalo mac and cheese large,38,g,65,mg,2220,g,66,g,29,g,15,g,0,g,1,g,9,g,,,,
340,wawa,buffalo mac and cheese medium,27,g,50,mg,1600,g,49,g,22,g,10,g,0,g,0,g,7,g,,,,
341,wawa,buffalo mac and cheese small,19,g,40,mg,1160,g,35,g,15,g,7,g,0,g,1,g,5,g,,,,
342,wawa,buffalo sauce,3.5,g,5,mg,340,g,1,g,0,g,0.5,g,0,g,0,g,0,g,,,,
343,wawa,butter with canola regular,6,g,10,mg,5,g,0,g,0,g,2,g,0,g,0,g,0,g,,,,
344,wawa,caesar dressing,27,g,25,mg,380,g,2,g,2,g,5,g,0,g,0,g,0,g,,,,
345,wawa,candy cane donut fl,6,g,0,mg,430,g,60,g,6,g,2,g,0,g,1,g,28,g,,,,
346,wawa,caramel soft serve sundae,32,g,125,mg,360,g,91,g,10,g,21,g,1,g,0,g,78,g,,,,
347,wawa,cheddar cheese,4.5,g,15,mg,90,g,0,g,4,g,2.5,g,0,g,0,g,0,g,,,,
348,wawa,cheddar cheese sauce,2.5,g,10,mg,240,g,1,g,1,g,1.5,g,0,g,0,g,1,g,,,,
349,wawa,cheddar cheese sauce side,13,g,40,mg,1110,g,6,g,7,g,8,g,0,g,0,g,3,g,,,,
350,wawa,cheese croissant,22,g,70,mg,410,g,38,g,8,g,13,g,0,g,1,g,7,g,,,,
351,wawa,cheese steak mac and cheese,39,g,95,mg,1970,g,58,g,41,g,17,g,0,g,1,g,9,g,,,,
352,wawa,cheeseburger quesadilla,37,g,100,mg,2690,g,56,g,36,g,18,g,0,g,1,g,11,g,,,,
353,wawa,chef salad,26,g,260,mg,1400,g,33,g,35,g,9,g,0,g,6,g,7,g,,,,
354,wawa,cherry pepper relish,0,g,0,mg,200,g,1,g,0,g,0,g,0,g,0,g,1,g,,,,
355,wawa,chicken bacon ranch quesadilla,50,g,120,mg,1920,g,48,g,50,g,20,g,0,g,1,g,5,g,,,,
356,wawa,chicken corn chowder family size,58,g,125,mg,2930,g,127,g,22,g,22,g,0,g,11,g,33,g,,,,
357,wawa,chicken corn chowder large,26,g,55,mg,1320,g,57,g,10,g,10,g,0,g,5,g,15,g,,,,
358,wawa,chicken corn chowder medium,19,g,40,mg,960,g,41,g,7,g,7,g,0,g,0,g,11,g,,,,
359,wawa,chicken corn chowder small,13,g,30,mg,670,g,29,g,5,g,5,g,0,g,2,g,7,g,,,,
360,wawa,chicken noodle soup family size,17,g,130,mg,3710,g,60,g,37,g,4.5,g,0,g,0,g,6,g,,,,
361,wawa,chicken noodle soup large,8,g,60,mg,1730,g,28,g,17,g,2,g,0,g,0,g,3,g,,,,
362,wawa,chicken noodle soup medium,6,g,45,mg,1270,g,21,g,13,g,1.5,g,0,g,0,g,2,g,,,,
363,wawa,chicken noodle soup small,4.5,g,30,mg,920,g,15,g,9,g,1,g,0,g,1,g,1,g,,,,
364,wawa,chicken salad,9,g,30,mg,270,g,3,g,8,g,1.5,g,0,g,0,g,1,g,,,,
365,wawa,chicken salad fl,13,g,30,mg,370,g,3,g,7,g,1,g,0,g,1,g,1,g,,,,
366,wawa,chicken salad garden salad,30,g,60,mg,1190,g,39,g,21,g,4.5,g,0,g,6,g,10,g,,,,
367,wawa,chicken steak,2.5,g,15,mg,270,g,1,g,11,g,1,g,0,g,0,g,1,g,,,,
368,wawa,chicken steak and egg white omelet,10,g,30,mg,640,g,4,g,24,g,3.5,g,0,g,0,g,2,g,,,,
369,wawa,chicken tenders 3 piece,9,g,35,mg,820,g,19,g,14,g,0,g,0,g,1,g,1,g,,,,
370,wawa,chicken tenders 5 piece,16,g,60,mg,1360,g,31,g,23,g,0,g,0,g,2,g,2,g,,,,
371,wawa,chili family size,46,g,110,mg,4260,g,99,g,60,g,19,g,2.5,g,30,g,33,g,,,,
372,wawa,chili large,21,g,50,mg,1950,g,45,g,28,g,8,g,1,g,14,g,15,g,,,,
373,wawa,chili medium,15,g,35,mg,1420,g,33,g,20,g,6,g,1,g,10,g,11,g,,,,
374,wawa,chili small,11,g,25,mg,990,g,23,g,14,g,4.5,g,0.5,g,7,g,8,g,,,,
375,wawa,chipotle beyond bowl,35,g,20,mg,1870,g,77,g,19,g,6,g,0,g,1,g,3,g,,,,
376,wawa,chipotle mac and cheese large,45,g,75,mg,2040,g,67,g,29,g,16,g,0,g,1,g,11,g,,,,
377,wawa,chipotle mac and cheese medium,32,g,55,mg,1490,g,49,g,22,g,11,g,0,g,0,g,8,g,,,,
378,wawa,chipotle mac and cheese small,22,g,40,mg,1040,g,35,g,15,g,8,g,0,g,1,g,6,g,,,,
379,wawa,chocolate chip cookie,17,g,55,mg,360,g,59,g,5,g,10,g,0,g,0,g,37,g,,,,
380,wawa,chocolate chip cookie fl,17,g,50,mg,180,g,62,g,6,g,10,g,0,g,0,g,36,g,,,,
381,wawa,chocolate chunk brownie ma,21,g,0,mg,260,g,72,g,5,g,7,g,0,g,0,g,47,g,,,,
382,wawa,chocolate chunk brownie fl,12,g,0,mg,260,g,65,g,4,g,5,g,0,g,0,g,44,g,,,,
383,wawa,chocolate croissant,22,g,75,mg,420,g,45,g,9,g,13,g,0,g,2,g,7,g,,,,
384,wawa,chocolate frosted donut w sprinkles,12,g,0,mg,310,g,37,g,4,g,7,g,0,g,1,g,19,g,,,,
385,wawa,chocolate frosted sprinkle donut fl,11,g,0,mg,280,g,40,g,4,g,4.5,g,0,g,1,g,16,g,,,,
386,wawa,chocolate long john fl,17,g,0,mg,320,g,53,g,4,g,6,g,0,g,0,g,30,g,,,,
387,wawa,chocolate soft serve sundae,30,g,115,mg,320,g,90,g,11,g,19,g,1,g,0,g,79,g,,,,
388,wawa,chorizo croissant,38,g,235,mg,910,g,27,g,70,g,15,g,0,g,0,g,6,g,,,,
389,wawa,cinnamon raisin bagel,1,g,0,mg,550,g,63,g,10,g,0,g,0,g,4,g,9,g,,,,
390,wawa,cinnamon raisin bagel fl,1,g,0,mg,380,g,58,g,9,g,0,g,0,g,1,g,9,g,,,,
391,wawa,cinnamon stick fl,10,g,0,mg,320,g,32,g,5,g,3.5,g,0,g,0,g,5,g,,,,
392,wawa,cinnamon twist,16,g,5,mg,430,g,44,g,6,g,8,g,0,g,1,g,12,g,,,,
393,wawa,classic roll,3,g,0,mg,680,g,65,g,13,g,0,g,0,g,2,g,2,g,,,,
394,wawa,coffee cake muffin,34,g,90,mg,480,g,80,g,6,g,9,g,0,g,1,g,47,g,,,,
395,wawa,coffee roll,26,g,10,mg,570,g,68,g,9,g,13,g,0,g,2,g,25,g,,,,
396,wawa,coffee roll fl,15,g,0,mg,560,g,66,g,8,g,5,g,0,g,3,g,21,g,,,,
397,wawa,cold brew coffee mocha,2.5,g,10,mg,20,g,15,g,4,g,1.5,g,0,g,0,g,14,g,,,,
398,wawa,cold brew coffee sweetened,2.5,g,10,mg,35,g,16,g,4,g,1.5,g,0,g,0,g,15,g,,,,
399,wawa,cold brew coffee vanilla,2.5,g,10,mg,45,g,15,g,4,g,1.5,g,0,g,0,g,14,g,,,,
400,wawa,colombian coffee 12 oz,0,g,0,mg,5,g,0,g,0,g,0,g,0,g,0,g,0,g,,,,
401,wawa,colombian coffee 16 oz,0,g,0,mg,10,g,0,g,0,g,0,g,0,g,0,g,0,g,,,,
402,wawa,colombian coffee 20 oz,0,g,0,mg,10,g,0,g,0,g,0,g,0,g,0,g,0,g,,,,
403,wawa,colombian coffee 24 oz,0,g,0,mg,15,g,0,g,0,g,0,g,0,g,0,g,0,g,,,,
404,wawa,cranberry orange muffin fl,28,g,95,mg,520,g,68,g,6,g,6,g,0,g,1,g,41,g,,,,
405,wawa,cream cheese regular,7,g,25,mg,120,g,2,g,2,g,4.5,g,0,g,0,g,2,g,,,,
406,wawa,creamy chipotle sauce,7,g,10,mg,160,g,1,g,0,g,1,g,0,g,0,g,1,g,,,,
407,wawa,crispy chicken blt salad,35,g,85,mg,1610,g,46,g,30,g,9,g,0,g,7,g,6,g,,,,
408,wawa,croissant,10,g,25,mg,210,g,24,g,4,g,5,g,0,g,2,g,4,g,,,,
409,wawa,croissant fl,10,g,25,mg,210,g,24,g,4,g,5,g,0,g,2,g,4,g,,,,
410,wawa,cuban roast coffee 16 oz,0,g,0,mg,5,g,0,g,0,g,0,g,0,g,0,g,0,g,,,,
411,wawa,cuban roast coffee 20 oz,0,g,0,mg,5,g,0,g,0,g,0,g,0,g,0,g,0,g,,,,
412,wawa,cuban roast coffee 24 oz,0,g,0,mg,10,g,0,g,0,g,0,g,0,g,0,g,0,g,,,,
413,wawa,dark roast coffee 16 oz,0,g,0,mg,5,g,0,g,0,g,0,g,0,g,0,g,0,g,,,,
414,wawa,dark roast coffee 20 oz,0,g,0,mg,5,g,0,g,0,g,0,g,0,g,0,g,0,g,,,,
415,wawa,dark roast coffee 24 oz,0,g,0,mg,10,g,0,g,0,g,0,g,0,g,0,g,0,g,,,,
416,wawa,decaffeinated coffee 16 oz,0,g,0,mg,5,g,0,g,0,g,0,g,0,g,0,g,0,g,,,,
417,wawa,decaffeinated coffee 20 oz,0,g,0,mg,5,g,0,g,0,g,0,g,0,g,0,g,0,g,,,,
418,wawa,decaffeinated coffee 24 oz,0,g,0,mg,10,g,0,g,0,g,0,g,0,g,0,g,0,g,,,,
419,wawa,double bacon double cheese bagel,31,g,230,mg,1410,g,43,g,80,g,12,g,0,g,0,g,6,g,,,,
420,wawa,double bacon double cheese bagel fl,31,g,230,mg,1370,g,45,g,80,g,12,g,0,g,0,g,5,g,,,,
421,wawa,egg omelet,9,g,215,mg,250,g,3,g,8,g,3,g,0,g,0,g,2,g,,,,
422,wawa,egg salad,15,g,165,mg,250,g,3,g,5,g,3,g,0,g,0,g,1,g,,,,
423,wawa,egg white omelet,2.5,g,0,mg,260,g,3,g,9,g,0,g,0,g,0,g,1,g,,,,
424,wawa,everything bagel,1.5,g,0,mg,570,g,56,g,10,g,0,g,0,g,4,g,5,g,,,,
425,wawa,everything bagel fl,1.5,g,0,mg,410,g,55,g,9,g,0,g,0,g,2,g,4,g,,,,
426,wawa,everything pretzel,3,g,0,mg,1180,g,55,g,10,g,1,g,0,g,5,g,2,g,,,,
427,wawa,fire roasted poblano ranch dressing,21,g,15,mg,400,g,2,g,1,g,3.5,g,0,g,0,g,2,g,,,,
428,wawa,french vanilla coffee 16 oz,0,g,0,mg,5,g,0,g,0,g,0,g,0,g,0,g,0,g,,,,
429,wawa,french vanilla coffee 20 oz,0,g,0,mg,5,g,0,g,0,g,0,g,0,g,0,g,0,g,,,,
430,wawa,french vanilla coffee 24 0z,0,g,0,mg,10,g,0,g,0,g,0,g,0,g,0,g,0,g,,,,
431,wawa,fresh salsa,0,g,0,mg,30,g,0,g,0,g,0,g,0,g,0,g,1,g,,,,
432,wawa,garden salad,23,g,205,mg,1270,g,35,g,20,g,8,g,0,g,4,g,9,g,,,,
433,wawa,garlic aioli sauce,12,g,5,mg,50,g,1,g,0,g,2,g,0,g,0,g,0,g,,,,
434,wawa,garlic mac and cheese large,54,g,70,mg,1870,g,67,g,29,g,17,g,0,g,1,g,9,g,,,,
435,wawa,garlic mac and cheese medium,37,g,50,mg,1360,g,49,g,22,g,12,g,0,g,0,g,7,g,,,,
436,wawa,garlic mac and cheese small,22,g,35,mg,960,g,34,g,15,g,8,g,0,g,1,g,5,g,,,,
437,wawa,garlic mash beyond bowl,65,g,95,mg,1720,g,56,g,21,g,26,g,0,g,5,g,3,g,,,,
438,wawa,garlic smoked turkey and egg quesadilla,35,g,70,mg,1420,g,48,g,25,g,14,g,0,g,1,g,4,g,,,,
439,wawa,glazed bow tie fl,13,g,0,mg,420,g,51,g,6,g,5,g,0,g,0,g,18,g,,,,
440,wawa,glazed donut,11,g,0,mg,310,g,35,g,4,g,6,g,0,g,0,g,16,g,,,,
441,wawa,glazed donut fl,9,g,0,mg,280,g,37,g,4,g,3.5,g,0,g,1,g,15,g,,,,
442,wawa,glazed old fashioned cake donut,11,g,0,mg,520,g,58,g,5,g,5,g,0,g,1,g,35,g,,,,
443,wawa,glazed twist,16,g,10,mg,510,g,56,g,7,g,8,g,0,g,1,g,28,g,,,,
444,wawa,grated parmesan,1.5,g,5,mg,90,g,1,g,1,g,1,g,0,g,0,g,0,g,,,,
445,wawa,greek grain bowl,23,g,135,mg,1620,g,54,g,57,g,7,g,0,g,0,g,6,g,,,,
446,wawa,greek yogurt wheat roll,2,g,0,mg,260,g,38,g,9,g,0.5,g,0,g,5,g,6,g,,,,
447,wawa,grilled chicken,3.5,g,115,mg,700,g,0,g,36,g,1.5,g,0,g,0,g,0,g,,,,
448,wawa,grilled chicken caesar salad,45,g,165,mg,1680,g,24,g,50,g,14,g,0,g,5,g,2,g,,,,
449,wawa,grilled panini bread,3.5,g,0,mg,330,g,31,g,5,g,0,g,0,g,1,g,0,g,,,,
450,wawa,ham,1.5,g,25,mg,390,g,1,g,8,g,1,g,0,g,0,g,0,g,,,,
451,wawa,ham and egg quesadilla,25,g,80,mg,1220,g,45,g,24,g,14,g,0,g,1,g,3,g,,,,
452,wawa,ham and swiss stacked sandwich,24,g,110,mg,2590,g,56,g,44,g,6,g,0,g,6,g,6,g,,,,
453,wawa,ham breakfast club bagel,22,g,165,mg,1470,g,61,g,27,g,8,g,0,g,4,g,7,g,,,,
454,wawa,ham egg and cheese croissant,26,g,230,mg,1020,g,26,g,73,g,11,g,0,g,0,g,5,g,,,,
455,wawa,harvest apple crispy chicken salad,61,g,100,mg,1460,g,43,g,28,g,8,g,0,g,6,g,14,g,,,,
456,wawa,harvest apple grilled chicken salad,56,g,180,mg,1340,g,24,g,50,g,10,g,0,g,5,g,13,g,,,,
457,wawa,hash brown,8,g,0,mg,300,g,15,g,2,g,2,g,0,g,0,g,1,g,,,,
458,wawa,hazelnut coffee 16 oz,0,g,0,mg,5,g,0,g,0,g,0,g,0,g,0,g,0,g,,,,
459,wawa,hazelnut coffee 20 oz,0,g,0,mg,5,g,0,g,0,g,0,g,0,g,0,g,0,g,,,,
460,wawa,hazelnut coffee 24 oz,0,g,0,mg,10,g,0,g,0,g,0,g,0,g,0,g,0,g,,,,
461,wawa,hersheys chocolate cake donut,19,g,10,mg,310,g,53,g,5,g,10,g,0,g,0,g,36,g,,,,
462,wawa,hersheys chocolate cake donut fl,20,g,30,mg,530,g,64,g,6,g,5,g,0,g,0,g,42,g,,,,
463,wawa,hersheys chocolate chip muffin,34,g,100,mg,370,g,69,g,8,g,8,g,0,g,0,g,43,g,,,,
464,wawa,hersheys chocolate chip muffin fl,21,g,60,mg,310,g,48,g,5,g,6,g,0,g,0,g,31,g,,,,
465,wawa,hersheys chocolate filled donut,12,g,0,mg,340,g,54,g,6,g,8,g,0,g,0,g,28,g,,,,
466,wawa,hersheys chocolate icing donut fl,19,g,0,mg,290,g,52,g,5,g,6,g,0,g,0,g,29,g,,,,
467,wawa,hersheys chocolate pull apart,6,g,0,mg,570,g,61,g,8,g,3,g,0,g,0,g,18,g,,,,
468,wawa,hersheys iced pull apart donut fl,13,g,0,mg,410,g,48,g,6,g,3,g,0,g,0,g,17,g,,,,
469,wawa,honey hot sauce,0,g,0,mg,0,g,9,g,0,g,0,g,0,g,0,g,7,g,,,,
470,wawa,honey smoked turkey,1,g,20,mg,480,g,4,g,9,g,0,g,0,g,0,g,3,g,,,,
471,wawa,hot peppers,0,g,0,mg,360,g,1,g,0,g,0,g,0,g,0,g,0,g,,,,
472,wawa,italian,6,g,25,mg,480,g,1,g,8,g,2,g,0,g,0,g,0,g,,,,
473,wawa,italian antipasto salad,32,g,75,mg,2180,g,14,g,26,g,13,g,0,g,2,g,6,g,,,,
474,wawa,italian grain beyond bowl,29,g,25,mg,4340,g,104,g,38,g,10,g,0,g,0,g,40,g,,,,
475,wawa,italian mac beyond meatball,39,g,55,mg,2370,g,60,g,38,g,16,g,0,g,1,g,9,g,,,,
476,wawa,jalapeno peppers,0,g,0,mg,230,g,1,g,0,g,0,g,0,g,0,g,0,g,,,,
477,wawa,junior roll,1,g,0,mg,230,g,22,g,4,g,0,g,0,g,1,g,1,g,,,,
478,wawa,junior wheat roll,1.5,g,0,mg,200,g,30,g,6,g,0,g,0,g,5,g,1,g,,,,
479,wawa,ketchup,0,g,0,mg,130,g,5,g,0,g,0,g,0,g,0,g,4,g,,,,
480,wawa,large cinnamon brown sugar oatmeal,7,g,0,mg,200,g,90,g,9,g,0,g,0,g,0,g,50,g,,,,
481,wawa,light balsamic vinaigrette,9,g,0,mg,420,g,5,g,0,g,1.5,g,0,g,0,g,3,g,,,,
482,wawa,lighter style garden salad,20,g,205,mg,1050,g,20,g,18,g,8,g,0,g,3,g,9,g,,,,
483,wawa,lighter style grilled chicken and veggie,16,g,115,mg,1360,g,35,g,41,g,3,g,0,g,6,g,9,g,,,,
484,wawa,lighter style southwest chicken salad,23,g,115,mg,1210,g,32,g,44,g,3.5,g,0,g,10,g,6,g,,,,
485,wawa,lite cream cheese regular,5,g,15,mg,160,g,2,g,2,g,3,g,0,g,0,g,2,g,,,,
486,wawa,macaroni and cheese family size,71,g,135,mg,3910,g,143,g,65,g,31,g,0,g,2,g,20,g,,,,
487,wawa,macaroni and cheese large,33,g,60,mg,1780,g,65,g,29,g,14,g,0,g,1,g,9,g,,,,
488,wawa,macaroni and cheese medium,24,g,45,mg,1300,g,48,g,22,g,10,g,0,g,0,g,7,g,,,,
489,wawa,macaroni and cheese small,17,g,35,mg,940,g,34,g,15,g,7,g,0,g,1,g,5,g,,,,
490,wawa,marble rye,0,g,0,mg,170,g,32,g,7,g,0,g,0,g,1,g,0,g,,,,
491,wawa,marinara sauce contains beef and pork,0,g,0,mg,115,g,3,g,1,g,0,g,0,g,1,g,1,g,,,,
492,wawa,mashed potatoes family size,81,g,220,mg,2940,g,140,g,22,g,52,g,0,g,15,g,7,g,,,,
493,wawa,mashed potatoes large,36,g,100,mg,1330,g,63,g,10,g,23,g,0,g,7,g,3,g,,,,
494,wawa,mashed potatoes medium,27,g,75,mg,980,g,47,g,7,g,17,g,0,g,5,g,2,g,,,,
495,wawa,mashed potatoes small,20,g,55,mg,720,g,34,g,5,g,13,g,0,g,4,g,2,g,,,,
496,wawa,mayo ketchup fl,7,g,5,mg,120,g,1,g,0,g,1,g,0,g,0,g,1,g,,,,
497,wawa,meatballs in a cup family size,153,g,205,mg,5610,g,82,g,51,g,51,g,5,g,0,g,31,g,,,,
498,wawa,meatballs in a cup large,57,g,75,mg,2100,g,31,g,19,g,19,g,2,g,0,g,11,g,,,,
499,wawa,meatballs in a cup medium,38,g,50,mg,1400,g,20,g,13,g,13,g,1.5,g,0,g,8,g,,,,
500,wawa,meatballs in a cup small,19,g,25,mg,700,g,10,g,6,g,6,g,0.5,g,0,g,4,g,,,,
501,wawa,meatballs in marinara sauce,19,g,25,mg,700,g,10,g,6,g,6,g,0.5,g,0,g,4,g,,,,
502,wawa,mediterranean chicken salad,22,g,135,mg,1840,g,36,g,50,g,8,g,0,g,6,g,9,g,,,,
503,wawa,medium cinnamon brown sugar oatmeal,5,g,0,mg,150,g,67,g,7,g,0,g,0,g,0,g,37,g,,,,
504,wawa,miracle whip,3.5,g,5,mg,140,g,3,g,0,g,0.5,g,0,g,0,g,2,g,,,,
505,wawa,mixed berry cream cheese regular,3.5,g,10,mg,60,g,5,g,1,g,2,g,0,g,0,g,4,g,,,,
506,wawa,multigrain bread,4,g,0,mg,500,g,48,g,10,g,0,g,0,g,6,g,6,g,,,,
507,wawa,new england clam chowder family size,58,g,230,mg,3110,g,69,g,28,g,35,g,1,g,1,g,15,g,,,,
508,wawa,new england clam chowder large,26,g,105,mg,1410,g,31,g,13,g,16,g,0,g,1,g,7,g,,,,
509,wawa,new england clam chowder medium,20,g,80,mg,1060,g,23,g,10,g,12,g,0,g,0,g,5,g,,,,
510,wawa,new england clam chowder small,14,g,55,mg,720,g,16,g,6,g,8,g,0,g,0,g,3,g,,,,
511,wawa,non fat skim milk,0,g,5,mg,75,g,9,g,6,g,0,g,0,g,0,g,9,g,,,,
512,wawa,old bay,0,g,0,mg,55,g,0,g,0,g,0,g,0,g,0,g,0,g,,,,
513,wawa,old fashioned cake donut fl,10,g,25,mg,430,g,41,g,5,g,1.5,g,0,g,1,g,15,g,,,,
514,wawa,old fashioned donut,18,g,20,mg,430,g,38,g,6,g,8,g,0,g,2,g,13,g,,,,
515,wawa,onions,0,g,0,mg,0,g,1,g,0,g,0,g,0,g,0,g,0,g,,,,
516,wawa,oven roasted turkey,1,g,20,mg,460,g,1,g,9,g,0,g,0,g,0,g,1,g,,,,
517,wawa,pancake and bacon bowl,15,g,30,mg,670,g,52,g,9,g,6,g,0,g,1,g,19,g,,,,
518,wawa,pancake and sausage bowl,26,g,45,mg,690,g,52,g,10,g,9,g,0,g,1,g,19,g,,,,
519,wawa,pancake and turkey sausage bowl,14,g,50,mg,700,g,52,g,12,g,5,g,0,g,1,g,19,g,,,,
520,wawa,pepper jack cheese,4,g,15,mg,90,g,0,g,4,g,2.5,g,0,g,0,g,0,g,,,,
521,wawa,pepperoni,16,g,35,mg,650,g,1,g,7,g,6,g,0,g,0,g,1,g,,,,
522,wawa,peppers and eggs beyond sausage bagel sandwich,16,g,0,mg,320,g,2,g,14,g,6,g,0,g,0,g,0,g,,,,
523,wawa,pickles,0,g,0,mg,240,g,0,g,0,g,0,g,0,g,0,g,0,g,,,,
524,wawa,pierogi quesadilla,35,g,80,mg,1500,g,61,g,24,g,18,g,0,g,2,g,5,g,,,,
525,wawa,pineapple,0,g,0,mg,0,g,11,g,0,g,0,g,0,g,1,g,8,g,,,,
526,wawa,pita,7,g,0,mg,360,g,39,g,8,g,0.5,g,0,g,0,g,2,g,,,,
527,wawa,plain bagel,1,g,0,mg,580,g,55,g,9,g,0,g,0,g,3,g,5,g,,,,
528,wawa,plain bagel fl,1,g,0,mg,420,g,55,g,9,g,0,g,0,g,2,g,4,g,,,,
529,wawa,pork roll egg and cheese bagel,22,g,200,mg,970,g,41,g,72,g,8,g,0,g,0,g,5,g,,,,
530,wawa,pork roll egg and cheese bagel fl,22,g,200,mg,930,g,43,g,72,g,8,g,0,g,2,g,4,g,,,,
531,wawa,premium orange juice,0,g,0,mg,0,g,26,g,2,g,0,g,0,g,0,g,21,g,,,,
532,wawa,provolone cheese,4,g,10,mg,125,g,0,g,4,g,2,g,0,g,0,g,0,g,,,,
533,wawa,pulled pork,3.5,g,25,mg,300,g,0,g,14,g,1.5,g,0,g,0,g,0,g,,,,
534,wawa,pumpkin glazed cake donut fl,12,g,25,mg,360,g,45,g,4,g,4.5,g,0,g,1,g,22,g,,,,
535,wawa,pumpkin spice coffee 16 oz,0,g,0,mg,5,g,0,g,0,g,0,g,0,g,0,g,0,g,,,,
536,wawa,pumpkin spice coffee 20 oz,0,g,0,mg,5,g,0,g,0,g,0,g,0,g,0,g,0,g,,,,
537,wawa,pumpkin spice coffee 24 oz,0,g,0,mg,10,g,0,g,0,g,0,g,0,g,0,g,0,g,,,,
538,wawa,rainbow cookie,13,g,55,mg,240,g,61,g,4,g,8,g,0,g,0,g,35,g,,,,
539,wawa,rainbow cookie fl,17,g,60,mg,200,g,69,g,6,g,10,g,0,g,0,g,41,g,,,,
540,wawa,ranch dressing,7,g,5,mg,100,g,2,g,1,g,1,g,0,g,0,g,1,g,,,,
541,wawa,ranch mac and cheese large,74,g,90,mg,2370,g,77,g,35,g,20,g,0,g,1,g,15,g,,,,
542,wawa,ranch mac and cheese medium,50,g,65,mg,1670,g,55,g,26,g,14,g,0,g,0,g,11,g,,,,
543,wawa,ranch mac and cheese small,24,g,40,mg,1040,g,36,g,16,g,8,g,0,g,1,g,6,g,,,,
544,wawa,red velvet cake donut fl,12,g,25,mg,610,g,59,g,5,g,4.5,g,0,g,1,g,29,g,,,,
545,wawa,regular coffee 16 oz,0,g,0,mg,5,g,0,g,0,g,0,g,0,g,0,g,0,g,,,,
546,wawa,regular coffee 20 oz,0,g,0,mg,5,g,0,g,0,g,0,g,0,g,0,g,0,g,,,,
547,wawa,regular coffee 24 oz,0,g,0,mg,10,g,0,g,0,g,0,g,0,g,0,g,0,g,,,,
548,wawa,regular soft serve sundae,29,g,115,mg,300,g,65,g,10,g,19,g,1,g,0,g,56,g,,,,
549,wawa,remoulade sauce,7,g,5,mg,190,g,1,g,0,g,1,g,0,g,0,g,1,g,,,,
550,wawa,rice and beans family size,8,g,0,mg,2330,g,135,g,27,g,0,g,0,g,19,g,0,g,,,,
551,wawa,rice and beans large,4.5,g,0,mg,1180,g,68,g,15,g,0,g,0,g,11,g,0,g,,,,
552,wawa,rice and beans medium,3.5,g,0,mg,850,g,49,g,11,g,0,g,0,g,8,g,0,g,,,,
553,wawa,rice and beans small,2.5,g,0,mg,570,g,33,g,7,g,0,g,0,g,5,g,0,g,,,,
554,wawa,rice family size,0,g,0,mg,90,g,6,g,1,g,0,g,0,g,0,g,0,g,,,,
555,wawa,rice large,0,g,0,mg,1150,g,73,g,8,g,0,g,0,g,0,g,0,g,,,,
556,wawa,rice medium,0,g,0,mg,810,g,52,g,5,g,0,g,0,g,0,g,0,g,,,,
557,wawa,rice small,0,g,0,mg,540,g,35,g,4,g,0,g,0,g,0,g,0,g,,,,
558,wawa,roast beef,1,g,35,mg,290,g,0,g,7,g,0,g,0,g,0,g,0,g,,,,
559,wawa,roast beef stacked sandwich,16,g,150,mg,1400,g,36,g,35,g,2,g,0,g,1,g,0,g,,,,
560,wawa,roasted red peppers,1,g,0,mg,100,g,1,g,0,g,0,g,0,g,0,g,1,g,,,,
561,wawa,roasted veggies,2,g,0,mg,0,g,3,g,1,g,0,g,0,g,1,g,2,g,,,,
562,wawa,salt,0,g,0,mg,100,g,0,g,0,g,0,g,0,g,0,g,0,g,,,,
563,wawa,sausage crumble,19,g,30,mg,320,g,0,g,5,g,6,g,0,g,0,g,0,g,,,,
564,wawa,sausage patty,17,g,30,mg,210,g,0,g,6,g,6,g,0,g,0,g,0,g,,,,
565,wawa,sausage egg and cheese bagel,32,g,210,mg,1050,g,41,g,73,g,11,g,0,g,0,g,5,g,,,,
566,wawa,sausage egg and cheese bagel fl,32,g,210,mg,1010,g,43,g,73,g,11,g,0,g,0,g,4,g,,,,
567,wawa,sausage egg and cheese biscuit,47,g,210,mg,1680,g,47,g,71,g,19,g,0,g,0,g,5,g,,,,
568,wawa,sausage egg and cheese croissant,41,g,235,mg,840,g,26,g,70,g,16,g,0,g,0,g,6,g,,,,
569,wawa,sausage egg and cheese muffin,32,g,210,mg,850,g,27,g,70,g,11,g,0,g,0,g,2,g,,,,
570,wawa,sausage egg and cheese pancake,37,g,220,mg,950,g,37,g,69,g,13,g,0,g,0,g,14,g,,,,
571,wawa,scrambled eggs,9,g,240,mg,380,g,3,g,8,g,3,g,0,g,0,g,1,g,,,,
572,wawa,shamrock donut,16,g,5,mg,270,g,34,g,4,g,8,g,0,g,0,g,16,g,,,,
573,wawa,shamrock donut fl,15,g,0,mg,280,g,58,g,4,g,6,g,0,g,1,g,37,g,,,,
574,wawa,shorti roll,2,g,0,mg,470,g,45,g,9,g,0,g,0,g,2,g,1,g,,,,
575,wawa,side of hot peppers,0,g,0,mg,470,g,1,g,0,g,0,g,0,g,0,g,0,g,,,,
576,wawa,side of sour cream,5,g,20,mg,30,g,2,g,1,g,3,g,0,g,0,g,1,g,,,,
577,wawa,side of sweet peppers,0,g,0,mg,115,g,5,g,0,g,0,g,0,g,0,g,0,g,,,,
578,wawa,small cinnamon brown sugar oatmeal,3.5,g,0,mg,105,g,47,g,5,g,0,g,0,g,0,g,26,g,,,,
579,wawa,snickerdoodle cookie fl,17,g,80,mg,310,g,62,g,6,g,10,g,0,g,0,g,33,g,,,,
580,wawa,soft pretzel,3.5,g,0,mg,830,g,65,g,12,g,1.5,g,0,g,4,g,2,g,,,,
581,wawa,soft pretzel fl,3.5,g,0,mg,830,g,65,g,12,g,1.5,g,0,g,4,g,2,g,,,,
582,wawa,sourdough bread,1,g,0,mg,470,g,37,g,8,g,0,g,0,g,2,g,0,g,,,,
583,wawa,southwest chicken salad,46,g,155,mg,1290,g,29,g,50,g,11,g,0,g,10,g,4,g,,,,
584,wawa,spicy mustard,1,g,0,mg,230,g,1,g,1,g,0,g,0,g,0,g,0,g,,,,
585,wawa,spicy turkey and egg quesadilla,23,g,75,mg,1490,g,46,g,25,g,13,g,0,g,1,g,5,g,,,,
586,wawa,spicy veggie beyond bowl,16,g,0,mg,1650,g,15,g,14,g,4,g,0,g,1,g,6,g,,,,
587,wawa,spicy veggie beyond salad,23,g,0,mg,1630,g,23,g,19,g,6,g,0,g,5,g,8,g,,,,
588,wawa,spinach,0,g,0,mg,5,g,0,g,0,g,0,g,0,g,0,g,0,g,,,,
589,wawa,sriracha mac and cheese large,33,g,60,mg,1990,g,67,g,29,g,14,g,0,g,1,g,11,g,,,,
590,wawa,sriracha mac and cheese medium,24,g,45,mg,1540,g,50,g,22,g,10,g,0,g,0,g,9,g,,,,
591,wawa,sriracha mac and cheese small,17,g,35,mg,1010,g,35,g,15,g,7,g,0,g,1,g,6,g,,,,
592,wawa,sriracha sauce,0,g,0,mg,115,g,1,g,0,g,0,g,0,g,0,g,1,g,,,,
593,wawa,sugar ring donut fl,10,g,0,mg,320,g,34,g,5,g,2,g,0,g,1,g,10,g,,,,
594,wawa,sweet peppers,0,g,0,mg,85,g,4,g,0,g,0,g,0,g,0,g,0,g,,,,
595,wawa,swiss cheese,4,g,0,mg,25,g,0,g,4,g,2.5,g,0,g,0,g,0,g,,,,
596,wawa,tomato,0,g,0,mg,0,g,1,g,0,g,0,g,0,g,0,g,0,g,,,,
597,wawa,tomato soup family size,66,g,90,mg,2590,g,84,g,11,g,18,g,0,g,11,g,58,g,,,,
598,wawa,tomato soup large,30,g,40,mg,1190,g,38,g,5,g,8,g,0,g,5,g,27,g,,,,
599,wawa,tomato soup medium,22,g,30,mg,870,g,28,g,4,g,6,g,0,g,0,g,20,g,,,,
600,wawa,tomato soup small,15,g,20,mg,590,g,19,g,2,g,4,g,0,g,2,g,13,g,,,,
601,wawa,tortilla,7,g,0,mg,530,g,42,g,6,g,3,g,0,g,1,g,1,g,,,,
602,wawa,triple berry muffin fl,28,g,95,mg,480,g,62,g,7,g,5,g,0,g,2,g,36,g,,,,
603,wawa,tuna salad,13,g,25,mg,260,g,5,g,7,g,2,g,0,g,0,g,0,g,,,,
604,wawa,tuna salad garden salad,38,g,50,mg,1170,g,43,g,19,g,6,g,0,g,6,g,8,g,,,,
605,wawa,tuna salad fl,17,g,30,mg,280,g,2,g,8,g,2.5,g,0,g,1,g,0,g,,,,
606,wawa,turkey bacon ranch salad,17,g,65,mg,1330,g,14,g,26,g,4,g,0,g,5,g,8,g,,,,
607,wawa,turkey breakfast club bagel,22,g,160,mg,1540,g,61,g,28,g,7,g,0,g,4,g,8,g,,,,
608,wawa,turkey harvest salad,37,g,60,mg,1970,g,47,g,36,g,9,g,0,g,6,g,27,g,,,,
609,wawa,turkey sausage patty,5,g,40,mg,220,g,1,g,7,g,1.5,g,0,g,0,g,0,g,,,,
610,wawa,turkey sausage egg and cheese croissant,29,g,245,mg,860,g,27,g,72,g,11,g,0,g,0,g,6,g,,,,
611,wawa,turkey sausage egg white and cheese bagel,10,g,55,mg,1010,g,42,g,23,g,4.5,g,0,g,0,g,5,g,,,,
612,wawa,turkey sausage egg white and cheese bagel fl,11,g,55,mg,970,g,44,g,23,g,4.5,g,0,g,0,g,4,g,,,,
613,wawa,turkey veggie stacked sandwich,20,g,90,mg,2420,g,57,g,46,g,2,g,0,g,6,g,10,g,,,,
614,wawa,vanilla almond milk,2,g,0,mg,95,g,11,g,1,g,0,g,0,g,0,g,10,g,,,,
615,wawa,vanilla frosted sprinkle donut,10,g,0,mg,310,g,40,g,4,g,6,g,0,g,1,g,17,g,,,,
616,wawa,vanilla iced donut fl,9,g,0,mg,280,g,43,g,4,g,4,g,0,g,1,g,21,g,,,,
617,wawa,vanilla iced sprinkle donut fl,11,g,0,mg,280,g,40,g,0,g,4.5,g,0,g,0,g,16,g,,,,
618,wawa,veggie and cheese beyond sausage bagel sandwich,23,g,25,mg,440,g,4,g,16,g,11,g,0,g,0,g,2,g,,,,
619,wawa,veggie breakfast bagel,14,g,25,mg,930,g,63,g,17,g,4.5,g,0,g,5,g,9,g,,,,
620,wawa,veggie cream cheese bagel,9,g,25,mg,690,g,60,g,12,g,4.5,g,0,g,4,g,7,g,,,,
621,wawa,veggie cream cheese regular,7,g,25,mg,120,g,2,g,2,g,4.5,g,0,g,0,g,2,g,,,,
622,wawa,vinegar,0,g,0,mg,0,g,0,g,0,g,0,g,0,g,0,g,0,g,,,,
623,wawa,walnut delight fl,17,g,40,mg,320,g,49,g,4,g,6,g,0,g,0,g,30,g,,,,
624,wawa,western breakfast bagel,21,g,145,mg,1140,g,58,g,19,g,7,g,0,g,3,g,8,g,,,,
625,wawa,wheat classic roll,4,g,0,mg,570,g,74,g,15,g,0.5,g,0,g,6,g,8,g,,,,
626,wawa,wheat shorti roll,2.5,g,0,mg,380,g,49,g,10,g,0,g,0,g,4,g,5,g,,,,
627,wawa,white american cheese,4.5,g,15,mg,190,g,1,g,3,g,2.5,g,0,g,0,g,1,g,,,,
628,wawa,white bread,2,g,0,mg,310,g,32,g,5,g,0,g,0,g,1,g,3,g,,,,
629,wawa,whole milk,6,g,25,mg,95,g,9,g,6,g,4,g,0,g,0,g,9,g,,,,
630,wawa,yellow american cheese,4,g,10,mg,250,g,0,g,3,g,2.5,g,0,g,0,g,0,g,,,,
631,wawa,yellow mustard,0,g,0,mg,80,g,0,g,0,g,0,g,0,g,0,g,0,g,,,,
632,wayback burgers,oreo mud pie milkshake,39,g,115,mg,520,g,132,g,15,g,21,g,0,g,2,g,94,g,,,,
633,wayback burgers,chocolate milkshake,29,g,115,mg,270,g,98,g,13,g,19,g,0,g,1,g,76,g,,,,
634,wayback burgers,black and white milkshake,29,g,115,mg,260,g,97,g,13,g,19,g,0,g,0.5,g,76,g,,,,
635,wayback burgers,oreo mint milkshake,29,g,115,mg,250,g,110,g,13,g,19,g,0,g,0,g,90,g,,,,
636,wayback burgers,oreo cookie milkshake,37,g,115,mg,460,g,109,g,15,g,20,g,0,g,1,g,76,g,,,,
637,wayback burgers,cafe mocha milkshake,28,g,110,mg,290,g,104,g,12,g,18,g,0,g,0,g,81,g,,,,
638,wayback burgers,vanilla milkshake,29,g,115,mg,250,g,81,g,13,g,19,g,0,g,0,g,61,g,,,,
639,wayback burgers,coffee milkshake,29,g,115,mg,250,g,97,g,13,g,19,g,0,g,0,g,77,g,,,,
640,wayback burgers,strawberry milkshake,29,g,115,mg,260,g,98,g,13,g,19,g,0,g,0,g,77,g,,,,
641,wayback burgers,choolate banana milkshake,29,g,115,mg,270,g,106,g,13,g,19,g,0,g,0.5,g,84,g,,,,
642,wayback burgers,strawbery banana milkshake,29,g,115,mg,260,g,115,g,13,g,19,g,0,g,0,g,93,g,,,,
643,wayback burgers,chicken tenders without sauce,47,g,170,mg,160,g,7,g,64,g,8,g,4,g,0,g,0,g,,,,
644,wayback burgers,hot dog,17,g,30,mg,780,g,30,g,13,g,6,g,0,g,2,g,5,g,,,,
645,wayback burgers,house made chips,17,g,0,mg,490,g,18,g,2,g,3.5,g,0,g,2,g,0,g,,,,
646,wayback burgers,kids oreo cookie milkshake,29,g,95,mg,330,g,77,g,13,g,17,g,0,g,0.5,g,55,g,,,,
647,wayback burgers,kids coffee milkshake,24,g,95,mg,220,g,75,g,12,g,16,g,0,g,0,g,59,g,,,,
648,wayback burgers,kids chocolate milkshake,25,g,95,mg,240,g,76,g,12,g,16,g,0,g,0.5,g,59,g,,,,
649,wayback burgers,kids oreo mud pie milkshake,29,g,95,mg,350,g,89,g,13,g,17,g,0,g,0.5,g,65,g,,,,
650,wayback burgers,kids black and white milkshake,24,g,95,mg,230,g,74,g,12,g,16,g,0,g,0,g,58,g,,,,
651,wayback burgers,kids chocolate banana milkshake,24,g,95,mg,230,g,83,g,12,g,16,g,0,g,0,g,66,g,,,,
652,wayback burgers,kids grilled cheese sandwich without fries or drink,25,g,20,mg,650,g,31,g,12,g,8,g,0,g,2,g,4,g,,,,
653,wayback burgers,kids vanilla milkshake,24,g,95,mg,220,g,64,g,12,g,16,g,0,g,0,g,49,g,,,,
654,wayback burgers,kids strawbery banana milkshake,24,g,95,mg,230,g,80,g,12,g,16,g,0,g,0,g,64,g,,,,
655,wayback burgers,kids cheeseburger without fries or drink,19,g,65,mg,490,g,30,g,26,g,8,g,0,g,2,g,4,g,,,,
656,wayback burgers,kids chicken tenders without fries or drink,19,g,30,mg,550,g,17,g,17,g,3,g,0,g,0.5,g,0,g,,,,
657,wayback burgers,kids hot dog without fries or drink,17,g,30,mg,780,g,30,g,13,g,6,g,0,g,2,g,5,g,,,,
658,wayback burgers,kids strawberry milkshake,24,g,95,mg,230,g,79,g,12,g,16,g,0,g,0,g,63,g,,,,
659,wayback burgers,kids cafe mocha milkshake,24,g,95,mg,240,g,81,g,11,g,15,g,0,g,0,g,64,g,,,,
660,wayback burgers,kids oreo mint milkshake,29,g,95,mg,340,g,105,g,13,g,17,g,0,g,0.5,g,81,g,,,,
661,wayback burgers,buffalo chicken tenders without sauce,61,g,170,mg,1370,g,7,g,64,g,11,g,4,g,0,g,0,g,,,,
662,wayback burgers,balsamic vinaigrette,22,g,0,mg,440,g,5,g,0,g,3.5,g,0,g,0,g,4,g,,,,
663,wayback burgers,caesar salad with caesar dressing,41,g,20,mg,1130,g,23,g,10,g,8,g,0,g,4,g,3,g,,,,
664,wayback burgers,garden salad with balsamic vinaigrette,36,g,25,mg,780,g,27,g,9,g,9,g,0,g,3,g,10,g,,,,
665,wayback burgers,extra crispy chicken patty,23,g,50,mg,690,g,15,g,27,g,4.5,g,0,g,1,g,1,g,,,,
666,wayback burgers,chipotle mayo sauce,20,g,10,mg,240,g,2,g,0,g,3,g,0,g,0,g,0,g,,,,
667,wayback burgers,grilled onions,1.5,g,0,mg,230,g,3,g,0,g,0,g,0,g,0.5,g,1,g,,,,
668,wayback burgers,relish,0,g,0,mg,280,g,12,g,0,g,0,g,0,g,0,g,10,g,,,,
669,wayback burgers,tomatoes,0,g,0,mg,0,g,1,g,0,g,0,g,0,g,0,g,0.5,g,,,,
670,wayback burgers,mayonnaise,9,g,10,mg,55,g,0,g,0,g,1.5,g,0,g,0,g,0,g,,,,
671,wayback burgers,ketchup,0,g,0,mg,95,g,2,g,0,g,0,g,0,g,0,g,2,g,,,,
672,wayback burgers,yellow american cheese,3.5,g,10,mg,135,g,1,g,3,g,2,g,0,g,0,g,0,g,,,,
673,wayback burgers,extra chicken patty,3,g,65,mg,60,g,0,g,25,g,1,g,0,g,0,g,0,g,,,,
674,wayback burgers,mushrooms,1.5,g,0,mg,170,g,0.5,g,0.5,g,0,g,0,g,0,g,0,g,,,,
675,wayback burgers,extra beef patty,12,g,55,mg,45,g,0,g,17,g,4.5,g,0,g,0,g,0,g,,,,
676,wayback burgers,ranch dressing,16,g,5,mg,150,g,1,g,0.5,g,2.5,g,0,g,0,g,1,g,,,,
677,wayback burgers,raw onions,0,g,0,mg,0,g,1,g,0,g,0,g,0,g,0,g,0.5,g,,,,
678,wayback burgers,honey mustard sauce,14,g,15,mg,270,g,4,g,0.5,g,2.5,g,0,g,0,g,3,g,,,,
679,wayback burgers,lettuce,0,g,0,mg,0,g,0,g,0,g,0,g,0,g,0,g,0,g,,,,
680,wayback burgers,chili,3.5,g,10,mg,180,g,2,g,2,g,1.5,g,0,g,0,g,0,g,,,,
681,wayback burgers,extra gardenburger patty,3,g,10,mg,400,g,18,g,5,g,1,g,0,g,5,g,0,g,,,,
682,wayback burgers,swiss cheese,4,g,15,mg,25,g,0,g,4,g,2.5,g,0,g,0,g,0,g,,,,
683,wayback burgers,pickles,0,g,0,mg,5,g,0,g,0,g,0,g,0,g,0,g,0,g,,,,
684,wayback burgers,sweet peppers,0,g,0,mg,45,g,0.5,g,0,g,0,g,0,g,0,g,0.5,g,,,,
685,wayback burgers,jalapenos,0,g,0,mg,240,g,0.5,g,0,g,0,g,0,g,0,g,0,g,,,,
686,wayback burgers,mustard,0,g,0,mg,30,g,0,g,0,g,0,g,0,g,0,g,0,g,,,,
687,wayback burgers,bacon,7,g,15,mg,360,g,0,g,6,g,2.5,g,0,g,0,g,0,g,,,,
688,wayback burgers,extra impossible patty,14,g,0,mg,370,g,9,g,19,g,8,g,0,g,3,g,1,g,,,,
689,wayback burgers,pepper jack cheese,4.5,g,15,mg,95,g,0.5,g,6,g,3,g,0,g,0,g,0,g,,,,
690,wayback burgers,cheddar cheese,5,g,15,mg,90,g,0,g,3,g,2.5,g,0,g,0,g,0,g,,,,
691,wayback burgers,classic burger,34,g,125,mg,790,g,37,g,47,g,14,g,0,g,3,g,7,g,,,,
692,wayback burgers,impossible burger,18,g,0,mg,680,g,38,g,25,g,9,g,0,g,5,g,5,g,,,,
693,wayback burgers,grilled chicken sandwich,7,g,65,mg,370,g,30,g,31,g,2,g,0,g,2,g,5,g,,,,
694,wayback burgers,double bacon burger,48,g,160,mg,1520,g,37,g,59,g,19,g,0,g,3,g,8,g,,,,
695,wayback burgers,cheeeesy burger,55,g,145,mg,1020,g,34,g,52,g,21,g,0,g,2,g,4,g,,,,
696,wayback burgers,rodeo burger,39,g,125,mg,1110,g,51,g,47,g,15,g,0,g,3,g,15,g,,,,
697,wayback burgers,single burger,16,g,55,mg,350,g,29,g,23,g,6,g,0,g,2,g,4,g,,,,
698,wayback burgers,buffalo chicken sandwich,41,g,50,mg,2210,g,45,g,33,g,8,g,0,g,4,g,6,g,,,,
699,wayback burgers,cheesesteak sandwich,32,g,85,mg,1380,g,41,g,34,g,15,g,0,g,3,g,6,g,,,,
700,wayback burgers,wb cod sandwich,52,g,50,mg,1170,g,53,g,20,g,9,g,0,g,2,g,8,g,,,,
701,wayback burgers,gardenburger burger,7,g,10,mg,710,g,48,g,11,g,2,g,0,g,7,g,5,g,,,,
702,wayback burgers,carolina burger,49,g,145,mg,1100,g,42,g,49,g,17,g,0,g,3,g,12,g,,,,
703,wayback burgers,crispy chicken sandwich,26,g,50,mg,990,g,45,g,33,g,5,g,0,g,4,g,6,g,,,,
704,wayback burgers,double burger,27,g,110,mg,400,g,29,g,41,g,10,g,0,g,2,g,4,g,,,,
705,wayback burgers,buffalo blue dipping sauce,17,g,15,mg,1450,g,0.5,g,0.5,g,3.5,g,0,g,0,g,0.5,g,,,,
706,wayback burgers,wayback gold dipping sauce,1,g,0,mg,630,g,13,g,1,g,0,g,0,g,0.5,g,10,g,,,,
707,wayback burgers,tangy bbq sauce,0,g,0,mg,310,g,12,g,0,g,0,g,0,g,0,g,10,g,,,,
708,wayback burgers,wayback gold sauce,0.5,g,0,mg,310,g,7,g,0.5,g,0,g,0,g,0,g,5,g,,,,
709,wayback burgers,chipotle mayo dipping sauce,41,g,20,mg,490,g,4,g,0,g,6,g,0,g,0,g,0,g,,,,
710,wayback burgers,bbq dipping sauce,0,g,0,mg,610,g,24,g,0,g,0,g,0,g,0,g,20,g,,,,
711,wayback burgers,blue cheese dipping sauce,32,g,30,mg,590,g,2,g,2,g,7,g,0,g,0,g,2,g,,,,
712,wayback burgers,honey mustard dipping sauce,28,g,30,mg,550,g,8,g,2,g,4.5,g,0,g,0.5,g,6,g,,,,
713,wayback burgers,our way sauce,0,g,0,mg,135,g,5,g,0.5,g,0,g,0,g,0.5,g,4,g,,,,
714,wayback burgers,buffalo ranch dipping sauce,16,g,5,mg,1580,g,1,g,0.5,g,2.5,g,0,g,0,g,1,g,,,,
715,wayback burgers,buffalo blue sauce,8,g,5,mg,690,g,0,g,0,g,1.5,g,0,g,0,g,0,g,,,,
716,wayback burgers,ranch dipping sauce,32,g,15,mg,290,g,3,g,1,g,4.5,g,0,g,0,g,3,g,,,,
717,wayback burgers,mac and cheese bites,33,g,0,mg,1680,g,40,g,16,g,9,g,0,g,0,g,0,g,,,,
718,wayback burgers,chili cheese fries full,53,g,65,mg,1570,g,61,g,23,g,13,g,0,g,8,g,2,g,,,,
719,wayback burgers,chili cheese fries full,52,g,65,mg,1570,g,61,g,23,g,13,g,0,g,8,g,2,g,,,,
720,wayback burgers,irish nachos regular,18,g,25,mg,550,g,15,g,8,g,6,g,0,g,2,g,2,g,,,,
721,wayback burgers,fry full,30,g,0,mg,820,g,55,g,6,g,3,g,0,g,6,g,0,g,,,,
722,wayback burgers,fry regular,15,g,0,mg,410,g,28,g,3,g,1.5,g,0,g,3,g,0,g,,,,
723,wayback burgers,house made chips,17,g,0,mg,490,g,18,g,2,g,3.5,g,0,g,2,g,0,g,,,,
724,wayback burgers,bacon cheese fry regular,43,g,40,mg,1010,g,29,g,14,g,9,g,0,g,3,g,1,g,,,,
725,wayback burgers,bacon cheese fry full,86,g,80,mg,2020,g,59,g,27,g,19,g,0,g,6,g,3,g,,,,
726,wayback burgers,irish nachos full,36,g,50,mg,1110,g,30,g,16,g,12,g,0,g,4,g,4,g,,,,
727,wayback burgers,chili cheese fries regular,26,g,30,mg,790,g,31,g,12,g,7,g,0,g,4,g,1,g,,,,
728,wayback burgers,o fries,28,g,0,mg,760,g,47,g,6,g,3,g,0,g,4,g,3,g,,,,
729,wayback burgers,add cheddar cheese,5,g,15,mg,90,g,0,g,3,g,2.5,g,0,g,0,g,0,g,,,,
730,wayback burgers,add pepper jack cheese,4.5,g,15,mg,95,g,1,g,6,g,3,g,0,g,0,g,0,g,,,,
731,wayback burgers,add swiss cheese,4,g,15,mg,25,g,1,g,4,g,2.5,g,0,g,0,g,0,g,,,,
732,wayback burgers,add yellow american cheese,3.5,g,10,mg,135,g,1,g,3,g,2,g,0,g,0,g,0,g,,,,
733,wayback burgers,bacon,7,g,15,mg,360,g,0,g,6,g,2.5,g,0,g,0,g,0,g,,,,
734,wayback burgers,bacon cheese fry full,86,g,80,mg,2020,g,59,g,27,g,19,g,0,g,6,g,3,g,,,,
735,wayback burgers,bacon cheese fry regular,43,g,40,mg,1010,g,29,g,14,g,9,g,0,g,3,g,1,g,,,,
736,wayback burgers,bbq dipping sauce,0,g,0,mg,610,g,24,g,0,g,0,g,0,g,0,g,20,g,,,,
737,wayback burgers,black and white milkshake,29,g,115,mg,260,g,97,g,13,g,19,g,0,g,1,g,76,g,,,,
738,wayback burgers,blue cheese dipping sauce,32,g,30,mg,590,g,2,g,2,g,7,g,0,g,0,g,2,g,,,,
739,wayback burgers,buffalo blue,8,g,5,mg,690,g,0,g,0,g,1.5,g,0,g,0,g,0,g,,,,
740,wayback burgers,buffalo blue dipping sauce,17,g,15,mg,1450,g,1,g,1,g,3.5,g,0,g,0,g,1,g,,,,
741,wayback burgers,buffalo chicken sandwich,41,g,50,mg,2210,g,45,g,33,g,8,g,0,g,4,g,6,g,,,,
742,wayback burgers,buffalo chicken tenders,61,g,170,mg,1370,g,7,g,64,g,11,g,4,g,0,g,0,g,,,,
743,wayback burgers,buffalo ranch dipping sauce,16,g,5,mg,1580,g,1,g,1,g,2.5,g,0,g,0,g,1,g,,,,
744,wayback burgers,caesar salad,41,g,20,mg,1130,g,23,g,10,g,8,g,0,g,4,g,3,g,,,,
745,wayback burgers,cafe mocha milkshake,28,g,110,mg,290,g,104,g,12,g,18,g,0,g,0,g,81,g,,,,
746,wayback burgers,carolina burger,49,g,145,mg,1100,g,42,g,49,g,17,g,0,g,3,g,12,g,,,,
747,wayback burgers,cheeeesy burger,55,g,145,mg,1020,g,34,g,52,g,21,g,0,g,2,g,4,g,,,,
748,wayback burgers,cheesesteak,32,g,85,mg,1380,g,41,g,34,g,15,g,0,g,3,g,6,g,,,,
749,wayback burgers,chicken blt,14,g,85,mg,730,g,31,g,37,g,4,g,0,g,2,g,5,g,,,,
750,wayback burgers,chicken tenders,47,g,170,mg,160,g,7,g,64,g,8,g,4,g,0,g,0,g,,,,
751,wayback burgers,chili,3.5,g,10,mg,180,g,2,g,2,g,1.5,g,0,g,0,g,0,g,,,,
752,wayback burgers,chili cheese fries full,52,g,65,mg,1570,g,61,g,23,g,13,g,0,g,8,g,2,g,,,,
753,wayback burgers,chili cheese fries regular,26,g,30,mg,790,g,31,g,12,g,7,g,0,g,4,g,1,g,,,,
754,wayback burgers,chipotle mayo,20,g,10,mg,240,g,2,g,0,g,3,g,0,g,0,g,0,g,,,,
755,wayback burgers,chipotle mayo dipping sauce,41,g,20,mg,490,g,4,g,0,g,6,g,0,g,0,g,0,g,,,,
756,wayback burgers,chocolate banana milkshake,29,g,115,mg,270,g,106,g,13,g,19,g,0,g,1,g,84,g,,,,
757,wayback burgers,chocolate milkshake,29,g,115,mg,270,g,98,g,13,g,19,g,0,g,1,g,76,g,,,,
758,wayback burgers,classic burger,34,g,125,mg,790,g,37,g,47,g,14,g,0,g,3,g,7,g,,,,
759,wayback burgers,coffee milkshake,29,g,115,mg,250,g,97,g,13,g,19,g,0,g,0,g,77,g,,,,
760,wayback burgers,cookies n cream milkshake,37,g,115,mg,460,g,109,g,15,g,20,g,0,g,1,g,76,g,,,,
761,wayback burgers,crispy chicken sandwich,26,g,50,mg,990,g,45,g,33,g,5,g,0,g,4,g,6,g,,,,
762,wayback burgers,double bacon burger,48,g,160,mg,1520,g,37,g,59,g,19,g,0,g,3,g,8,g,,,,
763,wayback burgers,double burger,27,g,110,mg,400,g,29,g,41,g,10,g,0,g,2,g,4,g,,,,
764,wayback burgers,extra beef patty,12,g,55,mg,45,g,0,g,17,g,4.5,g,0,g,0,g,0,g,,,,
765,wayback burgers,extra chicken patty,3,g,65,mg,60,g,0,g,25,g,1,g,0,g,0,g,0,g,,,,
766,wayback burgers,extra crispy chicken patty,23,g,50,mg,690,g,15,g,27,g,4.5,g,0,g,1,g,1,g,,,,
767,wayback burgers,extra gardenburger patty,3,g,10,mg,400,g,18,g,5,g,1,g,0,g,5,g,0,g,,,,
768,wayback burgers,fry full,30,g,0,mg,820,g,55,g,6,g,3,g,0,g,6,g,0,g,,,,
769,wayback burgers,fry regular,15,g,0,mg,410,g,28,g,3,g,1.5,g,0,g,3,g,0,g,,,,
770,wayback burgers,garden salad,36,g,25,mg,780,g,27,g,9,g,9,g,0,g,3,g,10,g,,,,
771,wayback burgers,grilled chicken sandwich,7,g,65,mg,370,g,30,g,31,g,2,g,0,g,2,g,5,g,,,,
772,wayback burgers,grilled onions,1.5,g,0,mg,230,g,3,g,0,g,0,g,0,g,1,g,1,g,,,,
773,wayback burgers,honey mustard,14,g,15,mg,270,g,4,g,1,g,2.5,g,0,g,0,g,3,g,,,,
774,wayback burgers,honey mustard dipping sauce,28,g,30,mg,550,g,8,g,2,g,4.5,g,0,g,1,g,6,g,,,,
775,wayback burgers,hot dog,17,g,30,mg,780,g,30,g,13,g,6,g,0,g,2,g,5,g,,,,
776,wayback burgers,house made chips,17,g,0,mg,490,g,18,g,2,g,3.5,g,0,g,2,g,0,g,,,,
777,wayback burgers,irish nachos full,36,g,50,mg,1110,g,30,g,16,g,12,g,0,g,4,g,4,g,,,,
778,wayback burgers,irish nachos regular,18,g,25,mg,550,g,15,g,8,g,6,g,0,g,2,g,2,g,,,,
779,wayback burgers,jalapenos,0,g,0,mg,240,g,1,g,0,g,0,g,0,g,0,g,0,g,,,,
780,wayback burgers,ketchup,0,g,0,mg,95,g,2,g,0,g,0,g,0,g,0,g,2,g,,,,
781,wayback burgers,kids black and white milkshake,24,g,95,mg,230,g,74,g,12,g,16,g,0,g,0,g,58,g,,,,
782,wayback burgers,kids cafe mocha milkshake,24,g,95,mg,240,g,81,g,11,g,15,g,0,g,0,g,64,g,,,,
783,wayback burgers,kids cheeseburger,19,g,65,mg,490,g,30,g,26,g,8,g,0,g,2,g,4,g,,,,
784,wayback burgers,kids chicken tenders,19,g,30,mg,550,g,17,g,17,g,3,g,0,g,1,g,0,g,,,,
785,wayback burgers,kids chocolate banana milkshake,24,g,95,mg,230,g,83,g,12,g,16,g,0,g,0,g,66,g,,,,
786,wayback burgers,kids chocolate milkshake,25,g,95,mg,240,g,76,g,12,g,16,g,0,g,1,g,59,g,,,,
787,wayback burgers,kids coffee milkshake,24,g,95,mg,220,g,75,g,12,g,16,g,0,g,0,g,59,g,,,,
788,wayback burgers,kids cookies n cream milkshake,29,g,95,mg,330,g,77,g,13,g,17,g,0,g,1,g,55,g,,,,
789,wayback burgers,kids grilled cheese,25,g,20,mg,650,g,31,g,12,g,8,g,0,g,2,g,4,g,,,,
790,wayback burgers,kids hot dog,17,g,30,mg,780,g,30,g,13,g,6,g,0,g,2,g,5,g,,,,
791,wayback burgers,kids oreo mint milkshake,29,g,95,mg,340,g,105,g,13,g,17,g,0,g,1,g,81,g,,,,
792,wayback burgers,kids oreo mud pie milkshake,29,g,95,mg,350,g,89,g,13,g,17,g,0,g,1,g,65,g,,,,
793,wayback burgers,kids strawberry banana milkshake,24,g,95,mg,230,g,80,g,12,g,16,g,0,g,0,g,64,g,,,,
794,wayback burgers,kids strawberry milkshake,24,g,95,mg,230,g,79,g,12,g,16,g,0,g,0,g,63,g,,,,
795,wayback burgers,kids vanilla milkshake,24,g,95,mg,220,g,64,g,12,g,16,g,0,g,0,g,49,g,,,,
796,wayback burgers,lettuce,0,g,0,mg,0,g,0,g,0,g,0,g,0,g,0,g,0,g,,,,
797,wayback burgers,mac and cheese bites,33,g,0,mg,1680,g,40,g,16,g,9,g,0,g,0,g,0,g,,,,
798,wayback burgers,mayonnaise,9,g,10,mg,55,g,0,g,0,g,1.5,g,0,g,0,g,0,g,,,,
799,wayback burgers,mushrooms,1.5,g,0,mg,170,g,1,g,1,g,0,g,0,g,0,g,0,g,,,,
800,wayback burgers,mustard,0,g,0,mg,30,g,0,g,0,g,0,g,0,g,0,g,0,g,,,,
801,wayback burgers,o fries,28,g,0,mg,760,g,47,g,6,g,3,g,0,g,4,g,3,g,,,,
802,wayback burgers,onion rings,38,g,0,mg,1030,g,60,g,8,g,4,g,0,g,4,g,6,g,,,,
803,wayback burgers,oreo mint milkshake,29,g,115,mg,250,g,110,g,13,g,19,g,0,g,0,g,90,g,,,,
804,wayback burgers,oreo mud pie milkshake,39,g,115,mg,520,g,132,g,15,g,21,g,0,g,2,g,94,g,,,,
805,wayback burgers,our way,0,g,0,mg,135,g,5,g,1,g,0,g,0,g,1,g,4,g,,,,
806,wayback burgers,pickles,0,g,0,mg,5,g,0,g,0,g,0,g,0,g,0,g,0,g,,,,
807,wayback burgers,ranch,16,g,5,mg,150,g,1,g,1,g,2.5,g,0,g,0,g,1,g,,,,
808,wayback burgers,ranch dipping sauce,32,g,15,mg,290,g,3,g,1,g,4.5,g,0,g,0,g,3,g,,,,
809,wayback burgers,raw onions,0,g,0,mg,0,g,1,g,0,g,0,g,0,g,0,g,1,g,,,,
810,wayback burgers,relish,0,g,0,mg,280,g,12,g,0,g,0,g,0,g,0,g,10,g,,,,
811,wayback burgers,rodeo burger,39,g,125,mg,1110,g,51,g,47,g,15,g,0,g,3,g,15,g,,,,
812,wayback burgers,single burger,16,g,55,mg,350,g,29,g,23,g,6,g,0,g,2,g,4,g,,,,
813,wayback burgers,strawberry banana milkshake,29,g,115,mg,260,g,115,g,13,g,19,g,0,g,0,g,93,g,,,,
814,wayback burgers,strawberry milkshake,29,g,115,mg,260,g,98,g,13,g,19,g,0,g,0,g,77,g,,,,
815,wayback burgers,sweet peppers,0,g,0,mg,45,g,1,g,0,g,0,g,0,g,0,g,1,g,,,,
816,wayback burgers,tangy bbq,0,g,0,mg,310,g,12,g,0,g,0,g,0,g,0,g,10,g,,,,
817,wayback burgers,tomatoes,0,g,0,mg,0,g,1,g,0,g,0,g,0,g,0,g,1,g,,,,
818,wayback burgers,vanilla milkshake,29,g,115,mg,250,g,81,g,13,g,19,g,0,g,0,g,61,g,,,,
819,wayback burgers,veggie burger,7,g,10,mg,710,g,48,g,11,g,2,g,0,g,7,g,5,g,,,,
820,wayback burgers,wayback gold,0.5,g,0,mg,310,g,7,g,1,g,0,g,0,g,0,g,5,g,,,,
821,wayback burgers,wayback gold dipping sauce,1,g,0,mg,630,g,13,g,1,g,0,g,0,g,1,g,10,g,,,,
822,wayback burgers,wb cod sandwich,52,g,50,mg,1170,g,53,g,20,g,9,g,0,g,2,g,8,g,,,,
823,wendys,oatmeal bar,10,g,15,mg,230,g,44,g,3,g,4,g,0,g,4,g,23,g,,,,
824,wendys,sugar cookie,16,g,25,mg,300,g,44,g,3,g,8,g,0,g,1,g,24,g,,,,
825,wendys,chocolate chunk cookie,16,g,20,mg,210,g,43,g,3,g,8,g,0,g,2,g,26,g,,,,
826,wendys,strawberry lemonade medium,0,g,0,mg,45,g,98,g,0,g,0,g,0,g,0,g,92,g,,,,
827,wendys,all natural lemonade small,0,g,0,mg,25,g,50,g,0,g,0,g,0,g,0,g,47,g,,,,
828,wendys,strawberry lemonade small,0,g,0,mg,30,g,58,g,0,g,0,g,0,g,0,g,54,g,,,,
829,wendys,strawberry lemonade large,0,g,0,mg,55,g,122,g,0,g,0,g,0,g,0,g,114,g,,,,
830,wendys,all natural lemonade large,0,g,0,mg,50,g,99,g,0,g,0,g,0,g,0,g,93,g,,,,
831,wendys,all natural lemonade medium,0,g,0,mg,45,g,86,g,0,g,0,g,0,g,0,g,81,g,,,,
832,wendys,brewed unsweetened iced tea,0,g,0,mg,0,g,0.9,g,0,g,0,g,0,g,0,g,0,g,,,,
833,wendys,simply orange juice,0,g,0,mg,0,g,37,g,2,g,0,g,0,g,0,g,33,g,,,,
834,wendys,chocolate frosty ccino small,5,g,20,mg,105,g,36,g,6,g,3.5,g,0,g,2,g,28,g,,,,
835,wendys,sweetened iced tea small,0,g,0,mg,0,g,66,g,0,g,0,g,0,g,0,g,66,g,,,,
836,wendys,pineapple mango lemonade large,0,g,0,mg,40,g,121,g,0,g,0,g,0,g,0,g,115,g,,,,
837,wendys,sweetened iced tea large,0,g,0,mg,0,g,132,g,0,g,0,g,0,g,0,g,132,g,,,,
838,wendys,chocolate frosty ccino large,8,g,30,mg,150,g,52,g,9,g,5,g,0,g,3,g,41,g,,,,
839,wendys,vanilla frosty ccino small,5,g,25,mg,105,g,35,g,6,g,3.5,g,0,g,2,g,28,g,,,,
840,wendys,tropical berry lemonade large,0,g,0,mg,50,g,118,g,0,g,0,g,0,g,0,g,112,g,,,,
841,wendys,cold brew ice coffee small,0,g,0,mg,20,g,3,g,1,g,0,g,0,g,0,g,0,g,,,,
842,wendys,pineapple mango lemonade small,0,g,0,mg,20,g,61,g,0,g,0,g,0,g,0,g,58,g,,,,
843,wendys,vanilla frosty ccino large,8,g,35,mg,160,g,51,g,5,g,5,g,0,g,0,g,41,g,,,,
844,wendys,tropical berry lemonade medium,0,g,0,mg,40,g,99,g,0,g,0,g,0,g,0,g,94,g,,,,
845,wendys,sweetened iced tea medium,0,g,0,mg,0,g,99,g,0,g,0,g,0,g,0,g,99,g,,,,
846,wendys,fresh brewed decaffeinated coffee average all sizes,0,g,0,mg,10,g,0,g,0,g,0,g,0,g,0,g,0,g,,,,
847,wendys,fresh brewed coffee average all sizes,0,g,0,mg,10,g,0,g,1,g,0,g,0,g,0,g,0,g,,,,
848,wendys,pineapple mango lemonade medium,0,g,0,mg,35,g,101,g,0,g,0,g,0,g,0,g,96,g,,,,
849,wendys,cold brew iced coffee large,0,g,0,mg,30,g,5,g,1,g,0,g,0,g,0,g,0,g,,,,
850,wendys,tropical berry lemonade small,0,g,0,mg,25,g,59,g,0,g,0,g,0,g,0,g,56,g,,,,
851,wendys,honey butter chicken breakfast biscuit sandwich,29,g,35,mg,1260,g,44,g,14,g,9,g,0,g,2,g,9,g,,,,
852,wendys,sausage breakfast biscuit sandwich,35,g,45,mg,980,g,27,g,12,g,13,g,0,g,1,g,3,g,,,,
853,wendys,honey butter biscuit with maple honey butter,19,g,5,mg,670,g,32,g,3,g,7,g,0,g,1,g,8,g,,,,
854,wendys,bacon egg and swiss breakfast croissant sandwich,23,g,230,mg,890,g,34,g,18,g,11,g,0,g,1,g,6,g,,,,
855,wendys,sausage egg and swiss breakfast croissant sandwich,41,g,265,mg,1030,g,34,g,22,g,17,g,0,g,1,g,7,g,,,,
856,wendys,sausage egg and cheese breakfast biscuit,45,g,240,mg,1370,g,29,g,20,g,17,g,0.5,g,1,g,3,g,,,,
857,wendys,maple chicken bacon breakfast croissant sandwich,30,g,65,mg,1200,g,51,g,22,g,11,g,0,g,1,g,13,g,,,,
858,wendys,bacon egg and cheese breakfast biscuit sandwich,27,g,205,mg,1240,g,29,g,16,g,11,g,0,g,1,g,3,g,,,,
859,wendys,sausage gravy and biscuit,29,g,15,mg,1390,g,41,g,7,g,11,g,0,g,1,g,3,g,,,,
860,wendys,sausage egg and cheese burrito,20,g,255,mg,920,g,25,g,15,g,7,g,0,g,1,g,2,g,,,,
861,wendys,classic chocolate frosty small,9,g,35,mg,150,g,58,g,10,g,6,g,0,g,0,g,47,g,,,,
862,wendys,vanilla frosty small,9,g,45,mg,160,g,56,g,9,g,6,g,0,g,0,g,47,g,,,,
863,wendys,classic chocolate frosty large,15,g,60,mg,260,g,99,g,17,g,10,g,0.5,g,0,g,81,g,,,,
864,wendys,classic chocolate frosty medium,12,g,50,mg,210,g,79,g,13,g,8,g,0.5,g,0,g,65,g,,,,
865,wendys,vanilla frosty large,15,g,70,mg,260,g,94,g,15,g,10,g,0.5,g,0,g,78,g,,,,
866,wendys,vanilla frosty medium,12,g,55,mg,210,g,75,g,12,g,8,g,0.5,g,0,g,63,g,,,,
867,wendys,classic chocolate frosty jr,5,g,20,mg,90,g,33,g,6,g,3,g,0,g,0,g,27,g,,,,
868,wendys,natural cut fries,17,g,0,mg,280,g,47,g,5,g,3,g,0,g,4,g,0,g,,,,
869,wendys,baconator fries,27,g,35,mg,810,g,43,g,14,g,9,g,0,g,4,g,1,g,,,,
870,wendys,chili cheese fries,28,g,35,mg,1050,g,53,g,17,g,10,g,0,g,7,g,4,g,,,,
871,wendys,cheese fries,27,g,40,mg,880,g,40,g,11,g,10,g,0,g,3,g,1,g,,,,
872,wendys,pub fries,28,g,40,mg,860,g,44,g,14,g,10,g,0,g,4,g,1,g,,,,
873,wendys,vanilla frosty jr,5,g,25,mg,90,g,32,g,5,g,3,g,0,g,0,g,27,g,,,,
874,wendys,kids 1 chocolate milk,2.5,g,10,mg,160,g,23,g,7,g,1.5,g,0,g,1,g,22,g,,,,
875,wendys,kids 1 white milk,2,g,10,mg,90,g,10,g,7,g,1,g,0,g,0,g,10,g,,,,
876,wendys,junior fries,10,g,0,mg,170,g,28,g,3,g,2,g,0,g,3,g,0,g,,,,
877,wendys,spicy chicken nuggets without sauce,3,g,7,mg,120,g,2.2,g,2.5,g,0.7,g,0,g,0.2,g,0,g,,,,
878,wendys,chicken nuggets without sauce,2.8,g,8,mg,95,g,2.3,g,2.5,g,0.6,g,0,g,0.2,g,0,g,,,,
879,wendys,apple pecan chicken salad with dressing,26,g,135,mg,1280,g,42,g,39,g,10,g,0,g,5,g,33,g,,,,
880,wendys,taco salad,34,g,60,mg,1870,g,69,g,30,g,13,g,1,g,12,g,16,g,9,g,9,g
881,wendys,summer strawberry salad with dressing,23,g,120,mg,1070,g,25,g,41,g,8,g,0,g,5,g,17,g,,,,
882,wendys,parmesan caesar salad with dressing,28,g,140,mg,1110,g,7,g,42,g,9.5,g,0,g,3,g,3,g,,,,
883,wendys,southwest avocado salad with dressing,39,g,135,mg,1250,g,16,g,40,g,11.5,g,0,g,6,g,6,g,,,,
884,wendys,jalapeno popper salad with dressing,41,g,115,mg,1590,g,39,g,37,g,11,g,0,g,5,g,6,g,,,,
885,wendys,baconator cheeseburger,66,g,155,mg,1540,g,36,g,57,g,26,g,3,g,1,g,7,g,4.5,g,23,g
886,wendys,daves single cheeseburger,37,g,80,mg,1030,g,37,g,29,g,14,g,1.5,g,2,g,8,g,2,g,11,g
887,wendys,spicy chicken sandwich,19,g,65,mg,990,g,51,g,28,g,3.5,g,0,g,3,g,5,g,,,,
888,wendys,daves double cheeseburger,57,g,135,mg,1200,g,37,g,49,g,23,g,3,g,2,g,8,g,2.5,g,18,g
889,wendys,jr bacon cheeseburger jbc,23,g,45,mg,650,g,26,g,18,g,8,g,1,g,1,g,5,g,2,g,6,g
890,wendys,crispy chicken sandwich,17,g,35,mg,680,g,33,g,14,g,3,g,0,g,1,g,4,g,5,g,3,g
891,wendys,grilled chicken sandwich,8,g,95,mg,850,g,35,g,33,g,1.5,g,0,g,2,g,7,g,,,,
892,wendys,son of baconator cheeseburger,40,g,85,mg,1210,g,36,g,32,g,16,g,1.5,g,1,g,7,g,3.5,g,13,g
893,wendys,daves triple cheeseburger,81,g,200,mg,1570,g,38,g,70,g,34,g,4.5,g,2,g,8,g,,,,
894,wendys,jr cheeseburger,14,g,35,mg,610,g,26,g,15,g,6,g,0.5,g,1,g,6,g,,,,
895,wendys,asiago ranch chicken club sandwich,31,g,100,mg,1800,g,50,g,36,g,8,g,0,g,2,g,6,g,,,,
896,wendys,double stack cheeseburger,24,g,60,mg,690,g,26,g,23,g,10,g,1.5,g,1,g,6,g,,,,
897,wendys,jr cheeseburger deluxe,20,g,40,mg,610,g,27,g,15,g,7,g,1,g,1,g,6,g,,,,
898,wendys,jr hamburger,11,g,25,mg,420,g,25,g,13,g,4,g,0.5,g,1,g,5,g,,,,
899,wendys,crispy chicken blt sandwich,23,g,50,mg,1010,g,35,g,19,g,6,g,0,g,1,g,5,g,6,g,5,g
900,wendys,big bacon classic cheeseburger,41,g,90,mg,1230,g,37,g,33,g,16,g,1.5,g,2,g,8,g,,,,
901,wendys,big bacon classic cheeseburger double,62,g,145,mg,1400,g,37,g,53,g,25,g,3,g,2,g,8,g,,,,
902,wendys,bacon double stack cheeseburger,26,g,65,mg,820,g,26,g,26,g,11,g,1.5,g,1,g,6,g,,,,
903,wendys,classic chicken sandwich,21,g,75,mg,1450,g,49,g,28,g,3.5,g,0,g,2,g,5,g,,,,
904,wendys,bourbon bacon cheeseburger,41,g,85,mg,1400,g,51,g,34,g,16,g,1.5,g,2,g,15,g,,,,
905,wendys,grilled chicken pretzel bacon pub cheeseburger,33,g,140,mg,1580,g,53,g,47,g,11,g,0,g,3,g,6,g,,,,
906,wendys,pretzel bacon pub double cheeseburger,79,g,175,mg,1630,g,53,g,64,g,32,g,3.5,g,3,g,6,g,,,,
907,wendys,grilled asiago ranch chicken club sandwich,21,g,120,mg,1190,g,34,g,40,g,7,g,0,g,1,g,6,g,,,,
908,wendys,pretzel bacon pub triple cheeseburger,106,g,250,mg,1940,g,54,g,89,g,45,g,5,g,4,g,6,g,,,,
909,wendys,pretzel bacon pub cheeseburger,52,g,100,mg,1310,g,53,g,40,g,20,g,1.5,g,3,g,6,g,,,,
910,wendys,spicy asiago ranch chicken club sandwich,30,g,90,mg,1400,g,52,g,36,g,8,g,0,g,3,g,6,g,,,,
911,wendys,big bacon classic cheeseburger triple,86,g,210,mg,1770,g,38,g,75,g,36,g,4.5,g,2,g,9,g,,,,
912,wendys,bourbon bacon cheeseburger double,62,g,140,mg,1570,g,51,g,54,g,25,g,3,g,2,g,15,g,,,,
913,wendys,spicy pretzel bacon pub cheeseburgery,42,g,110,mg,1790,g,71,g,42,g,13,g,0.5,g,5,g,6,g,,,,
914,wendys,bourbon bacon cheeseburger triple,86,g,205,mg,1940,g,52,g,75,g,36,g,4.5,g,2,g,16,g,,,,
915,wendys,chili large,15,g,30,mg,1270,g,31,g,22,g,6,g,1,g,8,g,8,g,,,,
916,wendys,chili small,11,g,20,mg,910,g,22,g,16,g,4.5,g,0.5,g,6,g,6,g,,,,
917,wendys,sour cream and chive baked potato,2.5,g,10,mg,55,g,63,g,8,g,1.5,g,0,g,7,g,4,g,,,,
918,wendys,bacon cheese baked potato,13,g,35,mg,610,g,64,g,17,g,6,g,0,g,7,g,4,g,,,,
919,wendys,seasoned potatoes medium,14,g,0,mg,900,g,46,g,4,g,2.5,g,0,g,4,g,1,g,,,,
920,wendys,plain baked potato,0,g,0,mg,40,g,61,g,7,g,0,g,0,g,7,g,3,g,,,,
921,wendys,seasoned potatoes small,10,g,0,mg,630,g,32,g,3,g,2,g,0,g,3,g,1,g,,,,
922,wendys,chili cheese baked potato,14,g,35,mg,850,g,74,g,20,g,7,g,0,g,9,g,7,g,,,,
923,wendys,apple bites,0,g,0,mg,0,g,8,g,0,g,0,g,0,g,1,g,6,g,,,,
924,wendys,cheese baked potato,14,g,40,mg,710,g,65,g,15,g,8,g,0,g,7,g,4,g,,,,
925,wendys,strawberries,0,g,0,mg,0,g,5,g,0,g,0,g,0,g,1,g,3,g,,,,
926,wendys,seasoned potatoes large,17,g,0,mg,1150,g,59,g,6,g,3.5,g,0,g,5,g,1,g,,,,
927,wendys,10 piece chicken nuggets,27,g,80,mg,850,g,24,g,22,g,5,g,0,g,1,g,0,g,,,,
928,wendys,10 piece spicy chicken nuggets,31,g,65,mg,1190,g,22,g,26,g,7,g,0,g,2,g,0,g,,,,
929,wendys,4 piece chicken nuggets,11,g,35,mg,340,g,10,g,9,g,2,g,0,g,0,g,0,g,,,,
930,wendys,4 piece spicy chicken nuggets,12,g,25,mg,480,g,9,g,10,g,3,g,0,g,1,g,0,g,,,,
931,wendys,6 piece chicken nuggets,16,g,50,mg,510,g,14,g,13,g,3.5,g,0,g,1,g,0,g,,,,
932,wendys,6 piece spicy chicken nuggets,18,g,40,mg,720,g,13,g,15,g,4,g,0,g,1,g,0,g,,,,
933,wendys,all natural lemonade large,0,g,0,mg,0,g,100,g,0,g,0,g,0,g,0,g,93,g,,,,
934,wendys,all natural lemonade medium,0,g,0,mg,0,g,86,g,0,g,0,g,0,g,0,g,81,g,,,,
935,wendys,all natural lemonade small,0,g,0,mg,0,g,50,g,0,g,0,g,0,g,0,g,47,g,,,,
936,wendys,apple bites,0,g,0,mg,0,g,9,g,0,g,0,g,0,g,2,g,7,g,,,,
937,wendys,apple pecan salad dressing,3,g,0,mg,190,g,16,g,0,g,0,g,0,g,0,g,15,g,,,,
938,wendys,apple pecan salad entree,24,g,115,mg,1020,g,52,g,38,g,7,g,0,g,7,g,40,g,,,,
939,wendys,asiago ranch classic chicken club,34,g,100,mg,1650,g,52,g,38,g,9,g,0,g,3,g,7,g,,,,
940,wendys,bacon cheese baked potato,13,g,35,mg,610,g,64,g,17,g,6,g,0,g,7,g,4,g,,,,
941,wendys,bacon double stack,26,g,65,mg,820,g,26,g,26,g,11,g,1.5,g,1,g,6,g,,,,
942,wendys,bacon egg and cheese biscuit,27,g,205,mg,1240,g,28,g,16,g,11,g,0,g,1,g,3,g,,,,
943,wendys,bacon egg and swiss croissant,23,g,230,mg,890,g,34,g,18,g,11,g,0,g,1,g,6,g,,,,
944,wendys,baconator,66,g,155,mg,1540,g,36,g,57,g,26,g,3,g,1,g,7,g,,,,
945,wendys,baconator fries,28,g,35,mg,550,g,45,g,14,g,9,g,0,g,4,g,2,g,,,,
946,wendys,barqs root beer large,0,g,0,mg,125,g,144,g,0,g,0,g,0,g,0,g,144,g,,,,
947,wendys,barqs root beer medium,0,g,0,mg,95,g,108,g,0,g,0,g,0,g,0,g,108,g,,,,
948,wendys,barqs root beer small,0,g,0,mg,65,g,72,g,0,g,0,g,0,g,0,g,72,g,,,,
949,wendys,big bacon classic,41,g,90,mg,1230,g,37,g,33,g,16,g,1.5,g,2,g,8,g,,,,
950,wendys,big bacon classic double,62,g,145,mg,1400,g,37,g,53,g,25,g,3,g,2,g,8,g,,,,
951,wendys,big bacon classic triple,86,g,210,mg,1770,g,38,g,75,g,36,g,4.5,g,2,g,9,g,,,,
952,wendys,breakfast baconator,50,g,280,mg,1750,g,37,g,34,g,19,g,0.5,g,1,g,7,g,,,,
953,wendys,brewed decaffeinated coffee large,0,g,0,mg,10,g,0,g,0,g,0,g,0,g,0,g,0,g,,,,
954,wendys,brewed unsweetened iced tea large,0,g,0,mg,25,g,2,g,0,g,0,g,0,g,0,g,0,g,,,,
955,wendys,brewed unsweetened iced tea medium,0,g,0,mg,0,g,0,g,0,g,0,g,0,g,0,g,0,g,,,,
956,wendys,brewed unsweetened iced tea small,0,g,0,mg,0,g,0,g,0,g,0,g,0,g,0,g,0,g,,,,
957,wendys,cheese baked potato,14,g,40,mg,710,g,65,g,15,g,8,g,0,g,7,g,4,g,,,,
958,wendys,cheese fries,27,g,40,mg,880,g,40,g,11,g,10,g,0,g,3,g,1,g,,,,
959,wendys,chili and cheese baked potato,14,g,35,mg,860,g,74,g,20,g,7,g,0,g,10,g,7,g,,,,
960,wendys,chili cheese fries,28,g,35,mg,1060,g,53,g,17,g,10,g,0,g,7,g,4,g,,,,
961,wendys,chili large,7,g,50,mg,1170,g,23,g,23,g,3,g,0.5,g,5,g,9,g,,,,
962,wendys,chili small,5,g,35,mg,780,g,16,g,15,g,2,g,0,g,4,g,6,g,,,,
963,wendys,chocolate chunk cookie,16,g,20,mg,210,g,43,g,3,g,8,g,0,g,2,g,26,g,,,,
964,wendys,chocolate frosty ccino large,8,g,30,mg,150,g,52,g,9,g,5,g,0,g,3,g,41,g,,,,
965,wendys,chocolate frosty ccino small,5,g,20,mg,105,g,36,g,6,g,3.5,g,0,g,2,g,28,g,,,,
966,wendys,classic bacon egg and cheese sandwich,17,g,205,mg,850,g,25,g,18,g,6,g,0,g,1,g,2,g,,,,
967,wendys,classic chicken sandwich,21,g,75,mg,1450,g,49,g,28,g,3.5,g,0,g,2,g,5,g,,,,
968,wendys,classic chocolate frosty large,15,g,60,mg,260,g,99,g,17,g,10,g,0.5,g,0,g,81,g,,,,
969,wendys,classic chocolate frosty medium,12,g,50,mg,210,g,79,g,13,g,8,g,0.5,g,0,g,65,g,,,,
970,wendys,classic chocolate frosty small,9,g,35,mg,150,g,58,g,10,g,6,g,0,g,0,g,47,g,,,,
971,wendys,classic jalapeno popper sandwich,28,g,105,mg,2060,g,51,g,37,g,10,g,0,g,2,g,6,g,,,,
972,wendys,coca cola zero sugar large,0,g,0,mg,130,g,0,g,0,g,0,g,0,g,0,g,0,g,,,,
973,wendys,coca cola zero sugar medium,0,g,0,mg,95,g,0,g,0,g,0,g,0,g,0,g,0,g,,,,
974,wendys,coca cola zero sugar small,0,g,0,mg,65,g,0,g,0,g,0,g,0,g,0,g,0,g,,,,
975,wendys,coca cola large,0,g,0,mg,120,g,133,g,0,g,0,g,0,g,0,g,133,g,,,,
976,wendys,coca cola medium,0,g,0,mg,90,g,100,g,0,g,0,g,0,g,0,g,100,g,,,,
977,wendys,coca cola small,0,g,0,mg,60,g,66,g,0,g,0,g,0,g,0,g,66,g,,,,
978,wendys,cold brew iced coffee large,0,g,0,mg,30,g,5,g,1,g,0,g,0,g,0,g,0,g,,,,
979,wendys,cold brew iced coffee small,0,g,0,mg,20,g,3,g,1,g,0,g,0,g,0,g,0,g,,,,
980,wendys,crispy chicken blt,23,g,50,mg,1010,g,35,g,19,g,6,g,0,g,1,g,5,g,,,,
981,wendys,crispy chicken sandwich,17,g,35,mg,680,g,33,g,14,g,3,g,0,g,1,g,4,g,,,,
982,wendys,daves double,51,g,175,mg,1280,g,41,g,49,g,20,g,3,g,3,g,8,g,,,,
983,wendys,daves single,34,g,100,mg,1110,g,40,g,30,g,13,g,1.5,g,3,g,9,g,,,,
984,wendys,daves triple,72,g,260,mg,1650,g,43,g,71,g,30,g,4,g,3,g,9,g,,,,
985,wendys,decaffeinated coffee small,0,g,0,mg,10,g,0,g,0,g,0,g,0,g,0,g,0,g,,,,
986,wendys,decaffeinated coffee small size,0,g,0,mg,10,g,0,g,0,g,0,g,0,g,0,g,0,g,,,,
987,wendys,diet coke large,0,g,0,mg,125,g,1,g,0,g,0,g,0,g,0,g,0,g,,,,
988,wendys,diet coke medium,0,g,0,mg,95,g,1,g,0,g,0,g,0,g,0,g,0,g,,,,
989,wendys,diet coke small,0,g,0,mg,65,g,0,g,0,g,0,g,0,g,0,g,0,g,,,,
990,wendys,double stack,24,g,60,mg,690,g,26,g,23,g,10,g,1.5,g,1,g,6,g,,,,
991,wendys,dr pepper large,0,g,0,mg,125,g,124,g,0,g,0,g,0,g,0,g,124,g,,,,
992,wendys,dr pepper medium,0,g,0,mg,95,g,93,g,0,g,0,g,0,g,0,g,93,g,,,,
993,wendys,dr pepper small,0,g,0,mg,65,g,62,g,0,g,0,g,0,g,0,g,62,g,,,,
994,wendys,fanta orange large,0,g,0,mg,120,g,140,g,0,g,0,g,0,g,0,g,139,g,,,,
995,wendys,fanta orange medium,0,g,0,mg,90,g,105,g,0,g,0,g,0,g,0,g,105,g,,,,
996,wendys,fanta orange small,0,g,0,mg,60,g,70,g,0,g,0,g,0,g,0,g,70,g,,,,
997,wendys,fresh baked oatmeal bar,10,g,15,mg,230,g,44,g,3,g,4,g,0,g,4,g,23,g,,,,
998,wendys,grilled asiago ranch chicken club,21,g,120,mg,1190,g,34,g,40,g,7,g,0,g,1,g,6,g,,,,
999,wendys,grilled chicken sandwich,10,g,90,mg,830,g,38,g,34,g,2,g,0,g,3,g,8,g,,,,
