,Restaurant Name,Food Name,Total Fat Amount,Total Fat Unit,Cholesterol Amount,Cholesterol Unit,Sodium Amount,Sodium Unit,Total Carbohydrate Amount,Total Carbohydrate Unit,Protein Amount,Protein Unit,Saturated Fat Amount,Saturated Fat Unit,Trans Fat Amount,Trans Fat Unit,Dietary Fiber Amount,Dietary Fiber Unit,Sugars Amount,Sugars Unit
0,yard house,pickles,0,g,0,mg,520,g,1,g,0,g,0,g,0,g,0,g,0,g
1,yard house,pineapple express,0,g,0,mg,15,g,28,g,0,g,0,g,0,g,0,g,26,g
2,yard house,pineapple lych ini,0,g,0,mg,10,g,29,g,0,g,0,g,0,g,0,g,28,g
3,yard house,pinto beans and spicy rice,7,g,10,mg,950,g,58,g,12,g,2,g,0,g,6,g,3,g
4,yard house,platter bbq chicken salad,518,g,800,mg,14100,g,686,g,276,g,88,g,0,g,87,g,264,g
5,yard house,platter chicken avocado sandwich,323,g,675,mg,8420,g,460,g,238,g,73,g,0,g,43,g,19,g
6,yard house,platter chicken cobb salad,420,g,1995,mg,9190,g,151,g,352,g,117,g,0,g,52,g,67,g
7,yard house,platter chicken lettuce wraps,146,g,390,mg,18680,g,536,g,163,g,18,g,0,g,17,g,394,g
8,yard house,platter chilled edamame,19,g,0,mg,3880,g,31,g,37,g,2,g,0,g,12,g,0,g
9,yard house,platter coconut shrimp,154,g,480,mg,5990,g,639,g,107,g,26,g,0,g,25,g,457,g
10,yard house,platter fried mac and cheese,343,g,1030,mg,5470,g,424,g,145,g,153,g,0,g,25,g,98,g
11,yard house,platter kale caesar,257,g,275,mg,6300,g,168,g,96,g,53,g,0,g,35,g,59,g
12,yard house,platter mac and cheese,548,g,1255,mg,11610,g,460,g,300,g,220,g,0,g,27,g,62,g
13,yard house,platter mixed field greens,78,g,0,mg,3540,g,150,g,22,g,9,g,0,g,19,g,83,g
14,yard house,platter moo shu egg rolls,113,g,485,mg,6080,g,300,g,155,g,27,g,0,g,23,g,141,g
15,yard house,platter nashville hot chicken,418,g,895,mg,21650,g,861,g,280,g,74,g,0,g,25,g,431,g
16,yard house,platter pork lumpia,157,g,205,mg,4200,g,206,g,62,g,29,g,0,g,9,g,98,g
17,yard house,platter red quinoa salad,246,g,55,mg,3870,g,349,g,111,g,48,g,0,g,62,g,152,g
18,yard house,platter southern fried chicken,544,g,1575,mg,24240,g,831,g,351,g,218,g,0,g,69,g,144,g
19,yard house,platter spicy edamame,164,g,0,mg,5050,g,78,g,60,g,19,g,0,g,20,g,13,g
20,yard house,platter spinach cheese dip,325,g,535,mg,6830,g,139,g,118,g,124,g,0,g,22,g,28,g
21,yard house,platter traditional caesar salad,223,g,260,mg,5660,g,72,g,63,g,47,g,0,g,15,g,13,g
22,yard house,platter turkey club sandwich,314,g,625,mg,12170,g,390,g,230,g,61,g,0,g,40,g,30,g
23,yard house,platter whole peach apple cobbler,175,g,460,mg,840,g,906,g,31,g,108,g,0,g,20,g,592,g
24,yard house,platter wings boneless ancho bbq,188,g,770,mg,11030,g,318,g,212,g,26,g,0,g,8,g,145,g
25,yard house,platter wings boneless buffalo,230,g,770,mg,16390,g,197,g,214,g,36,g,0,g,15,g,23,g
26,yard house,platter wings boneless firecracker,126,g,700,mg,13690,g,346,g,212,g,15,g,0,g,10,g,156,g
27,yard house,platter wings boneless korean,254,g,855,mg,10040,g,287,g,215,g,36,g,0,g,7,g,89,g
28,yard house,platter wings gardein ancho bbq,200,g,85,mg,10640,g,305,g,208,g,23,g,0,g,33,g,146,g
29,yard house,platter wings gardein buffalo,242,g,85,mg,16000,g,183,g,210,g,33,g,0,g,39,g,23,g
30,yard house,platter wings gardein firecracker,139,g,20,mg,13300,g,332,g,207,g,12,g,0,g,35,g,156,g
31,yard house,platter wings gardein korean,266,g,170,mg,9660,g,274,g,210,g,33,g,0,g,32,g,89,g
32,yard house,platter wings traditional ancho bbq,213,g,1305,mg,5160,g,120,g,278,g,42,g,0,g,7,g,108,g
33,yard house,platter wings traditional buffalo,245,g,1305,mg,9180,g,29,g,280,g,49,g,0,g,11,g,15,g
34,yard house,platter wings traditional firecracker,146,g,1240,mg,6730,g,138,g,277,g,30,g,0,g,8,g,114,g
35,yard house,platter wings traditional korean,279,g,1390,mg,4230,g,97,g,280,g,52,g,0,g,5,g,64,g
36,yard house,poke bowl,62,g,90,mg,1660,g,86,g,38,g,9,g,0,g,9,g,17,g
37,yard house,poke nachos,59,g,60,mg,1220,g,51,g,35,g,8,g,0,g,6,g,9,g
38,yard house,polu hawaiian,0,g,0,mg,5,g,27,g,0,g,0,g,0,g,0,g,24,g
39,yard house,pomegranate margarita,0,g,0,mg,10,g,43,g,0,g,0,g,0,g,0,g,39,g
40,yard house,pomegranate press,0,g,0,mg,10,g,30,g,0,g,0,g,0,g,0,g,29,g
41,yard house,porcini crusted halibut,87,g,325,mg,1230,g,40,g,56,g,48,g,0,g,7,g,7,g
42,yard house,pork lumpia,39,g,50,mg,1050,g,51,g,16,g,7,g,0,g,2,g,25,g
43,yard house,queso dip,95,g,145,mg,4190,g,136,g,52,g,42,g,0,g,7,g,17,g
44,yard house,red fish,3.5,g,95,mg,120,g,0,g,55,g,1,g,0,g,0,g,0,g
45,yard house,red quinoa salad,44,g,10,mg,770,g,65,g,22,g,9,g,0,g,12,g,27,g
46,yard house,rib eye,80,g,280,mg,2160,g,56,g,78,g,34,g,0,g,6,g,14,g
47,yard house,rib eye and shrimp,81,g,415,mg,2460,g,57,g,96,g,34,g,0,g,6,g,15,g
48,yard house,roast beef dip,63,g,165,mg,3330,g,76,g,66,g,18,g,0,g,3,g,5,g
49,yard house,rose refresher,0,g,0,mg,10,g,26,g,0,g,0,g,0,g,0,g,24,g
50,yard house,smores brownie,52,g,105,mg,840,g,213,g,12,g,22,g,0,g,6,g,143,g
51,yard house,sake bomb,0,g,0,mg,5,g,6,g,1,g,0,g,0,g,0,g,0,g
52,yard house,sake 2 5 oz,0,g,0,mg,0,g,4,g,0,g,0,g,0,g,0,g,0,g
53,yard house,sake bottle,0,g,0,mg,15,g,35,g,4,g,0,g,0,g,0,g,0,g
54,yard house,salted watermelon margarita,0,g,0,mg,10,g,38,g,0,g,0,g,0,g,0,g,34,g
55,yard house,seagrams ginger ale,0,g,0,mg,15,g,21,g,0,g,0,g,0,g,0,g,21,g
56,yard house,seared ahi steak sandwich,50,g,95,mg,720,g,43,g,51,g,13,g,0,g,4,g,15,g
57,yard house,sesame chicken and noodles,96,g,305,mg,3500,g,116,g,68,g,36,g,0,g,8,g,36,g
58,yard house,shiitake garlic noodles,41,g,160,mg,1350,g,71,g,14,g,24,g,0,g,4,g,9,g
59,yard house,shrimp and calamari diablo,59,g,425,mg,2180,g,109,g,62,g,15,g,0,g,6,g,12,g
60,yard house,southern fried chicken breast,127,g,305,mg,3920,g,138,g,66,g,44,g,0,g,11,g,28,g
61,yard house,southside,0,g,0,mg,10,g,29,g,0,g,0,g,0,g,0,g,24,g
62,yard house,spicy jambalaya pasta full,73,g,360,mg,3290,g,104,g,76,g,23,g,0,g,7,g,13,g
63,yard house,spicy jambalaya pasta small,40,g,250,mg,2020,g,65,g,50,g,13,g,0,g,4,g,8,g
64,yard house,spicy tuna roll,40,g,50,mg,1570,g,18,g,37,g,6,g,0,g,9,g,5,g
65,yard house,spinach cheese dip,98,g,95,mg,1610,g,73,g,31,g,24,g,0,g,6,g,5,g
66,yard house,stacked bacon ranch burger,104,g,275,mg,1960,g,66,g,82,g,36,g,0,g,3,g,18,g
67,yard house,stacked house burger,70,g,220,mg,1150,g,49,g,67,g,25,g,0,g,2,g,12,g
68,yard house,stacked patty melt,75,g,220,mg,1270,g,54,g,67,g,27,g,0,g,3,g,23,g
69,yard house,steak sirloin and potato stack large,99,g,305,mg,2510,g,91,g,107,g,36,g,0,g,9,g,19,g
70,yard house,steak sirloin and potato stack small,90,g,215,mg,2180,g,91,g,74,g,33,g,0,g,9,g,19,g
71,yard house,strawberry fields,0,g,0,mg,5,g,17,g,0,g,0,g,0,g,0,g,16,g
72,yard house,strawberry mojito,0,g,0,mg,35,g,47,g,0,g,0,g,0,g,0,g,42,g
73,yard house,sunkissed sangria,0,g,0,mg,15,g,26,g,0,g,0,g,0,g,0,g,22,g
74,yard house,sunset sangria,0,g,0,mg,15,g,22,g,0,g,0,g,0,g,1,g,18,g
75,yard house,thai basil pesto,26,g,0,mg,160,g,12,g,1,g,2.5,g,0,g,0,g,11,g
76,yard house,the beyond burger with salad,46,g,0,mg,1610,g,71,g,41,g,11,g,0,g,12,g,7,g
77,yard house,the carnivore pizza,75,g,210,mg,3040,g,101,g,86,g,32,g,0,g,6,g,9,g
78,yard house,the local mai tai,0,g,0,mg,10,g,46,g,0,g,0,g,0,g,0,g,40,g
79,yard house,tomato bisque bowl,40,g,130,mg,1720,g,30,g,4,g,25,g,0,g,1,g,23,g
80,yard house,tomato bisque cup,20,g,65,mg,860,g,15,g,2,g,12,g,0,g,1,g,12,g
81,yard house,traditional caesar salad,31,g,40,mg,850,g,12,g,11,g,7,g,0,g,3,g,2,g
82,yard house,tropical chicken taco,18,g,40,mg,610,g,18,g,14,g,3.5,g,0,g,1,g,3,g
83,yard house,truffle fries,24,g,10,mg,1280,g,63,g,8,g,3.5,g,0,g,8,g,0,g
84,yard house,turkey burger,55,g,215,mg,1640,g,55,g,55,g,16,g,0,g,3,g,8,g
85,yard house,vampire style taco shell option,12,g,20,mg,440,g,13,g,12,g,7,g,0,g,0,g,0,g
86,yard house,vampire taco,26,g,70,mg,860,g,24,g,27,g,10,g,0,g,2,g,2,g
87,yard house,vitamin water xxx,0,g,0,mg,0,g,13,g,0,g,0,g,0,g,0,g,12,g
88,yard house,vodka shrimp pasta full,61,g,315,mg,1450,g,98,g,51,g,23,g,0,g,6,g,12,g
89,yard house,vodka shrimp pasta small,31,g,160,mg,820,g,59,g,28,g,12,g,0,g,3,g,6,g
90,yard house,wine sparkling 5 25 oz,0,g,0,mg,10,g,8,g,0,g,0,g,0,g,0,g,8,g
91,yard house,wine sparkling bottle,0,g,0,mg,40,g,38,g,2,g,0,g,0,g,0,g,38,g
92,yard house,wine red 6 oz,0,g,0,mg,0,g,5,g,0,g,0,g,0,g,0,g,1,g
93,yard house,wine red 9 oz,0,g,0,mg,0,g,8,g,0,g,0,g,0,g,0,g,2,g
94,yard house,wine red bottle,0,g,0,mg,0,g,21,g,1,g,0,g,0,g,0,g,5,g
95,yard house,wine white 6 oz,0,g,0,mg,10,g,4,g,0,g,0,g,0,g,0,g,2,g
96,yard house,wine white 9 oz,0,g,0,mg,15,g,6,g,0,g,0,g,0,g,0,g,3,g
97,yard house,wine white bottle,0,g,0,mg,35,g,16,g,1,g,0,g,0,g,0,g,7,g
98,yard house,wisconsin fried cheese curds,142,g,295,mg,4260,g,108,g,72,g,56,g,0,g,5,g,50,g
99,yayas flame broiled chicken,asian bowl with sauce,12,g,70,mg,400,g,291,g,46,g,2.5,g,0,g,12,g,26,g
100,yayas flame broiled chicken,asian sandwich with dressing,4,g,70,mg,870,g,69,g,32,g,0.5,g,0,g,2,g,9,g
101,yayas flame broiled chicken,asian wrap with dressing,5,g,70,mg,940,g,68,g,30,g,1,g,0,g,2,g,11,g
102,yayas flame broiled chicken,baked beans,1,g,0,mg,670,g,36,g,6,g,0,g,0,g,5,g,18,g
103,yayas flame broiled chicken,barbecue chicken sandwich without dressing,4,g,50,mg,1170,g,63,g,33,g,3.5,g,0,g,5,g,38,g
104,yayas flame broiled chicken,bbq bowl with sauce,22,g,100,mg,980,g,303,g,59,g,8,g,0,g,15,g,30,g
105,yayas flame broiled chicken,bbq wrap,13,g,70,mg,900,g,167,g,49,g,2,g,0,g,10,g,27,g
106,yayas flame broiled chicken,brown rice pilaf,1,g,0,mg,0,g,37,g,4,g,0,g,0,g,2,g,0,g
107,yayas flame broiled chicken,caesar salad dressing,29,g,25,mg,580,g,4,g,2,g,5,g,0,g,0,g,4,g
108,yayas flame broiled chicken,caesar wrap without dressing,12,g,80,mg,650,g,35,g,32,g,3.5,g,0,g,3,g,4,g
109,yayas flame broiled chicken,chicken bacon sandwich with dressing,35,g,95,mg,1070,g,44,g,37,g,7,g,0,g,2,g,8,g
110,yayas flame broiled chicken,chicken bacon wrap with dressing,36,g,95,mg,1140,g,43,g,38,g,7,g,0,g,2,g,10,g
111,yayas flame broiled chicken,chicken breast,8,g,100,mg,450,g,0,g,34,g,2.5,g,0,g,0,g,0,g
112,yayas flame broiled chicken,chicken breast sandwich without dressing,7,g,80,mg,980,g,48,g,42,g,2.5,g,0,g,2,g,4,g
113,yayas flame broiled chicken,chicken breast without skin,4,g,80,mg,400,g,0,g,32,g,1.5,g,0,g,0,g,0,g
114,yayas flame broiled chicken,chicken caesar salad without dressing,4,g,70,mg,350,g,9,g,29,g,0.5,g,0,g,3,g,1,g
115,yayas flame broiled chicken,chicken caesar sandwich without dressing,1.5,g,80,mg,580,g,36,g,35,g,1.5,g,0,g,1,g,2,g
116,yayas flame broiled chicken,chicken leg,3.5,g,60,mg,150,g,0,g,14,g,1,g,0,g,0,g,0,g
117,yayas flame broiled chicken,chicken noodle soup bowl,3,g,30,mg,1010,g,20,g,6,g,0,g,0,g,1,g,1,g
118,yayas flame broiled chicken,chicken noodle soup cup,2.5,g,25,mg,900,g,18,g,5,g,1,g,0,g,1,g,1,g
119,yayas flame broiled chicken,chicken salad without dressing,4,g,70,mg,300,g,5,g,24,g,0.5,g,0,g,2,g,3,g
120,yayas flame broiled chicken,chicken thigh,11,g,95,mg,290,g,0,g,21,g,3,g,0,g,0,g,0,g
121,yayas flame broiled chicken,chicken wing,3.5,g,40,mg,150,g,0,g,10,g,1,g,0,g,0,g,0,g
122,yayas flame broiled chicken,cole slaw,13,g,0,mg,300,g,17,g,2,g,1.5,g,0,g,3,g,0,g
123,yayas flame broiled chicken,corn and peppers,6,g,0,mg,200,g,33,g,5,g,0,g,0,g,7,g,10,g
124,yayas flame broiled chicken,fat free ranch dressing,0,g,0,mg,550,g,14,g,1,g,0,g,0,g,0,g,2,g
125,yayas flame broiled chicken,fat free raspberry dressing,0,g,0,mg,270,g,9,g,0,g,0,g,0,g,0,g,6,g
126,yayas flame broiled chicken,garden salad,0,g,0,mg,10,g,4,g,1,g,0,g,0,g,1,g,2,g
127,yayas flame broiled chicken,gravy,2,g,0,mg,300,g,4,g,1,g,0.5,g,0,g,0,g,0,g
128,yayas flame broiled chicken,honey butter,6,g,0,mg,60,g,2,g,0,g,1,g,1.5,g,0,g,2,g
129,yayas flame broiled chicken,mac and cheese,9,g,25,mg,290,g,22,g,8,g,5,g,0,g,1,g,3,g
130,yayas flame broiled chicken,mac and cheese bowl,22,g,120,mg,620,g,44,g,39,g,11,g,0,g,2,g,5,g
131,yayas flame broiled chicken,mashed potato bowl,33,g,140,mg,1620,g,42,g,36,g,17,g,0,g,3,g,2,g
132,yayas flame broiled chicken,mixed vegetables,0.5,g,0,mg,250,g,13,g,2,g,0,g,0,g,4,g,1,g
133,yayas flame broiled chicken,original wrap without dressing,8,g,70,mg,440,g,35,g,27,g,1,g,0,g,3,g,4,g
134,yayas flame broiled chicken,pita bread,4,g,0,mg,320,g,35,g,7,g,0.5,g,0,g,1,g,2,g
135,yayas flame broiled chicken,potato salad,10,g,25,mg,480,g,20,g,3,g,6,g,0,g,2,g,1,g
136,yayas flame broiled chicken,regular asian salad with dressing,2.5,g,70,mg,1120,g,40,g,25,g,0.5,g,0,g,3,g,28,g
137,yayas flame broiled chicken,regular southwest salad with dressing,34,g,90,mg,800,g,19,g,26,g,5,g,0,g,4,g,7,g
138,yayas flame broiled chicken,regular thai salad with dressing,23,g,70,mg,700,g,20,g,28,g,3,g,0,g,5,g,10,g
139,yayas flame broiled chicken,rice and bean wrap without dressing,19,g,105,mg,770,g,167,g,50,g,2.5,g,0,g,10,g,2,g
140,yayas flame broiled chicken,rice bowl with sauce,23,g,100,mg,530,g,263,g,56,g,9,g,0,g,12,g,0,g
141,yayas flame broiled chicken,shredded chicken,1.5,g,25,mg,95,g,0,g,8,g,0.5,g,0,g,0,g,0,g
142,yayas flame broiled chicken,shredded chicken sandwich without dressing,11,g,70,mg,370,g,36,g,29,g,0.5,g,0,g,1,g,2,g
143,yayas flame broiled chicken,southwest bowl with dressing,45,g,90,mg,800,g,270,g,47,g,7,g,0,g,13,g,3,g
144,yayas flame broiled chicken,southwest sandwich with dressing,38,g,90,mg,1110,g,48,g,33,g,6,g,0,g,3,g,7,g
145,yayas flame broiled chicken,southwest wrap with dressing,39,g,90,mg,1180,g,47,g,31,g,6,g,0,g,5,g,9,g
146,yayas flame broiled chicken,thai bowl,22,g,70,mg,400,g,287,g,50,g,4,g,0,g,14,g,8,g
147,yayas flame broiled chicken,thai peanut wrap with dressing,28,g,70,mg,1070,g,48,g,32,g,4,g,0,g,4,g,13,g
148,yayas flame broiled chicken,thai sandwich with dressing,27,g,70,mg,990,g,49,g,34,g,3.5,g,0,g,4,g,11,g
149,yayas flame broiled chicken,yayas salad dressing,25,g,5,mg,420,g,7,g,1,g,4,g,0,g,0,g,6,g
150,yayas flame broiled chicken,yukon gold mash potatoes with gravy,12,g,25,mg,780,g,24,g,4,g,7,g,0,g,2,g,1,g
151,yayas flame broiled chicken,yukon gold mash potatoes without gravy,10,g,25,mg,480,g,20,g,3,g,6,g,0,g,2,g,1,g
152,ycs mongolian grill,baby corn,0,g,0,mg,120,g,2,g,0,g,0,g,0,g,1,g,0,g
153,ycs mongolian grill,bangkok seasoning,0,g,0,mg,0,g,1,g,0,g,0,g,0,g,0,g,0,g
154,ycs mongolian grill,bean sprouts,0,g,0,mg,5,g,6,g,2,g,0,g,0,g,1,g,0,g
155,ycs mongolian grill,beef,15,g,95,mg,90,g,0,g,28,g,6,g,0,g,0,g,0,g
156,ycs mongolian grill,bell pepper,0,g,0,mg,0,g,4,g,1,g,0,g,0,g,1,g,2,g
157,ycs mongolian grill,black bean sauce,0,g,0,mg,440,g,4,g,1,g,0,g,0,g,0,g,2,g
158,ycs mongolian grill,blackening mix,0,g,0,mg,160,g,0,g,0,g,0,g,0,g,0,g,0,g
159,ycs mongolian grill,bourbanero,0,g,0,mg,0,g,1,g,0,g,0,g,0,g,0,g,0,g
160,ycs mongolian grill,broccoli,0,g,0,mg,25,g,4,g,1,g,0,g,0,g,2,g,1,g
161,ycs mongolian grill,cabbage,0,g,0,mg,0,g,3,g,1,g,0,g,0,g,1,g,2,g
162,ycs mongolian grill,cajun seasoning,0,g,0,mg,170,g,0,g,0,g,0,g,0,g,0,g,0,g
163,ycs mongolian grill,carrots,0,g,0,mg,35,g,5,g,0,g,0,g,0,g,2,g,2,g
164,ycs mongolian grill,celery raw,0,g,0,mg,50,g,2,g,0,g,0,g,0,g,1,g,1,g
165,ycs mongolian grill,chefs favorite soup,1.5,g,5,mg,1150,g,4,g,2,g,0,g,0,g,0,g,3,g
166,ycs mongolian grill,chicken vegetable soup,0.5,g,5,mg,830,g,4,g,2,g,0,g,0,g,0,g,2,g
167,ycs mongolian grill,chicken wonton soup,2,g,15,mg,1200,g,8,g,5,g,0,g,0,g,1,g,3,g
168,ycs mongolian grill,chicken dark meat,12,g,145,mg,380,g,0,g,27,g,3,g,0,g,0,g,0,g
169,ycs mongolian grill,chicken light meat,4,g,95,mg,85,g,0,g,35,g,1,g,0,g,0,g,0,g
170,ycs mongolian grill,chili oil,14,g,0,mg,0,g,0,g,0,g,2,g,0,g,0,g,0,g
171,ycs mongolian grill,chinese cabbage,0,g,0,mg,20,g,1,g,1,g,0,g,0,g,1,g,0,g
172,ycs mongolian grill,chocolate frozen yogurt,0,g,0,mg,65,g,19,g,1,g,0,g,0,g,0,g,16,g
173,ycs mongolian grill,cooking rice wine,0,g,0,mg,160,g,0,g,0,g,0,g,0,g,0,g,0,g
174,ycs mongolian grill,curry sauce,1,g,0,mg,270,g,1,g,0,g,0.5,g,0,g,0,g,1,g
175,ycs mongolian grill,fish cod,1,g,60,mg,90,g,0,g,26,g,0,g,0,g,0,g,0,g
176,ycs mongolian grill,green curry sauce,2.5,g,0,mg,230,g,8,g,1,g,1.5,g,0,g,0,g,6,g
177,ycs mongolian grill,green onions raw,0,g,0,mg,10,g,4,g,1,g,0,g,0,g,1,g,1,g
178,ycs mongolian grill,hot mustard,3.5,g,0,mg,0,g,2,g,1,g,0.5,g,0,g,1,g,0,g
179,ycs mongolian grill,kikkiman soy sauce lower sodium,0,g,0,mg,570,g,1,g,1,g,0,g,0,g,0,g,0,g
180,ycs mongolian grill,kikkoman soy sauce gluten free,0,g,0,mg,880,g,1,g,1,g,0,g,0,g,0,g,0,g
181,ycs mongolian grill,kimlan ponlai soy sauce,0,g,0,mg,1030,g,1,g,1,g,0,g,0,g,0,g,0,g
182,ycs mongolian grill,lemon pepper,0,g,0,mg,300,g,0,g,0,g,0,g,0,g,0,g,0,g
183,ycs mongolian grill,lemongrass thai sauce,0,g,0,mg,85,g,7,g,0,g,0,g,0,g,1,g,2,g
184,ycs mongolian grill,marco polo sauce,1.5,g,0,mg,220,g,8,g,1,g,0,g,0,g,1,g,5,g
185,ycs mongolian grill,minced garlic,0,g,0,mg,0,g,3,g,0,g,0,g,0,g,0,g,0,g
186,ycs mongolian grill,mushrooms,0,g,0,mg,0,g,3,g,1,g,0,g,0,g,1,g,1,g
187,ycs mongolian grill,noodles rice,0,g,0,mg,15,g,22,g,1,g,0,g,0,g,1,g,0,g
188,ycs mongolian grill,noodles udon,0,g,0,mg,340,g,19,g,4,g,0,g,0,g,1,g,0,g
189,ycs mongolian grill,noodles wheat,0.5,g,0,mg,0,g,22,g,4,g,0,g,0,g,1,g,0,g
190,ycs mongolian grill,onions,0,g,0,mg,0,g,6,g,1,g,0,g,0,g,1,g,3,g
191,ycs mongolian grill,orange sauce,0,g,0,mg,300,g,19,g,1,g,0,g,0,g,0,g,18,g
192,ycs mongolian grill,peanuts raw,28,g,0,mg,10,g,9,g,15,g,4,g,0,g,5,g,2,g
193,ycs mongolian grill,pineapple,0,g,0,mg,0,g,7,g,0,g,0,g,0,g,0,g,6,g
194,ycs mongolian grill,pomegranate hoisin sauce,1.5,g,0,mg,1010,g,7,g,3,g,0,g,0,g,0,g,7,g
195,ycs mongolian grill,pork,10,g,95,mg,60,g,0,g,31,g,3.5,g,0,g,0,g,0,g
196,ycs mongolian grill,potatoes,0,g,0,mg,10,g,11,g,1,g,0,g,0,g,1,g,0,g
197,ycs mongolian grill,red thai curry peanut sauce,6,g,0,mg,230,g,5,g,2,g,2,g,0,g,1,g,3,g
198,ycs mongolian grill,rice brown,1,g,0,mg,0,g,23,g,2,g,0,g,0,g,2,g,0,g
199,ycs mongolian grill,rice white,0,g,0,mg,0,g,27,g,2,g,0,g,0,g,0,g,0,g
200,ycs mongolian grill,seafood sauce,0,g,0,mg,910,g,6,g,2,g,0,g,0,g,0,g,4,g
201,ycs mongolian grill,sesame oil,14,g,0,mg,0,g,0,g,0,g,2,g,0,g,0,g,0,g
202,ycs mongolian grill,shrimp,0,g,215,mg,125,g,0,g,27,g,0,g,0,g,0,g,0,g
203,ycs mongolian grill,spicy beef soup,1.5,g,15,mg,580,g,3,g,3,g,0.5,g,0,g,0,g,0,g
204,ycs mongolian grill,spicy hunan sauce,0,g,0,mg,1010,g,6,g,1,g,0,g,0,g,0,g,4,g
205,ycs mongolian grill,spicy panang curry sauce,5,g,0,mg,230,g,8,g,1,g,3.5,g,0,g,0,g,6,g
206,ycs mongolian grill,spinach,0,g,0,mg,40,g,2,g,2,g,0,g,0,g,1,g,0,g
207,ycs mongolian grill,sweet and sour sauce,0,g,0,mg,30,g,12,g,0,g,0,g,0,g,0,g,12,g
208,ycs mongolian grill,sweet and sour sauce for chips,0,g,0,mg,35,g,13,g,0,g,0,g,0,g,0,g,12,g
209,ycs mongolian grill,tofu,4,g,0,mg,40,g,3,g,9,g,0,g,0,g,1,g,1,g
210,ycs mongolian grill,tomatoes,0,g,0,mg,0,g,2,g,0,g,0,g,0,g,1,g,1,g
211,ycs mongolian grill,vanilla frozen yogurt,0,g,0,mg,70,g,20,g,1,g,0,g,0,g,0,g,15,g
212,ycs mongolian grill,vinegar,0,g,0,mg,0,g,0,g,0,g,0,g,0,g,0,g,0,g
213,ycs mongolian grill,water chestnuts,0,g,0,mg,5,g,5,g,0,g,0,g,0,g,0,g,1,g
214,ycs mongolian grill,wontons fried,5,g,5,mg,300,g,30,g,5,g,1,g,0,g,1,g,0,g
215,ycs mongolian grill,ycs own sauce,0,g,0,mg,960,g,5,g,1,g,0,g,0,g,0,g,4,g
216,ycs mongolian grill,zucchini,0,g,0,mg,0,g,2,g,1,g,0,g,0,g,1,g,1,g
217,yo sushi,avocado maki,7,g,0,mg,390,g,0,g,0,g,1,g,0,g,0,g,4,g
218,yo sushi,avocado maki to go,7,g,0,mg,390,g,0,g,0,g,1,g,0,g,0,g,4,g
219,yo sushi,beef teriyaki,22,g,0,mg,390,g,0,g,0,g,4,g,0,g,0,g,8,g
220,yo sushi,beef teriyaki to go,22,g,0,mg,390,g,0,g,0,g,4,g,0,g,0,g,8,g
221,yo sushi,beef teriyaki rice bowl,22,g,0,mg,380,g,0,g,0,g,4,g,0,g,0,g,8,g
222,yo sushi,beef teriyaki rice bowl to go,22,g,0,mg,380,g,0,g,0,g,4,g,0,g,0,g,8,g
223,yo sushi,beef teriyaki rice bowl large,44,g,0,mg,770,g,0,g,0,g,8,g,0,g,0,g,15,g
224,yo sushi,california temaki,14,g,0,mg,250,g,0,g,0,g,1.5,g,0,g,0,g,3,g
225,yo sushi,chicken gyoza,8,g,0,mg,530,g,0,g,0,g,1,g,0,g,0,g,0,g
226,yo sushi,chicken gyoza to go,9,g,0,mg,670,g,0,g,0,g,1.5,g,0,g,0,g,0,g
227,yo sushi,chicken gyoza 5 piece,9,g,0,mg,990,g,0,g,0,g,1.5,g,0,g,0,g,0,g
228,yo sushi,chicken gyoza 5 piece to go,9,g,0,mg,990,g,0,g,0,g,1.5,g,0,g,0,g,0,g
229,yo sushi,chicken katsu,12,g,0,mg,440,g,0,g,0,g,3.5,g,0,g,0,g,3,g
230,yo sushi,chicken katsu to go,12,g,0,mg,440,g,0,g,0,g,3.5,g,0,g,0,g,3,g
231,yo sushi,chicken katsu curry,18,g,0,mg,680,g,0,g,0,g,7,g,0,g,0,g,2,g
232,yo sushi,chicken katsu curry and gyoza,9,g,0,mg,260,g,0,g,0,g,1.5,g,0,g,0,g,2,g
233,yo sushi,chicken katsu curry and gyoza 5 piece,11,g,0,mg,450,g,0,g,0,g,2.5,g,0,g,0,g,3,g
234,yo sushi,chicken katsu curry to go,17,g,0,mg,790,g,0,g,0,g,7,g,0,g,0,g,2,g
235,yo sushi,chicken katsu curry large,32,g,0,mg,980,g,0,g,0,g,11,g,0,g,0,g,3,g
236,yo sushi,chicken katsu curry large to go,32,g,0,mg,980,g,0,g,0,g,11,g,0,g,0,g,3,g
237,yo sushi,chilli cracker retail pack to go,17,g,0,mg,390,g,0,g,0,g,8,g,0,g,0,g,5,g
238,yo sushi,chilli peanuts retail pack to go,10,g,0,mg,410,g,0,g,0,g,21,g,0,g,0,g,8,g
239,yo sushi,chocolate and coconut rice cakes,10,g,0,mg,20,g,0,g,0,g,7,g,0,g,0,g,11,g
240,yo sushi,chocolate and salted caramel rice cakes to go,8,g,0,mg,60,g,0,g,0,g,4.5,g,0,g,0,g,13,g
241,yo sushi,chocolate brownie,23,g,0,mg,140,g,0,g,0,g,14,g,0,g,0,g,34,g
242,yo sushi,chocolate brownie to go,23,g,0,mg,140,g,0,g,0,g,14,g,0,g,0,g,34,g
243,yo sushi,chocolate mochi,6,g,0,mg,240,g,0,g,0,g,3.5,g,0,g,0,g,9,g
244,yo sushi,chocolate mochi to go,6,g,0,mg,240,g,0,g,0,g,3.5,g,0,g,0,g,9,g
245,yo sushi,classic catch to go,13,g,0,mg,1190,g,0,g,0,g,2,g,0,g,0,g,11,g
246,yo sushi,crunchy california roll,17,g,0,mg,500,g,0,g,0,g,2.5,g,0,g,0,g,7,g
247,yo sushi,crunchy california roll to go,24,g,0,mg,760,g,0,g,0,g,3,g,0,g,0,g,10,g
248,yo sushi,crunchy california roll 6 piece,34,g,0,mg,1000,g,0,g,0,g,5,g,0,g,0,g,13,g
249,yo sushi,crunchy prawn roll,4,g,0,mg,340,g,0,g,0,g,0.5,g,0,g,0,g,3,g
250,yo sushi,crunchy prawn roll 8 piece,8,g,0,mg,680,g,0,g,0,g,1,g,0,g,0,g,5,g
251,yo sushi,crunchy prawn roll 8 piece to go,8,g,0,mg,680,g,0,g,0,g,1,g,0,g,0,g,5,g
252,yo sushi,cucumber maki,0.5,g,0,mg,370,g,0,g,0,g,0,g,0,g,0,g,5,g
253,yo sushi,cucumber maki to go,0.5,g,0,mg,370,g,0,g,0,g,0,g,0,g,0,g,5,g
254,yo sushi,curry chicken ramen,17,g,0,mg,1640,g,0,g,0,g,4.5,g,0,g,0,g,6,g
255,yo sushi,curry chicken ramen to go,17,g,0,mg,1640,g,0,g,0,g,4.5,g,0,g,0,g,6,g
256,yo sushi,curry dipping sauce,6,g,0,mg,430,g,0,g,0,g,3,g,0,g,0,g,2,g
257,yo sushi,dorayaki pancake,1.5,g,0,mg,0,g,0,g,0,g,0.5,g,0,g,0,g,15,g
258,yo sushi,dorayaki pancake to go,2.5,g,0,mg,0,g,0,g,0,g,1,g,0,g,0,g,20,g
259,yo sushi,dragon roll,10,g,0,mg,280,g,0,g,0,g,1,g,0,g,0,g,3,g
260,yo sushi,dragon roll to go,19,g,0,mg,560,g,0,g,0,g,2.5,g,0,g,0,g,6,g
261,yo sushi,dragon roll 6 piece,19,g,0,mg,560,g,0,g,0,g,2.5,g,0,g,0,g,6,g
262,yo sushi,dynamite roll,10,g,0,mg,410,g,0,g,0,g,1.5,g,0,g,0,g,4,g
263,yo sushi,dynamite roll 8 piece,21,g,0,mg,830,g,0,g,0,g,3.5,g,0,g,0,g,8,g
264,yo sushi,dynamite roll 8 piece to go,21,g,0,mg,830,g,0,g,0,g,3.5,g,0,g,0,g,8,g
265,yo sushi,edamame,6,g,0,mg,400,g,0,g,0,g,1,g,0,g,0,g,0,g
266,yo sushi,edamame to go,9,g,0,mg,400,g,0,g,0,g,1,g,0,g,0,g,0,g
267,yo sushi,fresh fruit plate,0,g,0,mg,0,g,0,g,0,g,0,g,0,g,0,g,14,g
268,yo sushi,fresh fruit plate to go,0,g,0,mg,0,g,0,g,0,g,0,g,0,g,0,g,14,g
269,yo sushi,green and beets mini roll 4 piece,5,g,0,mg,320,g,0,g,0,g,0.5,g,0,g,0,g,7,g
270,yo sushi,green and beets mini roll 8 piece,10,g,0,mg,650,g,0,g,0,g,1.5,g,0,g,0,g,15,g
271,yo sushi,green and beets mini roll 8 piece to go,10,g,0,mg,650,g,0,g,0,g,1.5,g,0,g,0,g,15,g
272,yo sushi,inari taco,7,g,0,mg,320,g,0,g,0,g,1,g,0,g,0,g,11,g
273,yo sushi,inari taco to go,7,g,0,mg,320,g,0,g,0,g,1,g,0,g,0,g,11,g
274,yo sushi,japanese fried chicken,26,g,0,mg,680,g,0,g,0,g,3,g,0,g,0,g,2,g
275,yo sushi,japanese fried chicken to go,26,g,0,mg,680,g,0,g,0,g,3,g,0,g,0,g,2,g
276,yo sushi,kaiso seaweed,6,g,0,mg,1140,g,0,g,0,g,0,g,0,g,0,g,15,g
277,yo sushi,kaiso seaweed to go,7,g,0,mg,1030,g,0,g,0,g,0,g,0,g,0,g,12,g
278,yo sushi,kids avocado maki,7,g,0,mg,390,g,0,g,0,g,1,g,0,g,0,g,4,g
279,yo sushi,kids california hand roll,15,g,0,mg,250,g,0,g,0,g,1.5,g,0,g,0,g,3,g
280,yo sushi,kids chicken katsu curry,13,g,0,mg,510,g,0,g,0,g,6,g,0,g,0,g,2,g
281,yo sushi,kids cucumber maki,0.5,g,0,mg,370,g,0,g,0,g,0,g,0,g,0,g,5,g
282,yo sushi,kids dorayaki pancake,1.5,g,0,mg,0,g,0,g,0,g,0.5,g,0,g,0,g,15,g
283,yo sushi,kids fresh fruit,0,g,0,mg,0,g,0,g,0,g,0,g,0,g,0,g,14,g
284,yo sushi,kids japanese fried chicken,26,g,0,mg,680,g,0,g,0,g,3,g,0,g,0,g,2,g
285,yo sushi,kids mixed maki,5,g,0,mg,390,g,0,g,0,g,1,g,0,g,0,g,4,g
286,yo sushi,kids ninja fries,30,g,0,mg,680,g,0,g,0,g,2.5,g,0,g,0,g,1,g
287,yo sushi,kids pumpkin katsu curry,7,g,0,mg,510,g,0,g,0,g,3,g,0,g,0,g,1,g
288,yo sushi,kids salmon and avocado hand roll,9,g,0,mg,210,g,0,g,0,g,1,g,0,g,0,g,2,g
289,yo sushi,kids salmon maki,3.5,g,0,mg,390,g,0,g,0,g,0.5,g,0,g,0,g,4,g
290,yo sushi,kids veggie hand roll,7,g,0,mg,220,g,0,g,0,g,1,g,0,g,0,g,4,g
291,yo sushi,korean fried chicken,15,g,0,mg,760,g,0,g,0,g,2,g,0,g,0,g,24,g
292,yo sushi,korean fried chicken to go,15,g,0,mg,760,g,0,g,0,g,2,g,0,g,0,g,24,g
293,yo sushi,maki mix to go,14,g,0,mg,1300,g,0,g,0,g,2.5,g,0,g,0,g,12,g
294,yo sushi,miso soup,1.5,g,0,mg,1050,g,0,g,0,g,0,g,0,g,0,g,3,g
295,yo sushi,miso soup to go,2.5,g,0,mg,2620,g,0,g,0,g,0,g,0,g,0,g,8,g
296,yo sushi,mixed maki plate,5,g,0,mg,390,g,0,g,0,g,1,g,0,g,0,g,4,g
297,yo sushi,plant power to go,14,g,0,mg,1190,g,0,g,0,g,2.5,g,0,g,0,g,20,g
298,yo sushi,popcorn shrimp,20,g,0,mg,980,g,0,g,0,g,1.5,g,0,g,0,g,13,g
299,yo sushi,prawn gyoza,8,g,0,mg,490,g,0,g,0,g,0.5,g,0,g,0,g,2,g
300,yo sushi,prawn gyoza to go,10,g,0,mg,610,g,0,g,0,g,1,g,0,g,0,g,3,g
301,yo sushi,prawn gyoza 5 piece,10,g,0,mg,930,g,0,g,0,g,1,g,0,g,0,g,3,g
302,yo sushi,prawn gyoza 5 piece to go,10,g,0,mg,930,g,0,g,0,g,1,g,0,g,0,g,3,g
303,yo sushi,prawn katsu,7,g,0,mg,520,g,0,g,0,g,0,g,0,g,0,g,3,g
304,yo sushi,prawn katsu to go,7,g,0,mg,520,g,0,g,0,g,0,g,0,g,0,g,3,g
305,yo sushi,prawn katsu curry,12,g,0,mg,680,g,0,g,0,g,3.5,g,0,g,0,g,2,g
306,yo sushi,prawn katsu curry to go,10,g,0,mg,870,g,0,g,0,g,4,g,0,g,0,g,2,g
307,yo sushi,prawn katsu curry large to go,11,g,0,mg,960,g,0,g,0,g,4,g,0,g,0,g,2,g
308,yo sushi,prawn katsu curry large,20,g,0,mg,960,g,0,g,0,g,4.5,g,0,g,0,g,2,g
309,yo sushi,pumpkin katsu,7,g,0,mg,440,g,0,g,0,g,1,g,0,g,0,g,3,g
310,yo sushi,pumpkin katsu to go,7,g,0,mg,440,g,0,g,0,g,1,g,0,g,0,g,3,g
311,yo sushi,pumpkin katsu curry,12,g,0,mg,670,g,0,g,0,g,4,g,0,g,0,g,2,g
312,yo sushi,pumpkin katsu curry to go,10,g,0,mg,790,g,0,g,0,g,4.5,g,0,g,0,g,2,g
313,yo sushi,pumpkin katsu curry large,16,g,0,mg,740,g,0,g,0,g,4.5,g,0,g,0,g,2,g
314,yo sushi,pumpkin katsu curry large to go,16,g,0,mg,990,g,0,g,0,g,6,g,0,g,0,g,2,g
315,yo sushi,salmon and avocado temaki hand roll,10,g,0,mg,210,g,0,g,0,g,1.5,g,0,g,0,g,2,g
316,yo sushi,salmon maki,3.5,g,0,mg,390,g,0,g,0,g,0.5,g,0,g,0,g,4,g
317,yo sushi,salmon nigiri,3,g,0,mg,180,g,0,g,0,g,0.5,g,0,g,0,g,2,g
318,yo sushi,salmon ponzu salsa sashimi,7,g,0,mg,370,g,0,g,0,g,1,g,0,g,0,g,1,g
319,yo sushi,salmon sashimi,8,g,0,mg,55,g,0,g,0,g,1.5,g,0,g,0,g,1,g
320,yo sushi,salmon sashimi to go,8,g,0,mg,320,g,0,g,0,g,1.5,g,0,g,0,g,1,g
321,yo sushi,salmon selection platter,21,g,0,mg,1040,g,0,g,0,g,3.5,g,0,g,0,g,15,g
322,yo sushi,shiitake mushroom ramen,4.5,g,0,mg,1400,g,0,g,0,g,0.5,g,0,g,0,g,6,g
323,yo sushi,shiitake mushroom ramen to go,4.5,g,0,mg,1400,g,0,g,0,g,0.5,g,0,g,0,g,6,g
324,yo sushi,simply salmon to go,10,g,0,mg,1050,g,0,g,0,g,2,g,0,g,0,g,9,g
325,yo sushi,spicy chicken katsu roll,2.5,g,0,mg,530,g,0,g,0,g,1,g,0,g,0,g,5,g
326,yo sushi,spicy chicken katsu roll to go,4.5,g,0,mg,820,g,0,g,0,g,2,g,0,g,0,g,8,g
327,yo sushi,spicy chicken katsu roll 6 piece,4.5,g,0,mg,1070,g,0,g,0,g,2,g,0,g,0,g,10,g
328,yo sushi,spicy pepper squid,7,g,0,mg,940,g,0,g,0,g,1,g,0,g,0,g,2,g
329,yo sushi,spicy pepper squid to go,7,g,0,mg,940,g,0,g,0,g,1,g,0,g,0,g,2,g
330,yo sushi,spicy seafood ramen,7,g,0,mg,1580,g,0,g,0,g,1,g,0,g,0,g,5,g
331,yo sushi,spicy seafood ramen to go,7,g,0,mg,1580,g,0,g,0,g,1,g,0,g,0,g,5,g
332,yo sushi,spicy tuna roll 8 piece,5,g,0,mg,590,g,0,g,0,g,1,g,0,g,0,g,6,g
333,yo sushi,spicy tuna roll 8 piece to go,5,g,0,mg,590,g,0,g,0,g,1,g,0,g,0,g,6,g
334,yo sushi,steamed rice,0,g,0,mg,0,g,0,g,0,g,0,g,0,g,0,g,0,g
335,yo sushi,steamed rice to go,0,g,0,mg,0,g,0,g,0,g,0,g,0,g,0,g,0,g
336,yo sushi,strawberry cheesecake mochi,5,g,0,mg,70,g,0,g,0,g,3,g,0,g,0,g,22,g
337,yo sushi,strawberry cheesecake mochi to go,5,g,0,mg,70,g,0,g,0,g,3,g,0,g,0,g,22,g
338,yo sushi,super salmon to go,18,g,0,mg,1210,g,0,g,0,g,3,g,0,g,0,g,11,g
339,yo sushi,sushi sharer to go,33,g,0,mg,2970,g,0,g,0,g,4.5,g,0,g,0,g,25,g
340,yo sushi,sweet and sticky teriyaki,0.1,g,0,mg,684,g,14.2,g,1.1,g,0.1,g,0,g,2.8,g,11.5,g
341,yo sushi,takoyaki,19,g,0,mg,780,g,0,g,0,g,1,g,0,g,0,g,2,g
342,yo sushi,takoyaki to go,19,g,0,mg,780,g,0,g,0,g,1,g,0,g,0,g,2,g
343,yo sushi,tenderstem and sesame,11,g,0,mg,300,g,0,g,0,g,1,g,0,g,0,g,5,g
344,yo sushi,tenderstem and sesame to go,11,g,0,mg,300,g,0,g,0,g,1,g,0,g,0,g,5,g
345,yo sushi,tuna and avocado tartare,9,g,0,mg,360,g,0,g,0,g,2.5,g,0,g,0,g,1,g
346,yo sushi,tuna nigiri,0,g,0,mg,170,g,0,g,0,g,0,g,0,g,0,g,2,g
347,yo sushi,tuna sashimi,0.5,g,0,mg,30,g,0,g,0,g,0,g,0,g,0,g,1,g
348,yo sushi,vegetable gyoza,6,g,0,mg,560,g,0,g,0,g,0.5,g,0,g,0,g,2,g
349,yo sushi,vegetable gyoza to go,6,g,0,mg,720,g,0,g,0,g,0.5,g,0,g,0,g,4,g
350,yo sushi,vegetable gyoza 5 piece,6,g,0,mg,1040,g,0,g,0,g,0.5,g,0,g,0,g,4,g
351,yo sushi,vegetable gyoza 5 piece to go,6,g,0,mg,1040,g,0,g,0,g,0.5,g,0,g,0,g,4,g
352,yo sushi,wasabi peas retail pack to go,7,g,0,mg,370,g,0,g,0,g,3.5,g,0,g,0,g,4,g
353,yo sushi,yasai roll,5,g,0,mg,430,g,0,g,0,g,0.5,g,0,g,0,g,7,g
354,yo sushi,yasai roll to go,8,g,0,mg,760,g,0,g,0,g,1.5,g,0,g,0,g,13,g
355,yo sushi,yasai roll 6 piece,11,g,0,mg,860,g,0,g,0,g,1.5,g,0,g,0,g,14,g
356,yo sushi,yasai temaki hand roll,7,g,0,mg,220,g,0,g,0,g,1,g,0,g,0,g,4,g
357,yo sushi,yo fries,22,g,0,mg,1250,g,0,g,0,g,2,g,0,g,0,g,5,g
358,yo sushi,yo fries to go,22,g,0,mg,1250,g,0,g,0,g,2,g,0,g,0,g,5,g
359,yo sushi,yo fries vegan,22,g,0,mg,1240,g,0,g,0,g,2,g,0,g,0,g,5,g
360,yo sushi,yo roll,6,g,0,mg,410,g,0,g,0,g,1,g,0,g,0,g,4,g
361,yo sushi,yo roll to go,12,g,0,mg,820,g,0,g,0,g,2,g,0,g,0,g,8,g
362,yo sushi,yo roll 6 piece,12,g,0,mg,820,g,0,g,0,g,2,g,0,g,0,g,8,g
363,yocream,alpine vanilla,0,g,5,mg,100,g,29,g,3,g,0,g,0,g,0,g,24,g
364,yocream,apple pie,0,g,5,mg,95,g,29,g,3,g,0,g,0,g,0,g,24,g
365,yocream,banana flambe gelato discontinued,7,g,30,mg,55,g,26,g,3,g,5,g,0,g,0,g,21,g
366,yocream,berry acai discontinued,0,g,0,mg,0,g,29,g,0,g,0,g,0,g,0,g,21,g
367,yocream,blueberry discontinued,0,g,5,mg,95,g,23,g,4,g,0,g,0,g,0,g,9,g
368,yocream,cable car chocolate,0,g,0,mg,65,g,29,g,4,g,0,g,0,g,0,g,23,g
369,yocream,cake batter,2,g,20,mg,70,g,27,g,4,g,1,g,0,g,0,g,23,g
370,yocream,cappuccino,0,g,5,mg,95,g,28,g,4,g,0,g,0,g,0,g,23,g
371,yocream,cheesecake,0,g,5,mg,100,g,24,g,4,g,0,g,0,g,0,g,10,g
372,yocream,chocolate,0.5,g,5,mg,110,g,26,g,5,g,0,g,0,g,0,g,11,g
373,yocream,chocolate caramel turtle discontinued,2,g,10,mg,115,g,33,g,3,g,1.5,g,0,g,0,g,26,g
374,yocream,chocolate classic,0,g,5,mg,90,g,32,g,4,g,0,g,0,g,0,g,27,g
375,yocream,chocolate fudge,1,g,0,mg,0,g,34,g,1,g,0.5,g,0,g,0,g,19,g
376,yocream,chocolate gelato,8,g,30,mg,40,g,27,g,3,g,5,g,0,g,0,g,20,g
377,yocream,coffee discontinued,0,g,5,mg,100,g,24,g,5,g,0,g,0,g,0,g,10,g
378,yocream,cookies n cream,0.5,g,5,mg,105,g,32,g,4,g,0,g,0,g,0,g,24,g
379,yocream,cotton candy,0,g,5,mg,100,g,29,g,3,g,0,g,0,g,0,g,24,g
380,yocream,country vanilla,0,g,5,mg,100,g,29,g,3,g,0,g,0,g,0,g,24,g
381,yocream,creamy mint cookie,0.5,g,5,mg,100,g,32,g,4,g,0,g,0,g,0,g,24,g
382,yocream,dulce de leche caramel,1.5,g,25,mg,75,g,29,g,3,g,1,g,0,g,0,g,24,g
383,yocream,dutch chocolate,3.5,g,15,mg,80,g,26,g,5,g,2,g,0,g,0,g,22,g
384,yocream,eggnog,0.5,g,10,mg,95,g,30,g,3,g,0,g,0,g,0,g,25,g
385,yocream,euro tart,0,g,0,mg,40,g,26,g,3,g,0,g,0,g,0,g,19,g
386,yocream,fancy french vanilla,0.5,g,10,mg,95,g,27,g,4,g,0,g,0,g,0,g,23,g
387,yocream,french vanilla,3.5,g,30,mg,85,g,24,g,5,g,2.5,g,0,g,0,g,21,g
388,yocream,fudge brownie batter discontinued,0.5,g,10,mg,100,g,33,g,4,g,0,g,0,g,0,g,26,g
389,yocream,georgia peach,0,g,5,mg,95,g,30,g,3,g,0,g,0,g,0,g,25,g
390,yocream,graham cracker discontinued,0,g,5,mg,95,g,29,g,3,g,0,g,0,g,0,g,24,g
391,yocream,green apple,0,g,0,mg,0,g,29,g,0,g,0,g,0,g,0,g,21,g
392,yocream,hawaiian pineapple,0,g,5,mg,95,g,28,g,3,g,0,g,0,g,0,g,23,g
393,yocream,hazelnut gelato,7,g,30,mg,55,g,26,g,3,g,5,g,0,g,0,g,21,g
394,yocream,irish mint,0.5,g,10,mg,95,g,30,g,3,g,0,g,0,g,0,g,24,g
395,yocream,island banana,0,g,5,mg,90,g,29,g,3,g,0,g,0,g,0,g,24,g
396,yocream,key lime discontinued,0,g,0,mg,0,g,31,g,0,g,0,g,0,g,0,g,22,g
397,yocream,kiwi strawberry,0,g,0,mg,0,g,29,g,0,g,0,g,0,g,0,g,21,g
398,yocream,lite chocolate ice cream,5,g,20,mg,75,g,25,g,4,g,3.5,g,0,g,0,g,20,g
399,yocream,lite vanilla ice cream,5,g,20,mg,75,g,25,g,3,g,3,g,0,g,0,g,21,g
400,yocream,mango sunrise,0,g,0,mg,0,g,28,g,0,g,0,g,0,g,0,g,20,g
401,yocream,milk chocolate,2,g,10,mg,80,g,31,g,3,g,1.5,g,0,g,0,g,24,g
402,yocream,mountain blackberry,0,g,5,mg,95,g,29,g,3,g,0,g,0,g,0,g,24,g
403,yocream,new york cheesecake,0.5,g,10,mg,95,g,27,g,4,g,0,g,0,g,0,g,24,g
404,yocream,orange splash discontinued,0,g,0,mg,0,g,28,g,0,g,0,g,0,g,0,g,20,g
405,yocream,orchard cherry discontinued,0,g,5,mg,95,g,30,g,3,g,0,g,0,g,0,g,25,g
406,yocream,original tart,0,g,5,mg,85,g,27,g,4,g,0,g,0,g,0,g,21,g
407,yocream,original tart pomegranate raspberry,0,g,5,mg,85,g,32,g,4,g,0,g,0,g,0,g,27,g
408,yocream,peanut butter,6,g,10,mg,120,g,25,g,5,g,2,g,0,g,1,g,19,g
409,yocream,pecan praline discontinued,0,g,5,mg,95,g,30,g,3,g,0,g,0,g,0,g,25,g
410,yocream,peppermint stick,0,g,5,mg,100,g,30,g,3,g,0,g,0,g,0,g,24,g
411,yocream,pink lemonade discontinued,0,g,0,mg,0,g,28,g,0,g,0,g,0,g,0,g,19,g
412,yocream,pistachio,0,g,5,mg,100,g,30,g,3,g,0,g,0,g,0,g,24,g
413,yocream,pistachio gelato,7,g,30,mg,55,g,26,g,3,g,5,g,0,g,0,g,21,g
414,yocream,plain,0,g,5,mg,95,g,28,g,3,g,0,g,0,g,0,g,24,g
415,yocream,pog passion orange guava,0,g,0,mg,0,g,29,g,0,g,0,g,0,g,0,g,21,g
416,yocream,pomegranate raspberry,0,g,0,mg,10,g,32,g,0,g,0,g,0,g,0,g,24,g
417,yocream,praline discontinued,0,g,5,mg,100,g,25,g,5,g,0,g,0,g,0,g,10,g
418,yocream,pumpkin,0,g,5,mg,95,g,30,g,3,g,0,g,0,g,0,g,24,g
419,yocream,raspberry,0,g,5,mg,95,g,23,g,4,g,0,g,0,g,0,g,10,g
420,yocream,red velvet cake discontinued,2.5,g,15,mg,65,g,29,g,3,g,1.5,g,0,g,0,g,22,g
421,yocream,rootbeer float discontinued,0,g,5,mg,100,g,29,g,3,g,0,g,0,g,0,g,24,g
422,yocream,salted caramel corn,1.5,g,20,mg,105,g,29,g,3,g,1,g,0,g,0,g,25,g
423,yocream,salted caramel pretzel,1.5,g,25,mg,150,g,29,g,3,g,1,g,0,g,0,g,24,g
424,yocream,silk almondmilk chocolate,3,g,0,mg,70,g,34,g,2,g,0,g,0,g,1,g,18,g
425,yocream,silk almondmilk vanilla,3,g,0,mg,40,g,31,g,1,g,0,g,0,g,1,g,15,g
426,yocream,simply tart,0,g,5,mg,70,g,28,g,4,g,0,g,0,g,0,g,22,g
427,yocream,stok cold brew coffee,4.5,g,20,mg,75,g,25,g,3,g,3,g,0,g,0,g,20,g
428,yocream,strawberry,0,g,5,mg,95,g,23,g,4,g,0,g,0,g,0,g,9,g
429,yocream,strawberry banana,0,g,5,mg,95,g,24,g,4,g,0,g,0,g,0,g,10,g
430,yocream,strawberry lemonade,0,g,0,mg,0,g,28,g,0,g,0,g,0,g,0,g,20,g
431,yocream,strawberry shortcake,2,g,20,mg,85,g,27,g,4,g,1,g,0,g,0,g,23,g
432,yocream,sweet coconut,1,g,5,mg,95,g,30,g,3,g,0.5,g,0,g,0,g,25,g
433,yocream,toasted marshmallow,0,g,5,mg,70,g,29,g,3,g,0,g,0,g,0,g,25,g
434,yocream,vanilla,0,g,5,mg,100,g,24,g,5,g,0,g,0,g,0,g,10,g
435,yocream,vanilla bean gelato,7,g,30,mg,55,g,26,g,3,g,5,g,0,g,0,g,21,g
436,yocream,vanilla custard,13,g,80,mg,60,g,24,g,5,g,8,g,0,g,0,g,21,g
437,yocream,very berry discontinued,0,g,0,mg,5,g,29,g,0,g,0,g,0,g,0,g,21,g
438,yocream,very raspberry,0,g,5,mg,95,g,28,g,3,g,0,g,0,g,0,g,24,g
439,yocream,very strawberry,0,g,5,mg,95,g,29,g,3,g,0,g,0,g,0,g,25,g
440,yocream,watermelon,0,g,0,mg,0,g,29,g,0,g,0,g,0,g,0,g,21,g
441,yocream,white chocolate mousse,0,g,5,mg,95,g,30,g,3,g,0,g,0,g,0,g,25,g
442,yocream,white vanilla,3.5,g,30,mg,85,g,24,g,5,g,2.5,g,0,g,0,g,21,g
443,yocream,yellow cake batter,0,g,5,mg,100,g,24,g,4,g,0,g,0,g,0,g,10,g
444,yogli mogli,angel food cake,0,g,0,mg,30,g,25,g,1,g,0,g,0,g,0,g,19,g
445,yogli mogli,apple pie,0,g,0,mg,70,g,21,g,3,g,0,g,0,g,0,g,17,g
446,yogli mogli,blackberry,0,g,0,mg,65,g,23,g,3,g,0,g,0,g,0,g,19,g
447,yogli mogli,blueberry,0,g,0,mg,80,g,18,g,4,g,0,g,0,g,0,g,5,g
448,yogli mogli,blueberry acai tart,0,g,0,mg,55,g,23,g,3,g,0,g,0,g,0,g,18,g
449,yogli mogli,blueberry burst,0,g,0,mg,70,g,22,g,2,g,0,g,0,g,0,g,16,g
450,yogli mogli,butter brickle,0,g,5,mg,85,g,23,g,3,g,0,g,0,g,0,g,18,g
451,yogli mogli,cake batter,3.5,g,30,mg,80,g,17,g,3,g,2,g,0,g,0,g,13,g
452,yogli mogli,cappuccino,0,g,5,mg,85,g,21,g,4,g,0,g,0,g,0,g,14,g
453,yogli mogli,carrot cake,0,g,0,mg,80,g,21,g,3,g,0,g,0,g,0,g,16,g
454,yogli mogli,chocolate,0,g,5,mg,95,g,20,g,4,g,0,g,0,g,4,g,6,g
455,yogli mogli,chocolate classic,0,g,5,mg,90,g,24,g,3,g,0,g,0,g,0,g,20,g
456,yogli mogli,coffee,0,g,85,mg,20,g,19,g,4,g,0,g,0,g,5,g,6,g
457,yogli mogli,cookies n cream,0,g,0,mg,85,g,24,g,2,g,0,g,0,g,0,g,17,g
458,yogli mogli,country vanilla,0,g,5,mg,75,g,20,g,3,g,0,g,0,g,0,g,14,g
459,yogli mogli,dulce de leche,3.5,g,30,mg,65,g,23,g,3,g,2,g,0,g,0,g,18,g
460,yogli mogli,dutch chocolate,4,g,15,mg,80,g,19,g,4,g,2.5,g,0,g,1,g,12,g
461,yogli mogli,egg nog,0,g,5,mg,75,g,22,g,2,g,0,g,0,g,0,g,16,g
462,yogli mogli,euro tart,0,g,0,mg,25,g,19,g,2,g,0,g,0,g,0,g,13,g
463,yogli mogli,euro tart cranberry hibiscus,0,g,0,mg,25,g,20,g,2,g,0,g,0,g,0,g,14,g
464,yogli mogli,euro tart honey lavander,0,g,0,mg,25,g,80,g,14,g,0,g,0,g,19,g,0,g
465,yogli mogli,euro tart pink grapefruit,0,g,0,mg,25,g,19,g,2,g,0,g,0,g,0,g,13,g
466,yogli mogli,euro white peach white tea,0,g,0,mg,25,g,19,g,2,g,0,g,0,g,0,g,13,g
467,yogli mogli,fancy french vanilla,0,g,10,mg,105,g,28,g,5,g,0,g,0,g,0,g,17,g
468,yogli mogli,french vanilla,3,g,30,mg,80,g,18,g,4,g,2,g,0,g,0,g,12,g
469,yogli mogli,georgia peach,0,g,0,mg,70,g,23,g,2,g,0,g,0,g,0,g,15,g
470,yogli mogli,ginger bread,0,g,0,mg,75,g,21,g,3,g,0,g,0,g,0,g,15,g
471,yogli mogli,ginger lemonade sorbet,0,g,0,mg,0,g,21,g,0,g,0,g,0,g,0,g,14,g
472,yogli mogli,green tea,0,g,0,mg,65,g,20,g,3,g,0,g,0,g,0,g,13,g
473,yogli mogli,hawaiian pineapple,0,g,0,mg,65,g,22,g,3,g,0,g,0,g,0,g,18,g
474,yogli mogli,heath toffee,1,g,5,mg,85,g,23,g,2,g,0.5,g,0,g,0,g,17,g
475,yogli mogli,irish mint,0,g,5,mg,70,g,22,g,3,g,0,g,0,g,0,g,18,g
476,yogli mogli,island banana,0,g,0,mg,80,g,21,g,3,g,0,g,0,g,0,g,14,g
477,yogli mogli,key lime sorbet,0,g,0,mg,0,g,23,g,0,g,0,g,0,g,0,g,17,g
478,yogli mogli,kiwi strawberry splash sorbet,0,g,0,mg,0,g,21,g,0,g,0,g,0,g,0,g,15,g
479,yogli mogli,luscious lemon,0,g,5,mg,85,g,22,g,3,g,0,g,0,g,0,g,18,g
480,yogli mogli,mango tango sorbet,0,g,0,mg,0,g,21,g,0,g,0,g,0,g,0,g,15,g
481,yogli mogli,mint,0,g,5,mg,85,g,19,g,4,g,0,g,0,g,4,g,6,g
482,yogli mogli,ny cheesecake,0,g,5,mg,80,g,23,g,3,g,0,g,0,g,0,g,16,g
483,yogli mogli,orange burst sorbet,0,g,0,mg,0,g,23,g,0,g,0,g,0,g,0,g,14,g
484,yogli mogli,original tart,0,g,0,mg,60,g,20,g,3,g,0,g,0,g,0,g,13,g
485,yogli mogli,outrageous orange,0,g,5,mg,85,g,22,g,3,g,0,g,0,g,0,g,15,g
486,yogli mogli,peach mango tart,0,g,0,mg,55,g,22,g,3,g,0,g,0,g,0,g,18,g
487,yogli mogli,pecan praline,0,g,5,mg,85,g,23,g,3,g,0,g,0,g,0,g,16,g
488,yogli mogli,peppermint stick,0,g,5,mg,70,g,22,g,3,g,0,g,0,g,0,g,15,g
489,yogli mogli,pistachio,0,g,5,mg,85,g,22,g,3,g,0,g,0,g,0,g,16,g
490,yogli mogli,pomegranate raspberry sorbet,0,g,0,mg,0,g,23,g,0,g,0,g,0,g,0,g,18,g
491,yogli mogli,pomegranate raspberry tart,0,g,0,mg,60,g,22,g,3,g,0,g,0,g,0,g,17,g
492,yogli mogli,praline,0,g,5,mg,85,g,19,g,4,g,0,g,0,g,5,g,6,g
493,yogli mogli,praline n cream,2.5,g,10,mg,85,g,24,g,3,g,1.5,g,0,g,0,g,17,g
494,yogli mogli,pumpkin,0,g,0,mg,95,g,22,g,3,g,0,g,0,g,0,g,15,g
495,yogli mogli,red velvet,3.5,g,20,mg,95,g,25,g,3,g,2,g,0,g,0,g,19,g
496,yogli mogli,reeses peanutbutter,5,g,10,mg,110,g,19,g,4,g,2,g,0,g,1,g,13,g
497,yogli mogli,rootbeer float,0,g,5,mg,80,g,22,g,3,g,0,g,0,g,0,g,18,g
498,yogli mogli,snickerdoodle,0,g,5,mg,75,g,20,g,3,g,0,g,0,g,0,g,14,g
499,yogli mogli,strawberry banana,0,g,0,mg,80,g,18,g,4,g,0,g,0,g,0,g,6,g
500,yogli mogli,strawberry lemonade sorbet,0,g,0,mg,0,g,21,g,0,g,0,g,0,g,0,g,15,g
501,yogli mogli,sweet coconut,1,g,0,mg,65,g,22,g,3,g,1,g,0,g,0,g,18,g
502,yogli mogli,thin mint cookies,0,g,5,mg,90,g,24,g,3,g,0,g,0,g,0,g,17,g
503,yogli mogli,vanilla,0,g,5,mg,85,g,19,g,4,g,0,g,0,g,5,g,6,g
504,yogli mogli,very raspberry,0,g,0,mg,70,g,22,g,2,g,0,g,0,g,0,g,16,g
505,yogli mogli,very strawberry,0,g,0,mg,70,g,20,g,3,g,0,g,0,g,0,g,14,g
506,yogli mogli,very strawberry sorbet,0,g,0,mg,0,g,22,g,0,g,0,g,0,g,1,g,16,g
507,yogli mogli,watermelon sorbet,0,g,0,mg,0,g,22,g,0,g,0,g,0,g,0,g,16,g
508,yogli mogli,white chocolate macadamia,0,g,5,mg,80,g,21,g,3,g,0,g,0,g,0,g,15,g
509,yogli mogli,wild berry tart,0,g,0,mg,50,g,22,g,3,g,0,g,0,g,0,g,17,g
510,yogli mogli,york peppermint patty,0,g,0,mg,80,g,22,g,2,g,0,g,0,g,0,g,16,g
511,yogli mogli,zesty orange tart,0,g,0,mg,55,g,22,g,3,g,0,g,0,g,0,g,18,g
512,yogurt mountain,aunt idas poundcake,5,g,40,mg,75,g,19,g,4,g,3.5,g,0,g,0,g,15,g
513,yogurt mountain,blueberry non dairy,0,g,0,mg,0,g,26,g,0,g,0,g,0,g,0,g,25,g
514,yogurt mountain,blueberry tart,0,g,0,mg,65,g,24,g,4,g,0,g,0,g,0,g,23,g
515,yogurt mountain,butter pecan,0,g,0,mg,60,g,22,g,3,g,0,g,0,g,0,g,17,g
516,yogurt mountain,butterscotch,0,g,0,mg,55,g,21,g,4,g,0,g,0,g,0,g,16,g
517,yogurt mountain,cake batter,0,g,0,mg,55,g,22,g,3,g,0,g,0,g,0,g,16,g
518,yogurt mountain,candy cane,0,g,0,mg,55,g,22,g,4,g,0,g,0,g,0,g,17,g
519,yogurt mountain,caramel pretzel,3,g,5,mg,170,g,19,g,4,g,2,g,0,g,0,g,16,g
520,yogurt mountain,cheesecake,0,g,0,mg,60,g,25,g,3,g,0,g,0,g,0,g,18,g
521,yogurt mountain,cherry amaretto,0,g,0,mg,60,g,24,g,4,g,0,g,0,g,0,g,19,g
522,yogurt mountain,chocolate,0,g,0,mg,65,g,26,g,3,g,0,g,0,g,1,g,16,g
523,yogurt mountain,chocolate chip cookie dough,5,g,40,mg,5,g,19,g,4,g,3.5,g,0,g,0,g,18,g
524,yogurt mountain,chocolate custard,9,g,50,mg,95,g,19,g,5,g,6,g,0,g,0,g,18,g
525,yogurt mountain,coconut milk,3,g,0,mg,15,g,21,g,0,g,3,g,0,g,0,g,21,g
526,yogurt mountain,cookie butter,8,g,45,mg,115,g,22,g,4,g,5,g,0,g,0,g,17,g
527,yogurt mountain,cookies and cream,3,g,5,mg,70,g,21,g,4,g,2,g,0,g,0,g,17,g
528,yogurt mountain,eggnog,3,g,5,mg,50,g,18,g,3,g,2,g,0,g,0,g,13,g
529,yogurt mountain,ice cream sandwich,6,g,45,mg,75,g,20,g,3,g,4,g,0,g,1,g,15,g
530,yogurt mountain,iced cinnamon roll,3,g,10,mg,70,g,22,g,4,g,2,g,0,g,0,g,18,g
531,yogurt mountain,mango sorbet,0,g,0,mg,0,g,22,g,0,g,0,g,0,g,0,g,19,g
532,yogurt mountain,mint chocolate chip,0,g,0,mg,55,g,22,g,4,g,0,g,0,g,0,g,16,g
533,yogurt mountain,no sugar added chocolate,0,g,0,mg,85,g,17,g,5,g,0,g,0,g,0,g,6,g
534,yogurt mountain,no sugar added olde fashioned vanilla,0,g,0,mg,80,g,16,g,4,g,0,g,0,g,0,g,6,g
535,yogurt mountain,no sugar added strawberry,0,g,0,mg,80,g,16,g,4,g,0,g,0,g,0,g,6,g
536,yogurt mountain,no sugar added vanilla,0,g,0,mg,80,g,16,g,4,g,0,g,0,g,0,g,6,g
537,yogurt mountain,olde fashioned vanilla,3,g,5,mg,60,g,19,g,4,g,2,g,0,g,0,g,16,g
538,yogurt mountain,orange sorbet,0,g,0,mg,0,g,22,g,0,g,0,g,0,g,0,g,19,g
539,yogurt mountain,original tart,0,g,0,mg,50,g,18,g,2,g,0,g,0,g,0,g,16,g
540,yogurt mountain,peanut butter,7,g,5,mg,55,g,20,g,4,g,2,g,0,g,0,g,13,g
541,yogurt mountain,peanut butter fudge,6,g,35,mg,105,g,21,g,4,g,3,g,0,g,0,g,16,g
542,yogurt mountain,pink lemonade sorbet,0,g,0,mg,0,g,22,g,0,g,0,g,0,g,0,g,19,g
543,yogurt mountain,pomegranate energy tart,0,g,0,mg,90,g,24,g,4,g,0,g,0,g,0,g,23,g
544,yogurt mountain,red raspberry,6,g,40,mg,70,g,21,g,4,g,4,g,0,g,0,g,16,g
545,yogurt mountain,red velvet cupcake,3,g,5,mg,55,g,22,g,4,g,2,g,0,g,1,g,17,g
546,yogurt mountain,smores,0,g,0,mg,55,g,21,g,4,g,0,g,0,g,0,g,17,g
547,yogurt mountain,sour power berry blue sorbet,0,g,0,mg,0,g,23,g,0,g,0,g,0,g,1,g,19,g
548,yogurt mountain,spiced apple pie,3,g,5,mg,70,g,23,g,4,g,2,g,0,g,1,g,19,g
549,yogurt mountain,strawberry,3,g,5,mg,65,g,20,g,4,g,2,g,0,g,0,g,16,g
550,yogurt mountain,strawberry banana non dairy,0,g,0,mg,0,g,26,g,0,g,0,g,0,g,0,g,24,g
551,yogurt mountain,strawberry cheesecake,3,g,5,mg,65,g,23,g,4,g,2,g,0,g,0,g,17,g
552,yogurt mountain,strawberry lemonade sorbet,0,g,0,mg,0,g,22,g,0,g,0,g,0,g,0,g,19,g
553,yogurt mountain,triple chocolate,2.5,g,5,mg,55,g,22,g,4,g,2,g,0,g,0,g,17,g
554,yogurt mountain,tropical sorbet,0,g,0,mg,0,g,24,g,0,g,0,g,0,g,0,g,20,g
555,yogurt mountain,vanilla bean,0,g,0,mg,55,g,22,g,3,g,0,g,0,g,0,g,16,g
556,yogurt mountain,vanilla custard,10,g,50,mg,105,g,19,g,4,g,6,g,0,g,0,g,16,g
557,yogurt mountain,watermelon sorbet,0,g,0,mg,5,g,19,g,0,g,0,g,0,g,0,g,20,g
558,yogurt mountain,white chocolate mousse,2.5,g,5,mg,55,g,25,g,3,g,2,g,0,g,0,g,21,g
559,yogurt mountain,yellow cake batter,7,g,45,mg,75,g,19,g,4,g,4.5,g,0,g,0,g,15,g
560,yum yum donuts,albacore tuna salad,10,g,40,mg,430,g,1,g,19,g,1,g,0,g,1,g,1,g
561,yum yum donuts,apple spice muffin,19,g,90,mg,710,g,77,g,6,g,5,g,0,g,3,g,41,g
562,yum yum donuts,avocado,4.5,g,0,mg,0,g,2,g,1,g,0.5,g,0,g,2,g,0,g
563,yum yum donuts,bacon,3,g,10,mg,180,g,0,g,3,g,1,g,0,g,0,g,0,g
564,yum yum donuts,banana nut muffin,33,g,90,mg,640,g,67,g,12,g,5,g,0,g,3,g,39,g
565,yum yum donuts,bar donut chocolate iced,19,g,0,mg,490,g,44,g,6,g,8,g,0,g,2,g,14,g
566,yum yum donuts,bar donut maple iced,19,g,0,mg,480,g,44,g,6,g,8,g,0,g,2,g,14,g
567,yum yum donuts,bar donut vanilla iced,19,g,0,mg,480,g,44,g,6,g,8,g,0,g,2,g,14,g
568,yum yum donuts,black forest ham,2,g,30,mg,1130,g,0,g,22,g,1,g,0,g,0,g,0,g
569,yum yum donuts,blueberry bagel bagel,1,g,0,mg,390,g,60,g,9,g,0,g,0,g,2,g,11,g
570,yum yum donuts,blueberry muffin,18,g,90,mg,640,g,63,g,6,g,4,g,0,g,1,g,37,g
571,yum yum donuts,bran muffin,16,g,0,mg,990,g,74,g,7,g,4,g,0,g,8,g,45,g
572,yum yum donuts,breakfast sandwich bacon and cheddar on whole wheat bagel,14,g,25,mg,700,g,57,g,17,g,5,g,0,g,4,g,5,g
573,yum yum donuts,breakfast sandwich chipotle on whole wheat bagel,28,g,465,mg,1340,g,58,g,38,g,10,g,0,g,4,g,7,g
574,yum yum donuts,breakfast sandwich chorizo on whole wheat bagel,40,g,505,mg,1060,g,59,g,33,g,16,g,0,g,4,g,7,g
575,yum yum donuts,breakfast sandwich egg and cheese on croissant,53,g,540,mg,1300,g,60,g,29,g,25,g,0,g,3,g,16,g
576,yum yum donuts,breakfast sandwich egg and cheese on whole wheat bagel,26,g,450,mg,690,g,51,g,26,g,10,g,0,g,3,g,6,g
577,yum yum donuts,breakfast sandwich ham egg and cheese on whole wheat bagel,28,g,465,mg,1300,g,58,g,38,g,10,g,0,g,4,g,7,g
578,yum yum donuts,breakfast sandwich ranchero on whole wheat bagel,28,g,465,mg,1840,g,62,g,38,g,10,g,0,g,4,g,11,g
579,yum yum donuts,breakfast sandwich sausage egg and cheese on whole wheat bagel,50,g,450,mg,1060,g,58,g,34,g,19,g,0,g,4,g,7,g
580,yum yum donuts,butter,45,g,120,mg,0,g,0,g,0,g,32,g,0,g,0,g,0,g
581,yum yum donuts,buttermilk bar donut chocolate iced,19,g,0,mg,370,g,61,g,4,g,8,g,0,g,4,g,34,g
582,yum yum donuts,buttermilk bar donut glazed,18,g,0,mg,330,g,61,g,3,g,8,g,0,g,3,g,35,g
583,yum yum donuts,buttermilk bar donut maple iced,19,g,0,mg,340,g,62,g,3,g,8,g,0,g,3,g,35,g
584,yum yum donuts,buttermilk bar donut plain,18,g,0,mg,330,g,32,g,3,g,8,g,0,g,3,g,10,g
585,yum yum donuts,chicken fillet,1,g,45,mg,180,g,1,g,17,g,0,g,0,g,0,g,0,g
586,yum yum donuts,chilla french vanilla cappuccino 16 oz,30,g,25,mg,430,g,85,g,5,g,19,g,0,g,0,g,63,g
587,yum yum donuts,chilla french vanilla cappuccino 20 oz,37,g,25,mg,560,g,107,g,7,g,23,g,0,g,0,g,79,g
588,yum yum donuts,chilla french vanilla caramel cappuccino 16 oz,27,g,30,mg,520,g,128,g,5,g,18,g,0,g,0,g,96,g
589,yum yum donuts,chilla french vanilla caramel cappuccino 20 oz,33,g,35,mg,680,g,171,g,6,g,21,g,0,g,0,g,127,g
590,yum yum donuts,chilla guava 16 oz,22,g,25,mg,15,g,22,g,0,g,5,g,0,g,0,g,8,g
591,yum yum donuts,chilla guava 20 oz,27,g,25,mg,15,g,27,g,0,g,5,g,0,g,0,g,9,g
592,yum yum donuts,chilla mocha cappuccino 16 oz,20,g,30,mg,550,g,91,g,10,g,19,g,0,g,1,g,72,g
593,yum yum donuts,chilla mocha cappuccino 20 oz,25,g,35,mg,700,g,115,g,13,g,23,g,0,g,1,g,91,g
594,yum yum donuts,chilla mocha caramel cappuccino 16 oz,19,g,40,mg,620,g,134,g,9,g,18,g,0,g,1,g,105,g
595,yum yum donuts,chilla mocha caramel cappuccino 20 oz,22,g,45,mg,810,g,179,g,12,g,21,g,0,g,1,g,139,g
596,yum yum donuts,chilla pina colada 16 oz,15,g,25,mg,55,g,74,g,1,g,5,g,0,g,0,g,62,g
597,yum yum donuts,chilla pina colada 20 oz,18,g,25,mg,70,g,93,g,1,g,5,g,0,g,0,g,79,g
598,yum yum donuts,chilla strawberry banana 16 oz,9,g,20,mg,10,g,79,g,1,g,4,g,0,g,4,g,62,g
599,yum yum donuts,chilla strawberry banana 20 oz,11,g,20,mg,10,g,98,g,1,g,4,g,0,g,5,g,78,g
600,yum yum donuts,chilla wild berry 16 oz,21,g,25,mg,15,g,43,g,0,g,5,g,0,g,0,g,31,g
601,yum yum donuts,chilla wild berry 20 oz,26,g,25,mg,20,g,53,g,0,g,5,g,0,g,0,g,39,g
602,yum yum donuts,chocolate cake donut chocolate iced,9,g,20,mg,300,g,33,g,3,g,3,g,0,g,3,g,17,g
603,yum yum donuts,chocolate cake donut chocolate iced with chocolate sprinkles,9,g,20,mg,300,g,37,g,3,g,5,g,0,g,3,g,21,g
604,yum yum donuts,chocolate cake donut chocolate iced with coconut,13,g,20,mg,300,g,37,g,4,g,7,g,0,g,3,g,17,g
605,yum yum donuts,chocolate cake donut chocolate iced with peanuts,12,g,20,mg,300,g,34,g,5,g,4,g,0,g,3,g,17,g
606,yum yum donuts,chocolate cake donut chocolate iced with rainbow sprinkles,9,g,20,mg,300,g,37,g,3,g,5,g,0,g,3,g,21,g
607,yum yum donuts,chocolate cake donut plain,9,g,20,mg,290,g,22,g,3,g,3,g,0,g,2,g,8,g
608,yum yum donuts,chocolate chip muffin,27,g,90,mg,640,g,82,g,7,g,10,g,0,g,2,g,53,g
609,yum yum donuts,cinnamon bun,21,g,55,mg,680,g,78,g,9,g,12,g,0,g,4,g,34,g
610,yum yum donuts,cinnamon raisin bagel,1,g,0,mg,390,g,59,g,9,g,0,g,0,g,2,g,9,g
611,yum yum donuts,cinnamon raisin roll,26,g,50,mg,430,g,64,g,11,g,14,g,0,g,4,g,15,g
612,yum yum donuts,cinnamon twist,37,g,15,mg,400,g,48,g,7,g,19,g,0,g,2,g,2,g
613,yum yum donuts,cranberry nut muffin,37,g,90,mg,640,g,74,g,14,g,6,g,0,g,5,g,43,g
614,yum yum donuts,cranberry orange muffin,18,g,90,mg,640,g,73,g,6,g,4,g,0,g,4,g,44,g
615,yum yum donuts,cream cheese muffin,27,g,120,mg,820,g,82,g,9,g,11,g,0,g,1,g,56,g
616,yum yum donuts,cream cheese lite,12,g,40,mg,220,g,4,g,4,g,8,g,0,g,0,g,2,g
617,yum yum donuts,cream cheese lite flavored chives,11,g,35,mg,200,g,4,g,4,g,7,g,0,g,0,g,2,g
618,yum yum donuts,cream cheese lite flavored chives large tub,43,g,145,mg,800,g,16,g,14,g,29,g,0,g,1,g,8,g
619,yum yum donuts,cream cheese lite flavored sun dried tomato,11,g,35,mg,290,g,7,g,4,g,7,g,0,g,1,g,3,g
620,yum yum donuts,cream cheese lite flavored sun dried tomato large tub,45,g,145,mg,1170,g,27,g,18,g,29,g,0,g,3,g,14,g
621,yum yum donuts,cream cheese lite large tub,49,g,160,mg,890,g,16,g,16,g,32,g,0,g,0,g,8,g
622,yum yum donuts,cream cheese regular,19,g,55,mg,200,g,4,g,4,g,13,g,0,g,0,g,4,g
623,yum yum donuts,cream cheese regular large tub,76,g,225,mg,790,g,15,g,15,g,53,g,0,g,0,g,15,g
624,yum yum donuts,creme horn,14,g,0,mg,20,g,28,g,2,g,7,g,0,g,0,g,16,g
625,yum yum donuts,croissant,26,g,85,mg,940,g,58,g,10,g,15,g,0,g,3,g,14,g
626,yum yum donuts,croissant blueberry cream cheese,26,g,50,mg,430,g,59,g,11,g,14,g,1,g,4,g,12,g
627,yum yum donuts,croissant cream cheese,29,g,60,mg,470,g,64,g,11,g,15,g,1,g,4,g,17,g
628,yum yum donuts,croissant ham and cheese swiss or cheddar,56,g,165,mg,1600,g,61,g,42,g,28,g,0,g,4,g,16,g
629,yum yum donuts,croissant mini,9,g,30,mg,310,g,19,g,3,g,5,g,0,g,1,g,5,g
630,yum yum donuts,croissant pineapple cream cheese,26,g,50,mg,430,g,61,g,11,g,14,g,1,g,4,g,14,g
631,yum yum donuts,croissant strawberry cream cheese,26,g,50,mg,430,g,61,g,11,g,14,g,1,g,4,g,14,g
632,yum yum donuts,deli cheese jack or cheddar,9,g,30,mg,170,g,1,g,7,g,5,g,0,g,0,g,0,g
633,yum yum donuts,deli sandwich bltcc on whole wheat bagel,14,g,45,mg,680,g,55,g,16,g,8,g,0,g,4,g,8,g
634,yum yum donuts,deli sandwich cold albacore tuna salad on whole wheat bagel,28,g,60,mg,970,g,54,g,31,g,5,g,0,g,5,g,7,g
635,yum yum donuts,deli sandwich cold black forest ham on whole wheat bagel,13,g,50,mg,1680,g,59,g,36,g,4.5,g,0,g,5,g,7,g
636,yum yum donuts,deli sandwich cold turkey breast on whole wheat bagel,19,g,65,mg,1700,g,61,g,35,g,4.5,g,0,g,5,g,7,g
637,yum yum donuts,deli sandwich hot black forest ham on whole wheat bagel,24,g,60,mg,1900,g,57,g,39,g,7,g,0,g,5,g,5,g
638,yum yum donuts,deli sandwich hot chicken breast fillet on whole wheat bagel,23,g,75,mg,940,g,58,g,34,g,6,g,0,g,5,g,5,g
639,yum yum donuts,deli sandwich hot pastrami on whole wheat bagel,41,g,100,mg,1540,g,57,g,36,g,14,g,0,g,4,g,6,g
640,yum yum donuts,donut hole chocolate sprinkles,6,g,5,mg,90,g,21,g,1,g,2,g,0,g,1,g,15,g
641,yum yum donuts,donut hole cinnamon crumb,6,g,10,mg,120,g,17,g,1,g,3,g,0,g,1,g,10,g
642,yum yum donuts,donut hole cinnamon sugar,5,g,5,mg,85,g,22,g,1,g,2,g,0,g,1,g,17,g
643,yum yum donuts,donut hole coconut,8,g,5,mg,90,g,17,g,1,g,5,g,0,g,1,g,9,g
644,yum yum donuts,donut hole donut sugar,6,g,5,mg,95,g,21,g,1,g,2,g,0,g,1,g,11,g
645,yum yum donuts,donut hole glazed,4.5,g,5,mg,80,g,12,g,1,g,2,g,0,g,1,g,8,g
646,yum yum donuts,donut hole plain,4,g,5,mg,70,g,6,g,1,g,2,g,0,g,0,g,2,g
647,yum yum donuts,donut hole powdered sugar,6,g,5,mg,95,g,21,g,1,g,3,g,0,g,1,g,11,g
648,yum yum donuts,double chocolate muffin,29,g,90,mg,830,g,91,g,8,g,9,g,0,g,3,g,59,g
649,yum yum donuts,everything bagel,3.5,g,0,mg,700,g,55,g,11,g,0,g,0,g,2,g,4,g
650,yum yum donuts,extreme melt sandwich albacore tuna on whole wheat bagel,40,g,60,mg,1340,g,54,g,47,g,18,g,0,g,4,g,6,g
651,yum yum donuts,extreme melt sandwich bacon avocado on whole wheat bagel,42,g,40,mg,1230,g,57,g,35,g,20,g,0,g,6,g,6,g
652,yum yum donuts,extreme melt sandwich black forest ham on whole wheat bagel,32,g,50,mg,2050,g,53,g,51,g,18,g,0,g,3,g,5,g
653,yum yum donuts,extreme melt sandwich pina hawaain on whole wheat bagel,33,g,55,mg,1690,g,67,g,40,g,19,g,0,g,5,g,9,g
654,yum yum donuts,extreme melt sandwich turkey breast on whole wheat bagel,31,g,60,mg,2000,g,55,g,48,g,17,g,0,g,3,g,5,g
655,yum yum donuts,fancy donut apple fritter,23,g,0,mg,690,g,93,g,8,g,9,g,0,g,5,g,39,g
656,yum yum donuts,fancy donut bear claw,38,g,5,mg,1040,g,75,g,12,g,16,g,0,g,4,g,12,g
657,yum yum donuts,fancy donut blueberry fritter,23,g,0,mg,490,g,75,g,6,g,10,g,0,g,2,g,38,g
658,yum yum donuts,fancy donut butterfly,23,g,0,mg,620,g,74,g,8,g,10,g,0,g,4,g,30,g
659,yum yum donuts,fancy donut cinnamon roll,31,g,0,mg,710,g,80,g,9,g,13,g,0,g,5,g,30,g
660,yum yum donuts,fancy donut heart,11,g,0,mg,350,g,44,g,4,g,5,g,0,g,1,g,21,g
661,yum yum donuts,fancy donut horseshoe,33,g,5,mg,980,g,89,g,12,g,13,g,0,g,4,g,27,g
662,yum yum donuts,fancy donut pineapple fritter,34,g,0,mg,660,g,81,g,8,g,14,g,0,g,3,g,36,g
663,yum yum donuts,fancy donut star,13,g,0,mg,410,g,52,g,5,g,5,g,0,g,2,g,25,g
664,yum yum donuts,filled donut apple jelly with cinnamon crumb,15,g,5,mg,600,g,53,g,7,g,6,g,0,g,3,g,12,g
665,yum yum donuts,filled donut lemon jelly with donut sugar,12,g,0,mg,430,g,58,g,5,g,5,g,0,g,1,g,24,g
666,yum yum donuts,filled donut raspberry jelly with glaze,13,g,0,mg,500,g,61,g,6,g,5,g,0,g,2,g,24,g
667,yum yum donuts,filled donut strawberry jelly with sugar,13,g,0,mg,510,g,60,g,6,g,5,g,0,g,2,g,27,g
668,yum yum donuts,filled donut vanilla creme with chocolate icing,13,g,0,mg,580,g,51,g,6,g,6,g,0,g,2,g,11,g
669,yum yum donuts,fountain drink coke 20 oz,0,g,0,mg,20,g,62,g,0,g,0,g,0,g,0,g,62,g
670,yum yum donuts,fountain drink coke 24 oz,0,g,0,mg,25,g,74,g,0,g,0,g,0,g,0,g,74,g
671,yum yum donuts,fountain drink coke 32 oz,0,g,0,mg,35,g,98,g,0,g,0,g,0,g,0,g,98,g
672,yum yum donuts,fountain drink diet coke 20 oz,0,g,0,mg,10,g,0,g,0,g,0,g,0,g,0,g,0,g
673,yum yum donuts,fountain drink diet coke 24 oz,0,g,0,mg,10,g,0,g,0,g,0,g,0,g,0,g,0,g
674,yum yum donuts,fountain drink diet coke 32 oz,0,g,0,mg,15,g,0,g,0,g,0,g,0,g,0,g,0,g
675,yum yum donuts,fountain drink fanta 20 oz,0,g,0,mg,20,g,72,g,0,g,0,g,0,g,0,g,72,g
676,yum yum donuts,fountain drink fanta 24 oz,0,g,0,mg,25,g,87,g,0,g,0,g,0,g,0,g,87,g
677,yum yum donuts,fountain drink fanta 32 oz,0,g,0,mg,30,g,116,g,0,g,0,g,0,g,0,g,116,g
678,yum yum donuts,fountain drink sprite 20 oz,0,g,0,mg,50,g,57,g,0,g,0,g,0,g,0,g,51,g
679,yum yum donuts,fountain drink sprite 24 oz,0,g,0,mg,60,g,69,g,0,g,0,g,0,g,0,g,61,g
680,yum yum donuts,fountain drink sprite 32 oz,0,g,0,mg,80,g,92,g,0,g,0,g,0,g,0,g,81,g
681,yum yum donuts,french donut cherry iced,14,g,60,mg,340,g,32,g,3,g,6,g,0,g,1,g,16,g
682,yum yum donuts,french donut chocolate iced,130,g,0,mg,60,g,350,g,15,g,15,g,6,g,32,g,1,g
683,yum yum donuts,french donut cinnamon sugared,18,g,65,mg,420,g,26,g,4,g,8,g,0,g,1,g,7,g
684,yum yum donuts,french donut glazed,14,g,60,mg,330,g,32,g,3,g,6,g,0,g,1,g,15,g
685,yum yum donuts,french donut maple iced,14,g,60,mg,340,g,32,g,3,g,6,g,0,g,1,g,16,g
686,yum yum donuts,french donut vanilla iced,14,g,60,mg,340,g,32,g,3,g,6,g,0,g,1,g,16,g
687,yum yum donuts,fresh juice carrot 16 oz,1,g,0,mg,130,g,40,g,4,g,0,g,0,g,4,g,0,g
688,yum yum donuts,fresh juice carrot 20 oz,1,g,0,mg,160,g,50,g,5,g,0,g,0,g,5,g,0,g
689,yum yum donuts,fresh juice orange and carrot 16 oz,1,g,0,mg,65,g,44,g,4,g,0,g,0,g,2,g,19,g
690,yum yum donuts,fresh juice orange and carrot 20 oz,1,g,0,mg,85,g,54,g,4,g,0,g,0,g,3,g,24,g
691,yum yum donuts,fresh juice orange 16 oz,1,g,0,mg,0,g,47,g,3,g,0,g,0,g,1,g,38,g
692,yum yum donuts,fresh juice orange 20 oz,1,g,0,mg,5,g,59,g,4,g,0,g,0,g,1,g,48,g
693,yum yum donuts,fresh onion bagel,1.5,g,0,mg,460,g,55,g,10,g,0,g,0,g,1,g,4,g
694,yum yum donuts,ham and cheese swiss or cheddar on whole wheat bagel,31,g,85,mg,1580,g,61,g,42,g,13,g,0,g,2,g,6,g
695,yum yum donuts,honey,0,g,0,mg,0,g,8,g,0,g,0,g,0,g,0,g,8,g
696,yum yum donuts,hot brewed coffee 12 oz,0,g,0,mg,5,g,0,g,0,g,0,g,0,g,0,g,0,g
697,yum yum donuts,hot brewed coffee 16 oz,0,g,0,mg,10,g,0,g,1,g,0,g,0,g,0,g,0,g
698,yum yum donuts,hot brewed coffee 20 oz,0,g,0,mg,10,g,0,g,1,g,0,g,0,g,0,g,0,g
699,yum yum donuts,hot brewed coffee 24 oz,0,g,0,mg,15,g,0,g,1,g,0,g,0,g,0,g,0,g
700,yum yum donuts,hot brewed coffee caramel flavored 12 oz,0,g,5,mg,190,g,33,g,11,g,0,g,0,g,0,g,32,g
701,yum yum donuts,hot brewed coffee caramel flavored 16 oz,0,g,10,mg,340,g,46,g,21,g,0,g,0,g,0,g,45,g
702,yum yum donuts,hot brewed coffee caramel flavored 20 oz,0,g,5,mg,340,g,59,g,20,g,0,g,0,g,0,g,57,g
703,yum yum donuts,hot brewed coffee caramel flavored 24 oz,0,g,10,mg,400,g,70,g,24,g,0,g,0,g,0,g,68,g
704,yum yum donuts,hot brewed coffee hazelnut flavored 12 oz,0,g,0,mg,75,g,18,g,2,g,0,g,0,g,0,g,16,g
705,yum yum donuts,hot brewed coffee hazelnut flavored 16 oz,1,g,5,mg,90,g,37,g,2,g,0,g,0,g,0,g,35,g
706,yum yum donuts,hot brewed coffee hazelnut flavored 20 oz,1,g,5,mg,90,g,37,g,2,g,0,g,0,g,0,g,35,g
707,yum yum donuts,hot brewed coffee hazelnut flavored 24 oz,1,g,5,mg,95,g,44,g,2,g,0,g,0,g,0,g,42,g
708,yum yum donuts,hot brewed coffee vanilla flavored 12 oz,2,g,0,mg,80,g,33,g,1,g,0,g,0.5,g,0,g,31,g
709,yum yum donuts,hot brewed coffee vanilla flavored 16 oz,2,g,0,mg,80,g,39,g,1,g,0,g,0.5,g,0,g,37,g
710,yum yum donuts,hot brewed coffee vanilla flavored 20 oz,3,g,0,mg,135,g,47,g,2,g,0,g,1,g,0,g,44,g
711,yum yum donuts,hot brewed coffee vanilla flavored 24 oz,4,g,0,mg,150,g,69,g,2,g,0,g,1,g,0,g,65,g
712,yum yum donuts,hot brewed tea 12 oz,0,g,0,mg,10,g,0,g,0,g,0,g,0,g,0,g,0,g
713,yum yum donuts,hot brewed tea 16 oz,0,g,0,mg,15,g,0,g,0,g,0,g,0,g,0,g,0,g
714,yum yum donuts,hot brewed tea 20 oz,0,g,0,mg,15,g,0,g,0,g,0,g,0,g,0,g,0,g
715,yum yum donuts,hot brewed tea 24 oz,0,g,0,mg,20,g,0,g,0,g,0,g,0,g,0,g,0,g
716,yum yum donuts,hot cappuccino french vanilla 12 oz,10,g,0,mg,290,g,48,g,3,g,10,g,0,g,0,g,38,g
717,yum yum donuts,hot cappuccino french vanilla 16 oz,13,g,0,mg,390,g,64,g,4,g,13,g,0,g,0,g,50,g
718,yum yum donuts,hot cappuccino french vanilla 20 oz,16,g,0,mg,480,g,79,g,6,g,16,g,0,g,0,g,62,g
719,yum yum donuts,hot cappuccino french vanilla 24 oz,20,g,0,mg,580,g,95,g,7,g,19,g,0,g,0,g,75,g
720,yum yum donuts,hot cappuccino mocha 12 oz,9,g,0,mg,270,g,47,g,4,g,9,g,0,g,0,g,35,g
721,yum yum donuts,hot cappuccino mocha 16 oz,12,g,0,mg,370,g,62,g,5,g,12,g,0,g,1,g,47,g
722,yum yum donuts,hot cappuccino mocha 20 oz,15,g,0,mg,460,g,78,g,6,g,15,g,0,g,1,g,59,g
723,yum yum donuts,hot cappuccino mocha 24 oz,19,g,0,mg,550,g,94,g,8,g,18,g,0,g,1,g,71,g
724,yum yum donuts,hot chocolate 12 oz,9,g,10,mg,240,g,46,g,4,g,7,g,0,g,1,g,40,g
725,yum yum donuts,hot chocolate 16 oz,12,g,10,mg,320,g,62,g,5,g,9,g,0,g,2,g,54,g
726,yum yum donuts,hot chocolate 20 oz,14,g,15,mg,400,g,77,g,6,g,11,g,0,g,2,g,67,g
727,yum yum donuts,hot chocolate 24 oz,17,g,15,mg,480,g,93,g,8,g,14,g,0,g,3,g,80,g
728,yum yum donuts,iced coffee caramel flavored 20 oz,2,g,0,mg,90,g,43,g,39,g,0,g,0.5,g,0,g,0,g
729,yum yum donuts,iced coffee hazelnut flavored 20 oz,2.5,g,5,mg,190,g,29,g,3,g,1,g,0,g,0,g,24,g
730,yum yum donuts,iced coffee vanilla flavored iced 20 oz,2.5,g,5,mg,190,g,30,g,3,g,1,g,0,g,0,g,25,g
731,yum yum donuts,iced tea 20 oz,0,g,0,mg,15,g,0,g,0,g,0,g,0,g,0,g,0,g
732,yum yum donuts,iced tea 24 oz,0,g,0,mg,20,g,0,g,0,g,0,g,0,g,0,g,0,g
733,yum yum donuts,iced tea 32 oz,0,g,0,mg,25,g,0,g,0,g,0,g,0,g,0,g,0,g
734,yum yum donuts,jalapeno bagel,1,g,0,mg,440,g,55,g,10,g,0,g,0,g,1,g,4,g
735,yum yum donuts,lemon poppy seed muffin,20,g,90,mg,660,g,68,g,7,g,5,g,0,g,2,g,40,g
736,yum yum donuts,licuado banana 16 oz,10,g,45,mg,125,g,30,g,8,g,8,g,0,g,1,g,23,g
737,yum yum donuts,licuado banana 20 oz,11,g,50,mg,150,g,33,g,10,g,8,g,0,g,1,g,26,g
738,yum yum donuts,licuado chocolate 16 oz,10,g,45,mg,160,g,54,g,9,g,8,g,0,g,1,g,44,g
739,yum yum donuts,licuado chocolate 20 oz,11,g,50,mg,190,g,57,g,10,g,9,g,0,g,1,g,47,g
740,yum yum donuts,licuado coconut 16 oz,17,g,45,mg,130,g,42,g,8,g,14,g,0,g,2,g,37,g
741,yum yum donuts,licuado coconut 20 oz,18,g,50,mg,160,g,45,g,10,g,15,g,0,g,2,g,40,g
742,yum yum donuts,licuado guava 16 oz,10,g,45,mg,125,g,54,g,7,g,8,g,0,g,0,g,50,g
743,yum yum donuts,licuado guava 20 oz,11,g,50,mg,150,g,57,g,9,g,8,g,0,g,0,g,53,g
744,yum yum donuts,licuado pineapple 16 oz,10,g,45,mg,125,g,54,g,7,g,8,g,0,g,0,g,50,g
745,yum yum donuts,licuado pineapple 20 oz,11,g,50,mg,150,g,57,g,9,g,8,g,0,g,0,g,53,g
746,yum yum donuts,licuado strawberry banana 16 oz,10,g,50,mg,135,g,43,g,10,g,8,g,0,g,1,g,38,g
747,yum yum donuts,licuado strawberry banana 20 oz,11,g,55,mg,170,g,46,g,12,g,8,g,0,g,1,g,42,g
748,yum yum donuts,licuado strawberry 16 oz,10,g,45,mg,125,g,54,g,7,g,8,g,0,g,0,g,50,g
749,yum yum donuts,licuado strawberry 20 oz,11,g,50,mg,150,g,57,g,9,g,8,g,0,g,0,g,53,g
750,yum yum donuts,macaroon cookie,10,g,0,mg,55,g,26,g,2,g,9,g,0,g,3,g,21,g
751,yum yum donuts,mini fancy donut apple fritter,13,g,0,mg,410,g,55,g,5,g,6,g,0,g,3,g,23,g
752,yum yum donuts,mini fancy donut blueberry fritter,13,g,0,mg,290,g,43,g,3,g,6,g,0,g,1,g,22,g
753,yum yum donuts,mini fancy donut cinnamon roll,15,g,0,mg,340,g,39,g,4,g,6,g,0,g,2,g,15,g
754,yum yum donuts,mini fancy donut pineapple fritter,20,g,0,mg,390,g,47,g,5,g,8,g,0,g,1,g,21,g
755,yum yum donuts,mini white cake donut chocolate iced,6,g,10,mg,160,g,20,g,2,g,2,g,0,g,1,g,11,g
756,yum yum donuts,mini white cake donut chocolate iced with chocolate sprinkles,5,g,10,mg,180,g,22,g,2,g,2,g,0,g,2,g,13,g
757,yum yum donuts,mini white cake donut chocolate iced with rainbow sprinkles,7,g,10,mg,170,g,23,g,2,g,2,g,0,g,1,g,14,g
758,yum yum donuts,mini white cake donut plain,6,g,10,mg,150,g,12,g,2,g,2,g,0,g,1,g,5,g
759,yum yum donuts,mini white cake donut vanilla iced with rainbow sprinkles,5,g,10,mg,170,g,22,g,2,g,2,g,0,g,1,g,13,g
760,yum yum donuts,nine grain bagel,2.5,g,0,mg,350,g,63,g,11,g,0,g,0,g,3,g,6,g
761,yum yum donuts,old fashioned donut chocolate iced,18,g,20,mg,400,g,59,g,5,g,7,g,0,g,2,g,37,g
762,yum yum donuts,old fashioned donut glazed,17,g,20,mg,360,g,60,g,4,g,7,g,0,g,2,g,37,g
763,yum yum donuts,old fashioned donut maple iced,18,g,20,mg,370,g,60,g,4,g,7,g,0,g,2,g,37,g
764,yum yum donuts,old fashioned donut plain,17,g,20,mg,360,g,31,g,4,g,7,g,0,g,2,g,12,g
765,yum yum donuts,pastrami,24,g,80,mg,950,g,0,g,22,g,10,g,0,g,0,g,0,g
766,yum yum donuts,peanut butter,16,g,0,mg,150,g,7,g,7,g,3,g,0,g,2,g,3,g
767,yum yum donuts,peanut butter and strawberry jelly,16,g,0,mg,150,g,13,g,7,g,3,g,0,g,2,g,7,g
768,yum yum donuts,pineapple coconut muffin,27,g,90,mg,720,g,83,g,7,g,14,g,0,g,2,g,47,g
769,yum yum donuts,pineapple upsidedown muffin,19,g,90,mg,660,g,81,g,6,g,5,g,0,g,1,g,54,g
770,yum yum donuts,plain bagel,1,g,0,mg,420,g,57,g,10,g,0,g,0,g,1,g,4,g
771,yum yum donuts,puffies with vanilla creme filling,8,g,45,mg,250,g,16,g,2,g,4,g,0,g,1,g,3,g
772,yum yum donuts,pumpkin nut muffin,31,g,90,mg,640,g,66,g,12,g,5,g,0,g,4,g,37,g
773,yum yum donuts,quesadilla bread,24,g,75,mg,310,g,58,g,8,g,4,g,0,g,1,g,35,g
774,yum yum donuts,raised ring donut chocolate iced,10,g,0,mg,340,g,41,g,0,g,4,g,0,g,1,g,20,g
775,yum yum donuts,raised ring donut chocolate iced with chocolate sprinkles,10,g,0,mg,340,g,41,g,0,g,4,g,0,g,1,g,20,g
776,yum yum donuts,raised ring donut chocolate iced with rainbow sprinkles,10,g,0,mg,340,g,41,g,4,g,4,g,0,g,1,g,20,g
777,yum yum donuts,raised ring donut cinnamon crumb,9,g,5,mg,310,g,31,g,4,g,4,g,0,g,1,g,11,g
778,yum yum donuts,raised ring donut cinnamon sugared,10,g,0,mg,420,g,33,g,5,g,5,g,0,g,2,g,8,g
779,yum yum donuts,raised ring donut coconut,12,g,0,mg,260,g,30,g,4,g,7,g,0,g,2,g,13,g
780,yum yum donuts,raised ring donut cookie crumb,9,g,0,mg,280,g,33,g,4,g,4,g,0,g,1,g,12,g
781,yum yum donuts,raised ring donut glazed,9,g,0,mg,290,g,31,g,4,g,4,g,0,g,1,g,12,g
782,yum yum donuts,raised ring donut maple iced,9,g,0,mg,310,g,38,g,4,g,4,g,0,g,1,g,17,g
783,yum yum donuts,raised ring donut orange iced,10,g,0,mg,320,g,36,g,4,g,4,g,0,g,1,g,15,g
784,yum yum donuts,raised ring donut rainbow sprinkles,10,g,0,mg,330,g,42,g,4,g,4,g,0,g,1,g,20,g
785,yum yum donuts,raised ring donut sugared,9,g,0,mg,290,g,34,g,4,g,3,g,0,g,1,g,17,g
786,yum yum donuts,raised ring donut vanilla iced,10,g,0,mg,320,g,37,g,4,g,4,g,0,g,1,g,15,g
787,yum yum donuts,raised ring donut vanilla iced with chocolate sprinkles,10,g,0,mg,330,g,42,g,4,g,4,g,0,g,1,g,20,g
788,yum yum donuts,raised ring donut vanilla iced with coconut,13,g,0,mg,310,g,39,g,4,g,6,g,0,g,1,g,15,g
789,yum yum donuts,raised ring donut vanilla iced with rainbow sprinkles,10,g,0,mg,320,g,41,g,4,g,4,g,0,g,1,g,20,g
790,yum yum donuts,raspado coconut 16 oz,15,g,0,mg,20,g,51,g,1,g,14,g,0,g,5,g,42,g
791,yum yum donuts,raspado coconut 20 oz,15,g,0,mg,20,g,51,g,1,g,14,g,0,g,5,g,42,g
792,yum yum donuts,raspado guava 16 oz,0,g,0,mg,10,g,74,g,0,g,0,g,0,g,0,g,68,g
793,yum yum donuts,raspado guava 20 oz,0,g,0,mg,10,g,74,g,0,g,0,g,0,g,0,g,68,g
794,yum yum donuts,raspado lime 16 oz,0,g,0,mg,25,g,43,g,0,g,0,g,0,g,0,g,39,g
795,yum yum donuts,raspado lime 20 oz,0,g,0,mg,30,g,43,g,0,g,0,g,0,g,0,g,39,g
796,yum yum donuts,raspado pineapple 16 oz,0,g,0,mg,10,g,74,g,0,g,0,g,0,g,0,g,68,g
797,yum yum donuts,raspado pineapple 20 oz,0,g,0,mg,10,g,74,g,0,g,0,g,0,g,0,g,68,g
798,yum yum donuts,raspado strawberry 16 oz,0,g,0,mg,10,g,74,g,0,g,0,g,0,g,0,g,68,g
799,yum yum donuts,raspado strawberry 20 oz,0,g,0,mg,10,g,74,g,0,g,0,g,0,g,0,g,68,g
800,yum yum donuts,raspado tamarindo 16 oz,0,g,0,mg,15,g,73,g,1,g,0,g,0,g,1,g,67,g
801,yum yum donuts,raspado tamarindo 20 oz,0,g,0,mg,15,g,73,g,1,g,0,g,0,g,1,g,68,g
802,yum yum donuts,raspado vanilla 16 oz,0,g,0,mg,20,g,14,g,0,g,0,g,0,g,0,g,14,g
803,yum yum donuts,raspado vanilla 20 oz,0,g,0,mg,20,g,14,g,0,g,0,g,0,g,0,g,14,g
804,yum yum donuts,scored garlic bagel,3,g,5,mg,500,g,63,g,12,g,10,g,0,g,2,g,5,g
805,yum yum donuts,sesame bagel,6,g,0,mg,410,g,54,g,11,g,0,g,0,g,2,g,4,g
806,yum yum donuts,sticky bun,20,g,30,mg,560,g,47,g,8,g,11,g,0,g,3,g,13,g
807,yum yum donuts,strawberry jelly,0,g,0,mg,0,g,6,g,0,g,0,g,0,g,0,g,4,g
808,yum yum donuts,strudel apple,22,g,15,mg,210,g,33,g,6,g,10,g,3,g,2,g,7,g
809,yum yum donuts,strudel pineapple cream cheese,23,g,20,mg,220,g,33,g,6,g,11,g,3,g,2,g,8,g
810,yum yum donuts,strudel strawberry cream cheese,23,g,20,mg,220,g,33,g,6,g,11,g,3,g,2,g,8,g
811,yum yum donuts,turkey breast,1,g,40,mg,1090,g,2,g,20,g,0,g,0,g,0,g,0,g
812,yum yum donuts,twist donut chocolate iced,19,g,0,mg,550,g,48,g,7,g,8,g,0,g,2,g,14,g
813,yum yum donuts,twist donut glazed,19,g,0,mg,540,g,48,g,7,g,8,g,0,g,2,g,14,g
814,yum yum donuts,twist donut sugared,19,g,0,mg,540,g,58,g,7,g,8,g,0,g,2,g,26,g
815,yum yum donuts,wheat and spice donut cinnamon crumb,16,g,5,mg,340,g,45,g,4,g,6,g,0,g,4,g,23,g
816,yum yum donuts,wheat and spice donut glazed,13,g,0,mg,260,g,36,g,4,g,5,g,0,g,3,g,18,g
817,yum yum donuts,wheat and spice donut plain,13,g,0,mg,260,g,26,g,4,g,5,g,0,g,3,g,10,g
818,yum yum donuts,white cake donut cherry iced,12,g,20,mg,310,g,40,g,3,g,5,g,0,g,2,g,22,g
819,yum yum donuts,white cake donut cherry iced with rainbow sprinkles,12,g,20,mg,310,g,44,g,3,g,5,g,0,g,2,g,27,g
820,yum yum donuts,white cake donut chocolate iced,12,g,20,mg,320,g,39,g,3,g,5,g,0,g,2,g,22,g
821,yum yum donuts,white cake donut cinnamon crumb,16,g,25,mg,400,g,45,g,4,g,6,g,0,g,3,g,23,g
822,yum yum donuts,white cake donut donut sugar,12,g,20,mg,300,g,34,g,3,g,5,g,0,g,2,g,16,g
823,yum yum donuts,white cake donut lemon iced,12,g,20,mg,310,g,40,g,3,g,5,g,0,g,2,g,22,g
824,yum yum donuts,white cake donut maple iced,12,g,20,mg,310,g,40,g,3,g,5,g,0,g,2,g,22,g
825,yum yum donuts,white cake donut orange iced,12,g,20,mg,310,g,40,g,3,g,5,g,0,g,2,g,22,g
826,yum yum donuts,white cake donut plain,11,g,15,mg,270,g,22,g,3,g,4,g,0,g,2,g,9,g
827,yum yum donuts,white cake donut vanilla iced,12,g,20,mg,310,g,40,g,3,g,5,g,0,g,2,g,23,g
828,yum yum donuts,white cake donut vanilla iced with chocolate sprinkles,12,g,20,mg,310,g,44,g,3,g,5,g,0,g,2,g,27,g
829,yum yum donuts,white cake donut vanilla iced with coconut,16,g,20,mg,310,g,44,g,4,g,8,g,0,g,2,g,23,g
830,yum yum donuts,white cake donut vanilla iced with peanuts,15,g,20,mg,300,g,41,g,4,g,5,g,0,g,3,g,23,g
831,yum yum donuts,white cake donut vanilla iced with rainbow sprinkles,12,g,20,mg,310,g,44,g,3,g,5,g,0,g,2,g,27,g
832,yum yum donuts,whole wheat bagel,1,g,0,mg,390,g,55,g,10,g,0,g,0,g,4,g,5,g
833,z pizza,parmesan flatbread sticks to share,31,g,70,mg,2140,g,100,g,39,g,17,g,0,g,5,g,9,g
834,z pizza,kids penne pasta,7,g,15,mg,990,g,52,g,14,g,3,g,0,g,7,g,9,g
835,z pizza,garlic bread to share,33,g,85,mg,1060,g,91,g,13,g,20,g,0,g,4,g,7,g
836,z pizza,mediterranean rustica without sauce,8,g,10,mg,330,g,13,g,6,g,2,g,0,g,1,g,0.5,g
837,z pizza,pear and gorgonzola rustica without sauce,6,g,15,mg,300,g,14,g,7,g,3,g,0,g,1,g,2,g
838,z pizza,chicken sausage rustica with marinara sauce,3.5,g,15,mg,270,g,12,g,7,g,1.5,g,15,g,0.5,g,0.5,g
839,z pizza,curry chicken and yam rustica without sauce,3.5,g,10,mg,270,g,16,g,7,g,1.5,g,0,g,0.5,g,4,g
840,z pizza,moroccan rustica without sauce,7,g,10,mg,250,g,13,g,6,g,2.5,g,0,g,1,g,1,g
841,z pizza,chicken penne pesto,26,g,60,mg,1200,g,50,g,36,g,3,g,0,g,5,g,2,g
842,z pizza,penne with meatballs,30,g,80,mg,2510,g,81,g,35,g,12,g,0,g,12,g,17,g
843,z pizza,napoli pizza large regular crust,9,g,15,mg,420,g,25,g,12,g,3.5,g,0,g,1,g,2,g
844,z pizza,pepperoni pizza large regular crust,9,g,20,mg,500,g,25,g,12,g,3.5,g,0,g,1,g,2,g
845,z pizza,sausage and mushroom pizza large regular crust,9,g,20,mg,460,g,25,g,13,g,3.5,g,0,g,1,g,2,g
846,z pizza,santa fe pizza xl regular crust,13,g,35,mg,830,g,40,g,21,g,4,g,0,g,2,g,3,g
847,z pizza,american pizza small regular crust,7,g,15,mg,360,g,18,g,10,g,3,g,0,g,1,g,2,g
848,z pizza,ham and pineapple pizza small regular crust,4.5,g,15,mg,390,g,18,g,9,g,2,g,0,g,0.5,g,2,g
849,z pizza,cheese pizza large regular crust,7,g,15,mg,430,g,25,g,12,g,3.5,g,0,g,1,g,2,g
850,z pizza,berkeley vegan pizza creation large,8,g,0,mg,530,g,32,g,7,g,2,g,0,g,3,g,3,g
851,z pizza,mexican pizza small regular crust,5,g,15,mg,390,g,17,g,10,g,2,g,0,g,1,g,1,g
852,z pizza,mexican pizza large regular crust,8,g,20,mg,550,g,25,g,13,g,3,g,0,g,2,g,2,g
853,z pizza,american pizza large regular crust,10,g,20,mg,520,g,27,g,14,g,4,g,0,g,2,g,3,g
854,z pizza,pepperoni pizza small regular crust,6,g,10,mg,330,g,17,g,8,g,2.5,g,0,g,0.5,g,1,g
855,z pizza,cheese pizza small regular crust,4.5,g,10,mg,280,g,16,g,8,g,2.5,g,0,g,0.5,g,1,g
856,z pizza,tuscan pizza small regular crust,7,g,10,mg,300,g,18,g,8,g,2.5,g,0,g,1,g,2,g
857,z pizza,american pizza xl regular crust,15,g,30,mg,810,g,43,g,20,g,6,g,0,g,3,g,5,g
858,z pizza,santa fe pizza small regular crust,6,g,15,mg,360,g,17,g,9,g,2,g,0,g,1,g,1,g
859,z pizza,thai pizza xl regular crust,12,g,25,mg,990,g,45,g,22,g,3.5,g,0,g,2,g,7,g
860,z pizza,greek pizza small regular crust,5,g,10,mg,380,g,17,g,8,g,2.5,g,10,g,1,g,1,g
861,z pizza,pepperoni pizza xl regular crust,14,g,30,mg,810,g,40,g,18,g,6,g,0,g,2,g,3,g
862,z pizza,berkley vegan pizza large regular crust,8,g,0,mg,530,g,32,g,7,g,2,g,0,g,3,g,3,g
863,z pizza,zbq pizza large regular crust,6,g,20,mg,550,g,28,g,14,g,2.5,g,0,g,2,g,5,g
864,z pizza,napoli pizza xl regular crust,13,g,20,mg,670,g,42,g,18,g,5,g,0,g,2,g,3,g
865,z pizza,berkley vegan pizza small regular crust,5,g,0,mg,350,g,21,g,5,g,1.5,g,0,g,2,g,2,g
866,z pizza,cheese pizza xl regular crust,10,g,20,mg,640,g,40,g,17,g,4.5,g,0,g,2,g,3,g
867,z pizza,provence pizza xl regular crust,13,g,15,mg,710,g,43,g,16,g,4.5,g,0,g,3,g,4,g
868,z pizza,tuscan pizza xl regular crust,14,g,20,mg,690,g,44,g,18,g,5,g,0,g,2,g,4,g
869,z pizza,zbq pizza xl regular crust,9,g,25,mg,860,g,46,g,20,g,3.5,g,0,g,3,g,8,g
870,z pizza,ham and pineapple pizza xl regular crust,10,g,25,mg,830,g,43,g,19,g,4,g,0,g,2,g,6,g
871,z pizza,berkley vegan pizza xl regular crust,12,g,0,mg,820,g,51,g,12,g,2.5,g,0,g,4,g,5,g
872,z pizza,greek pizza large regular crust,8,g,15,mg,580,g,25,g,12,g,3.5,g,0,g,2,g,2,g
873,z pizza,santa fe pizza large regular crust,9,g,25,mg,540,g,25,g,14,g,3,g,0,g,1,g,2,g
874,z pizza,italian pizza small regular crust,8,g,15,mg,480,g,16,g,9,g,2.5,g,0,g,1,g,1,g
875,z pizza,sausage and mushroom pizza small regular crust,6,g,15,mg,320,g,17,g,9,g,2.5,g,0,g,0.5,g,2,g
876,z pizza,sausage and mushroom pizza xl regular crust,14,g,30,mg,750,g,41,g,20,g,6,g,0,g,2,g,4,g
877,z pizza,ham and pineapple pizza large regular crust,7,g,20,mg,550,g,26,g,13,g,3,g,0,g,1,g,4,g
878,z pizza,casablanca pizza large regular crust,11,g,15,mg,440,g,26,g,13,g,4,g,0,g,1,g,2,g
879,z pizza,mexican pizza xl regular crust,11,g,25,mg,890,g,41,g,20,g,4,g,0,g,3,g,3,g
880,z pizza,casablanca pizza xl regular crust,16,g,25,mg,680,g,42,g,19,g,6,g,0,g,2,g,3,g
881,z pizza,thai pizza small regular crust,6,g,15,mg,430,g,18,g,10,g,2,g,0,g,0.5,g,3,g
882,z pizza,zbq pizza small regular crust,4,g,15,mg,390,g,19,g,10,g,2,g,0,g,1,g,3,g
883,z pizza,italian pizza xl regular crust,17,g,30,mg,1010,g,40,g,19,g,5,g,30,g,2,g,2,g
884,z pizza,greek pizza xl regular crust,12,g,20,mg,880,g,40,g,17,g,5,g,0,g,3,g,2,g
885,z pizza,tuscan pizza large regular crust,10,g,15,mg,450,g,27,g,12,g,3.5,g,0,g,2,g,2,g
886,z pizza,provence pizza small regular crust,6,g,10,mg,330,g,17,g,7,g,2,g,0,g,0.5,g,1,g
887,z pizza,thai pizza large regular crust,9,g,20,mg,650,g,28,g,14,g,2.5,g,0,g,1,g,5,g
888,z pizza,provence pizza large regular crust,9,g,10,mg,470,g,27,g,11,g,3,g,0,g,2,g,2,g
889,z pizza,casablanca pizza small regular crust,8,g,10,mg,300,g,17,g,9,g,3,g,10,g,0.5,g,1,g
890,z pizza,california pizza large regular crust,7,g,10,mg,440,g,27,g,11,g,2.5,g,0,g,2,g,3,g
891,z pizza,napoli pizza small regular crust,6,g,10,mg,280,g,17,g,8,g,2.5,g,0,g,0.5,g,1,g
892,z pizza,california pizza xl regular crust,10,g,15,mg,690,g,43,g,17,g,4,g,0,g,3,g,5,g
893,z pizza,california pizza small regular crust,4.5,g,10,mg,300,g,18,g,7,g,2,g,0,g,1,g,2,g
894,z pizza,italian pizza large regular crust,11,g,20,mg,640,g,24,g,13,g,3.5,g,0,g,2,g,2,g
895,z pizza,arugula salad small with balsamic vinaigrette,36,g,15,mg,450,g,24,g,13,g,7,g,0,g,3,g,16,g
896,z pizza,chicken caesar salad small with caesar dressing,26,g,55,mg,810,g,12,g,23,g,6,g,0,g,3,g,3,g
897,z pizza,greek salad small with balsamic vinaigrette,19,g,10,mg,1070,g,21,g,7,g,5,g,0,g,5,g,10,g
898,z pizza,greek salad large with balsamic vinaigrette,38,g,20,mg,2150,g,41,g,14,g,10,g,0,g,11,g,19,g
899,z pizza,pear and gorgonzola salad large with balsamic vinaigrette,86,g,75,mg,1650,g,60,g,31,g,26,g,0,g,13,g,38,g
900,z pizza,arugula salad large with balsamic vinaigrette,72,g,25,mg,910,g,51,g,26,g,14,g,25,g,6,g,32,g
901,z pizza,chicken caesar salad large with caesar dressing,53,g,110,mg,1610,g,24,g,47,g,12,g,0,g,5,g,6,g
902,z pizza,california salad small without dressing,4.5,g,0,mg,140,g,14,g,2,g,1,g,0,g,4,g,5,g
903,z pizza,zbq salad small with chipotle ranch dressing,11,g,35,mg,670,g,19,g,16,g,1,g,0,g,3,g,8,g
904,z pizza,pear and gorgonzola salad small with balsamic vinaigrette,46,g,40,mg,880,g,31,g,15,g,14,g,0,g,6,g,20,g
905,z pizza,zbq salad large with chipotle ranch dressing,22,g,70,mg,1340,g,38,g,32,g,2.5,g,0,g,7,g,16,g
906,z pizza,mixed greens side salad without dressing,0,g,0,mg,25,g,7,g,1,g,0,g,0,g,2,g,4,g
907,z pizza,caesar side salad with caesar dressing,16,g,10,mg,310,g,8,g,5,g,3.5,g,0,g,2,g,1,g
908,z pizza,california salad large without dressing,9,g,0,mg,300,g,28,g,4,g,2,g,0,g,9,g,10,g
909,z pizza,veggie calzone with regular crust,22,g,20,mg,1390,g,86,g,20,g,7,g,0,g,6,g,13,g
910,z pizza,meat calzone on regular crust,36,g,75,mg,1650,g,82,g,35,g,12,g,0,g,6,g,13,g
911,z pizza,tuna sandwich on wheat bread,32,g,45,mg,1150,g,67,g,32,g,4.5,g,0,g,6,g,14,g
912,z pizza,turkey sandwich on baguette,37,g,90,mg,2280,g,99,g,40,g,12,g,0,g,4,g,17,g
913,z pizza,hot meatball sub on baguette,34,g,100,mg,2140,g,94,g,42,g,14,g,0,g,5,g,10,g
914,z pizza,curry chicken sandwich on wheat bread,8,g,40,mg,1120,g,81,g,29,g,1,g,0,g,4,g,26,g
915,z pizza,supersub sandwich on baguette,60,g,120,mg,3660,g,76,g,45,g,16,g,0,g,3,g,6,g
916,z pizza,pollo latino sandwich on baguette,6,g,55,mg,1510,g,78,g,33,g,0,g,0,g,4,g,4,g
917,z pizza,yuppie veggie sandwich on baguette,37,g,30,mg,1740,g,85,g,23,g,10,g,0,g,5,g,8,g
918,z pizza,american large slice,10,g,20,mg,520,g,27,g,14,g,4,g,0,g,2,g,3,g
919,z pizza,american small slice,7,g,15,mg,360,g,18,g,10,g,3,g,0,g,1,g,2,g
920,z pizza,american xl slice,15,g,30,mg,810,g,43,g,20,g,6,g,0,g,3,g,5,g
921,z pizza,arugula salad large,72,g,25,mg,910,g,51,g,26,g,14,g,0,g,6,g,32,g
922,z pizza,arugula salad small,36,g,15,mg,450,g,24,g,13,g,7,g,0,g,3,g,16,g
923,z pizza,berkeley vegan large slice,8,g,0,mg,530,g,32,g,7,g,2,g,0,g,3,g,3,g
924,z pizza,berkeley vegan small slice,5,g,0,mg,350,g,21,g,5,g,1.5,g,0,g,2,g,2,g
925,z pizza,berkeley vegan xl slice,12,g,0,mg,820,g,51,g,12,g,2.5,g,0,g,4,g,5,g
926,z pizza,caesar side salad,16,g,10,mg,310,g,8,g,5,g,3.5,g,0,g,2,g,1,g
927,z pizza,california large slice,7,g,10,mg,440,g,27,g,11,g,2.5,g,0,g,2,g,3,g
928,z pizza,california small slice,4.5,g,10,mg,300,g,18,g,7,g,2,g,0,g,1,g,2,g
929,z pizza,california xl slice,10,g,15,mg,690,g,43,g,17,g,4,g,0,g,3,g,5,g
930,z pizza,california salad large,9,g,0,mg,300,g,28,g,4,g,2,g,0,g,9,g,10,g
931,z pizza,california salad small,4.5,g,0,mg,140,g,14,g,2,g,1,g,0,g,4,g,5,g
932,z pizza,casablanca large slice,11,g,15,mg,440,g,26,g,13,g,4,g,0,g,1,g,2,g
933,z pizza,casablanca small slice,8,g,10,mg,300,g,17,g,9,g,3,g,0,g,1,g,1,g
934,z pizza,casablanca xl slice,16,g,25,mg,680,g,42,g,19,g,6,g,0,g,2,g,3,g
935,z pizza,cheese large slice,7,g,15,mg,430,g,25,g,12,g,3.5,g,0,g,1,g,2,g
936,z pizza,cheese small slice,4.5,g,10,mg,280,g,16,g,8,g,2.5,g,0,g,1,g,1,g
937,z pizza,cheese xl slice,10,g,20,mg,640,g,40,g,17,g,4.5,g,0,g,2,g,3,g
938,z pizza,chicken caesar salad large,53,g,110,mg,1610,g,24,g,47,g,12,g,0,g,5,g,6,g
939,z pizza,chicken caesar salad small,26,g,55,mg,810,g,12,g,23,g,6,g,0,g,3,g,3,g
940,z pizza,chicken penne pesto,26,g,60,mg,1200,g,50,g,36,g,3,g,0,g,5,g,2,g
941,z pizza,chicken sausage rustica,3.5,g,15,mg,270,g,12,g,7,g,1.5,g,0,g,1,g,1,g
942,z pizza,curry chicken and yam rustica,3.5,g,10,mg,270,g,16,g,7,g,1.5,g,0,g,1,g,4,g
943,z pizza,curry chicken sandwich,8,g,40,mg,1120,g,81,g,29,g,1,g,0,g,4,g,26,g
944,z pizza,garlic bread,33,g,85,mg,1060,g,91,g,13,g,20,g,0,g,4,g,7,g
945,z pizza,greek large slice,8,g,15,mg,580,g,25,g,12,g,3.5,g,0,g,2,g,2,g
946,z pizza,greek small slice,5,g,10,mg,380,g,17,g,8,g,2.5,g,0,g,1,g,1,g
947,z pizza,greek xl slice,12,g,20,mg,880,g,40,g,17,g,5,g,0,g,3,g,2,g
948,z pizza,greek salad large,38,g,20,mg,2150,g,41,g,14,g,10,g,0,g,11,g,19,g
949,z pizza,greek salad small,19,g,10,mg,1070,g,21,g,7,g,5,g,0,g,5,g,10,g
950,z pizza,ham and pineapple large slice,7,g,20,mg,550,g,26,g,13,g,3,g,0,g,1,g,4,g
951,z pizza,ham and pineapple small slice,4.5,g,15,mg,390,g,18,g,9,g,2,g,0,g,1,g,2,g
952,z pizza,ham and pineapple xl slice,10,g,25,mg,830,g,43,g,19,g,4,g,0,g,2,g,6,g
953,z pizza,hot meatball sub,34,g,100,mg,2140,g,94,g,42,g,14,g,0,g,5,g,10,g
954,z pizza,italian large slice,11,g,20,mg,640,g,24,g,13,g,3.5,g,0,g,2,g,2,g
955,z pizza,italian small slice,8,g,15,mg,480,g,16,g,9,g,2.5,g,0,g,1,g,1,g
956,z pizza,italian xl slice,17,g,30,mg,1010,g,40,g,19,g,5,g,0,g,2,g,2,g
957,z pizza,kids pasta,7,g,15,mg,990,g,52,g,14,g,3,g,0,g,7,g,9,g
958,z pizza,meat calzone,36,g,75,mg,1650,g,82,g,35,g,12,g,0,g,6,g,13,g
959,z pizza,mediterranean plate,54,g,40,mg,2590,g,94,g,26,g,10,g,0,g,15,g,10,g
960,z pizza,mediterranean rustica,8,g,10,mg,330,g,13,g,6,g,2,g,0,g,1,g,1,g
961,z pizza,mexican large slice,8,g,20,mg,550,g,25,g,13,g,3,g,0,g,2,g,2,g
962,z pizza,mexican small slice,5,g,15,mg,390,g,17,g,10,g,2,g,0,g,1,g,1,g
963,z pizza,mexican xl slice,11,g,25,mg,890,g,41,g,20,g,4,g,0,g,3,g,3,g
964,z pizza,mixed green side salad,0,g,0,mg,25,g,7,g,1,g,0,g,0,g,2,g,4,g
965,z pizza,moroccan rustica,7,g,10,mg,250,g,13,g,6,g,2.5,g,0,g,1,g,1,g
966,z pizza,napoli large slice,9,g,15,mg,420,g,25,g,12,g,3.5,g,0,g,1,g,2,g
967,z pizza,napoli small slice,6,g,10,mg,280,g,17,g,8,g,2.5,g,0,g,1,g,1,g
968,z pizza,napoli xl slice,13,g,20,mg,670,g,42,g,18,g,5,g,0,g,2,g,3,g
969,z pizza,parmesan flatbread sticks,31,g,70,mg,2140,g,100,g,39,g,17,g,0,g,5,g,9,g
970,z pizza,pear and gorgonzola rustica,6,g,15,mg,300,g,14,g,7,g,3,g,0,g,1,g,2,g
971,z pizza,pear and gorgonzola salad large,86,g,75,mg,1650,g,60,g,31,g,26,g,0,g,13,g,38,g
972,z pizza,pear and gorgonzola salad small,46,g,40,mg,880,g,31,g,15,g,14,g,0,g,6,g,20,g
973,z pizza,penne with meatballs,30,g,80,mg,2510,g,81,g,35,g,12,g,0,g,12,g,17,g
974,z pizza,pepperoni large slice,9,g,20,mg,500,g,25,g,12,g,3.5,g,0,g,1,g,2,g
975,z pizza,pepperoni small slice,6,g,10,mg,330,g,17,g,8,g,2.5,g,0,g,1,g,1,g
976,z pizza,pepperoni xl slice,14,g,30,mg,810,g,40,g,18,g,6,g,0,g,2,g,3,g
977,z pizza,pollo latino sandwich,6,g,55,mg,1510,g,78,g,33,g,0,g,0,g,4,g,4,g
978,z pizza,provence large slice,9,g,10,mg,470,g,27,g,11,g,3,g,0,g,2,g,2,g
979,z pizza,provence small slice,6,g,10,mg,330,g,17,g,7,g,2,g,0,g,1,g,1,g
980,z pizza,provence xl slice,13,g,15,mg,710,g,43,g,16,g,4.5,g,0,g,3,g,4,g
981,z pizza,santa fe large slice,9,g,25,mg,540,g,25,g,14,g,3,g,0,g,1,g,2,g
982,z pizza,santa fe small slice,6,g,15,mg,360,g,17,g,9,g,2,g,0,g,1,g,1,g
983,z pizza,santa fe xl slice,13,g,35,mg,830,g,40,g,21,g,4,g,0,g,2,g,3,g
984,z pizza,sausage and mushroom large slice,9,g,20,mg,460,g,25,g,13,g,3.5,g,0,g,1,g,2,g
985,z pizza,sausage and mushroom small slice,6,g,15,mg,320,g,17,g,9,g,2.5,g,0,g,1,g,2,g
986,z pizza,sausage and mushroom xl slice,14,g,30,mg,750,g,41,g,20,g,6,g,0,g,2,g,4,g
987,z pizza,supersub sandwich,60,g,120,mg,3660,g,76,g,45,g,16,g,0,g,3,g,6,g
988,z pizza,thai large slice,9,g,20,mg,650,g,28,g,14,g,2.5,g,0,g,1,g,5,g
989,z pizza,thai small slice,6,g,15,mg,430,g,18,g,10,g,2,g,0,g,1,g,3,g
990,z pizza,thai xl slice,12,g,25,mg,990,g,45,g,22,g,3.5,g,0,g,2,g,7,g
991,z pizza,tuna sandwich,32,g,45,mg,1150,g,67,g,32,g,4.5,g,0,g,6,g,14,g
992,z pizza,turkey sandwich,37,g,90,mg,2280,g,99,g,40,g,12,g,0,g,4,g,17,g
993,z pizza,tuscan large slice,10,g,15,mg,450,g,27,g,12,g,3.5,g,0,g,2,g,2,g
994,z pizza,tuscan small slice,7,g,10,mg,300,g,18,g,8,g,2.5,g,0,g,1,g,2,g
995,z pizza,tuscan xl slice,14,g,20,mg,690,g,44,g,18,g,5,g,0,g,2,g,4,g
996,z pizza,veggie calzone,22,g,20,mg,1390,g,86,g,20,g,7,g,0,g,6,g,13,g
997,z pizza,yuppie veggie sandwich,37,g,30,mg,1740,g,85,g,23,g,10,g,0,g,5,g,8,g
998,z pizza,zbq large slice,6,g,20,mg,550,g,28,g,14,g,2.5,g,0,g,2,g,5,g
999,z pizza,zbq small slice,4,g,15,mg,390,g,19,g,10,g,2,g,0,g,1,g,3,g
