,Restaurant Name,Food Name,Total Fat Amount,Total Fat Unit,Cholesterol Amount,Cholesterol Unit,Sodium Amount,Sodium Unit,Total Carbohydrate Amount,Total Carbohydrate Unit,Protein Amount,Protein Unit,Saturated Fat Amount,Saturated Fat Unit,Trans Fat Amount,Trans Fat Unit,Dietary Fiber Amount,Dietary Fiber Unit,Sugars Amount,Sugars Unit
0,z pizza,zbq xl slice,9,g,25,mg,860,g,46,g,20,g,3.5,g,0,g,3,g,8,g
1,z pizza,zbq salad large,22,g,70,mg,1340,g,38,g,32,g,2.5,g,0,g,7,g,16,g
2,z pizza,zbq salad small,11,g,35,mg,670,g,19,g,16,g,1,g,0,g,3,g,8,g
3,zaxbys,fried white cheddar bites with marinara sauce,50,g,80,mg,1840,g,55,g,28,g,22,g,1,g,3,g,7,g
4,zaxbys,spicy fried mushrooms with ranch,41,g,10,mg,1050,g,31,g,7,g,6,g,0,g,3,g,3,g
5,zaxbys,tater chips with ranch sauce,114762,g,18510,mg,4497930,g,122166,g,24063,g,16659,g,0,g,12957,g,3702,g
6,zaxbys,sweetened tea,0,g,0,mg,0,g,36.5,g,0,g,0,g,0,g,0,g,36.5,g
7,zaxbys,low fat chocolate milk,2.5,g,10,mg,220,g,27,g,8,g,1.5,g,0,g,0,g,25,g
8,zaxbys,low fat milk,2.5,g,10,mg,125,g,13,g,8,g,1.5,g,0,g,0,g,12,g
9,zaxbys,apple juice,0,g,0,mg,15,g,21,g,0,g,0,g,0,g,0,g,19,g
10,zaxbys,chicken fingers without sauce,4.4,g,30,mg,410,g,4.4,g,9.9,g,0.6,g,0,g,0.2,g,0.1,g
11,zaxbys,boneless wings without sauce,3.2,g,10,mg,139,g,4.4,g,4.6,g,0.5,g,0,g,0.2,g,0.1,g
12,zaxbys,chocolate chip cookie,8,g,10,mg,125,g,24,g,2,g,4,g,0,g,1,g,15,g
13,zaxbys,brownie,19,g,25,mg,210,g,50,g,4,g,10,g,0,g,8,g,25,g
14,zaxbys,oatmeal raisin cookie,7,g,10,mg,135,g,23,g,2,g,4,g,0,g,1,g,13,g
15,zaxbys,white chocolate macadamia nut cookie,9,g,15,mg,130,g,22,g,2,g,4,g,0,g,0,g,14,g
16,zaxbys,crinkle fries basket,46,g,15,mg,1770,g,99,g,10,g,7,g,0,g,10,g,5,g
17,zaxbys,kiddie finger meal without drink,39,g,75,mg,1890,g,61,g,24,g,6,g,0,g,5,g,11,g
18,zaxbys,kiddie nibbler meal without drink,29,g,35,mg,1360,g,76,g,17,g,5,g,0,g,6,g,13,g
19,zaxbys,kiddie cheese meal without drink,44,g,45,mg,1820,g,87,g,18,g,13,g,0,g,5,g,12,g
20,zaxbys,celery sticks without sauce,0,g,0,mg,47,g,0.7,g,0,g,0,g,0,g,0,g,0.7,g
21,zaxbys,chicken finger 5 fingers plate without drink,71,g,170,mg,3750,g,105,g,59,g,11,g,0,g,8,g,16,g
22,zaxbys,buffalo traditional wings and things without drink,98,g,285,mg,4130,g,88,g,78,g,17,g,0,g,7,g,5,g
23,zaxbys,chicken finger 4 fingers plate without drink,66,g,140,mg,3340,g,101,g,49,g,10,g,0,g,8,g,16,g
24,zaxbys,big zax snak meal without drink,52,g,105,mg,2760,g,84,g,38,g,8,g,0,g,7,g,6,g
25,zaxbys,boneless wings and things without drink,88,g,165,mg,3850,g,109,g,62,g,13,g,0,g,8,g,8,g
26,zaxbys,nibblerz meal without drink,63,g,105,mg,3300,g,132,g,45,g,10,g,1,g,10,g,17,g
27,zaxbys,buffalo boneless wings 5 wings meal without drink,57,g,85,mg,2590,g,93,g,32,g,9,g,0,g,8,g,5,g
28,zaxbys,buffalo boneless wings and things without drink,90,g,160,mg,4200,g,107,g,63,g,14,g,0,g,9,g,6,g
29,zaxbys,buffalo chicken finger 4 fingers plate without drink,68,g,135,mg,3840,g,100,g,49,g,10,g,0,g,9,g,14,g
30,zaxbys,traditional wings 10 with wimpy sauce,49,g,350,mg,2320,g,16,g,77,g,12,g,0,g,1,g,7,g
31,zaxbys,traditional wings 10 with sweet and spicy sauce,50,g,350,mg,1780,g,34,g,77,g,12,g,0,g,0,g,25,g
32,zaxbys,traditional wings 10 without sauce,48,g,345,mg,1230,g,6,g,76,g,12,g,0,g,0,g,0,g
33,zaxbys,traditional wings meal 5 wings without drink,65,g,185,mg,1920,g,71,g,47,g,12,g,0,g,6,g,3,g
34,zaxbys,buffalo big zax snak without drink,54,g,100,mg,3080,g,83,g,39,g,8,g,0,g,7,g,4,g
35,zaxbys,traditional wings 10 with nuclear sauce,49,g,350,mg,2590,g,11,g,77,g,12,g,0,g,1,g,2,g
36,zaxbys,chicken finger 6 fingers plate without drink,93,g,215,mg,4770,g,115,g,69,g,14,g,0,g,9,g,20,g
37,zaxbys,boneless wings 10 with wimpy sauce,33,g,100,mg,2390,g,53,g,47,g,4.5,g,0,g,3,g,7,g
38,zaxbys,traditional wings 10 with teriyaki sauce,49,g,650,mg,2050,g,30,g,78,g,12,g,0,g,0,g,20,g
39,zaxbys,boneless wings 10 with teriyaki sauce,33,g,100,mg,2050,g,63,g,48,g,5,g,0,g,3,g,17,g
40,zaxbys,traditional wings 10 with insane sauce,49,g,350,mg,2760,g,13,g,78,g,12,g,0,g,2,g,4,g
41,zaxbys,traditional wings 10 with bbq sauce,48,g,345,mg,2130,g,35,g,77,g,12,g,0,g,1,g,22,g
42,zaxbys,traditional wings and things without drink,96,g,290,mg,3770,g,90,g,77,g,17,g,0,g,7,g,7,g
43,zaxbys,traditional wings 10 with tongue torch sauce,49,g,350,mg,2430,g,11,g,77,g,12,g,0,g,1,g,2,g
44,zaxbys,traditional wings 10 with original sauce,54,g,350,mg,2220,g,7,g,77,g,13,g,0,g,1,g,0,g
45,zaxbys,boneless wings 10 with bbq sauce,32,g,100,mg,2290,g,73,g,47,g,4.5,g,0,g,3,g,23,g
46,zaxbys,boneless wings 10 with sweet and spicy sauce,34,g,100,mg,1920,g,71,g,47,g,5,g,0,g,3,g,25,g
47,zaxbys,chicken fingers 10 with tongue torch sauce,45,g,295,mg,5960,g,51,g,100,g,6,g,0,g,3,g,4,g
48,zaxbys,chicken fingers 10 with sweet and spicy sauce,46,g,295,mg,4940,g,86,g,100,g,7,g,0,g,2,g,39,g
49,zaxbys,boneless wings 10 with tongue torch sauce,33,g,100,mg,2570,g,49,g,47,g,4.5,g,0,g,3,g,3,g
50,zaxbys,boneless wings 10 with insane sauce,33,g,100,mg,2530,g,49,g,47,g,5,g,0,g,4,g,4,g
51,zaxbys,chicken fingers 10 with original sauce,53,g,295,mg,5500,g,45,g,99,g,8,g,0,g,3,g,2,g
52,zaxbys,boneless wings 10 with nuclear sauce,33,g,100,mg,2420,g,48,g,47,g,5,g,0,g,3,g,3,g
53,zaxbys,chicken fingers 10 with nuclear sauce,45,g,295,mg,5460,g,49,g,100,g,7,g,0,g,3,g,3,g
54,zaxbys,chicken fingers 10 with bbq sauce,44,g,295,mg,5620,g,92,g,100,g,6,g,0,g,4,g,37,g
55,zaxbys,chicken fingers 10 with hhm sauce,71,g,320,mg,5270,g,57,g,100,g,11,g,0,g,3,g,12,g
56,zaxbys,boneless wings 10 with hhm sauce,49,g,115,mg,2130,g,53,g,47,g,7,g,0,g,3,g,8,g
57,zaxbys,buffalo chicken finger 6 fingers plate without drink,97,g,205,mg,5410,g,112,g,70,g,15,g,0,g,10,g,16,g
58,zaxbys,buffalo traditional wings meal 5 wings without drink,65,g,185,mg,2520,g,74,g,47,g,12,g,0,g,7,g,4,g
59,zaxbys,boneless wings 10 with original sauce,37,g,100,mg,2230,g,45,g,47,g,6,g,0,g,3,g,2,g
60,zaxbys,traditional wings 10 with hhm sauce,66,g,365,mg,2000,g,15,g,77,g,15,g,0,g,1,g,7,g
61,zaxbys,chicken fingers 10 with wimpy sauce,45,g,295,mg,5610,g,57,g,100,g,6,g,0,g,3,g,10,g
62,zaxbys,buffalo chicken finger 5 fingers plate without drink,73,g,165,mg,4440,g,106,g,59,g,11,g,0,g,9,g,15,g
63,zaxbys,chicken fingers 10 with insane sauce,46,g,295,mg,6100,g,52,g,100,g,7,g,0,g,5,g,6,g
64,zaxbys,chicken fingers 10 with teriyaki sauce,45,g,295,mg,5420,g,82,g,102,g,7,g,0,g,2,g,33,g
65,zaxbys,ranch dressing,16,g,10,mg,320,g,1,g,1,g,2.5,g,0,g,0,g,1,g
66,zaxbys,honey mustard dressing,14,g,10,mg,260,g,6,g,1,g,2,g,0,g,1,g,5,g
67,zaxbys,lite ranch dressing,8,g,10,mg,430,g,2,g,1,g,1.5,g,0,g,1,g,1,g
68,zaxbys,lite vinaigrette,0.5,g,0,mg,320,g,7,g,0,g,0,g,0,g,1,g,6,g
69,zaxbys,mediterranean dressing,13,g,0,mg,620,g,4,g,0,g,2,g,0,g,1,g,3,g
70,zaxbys,caesar dressing,8,g,5,mg,460,g,2,g,2,g,2,g,0,g,1,g,0,g
71,zaxbys,blue cheese dressing,19,g,10,mg,380,g,2,g,1,g,3.5,g,0,g,0,g,1,g
72,zaxbys,thousand island dressing,23,g,15,mg,240,g,3,g,1,g,3.5,g,0,g,0,g,2,g
73,zaxbys,house zalad with grilled chicken fillet without dressing,27,g,140,mg,1720,g,35,g,52,g,12,g,0,g,6,g,6,g
74,zaxbys,cobb zalad with grilled chicken breast fillet without dressing,36,g,370,mg,1910,g,35,g,61,g,14,g,0,g,6,g,7,g
75,zaxbys,caesar zalad with grilled chicken breast fillet without dressing,23,g,140,mg,2110,g,31,g,54,g,8,g,0,g,4,g,4,g
76,zaxbys,blackened blue zalad with blackened grilled chicken breast fillet,24,g,130,mg,2000,g,34,g,47,g,10,g,0,g,6,g,7,g
77,zaxbys,house zalad with fried chicken fingers without dressing,38,g,125,mg,1920,g,46,g,46,g,13,g,0,g,6,g,6,g
78,zaxbys,cobb zalad with fried chicken fingers without dressing,47,g,345,mg,2100,g,47,g,56,g,16,g,0,g,6,g,7,g
79,zaxbys,buffalo blue zalad with buffalo fingers without dressing,35,g,110,mg,2710,g,48,g,41,g,11,g,0,g,6,g,7,g
80,zaxbys,garden house zalad without chicken or dressing,25,g,30,mg,690,g,33,g,17,g,11,g,0,g,5,g,6,g
81,zaxbys,garden cobb zalad without chicken or dressing,34,g,260,mg,870,g,34,g,26,g,14,g,0,g,5,g,7,g
82,zaxbys,caesar zalad with fried chicken fingerz without dressing,34,g,120,mg,2300,g,42,g,48,g,10,g,0,g,4,g,4,g
83,zaxbys,garden blue zalad without chicken or dressing,22,g,20,mg,850,g,32,g,11,g,9,g,0,g,5,g,6,g
84,zaxbys,side salad without dressing,0,g,0,mg,15,g,5,g,1,g,0,g,0,g,2,g,3,g
85,zaxbys,garden caesar zalad without chicken or dressing,21,g,35,mg,1070,g,29,g,18,g,8,g,0,g,4,g,4,g
86,zaxbys,grilled chicken sandwich without fries or drink,26,g,115,mg,1500,g,35,g,43,g,4.5,g,0,g,3,g,7,g
87,zaxbys,kickin chicken sandwich and crinkle fries meal without drink,55,g,95,mg,3370,g,102,g,41,g,8,g,0,g,8,g,6,g
88,zaxbys,kickin chicken sandwich without fries or drink,41,g,95,mg,2790,g,55,g,37,g,6,g,0,g,3,g,5,g
89,zaxbys,cajun club sandwich without fries or drink,31,g,150,mg,2170,g,35,g,46,g,9,g,0,g,3,g,8,g
90,zaxbys,signature sandwich meal with spicy zax sauce and crinkle fries without drink,56,g,95,mg,3180,g,100,g,49,g,9,g,1,g,8,g,8,g
91,zaxbys,grilled chicken sandwich and crinkle fries meal without drink,40,g,115,mg,2070,g,82,g,47,g,7,g,0,g,8,g,8,g
92,zaxbys,club sandwich without fries or drink,48,g,125,mg,2400,g,54,g,43,g,11,g,0,g,3,g,6,g
93,zaxbys,club sandwich and crinkle fries meal without drink,62,g,125,mg,29820,g,101,g,47,g,13,g,0,g,8,g,6,g
94,zaxbys,chicken finger sandwich without fries or drink,36,g,100,mg,2000,g,50,g,37,g,6,g,0,g,3,g,10,g
95,zaxbys,signature sandwich with spicy zax sauce without crinkle fries or drink,42,g,95,mg,2610,g,53,g,45,g,7,g,0.5,g,4,g,8,g
96,zaxbys,cajun club sandwich and crinkle fries meal without drink,45,g,155,mg,2750,g,82,g,51,g,11,g,0,g,7,g,9,g
97,zaxbys,signature sandwich meal with zax sauce and crinkle fries without drink,57,g,100,mg,3110,g,100,g,49,g,9,g,1,g,8,g,8,g
98,zaxbys,signature sandwich with zax sauce without crinkle fries or drink,43,g,95,mg,2540,g,53,g,45,g,7,g,1,g,4,g,8,g
99,zaxbys,chicken finger sandwich and crinkle fries meal without drink,50,g,100,mg,2580,g,97,g,41,g,8,g,0,g,8,g,11,g
100,zaxbys,spicy zax sauce,16,g,10,mg,720,g,5,g,1,g,2.5,g,0,g,0,g,4,g
101,zaxbys,ranch sauce,20,g,15,mg,340,g,2,g,1,g,3,g,0,g,0,g,1,g
102,zaxbys,zax sauce,18,g,15,mg,610,g,5,g,1,g,3,g,0,g,0,g,4,g
103,zaxbys,nuclear sauce,1,g,0,mg,1180,g,4,g,1,g,0,g,0,g,1,g,2,g
104,zaxbys,teriyaki sauce,0.5,g,0,mg,810,g,23,g,2,g,0,g,0,g,0,g,20,g
105,zaxbys,wimpy sauce,0,g,0,mg,1080,g,9,g,1,g,0,g,0,g,1,g,6,g
106,zaxbys,hot honey mustard sauce,16,g,15,mg,720,g,8,g,1,g,2.5,g,0,g,1,g,7,g
107,zaxbys,honey mustard sauce,16,g,15,mg,10,g,8,g,1,g,2.5,g,0,g,1,g,6,g
108,zaxbys,original sauce,6,g,0,mg,970,g,1,g,0,g,1,g,0,g,1,g,0,g
109,zaxbys,insane sauce,1,g,0,mg,1290,g,5,g,1,g,0,g,0,g,2,g,3,g
110,zaxbys,bbq sauce,0,g,0,mg,480,g,15,g,0,g,0,g,0,g,1,g,11,g
111,zaxbys,marinara sauce,4.5,g,0,mg,290,g,10,g,1,g,1,g,0,g,1,g,5,g
112,zaxbys,tongue sauce,0,g,0,mg,950,g,4,g,0,g,0,g,0,g,1,g,2,g
113,zaxbys,sweet and sour sauce,1.5,g,0,mg,630,g,32,g,1,g,0,g,0,g,0,g,269,g
114,zaxbys,texas toast slice,7,g,0,mg,340,g,19,g,3,g,1,g,0,g,1,g,2,g
115,zaxbys,cole slaw,10,g,5,mg,170,g,13,g,1,g,1.5,g,0,g,2,g,11,g
116,zaxbys,tater chips side,22,g,0,mg,1060,g,33,g,6,g,3,g,0,g,3,g,0,g
117,zaxbys,crinkle fries regular,14,g,0,mg,580,g,47,g,5,g,2,g,0,g,5,g,0,g
118,zaxbys,nibblerz without fries or drink,49,g,100,mg,2720,g,86,g,40,g,8,g,1,g,5,g,17,g
119,zaxbys,celery sticks side,0,g,0,mg,60,g,2,g,0,g,0,g,0,g,2,g,2,g
120,zaxbys,texas toast basket,21,g,0,mg,1020,g,57,g,9,g,3.5,g,0,g,3,g,5,g
121,zaxbys,celery and ranch dressing side,20,g,10,mg,410,g,3,g,1,g,3,g,0,g,1,g,1,g
122,zaxbys,celery and ranch basket,40,g,20,mg,820,g,6,g,2,g,6,g,0,g,2,g,3,g
123,zaxbys,1 chicken finger no sauce,5,g,30,mg,340,g,3,g,11,g,0,g,0,g,1,g,0,g
124,zaxbys,1 chicken finger bbq,5,g,30,mg,510,g,9,g,11,g,0,g,0,g,1,g,4,g
125,zaxbys,1 chicken finger hhm,7,g,35,mg,490,g,6,g,11,g,0,g,0,g,2,g,2,g
126,zaxbys,1 chicken finger insane,5,g,30,mg,550,g,4,g,11,g,0,g,0,g,2,g,0,g
127,zaxbys,1 chicken finger nuclear,5,g,30,mg,530,g,4,g,11,g,0,g,0,g,2,g,0,g
128,zaxbys,1 chicken finger original,6,g,30,mg,490,g,5,g,11,g,0,g,0,g,1,g,0,g
129,zaxbys,1 chicken finger sweet and spicy,5,g,30,mg,420,g,8,g,11,g,0,g,0,g,1,g,4,g
130,zaxbys,1 chicken finger teriyaki,5,g,30,mg,580,g,8,g,11,g,0,g,0,g,1,g,5,g
131,zaxbys,1 chicken finger tongue torch,5,g,30,mg,500,g,4,g,11,g,0,g,0,g,1,g,1,g
132,zaxbys,1 chicken finger wimpy,5,g,30,mg,530,g,5,g,11,g,0,g,0,g,1,g,1,g
133,zaxbys,10 boneless wings no sauce,36,g,100,mg,2000,g,53,g,47,g,5,g,0,g,3,g,2,g
134,zaxbys,10 boneless wings bbq,36,g,100,mg,2580,g,73,g,48,g,5,g,0,g,5,g,17,g
135,zaxbys,10 boneless wings hhm,44,g,120,mg,2660,g,66,g,48,g,6,g,0,g,6,g,10,g
136,zaxbys,10 boneless wings insane,37,g,100,mg,2970,g,58,g,48,g,5,g,0,g,7,g,3,g
137,zaxbys,10 boneless wings nuclear,37,g,100,mg,2850,g,57,g,48,g,5,g,0,g,6,g,3,g
138,zaxbys,10 boneless wings original,40,g,100,mg,2670,g,62,g,47,g,6,g,0,g,4,g,2,g
139,zaxbys,10 boneless wings teriyaki,36,g,100,mg,2860,g,77,g,48,g,5,g,0,g,0,g,17,g
140,zaxbys,10 boneless wings tongue torch,36,g,100,mg,2880,g,57,g,47,g,3,g,0,g,4,g,5,g
141,zaxbys,10 boneless wings wimpy,37,g,100,mg,2840,g,63,g,48,g,5,g,0,g,4,g,8,g
142,zaxbys,10 boneless wings sweet and spicy,37,g,100,mg,2370,g,73,g,47,g,5,g,0,g,3,g,19,g
143,zaxbys,10 chicken fingers no sauce,47,g,315,mg,3410,g,35,g,112,g,6,g,0,g,6,g,0,g
144,zaxbys,10 chicken fingers bbq,47,g,315,mg,5110,g,95,g,112,g,6,g,0,g,6,g,40,g
145,zaxbys,10 chicken fingers hhm,67,g,375,mg,4910,g,65,g,112,g,6,g,0,g,16,g,20,g
146,zaxbys,10 chicken fingers insane,47,g,315,mg,5510,g,45,g,112,g,6,g,0,g,16,g,0,g
147,zaxbys,10 chicken fingers nuclear,47,g,315,mg,5310,g,45,g,112,g,6,g,0,g,16,g,0,g
148,zaxbys,10 chicken fingers original,57,g,315,mg,4910,g,45,g,112,g,6,g,0,g,6,g,0,g
149,zaxbys,10 chicken fingers sweet and spicy,47,g,315,mg,4210,g,85,g,112,g,6,g,0,g,6,g,40,g
150,zaxbys,10 chicken fingers teriyaki,47,g,315,mg,5810,g,85,g,112,g,6,g,0,g,6,g,50,g
151,zaxbys,10 chicken fingers tongue torch,47,g,315,mg,5010,g,45,g,112,g,6,g,0,g,6,g,10,g
152,zaxbys,10 chicken fingers wimpy,47,g,315,mg,5310,g,55,g,112,g,6,g,0,g,6,g,10,g
153,zaxbys,10 traditional wings no sauce,38,g,260,mg,680,g,0,g,60,g,10,g,0,g,0,g,0,g
154,zaxbys,10 traditional wings bbq,39,g,260,mg,1030,g,12,g,60,g,10,g,0,g,1,g,9,g
155,zaxbys,10 traditional wings hhm,42,g,260,mg,1010,g,8,g,60,g,10,g,0,g,2,g,4,g
156,zaxbys,10 traditional wings insane,39,g,260,mg,1830,g,6,g,60,g,10,g,0,g,5,g,2,g
157,zaxbys,10 traditional wings nuclear,38,g,260,mg,1380,g,6,g,60,g,10,g,0,g,5,g,2,g
158,zaxbys,10 traditional wings original,41,g,260,mg,1090,g,5,g,60,g,10,g,0,g,0,g,0,g
159,zaxbys,10 traditional wings sweet and spicy,39,g,260,mg,1010,g,20,g,60,g,10,g,0,g,0,g,18,g
160,zaxbys,10 traditional wings teriyaki,38,g,260,mg,1310,g,13,g,60,g,10,g,0,g,0,g,12,g
161,zaxbys,10 traditional wings tongue torch,38,g,260,mg,1430,g,4,g,60,g,10,g,0,g,1,g,3,g
162,zaxbys,10 traditional wings wimpy,39,g,260,mg,1340,g,6,g,60,g,10,g,0,g,0,g,5,g
163,zaxbys,1000 island dressing,24,g,25,mg,180,g,3,g,0,g,4,g,0,g,0,g,3,g
164,zaxbys,20 boneless wings no sauce,72,g,200,mg,3990,g,107,g,93,g,10,g,0,g,6,g,3,g
165,zaxbys,20 boneless wings bbq,72,g,200,mg,5140,g,147,g,94,g,10,g,0,g,9,g,33,g
166,zaxbys,20 boneless wings hhm,88,g,235,mg,5310,g,137,g,95,g,13,g,0,g,13,g,18,g
167,zaxbys,20 boneless wings insane,74,g,200,mg,5930,g,118,g,95,g,10,g,0,g,14,g,6,g
168,zaxbys,20 boneless wings nuclear,74,g,200,mg,5930,g,114,g,94,g,10,g,0,g,11,g,5,g
169,zaxbys,20 boneless wings original,82,g,200,mg,5410,g,125,g,94,g,12,g,0,g,7,g,4,g
170,zaxbys,20 boneless wings teriyaki,72,g,200,mg,5750,g,135,g,95,g,10,g,0,g,6,g,38,g
171,zaxbys,20 boneless wings tongue torch,75,g,200,mg,5530,g,116,g,94,g,10,g,0,g,7,g,8,g
172,zaxbys,20 boneless wings wimpy,74,g,200,mg,5680,g,120,g,94,g,10,g,0,g,7,g,15,g
173,zaxbys,20 boneless wings sweet and spicy,74,g,200,mg,4620,g,146,g,94,g,10,g,0,g,6,g,35,g
174,zaxbys,20 chicken fingers no sauce,93,g,630,mg,6820,g,69,g,225,g,11,g,0,g,13,g,0,g
175,zaxbys,20 chicken fingers bbq,93,g,630,mg,10220,g,190,g,225,g,11,g,0,g,13,g,80,g
176,zaxbys,20 chicken fingers hhm,133,g,730,mg,9820,g,130,g,225,g,11,g,0,g,33,g,40,g
177,zaxbys,20 chicken fingers insane,93,g,630,mg,11020,g,90,g,225,g,11,g,0,g,33,g,0,g
178,zaxbys,20 chicken fingers nuclear,93,g,630,mg,10620,g,90,g,225,g,11,g,0,g,33,g,0,g
179,zaxbys,20 chicken fingers original,113,g,630,mg,9820,g,109,g,225,g,11,g,0,g,13,g,0,g
180,zaxbys,20 chicken fingers sweet and spicy,93,g,630,mg,8420,g,180,g,225,g,11,g,0,g,13,g,80,g
181,zaxbys,20 chicken fingers teriyaki,93,g,630,mg,11620,g,180,g,225,g,11,g,0,g,13,g,100,g
182,zaxbys,20 chicken fingers tongue torch,93,g,630,mg,10020,g,89,g,225,g,11,g,0,g,13,g,20,g
183,zaxbys,20 chicken fingers wimpy,93,g,630,mg,10620,g,69,g,225,g,11,g,0,g,13,g,0,g
184,zaxbys,20 traditional wings bbq,76,g,525,mg,2050,g,24,g,121,g,19,g,0,g,2,g,18,g
185,zaxbys,20 traditional wings hhm,84,g,525,mg,2030,g,15,g,121,g,21,g,0,g,3,g,8,g
186,zaxbys,20 traditional wings insane,79,g,525,mg,3650,g,13,g,121,g,19,g,0,g,10,g,3,g
187,zaxbys,20 traditional wings nuclear,77,g,525,mg,2770,g,5,g,121,g,19,g,0,g,4,g,1,g
188,zaxbys,20 traditional wings original,82,g,525,mg,2170,g,10,g,122,g,20,g,0,g,1,g,0,g
189,zaxbys,20 traditional wings sweet and spicy,78,g,525,mg,2010,g,40,g,122,g,19,g,0,g,0,g,35,g
190,zaxbys,20 traditional wings teriyaki,76,g,525,mg,2620,g,27,g,122,g,19,g,0,g,0,g,25,g
191,zaxbys,20 traditional wings tongue torch,77,g,525,mg,2860,g,9,g,122,g,19,g,0,g,1,g,5,g
192,zaxbys,20 traditional wings wimpy,77,g,525,mg,2680,g,13,g,121,g,19,g,0,g,1,g,9,g
193,zaxbys,20 traditional wings no sauce,76,g,525,mg,1360,g,0,g,120,g,19,g,0,g,0,g,0,g
194,zaxbys,5 boneless wings no sauce,18,g,50,mg,1000,g,27,g,23,g,3,g,0,g,2,g,1,g
195,zaxbys,5 boneless wings bbq,18,g,50,mg,1290,g,37,g,23,g,3,g,0,g,3,g,9,g
196,zaxbys,5 boneless wings hhm,22,g,60,mg,1330,g,35,g,23,g,3,g,0,g,4,g,5,g
197,zaxbys,5 boneless wings insane,19,g,50,mg,1490,g,30,g,23,g,3,g,0,g,4,g,2,g
198,zaxbys,5 boneless wings nuclear,18,g,50,mg,1440,g,29,g,23,g,3,g,0,g,3,g,1,g
199,zaxbys,5 boneless wings original,21,g,50,mg,1360,g,31,g,23,g,3,g,0,g,2,g,1,g
200,zaxbys,5 boneless wings teriyaki,18,g,50,mg,1390,g,36,g,24,g,3,g,0,g,2,g,10,g
201,zaxbys,5 boneless wings tongue torch,18,g,50,mg,1390,g,29,g,23,g,3,g,0,g,2,g,5,g
202,zaxbys,5 boneless wings wimpy,18,g,50,mg,1420,g,31,g,23,g,3,g,0,g,2,g,4,g
203,zaxbys,5 boneless wings sweet and spicy,19,g,50,mg,1160,g,37,g,23,g,3,g,0,g,2,g,10,g
204,zaxbys,5 chicken fingers bbq,23,g,155,mg,2550,g,47,g,56,g,3,g,0,g,3,g,20,g
205,zaxbys,5 chicken fingers hhm,33,g,180,mg,2450,g,32,g,56,g,3,g,0,g,8,g,10,g
206,zaxbys,5 chicken fingers insane,23,g,155,mg,2750,g,22,g,56,g,3,g,0,g,8,g,0,g
207,zaxbys,5 chicken fingers no sauce,23,g,155,mg,1700,g,17,g,56,g,3,g,0,g,3,g,0,g
208,zaxbys,5 chicken fingers nuclear,23,g,155,mg,2650,g,22,g,56,g,3,g,0,g,8,g,0,g
209,zaxbys,5 chicken fingers original,28,g,155,mg,2450,g,27,g,56,g,3,g,0,g,3,g,0,g
210,zaxbys,5 chicken fingers sweet and spicy,23,g,155,mg,2100,g,42,g,56,g,3,g,0,g,3,g,20,g
211,zaxbys,5 chicken fingers teriyaki,23,g,155,mg,2900,g,42,g,56,g,3,g,0,g,3,g,0,g
212,zaxbys,5 chicken fingers tongue torch,23,g,155,mg,2500,g,22,g,56,g,3,g,0,g,3,g,0,g
213,zaxbys,5 chicken fingers wimpy,23,g,155,mg,2650,g,27,g,56,g,3,g,0,g,3,g,0,g
214,zaxbys,5 traditional wings no sauce,19,g,130,mg,340,g,0,g,30,g,5,g,0,g,0,g,0,g
215,zaxbys,5 traditional wings bbq,19,g,130,mg,510,g,6,g,30,g,5,g,0,g,1,g,5,g
216,zaxbys,5 traditional wings hhm,21,g,135,mg,510,g,4,g,30,g,5,g,0,g,1,g,2,g
217,zaxbys,5 traditional wings insane,20,g,130,mg,730,g,3,g,31,g,5,g,0,g,2,g,1,g
218,zaxbys,5 traditional wings nuclear,19,g,130,mg,690,g,1,g,30,g,5,g,0,g,1,g,0,g
219,zaxbys,5 traditional wings original,21,g,130,mg,540,g,3,g,30,g,5,g,0,g,0,g,0,g
220,zaxbys,5 traditional wings sweet and spicy,20,g,130,mg,500,g,10,g,30,g,5,g,0,g,0,g,9,g
221,zaxbys,5 traditional wings teriyaki,19,g,130,mg,650,g,7,g,30,g,5,g,0,g,0,g,6,g
222,zaxbys,5 traditional wings tongue torch,19,g,130,mg,710,g,2,g,30,g,5,g,0,g,0,g,1,g
223,zaxbys,5 traditional wings wimpy,19,g,130,mg,670,g,3,g,30,g,5,g,0,g,0,g,2,g
224,zaxbys,apple juice 8 oz,0,g,0,mg,15,g,21,g,0,g,0,g,0,g,0,g,21,g
225,zaxbys,barqs root beer vanilla 12 oz kiddie,0,g,0,mg,40,g,45,g,0,g,0,g,0,g,0,g,45,g
226,zaxbys,barqs root beer vanilla 22 oz,0,g,0,mg,70,g,83,g,0,g,0,g,0,g,0,g,82,g
227,zaxbys,barqs root beer vanilla 32 oz,0,g,0,mg,100,g,120,g,0,g,0,g,0,g,0,g,120,g
228,zaxbys,barqs root beer vanilla 42 oz,0,g,0,mg,130,g,158,g,0,g,0,g,0,g,0,g,157,g
229,zaxbys,barqs root beer 12 oz kiddie,0,g,0,mg,40,g,45,g,0,g,0,g,0,g,0,g,45,g
230,zaxbys,barqs root beer 22 oz,0,g,0,mg,70,g,83,g,0,g,0,g,0,g,0,g,82,g
231,zaxbys,barqs root beer 32 oz,0,g,0,mg,100,g,120,g,0,g,0,g,0,g,0,g,120,g
232,zaxbys,barqs root beer 42 oz,0,g,0,mg,130,g,158,g,0,g,0,g,0,g,0,g,157,g
233,zaxbys,basket of celery,40,g,30,mg,920,g,8,g,3,g,6,g,0,g,2,g,3,g
234,zaxbys,basket of crinkle fries,51,g,15,mg,1140,g,106,g,10,g,7,g,0,g,9,g,3,g
235,zaxbys,bbq sauce,0,g,0,mg,680,g,24,g,1,g,0,g,0,g,2,g,18,g
236,zaxbys,big zax snak meal,55,g,110,mg,2260,g,84,g,43,g,8,g,0,g,8,g,3,g
237,zaxbys,blt sandwich,49,g,70,mg,1800,g,41,g,30,g,11,g,0,g,2,g,6,g
238,zaxbys,blt sandwich meal,65,g,70,mg,2070,g,91,g,34,g,13,g,0,g,7,g,6,g
239,zaxbys,blue cheese dressing,19,g,20,mg,350,g,2,g,1,g,4,g,0,g,0,g,2,g
240,zaxbys,boneless wings and things,93,g,175,mg,3650,g,114,g,67,g,14,g,0,g,10,g,5,g
241,zaxbys,brownie,18,g,20,mg,190,g,52,g,3,g,10,g,0,g,2,g,25,g
242,zaxbys,buffalo big zax snak,57,g,110,mg,2450,g,84,g,43,g,8,g,0,g,8,g,4,g
243,zaxbys,buffalo boneless wings and things,95,g,175,mg,3840,g,114,g,67,g,16,g,0,g,11,g,5,g
244,zaxbys,buffalo boneless wings meal,61,g,65,mg,2010,g,99,g,32,g,9,g,0,g,8,g,3,g
245,zaxbys,buffalo chicken dip,26,g,50,mg,1110,g,9,g,14,g,4,g,0,g,2,g,2,g
246,zaxbys,buffalo chicken finger plate 4 fingers,72,g,160,mg,3450,g,104,g,56,g,24,g,0,g,13,g,22,g
247,zaxbys,buffalo chicken finger plate 5 fingers,96,g,190,mg,3950,g,108,g,67,g,14,g,0,g,12,g,17,g
248,zaxbys,buffalo chicken finger plate 6 fingers,107,g,255,mg,4800,g,116,g,91,g,20,g,0,g,18,g,16,g
249,zaxbys,buffalo dip and tater chips,70,g,50,mg,2800,g,77,g,20,g,10,g,0,g,6,g,2,g
250,zaxbys,buffalo traditional wings and things,96,g,255,mg,3180,g,87,g,74,g,16,g,0,g,8,g,4,g
251,zaxbys,buffalo traditional wings meal,62,g,145,mg,1350,g,72,g,39,g,12,g,0,g,6,g,2,g
252,zaxbys,caesar dressing,8,g,10,mg,440,g,2,g,2,g,2,g,0,g,0,g,1,g
253,zaxbys,cajun club sandwich,33,g,125,mg,2120,g,42,g,49,g,9,g,0,g,1,g,10,g
254,zaxbys,cajun club sandwich meal,49,g,125,mg,2390,g,92,g,53,g,11,g,0,g,6,g,10,g
255,zaxbys,celery and ranch for 10 buffalo fingers,40,g,30,mg,750,g,5,g,0,g,6,g,0,g,0,g,2,g
256,zaxbys,celery and ranch for 10 wings boneless or traditional,20,g,15,mg,410,g,3,g,0,g,3,g,0,g,0,g,2,g
257,zaxbys,celery and ranch for 20 buffalo fingers,80,g,55,mg,1480,g,9,g,3,g,13,g,0,g,2,g,4,g
258,zaxbys,celery and ranch for 20 wings boneless or traditional,40,g,30,mg,800,g,6,g,2,g,6,g,0,g,0,g,1,g
259,zaxbys,celery and ranch for 5 buffalo fingers boneless or traditional,20,g,15,mg,390,g,3,g,1,g,3,g,0,g,0,g,1,g
260,zaxbys,celery and ranch for 5 wings boneless or traditional,20,g,15,mg,390,g,3,g,1,g,3,g,0,g,0,g,1,g
261,zaxbys,cheddar bites,42,g,65,mg,1510,g,58,g,22,g,18,g,0,g,5,g,6,g
262,zaxbys,cherry coke 12 oz kiddie,0,g,0,mg,35,g,42,g,0,g,0,g,0,g,0,g,42,g
263,zaxbys,cherry coke 22 oz,0,g,0,mg,70,g,77,g,0,g,0,g,0,g,0,g,77,g
264,zaxbys,cherry coke 32 oz,0,g,0,mg,100,g,112,g,0,g,0,g,0,g,0,g,112,g
265,zaxbys,cherry coke 42 oz,0,g,0,mg,130,g,147,g,0,g,0,g,0,g,0,g,146,g
266,zaxbys,chicken finger plate 4 fingers,70,g,145,mg,2760,g,101,g,55,g,21,g,0,g,12,g,20,g
267,zaxbys,chicken finger plate 5 fingers,74,g,175,mg,3100,g,104,g,66,g,11,g,0,g,11,g,14,g
268,zaxbys,chicken finger plate 6 fingers,101,g,255,mg,4410,g,117,g,89,g,15,g,0,g,14,g,17,g
269,zaxbys,chicken finger sandwich,48,g,115,mg,2350,g,56,g,42,g,8,g,0,g,4,g,12,g
270,zaxbys,chicken finger sandwich meal,64,g,115,mg,2620,g,106,g,46,g,10,g,0,g,9,g,12,g
271,zaxbys,chicken salad,17,g,60,mg,470,g,3,g,15,g,3,g,0,g,1,g,1,g
272,zaxbys,chicken salad sandwich,42,g,75,mg,940,g,40,g,21,g,7,g,0,g,3,g,8,g
273,zaxbys,chicken salad sandwich meal,58,g,75,mg,1210,g,90,g,25,g,9,g,0,g,8,g,8,g
274,zaxbys,chocolate chip cookie,8,g,10,mg,120,g,23,g,2,g,5,g,0,g,0,g,15,g
275,zaxbys,chocolate milk 8 oz,3,g,10,mg,210,g,25,g,8,g,2,g,0,g,0,g,25,g
276,zaxbys,coca cola cherry vanilla 12 oz kiddie,0,g,0,mg,35,g,42,g,0,g,0,g,0,g,0,g,42,g
277,zaxbys,coca cola cherry vanilla 22 oz,0,g,0,mg,65,g,77,g,0,g,0,g,0,g,0,g,77,g
278,zaxbys,coca cola cherry vanilla 32 oz,0,g,0,mg,100,g,112,g,0,g,0,g,0,g,0,g,112,g
279,zaxbys,coca cola cherry vanilla 42 oz,0,g,0,mg,130,g,147,g,0,g,0,g,0,g,0,g,146,g
280,zaxbys,coca cola zero 12 oz kiddie,0,g,0,mg,40,g,0,g,0,g,0,g,0,g,0,g,0,g
281,zaxbys,coca cola zero 22 oz,0,g,0,mg,70,g,0,g,0,g,0,g,0,g,0,g,0,g
282,zaxbys,coca cola zero 32 oz,0,g,0,mg,105,g,0,g,0,g,0,g,0,g,0,g,0,g
283,zaxbys,coca cola zero 42 oz,0,g,0,mg,135,g,0,g,0,g,0,g,0,g,0,g,0,g
284,zaxbys,coca cola 12 oz kiddie,0,g,0,mg,35,g,40,g,0,g,0,g,0,g,0,g,40,g
285,zaxbys,diet coke 12 oz kiddie,0,g,0,mg,40,g,0,g,0,g,0,g,0,g,0,g,0,g
286,zaxbys,diet dr pepper 12 oz kiddie,0,g,0,mg,40,g,0,g,0,g,0,g,0,g,0,g,0,g
287,zaxbys,diet dr pepper 22 oz,0,g,0,mg,75,g,0,g,0,g,0,g,0,g,0,g,0,g
288,zaxbys,diet dr pepper 32 oz,0,g,0,mg,110,g,1,g,0,g,0,g,0,g,0,g,0,g
289,zaxbys,diet dr pepper 42 oz,0,g,0,mg,140,g,1,g,0,g,0,g,0,g,0,g,0,g
290,zaxbys,dr pepper cherry vanilla 12 oz kiddie,0,g,0,mg,40,g,39,g,0,g,0,g,0,g,0,g,39,g
291,zaxbys,dr pepper cherry vanilla 22 oz,0,g,0,mg,70,g,71,g,0,g,0,g,0,g,0,g,71,g
292,zaxbys,dr pepper cherry vanilla 32 oz,0,g,0,mg,100,g,103,g,0,g,0,g,0,g,0,g,103,g
293,zaxbys,dr pepper cherry vanilla 42 oz,0,g,0,mg,135,g,136,g,0,g,0,g,0,g,0,g,135,g
294,zaxbys,dr pepper cherry 12 oz kiddie,0,g,0,mg,40,g,39,g,0,g,0,g,0,g,0,g,39,g
295,zaxbys,dr pepper cherry 22 oz,0,g,0,mg,70,g,71,g,0,g,0,g,0,g,0,g,70,g
296,zaxbys,dr pepper cherry 32 oz,0,g,0,mg,100,g,103,g,0,g,0,g,0,g,0,g,103,g
297,zaxbys,dr pepper cherry 42 oz,0,g,0,mg,135,g,136,g,0,g,0,g,0,g,0,g,135,g
298,zaxbys,dr pepper 12 oz kiddie,0,g,0,mg,40,g,39,g,0,g,0,g,0,g,0,g,39,g
299,zaxbys,dr pepper 22 oz,0,g,0,mg,70,g,71,g,0,g,0,g,0,g,0,g,71,g
300,zaxbys,dr pepper 32 oz,0,g,0,mg,100,g,103,g,0,g,0,g,0,g,0,g,103,g
301,zaxbys,dr pepper 42 oz,0,g,0,mg,135,g,136,g,0,g,0,g,0,g,0,g,135,g
302,zaxbys,fanta cherry 12 oz kiddie,0,g,0,mg,35,g,45,g,0,g,0,g,0,g,0,g,44,g
303,zaxbys,fanta cherry 22 oz,0,g,0,mg,65,g,82,g,0,g,0,g,0,g,0,g,82,g
304,zaxbys,fanta cherry 32 oz,0,g,0,mg,95,g,120,g,0,g,0,g,0,g,0,g,119,g
305,zaxbys,fanta cherry 42 oz,0,g,0,mg,125,g,157,g,0,g,0,g,0,g,0,g,156,g
306,zaxbys,fanta orange 12 oz kiddie,0,g,0,mg,35,g,45,g,0,g,0,g,0,g,0,g,44,g
307,zaxbys,fanta orange 22 oz,0,g,0,mg,70,g,82,g,0,g,0,g,0,g,0,g,82,g
308,zaxbys,fanta orange 32 oz,0,g,0,mg,100,g,120,g,0,g,0,g,0,g,0,g,119,g
309,zaxbys,fanta orange 42 oz,0,g,0,mg,130,g,157,g,0,g,0,g,0,g,0,g,156,g
310,zaxbys,fanta peach 12 oz kiddie,0,g,0,mg,35,g,45,g,0,g,0,g,0,g,0,g,44,g
311,zaxbys,fanta peach 22 oz,0,g,0,mg,65,g,82,g,0,g,0,g,0,g,0,g,82,g
312,zaxbys,fanta peach 32 oz,0,g,0,mg,95,g,120,g,0,g,0,g,0,g,0,g,119,g
313,zaxbys,fanta peach 42 oz,0,g,0,mg,130,g,157,g,0,g,0,g,0,g,0,g,156,g
314,zaxbys,fanta strawberry 12 oz kiddie,0,g,0,mg,35,g,45,g,0,g,0,g,0,g,0,g,44,g
315,zaxbys,fanta strawberry 22 oz,0,g,0,mg,65,g,82,g,0,g,0,g,0,g,0,g,82,g
316,zaxbys,fanta strawberry 32 oz,0,g,0,mg,95,g,120,g,0,g,0,g,0,g,0,g,119,g
317,zaxbys,fanta strawberry 42 oz,0,g,0,mg,125,g,157,g,0,g,0,g,0,g,0,g,156,g
318,zaxbys,fried mushrooms,46,g,15,mg,1290,g,39,g,5,g,7,g,0,g,5,g,4,g
319,zaxbys,grilled cheese sandwich,32,g,40,mg,1090,g,40,g,14,g,14,g,0,g,1,g,4,g
320,zaxbys,grilled cheese sandwich meal,48,g,40,mg,1360,g,90,g,18,g,16,g,0,g,6,g,4,g
321,zaxbys,grilled chicken sandwich,22,g,100,mg,1510,g,46,g,38,g,5,g,0,g,3,g,15,g
322,zaxbys,grilled chicken sandwich meal,38,g,100,mg,1780,g,97,g,42,g,7,g,0,g,8,g,15,g
323,zaxbys,hi c fruit punch 12 oz kiddie,0,g,0,mg,35,g,47,g,0,g,0,g,0,g,0,g,45,g
324,zaxbys,hi c orange 12 oz kiddie,0,g,0,mg,35,g,47,g,0,g,0,g,0,g,0,g,45,g
325,zaxbys,hi c orange 22 oz,0,g,0,mg,65,g,86,g,0,g,0,g,0,g,0,g,83,g
326,zaxbys,hi c orange 32 oz,0,g,0,mg,100,g,125,g,0,g,0,g,0,g,0,g,121,g
327,zaxbys,hi c orange 42 oz,0,g,0,mg,130,g,164,g,0,g,0,g,0,g,0,g,159,g
328,zaxbys,honey french dressing,12,g,0,mg,320,g,9,g,0,g,2,g,0,g,0,g,8,g
329,zaxbys,honey mustard dressing,13,g,20,mg,230,g,6,g,0,g,2,g,0,g,0,g,5,g
330,zaxbys,hot honey mustard sauce,9,g,20,mg,710,g,16,g,1,g,1,g,0,g,4,g,8,g
331,zaxbys,insane sauce,1,g,0,mg,1220,g,7,g,1,g,0,g,0,g,5,g,2,g
332,zaxbys,kickin chicken sandwich,41,g,105,mg,2520,g,52,g,42,g,7,g,0,g,4,g,5,g
333,zaxbys,kickin chicken sandwich meal,57,g,105,mg,2790,g,102,g,46,g,9,g,0,g,9,g,5,g
334,zaxbys,kiddie cheese,46,g,40,mg,1380,g,91,g,19,g,16,g,0,g,4,g,10,g
335,zaxbys,kiddie finger,41,g,80,mg,1590,g,63,g,28,g,6,g,0,g,4,g,8,g
336,zaxbys,kidz nibbler,31,g,35,mg,1080,g,78,g,19,g,5,g,0,g,5,g,12,g
337,zaxbys,lite ranch dressing,8,g,15,mg,390,g,3,g,1,g,2,g,0,g,0,g,1,g
338,zaxbys,lite vinaigrette dressing,0,g,0,mg,320,g,8,g,0,g,0,g,0,g,0,g,7,g
339,zaxbys,marinara sauce,5,g,0,mg,360,g,11,g,1,g,1,g,0,g,2,g,5,g
340,zaxbys,mediterranean dressing,14,g,0,mg,590,g,4,g,0,g,2,g,0,g,1,g,3,g
341,zaxbys,mello yellow 12 oz,0,g,0,mg,40,g,35,g,0,g,0,g,0,g,0,g,34,g
342,zaxbys,mello yellow 22 oz,0,g,0,mg,70,g,64,g,0,g,0,g,0,g,0,g,63,g
343,zaxbys,mello yellow 32 oz,0,g,0,mg,100,g,93,g,0,g,0,g,0,g,0,g,91,g
344,zaxbys,mello yellow 42 oz,0,g,0,mg,135,g,122,g,0,g,0,g,0,g,0,g,120,g
345,zaxbys,milk 8 oz,3,g,15,mg,130,g,12,g,9,g,2,g,0,g,0,g,12,g
346,zaxbys,minute maid lemonade 12 oz kiddie,0,g,0,mg,70,g,44,g,0,g,0,g,0,g,0,g,42,g
347,zaxbys,minute maid lemonade 22 oz,0,g,0,mg,125,g,81,g,0,g,0,g,0,g,0,g,76,g
348,zaxbys,minute maid lemonade 32 oz,0,g,0,mg,190,g,117,g,0,g,0,g,0,g,0,g,111,g
349,zaxbys,minute maid lemonade 42 oz,0,g,0,mg,240,g,154,g,0,g,0,g,0,g,0,g,146,g
350,zaxbys,minute maid strawberry lemonade 12 oz kiddie,0,g,0,mg,40,g,35,g,0,g,0,g,0,g,0,g,34,g
351,zaxbys,minute maid strawberry lemonade 22 oz,0,g,0,mg,130,g,81,g,0,g,0,g,0,g,0,g,76,g
352,zaxbys,minute maid strawberry lemonade 32 oz,0,g,0,mg,190,g,117,g,0,g,0,g,0,g,0,g,111,g
353,zaxbys,minute maid strawberry lemonade 42 oz,0,g,0,mg,240,g,154,g,0,g,0,g,0,g,0,g,146,g
354,zaxbys,nibblerz,53,g,110,mg,2330,g,81,g,45,g,10,g,0,g,4,g,16,g
355,zaxbys,nibblerz meal,69,g,110,mg,2600,g,131,g,49,g,12,g,0,g,9,g,16,g
356,zaxbys,nuclear sauce,1,g,0,mg,1200,g,4,g,1,g,0,g,0,g,3,g,1,g
357,zaxbys,oatmeal raisin cookie,6,g,10,mg,125,g,23,g,2,g,4,g,0,g,1,g,12,g
358,zaxbys,onion rings,57,g,15,mg,2260,g,69,g,8,g,8,g,0,g,5,g,7,g
359,zaxbys,original sauce,6,g,0,mg,860,g,11,g,0,g,1,g,0,g,1,g,0,g
360,zaxbys,ranch dressing,16,g,15,mg,290,g,2,g,1,g,3,g,0,g,0,g,1,g
361,zaxbys,side caesar salad,8,g,20,mg,350,g,12,g,9,g,4,g,0,g,1,g,2,g
362,zaxbys,side of celery,20,g,15,mg,460,g,4,g,2,g,3,g,0,g,0,g,2,g
363,zaxbys,side of coleslaw,10,g,5,mg,160,g,13,g,1,g,2,g,0,g,2,g,11,g
364,zaxbys,side of crinkle fries large,36,g,0,mg,430,g,86,g,8,g,5,g,0,g,8,g,1,g
365,zaxbys,side of crinkle fries regular,16,g,0,mg,270,g,50,g,4,g,2,g,0,g,5,g,0,g
366,zaxbys,side of onion rings,19,g,0,mg,930,g,32,g,4,g,3,g,0,g,2,g,2,g
367,zaxbys,side of tater chips,22,g,0,mg,840,g,34,g,3,g,3,g,0,g,2,g,0,g
368,zaxbys,side salad,0,g,0,mg,40,g,4,g,1,g,0,g,0,g,2,g,3,g
369,zaxbys,southern sweet and smoky sandwich,36,g,75,mg,1610,g,43,g,32,g,5,g,0,g,0,g,9,g
370,zaxbys,southern sweet and smoky sandwich meal,52,g,75,mg,1870,g,93,g,37,g,8,g,0,g,5,g,10,g
371,zaxbys,southern t l c sandwich,40,g,95,mg,1470,g,39,g,32,g,6,g,0,g,0,g,6,g
372,zaxbys,southern t l c sandwich meal,57,g,95,mg,1730,g,89,g,36,g,8,g,0,g,5,g,7,g
373,zaxbys,sprite 12 oz kiddie,0,g,0,mg,35,g,39,g,0,g,0,g,0,g,0,g,39,g
374,zaxbys,sweet and spicy sauce,1,g,0,mg,510,g,32,g,1,g,0,g,0,g,0,g,28,g
375,zaxbys,tater chips,64,g,15,mg,2030,g,70,g,7,g,9,g,0,g,4,g,1,g
376,zaxbys,teriyaki sauce,0,g,0,mg,1180,g,25,g,2,g,0,g,0,g,0,g,23,g
377,zaxbys,texas toast 1 slice,7,g,0,mg,350,g,19,g,4,g,2,g,0,g,1,g,1,g
378,zaxbys,texas toast basket,22,g,0,mg,1050,g,56,g,11,g,5,g,0,g,3,g,4,g
379,zaxbys,the blackened blue zalad,27,g,115,mg,1840,g,32,g,45,g,12,g,0,g,5,g,4,g
380,zaxbys,the buffalo blue zalad,37,g,125,mg,2330,g,43,g,47,g,12,g,0,g,7,g,6,g
381,zaxbys,the fried caesar zalad,26,g,130,mg,1750,g,33,g,52,g,8,g,0,g,5,g,4,g
382,zaxbys,the fried cobb zalad,46,g,370,mg,1970,g,42,g,58,g,16,g,0,g,6,g,6,g
383,zaxbys,the fried house zalad,38,g,125,mg,1780,g,41,g,48,g,13,g,0,g,6,g,5,g
384,zaxbys,the garden blue zalad,23,g,30,mg,840,g,30,g,13,g,11,g,0,g,5,g,4,g
385,zaxbys,the garden caesar zalad,12,g,35,mg,730,g,23,g,18,g,6,g,0,g,3,g,4,g
386,zaxbys,the garden cobb zalad,32,g,275,mg,950,g,32,g,24,g,14,g,0,g,4,g,6,g
387,zaxbys,the garden house zalad,24,g,30,mg,760,g,31,g,14,g,12,g,0,g,4,g,5,g
388,zaxbys,the grilled caesar zalad,16,g,120,mg,1600,g,25,g,49,g,7,g,0,g,3,g,5,g
389,zaxbys,the grilled cobb zalad,35,g,360,mg,1820,g,34,g,55,g,15,g,0,g,4,g,7,g
390,zaxbys,the grilled house zalad,28,g,115,mg,1630,g,33,g,45,g,13,g,0,g,4,g,6,g
391,zaxbys,tongue torch sauce,1,g,0,mg,1140,g,7,g,1,g,0,g,0,g,1,g,4,g
392,zaxbys,traditional wings and things,94,g,255,mg,2990,g,87,g,74,g,16,g,0,g,8,g,4,g
393,zaxbys,vanilla coke 12 oz kiddie,0,g,0,mg,35,g,42,g,0,g,0,g,0,g,0,g,42,g
394,zaxbys,vanilla coke 22 oz,0,g,0,mg,65,g,77,g,0,g,0,g,0,g,0,g,77,g
395,zaxbys,vanilla coke 32 oz,0,g,0,mg,100,g,112,g,0,g,0,g,0,g,0,g,112,g
396,zaxbys,vanilla coke 42 oz,0,g,0,mg,130,g,147,g,0,g,0,g,0,g,0,g,146,g
397,zaxbys,white chocolate macadamia nut cookie,9,g,10,mg,125,g,22,g,2,g,5,g,0,g,0,g,14,g
398,zaxbys,wimpy sauce,1,g,0,mg,1070,g,10,g,1,g,0,g,0,g,1,g,8,g
399,zaxbys,zax sauce served with 10 fingers,35,g,30,mg,1240,g,11,g,1,g,6,g,0,g,1,g,5,g
400,zaxbys,zax sauce served with 20 fingers,71,g,60,mg,2470,g,22,g,2,g,11,g,0,g,2,g,10,g
401,zaxbys,zax sauce served with 5 fingers,18,g,15,mg,620,g,5,g,1,g,3,g,0,g,0,g,2,g
402,zaxbys,zax snak only,39,g,110,mg,1990,g,34,g,39,g,6,g,0,g,3,g,3,g
403,zaxbys,zaxbys club sandwich,59,g,140,mg,2300,g,51,g,50,g,13,g,0,g,4,g,5,g
404,zaxbys,zaxbys club sandwich meal,75,g,140,mg,2570,g,101,g,54,g,15,g,0,g,9,g,5,g
405,www.menuwithnutrition.com,zaxbys menu,,,,,,,,,,,,,,,,,,
406,zeros subs,meatball and cheese sandwich 6,30,g,87,mg,1189,g,50,g,22,g,14,g,0,g,4,g,0,g
407,zeros subs,philly steak and cheese sub sandwich 12,42,g,145,mg,2281,g,97,g,55,g,18,g,0,g,6,g,0,g
408,zeros subs,grinder sub sandwich 12,59,g,126,mg,2935,g,94,g,42,g,22,g,0,g,6,g,0,g
409,zeros subs,hot italian sausage sub sandwich 12,74,g,239,mg,3286,g,90,g,71,g,27,g,0,g,6,g,0,g
410,zeros subs,turkey and cheese sandwich 12,29,g,82,mg,2508,g,87,g,51,g,10,g,0,g,6,g,0,g
411,zeros subs,tuna and cheese sandwich 6,26,g,46,mg,1008,g,47,g,26,g,8,g,0,g,3,g,0,g
412,zeros subs,grilled veggie sub 6,14,g,29,mg,1702,g,52,g,19,g,7,g,0,g,6,g,0,g
413,zeros subs,ham and cheese sub sandwich 12,33,g,86,mg,2350,g,87,g,43,g,13,g,0,g,6,g,0,g
414,zeros subs,turkey and cheese sandwich 6,17,g,50,mg,1406,g,44,g,30,g,6,g,0,g,3,g,0,g
415,zeros subs,pepperoni and cheese sub sandwich 12,54,g,107,mg,2771,g,84,g,44,g,24,g,0,g,4,g,0,g
416,zeros subs,meatball and cheese sub sandwich 12,56,g,164,mg,2255,g,100,g,40,g,25,g,0,g,7,g,0,g
417,zeros subs,philly chicken and cheese sub sandwich 12,20,g,133,mg,3464,g,95,g,64,g,9,g,0,g,6,g,0,g
418,zeros subs,hot italian sausage sandwich 6,37,g,120,mg,1643,g,45,g,35,g,14,g,0,g,3,g,0,g
419,zeros subs,ham and cheese sandwich 6,19,g,51,mg,1299,g,44,g,24,g,8,g,0,g,3,g,0,g
420,zeros subs,roast beef and cheese sandwich 6,19,g,62,mg,1526,g,45,g,29,g,8,g,0,g,3,g,0,g
421,zeros subs,philly steak and cheese sandwich 6,21,g,73,mg,1140,g,49,g,27,g,9,g,0,g,3,g,0,g
422,zeros subs,grinder multigrain sandwich 6,32,g,68,mg,1455,g,50,g,20,g,12,g,0,g,4,g,0,g
423,zeros subs,philly chicken and cheese sandwich 6,10,g,67,mg,1732,g,48,g,32,g,4,g,0,g,3,g,0,g
424,zeros subs,the club sandwich 6,23,g,68,mg,1604,g,44,g,31,g,7,g,0,g,3,g,0,g
425,zeros subs,blt sub sandwich 12,25,g,60,mg,7559,g,86,g,24,g,0,g,0,g,6,g,0,g
426,zeros subs,cosmo vegetarian sub sandwich 12 without cheese oil and vinegar,7,g,0,mg,1060,g,93,g,13,g,0,g,0,g,9,g,0,g
427,zeros subs,cosmo vegetarian deluxe sub sandwich 12,45,g,68,mg,2008,g,95,g,39,g,20,g,0,g,9,g,0,g
428,zeros subs,ham and cheese su sandwich 12 without cheese oil and vinegar,10,g,56,mg,1898,g,86,g,32,g,2,g,0,g,6,g,0,g
429,zeros subs,grinder sub sandwich 12 without cheese oil vinegar,35,g,94,mg,2439,g,93,g,30,g,11,g,0,g,6,g,0,g
430,zeros subs,the club sub sandwich 12 without cheese oil and vinegar,18,g,84,mg,2328,g,86,g,41,g,1,g,0,g,6,g,0,g
431,zeros subs,turkey and cheese sandwich 6 without cheese oil and vinegar,3,g,30,mg,1118,g,43,g,22,g,0,g,0,g,3,g,0,g
432,zeros subs,ham and cheese sandwich 6 without cheese oil and vinegar,5,g,31,mg,1011,g,43,g,17,g,1,g,0,g,3,g,0,g
433,zeros subs,blt sandwich 6,19,g,35,mg,928,g,48,g,12,g,1,g,0,g,3,g,0,g
434,zeros subs,meatball and cheese sandwich 6 without cheese,22,g,68,mg,941,g,50,g,15,g,9,g,0,g,4,g,0,g
435,zeros subs,pepperoni sub sandwich 12,31,g,48,mg,2027,g,82,g,23,g,10,g,0,g,4,g,0,g
436,zeros subs,cosmo vegetarian sandwich 6 without cheese oil and vinegar,2,g,0,mg,401,g,45,g,6,g,0,g,0,g,4,g,0,g
437,zeros subs,pepperoni and cheese sandwich 6 without cheese,15,g,24,mg,1013,g,41,g,11,g,5,g,0,g,2,g,0,g
438,zeros subs,the club sub sandwich 12,42,g,113,mg,2780,g,87,g,52,g,12,g,0,g,6,g,0,g
439,zeros subs,philly chicken sub sandwich 12 with m and gp,8,g,102,mg,2703,g,94,g,56,g,1,g,0,g,7,g,0,g
440,zeros subs,turkey sub sandwich 12 without oil and vinegar,6,g,52,mg,2056,g,86,g,40,g,0,g,0,g,6,g,0,g
441,zeros subs,the club sandwich 6 without cheese oil and vinegar,10,g,49,mg,1316,g,43,g,24,g,1,g,0,g,3,g,0,g
442,zeros subs,grinder multigrain sandwich 12 without cheese oil and vinegar,36,g,94,mg,2288,g,98,g,24,g,11,g,0,g,8,g,0,g
443,zeros subs,blt sandwich 6 without mayo,12,g,30,mg,780,g,43,g,12,g,0,g,0,g,3,g,0,g
444,zeros subs,cosmo vegetarian deluxe sandwich 6 without cheese oil and vinegar,3,g,0,mg,530,g,47,g,7,g,0,g,0,g,4,g,0,g
445,zeros subs,grinder multigrain sandwich 6 without cheese oil and vinegar,18,g,47,mg,1145,g,49,g,12,g,5,g,0,g,4,g,0,g
446,zeros subs,tuna and cheese sandwich 6 without cheese oil and vinegar,12,g,26,mg,720,g,46,g,19,g,2,g,0,g,3,g,0,g
447,zeros subs,cosmo vegetarian 12 sub sandwich,43,g,68,mg,1748,g,91,g,37,g,20,g,0,g,7,g,0,g
448,zeros subs,philly chicken and cheese sandwich 6 without cheese,4,g,51,mg,1350,g,45,g,27,g,1,g,0,g,3,g,0,g
449,zeros subs,philly chicken sub sandwich 12,8,g,102,mg,2701,g,90,g,54,g,1,g,0,g,6,g,0,g
450,zeros subs,grilled veggie sub sandwich 12 without cheese oil and vinegar,5,g,0,mg,2586,g,100,g,16,g,0,g,0,g,11,g,0,g
451,zeros subs,grinder sandwich 6 without cheese oil and vinegar,17,g,47,mg,1220,g,47,g,15,g,5,g,0,g,3,g,0,g
452,zeros subs,grilled veggie sub sandwich 12,24,g,49,mg,3207,g,102,g,34,g,12,g,0,g,1,g,0,g
453,zeros subs,philly steak and cheese sandwich 6 without cheese,15,g,57,mg,759,g,46,g,23,g,5,g,0,g,3,g,0,g
454,zeros subs,meatball sub sandwich 12,45,g,135,mg,1882,g,100,g,30,g,18,g,0,g,7,g,0,g
455,zeros subs,philly steak sub sandwich 12,30,g,114,mg,1518,g,92,g,46,g,10,g,0,g,6,g,0,g
456,zeros subs,grilled veggie sub 6 without cheese oil and vinegar,3,g,0,mg,1329,g,51,g,8,g,0,g,0,g,6,g,0,g
457,zeros subs,philly chicken and cheese sub sandwich 12 with m and gp,20,g,133,mg,3466,g,99,g,65,g,9,g,0,g,7,g,0,g
458,zeros subs,cosmo vegetarian sandwich 6,23,g,39,mg,937,g,46,g,20,g,11,g,0,g,4,g,0,g
459,zeros subs,roast beef and cheese sandwich 6 without cheese oil and vinegar,5,g,42,mg,1238,g,45,g,21,g,1,g,0,g,3,g,0,g
460,zeros subs,grinder sandwich 6,31,g,68,mg,1530,g,48,g,23,g,12,g,0,g,3,g,0,g
461,zeros subs,roast beef and cheese sub sandwich 12,34,g,113,mg,2928,g,90,g,54,g,13,g,0,g,6,g,0,g
462,zeros subs,blt sub sandwich 12 without mayo,25,g,60,mg,7559,g,86,g,24,g,0,g,0,g,6,g,0,g
463,zeros subs,deluxe sandwich 12 without cheese oil and vinegar,7,g,0,mg,1060,g,93,g,13,g,0,g,0,g,9,g,0,g
464,zeros subs,tuna and cheese sub sandwich 12,48,g,82,mg,1890,g,93,g,49,g,15,g,0,g,6,g,0,g
465,zeros subs,grinder multigrain sandwich 12,60,g,126,mg,2784,g,99,g,36,g,22,g,0,g,8,g,0,g
466,zeros subs,roast beef sub sandwich 12 without oil and vinegar,11,g,84,mg,2478,g,89,g,43,g,2,g,0,g,6,g,0,g
467,zeros subs,cosmo vegetarian deluxe sandwich 6,25,g,39,mg,1067,g,48,g,21,g,11,g,0,g,4,g,0,g
468,zeros subs,pepperoni and cheese sandwich 6,31,g,63,mg,1510,g,42,g,26,g,15,g,0,g,2,g,0,g
469,zeros subs,tuna and cheese sandwich 12 without cheese oil and vinegar,24,g,53,mg,1438,g,92,g,38,g,4,g,0,g,6,g,0,g
470,zeros subs,b l t no mayo 12 inch,25,g,60,mg,7560,g,86,g,24,g,0,g,0,g,6,g,0,g
471,zeros subs,b l t no mayo 6 inch,12,g,30,mg,780,g,43,g,12,g,0,g,0,g,3,g,0,g
472,zeros subs,b l t 12 inch,39,g,70,mg,1860,g,96,g,24,g,2,g,0,g,6,g,0,g
473,zeros subs,b l t 6 inch,19,g,35,mg,930,g,48,g,12,g,1,g,0,g,3,g,0,g
474,zeros subs,cosmo vegetarian no cheese oil and vinegar 12 inch,5,g,0,mg,800,g,88,g,12,g,0,g,0,g,7,g,0,g
475,zeros subs,cosmo vegetarian no cheese oil and vinegar 6 inch,2,g,0,mg,400,g,45,g,6,g,0,g,0,g,4,g,0,g
476,zeros subs,cosmo vegetarian deluxe no cheese and oil 12 inch,7,g,0,mg,1060,g,93,g,13,g,0,g,0,g,9,g,0,g
477,zeros subs,cosmo vegetarian deluxe no cheese oil and vinegar 6 inch,3,g,0,mg,530,g,47,g,7,g,0,g,0,g,4,g,0,g
478,zeros subs,cosmo vegetarian deluxe 12 inch,45,g,70,mg,2010,g,95,g,39,g,20,g,0,g,9,g,0,g
479,zeros subs,cosmo vegetarian deluxe 6 inch,25,g,40,mg,1070,g,48,g,21,g,11,g,0,g,4,g,0,g
480,zeros subs,cosmo vegetarian 12 inch,43,g,70,mg,1750,g,91,g,37,g,20,g,0,g,7,g,0,g
481,zeros subs,cosmo vegetarian 6 inch,23,g,40,mg,940,g,46,g,20,g,11,g,0,g,4,g,0,g
482,zeros subs,grilled veggie sub no cheese oil and vinegar 12 inch,5,g,0,mg,2590,g,100,g,16,g,0,g,0,g,11,g,0,g
483,zeros subs,grilled veggie sub no cheese oil and vinegar 6 inch,3,g,0,mg,1330,g,51,g,8,g,0,g,0,g,6,g,0,g
484,zeros subs,grilled veggie sub 12 inch,24,g,50,mg,3210,g,102,g,34,g,12,g,0,g,11,g,0,g
485,zeros subs,grilled veggie sub 6 inch,14,g,30,mg,1700,g,52,g,19,g,7,g,0,g,6,g,0,g
486,zeros subs,grinder no cheese oil and vinegar 12 inch,35,g,95,mg,2440,g,93,g,30,g,11,g,0,g,6,g,0,g
487,zeros subs,grinder no cheese oil and vinegar 6 inch,17,g,45,mg,1220,g,47,g,15,g,5,g,0,g,3,g,0,g
488,zeros subs,grinder 12 inch,59,g,125,mg,2940,g,94,g,42,g,22,g,0,g,6,g,0,g
489,zeros subs,grinder 6 inch,31,g,70,mg,1530,g,48,g,23,g,12,g,0,g,3,g,0,g
490,zeros subs,grinder multigrain no cheese oil and vinegar 12 inch,36,g,95,mg,2290,g,98,g,24,g,11,g,0,g,8,g,0,g
491,zeros subs,grinder multigrain no cheese oil and vinegar 6 inch,18,g,45,mg,1150,g,49,g,12,g,5,g,0,g,4,g,0,g
492,zeros subs,grinder multigrain 12 inch,60,g,125,mg,2780,g,99,g,36,g,22,g,0,g,8,g,0,g
493,zeros subs,grinder multigrain 6 inch,32,g,70,mg,1460,g,50,g,20,g,12,g,0,g,4,g,0,g
494,zeros subs,ham and cheese no cheese oil and vinegar 12 inch,10,g,55,mg,1900,g,86,g,32,g,2,g,0,g,6,g,0,g
495,zeros subs,ham and cheese no cheese oil and vinegar 6 inch,5,g,30,mg,1010,g,43,g,17,g,1,g,0,g,3,g,0,g
496,zeros subs,ham and cheese 12 inch,33,g,85,mg,2350,g,87,g,43,g,13,g,0,g,6,g,0,g
497,zeros subs,ham and cheese 6 inch,19,g,50,mg,1300,g,44,g,24,g,8,g,0,g,3,g,0,g
498,zeros subs,hot italian sausage 12 inch,74,g,240,mg,3290,g,90,g,71,g,27,g,0,g,6,g,0,g
499,zeros subs,hot italian sausage 6 inch,37,g,120,mg,1640,g,45,g,35,g,14,g,0,g,3,g,0,g
500,zeros subs,meatball and cheese no cheese 12 inch,45,g,135,mg,1880,g,100,g,30,g,18,g,0,g,7,g,0,g
501,zeros subs,meatball and cheese no cheese 6 inch,22,g,70,mg,940,g,50,g,15,g,9,g,0,g,4,g,0,g
502,zeros subs,meatball and cheese 12 inch,56,g,165,mg,2260,g,100,g,40,g,25,g,0,g,7,g,0,g
503,zeros subs,meatball and cheese 6 inch,30,g,85,mg,1190,g,50,g,22,g,14,g,0,g,4,g,0,g
504,zeros subs,pepperoni and cheese no cheese 12 inch,31,g,50,mg,2030,g,82,g,23,g,10,g,0,g,4,g,0,g
505,zeros subs,pepperoni and cheese no cheese 6 inch,15,g,25,mg,1010,g,41,g,11,g,5,g,0,g,2,g,0,g
506,zeros subs,pepperoni and cheese 12 inch,54,g,105,mg,2770,g,84,g,44,g,24,g,0,g,4,g,0,g
507,zeros subs,pepperoni and cheese 6 inch,31,g,65,mg,1510,g,42,g,26,g,15,g,0,g,2,g,0,g
508,zeros subs,philly chicken and cheese no cheese 12 inch,8,g,100,mg,2700,g,90,g,54,g,1,g,0,g,6,g,0,g
509,zeros subs,philly chicken and cheese no cheese 6 inch,4,g,50,mg,1350,g,45,g,27,g,1,g,0,g,3,g,0,g
510,zeros subs,philly chicken and cheese with m and gp no cheese 12 inch,8,g,100,mg,2700,g,94,g,56,g,1,g,0,g,7,g,0,g
511,zeros subs,philly chicken and cheese with m and gp no cheese 6 inch,4,g,50,mg,1350,g,47,g,28,g,1,g,0,g,4,g,0,g
512,zeros subs,philly chicken and cheese with m and gp 12 inch,20,g,135,mg,3470,g,99,g,65,g,9,g,0,g,7,g,0,g
513,zeros subs,philly chicken and cheese with m and gp 6 inch,10,g,65,mg,1730,g,49,g,32,g,4,g,0,g,4,g,0,g
514,zeros subs,philly chicken and cheese 12 inch,20,g,135,mg,3460,g,95,g,64,g,9,g,0,g,6,g,0,g
515,zeros subs,philly chicken and cheese 6 inch,10,g,65,mg,1730,g,48,g,32,g,4,g,0,g,3,g,0,g
516,zeros subs,philly steak and cheese no cheese 12 inch,30,g,115,mg,1520,g,92,g,46,g,10,g,0,g,6,g,0,g
517,zeros subs,philly steak and cheese no cheese 6 inch,15,g,55,mg,760,g,46,g,23,g,5,g,0,g,3,g,0,g
518,zeros subs,philly steak and cheese with m and gp no cheese 12 inch,30,g,115,mg,1520,g,96,g,47,g,10,g,0,g,7,g,0,g
519,zeros subs,philly steak and cheese with m and gp no cheese 6 inch,15,g,55,mg,760,g,48,g,23,g,5,g,0,g,4,g,0,g
520,zeros subs,philly steak and cheese with m and gp 12 inch,42,g,145,mg,2280,g,101,g,56,g,18,g,0,g,7,g,0,g
521,zeros subs,philly steak and cheese with m and gp 6 inch,21,g,75,mg,1140,g,50,g,28,g,9,g,0,g,4,g,0,g
522,zeros subs,philly steak and cheese 12 inch,42,g,145,mg,2280,g,97,g,55,g,18,g,0,g,6,g,0,g
523,zeros subs,philly steak and cheese 6 inch,21,g,75,mg,1140,g,49,g,27,g,9,g,0,g,3,g,0,g
524,zeros subs,roast beef and cheese no cheese oil and vinegar 12 inch,11,g,85,mg,2480,g,89,g,43,g,2,g,0,g,6,g,0,g
525,zeros subs,roast beef and cheese no cheese oil and vinegar 6 inch,5,g,40,mg,1240,g,45,g,21,g,1,g,0,g,3,g,0,g
526,zeros subs,roast beef and cheese 12 inch,34,g,115,mg,2930,g,90,g,54,g,13,g,0,g,6,g,0,g
527,zeros subs,roast beef and cheese 6 inch,19,g,60,mg,1530,g,45,g,29,g,8,g,0,g,3,g,0,g
528,zeros subs,the club no cheese oil and vinegar 12 inch,18,g,85,mg,2330,g,86,g,41,g,1,g,0,g,6,g,0,g
529,zeros subs,the club no cheese oil and vinegar 6 inch,10,g,50,mg,1320,g,43,g,24,g,1,g,0,g,3,g,0,g
530,zeros subs,the club 12 inch,42,g,115,mg,2780,g,87,g,52,g,12,g,0,g,6,g,0,g
531,zeros subs,the club 6 inch,23,g,70,mg,1600,g,44,g,31,g,7,g,0,g,3,g,0,g
532,zeros subs,tuna and cheese no cheese oil and vinegar 12 inch,24,g,55,mg,1440,g,92,g,38,g,4,g,0,g,6,g,0,g
533,zeros subs,tuna and cheese no cheese oil and vinegar 6 inch,12,g,25,mg,720,g,46,g,19,g,2,g,0,g,3,g,0,g
534,zeros subs,tuna and cheese 12 inch,48,g,80,mg,1890,g,93,g,49,g,15,g,0,g,6,g,0,g
535,zeros subs,tuna and cheese 6 inch,26,g,45,mg,1010,g,47,g,26,g,8,g,0,g,3,g,0,g
536,zeros subs,turkey and cheese no cheese oil and vinegar 12 inch,6,g,50,mg,2060,g,86,g,40,g,0,g,0,g,6,g,0,g
537,zeros subs,turkey and cheese no cheese oil and vinegar 6 inch,3,g,30,mg,1120,g,43,g,22,g,0,g,0,g,3,g,0,g
538,zeros subs,turkey and cheese 12 inch,29,g,80,mg,2510,g,87,g,51,g,10,g,0,g,6,g,0,g
539,zeros subs,turkey and cheese 6 inch,17,g,50,mg,1410,g,44,g,30,g,6,g,0,g,3,g,0,g
540,zoup,apricot harvest,0,g,0,mg,0,g,27,g,0,g,0,g,0,g,0,g,27,g
541,zoup,lemon raspberry shrub,0,g,0,mg,0,g,27,g,0,g,0,g,0,g,0,g,27,g
542,zoup,hibiscus bloom,0,g,0,mg,0,g,29,g,0,g,0,g,0,g,0,g,28,g
543,zoup,sri lanakan black tea,0,g,0,mg,0,g,0,g,0,g,0,g,0,g,0,g,0,g
544,zoup,vintage lemonade,0,g,0,mg,0,g,28,g,0,g,0,g,0,g,0,g,26,g
545,zoup,citrus sunrise,0,g,0,mg,0,g,28,g,0,g,0,g,0,g,0,g,27,g
546,zoup,chipotle mayo,11,g,10,mg,75,g,1,g,0,g,2,g,0,g,0,g,0,g
547,zoup,basil mayo,20,g,10,mg,200,g,0,g,0,g,3,g,0,g,0,g,0,g
548,zoup,davids oatmeal raisin cookie,15,g,35,mg,200,g,52,g,5,g,6,g,0,g,2,g,28,g
549,zoup,davids chocolate chip cookie,18,g,30,mg,210,g,52,g,5,g,9,g,0,g,2,g,31,g
550,zoup,fudge brownie,21,g,75,mg,380,g,79,g,5,g,5,g,0,g,1,g,58,g
551,zoup,kidz pbandj sandwich,30.6,g,0,mg,0,g,53.1,g,18.2,g,0,g,0,g,4.4,g,0,g
552,zoup,scallions,0,g,0,mg,0,g,2,g,1,g,0,g,0,g,1,g,1,g
553,zoup,spicy chicken and broccoli broth bowl,11,g,25,mg,2740,g,51,g,18,g,1.5,g,0,g,4,g,10,g
554,zoup,grilled cheese dippers on homestyle white bread with classic farmstead tomato soup,31,g,79,mg,1148,g,58,g,32,g,16,g,0,g,2,g,8,g
555,zoup,zesty chicken and lime broth bowl,12,g,27,mg,1127,g,57,g,20,g,1,g,0,g,11,g,3,g
556,zoup,lemon roasted vegetable broth bowl,24,g,0,mg,2000,g,46,g,10,g,3.5,g,0,g,10,g,10,g
557,zoup,bacon and cheddar mac,29,g,65,mg,1040,g,43,g,17,g,16,g,0,g,1,g,5,g
558,zoup,mediterranean chickpea bowl,20,g,70,mg,1460,g,52,g,30,g,9,g,0,g,12,g,4,g
559,zoup,chicken bowlrito,29,g,35,mg,950,g,65,g,21,g,4,g,0,g,10,g,5,g
560,zoup,classic mac,28,g,65,mg,1000,g,43,g,16,g,15,g,0,g,1,g,5,g
561,zoup,ladled lobster,33,g,90,mg,1220,g,46,g,19,g,18,g,0.5,g,1,g,7,g
562,zoup,buffalo chicken bowl,23,g,46,mg,938,g,51,g,23,g,6,g,0,g,7,g,2,g
563,zoup,baja mac,28,g,65,mg,1120,g,38,g,16,g,15,g,0,g,3,g,6,g
564,zoup,chipotle ranch dressing,30,g,10,mg,570,g,4,g,2,g,5,g,0,g,0,g,2,g
565,zoup,caesar dressing,34,g,60,mg,380,g,2,g,2,g,5,g,0,g,0,g,0,g
566,zoup,raspberry vinaigrette,21,g,0,mg,120,g,21,g,0,g,4,g,0,g,0,g,21,g
567,zoup,balsamic vinaigrette,9,g,0,mg,360,g,8,g,0,g,1,g,0,g,0,g,8,g
568,zoup,cucumber dill sauce,6,g,0,mg,0,g,1.4,g,0.4,g,0,g,0,g,0,g,0,g
569,zoup,sesame dressing,24,g,0,mg,0,g,12,g,0,g,0,g,0,g,0,g,0,g
570,zoup,ranch dressing,30,g,10,mg,570,g,4,g,2,g,5,g,0,g,0,g,2,g
571,zoup,fiesta chicken salad without dressing,12,g,40,mg,650,g,24,g,16,g,3.5,g,0,g,5,g,3,g
572,zoup,chicken and bacon cobb salad without dressing,13,g,105,mg,530,g,6,g,18,g,5,g,0,g,3,g,1,g
573,zoup,cobb salad without dressing,15,g,0,mg,0,g,11.9,g,26.5,g,0,g,0,g,2.9,g,0,g
574,zoup,cranberry almond sonoma salad with raspberry vinaigrette,12,g,15,mg,250,g,15,g,8,g,4,g,0,g,4,g,9,g
575,zoup,lively chicken caesar salad with caesar dressing,9,g,45,mg,520,g,6,g,16,g,3.5,g,0,g,1,g,0.5,g
576,zoup,roasted chickpea and hummus salad,25,g,20,mg,1050,g,24,g,17,g,6,g,0,g,11,g,5,g
577,zoup,greek salad without dressing,4.2,g,0,mg,0,g,12.6,g,9.2,g,0,g,0,g,2.4,g,0,g
578,zoup,garden veggie salad with ranch dressing,2.5,g,0,mg,890,g,11,g,2,g,0,g,0,g,1,g,5,g
579,zoup,sonoma salad without dressing,9.2,g,0,mg,0,g,12.7,g,5.5,g,0,g,0,g,3.9,g,0,g
580,zoup,lemon caper tuna salad without dressing,7.4,g,0,mg,0,g,4.2,g,9.6,g,0,g,0,g,2.1,g,0,g
581,zoup,asian salad without dressing,11.2,g,0,mg,0,g,39.9,g,23,g,0,g,0,g,4.7,g,0,g
582,zoup,southwest turkey sandwich on ciabatta,19,g,59,mg,1184,g,40,g,24,g,5,g,0,g,2,g,3,g
583,zoup,modern tuna salad sandwich on focaccia,8,g,17,mg,511,g,27,g,15,g,1,g,0,g,1,g,0,g
584,zoup,chicken toscana sandwich on ciabatta,25,g,50,mg,1044,g,40,g,22,g,7,g,0,g,2,g,2,g
585,zoup,medi veggie sandwich on focaccia,17,g,20,mg,842,g,42,g,14,g,8,g,0,g,4,g,4,g
586,zoup,turkey and bacon club sandwich on ciabatta,38,g,111,mg,1661,g,41,g,36,g,11,g,0,g,2,g,3,g
587,zoup,italian market sandwich on focaccia,14,g,35,mg,1362,g,35,g,10,g,4,g,0,g,1,g,1,g
588,zoup,cali chicken sandwich on ciabatta,22,g,51,mg,894,g,41,g,23,g,7,g,0,g,3,g,1,g
589,zoup,pesto cheese sandwich on homestyle white bread,19,g,40,mg,761,g,31,g,17,g,9,g,0,g,2,g,5,g
590,zoup,maple bacon ham sandwich on ciabatta,39,g,103,mg,1575,g,42,g,31,g,12,g,0,g,1,g,3,g
591,zoup,lobster bisque,22,g,105,mg,920,g,15,g,10,g,13,g,1,g,0,g,7,g
592,zoup,chicken potpie soup,9,g,50,mg,970,g,20,g,13,g,5,g,0,g,2,g,3,g
593,zoup,italian wedding soup with turkey meatballs,5,g,30,mg,880,g,15,g,11,g,1,g,0,g,2,g,2,g
594,zoup,broccoli cheddar soup,20,g,45,mg,910,g,15,g,13,g,10,g,0,g,2,g,7,g
595,zoup,beef barley soup,6,g,30,mg,880,g,15,g,11,g,2,g,0,g,0,g,3,g
596,zoup,white chicken chili soup,2,g,15,mg,660,g,27,g,11,g,0,g,0,g,5,g,7,g
597,zoup,north african harissa cauliflower soup,10,g,25,mg,800,g,12,g,3,g,6,g,0,g,2,g,3,g
598,zoup,crab bisque soup,8,g,40,mg,910,g,13,g,8,g,5,g,0,g,1,g,6,g
599,zoup,old fashion chicken noodle soup,1,g,10,mg,800,g,18,g,9,g,0,g,0,g,1,g,2,g
600,zoup,turkey chili soup,3,g,20,mg,800,g,17,g,12,g,1,g,0,g,4,g,6,g
601,zoup,corn and crab chowder soup,15,g,60,mg,800,g,24,g,9,g,9,g,0,g,1,g,5,g
602,zoup,jamaican bay gumbo soup,1,g,20,mg,750,g,20,g,11,g,0,g,0,g,4,g,5,g
603,zoup,potato cheddar soup,14,g,45,mg,900,g,26,g,12,g,9,g,1,g,3,g,3,g
604,zoup,cajun chicken and sausage gumbo soup,9,g,35,mg,790,g,22,g,13,g,4,g,0,g,1,g,3,g
605,zoup,pepper steak soup,5,g,25,mg,830,g,15,g,10,g,2,g,0,g,1,g,3,g
606,zoup,fire roasted tomato bisque soup,22,g,40,mg,780,g,20,g,4,g,10,g,0,g,1,g,12,g
607,zoup,shrimp and crawfish etouffee soup,7,g,75,mg,1030,g,19,g,10,g,4,g,0,g,2,g,2,g
608,zoup,seafood chowder,8,g,90,mg,860,g,21,g,12,g,5,g,0,g,2,g,4,g
609,zoup,roadhouse sirloin chili soup,7,g,30,mg,890,g,20,g,13,g,3,g,0,g,5,g,6,g
610,zoup,santa fe chicken chili,1,g,15,mg,980,g,18,g,10,g,0,g,0,g,4,g,6,g
611,zoup,pumpkin pie bisque,16,g,50,mg,390,g,35,g,3,g,10,g,1,g,2,g,21,g
612,zoup,smokehouse ham and white bean soup,4.5,g,5,mg,940,g,26,g,9,g,1,g,0,g,1,g,2,g
613,zoup,mushroom bisque,10,g,25,mg,880,g,16,g,5,g,5,g,0,g,2,g,6,g
614,zoup,vegetarian split pea soup,2,g,0,mg,710,g,41,g,14,g,0,g,0,g,16,g,7,g
615,zoup,coachili,2,g,0,mg,690,g,27,g,8,g,0,g,0,g,6,g,4,g
616,zoup,spicy crab and rice soup,4,g,35,mg,750,g,16,g,8,g,2,g,0,g,2,g,4,g
617,zoup,tomato cabbage soup,2,g,0,mg,720,g,13,g,3,g,0,g,0,g,3,g,7,g
618,zoup,farmstead classic tomato soup,4,g,0,mg,770,g,17,g,2,g,0,g,0,g,4,g,8,g
619,zoup,bbq chicken noodle soup,2.5,g,10,mg,700,g,22,g,7,g,0,g,0,g,1,g,8,g
620,zoup,cheesy chicken quesadilla soup,10,g,41,mg,727,g,15,g,13,g,6,g,0,g,2,g,4,g
621,zoup,mulligatawny soup,3,g,15,mg,910,g,12,g,6,g,1,g,0,g,3,g,6,g
622,zoup,frontier 7 bean soup,2,g,0,mg,710,g,38,g,12,g,0,g,0,g,10,g,6,g
623,zoup,mexican chicken soup,4,g,20,mg,740,g,22,g,10,g,2,g,0,g,3,g,7,g
624,zoup,french onion soup,21,g,35,mg,1340,g,27,g,15,g,9,g,0,g,3,g,10,g
625,zoup,new england clam chowder,7,g,40,mg,970,g,16,g,10,g,5,g,0,g,2,g,3,g
626,zoup,north indian lentil soup,6,g,0,mg,650,g,28,g,9,g,1,g,0,g,7,g,5,g
627,zoup,rustic vegetable bean soup,3,g,0,mg,810,g,16,g,4,g,0,g,0,g,4,g,7,g
628,zoup,tomato basil soup,5,g,15,mg,970,g,21,g,2,g,4,g,0,g,3,g,11,g
629,zoup,overstuffed bell pepper soup,8,g,20,mg,940,g,32,g,8,g,3,g,0,g,2,g,6,g
630,zoup,spicy black bean chili soup,1,g,0,mg,820,g,30,g,8,g,0,g,0,g,12,g,7,g
631,zoup,good really good chicken noodle soup,1.5,g,15,mg,630,g,11,g,7,g,0,g,0,g,0.5,g,1,g
632,zoup,roasted garlic chicken and kale soup,1,g,7,mg,370,g,16,g,7,g,0,g,0,g,1,g,2,g
633,zoup,lemon lentil soup,6,g,0,mg,740,g,40,g,16,g,1,g,0,g,17,g,5,g
634,zoup,italian pasta and vegetables soup,2,g,0,mg,760,g,21,g,5,g,0,g,0,g,4,g,4,g
635,zoup,wisconsin cheddar soup,18,g,50,mg,980,g,14,g,12,g,11,g,0,g,0,g,5,g
636,zoup,chicken parmesan soup,16,g,28,mg,1334,g,26,g,13,g,3,g,0,g,3,g,7,g
637,zoup,chicken and dumplings soup,2,g,35,mg,930,g,16,g,10,g,0,g,0,g,2,g,2,g
638,zoup,el grande chili,7,g,20,mg,720,g,23,g,10,g,3,g,0,g,6,g,7,g
639,zoup,chicken veggie chop chop soup,1,g,10,mg,890,g,8,g,5,g,0,g,0,g,1,g,2,g
640,zoup,corn and roasted red pepper chowder soup,8,g,20,mg,630,g,26,g,4,g,5,g,0,g,3,g,5,g
641,zoup,maryland crab soup,4,g,20,mg,990,g,11,g,7,g,0,g,0,g,2,g,4,g
642,zoup,lively lemon broccoli with parmesan soup,7,g,10,mg,810,g,9,g,6,g,2,g,0,g,1,g,2,g
643,zoup,chicken fajita soup,10,g,30,mg,910,g,19,g,12,g,3,g,0,g,2,g,6,g
644,zoup,hearty vegetable beef soup,5,g,20,mg,980,g,14,g,8,g,2,g,0,g,3,g,5,g
645,zoup,collard green chicken barley soup,5,g,15,mg,930,g,17,g,7,g,2,g,0,g,3,g,3,g
646,zoup,loaded baked potato soup,19,g,45,mg,840,g,25,g,8,g,11,g,0,g,2,g,2,g
647,zoup,lemon chickpea and vegetable soup,1,g,0,mg,376,g,17,g,4,g,0,g,0,g,5,g,3,g
648,zoup,lemon basil chicken soup,9,g,45,mg,870,g,13,g,10,g,5,g,0,g,2,g,3,g
649,zoup,roasted red pepper tomato soup,13,g,0,mg,1182,g,27,g,3,g,2,g,0,g,4,g,9,g
650,zoup,chicken wild rice medley soup,11,g,40,mg,840,g,18,g,10,g,5,g,0,g,2,g,5,g
651,zoup,wild mushroom barley soup,4,g,0,mg,700,g,17,g,4,g,1,g,0,g,2,g,4,g
652,zoup,tomato spinach and brown rice soup,4,g,0,mg,775,g,26,g,3,g,0,g,0,g,4,g,8,g
653,zoup,vegetable bounty soup,2,g,0,mg,830,g,16,g,3,g,0,g,0,g,3,g,4,g
654,zoup,craft ipa cheddar soup,19,g,55,mg,950,g,14,g,13,g,12,g,0,g,0,g,6,g
655,zoup,dragonfire noodle bowl soup,1,g,0,mg,1940,g,44,g,9,g,0,g,0,g,3,g,4,g
656,zoup,quinoa veggie kale superfood soup,4,g,0,mg,540,g,17,g,3,g,1,g,0,g,3,g,3,g
657,zoup,rattlesnake sausage stew,6,g,15,mg,800,g,18,g,11,g,3,g,0,g,2,g,2,g
658,zoup,white bean with turkey sausage soup,5,g,15,mg,690,g,24,g,9,g,1,g,0,g,8,g,4,g
659,zoup,corkscrew chicken soup,1,g,10,mg,1050,g,14,g,7,g,0,g,0,g,1,g,2,g
660,zoup,ginger butternut squash soup,11,g,35,mg,910,g,37,g,4,g,7,g,0,g,4,g,14,g
661,zoup,veggie waves of grain soup,1,g,0,mg,460,g,14,g,3,g,0,g,0,g,2,g,3,g
662,zoup,tomato and feta soup,9,g,30,mg,1130,g,22,g,5,g,4,g,0,g,4,g,11,g
663,zoup,seafood etouffee soup,6,g,55,mg,860,g,18,g,9,g,4,g,0,g,1,g,2,g
664,zoup,feta tomato soup,9,g,16,mg,958,g,17,g,6,g,4,g,0,g,4,g,8,g
665,zoup,curry thai chicken soup,7,g,20,mg,580,g,16,g,6,g,6,g,0,g,1,g,7,g
666,zoup,shrimp asparagus and dill soup,7,g,70,mg,1150,g,12,g,8,g,4,g,0,g,2,g,3,g
667,zoup,cheesy buffalo bleu soup,16,g,56,mg,1422,g,12,g,15,g,10,g,0,g,0,g,4,g
668,zoup,sesame noodle bowl soup,3,g,10,mg,1310,g,48,g,13,g,0,g,0,g,4,g,4,g
669,zoup,sicilian pizza soup,10,g,25,mg,1190,g,14,g,9,g,5,g,0,g,0,g,7,g
670,zoup,whole grain chicken and dill soup,1,g,15,mg,900,g,12,g,8,g,0,g,0,g,2,g,1,g
671,zoup,tomato vegeables soup,2,g,0,mg,740,g,11,g,3,g,0,g,0,g,3,g,6,g
672,zoup,hearty potato and chicken soup with dill,10,g,40,mg,780,g,21,g,10,g,5,g,0,g,2,g,4,g
673,zoup,dilly dilly potato chowder,7,g,15,mg,880,g,19,g,2,g,5,g,0,g,2,g,1,g
674,zoup,wicked maple harvest soup,7,g,0,mg,420,g,17,g,1,g,1,g,0,g,2,g,7,g
675,zoup,burger cheeseburger soup,23,g,70,mg,980,g,9,g,14,g,12,g,1,g,1,g,2,g
676,zoup,blazin bison chili,5,g,20,mg,810,g,21,g,10,g,2,g,0,g,6,g,6,g
677,zoup,chicken and chorizo tortilla soup,6,g,15,mg,610,g,17,g,6,g,1,g,0,g,2,g,3,g
678,zoup,chipotle shrimp bisque,8,g,40,mg,840,g,15,g,5,g,4,g,0,g,2,g,12,g
679,zoup,brewhouse cheddar soup,24,g,65,mg,810,g,17,g,14,g,13,g,0,g,1,g,6,g
680,zoup,chicken tortilla soup,4,g,20,mg,770,g,19,g,14,g,0,g,0,g,2,g,6,g
681,zoup,fiery chicken enchilada soup,10,g,45,mg,900,g,15,g,10,g,6,g,0,g,2,g,5,g
682,zoup,singapore squash soup,10,g,0,mg,810,g,26,g,3,g,7,g,0,g,3,g,8,g
683,zoup,spicy lentil with sausage soup,10,g,20,mg,750,g,8,g,13,g,4,g,0,g,3,g,3,g
684,zoup,cobb,15,g,0,mg,0,g,12,g,27,g,0,g,0,g,0,g,0,g
685,zoup,4 cheese melt,15,g,0,mg,0,g,35,g,18,g,0,g,0,g,0,g,0,g
686,zoup,asian,11,g,0,mg,0,g,40,g,23,g,0,g,0,g,0,g,0,g
687,zoup,cajun chicken and sausage gumbo,11,g,0,mg,0,g,16,g,14,g,0,g,0,g,0,g,0,g
688,zoup,chicken caesar,6,g,0,mg,0,g,10,g,23,g,0,g,0,g,0,g,0,g
689,zoup,chicken greek,11,g,0,mg,0,g,40,g,17,g,0,g,0,g,0,g,0,g
690,zoup,chicken potpie,9,g,0,mg,0,g,20,g,13,g,0,g,0,g,0,g,0,g
691,zoup,chicken toscana,21,g,0,mg,0,g,40,g,30,g,0,g,0,g,0,g,0,g
692,zoup,fire roasted tomato bisque,23,g,0,mg,0,g,18,g,4,g,0,g,0,g,0,g,0,g
693,zoup,greek,4,g,0,mg,0,g,8,g,6,g,0,g,0,g,0,g,0,g
694,zoup,lemon caper tuna,7,g,0,mg,0,g,4,g,10,g,0,g,0,g,0,g,0,g
695,zoup,lobster bisque,22,g,0,mg,0,g,14,g,11,g,0,g,0,g,0,g,0,g
696,zoup,loco burrito,6,g,0,mg,0,g,16,g,23,g,0,g,0,g,0,g,0,g
697,zoup,mtb mozzarella tomato fresh basil,12,g,0,mg,0,g,37,g,18,g,0,g,0,g,0,g,0,g
698,zoup,mushroom bisque,10,g,0,mg,0,g,17,g,6,g,0,g,0,g,0,g,0,g
699,zoup,pepper steak,5,g,0,mg,0,g,14,g,10,g,0,g,0,g,0,g,0,g
700,zoup,roast garlic chicken kale,0.5,g,0,mg,0,g,9,g,7,g,0,g,0,g,0,g,0,g
701,zoup,santa fe chicken chili,2,g,0,mg,0,g,17,g,9,g,0,g,0,g,0,g,0,g
702,zoup,simply gazpacho,2,g,0,mg,0,g,11,g,1,g,0,g,0,g,0,g,0,g
703,zoup,sonoma,9,g,0,mg,0,g,13,g,6,g,0,g,0,g,0,g,0,g
704,zoup,southwest bean gazpacho,1,g,0,mg,0,g,14,g,3,g,0,g,0,g,0,g,0,g
705,zoup,southwest turkey,19,g,0,mg,0,g,35,g,25,g,0,g,0,g,0,g,0,g
706,zoup,spicy crab and rice,3,g,0,mg,0,g,15,g,10,g,0,g,0,g,0,g,0,g
707,zoup,summer berry w mozzarella,17,g,0,mg,0,g,7,g,14,g,0,g,0,g,0,g,0,g
708,zoup,tuna salad w lemon capers,8,g,0,mg,0,g,36,g,16,g,0,g,0,g,0,g,0,g
709,zoup,turkey club,25,g,0,mg,0,g,36,g,31,g,0,g,0,g,0,g,0,g
710,zoup,veggie waves of grain,0.5,g,0,mg,0,g,14,g,2,g,0,g,0,g,0,g,0,g
711,zoup,veggie terranean,10,g,0,mg,0,g,53,g,12,g,0,g,0,g,0,g,0,g
712,zios italian kitchen,artichoke spinach dip includes bread,93,g,0,mg,2120,g,40,g,0,g,21,g,0,g,3,g,0,g
713,zios italian kitchen,artichoke spinach pasta,72,g,0,mg,3370,g,96,g,0,g,22,g,0,g,7,g,0,g
714,zios italian kitchen,artichoke spinach pasta lunch,60,g,0,mg,2560,g,56,g,0,g,18,g,0,g,4,g,0,g
715,zios italian kitchen,baked formaggio includes bread,66,g,0,mg,2030,g,47,g,0,g,38,g,0,g,2,g,0,g
716,zios italian kitchen,baked ziti,66,g,0,mg,2230,g,95,g,0,g,23,g,0,g,6,g,0,g
717,zios italian kitchen,birthday sundae,21,g,0,mg,150,g,68,g,0,g,12,g,0,g,1,g,0,g
718,zios italian kitchen,bruschetta,45,g,0,mg,5110,g,57,g,0,g,12,g,0,g,5,g,0,g
719,zios italian kitchen,caprese salad,43,g,0,mg,1530,g,39,g,0,g,8,g,0,g,3,g,0,g
720,zios italian kitchen,cheese ravioli in a nest of pasta,23,g,0,mg,1050,g,125,g,0,g,13,g,0,g,6,g,0,g
721,zios italian kitchen,cheesecake no sauce,62,g,0,mg,680,g,93,g,0,g,38,g,0,g,1,g,0,g
722,zios italian kitchen,chicken and cheese tortellini alfredo,31,g,0,mg,1960,g,55,g,0,g,11,g,0,g,6,g,0,g
723,zios italian kitchen,chicken alfredo dinner,101,g,0,mg,3830,g,69,g,0,g,26,g,0,g,2,g,0,g
724,zios italian kitchen,chicken alfredo lunch,42,g,0,mg,1240,g,27,g,0,g,10,g,0,g,3,g,0,g
725,zios italian kitchen,chicken alfredo lasagna,41,g,0,mg,1850,g,56,g,0,g,20,g,0,g,6,g,0,g
726,zios italian kitchen,chicken alfredo pasta,61,g,0,mg,2260,g,50,g,0,g,17,g,0,g,6,g,0,g
727,zios italian kitchen,chicken caesar salad,24,g,0,mg,2190,g,41,g,0,g,2.5,g,0,g,10,g,0,g
728,zios italian kitchen,chicken cannelloni lunch,39,g,0,mg,1460,g,43,g,0,g,9,g,0,g,2,g,0,g
729,zios italian kitchen,chicken cannelloni pasta,46,g,0,mg,1990,g,68,g,0,g,11,g,0,g,3,g,0,g
730,zios italian kitchen,chicken marsala,84,g,0,mg,2590,g,57,g,0,g,50,g,0,g,11,g,0,g
731,zios italian kitchen,chicken marsala lunch,31,g,0,mg,1060,g,59,g,0,g,18,g,0,g,6,g,0,g
732,zios italian kitchen,chicken milanese,84,g,0,mg,2410,g,65,g,0,g,34,g,0,g,12,g,0,g
733,zios italian kitchen,chicken parmigiana,77,g,0,mg,4510,g,80,g,0,g,12,g,0,g,14,g,0,g
734,zios italian kitchen,chicken parmigiana lunch,51,g,0,mg,2570,g,44,g,0,g,10,g,0,g,7,g,0,g
735,zios italian kitchen,chicken parmigiana sandwich includes fries,36,g,0,mg,3380,g,128,g,0,g,7,g,0,g,11,g,0,g
736,zios italian kitchen,chicken piccata,75,g,0,mg,10000,g,84,g,0,g,29,g,0,g,22,g,0,g
737,zios italian kitchen,chicken pomodoro,39,g,0,mg,1300,g,40,g,0,g,4.5,g,0,g,3,g,0,g
738,zios italian kitchen,chocolate strada cake,66,g,0,mg,860,g,188,g,0,g,42,g,0,g,7,g,0,g
739,zios italian kitchen,classic calamari,51,g,0,mg,730,g,57,g,0,g,6,g,0,g,4,g,0,g
740,zios italian kitchen,classic calzone,79,g,0,mg,3810,g,50,g,0,g,32,g,0,g,4,g,0,g
741,zios italian kitchen,classic calzone lunch,51,g,0,mg,2500,g,28,g,0,g,19,g,0,g,2,g,0,g
742,zios italian kitchen,classic lasagna baked pasta,67,g,0,mg,2220,g,66,g,0,g,21,g,0,g,5,g,0,g
743,zios italian kitchen,crispy shrimp scampi,75,g,0,mg,1500,g,102,g,0,g,36,g,0,g,5,g,0,g
744,zios italian kitchen,eggplant parmigiana,67,g,0,mg,3840,g,85,g,0,g,9,g,0,g,7,g,0,g
745,zios italian kitchen,fettuccini alfredo lunch,17,g,0,mg,680,g,24,g,0,g,6,g,0,g,1,g,0,g
746,zios italian kitchen,five cheese fettuccine alfredo,55,g,0,mg,2170,g,52,g,0,g,25,g,0,g,2,g,0,g
747,zios italian kitchen,fried mozzarella,71,g,0,mg,2300,g,53,g,0,g,19,g,0,g,1,g,0,g
748,zios italian kitchen,greek pasta,77,g,0,mg,1370,g,87,g,0,g,7,g,0,g,9,g,0,g
749,zios italian kitchen,grilled chicken amalfi,71,g,0,mg,1710,g,66,g,0,g,42,g,0,g,10,g,0,g
750,zios italian kitchen,grilled italian chicken sandwich includes fries,51,g,0,mg,2880,g,108,g,0,g,27,g,0,g,11,g,0,g
751,zios italian kitchen,grilled salmon,65,g,0,mg,7740,g,10,g,0,g,30,g,0,g,2,g,0,g
752,zios italian kitchen,grilled sirloin includes seasonal vegetables,34,g,0,mg,10000,g,6,g,0,g,16,g,0,g,2,g,0,g
753,zios italian kitchen,grilled talipia,59,g,0,mg,400,g,52,g,0,g,18,g,0,g,4,g,0,g
754,zios italian kitchen,grilled talipia includes seasonal vegetables,57,g,0,mg,400,g,48,g,0,g,21,g,0,g,2,g,0,g
755,zios italian kitchen,grilled vegetable lasagna,31,g,0,mg,2390,g,51,g,0,g,15,g,0,g,7,g,0,g
756,zios italian kitchen,house caesar salad,10,g,0,mg,500,g,12,g,0,g,2,g,0,g,3,g,0,g
757,zios italian kitchen,house italian chicken salad,6,g,0,mg,1350,g,23,g,0,g,2,g,0,g,8,g,0,g
758,zios italian kitchen,house salad no dressing,2,g,0,mg,380,g,15,g,0,g,1,g,0,g,3,g,0,g
759,zios italian kitchen,italian nachos,93,g,0,mg,3470,g,119,g,0,g,30,g,0,g,4,g,0,g
760,zios italian kitchen,italian shrimp salad,76,g,0,mg,2600,g,33,g,0,g,21,g,0,g,6,g,0,g
761,zios italian kitchen,italian stuffed mushrooms,43,g,0,mg,1140,g,14,g,0,g,30,g,0,g,2,g,0,g
762,zios italian kitchen,italian sub sandwich includes fries,63,g,0,mg,3720,g,104,g,0,g,21,g,0,g,6,g,0,g
763,zios italian kitchen,italian wedding cake,59,g,0,mg,360,g,104,g,0,g,34,g,0,g,15,g,0,g
764,zios italian kitchen,kids fettuccini alfredo,17,g,0,mg,680,g,24,g,0,g,6,g,0,g,1,g,0,g
765,zios italian kitchen,kids lasagna,34,g,0,mg,1120,g,33,g,0,g,10,g,0,g,3,g,0,g
766,zios italian kitchen,kids macaroni and cheese,21,g,0,mg,1170,g,56,g,0,g,10,g,0,g,3,g,0,g
767,zios italian kitchen,kids ravioli,8,g,0,mg,370,g,40,g,0,g,4.5,g,0,g,2,g,0,g
768,zios italian kitchen,kids spaghetti and meatballs,48,g,0,mg,30,g,26,g,0,g,19,g,0,g,3,g,0,g
769,zios italian kitchen,lasagna,38,g,0,mg,1430,g,37,g,0,g,12,g,0,g,3,g,0,g
770,zios italian kitchen,lemon chicken primavera,69,g,0,mg,5290,g,63,g,0,g,3,g,0,g,7,g,0,g
771,zios italian kitchen,lemon chicken primavera lunch,60,g,0,mg,8300,g,39,g,0,g,1.5,g,0,g,5,g,0,g
772,zios italian kitchen,loaf bread,1.5,g,0,mg,610,g,52,g,0,g,1,g,0,g,2,g,0,g
773,zios italian kitchen,mamas sampler,78,g,0,mg,1440,g,69,g,0,g,31,g,0,g,6,g,0,g
774,zios italian kitchen,manicotti,31,g,0,mg,1220,g,53,g,0,g,4,g,0,g,3,g,0,g
775,zios italian kitchen,manicotti lunch,37,g,0,mg,1740,g,48,g,0,g,7,g,0,g,3,g,0,g
776,zios italian kitchen,minestrone soup bowl,7,g,0,mg,1370,g,37,g,0,g,1,g,0,g,3,g,0,g
777,zios italian kitchen,minestrone soup cup,4,g,0,mg,690,g,23,g,0,g,0,g,0,g,2,g,0,g
778,zios italian kitchen,pasta fasule soup bowl,8,g,0,mg,1670,g,14,g,0,g,2,g,0,g,3,g,0,g
779,zios italian kitchen,pasta fasule soup cup,4.5,g,0,mg,860,g,7,g,0,g,1.5,g,0,g,1,g,0,g
780,zios italian kitchen,pepperoni bread,58,g,0,mg,2730,g,43,g,0,g,27,g,0,g,3,g,0,g
781,zios italian kitchen,pepperoni chicken,74,g,0,mg,3650,g,67,g,0,g,15,g,0,g,6,g,0,g
782,zios italian kitchen,pepperoni chicken calzone,59,g,0,mg,1800,g,50,g,0,g,15,g,0,g,5,g,0,g
783,zios italian kitchen,pepperoni chicken calzone lunch,36,g,0,mg,2750,g,46,g,0,g,4,g,0,g,3,g,0,g
784,zios italian kitchen,ribeye tuscano includes seasonal vegetables,19,g,0,mg,6320,g,4,g,0,g,8,g,0,g,1,g,0,g
785,zios italian kitchen,salmon caesar salad,49,g,0,mg,2960,g,40,g,0,g,5,g,0,g,7,g,0,g
786,zios italian kitchen,salmon house salad,48,g,0,mg,3320,g,65,g,0,g,9,g,0,g,7,g,0,g
787,zios italian kitchen,seafood alfredo,51,g,0,mg,1480,g,51,g,0,g,24,g,0,g,4,g,0,g
788,zios italian kitchen,shrimp limone,59,g,0,mg,1300,g,97,g,0,g,36,g,0,g,10,g,0,g
789,zios italian kitchen,shrimp with angel hair marinara,39,g,0,mg,1460,g,95,g,0,g,5,g,0,g,6,g,0,g
790,zios italian kitchen,sizzling hot apple pie,104,g,0,mg,640,g,87,g,0,g,23,g,0,g,0,g,0,g
791,zios italian kitchen,spaghetti and meat sauce,9,g,0,mg,620,g,23,g,0,g,3,g,0,g,2,g,0,g
792,zios italian kitchen,spaghetti feast,102,g,0,mg,2180,g,46,g,0,g,45,g,0,g,4,g,0,g
793,zios italian kitchen,spaghetti with grilled chicken,13,g,0,mg,2530,g,49,g,0,g,0,g,0,g,8,g,0,g
794,zios italian kitchen,spaghetti with meat sauce,17,g,0,mg,1250,g,43,g,0,g,6,g,0,g,4,g,0,g
795,zios italian kitchen,spaghetti with meatballs,109,g,0,mg,1000,g,60,g,0,g,44,g,0,g,8,g,0,g
796,zios italian kitchen,spaghetti with meatballs dinner,169,g,0,mg,1940,g,91,g,0,g,67,g,0,g,13,g,0,g
797,zios italian kitchen,spaghetti with meatballs lunch,56,g,0,mg,660,g,33,g,0,g,23,g,0,g,4,g,0,g
798,zios italian kitchen,spicy chicken alfredo,51,g,0,mg,3580,g,182,g,0,g,13,g,0,g,13,g,0,g
799,zios italian kitchen,strawberry field salad includes bread,79,g,0,mg,2580,g,95,g,0,g,22,g,0,g,11,g,0,g
800,zios italian kitchen,thai chicken pasta,81,g,0,mg,1360,g,103,g,0,g,8,g,0,g,12,g,0,g
801,zios italian kitchen,the oreo mountain,28,g,0,mg,480,g,152,g,0,g,15,g,0,g,5,g,0,g
802,zios italian kitchen,tilapia with tomato dill sauce,25,g,0,mg,8630,g,49,g,0,g,11,g,0,g,4,g,0,g
803,zios italian kitchen,toasted ravioli,59,g,0,mg,1780,g,87,g,0,g,14,g,0,g,5,g,0,g
804,zios italian kitchen,tomato florentine soup bowl,94,g,0,mg,1870,g,37,g,0,g,58,g,0,g,3,g,0,g
805,zios italian kitchen,tomato florentine soup cup,47,g,0,mg,940,g,18,g,0,g,29,g,0,g,1,g,0,g
806,zios italian kitchen,traditional tiramisu,39,g,0,mg,300,g,136,g,0,g,27,g,0,g,1,g,0,g
807,zios italian kitchen,twin favorites,42,g,0,mg,4340,g,96,g,0,g,14,g,0,g,12,g,0,g
808,zios italian kitchen,veggie primavera,34,g,0,mg,1510,g,36,g,0,g,1.5,g,0,g,4,g,0,g
809,zios italian kitchen,vodka chicken,55,g,0,mg,3350,g,101,g,0,g,23,g,0,g,10,g,0,g
810,zizzi,antipasto grande board,84,g,0,mg,0,g,0,g,0,g,30,g,0,g,0,g,44,g
811,zizzi,arancini,16,g,0,mg,0,g,0,g,0,g,6,g,0,g,0,g,6,g
812,zizzi,baby gem salad,2.5,g,0,mg,0,g,0,g,0,g,1,g,0,g,0,g,1,g
813,zizzi,beef brisket and venison tagliatelle pasta,25,g,0,mg,0,g,0,g,0,g,11,g,0,g,0,g,8,g
814,zizzi,bruschetta,32,g,0,mg,0,g,0,g,0,g,6,g,0,g,0,g,6,g
815,zizzi,bufala caprese,33,g,0,mg,0,g,0,g,0,g,17,g,0,g,0,g,4,g
816,zizzi,calamari,49,g,0,mg,0,g,0,g,0,g,11,g,0,g,0,g,1,g
817,zizzi,calamari starter,24,g,0,mg,0,g,0,g,0,g,6,g,0,g,0,g,1,g
818,zizzi,carne piccante calzone,43,g,0,mg,0,g,0,g,0,g,6,g,0,g,0,g,15,g
819,zizzi,casareccia pollo piccante pasta,46,g,0,mg,0,g,0,g,0,g,23,g,0,g,0,g,6,g
820,zizzi,chicken and prosciutto salad,17,g,0,mg,0,g,0,g,0,g,5,g,0,g,0,g,5,g
821,zizzi,chocolate and banana calzone,29,g,0,mg,0,g,0,g,0,g,1.5,g,0,g,0,g,55,g
822,zizzi,chocolate gelato,3,g,0,mg,0,g,0,g,0,g,1.5,g,0,g,0,g,7,g
823,zizzi,chocolate melt,40,g,0,mg,0,g,0,g,0,g,19,g,0,g,0,g,44,g
824,zizzi,cicchetti sharing board,167,g,0,mg,0,g,0,g,0,g,21,g,0,g,0,g,18,g
825,zizzi,coconut and chocolate ripple gelato,6,g,0,mg,0,g,0,g,0,g,4.5,g,0,g,0,g,12,g
826,zizzi,courgette fritti,7,g,0,mg,0,g,0,g,0,g,8,g,0,g,0,g,4,g
827,zizzi,crab cannelloni pasta,57,g,0,mg,0,g,0,g,0,g,31,g,0,g,0,g,8,g
828,zizzi,creamy riserva cheese mash,14,g,0,mg,0,g,0,g,0,g,3,g,0,g,0,g,0,g
829,zizzi,espresso affogato,29,g,0,mg,0,g,0,g,0,g,15,g,0,g,0,g,25,g
830,zizzi,fonduta formaggi,26,g,0,mg,0,g,0,g,0,g,15,g,0,g,0,g,7,g
831,zizzi,fried herby potatoes,8,g,0,mg,0,g,0,g,0,g,1.5,g,0,g,0,g,3,g
832,zizzi,funghi risotto,20,g,0,mg,0,g,0,g,0,g,9,g,0,g,0,g,1,g
833,zizzi,gamberone and chorizo classic pizza,47,g,0,mg,0,g,0,g,0,g,16,g,0,g,0,g,16,g
834,zizzi,gamberone and chorizo rustica pizza,59,g,0,mg,0,g,0,g,0,g,22,g,0,g,0,g,18,g
835,zizzi,garlic bread,9,g,0,mg,0,g,0,g,0,g,2,g,0,g,0,g,7,g
836,zizzi,garlic bread with mozzarella,17,g,0,mg,0,g,0,g,0,g,7,g,0,g,0,g,16,g
837,zizzi,garlic butter dip,17,g,0,mg,0,g,0,g,0,g,6,g,0,g,0,g,0,g
838,zizzi,garlic kale and broccoli,21,g,0,mg,0,g,0,g,0,g,5,g,0,g,0,g,3,g
839,zizzi,garlic king prawns,19,g,0,mg,0,g,0,g,0,g,3.5,g,0,g,0,g,5,g
840,zizzi,green beans,0,g,0,mg,0,g,0,g,0,g,0,g,0,g,0,g,0,g
841,zizzi,honey sea salt and mascarpone gelato,8,g,0,mg,0,g,0,g,0,g,1.5,g,0,g,0,g,8,g
842,zizzi,italian hot classic pizza,52,g,0,mg,0,g,0,g,0,g,15,g,0,g,0,g,14,g
843,zizzi,italian hot rustica pizza,71,g,0,mg,0,g,0,g,0,g,17,g,0,g,0,g,14,g
844,zizzi,kids bean and basil pesto dip with carrot and cucumber sticks,4.5,g,0,mg,0,g,0,g,0,g,0.5,g,0,g,0,g,4,g
845,zizzi,kids carrot cucumber and garlic bread,2,g,0,mg,0,g,0,g,0,g,0,g,0,g,0,g,3,g
846,zizzi,kids carrot cucumber and non dairy garlic bread,9,g,0,mg,0,g,0,g,0,g,1,g,0,g,0,g,4,g
847,zizzi,kids carrot cucumber and vegan garlic bread,9,g,0,mg,0,g,0,g,0,g,1,g,0,g,0,g,4,g
848,zizzi,kids fish goujons,23,g,0,mg,0,g,0,g,0,g,1.5,g,0,g,0,g,6,g
849,zizzi,kids fruit pot,0,g,0,mg,0,g,0,g,0,g,0,g,0,g,0,g,15,g
850,zizzi,kids garlic bread tiny tummy,1,g,0,mg,0,g,0,g,0,g,0,g,0,g,0,g,1,g
851,zizzi,kids mini non gluten pasta bolognese,7,g,0,mg,0,g,0,g,0,g,2.5,g,0,g,0,g,5,g
852,zizzi,kids mini non gluten pasta formaggi,8,g,0,mg,0,g,0,g,0,g,3.5,g,0,g,0,g,1,g
853,zizzi,kids mini non gluten pasta pomodoro,2,g,0,mg,0,g,0,g,0,g,0,g,0,g,0,g,5,g
854,zizzi,kids mini non gluten pizza margherita no toppings,10,g,0,mg,0,g,0,g,0,g,5,g,0,g,0,g,4,g
855,zizzi,kids mini pasta bolognese,12,g,0,mg,0,g,0,g,0,g,3.5,g,0,g,0,g,5,g
856,zizzi,kids mini pasta formaggi,20,g,0,mg,0,g,0,g,0,g,9,g,0,g,0,g,6,g
857,zizzi,kids mini pasta pesto,24,g,0,mg,0,g,0,g,0,g,2.5,g,0,g,0,g,1,g
858,zizzi,kids mini pasta pomodoro,25,g,0,mg,0,g,0,g,0,g,4,g,0,g,0,g,1,g
859,zizzi,kids mini pasta pomodoro tiny tummy,10,g,0,mg,0,g,0,g,0,g,6,g,0,g,0,g,0,g
860,zizzi,kids mini pizza margherita no toppings,12,g,0,mg,0,g,0,g,0,g,6,g,0,g,0,g,6,g
861,zizzi,kids olives,9,g,0,mg,0,g,0,g,0,g,1,g,0,g,0,g,0,g
862,zizzi,kids vegan mini pizza margherita no toppings,10,g,0,mg,0,g,0,g,0,g,7,g,0,g,0,g,4,g
863,zizzi,king prawn linguine pasta,15,g,0,mg,0,g,0,g,0,g,5,g,0,g,0,g,6,g
864,zizzi,lasagne,61,g,0,mg,0,g,0,g,0,g,30,g,0,g,0,g,12,g
865,zizzi,lemon curd cheesecake,32,g,0,mg,0,g,0,g,0,g,0.5,g,0,g,0,g,43,g
866,zizzi,lemon meringue sundae,22,g,0,mg,0,g,0,g,0,g,14,g,0,g,0,g,56,g
867,zizzi,lemon sorbet,0,g,0,mg,0,g,0,g,0,g,0,g,0,g,0,g,11,g
868,zizzi,little soul bread without dips,5,g,0,mg,0,g,0,g,0,g,1.5,g,0,g,0,g,3,g
869,zizzi,margherita classic pizza,28,g,0,mg,0,g,0,g,0,g,13,g,0,g,0,g,12,g
870,zizzi,margherita rustica pizza,29,g,0,mg,0,g,0,g,0,g,15,g,0,g,0,g,10,g
871,zizzi,mushroom brindisi,33,g,0,mg,0,g,0,g,0,g,13,g,0,g,0,g,6,g
872,zizzi,nduja garlic bread,32,g,0,mg,0,g,0,g,0,g,7,g,0,g,0,g,9,g
873,zizzi,nocellara giganti olives,15,g,0,mg,0,g,0,g,0,g,2,g,0,g,0,g,1,g
874,zizzi,non dairy bruschetta,25,g,0,mg,0,g,0,g,0,g,3.5,g,0,g,0,g,6,g
875,zizzi,non dairy garlic bread,23,g,0,mg,0,g,0,g,0,g,2.5,g,0,g,0,g,4,g
876,zizzi,non dairy lentil linguine ragu,30,g,0,mg,0,g,0,g,0,g,3,g,0,g,0,g,9,g
877,zizzi,non dairy margherita classic,28,g,0,mg,0,g,0,g,0,g,16,g,0,g,0,g,6,g
878,zizzi,non dairy margherita rustica,52,g,0,mg,0,g,0,g,0,g,31,g,0,g,0,g,6,g
879,zizzi,non dairy non gluten margherita,30,g,0,mg,0,g,0,g,0,g,16,g,0,g,0,g,4,g
880,zizzi,non dairy pepperonata classic,30,g,0,mg,0,g,0,g,0,g,24,g,0,g,0,g,14,g
881,zizzi,non dairy pepperonata rustica,56,g,0,mg,0,g,0,g,0,g,47,g,0,g,0,g,17,g
882,zizzi,non dairy vegan beetballs polpette,14,g,0,mg,0,g,0,g,0,g,6,g,0,g,0,g,2,g
883,zizzi,non dairy zucca classic,29,g,0,mg,0,g,0,g,0,g,24,g,0,g,0,g,10,g
884,zizzi,non dairy zucca rustica,54,g,0,mg,0,g,0,g,0,g,47,g,0,g,0,g,12,g
885,zizzi,non gluten beef brisket and venison,34,g,0,mg,0,g,0,g,0,g,9,g,0,g,0,g,8,g
886,zizzi,non gluten bolognese pasta,23,g,0,mg,0,g,0,g,0,g,5,g,0,g,0,g,11,g
887,zizzi,non gluten chorizo carbonara pasta,47,g,0,mg,0,g,0,g,0,g,14,g,0,g,0,g,6,g
888,zizzi,non gluten fonduta formaggi,31,g,0,mg,0,g,0,g,0,g,15,g,0,g,0,g,4,g
889,zizzi,non gluten gamberone and chorizo classic,47,g,0,mg,0,g,0,g,0,g,16,g,0,g,0,g,16,g
890,zizzi,non gluten italian hot,48,g,0,mg,0,g,0,g,0,g,22,g,0,g,0,g,9,g
891,zizzi,non gluten king prawn pasta,15,g,0,mg,0,g,0,g,0,g,5,g,0,g,0,g,8,g
892,zizzi,non gluten king prawns,25,g,0,mg,0,g,0,g,0,g,5,g,0,g,0,g,3,g
893,zizzi,non gluten lentil linguine ragu,23,g,0,mg,0,g,0,g,0,g,3,g,0,g,0,g,7,g
894,zizzi,non gluten margherita classic,24,g,0,mg,0,g,0,g,0,g,13,g,0,g,0,g,7,g
895,zizzi,non gluten pepperoni campagna classic,40,g,0,mg,0,g,0,g,0,g,15,g,0,g,0,g,8,g
896,zizzi,non gluten pesto rosso pasta,66,g,0,mg,0,g,0,g,0,g,23,g,0,g,0,g,6,g
897,zizzi,non gluten pinoli classic,30,g,0,mg,0,g,0,g,0,g,14,g,0,g,0,g,7,g
898,zizzi,non gluten pollo piccante pasta,53,g,0,mg,0,g,0,g,0,g,28,g,0,g,0,g,4,g
899,zizzi,non gluten pomodoro pasta,22,g,0,mg,0,g,0,g,0,g,8,g,0,g,0,g,1,g
900,zizzi,non gluten sea bass,24,g,0,mg,0,g,0,g,0,g,3,g,0,g,0,g,4,g
901,zizzi,non gluten skinny gamberone and chorizo pizza,15,g,0,mg,0,g,0,g,0,g,6,g,0,g,0,g,4,g
902,zizzi,non gluten skinny italian hot pizza,17,g,0,mg,0,g,0,g,0,g,13,g,0,g,0,g,4,g
903,zizzi,non gluten skinny margherita pizza,8,g,0,mg,0,g,0,g,0,g,3.5,g,0,g,0,g,3,g
904,zizzi,non gluten skinny pepperoni campagna pizza,15,g,0,mg,0,g,0,g,0,g,7,g,0,g,0,g,3,g
905,zizzi,non gluten skinny pinoli pizza,10,g,0,mg,0,g,0,g,0,g,5,g,0,g,0,g,5,g
906,zizzi,non gluten soul breads,1.5,g,0,mg,0,g,0,g,0,g,0,g,0,g,0,g,0,g
907,zizzi,non gluten super zucca salad,28,g,0,mg,0,g,0,g,0,g,13,g,0,g,0,g,12,g
908,zizzi,non gluten toscana soup,13,g,0,mg,0,g,0,g,0,g,1.5,g,0,g,0,g,12,g
909,zizzi,non gluten vegan margherita,30,g,0,mg,0,g,0,g,0,g,16,g,0,g,0,g,4,g
910,zizzi,non gluten vegan pepperonata classic,29,g,0,mg,0,g,0,g,0,g,23,g,0,g,0,g,13,g
911,zizzi,non gluten vegan zucca classic,32,g,0,mg,0,g,0,g,0,g,23,g,0,g,0,g,14,g
912,zizzi,pan seared salmon with sauce,33,g,0,mg,0,g,0,g,0,g,4,g,0,g,0,g,6,g
913,zizzi,penne della casa,35,g,0,mg,0,g,0,g,0,g,16,g,0,g,0,g,3,g
914,zizzi,pepperoni campagna classic pizza,29,g,0,mg,0,g,0,g,0,g,12,g,0,g,0,g,10,g
915,zizzi,pepperoni campagna rustica pizza,39,g,0,mg,0,g,0,g,0,g,17,g,0,g,0,g,12,g
916,zizzi,pesce risotto,21,g,0,mg,0,g,0,g,0,g,6,g,0,g,0,g,1,g
917,zizzi,piccante rustica pizza,58,g,0,mg,0,g,0,g,0,g,25,g,0,g,0,g,17,g
918,zizzi,pinoli classic pizza,27,g,0,mg,0,g,0,g,0,g,13,g,0,g,0,g,9,g
919,zizzi,pinoli rustica pizza,36,g,0,mg,0,g,0,g,0,g,18,g,0,g,0,g,12,g
920,zizzi,pollo funghi risotto,20,g,0,mg,0,g,0,g,0,g,6,g,0,g,0,g,1,g
921,zizzi,pollo prosciutto with sides,20,g,0,mg,0,g,0,g,0,g,6,g,0,g,0,g,4,g
922,zizzi,pollo rosso rustica pizza,72,g,0,mg,0,g,0,g,0,g,19,g,0,g,0,g,18,g
923,zizzi,pollo spinaci calzone,53,g,0,mg,0,g,0,g,0,g,24,g,0,g,0,g,9,g
924,zizzi,pork belly arrosto with sides,168,g,0,mg,0,g,0,g,0,g,52,g,0,g,0,g,5,g
925,zizzi,primavera rustica pizza,53,g,0,mg,0,g,0,g,0,g,22,g,0,g,0,g,17,g
926,zizzi,prosecco panna cotta,21,g,0,mg,0,g,0,g,0,g,13,g,0,g,0,g,20,g
927,zizzi,pulled pork roma rustica pizza,84,g,0,mg,0,g,0,g,0,g,37,g,0,g,0,g,25,g
928,zizzi,ravioli di capra pasta,23,g,0,mg,0,g,0,g,0,g,7,g,0,g,0,g,7,g
929,zizzi,red pepper tapenade dip,5,g,0,mg,0,g,0,g,0,g,0,g,0,g,0,g,2,g
930,zizzi,rustica pizza wagyu polpette,58,g,0,mg,0,g,0,g,0,g,25,g,0,g,0,g,14,g
931,zizzi,salted caramel chocolate brownie,45,g,0,mg,0,g,0,g,0,g,27,g,0,g,0,g,69,g
932,zizzi,salted caramel gelato,4.5,g,0,mg,0,g,0,g,0,g,3,g,0,g,0,g,13,g
933,zizzi,salted caramel sundae,41,g,0,mg,0,g,0,g,0,g,19,g,0,g,0,g,90,g
934,zizzi,sea bass with sauce,44,g,0,mg,0,g,0,g,0,g,14,g,0,g,0,g,6,g
935,zizzi,sea bass without sauce,24,g,0,mg,0,g,0,g,0,g,3,g,0,g,0,g,4,g
936,zizzi,skinny gamberone and chorizo pizza,13,g,0,mg,0,g,0,g,0,g,5,g,0,g,0,g,6,g
937,zizzi,skinny italian hot pizza,20,g,0,mg,0,g,0,g,0,g,9,g,0,g,0,g,9,g
938,zizzi,skinny margherita pizza,10,g,0,mg,0,g,0,g,0,g,5,g,0,g,0,g,6,g
939,zizzi,skinny pepperoni campagna pizza,17,g,0,mg,0,g,0,g,0,g,8,g,0,g,0,g,6,g
940,zizzi,skinny pinoli pizza,14,g,0,mg,0,g,0,g,0,g,7,g,0,g,0,g,12,g
941,zizzi,skinny salad,0.5,g,0,mg,0,g,0,g,0,g,0,g,0,g,0,g,3,g
942,zizzi,sofia rustica pizza,51,g,0,mg,0,g,0,g,0,g,23,g,0,g,0,g,8,g
943,zizzi,spaghetti bolognese pasta,15,g,0,mg,0,g,0,g,0,g,5,g,0,g,0,g,8,g
944,zizzi,spaghetti chorizo carbonara pasta,45,g,0,mg,0,g,0,g,0,g,14,g,0,g,0,g,6,g
945,zizzi,spaghetti pomodoro pasta,21,g,0,mg,0,g,0,g,0,g,8,g,0,g,0,g,8,g
946,zizzi,spiedini pescatore with sauce and sides,46,g,0,mg,0,g,0,g,0,g,11,g,0,g,0,g,3,g
947,zizzi,spiedini pollo with sauce and sides,11,g,0,mg,0,g,0,g,0,g,1.5,g,0,g,0,g,7,g
948,zizzi,sticky chocolate torte,31,g,0,mg,0,g,0,g,0,g,18,g,0,g,0,g,32,g
949,zizzi,strawberry sorbet,0,g,0,mg,0,g,0,g,0,g,0,g,0,g,0,g,11,g
950,zizzi,strawberry sundae,28,g,0,mg,0,g,0,g,0,g,11,g,0,g,0,g,40,g
951,zizzi,strozzapreti pesto rosso pasta,66,g,0,mg,0,g,0,g,0,g,23,g,0,g,0,g,8,g
952,zizzi,super zucca salad,21,g,0,mg,0,g,0,g,0,g,8,g,0,g,0,g,14,g
953,zizzi,super zucca salad with chicken,25,g,0,mg,0,g,0,g,0,g,9,g,0,g,0,g,15,g
954,zizzi,sweet potato wedges,21,g,0,mg,0,g,0,g,0,g,4,g,0,g,0,g,20,g
955,zizzi,tiramisu,20,g,0,mg,0,g,0,g,0,g,14,g,0,g,0,g,36,g
956,zizzi,toscana soup,17,g,0,mg,0,g,0,g,0,g,4.5,g,0,g,0,g,9,g
957,zizzi,vanilla gelato,3,g,0,mg,0,g,0,g,0,g,2,g,0,g,0,g,9,g
958,zizzi,vegan beetballs polpette,14,g,0,mg,0,g,0,g,0,g,6,g,0,g,0,g,2,g
959,zizzi,vegan banana and raspberry calzone,17,g,0,mg,0,g,0,g,0,g,5,g,0,g,0,g,41,g
960,zizzi,vegan bruschetta,25,g,0,mg,0,g,0,g,0,g,3.5,g,0,g,0,g,6,g
961,zizzi,vegan garlic bread,23,g,0,mg,0,g,0,g,0,g,2.5,g,0,g,0,g,4,g
962,zizzi,vegan lentil linguine ragu,30,g,0,mg,0,g,0,g,0,g,3,g,0,g,0,g,9,g
963,zizzi,vegan margherita classic,28,g,0,mg,0,g,0,g,0,g,16,g,0,g,0,g,6,g
964,zizzi,vegan margherita rustica,52,g,0,mg,0,g,0,g,0,g,31,g,0,g,0,g,6,g
965,zizzi,vegan non gluten margherita,30,g,0,mg,0,g,0,g,0,g,16,g,0,g,0,g,4,g
966,zizzi,vegan pepperonata classic,30,g,0,mg,0,g,0,g,0,g,24,g,0,g,0,g,14,g
967,zizzi,vegan pepperonata rustica,56,g,0,mg,0,g,0,g,0,g,47,g,0,g,0,g,17,g
968,zizzi,vegan spaghetti pomodoro,26,g,0,mg,0,g,0,g,0,g,2.5,g,0,g,0,g,3,g
969,zizzi,vegan zucca classic,29,g,0,mg,0,g,0,g,0,g,24,g,0,g,0,g,10,g
970,zizzi,vegan zucca rustica,54,g,0,mg,0,g,0,g,0,g,47,g,0,g,0,g,12,g
971,zizzi,wild boar meatballs,30,g,0,mg,0,g,0,g,0,g,11,g,0,g,0,g,6,g
972,zizzi,wild boar meatballs al forno,49,g,0,mg,0,g,0,g,0,g,13,g,0,g,0,g,19,g
973,zizzi,zizzi mixed olives,15,g,0,mg,0,g,0,g,0,g,2,g,0,g,0,g,0,g
974,zoes kitchen,add chicken,10,g,85,mg,770,g,7,g,33,g,1.5,g,0,g,1,g,3,g
975,zoes kitchen,baked feta with cucumbers,32,g,70,mg,1280,g,15,g,16,g,17,g,0,g,2,g,3,g
976,zoes kitchen,baked feta with pita chips,32,g,70,mg,1430,g,31,g,19,g,17,g,0,g,2,g,2,g
977,zoes kitchen,balanced bites snack box,16,g,85,mg,710,g,30,g,30,g,7,g,0,g,3,g,11,g
978,zoes kitchen,basil pesto hummus and cucumbers,32,g,5,mg,600,g,24,g,11,g,4,g,0,g,6,g,5,g
979,zoes kitchen,basil pesto hummus and pita,39,g,5,mg,1110,g,69,g,20,g,5,g,0,g,8,g,7,g
980,zoes kitchen,basil pesto hummus half pint,55,g,10,mg,990,g,31,g,16,g,7,g,0,g,8,g,4,g
981,zoes kitchen,basil pesto hummus pint,97,g,15,mg,1910,g,62,g,30,g,12,g,0,g,16,g,7,g
982,zoes kitchen,basil pesto hummus quart,182,g,25,mg,3740,g,124,g,59,g,22,g,0,g,32,g,14,g
983,zoes kitchen,bowl of chicken orzo soup,3,g,25,mg,1200,g,15,g,12,g,0.5,g,0,g,2,g,3,g
984,zoes kitchen,bowl of mediterranean lentil soup,6,g,0,mg,1150,g,52,g,19,g,1,g,0,g,9,g,5,g
985,zoes kitchen,bowl of tomato bisque with half pita,32,g,25,mg,1570,g,40,g,11,g,7,g,0,g,6,g,18,g
986,zoes kitchen,catering bowl protein medium all chicken build,8,g,90,mg,600,g,1,g,33,g,1.5,g,0,g,0,g,0,g
987,zoes kitchen,catering bowl protein medium all falafel build,3,g,0,mg,560,g,30,g,9,g,0,g,0,g,9,g,5,g
988,zoes kitchen,catering bowl protein medium all lamb kafta build,21,g,75,mg,720,g,3,g,20,g,9,g,0.5,g,1,g,1,g
989,zoes kitchen,catering bowl protein medium all salmon build,10,g,70,mg,90,g,1,g,26,g,1.5,g,0,g,0,g,0,g
990,zoes kitchen,catering bowl protein medium half chicken build,4,g,45,mg,300,g,0,g,17,g,0.5,g,0,g,0,g,0,g
991,zoes kitchen,catering bowl protein medium half falafel build,1.5,g,0,mg,280,g,15,g,5,g,0,g,0,g,4,g,3,g
992,zoes kitchen,catering bowl protein medium half lamb kafta build,10,g,35,mg,350,g,1,g,10,g,4.5,g,0,g,1,g,0,g
993,zoes kitchen,catering bowl protein medium half salmon build,5,g,35,mg,45,g,0,g,13,g,0.5,g,0,g,0,g,0,g
994,zoes kitchen,catering bowl protein small all chicken build,8,g,90,mg,600,g,1,g,33,g,1.5,g,0,g,0,g,0,g
995,zoes kitchen,catering bowl protein small all falafel build,3,g,0,mg,560,g,30,g,9,g,0,g,0,g,9,g,5,g
996,zoes kitchen,catering bowl protein small all lamb kafta build,21,g,75,mg,720,g,3,g,20,g,9,g,0.5,g,1,g,1,g
997,zoes kitchen,catering bowl protein small all salmon build,10,g,70,mg,90,g,1,g,26,g,1.5,g,0,g,0,g,0,g
998,zoes kitchen,catering bowl protein small half chicken build,4,g,45,mg,300,g,0,g,17,g,0.5,g,0,g,0,g,0,g
999,zoes kitchen,catering bowl protein small half falafel build,1.5,g,0,mg,280,g,15,g,5,g,0,g,0,g,4,g,3,g
