,Restaurant Name,Food Name,Total Fat Amount,Total Fat Unit,Cholesterol Amount,Cholesterol Unit,Sodium Amount,Sodium Unit,Total Carbohydrate Amount,Total Carbohydrate Unit,Protein Amount,Protein Unit,Saturated Fat Amount,Saturated Fat Unit,Trans Fat Amount,Trans Fat Unit,Dietary Fiber Amount,Dietary Fiber Unit,Sugars Amount,Sugars Unit,Monounsaturated Fat Amount,Monounsaturated Fat Unit,Polyunsaturated Fat Amount,Polyunsaturated Fat Unit
0,caseys general store,cheese breadsticks,41,g,45,mg,1530,g,90,g,32,g,11,g,0,g,5,g,5,g,,,,
1,caseys general store,cheese sauce cup,4.5,g,5,mg,350,g,6,g,1,g,1.5,g,0,g,0,g,0,g,,,,
2,caseys general store,chef salad,23,g,90,mg,1800,g,12,g,29,g,11,g,0.5,g,3,g,8,g,,,,
3,caseys general store,cherry cake donut,22,g,15,mg,400,g,31,g,3,g,10,g,0,g,1,g,12,g,,,,
4,caseys general store,cherry freeze,0,g,0,mg,15,g,16,g,0,g,0,g,0,g,0,g,16,g,,,,
5,caseys general store,chicken bacon ranch pizza flatbread,13,g,35,mg,430,g,9,g,10,g,5,g,0,g,0,g,1,g,,,,
6,caseys general store,chicken bacon ranch pizza gluten free,18,g,40,mg,580,g,16,g,11,g,6,g,0,g,1,g,3,g,,,,
7,caseys general store,chicken bacon ranch pizza large,17,g,45,mg,690,g,33,g,16,g,6,g,0,g,1,g,4,g,,,,
8,caseys general store,chicken bacon ranch pizza medium,24,g,60,mg,960,g,47,g,21,g,8,g,0,g,1,g,5,g,,,,
9,caseys general store,chicken bacon ranch pizza small,17,g,40,mg,620,g,29,g,13,g,6,g,0,g,1,g,3,g,,,,
10,caseys general store,chicken quesadilla pizza flatbread,8,g,30,mg,270,g,7,g,8,g,4,g,0,g,0,g,1,g,,,,
11,caseys general store,chicken quesadilla pizza gluten free,12,g,35,mg,520,g,22,g,12,g,6,g,0,g,1,g,2,g,,,,
12,caseys general store,chicken quesadilla pizza large,11,g,40,mg,570,g,34,g,14,g,5,g,0,g,1,g,4,g,,,,
13,caseys general store,chicken quesadilla pizza medium,15,g,50,mg,790,g,48,g,19,g,7,g,0,g,2,g,5,g,,,,
14,caseys general store,chicken quesadilla pizza small,10,g,35,mg,510,g,30,g,13,g,5,g,0,g,1,g,3,g,,,,
15,caseys general store,chicken salad croissant,47,g,55,mg,660,g,49,g,19,g,11,g,0.5,g,2,g,11,g,,,,
16,caseys general store,chicken tenders 12 count,42,g,330,mg,4140,g,108,g,126,g,6,g,0,g,6,g,6,g,,,,
17,caseys general store,chicken tenders 24 count,84,g,660,mg,8280,g,216,g,252,g,12,g,0,g,12,g,12,g,,,,
18,caseys general store,chicken tenders 36 count,126,g,990,mg,12420,g,324,g,378,g,18,g,0,g,18,g,18,g,,,,
19,caseys general store,chicken tenders 4 count,14,g,110,mg,1380,g,36,g,42,g,2,g,0,g,2,g,2,g,,,,
20,caseys general store,chipotle mayo,20,g,10,mg,240,g,2,g,0,g,3,g,0,g,0,g,0,g,,,,
21,caseys general store,chocolate cake donut,14,g,20,mg,290,g,23,g,3,g,6,g,0,g,1,g,9,g,,,,
22,caseys general store,chocolate chunk cookie,16,g,20,mg,200,g,42,g,3,g,9,g,0,g,2,g,23,g,,,,
23,caseys general store,chocolate ice cream,6,g,20,mg,95,g,21,g,3,g,4,g,0,g,1,g,16,g,,,,
24,caseys general store,chocolate icing a,0,g,0,mg,15,g,11,g,0,g,0,g,0,g,0,g,11,g,,,,
25,caseys general store,chocolate icing th,0,g,0,mg,15,g,10,g,0,g,0,g,0,g,0,g,9,g,,,,
26,caseys general store,cinnamon roll,6,g,5,mg,290,g,57,g,7,g,1.5,g,0,g,2,g,15,g,,,,
27,caseys general store,cinnamon sugar,0,g,0,mg,0,g,6,g,0,g,0,g,0,g,0,g,6,g,,,,
28,caseys general store,coca cola freeze,0,g,0,mg,10,g,18,g,0,g,0,g,0,g,0,g,18,g,,,,
29,caseys general store,cocoa supreme,2,g,0,mg,170,g,24,g,3,g,1.5,g,0,g,1,g,21,g,,,,
30,caseys general store,coconut,3.5,g,0,mg,0,g,7,g,0,g,0,g,0,g,0,g,7,g,,,,
31,caseys general store,coffee,0,g,0,mg,0,g,0,g,0,g,0,g,0,g,0,g,0,g,,,,
32,caseys general store,coke,0,g,0,mg,25,g,29,g,0,g,0,g,0,g,0,g,29,g,,,,
33,caseys general store,coke zero,0,g,0,mg,30,g,0,g,0,g,0,g,0,g,0,g,0,g,,,,
34,caseys general store,country french dressing,16,g,0,mg,300,g,13,g,0,g,2.5,g,0,g,0,g,12,g,,,,
35,caseys general store,cranberry almond chicken salad croissant limited time only,46,g,50,mg,670,g,58,g,17,g,11,g,0.5,g,4,g,17,g,,,,
36,caseys general store,cream cheese icing,0.5,g,0,mg,15,g,11,g,0,g,0.5,g,0,g,0,g,11,g,,,,
37,caseys general store,crispy chicken sandwich,13,g,50,mg,1000,g,40,g,25,g,2,g,0,g,1,g,3,g,,,,
38,caseys general store,croutons,11,g,35,mg,710,g,1,g,9,g,4,g,0,g,0,g,0,g,,,,
39,caseys general store,crushed red pepper,0,g,0,mg,0,g,1,g,0,g,0,g,0,g,0,g,0,g,,,,
40,caseys general store,diet coke,0,g,0,mg,35,g,0,g,0,g,0,g,0,g,0,g,0,g,,,,
41,caseys general store,diet dr pepper,0,g,0,mg,50,g,0,g,0,g,0,g,0,g,0,g,0,g,,,,
42,caseys general store,diet mtn dew,0,g,0,mg,35,g,0,g,0,g,0,g,0,g,0,g,0,g,,,,
43,caseys general store,diet pepsi,0,g,0,mg,40,g,0,g,0,g,0,g,0,g,0,g,0,g,,,,
44,caseys general store,double fudge cookie,13,g,10,mg,260,g,42,g,4,g,7,g,0,g,2,g,27,g,,,,
45,caseys general store,dr pepper,0,g,0,mg,30,g,26,g,0,g,0,g,0,g,0,g,26,g,,,,
46,caseys general store,dr pepper freeze,0,g,0,mg,25,g,19,g,0,g,0,g,0,g,0,g,18,g,,,,
47,caseys general store,egg white breakfast sandwich,10,g,55,mg,680,g,19,g,20,g,3.5,g,0,g,4,g,2,g,,,,
48,caseys general store,english toffee cappuccino,3.5,g,0,mg,90,g,19,g,1,g,3,g,0,g,0,g,14,g,,,,
49,caseys general store,fall sprinkles,0.5,g,0,mg,0,g,3,g,0,g,0.5,g,0,g,0,g,3,g,,,,
50,caseys general store,fat free french vanilla cappuccino,0,g,0,mg,125,g,22,g,1,g,0,g,0,g,0,g,16,g,,,,
51,caseys general store,french toast twist donut,14,g,0,mg,310,g,27,g,4,g,7,g,0,g,1,g,4,g,,,,
52,caseys general store,french vanilla cappuccino,3,g,0,mg,115,g,20,g,1,g,3,g,0,g,0,g,14,g,,,,
53,caseys general store,french vanilla cream,1.5,g,0,mg,0,g,6,g,0,g,1,g,0,g,0,g,6,g,,,,
54,caseys general store,french vanilla syrup,0,g,0,mg,0,g,18,g,0,g,0,g,0,g,0,g,18,g,,,,
55,caseys general store,french vanilla single,1.5,g,0,mg,0,g,3,g,0,g,1.5,g,0,g,0,g,3,g,,,,
56,caseys general store,fried cinnamon bun donut,15,g,0,mg,320,g,30,g,5,g,7,g,0,g,1,g,3,g,,,,
57,caseys general store,fudge brownie,19,g,0,mg,330,g,72,g,4,g,6,g,0,g,2,g,51,g,,,,
58,caseys general store,glaze a,0,g,0,mg,0,g,11,g,0,g,0,g,0,g,0,g,10,g,,,,
59,caseys general store,glaze th,0,g,0,mg,0,g,11,g,0,g,0,g,0,g,0,g,10,g,,,,
60,caseys general store,glaze donut donut,13,g,0,mg,330,g,31,g,5,g,6,g,0,g,1,g,3,g,,,,
61,caseys general store,golden italian dressing,17,g,0,mg,380,g,3,g,0,g,2.5,g,0,g,0,g,3,g,,,,
62,caseys general store,granulated sugar,0,g,0,mg,0,g,7,g,0,g,0,g,0,g,0,g,0,g,,,,
63,caseys general store,green sanding sugar,0,g,0,mg,0,g,4,g,0,g,0,g,0,g,0,g,4,g,,,,
64,caseys general store,green tea,0,g,0,mg,0,g,0,g,0,g,0,g,0,g,0,g,0,g,,,,
65,caseys general store,grilled chicken feta wrap,60,g,135,mg,1890,g,57,g,38,g,17,g,0,g,3,g,6,g,,,,
66,caseys general store,grilled chicken salad,27,g,105,mg,1540,g,12,g,30,g,12,g,0.5,g,2,g,6,g,,,,
67,caseys general store,grilled chicken sandwich,10,g,85,mg,980,g,30,g,33,g,2,g,0,g,1,g,3,g,,,,
68,caseys general store,half and half,3,g,0,mg,25,g,1,g,1,g,2,g,0,g,0,g,1,g,,,,
69,caseys general store,ham egg cheese croissant,20,g,135,mg,630,g,29,g,13,g,8,g,0,g,1,g,5,g,,,,
70,caseys general store,harvest grain ham,12,g,70,mg,1300,g,4,g,25,g,7,g,0,g,0,g,4,g,,,,
71,caseys general store,harvest grain turkey,10,g,70,mg,1160,g,5,g,26,g,7,g,0,g,1,g,3,g,,,,
72,caseys general store,hashbrowns,7,g,0,mg,270,g,16,g,2,g,2,g,0,g,2,g,1,g,,,,
73,caseys general store,hazelnut syrup,0,g,0,mg,0,g,19,g,0,g,0,g,0,g,0,g,18,g,,,,
74,caseys general store,hazelnut single,1.5,g,0,mg,0,g,3,g,0,g,1.5,g,0,g,0,g,3,g,,,,
75,caseys general store,holiday popcorn,6,g,0,mg,50,g,21,g,1,g,4.5,g,0,g,0,g,16,g,,,,
76,caseys general store,honey mustard sauce,12,g,15,mg,170,g,7,g,0,g,2,g,0,g,0,g,6,g,,,,
77,caseys general store,horseradish sauce,10,g,10,mg,280,g,4,g,0,g,1.5,g,0,g,0,g,3,g,,,,
78,caseys general store,hot ham and cheese,21,g,60,mg,1020,g,35,g,22,g,9,g,0.5,g,1,g,4,g,,,,
79,caseys general store,hot sausage sandwich,34,g,90,mg,1390,g,42,g,28,g,15,g,0.5,g,3,g,7,g,,,,
80,caseys general store,ice cream wafer,0,g,0,mg,10,g,5,g,0,g,0,g,0,g,0,g,0,g,,,,
81,caseys general store,irish cream single,1.5,g,0,mg,5,g,4,g,0,g,1.5,g,0,g,0,g,4,g,,,,
82,caseys general store,italian provolone wrap,49,g,85,mg,2110,g,58,g,29,g,13,g,0,g,3,g,5,g,,,,
83,caseys general store,large flatbread,1.5,g,0,mg,70,g,8,g,1,g,0,g,0,g,0,g,0,g,,,,
84,caseys general store,large flatbread bacon crumbles,3,g,10,mg,110,g,0,g,3,g,1,g,0,g,0,g,0,g,,,,
85,caseys general store,large flatbread banana peppers,0,g,0,mg,80,g,0,g,0,g,0,g,0,g,0,g,0,g,,,,
86,caseys general store,large flatbread beef,2.5,g,10,mg,160,g,0,g,2,g,1,g,0,g,0,g,0,g,,,,
87,caseys general store,large flatbread black olives,0.5,g,0,mg,25,g,0,g,0,g,0,g,0,g,0,g,0,g,,,,
88,caseys general store,large flatbread breakfast sausage,2.5,g,5,mg,90,g,0,g,1,g,1,g,0,g,0,g,0,g,,,,
89,caseys general store,large flatbread canadian bacon,0,g,0,mg,30,g,0,g,1,g,0,g,0,g,0,g,0,g,,,,
90,caseys general store,large flatbread extra cheese,7,g,25,mg,210,g,1,g,6,g,4.5,g,0,g,0,g,0,g,,,,
91,caseys general store,large flatbread green peppers,0,g,0,mg,0,g,0,g,0,g,0,g,0,g,0,g,0,g,,,,
92,caseys general store,large flatbread grilled chicken,1,g,10,mg,95,g,1,g,3,g,0,g,0,g,0,g,0,g,,,,
93,caseys general store,large flatbread ham,0.5,g,5,mg,50,g,0,g,1,g,0,g,0,g,0,g,0,g,,,,
94,caseys general store,large flatbread hot sausage,3.5,g,10,mg,120,g,0,g,2,g,1,g,0,g,0,g,0,g,,,,
95,caseys general store,large flatbread jalapenos,0,g,0,mg,80,g,0,g,0,g,0,g,0,g,0,g,0,g,,,,
96,caseys general store,large flatbread light cheese,2.5,g,10,mg,70,g,0,g,2,g,1.5,g,0,g,0,g,0,g,,,,
97,caseys general store,large flatbread meatballs,2.5,g,5,mg,100,g,1,g,3,g,1,g,0,g,0,g,0,g,,,,
98,caseys general store,large flatbread mild sausage,3.5,g,10,mg,125,g,0,g,2,g,1,g,0,g,0,g,0,g,,,,
99,caseys general store,large flatbread mushrooms,0,g,0,mg,20,g,0,g,0,g,0,g,0,g,0,g,0,g,,,,
100,caseys general store,large flatbread onions,0,g,0,mg,0,g,0,g,0,g,0,g,0,g,0,g,0,g,,,,
101,caseys general store,large flatbread pepperoni,1.5,g,10,mg,200,g,0,g,3,g,2,g,0,g,0,g,0,g,,,,
102,caseys general store,large flatbread pineapple,0,g,0,mg,0,g,1,g,0,g,0,g,0,g,0,g,1,g,,,,
103,caseys general store,large flatbread pizza sauce,0,g,0,mg,10,g,1,g,0,g,0,g,0,g,0,g,0,g,,,,
104,caseys general store,large flatbread regular cheese,5,g,15,mg,140,g,1,g,4,g,3,g,0,g,0,g,0,g,,,,
105,caseys general store,large flatbread spinach,0,g,0,mg,0,g,0,g,0,g,0,g,0,g,0,g,0,g,,,,
106,caseys general store,large flatbread steak,1,g,10,mg,120,g,0,g,2,g,0,g,0,g,0,g,0,g,,,,
107,caseys general store,large flatbread tomatoes,0,g,0,mg,0,g,0,g,0,g,0,g,0,g,0,g,0,g,,,,
108,caseys general store,large pizza bacon crumbles,3.5,g,10,mg,150,g,0,g,4,g,1.5,g,0,g,0,g,0,g,,,,
109,caseys general store,large pizza banana peppers,0,g,0,mg,110,g,0,g,0,g,0,g,0,g,0,g,0,g,,,,
110,caseys general store,large pizza beef,3.5,g,15,mg,210,g,0,g,3,g,1.5,g,0,g,0,g,0,g,,,,
111,caseys general store,large pizza black olives,0.5,g,0,mg,30,g,0,g,0,g,0,g,0,g,0,g,0,g,,,,
112,caseys general store,large pizza breakfast sausage,3,g,10,mg,115,g,0,g,2,g,1,g,0,g,0,g,0,g,,,,
113,caseys general store,large pizza canadian bacon,0,g,5,mg,35,g,0,g,1,g,0,g,0,g,0,g,0,g,,,,
114,caseys general store,large pizza caseys crust,1,g,0,mg,210,g,31,g,4,g,0,g,0,g,1,g,3,g,,,,
115,caseys general store,large pizza extra cheese,10,g,35,mg,280,g,1,g,8,g,6,g,0,g,0,g,0,g,,,,
116,caseys general store,large pizza green peppers,0,g,0,mg,0,g,0,g,0,g,0,g,0,g,0,g,0,g,,,,
117,caseys general store,large pizza grilled chicken,1.5,g,10,mg,130,g,1,g,3,g,0,g,0,g,0,g,0,g,,,,
118,caseys general store,large pizza ham,1,g,5,mg,65,g,0,g,1,g,0,g,0,g,0,g,0,g,,,,
119,caseys general store,large pizza hot sausage,4.5,g,10,mg,160,g,0,g,2,g,1.5,g,0,g,0,g,0,g,,,,
120,caseys general store,large pizza jalapenos,0,g,0,mg,110,g,0,g,0,g,0,g,0,g,0,g,0,g,,,,
121,caseys general store,large pizza light cheese,3,g,10,mg,90,g,0,g,3,g,2,g,0,g,0,g,0,g,,,,
122,caseys general store,large pizza meatballs,3.5,g,10,mg,130,g,1,g,4,g,1,g,0,g,1,g,0,g,,,,
123,caseys general store,large pizza mild sausage,4.5,g,10,mg,170,g,0,g,2,g,1.5,g,0,g,0,g,0,g,,,,
124,caseys general store,large pizza mushrooms,0,g,0,mg,25,g,0,g,0,g,0,g,0,g,0,g,0,g,,,,
125,caseys general store,large pizza onions,0,g,0,mg,0,g,1,g,0,g,0,g,0,g,0,g,0,g,,,,
126,caseys general store,large pizza pepperoni,2,g,15,mg,260,g,0,g,3,g,2.5,g,0,g,0,g,0,g,,,,
127,caseys general store,large pizza pineapple,0,g,0,mg,0,g,1,g,0,g,0,g,0,g,0,g,1,g,,,,
128,caseys general store,large pizza pizza sauce,0,g,0,mg,15,g,1,g,0,g,0,g,0,g,0,g,0,g,,,,
129,caseys general store,large pizza regular cheese,6,g,25,mg,180,g,1,g,6,g,4,g,0,g,0,g,0,g,,,,
130,caseys general store,large pizza spinach,0,g,0,mg,5,g,0,g,0,g,0,g,0,g,0,g,0,g,,,,
131,caseys general store,large pizza steak,1,g,10,mg,160,g,1,g,3,g,0,g,0,g,0,g,0,g,,,,
132,caseys general store,large pizza tomatoes,0,g,0,mg,0,g,0,g,0,g,0,g,0,g,0,g,0,g,,,,
133,caseys general store,lemon blueberry cookie,15,g,35,mg,190,g,43,g,4,g,7,g,0,g,1,g,26,g,,,,
134,caseys general store,long john donut,11,g,0,mg,330,g,37,g,5,g,5,g,0,g,1,g,10,g,,,,
135,caseys general store,made to order banana nut muffin ankeny,34,g,85,mg,520,g,75,g,7,g,6,g,0.5,g,1,g,40,g,,,,
136,caseys general store,made to order banana nut muffin th,37,g,105,mg,470,g,79,g,8,g,6,g,0,g,1,g,45,g,,,,
137,caseys general store,made to order blueberry muffin ankeny,30,g,90,mg,540,g,75,g,6,g,6,g,0,g,0,g,36,g,,,,
138,caseys general store,made to order blueberry muffin th,22,g,75,mg,490,g,78,g,6,g,4,g,0,g,0,g,43,g,,,,
139,caseys general store,made to order chocolate chip muffin ankeny,30,g,85,mg,510,g,80,g,7,g,7,g,0.5,g,2,g,45,g,,,,
140,caseys general store,made to order chocolate chip muffin th,36,g,105,mg,460,g,86,g,8,g,9,g,0,g,0,g,52,g,,,,
141,caseys general store,made to order ham and swiss sub,11,g,65,mg,1630,g,44,g,32,g,6,g,0,g,2,g,6,g,,,,
142,caseys general store,made to order italian provolone sub,20,g,65,mg,1590,g,43,g,28,g,8,g,0,g,2,g,4,g,,,,
143,caseys general store,made to order pumpkin muffin ankeny,31,g,85,mg,520,g,73,g,7,g,6,g,0.5,g,1,g,38,g,,,,
144,caseys general store,made to order pumpkin muffin th,23,g,75,mg,470,g,80,g,6,g,4,g,0,g,2,g,44,g,,,,
145,caseys general store,made to order turkey and cheddar sub,11,g,70,mg,1560,g,43,g,34,g,7,g,0,g,3,g,5,g,,,,
146,caseys general store,maple pecan danish,24,g,5,mg,270,g,43,g,4,g,4,g,5,g,1,g,16,g,,,,
147,caseys general store,mayonnaise,22,g,20,mg,140,g,0,g,0,g,3,g,0,g,0,g,0,g,,,,
148,caseys general store,meat galore pizza flatbread,11,g,35,mg,540,g,9,g,10,g,6,g,0,g,1,g,1,g,,,,
149,caseys general store,meat galore pizza gluten free,15,g,50,mg,780,g,16,g,13,g,8,g,0,g,1,g,3,g,,,,
150,caseys general store,meat galore pizza large,14,g,50,mg,840,g,33,g,16,g,8,g,0.5,g,1,g,3,g,,,,
151,caseys general store,meat galore pizza medium,20,g,70,mg,1230,g,48,g,23,g,11,g,0.5,g,2,g,5,g,,,,
152,caseys general store,meat galore pizza small,13,g,50,mg,820,g,29,g,15,g,8,g,0,g,1,g,3,g,,,,
153,caseys general store,medium pizza bacon crumbles,6,g,15,mg,230,g,0,g,5,g,2,g,0,g,0,g,0,g,,,,
154,caseys general store,medium pizza banana peppers,0,g,0,mg,150,g,0,g,0,g,0,g,0,g,0,g,0,g,,,,
155,caseys general store,medium pizza beef,4.5,g,20,mg,310,g,0,g,4,g,2,g,0,g,0,g,0,g,,,,
156,caseys general store,medium pizza black olives,1,g,0,mg,40,g,0,g,0,g,0,g,0,g,0,g,0,g,,,,
157,caseys general store,medium pizza breakfast sausage,4,g,10,mg,140,g,0,g,2,g,1.5,g,0,g,0,g,0,g,,,,
158,caseys general store,medium pizza canadian bacon,0,g,5,mg,55,g,0,g,1,g,0,g,0,g,0,g,0,g,,,,
159,caseys general store,medium pizza caseys crust,1.5,g,0,mg,300,g,45,g,6,g,0,g,0,g,1,g,4,g,,,,
160,caseys general store,medium pizza extra cheese,12,g,45,mg,350,g,1,g,11,g,8,g,0.5,g,0,g,1,g,,,,
161,caseys general store,medium pizza green peppers,0,g,0,mg,0,g,0,g,0,g,0,g,0,g,0,g,0,g,,,,
162,caseys general store,medium pizza grilled chicken,2,g,15,mg,180,g,1,g,5,g,0.5,g,0,g,0,g,0,g,,,,
163,caseys general store,medium pizza ham,1.5,g,5,mg,95,g,0,g,2,g,0.5,g,0,g,0,g,0,g,,,,
164,caseys general store,medium pizza hot sausage,6,g,15,mg,230,g,0,g,3,g,2,g,0,g,0,g,0,g,,,,
165,caseys general store,medium pizza jalapenos,0,g,0,mg,150,g,0,g,0,g,0,g,0,g,0,g,0,g,,,,
166,caseys general store,medium pizza light cheese,4,g,15,mg,115,g,0,g,4,g,2.5,g,0,g,0,g,0,g,,,,
167,caseys general store,medium pizza meatballs,5,g,15,mg,260,g,2,g,7,g,1.5,g,0,g,1,g,0,g,,,,
168,caseys general store,medium pizza mild sausage,6,g,15,mg,240,g,1,g,3,g,2,g,0,g,0,g,0,g,,,,
169,caseys general store,medium pizza mushrooms,0,g,0,mg,35,g,0,g,0,g,0,g,0,g,0,g,0,g,,,,
170,caseys general store,medium pizza onions,0,g,0,mg,0,g,1,g,0,g,0,g,0,g,0,g,0,g,,,,
171,caseys general store,medium pizza pepperoni,3.5,g,25,mg,430,g,0,g,6,g,4.5,g,0,g,0,g,0,g,,,,
172,caseys general store,medium pizza pineapple,0,g,0,mg,0,g,1,g,0,g,0,g,0,g,0,g,1,g,,,,
173,caseys general store,medium pizza pizza sauce,0,g,0,mg,15,g,1,g,0,g,0,g,0,g,0,g,1,g,,,,
174,caseys general store,medium pizza regular cheese,8,g,30,mg,230,g,1,g,7,g,5,g,0,g,0,g,0,g,,,,
175,caseys general store,medium pizza spinach,0,g,0,mg,5,g,0,g,0,g,0,g,0,g,0,g,0,g,,,,
176,caseys general store,medium pizza steak,1.5,g,15,mg,230,g,1,g,5,g,0.5,g,0,g,0,g,0,g,,,,
177,caseys general store,medium pizza tomatoes,0,g,0,mg,0,g,0,g,0,g,0,g,0,g,0,g,0,g,,,,
178,caseys general store,mega breakfast sandwich,51,g,325,mg,1710,g,41,g,31,g,20,g,0,g,1,g,5,g,,,,
179,caseys general store,mild sausage sandwich,34,g,90,mg,1400,g,42,g,28,g,15,g,0.5,g,4,g,7,g,,,,
180,caseys general store,mini chocolate chip cookies,7,g,5,mg,115,g,16,g,1,g,3,g,0,g,1,g,9,g,,,,
181,caseys general store,mini monster cookies,7,g,0,mg,150,g,14,g,2,g,2,g,0,g,1,g,8,g,,,,
182,caseys general store,mocha iced coffee,4,g,15,mg,260,g,27,g,4,g,2.5,g,0,g,0,g,27,g,,,,
183,caseys general store,mocha max cappuccino,4.5,g,0,mg,160,g,29,g,1,g,4.5,g,0,g,1,g,22,g,,,,
184,caseys general store,mountain dew freeze,0,g,0,mg,20,g,16,g,0,g,0,g,0,g,0,g,16,g,,,,
185,caseys general store,mtn dew,0,g,0,mg,35,g,29,g,0,g,0,g,0,g,0,g,29,g,,,,
186,caseys general store,mtn dew code red,0,g,0,mg,35,g,31,g,0,g,0,g,0,g,0,g,31,g,,,,
187,caseys general store,mug root beer,0,g,0,mg,30,g,26,g,0,g,0,g,0,g,0,g,26,g,,,,
188,caseys general store,olive oil,28,g,0,mg,0,g,0,g,0,g,4,g,0,g,0,g,0,g,,,,
189,caseys general store,original single,1,g,0,mg,0,g,0,g,0,g,1,g,0,g,0,g,0,g,,,,
190,caseys general store,parmesan cheese packet,1,g,5,mg,35,g,1,g,1,g,0.5,g,0,g,0,g,0,g,,,,
191,caseys general store,peach sweet tea,0,g,0,mg,0,g,22,g,0,g,0,g,0,g,0,g,22,g,,,,
192,caseys general store,peanut butter crispy bites,12,g,0,mg,140,g,40,g,5,g,4.5,g,0,g,2,g,26,g,,,,
193,caseys general store,peanuts,4,g,0,mg,0,g,1,g,2,g,0.5,g,0,g,0,g,0,g,,,,
194,caseys general store,pepsi,0,g,0,mg,20,g,28,g,0,g,0,g,0,g,0,g,28,g,,,,
195,caseys general store,philly cheesesteak pizza flatbread,7,g,25,mg,360,g,9,g,8,g,3.5,g,0,g,0,g,1,g,,,,
196,caseys general store,philly cheesesteak pizza gluten free,9,g,30,mg,480,g,16,g,9,g,4,g,0,g,1,g,3,g,,,,
197,caseys general store,philly cheesesteak pizza large,9,g,35,mg,600,g,33,g,13,g,4.5,g,0,g,1,g,3,g,,,,
198,caseys general store,philly cheesesteak pizza medium,12,g,45,mg,830,g,48,g,18,g,6,g,0,g,1,g,5,g,,,,
199,caseys general store,philly cheesesteak pizza small,8,g,30,mg,520,g,30,g,12,g,4,g,0,g,1,g,3,g,,,,
200,caseys general store,pinwheel donut,13,g,40,mg,140,g,10,g,2,g,6,g,0,g,0,g,0,g,,,,
201,caseys general store,pizza sauce cup,0,g,0,mg,100,g,6,g,1,g,0,g,0,g,2,g,3,g,,,,
202,caseys general store,popcorn chicken,14,g,80,mg,1570,g,40,g,30,g,3,g,0,g,2,g,0,g,,,,
203,caseys general store,powdered sugar,0,g,0,mg,0,g,7,g,0,g,0,g,0,g,0,g,7,g,,,,
204,caseys general store,powerade mountain blast,0,g,0,mg,80,g,16,g,0,g,0,g,0,g,0,g,16,g,,,,
205,caseys general store,pull a part donut,10,g,0,mg,230,g,22,g,4,g,4.5,g,0,g,1,g,2,g,,,,
206,caseys general store,pumpkin cake donut,22,g,15,mg,420,g,31,g,3,g,10,g,0,g,1,g,10,g,,,,
207,caseys general store,pumpkin spice cappuccino,4,g,0,mg,105,g,19,g,1,g,4,g,0,g,0,g,15,g,,,,
208,caseys general store,rainbow sprinkles,0.5,g,0,mg,0,g,3,g,0,g,0.5,g,0,g,0,g,3,g,,,,
209,caseys general store,ranch dressing,21,g,15,mg,280,g,2,g,1,g,3,g,0,g,0,g,2,g,,,,
210,caseys general store,ranch sauce,14,g,10,mg,180,g,1,g,0,g,2,g,0,g,0,g,1,g,,,,
211,caseys general store,raspberry bismark donut,10,g,0,mg,290,g,38,g,4,g,4.5,g,0,g,1,g,13,g,,,,
212,caseys general store,raspberry flip,17,g,5,mg,290,g,46,g,5,g,8,g,0,g,1,g,15,g,,,,
213,caseys general store,red sanding sugar,0,g,0,mg,0,g,4,g,0,g,0,g,0,g,0,g,4,g,,,,
214,caseys general store,red wine vinegar,0,g,0,mg,0,g,0,g,0,g,0,g,0,g,0,g,0,g,,,,
215,caseys general store,reduced calorie mayo,8,g,20,mg,190,g,2,g,0,g,0,g,0,g,0,g,2,g,,,,
216,caseys general store,sandwiches and salads baby spinach for salad,0,g,0,mg,55,g,3,g,2,g,0,g,0,g,2,g,0,g,,,,
217,caseys general store,sandwiches and salads baby spinach for sub,0,g,0,mg,10,g,1,g,0,g,0,g,0,g,0,g,0,g,,,,
218,caseys general store,sandwiches and salads bacon,7,g,25,mg,470,g,1,g,6,g,2.5,g,0,g,0,g,0,g,,,,
219,caseys general store,sandwiches and salads banana pepper,0,g,0,mg,440,g,0,g,0,g,0,g,0,g,0,g,0,g,,,,
220,caseys general store,sandwiches and salads black olive,2.5,g,0,mg,125,g,1,g,0,g,0,g,0,g,0,g,0,g,,,,
221,caseys general store,sandwiches and salads chicken salad,23,g,45,mg,280,g,6,g,10,g,3.5,g,0,g,1,g,4,g,,,,
222,caseys general store,sandwiches and salads club combo,2.5,g,45,mg,830,g,2,g,18,g,1,g,0,g,0,g,2,g,,,,
223,caseys general store,sandwiches and salads cold cut combo,16,g,40,mg,860,g,6,g,10,g,7,g,0.5,g,0,g,3,g,,,,
224,caseys general store,sandwiches and salads cucumber,0,g,0,mg,0,g,1,g,0,g,0,g,0,g,0,g,0,g,,,,
225,caseys general store,sandwiches and salads grilled chicken,6,g,50,mg,580,g,3,g,15,g,1.5,g,0,g,0,g,1,g,,,,
226,caseys general store,sandwiches and salads ham,2.5,g,40,mg,1120,g,3,g,17,g,1,g,0,g,0,g,3,g,,,,
227,caseys general store,sandwiches and salads harvest grain,5,g,0,mg,330,g,36,g,10,g,0.5,g,0,g,3,g,4,g,,,,
228,caseys general store,sandwiches and salads italian,12,g,45,mg,950,g,3,g,13,g,4.5,g,0,g,0,g,2,g,,,,
229,caseys general store,sandwiches and salads jalapeno,0,g,0,mg,440,g,1,g,0,g,0,g,0,g,1,g,0,g,,,,
230,caseys general store,sandwiches and salads jalapeno cheddar,5,g,10,mg,530,g,39,g,11,g,3,g,0,g,2,g,2,g,,,,
231,caseys general store,sandwiches and salads lettuce,0,g,0,mg,25,g,5,g,3,g,0,g,0,g,3,g,5,g,,,,
232,caseys general store,sandwiches and salads lettuce for salad,0,g,0,mg,0,g,7,g,2,g,0,g,0,g,5,g,3,g,,,,
233,caseys general store,sandwiches and salads lettuce for sub,0,g,0,mg,0,g,1,g,0,g,0,g,0,g,0,g,1,g,,,,
234,caseys general store,sandwiches and salads meatball,19,g,45,mg,670,g,7,g,18,g,6,g,0,g,2,g,1,g,,,,
235,caseys general store,sandwiches and salads mild cheddar cheese,9,g,30,mg,180,g,0,g,8,g,6,g,0,g,0,g,0,g,,,,
236,caseys general store,sandwiches and salads pepper jack cheese,8,g,30,mg,170,g,2,g,8,g,5,g,0,g,0,g,0,g,,,,
237,caseys general store,sandwiches and salads philly steak,5,g,55,mg,830,g,3,g,17,g,2.5,g,0,g,0,g,2,g,,,,
238,caseys general store,sandwiches and salads pickle,0,g,0,mg,370,g,0,g,0,g,0,g,0,g,0,g,0,g,,,,
239,caseys general store,sandwiches and salads provolone cheese,8,g,25,mg,240,g,2,g,8,g,4,g,0,g,0,g,0,g,,,,
240,caseys general store,sandwiches and salads roast beef,1.5,g,50,mg,800,g,0,g,18,g,1.5,g,0,g,0,g,0,g,,,,
241,caseys general store,sandwiches and salads swiss cheese,8,g,25,mg,105,g,2,g,8,g,5,g,0,g,0,g,0,g,,,,
242,caseys general store,sandwiches and salads tomato,0,g,0,mg,0,g,1,g,0,g,0,g,0,g,0,g,1,g,,,,
243,caseys general store,sandwiches and salads tuna salad,11,g,25,mg,350,g,10,g,6,g,2,g,0,g,1,g,6,g,,,,
244,caseys general store,sandwiches and salads turkey,1,g,40,mg,980,g,4,g,18,g,0.5,g,0,g,1,g,2,g,,,,
245,caseys general store,sandwiches and salads turkey club,6,g,45,mg,690,g,2,g,18,g,2,g,0,g,0,g,1,g,,,,
246,caseys general store,sandwiches and salads wheat bread,2.5,g,0,mg,370,g,37,g,8,g,0,g,0,g,3,g,2,g,,,,
247,caseys general store,sandwiches and salads white bread,1,g,0,mg,400,g,38,g,8,g,0,g,0,g,2,g,2,g,,,,
248,caseys general store,sandwiches and salads wrap all flavors,5,g,0,mg,650,g,50,g,8,g,1.5,g,0,g,2,g,1,g,,,,
249,caseys general store,sandwiches and salads zesty parmesan,1.5,g,5,mg,470,g,38,g,9,g,0.5,g,0,g,2,g,2,g,,,,
250,caseys general store,sausage breakfast pizza with sausage gravy flatbread,11,g,30,mg,390,g,9,g,8,g,5,g,0,g,0,g,1,g,,,,
251,caseys general store,sausage breakfast pizza with sausage gravy gluten free,14,g,65,mg,540,g,15,g,10,g,6,g,0,g,1,g,2,g,,,,
252,caseys general store,sausage breakfast pizza with sausage gravy large,15,g,75,mg,680,g,33,g,15,g,7,g,0,g,1,g,3,g,,,,
253,caseys general store,sausage breakfast pizza with sausage gravy medium,20,g,100,mg,910,g,47,g,20,g,9,g,0,g,1,g,4,g,,,,
254,caseys general store,sausage breakfast pizza with sausage gravy small,13,g,65,mg,580,g,29,g,13,g,6,g,0,g,1,g,3,g,,,,
255,caseys general store,sausage breakfast pizza flatbread,12,g,55,mg,440,g,9,g,9,g,5,g,0,g,0,g,1,g,,,,
256,caseys general store,sausage breakfast pizza gluten free,14,g,65,mg,550,g,16,g,10,g,6,g,0,g,1,g,2,g,,,,
257,caseys general store,sausage breakfast pizza large,15,g,70,mg,700,g,33,g,14,g,7,g,0,g,1,g,3,g,,,,
258,caseys general store,sausage breakfast pizza medium,19,g,100,mg,940,g,48,g,19,g,9,g,0,g,1,g,4,g,,,,
259,caseys general store,sausage breakfast pizza small,12,g,65,mg,590,g,29,g,13,g,6,g,0,g,1,g,3,g,,,,
260,caseys general store,sausage egg cheese biscuit,40,g,160,mg,1400,g,40,g,17,g,21,g,0,g,1,g,4,g,,,,
261,caseys general store,sausage egg cheese croissant,33,g,155,mg,720,g,29,g,15,g,13,g,0,g,1,g,5,g,,,,
262,caseys general store,sig banana nut muffin ankeny,27,g,65,mg,330,g,49,g,6,g,4.5,g,0,g,1,g,25,g,,,,
263,caseys general store,sig blueberry muffin th,19,g,60,mg,360,g,60,g,5,g,3.5,g,0,g,1,g,36,g,,,,
264,caseys general store,sig pumpkin muffin ankeny,22,g,65,mg,500,g,64,g,5,g,4,g,0.5,g,1,g,43,g,,,,
265,caseys general store,signature ham and swiss sub,15,g,65,mg,1560,g,39,g,32,g,7,g,0,g,1,g,7,g,,,,
266,caseys general store,signature italian provolone sub,25,g,65,mg,1520,g,38,g,28,g,9,g,0,g,1,g,6,g,,,,
267,caseys general store,signature turkey and cheddar sub,15,g,70,mg,1490,g,38,g,33,g,8,g,0,g,2,g,6,g,,,,
268,caseys general store,small pizza bacon crumbles,4,g,10,mg,160,g,0,g,4,g,1.5,g,0,g,0,g,0,g,,,,
269,caseys general store,small pizza banana peppers,0,g,0,mg,75,g,0,g,0,g,0,g,0,g,0,g,0,g,,,,
270,caseys general store,small pizza beef,3,g,10,mg,180,g,0,g,2,g,1,g,0,g,0,g,0,g,,,,
271,caseys general store,small pizza black olives,0,g,0,mg,20,g,0,g,0,g,0,g,0,g,0,g,0,g,,,,
272,caseys general store,small pizza breakfast sausage,0.5,g,5,mg,65,g,0,g,2,g,0,g,0,g,0,g,0,g,,,,
273,caseys general store,small pizza canadian bacon,0,g,5,mg,35,g,0,g,1,g,0,g,0,g,0,g,0,g,,,,
274,caseys general store,small pizza caseys crust,1,g,0,mg,190,g,28,g,4,g,0,g,0,g,1,g,2,g,,,,
275,caseys general store,small pizza extra cheese,9,g,30,mg,250,g,1,g,8,g,6,g,0,g,0,g,0,g,,,,
276,caseys general store,small pizza gluten free crust,2.5,g,0,mg,150,g,14,g,1,g,0,g,0,g,1,g,2,g,,,,
277,caseys general store,small pizza green peppers,0,g,0,mg,0,g,0,g,0,g,0,g,0,g,0,g,0,g,,,,
278,caseys general store,small pizza grilled chicken,1,g,10,mg,115,g,1,g,3,g,0,g,0,g,0,g,0,g,,,,
279,caseys general store,small pizza ham,1,g,5,mg,65,g,0,g,1,g,0,g,0,g,0,g,0,g,,,,
280,caseys general store,small pizza hot sausage,4,g,10,mg,140,g,0,g,2,g,1.5,g,0,g,0,g,0,g,,,,
281,caseys general store,small pizza jalapenos,0,g,0,mg,75,g,0,g,0,g,0,g,0,g,0,g,0,g,,,,
282,caseys general store,small pizza light cheese,3,g,10,mg,85,g,0,g,3,g,2,g,0,g,0,g,0,g,,,,
283,caseys general store,small pizza meatballs,3,g,5,mg,115,g,1,g,3,g,1,g,0,g,1,g,0,g,,,,
284,caseys general store,small pizza mild sausage,4,g,10,mg,140,g,0,g,2,g,1.5,g,0,g,0,g,0,g,,,,
285,caseys general store,small pizza mushrooms,0,g,0,mg,20,g,0,g,0,g,0,g,0,g,0,g,0,g,,,,
286,caseys general store,small pizza onions,0,g,0,mg,0,g,0,g,0,g,0,g,0,g,0,g,0,g,,,,
287,caseys general store,small pizza pepperoni,2.5,g,15,mg,290,g,0,g,4,g,3,g,0,g,0,g,0,g,,,,
288,caseys general store,small pizza pineapple,0,g,0,mg,0,g,1,g,0,g,0,g,0,g,0,g,1,g,,,,
289,caseys general store,small pizza pizza sauce,0,g,0,mg,10,g,1,g,0,g,0,g,0,g,0,g,0,g,,,,
290,caseys general store,small pizza regular cheese,6,g,20,mg,170,g,1,g,5,g,3.5,g,0,g,0,g,0,g,,,,
291,caseys general store,small pizza spinach,0,g,0,mg,0,g,0,g,0,g,0,g,0,g,0,g,0,g,,,,
292,caseys general store,small pizza steak,1,g,10,mg,140,g,1,g,3,g,0,g,0,g,0,g,0,g,,,,
293,caseys general store,small pizza tomatoes,0,g,0,mg,0,g,0,g,0,g,0,g,0,g,0,g,0,g,,,,
294,caseys general store,snickerdoodle cookie,13,g,5,mg,180,g,39,g,2,g,6,g,0,g,1,g,23,g,,,,
295,caseys general store,sour creme donut,24,g,10,mg,260,g,31,g,3,g,12,g,0,g,1,g,12,g,,,,
296,caseys general store,southwest roast beef wrap limited time only,9,g,80,mg,980,g,4,g,27,g,7,g,0,g,1,g,2,g,,,,
297,caseys general store,spicy mustard sauce,10,g,10,mg,300,g,4,g,1,g,1.5,g,0,g,0,g,3,g,,,,
298,caseys general store,sprite,0,g,0,mg,45,g,28,g,0,g,0,g,0,g,0,g,28,g,,,,
299,caseys general store,stok french vanilla,1,g,5,mg,85,g,14,g,2,g,0.5,g,0,g,0,g,11,g,,,,
300,caseys general store,stok mocha,1,g,5,mg,85,g,14,g,2,g,1,g,0,g,0,g,11,g,,,,
301,caseys general store,strawberry cheese turnover,14,g,5,mg,330,g,47,g,5,g,7,g,0,g,1,g,17,g,,,,
302,caseys general store,strawberry lemonade,0,g,0,mg,5,g,27,g,0,g,0,g,0,g,0,g,26,g,,,,
303,caseys general store,sugar cookie,13,g,5,mg,180,g,33,g,2,g,6,g,0,g,1,g,17,g,,,,
304,caseys general store,sugar free french vanilla syrup,0,g,0,mg,10,g,0,g,0,g,0,g,0,g,0,g,0,g,,,,
305,caseys general store,sunkist,0,g,0,mg,45,g,29,g,0,g,0,g,0,g,0,g,28,g,,,,
306,caseys general store,supreme pizza flatbread,11,g,35,mg,540,g,10,g,10,g,6,g,0,g,1,g,1,g,,,,
307,caseys general store,supreme pizza gluten free,15,g,45,mg,770,g,16,g,12,g,7,g,0,g,1,g,3,g,,,,
308,caseys general store,supreme pizza large,14,g,45,mg,840,g,34,g,15,g,8,g,0.5,g,2,g,4,g,,,,
309,caseys general store,supreme pizza medium,17,g,60,mg,1120,g,49,g,20,g,10,g,0.5,g,2,g,5,g,,,,
310,caseys general store,supreme pizza small,13,g,45,mg,810,g,30,g,15,g,7,g,0,g,1,g,3,g,,,,
311,caseys general store,sweet and salty mix,8,g,5,mg,25,g,16,g,2,g,5,g,0,g,1,g,16,g,,,,
312,caseys general store,sweet brew lemonade,0,g,0,mg,15,g,32,g,0,g,0,g,0,g,0,g,31,g,,,,
313,caseys general store,sweet tea,0,g,0,mg,0,g,28,g,0,g,0,g,0,g,0,g,28,g,,,,
314,caseys general store,taco pizza flatbread,12,g,35,mg,570,g,14,g,10,g,6,g,0,g,1,g,1,g,,,,
315,caseys general store,taco pizza gluten free,14,g,40,mg,710,g,21,g,11,g,6,g,0,g,2,g,3,g,,,,
316,caseys general store,taco pizza large,16,g,45,mg,880,g,40,g,16,g,7,g,0.5,g,2,g,4,g,,,,
317,caseys general store,taco pizza medium,21,g,60,mg,1220,g,57,g,21,g,10,g,0.5,g,3,g,6,g,,,,
318,caseys general store,taco pizza small,13,g,40,mg,740,g,34,g,13,g,6,g,0,g,2,g,3,g,,,,
319,caseys general store,tropicana lemonade,0,g,0,mg,105,g,27,g,0,g,0,g,0,g,0,g,27,g,,,,
320,caseys general store,tuna salad croissant,31,g,30,mg,830,g,52,g,13,g,8,g,0.5,g,3,g,13,g,,,,
321,caseys general store,turkey and cheese sub,21.79,g,87.75,mg,832.83,g,35.94,g,27.84,g,6.23,g,0.28,g,1.44,g,4.46,g,5.6,g,8.46,g
322,caseys general store,turkey ranch wrap,29,g,80,mg,2000,g,58,g,35,g,10,g,0,g,4,g,6,g,,,,
323,caseys general store,vanilla ice cream,5,g,20,mg,95,g,19,g,4,g,3.5,g,0,g,0,g,14,g,,,,
324,caseys general store,vanilla iced coffee,4,g,15,mg,250,g,27,g,4,g,2.5,g,0,g,0,g,26,g,,,,
325,caseys general store,vegetable breakfast pizza with sausage gravy flatbread,9,g,50,mg,340,g,9,g,8,g,4.5,g,0,g,0,g,1,g,,,,
326,caseys general store,vegetable breakfast pizza with sausage gravy gluten free,12,g,60,mg,450,g,16,g,9,g,5,g,0,g,1,g,2,g,,,,
327,caseys general store,vegetable breakfast pizza with sausage gravy large,11,g,30,mg,520,g,33,g,12,g,6,g,0,g,1,g,3,g,,,,
328,caseys general store,vegetable breakfast pizza with sausage gravy medium,16,g,90,mg,770,g,47,g,18,g,8,g,0,g,1,g,4,g,,,,
329,caseys general store,vegetable breakfast pizza with sausage gravy small,10,g,60,mg,480,g,29,g,11,g,5,g,0,g,1,g,3,g,,,,
330,caseys general store,vegetable breakfast pizza flatbread,9,g,45,mg,350,g,9,g,8,g,4.5,g,0,g,0,g,1,g,,,,
331,caseys general store,vegetable breakfast pizza gluten free,11,g,60,mg,460,g,16,g,9,g,5,g,0,g,1,g,3,g,,,,
332,caseys general store,vegetable breakfast pizza large,12,g,65,mg,580,g,33,g,13,g,6,g,0,g,1,g,3,g,,,,
333,caseys general store,vegetable breakfast pizza medium,15,g,90,mg,800,g,48,g,17,g,8,g,0,g,1,g,4,g,,,,
334,caseys general store,vegetable breakfast pizza small,10,g,60,mg,500,g,30,g,11,g,5,g,0,g,1,g,3,g,,,,
335,caseys general store,vegetable pizza flatbread,7,g,15,mg,280,g,10,g,6,g,3.5,g,0,g,1,g,1,g,,,,
336,caseys general store,vegetable pizza gluten free,9,g,20,mg,400,g,17,g,7,g,3.5,g,0,g,1,g,3,g,,,,
337,caseys general store,vegetable pizza large,8,g,25,mg,490,g,34,g,10,g,4,g,0,g,2,g,4,g,,,,
338,caseys general store,vegetable pizza medium,11,g,30,mg,670,g,49,g,14,g,5,g,0,g,2,g,5,g,,,,
339,caseys general store,vegetable pizza small,8,g,20,mg,440,g,31,g,9,g,3.5,g,0,g,1,g,3,g,,,,
340,caseys general store,vidalia onion sauce,9,g,0,mg,75,g,10,g,0,g,1.5,g,0,g,0,g,9,g,,,,
341,caseys general store,vitamin water xxx,0,g,0,mg,25,g,14,g,0,g,0,g,0,g,0,g,13,g,,,,
342,caseys general store,white cake pre fried version donut,21,g,15,mg,470,g,30,g,4,g,10,g,0,g,1,g,11,g,,,,
343,caseys general store,white cake donut,18,g,15,mg,530,g,41,g,5,g,7,g,0,g,1,g,15,g,,,,
344,caseys general store,white chocolate caramel cappuccino,3,g,0,mg,70,g,21,g,0,g,3,g,0,g,0,g,14,g,,,,
345,caseys general store,white icing,0,g,0,mg,0,g,12,g,0,g,0,g,0,g,0,g,11,g,,,,
346,caseys general store,wild cherry pepsi,0,g,0,mg,20,g,28,g,0,g,0,g,0,g,0,g,28,g,,,,
347,champps,seared ahi tuna with wonton chips,14,g,0,mg,1920,g,40,g,33,g,1.5,g,0,g,4,g,0,g,,,,
348,champps,margherita flatbread,38,g,0,mg,1210,g,70,g,32,g,15,g,0,g,5,g,0,g,,,,
349,champps,cantina chicken quesadilla,108.6,g,0,mg,3733,g,118.8,g,87,g,46.5,g,6.7,g,11,g,0,g,,,,
350,champps,applewood smoked bacon deviled eggs,44,g,0,mg,670,g,6,g,22,g,10,g,0,g,2,g,0,g,,,,
351,champps,spinach artichoke dip,50.5,g,0,mg,732,g,130.5,g,18,g,7.5,g,0.0001,g,11,g,0,g,,,,
352,champps,champps famous wings without sauce,120.1,g,0,mg,602,g,1.8,g,87.5,g,24.7,g,0,g,1,g,0,g,,,,
353,champps,mile high chicken nachos,197.7,g,0,mg,5155,g,252.2,g,127,g,82.9,g,0.1,g,22,g,0,g,,,,
354,champps,pulled pork deviled eggs,47,g,0,mg,860,g,6,g,37,g,12,g,0,g,1,g,0,g,,,,
355,champps,spud skins with sour cream,94.7,g,0,mg,1895,g,87.7,g,31,g,28.6,g,7.9,g,9,g,0,g,,,,
356,champps,buffalo chicken tenders without sauce,16.7,g,0,mg,1753,g,38,g,82,g,4.1,g,1.2,g,2,g,0,g,,,,
357,champps,mile high chili nachos,209.7,g,0,mg,5393,g,258,g,125,g,87.8,g,0.6,g,22,g,0,g,,,,
358,champps,farmhouse chicken tenders without sauce,16.6,g,0,mg,1753,g,38,g,82,g,4.1,g,1.2,g,2,g,0,g,,,,
359,champps,calamari fritti,68.5,g,0,mg,2421,g,57.4,g,52,g,9.6,g,0.0001,g,11,g,0,g,,,,
360,champps,sampler platter without dipping sauce,121.6,g,0,mg,5296,g,108.5,g,129,g,41.7,g,12.6,g,8,g,0,g,,,,
361,champps,chicken bacon spinach flatbread,55,g,0,mg,1790,g,71,g,58,g,30,g,0,g,5,g,0,g,,,,
362,champps,greek hummus,29,g,0,mg,1620,g,105,g,30,g,8,g,0,g,15,g,0,g,,,,
363,champps,chocolate whiskey cake,70.7,g,0,mg,761,g,181,g,19.8,g,38.4,g,1.5,g,4.7,g,0,g,,,,
364,champps,mile high ice cream pie,115.4,g,0,mg,786,g,210,g,23,g,59.4,g,0.1,g,5,g,0,g,,,,
365,champps,waffle fries,21.9,g,0,mg,507,g,38.4,g,3.4,g,1.7,g,0,g,3,g,0,g,,,,
366,champps,kettle chips,19,g,0,mg,405,g,28,g,2.7,g,3.3,g,0,g,2.7,g,0,g,,,,
367,champps,sweet potato fries,41.4,g,0,mg,853,g,47.8,g,3.4,g,7,g,3.5,g,3,g,0,g,,,,
368,champps,fries,30,g,0,mg,926,g,49,g,5,g,4,g,0,g,5,g,0,g,,,,
369,champps,lunch bbq chopped salad with dressing,41,g,0,mg,1228,g,43,g,28,g,8,g,2,g,9,g,0,g,,,,
370,champps,lunch cobb salad without dressing,32.8,g,0,mg,1052,g,9.2,g,35.2,g,12.9,g,0.0001,g,3.7,g,0,g,,,,
371,champps,lunch blackened chicken alfredo without crostini,68.6,g,0,mg,998,g,53,g,40.2,g,34.6,g,0.2,g,4.1,g,0,g,,,,
372,champps,lunch sicilian turkey sausage farfalle without crostini,38.4,g,0,mg,1854,g,57,g,27.3,g,11.2,g,0,g,5,g,0,g,,,,
373,champps,lunch cranberry apple spinach salad with dressing,38,g,0,mg,1234,g,35,g,39,g,13,g,0,g,4,g,0,g,,,,
374,champps,lunch harvest chopped salad with dressing,42,g,0,mg,905,g,26,g,30,g,10,g,0,g,5,g,0,g,,,,
375,champps,lunch picnic chicken salad sandwich without kettle chips,37.4,g,0,mg,1525,g,69.4,g,20.3,g,10.8,g,1,g,4.5,g,0,g,,,,
376,champps,lunch grown up grilled cheese sandwich without kettle chips,57.6,g,0,mg,2492,g,45.8,g,38,g,19.3,g,1.4,g,2.2,g,0,g,,,,
377,champps,lunch chicken caesar salad with dressing,58,g,0,mg,1205,g,25,g,23,g,10,g,3,g,4,g,0,g,,,,
378,champps,lunch seaside shrimp and pasta without crostini,42,g,0,mg,977,g,61,g,32,g,15,g,0,g,6,g,0,g,,,,
379,champps,creole jambalaya with rice,55,g,0,mg,5310,g,69,g,67,g,13,g,0,g,5,g,0,g,,,,
380,champps,beer battered fish and chips without sides,53.3,g,0,mg,1928,g,98.9,g,43,g,5.8,g,3.4,g,5,g,0,g,,,,
381,champps,farmhouse chicen tender dinner without sides or sauce,16.6,g,0,mg,1753,g,38,g,82,g,4.1,g,1.2,g,2,g,0,g,,,,
382,champps,champps baby back ribs full rack without sides,118.1,g,0,mg,1316,g,74.2,g,86,g,44.9,g,0.7,g,4,g,0,g,,,,
383,champps,tuscan salmon with broccoli,32.5,g,0,mg,2104,g,37.6,g,52,g,5.7,g,0.0001,g,11,g,0,g,,,,
384,champps,grilled ny strip and shrimp without sides,52.2,g,0,mg,962,g,0.3,g,68.5,g,21.2,g,0,g,0.0001,g,0,g,,,,
385,champps,champps baby back ribs half rack without sides,63.5,g,0,mg,1139,g,61.4,g,44,g,23.1,g,0.4,g,3,g,0,g,,,,
386,champps,sicilian turkey sausage farfalle without crostini,62,g,0,mg,2990,g,92,g,44,g,18,g,0,g,8,g,0,g,,,,
387,champps,vodka farfalle without crostini,73,g,0,mg,1130,g,97,g,49,g,31,g,0.5,g,6,g,0,g,,,,
388,champps,bourbon salmon without sides,24.6,g,0,mg,696,g,11.1,g,49,g,3,g,0.0001,g,0,g,0,g,,,,
389,champps,rosemarys grilled chicken,120,g,0,mg,3480,g,27,g,88,g,26,g,0,g,6,g,0,g,,,,
390,champps,champps top sirloin without sides,36.2,g,0,mg,540,g,0,g,61,g,14.9,g,0,g,0,g,0,g,,,,
391,champps,blackened chicken alfredo without crostini,99,g,0,mg,1460,g,98,g,73,g,45,g,0,g,7,g,0,g,,,,
392,champps,dinner bbq chopped salad with dressing,56,g,0,mg,1580,g,54,g,43,g,11,g,2,g,13,g,0,g,,,,
393,champps,dinner big green salad without dressing,35,g,0,mg,710,g,37,g,14,g,10,g,5,g,6,g,0,g,,,,
394,champps,dinner harvest chopped salad with dressing,84,g,0,mg,1810,g,52,g,60,g,20,g,0,g,10,g,0,g,,,,
395,champps,dinner cranbery apple spinach salad with dressing,62.6,g,0,mg,2056,g,58.6,g,65,g,21.1,g,0.1,g,7,g,0,g,,,,
396,champps,side caesar salad without dressing,23,g,0,mg,580,g,15,g,6,g,5,g,2,g,2,g,0,g,,,,
397,champps,dinner wedge salad with dressing,37,g,0,mg,910,g,11,g,17,g,12,g,0,g,3,g,0,g,,,,
398,champps,side garden salad without dressing,12,g,0,mg,250,g,18,g,3,g,2,g,2,g,3,g,0,g,,,,
399,champps,dinner chicken caesar salad with dressing,66,g,0,mg,1380,g,34,g,39,g,12,g,4,g,5,g,0,g,,,,
400,champps,dinner cobb salad without dressing,54,g,0,mg,1670,g,16,g,61,g,20,g,0,g,7,g,0,g,,,,
401,champps,turkey avocado wrap without kettle chips,45.4,g,0,mg,2297,g,53.5,g,45,g,14.1,g,0.7,g,6,g,0,g,,,,
402,champps,champps cheeseburger without sides,66.7,g,0,mg,1624,g,46.8,g,56,g,23.8,g,0.1,g,1,g,0,g,,,,
403,champps,french dip hoagie roll with au jus without fries,22.3,g,0,mg,1197,g,38,g,86,g,6.2,g,0.6,g,1,g,0,g,,,,
404,champps,bleu ribbon burger without sides,83.9,g,0,mg,2389,g,48.4,g,69,g,32.5,g,0.2,g,1,g,0,g,,,,
405,champps,dinner picnic chicken salad sandwich without kettle chips,39.7,g,0,mg,1066,g,98,g,12,g,6.8,g,0.3,g,5,g,0,g,,,,
406,champps,carolina burger without sides,60.6,g,0,mg,1643,g,60.9,g,53,g,20.3,g,2.7,g,3,g,0,g,,,,
407,champps,homestyle chicken wrap without chips and salsa,44.5,g,0,mg,1959,g,51,g,69,g,13.8,g,0.4,g,3,g,0,g,,,,
408,champps,the champps club sandwich without kettle chips,29.1,g,0,mg,2380,g,43.3,g,60,g,13.7,g,0.0001,g,3,g,0,g,,,,
409,champps,buffalo bleu chicken sandwich without fries,26.8,g,0,mg,2990,g,45.9,g,62,g,8.8,g,0.1,g,1,g,0,g,,,,
410,champps,bourbon bacon bbq chicken sandwich without fries,39.8,g,0,mg,2380,g,66.5,g,73,g,13.1,g,0.3,g,2,g,0,g,,,,
411,champps,turkey fresca burger without sides,60,g,0,mg,2460,g,52,g,38,g,16,g,0,g,2,g,0,g,,,,
412,champps,chipotle bbq burger without sides,90,g,0,mg,1785,g,46.8,g,73,g,29.7,g,0.1,g,1,g,0,g,,,,
413,champps,south of the border burger without sides,69.5,g,0,mg,1795,g,51.2,g,59,g,25,g,0.1,g,2,g,0,g,,,,
414,champps,4 hour bbq pulled pork sandwich without sides,50.6,g,0,mg,1339,g,63.3,g,60,g,13.8,g,0.3,g,2,g,0,g,,,,
415,champps,grown up grilled cheese sandwich without kettle chips,80,g,0,mg,3000,g,53,g,49,g,24,g,1,g,2,g,0,g,,,,
416,champps,hot honey wing sauce,7.1,g,0,mg,818,g,29.6,g,0.3,g,1.2,g,0.0001,g,1,g,0,g,,,,
417,champps,honey sriracha wing sauce,5,g,0,mg,1170,g,17,g,1,g,1,g,0,g,0,g,0,g,,,,
418,champps,classic buffalo wing sauce,17.3,g,0,mg,1691,g,1.9,g,1,g,3,g,0.0001,g,0,g,0,g,,,,
419,champps,caribbean jerk wing sauce,3.6,g,0,mg,1302,g,24.3,g,0.5,g,0.6,g,0.0001,g,0,g,0,g,,,,
420,champps,parmesan garlic wing sauce,38.8,g,0,mg,668,g,4.2,g,6,g,8.3,g,0,g,1,g,0,g,,,,
421,champps,onion rings,47.6,g,0,mg,773,g,90.2,g,13,g,5.6,g,0,g,4,g,0,g,,,,
422,champps,pasta salad,18,g,0,mg,310,g,36,g,7,g,2,g,0,g,2,g,0,g,,,,
423,champps,jasmine rice,0.3,g,0,mg,453,g,38,g,0.7,g,0.0001,g,0,g,1,g,0,g,,,,
424,champps,coleslaw,12.2,g,0,mg,525,g,15.8,g,3.3,g,1.7,g,0,g,3,g,0,g,,,,
425,champps,french onion soup,17.3,g,0,mg,1563,g,19.9,g,14,g,10,g,0.4,g,1,g,0,g,,,,
426,champps,fully loaded potato soup,17.7,g,0,mg,751,g,19.9,g,5,g,10.3,g,0.0001,g,1,g,0,g,,,,
427,champps,rustic chicken noodle soup,7,g,0,mg,1680,g,29,g,24,g,1.5,g,0,g,3,g,0,g,,,,
428,champps,champps chili,28.7,g,0,mg,1126,g,13.9,g,30,g,14.7,g,0.7,g,3,g,0,g,,,,
429,champps,bbq pulled pork tacos,62.3,g,0,mg,3197,g,141.4,g,51,g,8.9,g,0.0001,g,9,g,0,g,,,,
430,champps,fresco steak tacos,38.1,g,0,mg,2111,g,68.8,g,49,g,14.7,g,0.9,g,12,g,0,g,,,,
431,champps,12 oz grilled ny strip and shrimp,52,g,0,mg,0,g,0,g,69,g,0,g,0,g,0,g,0,g,,,,
432,champps,16 oz bone in ribeye,34,g,0,mg,0,g,2,g,65,g,0,g,0,g,1,g,0,g,,,,
433,champps,4 hour bbq pulled pork sandwich,51,g,0,mg,0,g,63,g,60,g,0,g,0,g,2,g,0,g,,,,
434,champps,8 oz champps top sirloin,36,g,0,mg,0,g,0,g,61,g,0,g,0,g,0,g,0,g,,,,
435,champps,balsamic vinaigrette dressing,12,g,0,mg,0,g,5,g,0,g,0,g,0,g,0,g,0,g,,,,
436,champps,bbq pulled pork tacos,62,g,0,mg,0,g,141,g,51,g,0,g,0,g,9,g,0,g,,,,
437,champps,beer battered fish and chips,53,g,0,mg,0,g,99,g,43,g,0,g,0,g,5,g,0,g,,,,
438,champps,blackened chicken alfredo,99,g,0,mg,0,g,98,g,73,g,0,g,0,g,7,g,0,g,,,,
439,champps,blackened chicken alfredo lunch,69,g,0,mg,0,g,53,g,40,g,0,g,0,g,4,g,0,g,,,,
440,champps,bleu cheese dressing,28,g,0,mg,0,g,1,g,2,g,0,g,0,g,0,g,0,g,,,,
441,champps,bleu ribbon burger,84,g,0,mg,0,g,48,g,69,g,0,g,0,g,1,g,0,g,,,,
442,champps,bourbon bacon bbq chicken sandwich,40,g,0,mg,0,g,67,g,73,g,0,g,0,g,2,g,0,g,,,,
443,champps,bourbon salmon,25,g,0,mg,0,g,11,g,49,g,0,g,0,g,0,g,0,g,,,,
444,champps,broccoli,9,g,0,mg,0,g,11,g,5,g,0,g,0,g,5,g,0,g,,,,
445,champps,buffalo bleu chicken sandwich,27,g,0,mg,0,g,46,g,62,g,0,g,0,g,1,g,0,g,,,,
446,champps,buffalo chicken tenders without sauces,17,g,0,mg,0,g,38,g,82,g,0,g,0,g,2,g,0,g,,,,
447,champps,caesar dressing,40,g,0,mg,0,g,2,g,2,g,0,g,0,g,0,g,0,g,,,,
448,champps,calamari fritti,69,g,0,mg,0,g,57,g,52,g,0,g,0,g,5,g,0,g,,,,
449,champps,cantina chicken quesadilla,109,g,0,mg,0,g,119,g,87,g,0,g,0,g,11,g,0,g,,,,
450,champps,caribbean jerk wing sauce,3.5,g,0,mg,0,g,24,g,1,g,0,g,0,g,0,g,0,g,,,,
451,champps,carolina burger,61,g,0,mg,0,g,61,g,53,g,0,g,0,g,3,g,0,g,,,,
452,champps,champps baby back ribs full rack,118,g,0,mg,0,g,74,g,86,g,0,g,0,g,4,g,0,g,,,,
453,champps,champps baby back ribs half rack,63,g,0,mg,0,g,61,g,44,g,0,g,0,g,3,g,0,g,,,,
454,champps,champps cheeseburger,67,g,0,mg,0,g,47,g,56,g,0,g,0,g,1,g,0,g,,,,
455,champps,champps chili,29,g,0,mg,0,g,14,g,30,g,0,g,0,g,3,g,0,g,,,,
456,champps,champps famous wings without sauce,120,g,0,mg,0,g,2,g,88,g,0,g,0,g,1,g,0,g,,,,
457,champps,chicken bacon spinach flatbread,55,g,0,mg,0,g,71,g,58,g,0,g,0,g,5,g,0,g,,,,
458,champps,chipotle bbq burger,90,g,0,mg,0,g,47,g,73,g,0,g,0,g,1,g,0,g,,,,
459,champps,chipotle bbq wing sauce,18,g,0,mg,0,g,31,g,1,g,0,g,0,g,0,g,0,g,,,,
460,champps,chipotle ranch dressing,22,g,0,mg,0,g,15,g,0,g,0,g,0,g,0,g,0,g,,,,
461,champps,chips and queso,98,g,0,mg,0,g,145,g,45,g,0,g,0,g,11,g,0,g,,,,
462,champps,chocolate whiskey cake,71,g,0,mg,0,g,181,g,20,g,0,g,0,g,5,g,0,g,,,,
463,champps,citrus vinaigrette dressing,41,g,0,mg,0,g,24,g,0,g,0,g,0,g,0,g,0,g,,,,
464,champps,clasic buffalo wing sauce,17,g,0,mg,0,g,2,g,1,g,0,g,0,g,0,g,0,g,,,,
465,champps,coleslaw,13,g,0,mg,0,g,16,g,3,g,0,g,0,g,3,g,0,g,,,,
466,champps,creamy tomato vinaigrette dressing,17,g,0,mg,0,g,0,g,0,g,0,g,0,g,0,g,0,g,,,,
467,champps,creole jambalaya,55,g,0,mg,0,g,69,g,67,g,0,g,0,g,5,g,0,g,,,,
468,champps,deviled eggs with applewood smoked bacon,44,g,0,mg,0,g,6,g,22,g,0,g,0,g,2,g,0,g,,,,
469,champps,deviled eggs with pulled pork,47,g,0,mg,0,g,6,g,37,g,0,g,0,g,1,g,0,g,,,,
470,champps,farmhouse chicken tender dinner,17,g,0,mg,0,g,38,g,82,g,0,g,0,g,2,g,0,g,,,,
471,champps,farmhouse chicken tenders without sauces,17,g,0,mg,0,g,38,g,82,g,0,g,0,g,2,g,0,g,,,,
472,champps,flamin hot wing sauce,7,g,0,mg,0,g,4,g,2,g,0,g,0,g,1,g,0,g,,,,
473,champps,french dip,22,g,0,mg,0,g,38,g,86,g,0,g,0,g,1,g,0,g,,,,
474,champps,french onion soup,17,g,0,mg,0,g,20,g,14,g,0,g,0,g,1,g,0,g,,,,
475,champps,fresco chicken tacos,29,g,0,mg,0,g,64,g,58,g,0,g,0,g,8,g,0,g,,,,
476,champps,fresco steak tacos,38,g,0,mg,0,g,69,g,49,g,0,g,0,g,12,g,0,g,,,,
477,champps,fries,30,g,0,mg,0,g,49,g,5,g,0,g,0,g,5,g,0,g,,,,
478,champps,fully loaded potato soup,18,g,0,mg,0,g,20,g,5,g,0,g,0,g,1,g,0,g,,,,
479,champps,greek hummus,29,g,0,mg,0,g,105,g,30,g,0,g,0,g,15,g,0,g,,,,
480,champps,grown up grilled cheese sandwich,80,g,0,mg,0,g,53,g,49,g,0,g,0,g,2,g,0,g,,,,
481,champps,grown up grilled cheese lunch,58,g,0,mg,0,g,46,g,38,g,0,g,0,g,2,g,0,g,,,,
482,champps,homestyle chicken wrap,45,g,0,mg,0,g,51,g,69,g,0,g,0,g,3,g,0,g,,,,
483,champps,honey mustard dressing,27,g,0,mg,0,g,15,g,0,g,0,g,0,g,0,g,0,g,,,,
484,champps,honey sriracha wing sauce,5,g,0,mg,0,g,17,g,1,g,0,g,0,g,0,g,0,g,,,,
485,champps,hot honey wing sauce,7,g,0,mg,0,g,30,g,0,g,0,g,0,g,1,g,0,g,,,,
486,champps,house made garlic mashed potatoes,29,g,0,mg,0,g,32,g,4,g,0,g,0,g,4,g,0,g,,,,
487,champps,jasmine rice,0,g,0,mg,0,g,38,g,1,g,0,g,0,g,1,g,0,g,,,,
488,champps,kettle chips,19,g,0,mg,0,g,28,g,3,g,0,g,0,g,3,g,0,g,,,,
489,champps,light italian dressing,4.5,g,0,mg,0,g,1,g,0,g,0,g,0,g,0,g,0,g,,,,
490,champps,margherita flatbread,38,g,0,mg,0,g,70,g,32,g,0,g,0,g,5,g,0,g,,,,
491,champps,marinara mozzarella sticks,46,g,0,mg,0,g,67,g,26,g,0,g,0,g,7,g,0,g,,,,
492,champps,mega ice cream cookie,67,g,0,mg,0,g,195,g,23,g,0,g,0,g,3,g,0,g,,,,
493,champps,mega pretzel,14,g,0,mg,0,g,174,g,24,g,0,g,0,g,9,g,0,g,,,,
494,champps,mile high nachos with chicken,198,g,0,mg,0,g,252,g,127,g,0,g,0,g,22,g,0,g,,,,
495,champps,mile high nachos with chili,210,g,0,mg,0,g,254,g,125,g,0,g,0,g,23,g,0,g,,,,
496,champps,mile high ice cream pie,115,g,0,mg,0,g,210,g,23,g,0,g,0,g,5,g,0,g,,,,
497,champps,onion rings,48,g,0,mg,0,g,90,g,13,g,0,g,0,g,4,g,0,g,,,,
498,champps,parmesan garlic wing sauce,39,g,0,mg,0,g,4,g,6,g,0,g,0,g,1,g,0,g,,,,
499,champps,pasta salad,18,g,0,mg,0,g,36,g,7,g,0,g,0,g,2,g,0,g,,,,
500,champps,pepper seared ahi tacos,41,g,0,mg,0,g,60,g,32,g,0,g,0,g,6,g,0,g,,,,
501,champps,picnic chicken salad sandwich,40,g,0,mg,0,g,98,g,12,g,0,g,0,g,5,g,0,g,,,,
502,champps,picnic chicken salad lunch,37,g,0,mg,0,g,69,g,20,g,0,g,0,g,5,g,0,g,,,,
503,champps,ranch dressing,22,g,0,mg,0,g,15,g,1,g,0,g,0,g,0,g,0,g,,,,
504,champps,rosemarys grilled chicken,120,g,0,mg,0,g,27,g,88,g,0,g,0,g,6,g,0,g,,,,
505,champps,rustic chicken noodle soup,7,g,0,mg,0,g,29,g,24,g,0,g,0,g,3,g,0,g,,,,
506,champps,sampler platter without dipping sauce,122,g,0,mg,0,g,108,g,129,g,0,g,0,g,8,g,0,g,,,,
507,champps,seared ahi tuna,14,g,0,mg,0,g,40,g,33,g,0,g,0,g,4,g,0,g,,,,
508,champps,seaside shrimp and pasta,53,g,0,mg,0,g,95,g,39,g,0,g,0,g,7,g,0,g,,,,
509,champps,seaside shrimp and pasta lunch,42,g,0,mg,0,g,61,g,32,g,0,g,0,g,6,g,0,g,,,,
510,champps,sicilian turkey sausage farfalle,62,g,0,mg,0,g,92,g,44,g,0,g,0,g,8,g,0,g,,,,
511,champps,sicilian turkey sausage farfalle lunch,38,g,0,mg,0,g,57,g,27,g,0,g,0,g,5,g,0,g,,,,
512,champps,side caesar salad,23,g,0,mg,0,g,15,g,6,g,0,g,0,g,2,g,0,g,,,,
513,champps,side garden salad,12,g,0,mg,0,g,18,g,3,g,0,g,0,g,3,g,0,g,,,,
514,champps,south of the border burger,70,g,0,mg,0,g,51,g,59,g,0,g,0,g,2,g,0,g,,,,
515,champps,spinach artichoke dip,51,g,0,mg,0,g,130,g,18,g,0,g,0,g,11,g,0,g,,,,
516,champps,spud skins,95,g,0,mg,0,g,88,g,31,g,0,g,0,g,9,g,0,g,,,,
517,champps,sweet potato fries,41,g,0,mg,0,g,48,g,3,g,0,g,0,g,3,g,0,g,,,,
518,champps,the bbq chopped salad,56,g,0,mg,0,g,54,g,43,g,0,g,0,g,13,g,0,g,,,,
519,champps,the bbq chopped salad lunch,41,g,0,mg,0,g,43,g,28,g,0,g,0,g,9,g,0,g,,,,
520,champps,the big green salad without dressing,35,g,0,mg,0,g,37,g,14,g,0,g,0,g,6,g,0,g,,,,
521,champps,the champps club sandwich,29,g,0,mg,0,g,43,g,60,g,0,g,0,g,3,g,0,g,,,,
522,champps,the chicken caesar salad,66,g,0,mg,0,g,34,g,39,g,0,g,0,g,5,g,0,g,,,,
523,champps,the chicken caesar salad lunch,58,g,0,mg,0,g,25,g,23,g,0,g,0,g,4,g,0,g,,,,
524,champps,the cobb salad,54,g,0,mg,0,g,16,g,61,g,0,g,0,g,7,g,0,g,,,,
525,champps,the cobb salad lunch,33,g,0,mg,0,g,9,g,35,g,0,g,0,g,4,g,0,g,,,,
526,champps,the cranberry apple spinach salad,63,g,0,mg,0,g,59,g,65,g,0,g,0,g,7,g,0,g,,,,
527,champps,the cranberry apple spinach salad lunch,38,g,0,mg,0,g,35,g,39,g,0,g,0,g,4,g,0,g,,,,
528,champps,the harvest chopped salad,84,g,0,mg,0,g,52,g,60,g,0,g,0,g,10,g,0,g,,,,
529,champps,the harvest chopped salad lunch,42,g,0,mg,0,g,26,g,30,g,0,g,0,g,5,g,0,g,,,,
530,champps,the wedge salad,37,g,0,mg,0,g,11,g,17,g,0,g,0,g,3,g,0,g,,,,
531,champps,thousand island dressing,36,g,0,mg,0,g,3,g,1,g,0,g,0,g,1,g,0,g,,,,
532,champps,turkey avocado wrap,45,g,0,mg,0,g,53,g,45,g,0,g,0,g,6,g,0,g,,,,
533,champps,turkey fresca burger,60,g,0,mg,0,g,52,g,38,g,0,g,0,g,2,g,0,g,,,,
534,champps,tuscan salmon,32,g,0,mg,0,g,38,g,52,g,0,g,0,g,11,g,0,g,,,,
535,champps,vodka farfalle,73,g,0,mg,0,g,97,g,49,g,0,g,0,g,6,g,0,g,,,,
536,champps,vodka farfalle lunch,45,g,0,mg,0,g,60,g,30,g,0,g,0,g,4,g,0,g,,,,
537,champps,waffle fries,22,g,0,mg,0,g,38,g,3,g,0,g,0,g,3,g,0,g,,,,
538,charleston chew,vanilla chewy flavored nougat candy bar with chocolatey coating,4.5,g,0,mg,25,g,30,g,1,g,3,g,0,g,0,g,21,g,,,,
539,charleston chew,strawberry chewy flavored nougat candy bar with chocolatey coating,4.5,g,0,mg,25,g,33,g,1,g,3,g,0,g,0,g,23,g,,,,
540,charleston chew,minis chewy flavored nougat candy with chocolatey coating,6,g,0,mg,30,g,34,g,1,g,4,g,0,g,0,g,24,g,,,,
541,charleston chew,blueberry lemonade,0,g,0,mg,0,g,66,g,2,g,0,g,0,g,0.5,g,64,g,,,,
542,charleston chew,bar,2,g,0,mg,10,g,15,g,1,g,1,g,0,g,0,g,10,g,,,,
543,charleston chew,bloody mary bold and spicy mix,0,g,0,mg,1106,g,6,g,1,g,0,g,0,g,1,g,3,g,,,,
544,charleston chew,bloody mix mary fresh and veggie,0,g,0,mg,243,g,6,g,1,g,0,g,0,g,1,g,3,g,,,,
545,charleston chew,candy bar vanilla,5,g,0,mg,30,g,32,g,1,g,4,g,0,g,0,g,23,g,,,,
546,charleston chew,candy vanilla flavored,4.5,g,0,mg,25,g,31,g,1,g,3,g,0,g,0,g,22,g,,,,
547,charleston chew,chewy chocolate nugget,4.5,g,0,mg,25,g,31,g,1,g,3,g,0,g,0,g,22,g,,,,
548,charleston chew,chewy flavored nougat,4.5,g,0,mg,20,g,31,g,1,g,4,g,0,g,0,g,22,g,,,,
549,charleston chew,chewy vanilla candy with chocolate coating,6,g,0,mg,30,g,33,g,1,g,4,g,0,g,0,g,24,g,,,,
550,charleston chew,chocolate,8,g,0,mg,35,g,53,g,2,g,5,g,0,g,1,g,36,g,,,,
551,charleston chew,flavored hot cocoa chocolatey nougat,3,g,0,mg,200,g,10,g,1,g,0,g,0,g,1,g,5,g,,,,
552,charleston chew,nougat chewy flavored chocolate coating,4.5,g,0,mg,25,g,31,g,1,g,3,g,0,g,0,g,22,g,,,,
553,charleston chew,rollers vanilla,4,g,0,mg,10,g,25,g,1,g,3.5,g,0,g,0,g,18,g,,,,
554,charleston chew,vanilla charleston chew,1.5,g,0,mg,0,g,9,g,0,g,1,g,0,g,0,g,6,g,,,,
555,charleston chew,vanilla chew,6,g,0,mg,30,g,33,g,1,g,4,g,0,g,0,g,24,g,,,,
556,charleston chew,vanilla flavored chewy nougat rolled in a chocolatey coating,5,g,0,mg,15,g,32,g,1,g,4.5,g,0,g,0,g,23,g,,,,
557,charleston chew,vanilla nougat chocolate chew,8,g,0,mg,45,g,49,g,2,g,5,g,0,g,1,g,34,g,,,,
558,charleston chew,vanilla nougat hot cocoa,3,g,0,mg,200,g,10,g,1,g,0,g,0,g,1,g,5,g,,,,
559,charleys philly steaks,strawberry lemonade,0,g,0,mg,0,g,67,g,2,g,0,g,0,g,0,g,64,g,,,,
560,charleys philly steaks,original lemonade,0,g,0,mg,0,g,58,g,2,g,0,g,0,g,0,g,56,g,,,,
561,charleys philly steaks,peach lemonade,0,g,0,mg,0,g,66,g,2,g,0,g,0,g,0,g,64,g,,,,
562,charleys philly steaks,iced tea,0,g,0,mg,15,g,2,g,0,g,0,g,0,g,0,g,2,g,,,,
563,charleys philly steaks,raspberry lemonade,0,g,0,mg,0,g,66,g,2,g,0,g,0,g,0,g,63,g,,,,
564,charleys philly steaks,bacon egg and cheese breakfast sandwich,26,g,400,mg,800,g,36,g,25,g,9,g,0,g,1,g,4,g,,,,
565,charleys philly steaks,steak egg and cheese breakfast sandwich,25,g,425,mg,890,g,36,g,36,g,9,g,0,g,1,g,3,g,,,,
566,charleys philly steaks,egg and cheese breakfast burrito,31,g,235,mg,1230,g,49,g,19,g,9,g,0,g,2,g,1,g,,,,
567,charleys philly steaks,bacon egg and cheese breakfast burrito,39,g,250,mg,1590,g,50,g,26,g,12,g,0,g,2,g,2,g,,,,
568,charleys philly steaks,veggie omelet breakfast platter,46,g,585,mg,1250,g,62,g,31,g,14,g,0,g,8,g,8,g,,,,
569,charleys philly steaks,hashbrowns,18,g,0,mg,400,g,27,g,2,g,3.5,g,0,g,5,g,0,g,,,,
570,charleys philly steaks,ham omelet,25.5,g,690,mg,1289,g,10,g,42,g,10,g,0,g,0,g,0,g,,,,
571,charleys philly steaks,steak and cheese omelet breakfast platter,50,g,630,mg,1460,g,55,g,45,g,16,g,0.5,g,6,g,5,g,,,,
572,charleys philly steaks,toast,2,g,0,mg,260,g,24,g,4,g,0,g,0,g,1,g,2,g,,,,
573,charleys philly steaks,orange juice,0,g,0,mg,15,g,27,g,2,g,0,g,0,g,0,g,22,g,,,,
574,charleys philly steaks,bacon and cheese omelet breakfast platter,52,g,605,mg,1370,g,55,g,34,g,16,g,0,g,6,g,5,g,,,,
575,charleys philly steaks,sausage egg and cheese breakfast sandwich,44,g,435,mg,980,g,36,g,26,g,14,g,0,g,1,g,3,g,,,,
576,charleys philly steaks,sausage egg and cheese breakfast burrito,40,g,250,mg,1340,g,49,g,21,g,12,g,0,g,2,g,1,g,,,,
577,charleys philly steaks,sausage and cheese omelet breakfast platter,69,g,635,mg,1550,g,55,g,35,g,22,g,0,g,6,g,4,g,,,,
578,charleys philly steaks,egg and cheese breakfast sandwich,24,g,400,mg,850,g,37,g,23,g,9,g,0,g,1,g,4,g,,,,
579,charleys philly steaks,original fries,22,g,0,mg,510,g,46,g,5,g,7,g,0,g,8,g,0,g,,,,
580,charleys philly steaks,cheese and bacon fries,42,g,20,mg,1730,g,63,g,15,g,15,g,0,g,10,g,2,g,,,,
581,charleys philly steaks,ultimate gourmet fries,54,g,25,mg,1600,g,61,g,15,g,16,g,0,g,10,g,3,g,,,,
582,charleys philly steaks,cheese gourmet fries,31,g,5,mg,1250,g,62,g,6,g,11,g,0,g,10,g,2,g,,,,
583,charleys philly steaks,nacho deluxe fries,57,g,45,mg,2300,g,66,g,20,g,19,g,0,g,11,g,5,g,,,,
584,charleys philly steaks,grilled chicken salad without cheese or dressing,1.5,g,50,mg,420,g,8,g,20,g,0.5,g,0,g,4,g,4,g,,,,
585,charleys philly steaks,steakhouse salad without cheese or dressing,5,g,40,mg,410,g,8,g,18,g,2,g,0,g,3,g,4,g,,,,
586,charleys philly steaks,fresh garden salad without dressing or cheese,0,g,0,mg,190,g,7,g,2,g,0,g,0,g,3,g,4,g,,,,
587,charleys philly steaks,chicken philly sub with provolone small,11,g,70,mg,910,g,37,g,32,g,6,g,0,g,2,g,3,g,,,,
588,charleys philly steaks,chicken california grilled sub small,25,g,75,mg,1180,g,38,g,32,g,8,g,0,g,3,g,4,g,,,,
589,charleys philly steaks,philly cheesesteak grilled sub small,22,g,65,mg,1200,g,39,g,27,g,8,g,0.5,g,2,g,4,g,,,,
590,charleys philly steaks,chicken teriyaki grilled sub small,17,g,80,mg,940,g,41,g,33,g,7,g,0,g,3,g,6,g,,,,
591,charleys philly steaks,bacon 3 cheesesteak grilled sub small,29,g,85,mg,1230,g,39,g,35,g,12,g,0.5,g,2,g,4,g,,,,
592,charleys philly steaks,chicken buffalo grilled sub small,18,g,80,mg,940,g,41,g,32,g,7,g,0,g,3,g,4,g,,,,
593,charleys philly steaks,chicken california grilled sub large,56,g,205,mg,2860,g,76,g,82,g,17,g,1,g,6,g,8,g,,,,
594,charleys philly steaks,philly cheesesteak grilled sub large,54,g,180,mg,2890,g,80,g,73,g,20,g,1.5,g,5,g,9,g,,,,
595,charleys philly steaks,chicken teriyaki grilled sub large,42,g,215,mg,2410,g,88,g,84,g,15,g,1,g,7,g,15,g,,,,
596,charleys philly steaks,veggie delight grilled sub large,21,g,50,mg,1320,g,96,g,30,g,10,g,0.5,g,9,g,18,g,,,,
597,charleys philly steaks,turkey cheddar melt grilled sub small,20,g,75,mg,1980,g,42,g,33,g,7,g,0,g,2,g,4,g,,,,
598,charleys philly steaks,pepperoni steak grilled sub large,68,g,215,mg,3200,g,80,g,82,g,24,g,1.5,g,5,g,9,g,,,,
599,charleys philly steaks,ultimate club grilled sub small,23,g,85,mg,2080,g,42,g,32,g,9,g,0,g,2,g,6,g,,,,
600,charleys philly steaks,chicken philly sub with provolone large,24,g,190,mg,2150,g,76,g,82,g,12,g,0.5,g,6,g,8,g,,,,
601,charleys philly steaks,chicken california grilled sub regular,40,g,140,mg,2010,g,56,g,56,g,12,g,0.5,g,4,g,5,g,,,,
602,charleys philly steaks,chicken teriyaki grilled sub regular,29,g,145,mg,1660,g,63,g,58,g,11,g,0.5,g,5,g,11,g,,,,
603,charleys philly steaks,italian deluxe grilled sub regular,48,g,130,mg,3580,g,61,g,50,g,16,g,1,g,3,g,9,g,,,,
604,charleys philly steaks,chicken philly sub with provolone regular,18,g,130,mg,1520,g,55,g,57,g,9,g,0,g,4,g,5,g,,,,
605,charleys philly steaks,philly cheesesteak grilled sub regular,38,g,125,mg,2030,g,58,g,51,g,14,g,1,g,4,g,6,g,,,,
606,charleys philly steaks,chicken buffalo grilled sub large,44,g,205,mg,4320,g,84,g,82,g,15,g,0.5,g,7,g,8,g,,,,
607,charleys philly steaks,bacon 3 cheesesteak grilled sub regular,43,g,140,mg,1950,g,58,g,56,g,16,g,1,g,4,g,6,g,,,,
608,charleys philly steaks,bacon 3 cheesesteak grilled sub large,63,g,205,mg,2870,g,80,g,80,g,23,g,1.5,g,5,g,9,g,,,,
609,charleys philly steaks,turkey cheddar melt grilled sub regular,33,g,130,mg,3670,g,65,g,58,g,11,g,0,g,3,g,7,g,,,,
610,charleys philly steaks,italian deluxe grilled sub large,69,g,75,mg,5260,g,84,g,72,g,23,g,1,g,4,g,12,g,,,,
611,charleys philly steaks,ultimate club grilled sub regular,40,g,150,mg,3850,g,64,g,58,g,14,g,0.5,g,3,g,11,g,,,,
612,charleys philly steaks,pepperoni steak grilled sub small,30,g,90,mg,1410,g,39,g,33,g,11,g,0.5,g,2,g,4,g,,,,
613,charleys philly steaks,chicken buffalo grilled sub regular,31,g,140,mg,3080,g,61,g,57,g,11,g,0,g,5,g,6,g,,,,
614,charleys philly steaks,veggie grilled sub regular,15,g,35,mg,950,g,69,g,23,g,8,g,0,g,6,g,12,g,,,,
615,charleys philly steaks,turkey cheddar melt grilled sub large,47,g,185,mg,5390,g,91,g,84,g,16,g,0.5,g,4,g,10,g,,,,
616,charleys philly steaks,pepperoni steak grilled sub regular,49,g,150,mg,2290,g,58,g,57,g,18,g,1,g,4,g,7,g,,,,
617,charleys philly steaks,jalapeno steak grilled sub small,21,g,65,mg,1200,g,39,g,29,g,8,g,0.5,g,2,g,4,g,,,,
618,charleys philly steaks,philly veggie grilled sub small,14,g,35,mg,780,g,48,g,19,g,8,g,0,g,4,g,9,g,,,,
619,charleys philly steaks,jalapeno steak grilled sub large,53,g,180,mg,3000,g,80,g,74,g,20,g,1.5,g,5,g,9,g,,,,
620,charleys philly steaks,ultimate club grilled sub large,56,g,205,mg,5240,g,88,g,78,g,19,g,0.5,g,4,g,14,g,,,,
621,charleys philly steaks,jalapeno steak grilled sub regular,37,g,125,mg,2090,g,58,g,52,g,14,g,1,g,4,g,6,g,,,,
622,charleys philly steaks,italian deluxe grilled sub small,27,g,70,mg,1940,g,40,g,28,g,9,g,0,g,2,g,5,g,,,,
623,charleys philly steaks,mayonnaise small or medium,6,g,5,mg,40,g,0,g,0,g,1,g,0,g,0,g,0,g,,,,
624,charleys philly steaks,mayonnaise large,17,g,10,mg,120,g,0.5,g,0,g,2.5,g,0,g,0,g,0,g,,,,
625,charleys philly steaks,angry ghost boneless chicken,7,g,10,mg,570,g,9,g,5,g,1,g,0,g,0,g,1,g,,,,
626,charleys philly steaks,angry ghost classic chicken,10,g,45,mg,340,g,3,g,10,g,2.5,g,0,g,0,g,0,g,,,,
627,charleys philly steaks,angry ghost sauce,1.5,g,0,mg,1220,g,11,g,0,g,0,g,0,g,0,g,0,g,,,,
628,charleys philly steaks,bacon 3 cheesesteak large,44,g,200,mg,2350,g,78,g,78,g,20,g,1.5,g,3,g,9,g,,,,
629,charleys philly steaks,bacon 3 cheesesteak regular,31,g,135,mg,1600,g,56,g,54,g,14,g,1,g,2,g,6,g,,,,
630,charleys philly steaks,bacon 3 cheesesteak small,22,g,85,mg,1060,g,38,g,34,g,11,g,0.5,g,2,g,4,g,,,,
631,charleys philly steaks,baked beans large,0,g,0,mg,2050,g,110,g,19,g,0,g,0,g,16,g,55,g,,,,
632,charleys philly steaks,baked beans regular,0,g,0,mg,770,g,41,g,7,g,0,g,0,g,6,g,21,g,,,,
633,charleys philly steaks,banana peppers large cheesesteak topping,0,g,0,mg,350,g,1,g,0,g,0,g,0,g,0,g,0,g,,,,
634,charleys philly steaks,banana peppers regular cheesesteak topping,0,g,0,mg,230,g,1,g,0,g,0,g,0,g,0,g,0,g,,,,
635,charleys philly steaks,banana peppers small cheesesteak topping,0,g,0,mg,115,g,0,g,0,g,0,g,0,g,0,g,0,g,,,,
636,charleys philly steaks,barqs root beer large,0,g,0,mg,85,g,69,g,0,g,0,g,0,g,0,g,69,g,,,,
637,charleys philly steaks,barqs root beer regular,0,g,0,mg,55,g,47,g,0,g,0,g,0,g,0,g,47,g,,,,
638,charleys philly steaks,blue cheese dip,28,g,25,mg,270,g,2,g,2,g,5,g,0,g,0,g,1,g,,,,
639,charleys philly steaks,buffalo boneless chicken,7,g,10,mg,600,g,7,g,5,g,1,g,0,g,0,g,1,g,,,,
640,charleys philly steaks,buffalo classic chicken,10,g,45,mg,340,g,1,g,10,g,2.5,g,0,g,0,g,0,g,,,,
641,charleys philly steaks,buffalo sauce,2,g,0,mg,1320,g,4,g,0,g,0,g,0,g,0,g,0,g,,,,
642,charleys philly steaks,cajun rub,0,g,0,mg,800,g,2,g,0,g,0,g,0,g,1,g,0,g,,,,
643,charleys philly steaks,cajun rub boneless chicken,7,g,10,mg,1070,g,8,g,5,g,1,g,0,g,1,g,2,g,,,,
644,charleys philly steaks,cajun rub classic chicken,9,g,45,mg,840,g,2,g,10,g,2.5,g,0,g,1,g,0,g,,,,
645,charleys philly steaks,celery sticks with blue cheese dip,28,g,25,mg,300,g,3,g,2,g,5,g,0,g,1,g,1,g,,,,
646,charleys philly steaks,celery sticks with ranch dip,21,g,15,mg,310,g,3,g,1,g,3,g,0,g,1,g,1,g,,,,
647,charleys philly steaks,cheese and bacon gourmet fries,42,g,20,mg,1730,g,63,g,15,g,15,g,0,g,10,g,2,g,,,,
648,charleys philly steaks,cheese gourmet fries,31,g,5,mg,1250,g,62,g,6,g,11,g,0,g,10,g,2,g,,,,
649,charleys philly steaks,cheese sauce,4.5,g,5,mg,680,g,6,g,1,g,2.5,g,0,g,0,g,2,g,,,,
650,charleys philly steaks,chicken buffalo cheesesteak large,25,g,190,mg,3370,g,82,g,82,g,13,g,0.5,g,6,g,7,g,,,,
651,charleys philly steaks,chicken buffalo cheesesteak regular,18,g,130,mg,2440,g,60,g,56,g,9,g,0,g,4,g,5,g,,,,
652,charleys philly steaks,chicken buffalo cheesesteak small,12,g,70,mg,1530,g,40,g,32,g,6,g,0,g,3,g,3,g,,,,
653,charleys philly steaks,chicken california cheesesteak large,38,g,195,mg,2350,g,72,g,81,g,14,g,1,g,5,g,6,g,,,,
654,charleys philly steaks,chicken california cheesesteak regular,28,g,135,mg,1670,g,52,g,56,g,11,g,0.5,g,3,g,4,g,,,,
655,charleys philly steaks,chicken california cheesesteak small,18,g,70,mg,1020,g,36,g,31,g,7,g,0,g,2,g,3,g,,,,
656,charleys philly steaks,chicken philly cheesesteak large,24,g,190,mg,2150,g,76,g,82,g,12,g,0.5,g,6,g,8,g,,,,
657,charleys philly steaks,chicken philly cheesesteak regular,18,g,130,mg,1520,g,55,g,57,g,9,g,0,g,4,g,5,g,,,,
658,charleys philly steaks,chicken philly cheesesteak small,11,g,70,mg,910,g,37,g,32,g,6,g,0,g,2,g,3,g,,,,
659,charleys philly steaks,chicken teriyaki cheesesteak large,24,g,200,mg,1870,g,86,g,83,g,12,g,1,g,5,g,14,g,,,,
660,charleys philly steaks,chicken teriyaki cheesesteak regular,18,g,140,mg,1300,g,62,g,57,g,9,g,0.5,g,4,g,10,g,,,,
661,charleys philly steaks,chicken teriyaki cheesesteak small,12,g,75,mg,760,g,40,g,32,g,6,g,0,g,2,g,5,g,,,,
662,charleys philly steaks,coke zero large,0,g,0,mg,65,g,0,g,0,g,0,g,0,g,0,g,0,g,,,,
663,charleys philly steaks,coke zero regular,0,g,0,mg,45,g,0,g,0,g,0,g,0,g,0,g,0,g,,,,
664,charleys philly steaks,coke large,0,g,0,mg,55,g,63,g,0,g,0,g,0,g,0,g,63,g,,,,
665,charleys philly steaks,coke regular,0,g,0,mg,40,g,43,g,0,g,0,g,0,g,0,g,43,g,,,,
666,charleys philly steaks,coleslaw large,43,g,45,mg,1020,g,31,g,3,g,7,g,0,g,6,g,25,g,,,,
667,charleys philly steaks,coleslaw regular,16,g,15,mg,370,g,11,g,1,g,2.5,g,0,g,2,g,9,g,,,,
668,charleys philly steaks,diet coke large,0,g,0,mg,80,g,0,g,0,g,0,g,0,g,0,g,0,g,,,,
669,charleys philly steaks,diet coke regular,0,g,0,mg,55,g,0,g,0,g,0,g,0,g,0,g,0,g,,,,
670,charleys philly steaks,dr pepper large,0,g,0,mg,55,g,49,g,0,g,0,g,0,g,0,g,48,g,,,,
671,charleys philly steaks,dr pepper regular,0,g,0,mg,35,g,33,g,0,g,0,g,0,g,0,g,32,g,,,,
672,charleys philly steaks,fanta orange large,0,g,0,mg,65,g,69,g,0,g,0,g,0,g,0,g,68,g,,,,
673,charleys philly steaks,fanta orange regular,0,g,0,mg,45,g,47,g,0,g,0,g,0,g,0,g,46,g,,,,
674,charleys philly steaks,garlic parm boneless chicken,12,g,10,mg,560,g,8,g,6,g,2,g,0,g,0,g,1,g,,,,
675,charleys philly steaks,garlic parm classic chicken,14,g,45,mg,330,g,1,g,11,g,3.5,g,0,g,0,g,0,g,,,,
676,charleys philly steaks,garlic parm sauce,16,g,0,mg,920,g,4,g,0,g,2,g,0,g,0,g,0,g,,,,
677,charleys philly steaks,garlic parmesan seasoning,0,g,0,mg,190,g,0,g,0,g,0,g,0,g,0,g,0,g,,,,
678,charleys philly steaks,hi c flashin fruit punch large,0,g,0,mg,85,g,65,g,0,g,0,g,0,g,0,g,63,g,,,,
679,charleys philly steaks,hi c flashin fruit punch regular,0,g,0,mg,55,g,44,g,0,g,0,g,0,g,0,g,43,g,,,,
680,charleys philly steaks,iced tea sweetened large,0,g,0,mg,15,g,25,g,0,g,0,g,0,g,0,g,24,g,,,,
681,charleys philly steaks,iced tea sweetened regular,0,g,0,mg,10,g,16,g,0,g,0,g,0,g,0,g,16,g,,,,
682,charleys philly steaks,iced tea unsweetened large,0,g,0,mg,15,g,2,g,0,g,0,g,0,g,0,g,0,g,,,,
683,charleys philly steaks,iced tea unsweetened regular,0,g,0,mg,10,g,1,g,0,g,0,g,0,g,0,g,0,g,,,,
684,charleys philly steaks,jalapeno cheesesteak large,34,g,180,mg,2730,g,79,g,69,g,16,g,1.5,g,4,g,10,g,,,,
685,charleys philly steaks,jalapeno cheesesteak regular,24,g,125,mg,1920,g,57,g,48,g,11,g,1,g,3,g,7,g,,,,
686,charleys philly steaks,jalapeno cheesesteak small,15,g,70,mg,1150,g,38,g,27,g,7,g,0.5,g,2,g,4,g,,,,
687,charleys philly steaks,jalapeno lime seasoning,0,g,0,mg,150,g,0,g,0,g,0,g,0,g,0,g,0,g,,,,
688,charleys philly steaks,jalapenos large cheesesteak topping,0,g,0,mg,470,g,1,g,0,g,0,g,0,g,1,g,1,g,,,,
689,charleys philly steaks,jalapenos regular cheesesteak topping,0,g,0,mg,360,g,1,g,0,g,0,g,0,g,1,g,0,g,,,,
690,charleys philly steaks,jalapenos small cheesesteak topping,0,g,0,mg,240,g,1,g,0,g,0,g,0,g,0,g,0,g,,,,
691,charleys philly steaks,lettuce large cheesesteak topping,0,g,0,mg,0,g,1,g,1,g,0,g,0,g,1,g,1,g,,,,
692,charleys philly steaks,mayo large cheesesteak topping,17,g,10,mg,120,g,1,g,0,g,2.5,g,0,g,0,g,0,g,,,,
693,charleys philly steaks,mayo regular cheesesteak topping,11,g,10,mg,80,g,0,g,0,g,1.5,g,0,g,0,g,0,g,,,,
694,charleys philly steaks,mayo small cheesesteak topping,6,g,5,mg,40,g,0,g,0,g,1,g,0,g,0,g,0,g,,,,
695,charleys philly steaks,nashville hot boneless chicken,14,g,10,mg,760,g,9,g,5,g,2.5,g,0,g,1,g,2,g,,,,
696,charleys philly steaks,nashville hot classic chicken,16,g,45,mg,530,g,2,g,10,g,4,g,0,g,0,g,1,g,,,,
697,charleys philly steaks,nashville hot sauce,29,g,0,mg,1980,g,10,g,1,g,5,g,0,g,2,g,3,g,,,,
698,charleys philly steaks,original fries large,44,g,0,mg,1010,g,93,g,9,g,14,g,0,g,17,g,0,g,,,,
699,charleys philly steaks,original fries regular,22,g,0,mg,510,g,46,g,5,g,7,g,0,g,8,g,0,g,,,,
700,charleys philly steaks,original lemonade large,0,g,0,mg,0,g,85,g,2,g,0,g,0,g,0,g,82,g,,,,
701,charleys philly steaks,original lemonade regular,0,g,0,mg,0,g,58,g,2,g,0,g,0,g,0,g,56,g,,,,
702,charleys philly steaks,pepperoni cheesesteak large,50,g,200,mg,2690,g,76,g,81,g,22,g,1.5,g,4,g,8,g,,,,
703,charleys philly steaks,pepperoni cheesesteak regular,37,g,140,mg,1950,g,55,g,57,g,16,g,1,g,3,g,5,g,,,,
704,charleys philly steaks,pepperoni cheesesteak small,24,g,80,mg,1240,g,37,g,33,g,10,g,0.5,g,2,g,3,g,,,,
705,charleys philly steaks,philly and fries seasoning,0,g,0,mg,270,g,0,g,0,g,0,g,0,g,0,g,0,g,,,,
706,charleys philly steaks,philly cheesesteak large,34,g,180,mg,2370,g,80,g,70,g,16,g,1.5,g,4,g,10,g,,,,
707,charleys philly steaks,philly cheesesteak regular,24,g,125,mg,1690,g,58,g,48,g,11,g,1,g,3,g,7,g,,,,
708,charleys philly steaks,philly cheesesteak small,15,g,70,mg,1030,g,39,g,27,g,7,g,0.5,g,2,g,5,g,,,,
709,charleys philly steaks,pickles large cheesesteak topping,0,g,0,mg,390,g,0,g,0,g,0,g,0,g,0,g,0,g,,,,
710,charleys philly steaks,pickles regular cheesesteak topping,0,g,0,mg,260,g,0,g,0,g,0,g,0,g,0,g,0,g,,,,
711,charleys philly steaks,pickles small cheesesteak topping,0,g,0,mg,130,g,0,g,0,g,0,g,0,g,0,g,0,g,,,,
712,charleys philly steaks,plain boneless chicken,7,g,10,mg,270,g,6,g,5,g,1,g,0,g,0,g,1,g,,,,
713,charleys philly steaks,plain chicken tender,13,g,10,mg,500,g,11,g,9,g,2,g,0,g,1,g,3,g,,,,
714,charleys philly steaks,plain classic chicken,9,g,45,mg,40,g,0,g,10,g,2.5,g,0,g,0,g,0,g,,,,
715,charleys philly steaks,ranch dip,21,g,15,mg,280,g,2,g,1,g,3,g,0,g,0,g,1,g,,,,
716,charleys philly steaks,real fruit lemonade blueberry large,0,g,0,mg,0,g,101,g,2,g,0,g,0,g,1,g,97,g,,,,
717,charleys philly steaks,real fruit lemonade blueberry regular,0,g,0,mg,0,g,66,g,2,g,0,g,0,g,1,g,64,g,,,,
718,charleys philly steaks,real fruit lemonade peach large,0,g,0,mg,0,g,100,g,3,g,0,g,0,g,1,g,97,g,,,,
719,charleys philly steaks,real fruit lemonade peach regular,0,g,0,mg,0,g,66,g,2,g,0,g,0,g,0,g,64,g,,,,
720,charleys philly steaks,real fruit lemonade strawberry large,0,g,0,mg,0,g,102,g,2,g,0,g,0,g,1,g,98,g,,,,
721,charleys philly steaks,real fruit lemonade strawberry regular,0,g,0,mg,0,g,67,g,2,g,0,g,0,g,0,g,64,g,,,,
722,charleys philly steaks,smokin habanero boneless chicken,7,g,10,mg,550,g,7,g,5,g,1,g,0,g,0,g,1,g,,,,
723,charleys philly steaks,smokin habanero classic chicken,10,g,45,mg,320,g,0,g,10,g,2.5,g,0,g,0,g,0,g,,,,
724,charleys philly steaks,smokin habanero sauce,1.5,g,0,mg,1130,g,2,g,0,g,0,g,0,g,0,g,0,g,,,,
725,charleys philly steaks,spicy molasses bbq boneless chicken,7,g,10,mg,410,g,14,g,5,g,1,g,0,g,0,g,8,g,,,,
726,charleys philly steaks,spicy molasses bbq classic chicken,9,g,45,mg,190,g,8,g,10,g,2.5,g,0,g,0,g,7,g,,,,
727,charleys philly steaks,spicy molasses bbq sauce,0,g,0,mg,580,g,32,g,0,g,0,g,0,g,0,g,28,g,,,,
728,charleys philly steaks,sprite large,0,g,0,mg,110,g,61,g,0,g,0,g,0,g,0,g,60,g,,,,
729,charleys philly steaks,sprite regular,0,g,0,mg,75,g,42,g,0,g,0,g,0,g,0,g,41,g,,,,
730,charleys philly steaks,sweet teriyaki boneless chicken,7,g,10,mg,510,g,13,g,5,g,1,g,0,g,0,g,7,g,,,,
731,charleys philly steaks,sweet teriyaki classic chicken,9,g,45,mg,280,g,7,g,10,g,2.5,g,0,g,0,g,6,g,,,,
732,charleys philly steaks,sweet teriyaki sauce,0,g,0,mg,960,g,28,g,0,g,0,g,0,g,0,g,24,g,,,,
733,charleys philly steaks,texas toast 1 piece,6,g,0,mg,250,g,26,g,4,g,0.5,g,0,g,1,g,5,g,,,,
734,charleys philly steaks,texas toast 12 pieces,72,g,0,mg,3020,g,312,g,48,g,9,g,0,g,12,g,60,g,,,,
735,charleys philly steaks,texas toast 6 pieces,36,g,0,mg,1510,g,156,g,24,g,4.5,g,0,g,6,g,30,g,,,,
736,charleys philly steaks,thai chili boneless chicken,7,g,10,mg,480,g,16,g,5,g,1,g,0,g,0,g,10,g,,,,
737,charleys philly steaks,thai chili classic chicken,9,g,45,mg,250,g,10,g,10,g,2.5,g,0,g,0,g,9,g,,,,
738,charleys philly steaks,thai chili sauce,0,g,0,mg,840,g,40,g,0,g,0,g,0,g,0,g,36,g,,,,
739,charleys philly steaks,tomato large cheesesteak topping,0,g,0,mg,0,g,2,g,0,g,0,g,0,g,1,g,1,g,,,,
740,charleys philly steaks,tomato regular cheesesteak topping,0,g,0,mg,0,g,2,g,0,g,0,g,0,g,1,g,1,g,,,,
741,charleys philly steaks,tomato small cheesesteak topping,0,g,0,mg,0,g,1,g,0,g,0,g,0,g,0,g,1,g,,,,
742,charleys philly steaks,ultimate gourmet fries,54,g,25,mg,1600,g,61,g,15,g,16,g,0,g,10,g,3,g,,,,
743,charleys philly steaks,zesty lemon lime rub,0,g,0,mg,70,g,1,g,0,g,0,g,0,g,0,g,0,g,,,,
744,charleys philly steaks,zesty lemon lime rub boneless chicken,7,g,10,mg,340,g,7,g,5,g,1,g,0,g,0,g,1,g,,,,
745,charleys philly steaks,zesty lemon lime rub classic chicken,9,g,45,mg,110,g,1,g,10,g,2.5,g,0,g,0,g,0,g,,,,
746,checkers rallys,blue raspberry kool aid slushie,0,g,0,mg,110,g,55,g,0,g,0,g,0,g,0,g,55,g,,,,
747,checkers rallys,peach mango island slushie,0,g,0,mg,40,g,72,g,0,g,0,g,0,g,0,g,70,g,,,,
748,checkers rallys,tropical punch kool aid slushie,0,g,0,mg,105,g,55,g,0,g,0,g,0,g,0,g,55,g,,,,
749,checkers rallys,watermelon kool aid slushie,0,g,0,mg,105,g,55,g,0,g,0,g,0,g,0,g,55,g,,,,
750,checkers rallys,loaded caramel cheesecake with twix shake,22.9,g,42,mg,305,g,67.1,g,7.6,g,16.8,g,0,g,1.5,g,53.3,g,,,,
751,checkers rallys,super strawberry smoothie,1.9,g,8,mg,53,g,75.4,g,1.5,g,1.5,g,0,g,0,g,68.6,g,,,,
752,checkers rallys,loaded banana split shake,9.1,g,23,mg,175,g,77,g,5.3,g,6.9,g,0,g,2.3,g,67.1,g,,,,
753,checkers rallys,loaded oreo fudge shake,13.7,g,23,mg,290,g,76.2,g,6.1,g,7.6,g,0,g,2.3,g,59.4,g,,,,
754,checkers rallys,caribbean colada island slushie,3,g,0,mg,50,g,68,g,0,g,3,g,0,g,0,g,65,g,,,,
755,checkers rallys,mangopalooza smoothie,1.9,g,8,mg,53,g,81.5,g,1.5,g,1.5,g,0,g,0,g,75.4,g,,,,
756,checkers rallys,chocolate shake,8.2,g,26,mg,180,g,47.9,g,6,g,6,g,0,g,1.5,g,36.7,g,,,,
757,checkers rallys,banana shake,7.5,g,26,mg,150,g,43.4,g,3,g,5.2,g,0,g,0.7,g,35.9,g,,,,
758,checkers rallys,vanilla shake,7.5,g,26,mg,135,g,33,g,5.2,g,5.2,g,0,g,0.7,g,24.7,g,,,,
759,checkers rallys,vanilla soft serve without cone,4.5,g,15,mg,85,g,20,g,3,g,3,g,0,g,1,g,15,g,,,,
760,checkers rallys,strawberry shake,7.5,g,26,mg,142,g,42.7,g,5.2,g,5.2,g,0,g,0.7,g,34.5,g,,,,
761,checkers rallys,apple pie 1,12,g,5,mg,310,g,38,g,3,g,5,g,0,g,2,g,14,g,,,,
762,checkers rallys,caramel cheesecake stacker with twix,17,g,30,mg,250,g,50,g,5,g,10,g,0,g,1,g,39,g,,,,
763,checkers rallys,swirl soft serve without cone,4.5,g,15,mg,85,g,21,g,3,g,3,g,0,g,1,g,16,g,,,,
764,checkers rallys,cake cone,0,g,0,mg,5,g,4,g,0,g,0,g,0,g,0,g,0,g,,,,
765,checkers rallys,chocolate soft serve without cone,4.5,g,15,mg,85,g,21,g,3,g,3,g,0,g,1,g,17,g,,,,
766,checkers rallys,oreo fudge stacker,12,g,10,mg,280,g,56,g,4,g,6,g,0,g,1,g,43,g,,,,
767,checkers rallys,waffle cone,0.5,g,0,mg,35,g,19,g,1,g,0,g,0,g,0,g,5,g,,,,
768,checkers rallys,vanilla mandm blast,14.2,g,39,mg,220,g,75.3,g,8.5,g,9.2,g,0,g,4.3,g,68.9,g,,,,
769,checkers rallys,chili dog,22,g,4,mg,1100,g,33,g,14,g,9,g,1,g,2,g,8,g,,,,
770,checkers rallys,grilled hot dog,20,g,35,mg,940,g,30,g,13,g,8,g,1,g,1,g,7,g,,,,
771,checkers rallys,chili cheese dog,23,g,40,mg,1180,g,34,g,15,g,9,g,1,g,2,g,9,g,,,,
772,checkers rallys,small fries,19,g,20,mg,870,g,49,g,5,g,7,g,1,g,5,g,0,g,,,,
773,checkers rallys,large fries,29,g,30,mg,1310,g,74,g,8,g,10,g,1.5,g,7,g,1,g,,,,
774,checkers rallys,fully loaded fries,56,g,70,mg,2190,g,72,g,19,g,16,g,1.5,g,7,g,3,g,,,,
775,checkers rallys,chili cheese fries,30,g,35,mg,1450,g,72,g,9,g,11,g,1.5,g,8,g,2,g,,,,
776,checkers rallys,xl fry lovers fries,45,g,50,mg,2030,g,115,g,12,g,16,g,2,g,12,g,1,g,,,,
777,checkers rallys,value fries,13,g,15,mg,580,g,33,g,3,g,4.5,g,0.5,g,3,g,0,g,,,,
778,checkers rallys,grilled onions,0,g,0,mg,25,g,2,g,0,g,0,g,0,g,1,g,1,g,,,,
779,checkers rallys,bacon,6,g,10,mg,170,g,1,g,4,g,2,g,0,g,0,g,0,g,,,,
780,checkers rallys,chicken bites and fries box,40,g,85,mg,1680,g,64,g,24,g,14,g,2,g,6,g,0,g,,,,
781,checkers rallys,medium buffalo chicken wings 5,23,g,180,mg,1630,g,3,g,35,g,7,g,0,g,0,g,0,g,,,,
782,checkers rallys,garlic parmesan chicken wings 5,40,g,180,mg,1080,g,3,g,35,g,14,g,0.5,g,0,g,0,g,,,,
783,checkers rallys,honey bbq chicken wings 5,23,g,180,mg,1050,g,19,g,35,g,7,g,0,g,1,g,16,g,,,,
784,checkers rallys,plain chicken wings 5,23,g,180,mg,760,g,2,g,35,g,7,g,0,g,0,g,0,g,,,,
785,checkers rallys,crispy chicken fillet,11,g,55,mg,810,g,42,g,21,g,3,g,0,g,1,g,6,g,,,,
786,checkers rallys,asian kick chicken wings 5,23,g,180,mg,1210,g,21,g,35,g,7,g,0,g,0,g,18,g,,,,
787,checkers rallys,big buford burger,39,g,115,mg,1730,g,39,g,38,g,18,g,2,g,2,g,9,g,,,,
788,checkers rallys,spicy chicken sandwich,13,g,35,mg,840,g,40,g,15,g,4,g,0,g,2,g,5,g,,,,
789,checkers rallys,single baconzilla,35,g,65,mg,1190,g,40,g,28,g,14,g,1.5,g,2,g,5,g,,,,
790,checkers rallys,triple baconzilla burger,74,g,170,mg,1790,g,42,g,61,g,31,g,4,g,4,g,7,g,,,,
791,checkers rallys,crispy fish sandwich,29,g,50,mg,760,g,52,g,15,g,7,g,0.5,g,2,g,8,g,,,,
792,checkers rallys,cheese champ burger,21,g,60,mg,1430,g,39,g,22,g,9,g,1,g,2,g,9,g,,,,
793,checkers rallys,all american cheeseburger,15,g,40,mg,1160,g,37,g,17,g,7,g,1,g,2,g,8,g,,,,
794,checkers rallys,deep sea double sandwich,33,g,60,mg,980,g,52,g,17,g,9,g,0.5,g,2,g,8,g,,,,
795,checkers rallys,checkerburger rallyburger,12,g,30,mg,940,g,39,g,15,g,4.5,g,1,g,2,g,9,g,,,,
796,checkers rallys,double spicy chicken sandwich,28,g,80,mg,1560,g,48,g,27,g,11,g,1,g,3,g,6,g,,,,
797,checkers rallys,fry lovers burger,20,g,45,mg,1350,g,48,g,18,g,8,g,1,g,3,g,8,g,,,,
798,checkers rallys,double fry lovers burger,39,g,80,mg,1780,g,49,g,28,g,14,g,2,g,3,g,9,g,,,,
799,checkers rallys,bacon burger with cheese,22,g,50,mg,1310,g,40,g,20,g,9,g,1,g,2,g,9,g,,,,
800,checkers rallys,baconzilla burger,62,g,145,mg,1670,g,43,g,46,g,24,g,3,g,3,g,7,g,,,,
801,checkers rallys,blt burger,11,g,15,mg,590,g,35,g,11,g,3,g,0,g,1,g,6,g,,,,
802,checkers rallys,double bbq bacon cheeseburger,25,g,70,mg,1510,g,39,g,27,g,11,g,2,g,2,g,9,g,,,,
803,checkers rallys,triple buford burger,61,g,165,mg,1870,g,40,g,50,g,27,g,3,g,9,g,4,g,,,,
804,checkers rallys,chili cheeseburger,14,g,35,mg,660,g,36,g,17,g,6,g,1,g,2,g,6,g,,,,
805,checkers rallys,double mushroom swissburger,25,g,70,mg,1420,g,35,g,28,g,11,g,2,g,2,g,5,g,,,,
806,checkers rallys,grilled chicken sandwich,24,g,75,mg,1370,g,31,g,30,g,3,g,0,g,1,g,7,g,,,,
807,checkers rallys,mushroom swissburger,15,g,40,mg,1330,g,35,g,18,g,6,g,1,g,2,g,5,g,,,,
808,checkers rallys,checkerburger rallyburger with cheese,15,g,40,mg,1140,g,39,g,18,g,7,g,0,g,2,g,9,g,,,,
809,checkers rallys,triple burger with cheese,57,g,145,mg,980,g,30,g,50,g,23,g,4,g,2,g,8,g,,,,
810,checkers rallys,all american hamburger,12,g,30,mg,940,g,37,g,15,g,4.5,g,1,g,2,g,8,g,,,,
811,checkers rallys,big chicken sandwich,18,g,35,mg,970,g,48,g,16,g,6,g,0.5,g,5,g,4,g,,,,
812,checkers rallys,olive burger,17,g,30,mg,1580,g,38,g,15,g,6,g,1,g,2,g,8,g,,,,
813,checkers rallys,bacon all american cheeseburger,22,g,50,mg,1590,g,38,g,21,g,9,g,1,g,2,g,8,g,,,,
814,checkers rallys,double olive burger,26,g,60,mg,1700,g,39,g,25,g,11,g,2,g,2,g,9,g,,,,
815,checkers rallys,single bacon roadhouse burger,39,g,65,mg,890,g,38,g,24,g,13,g,1.5,g,2,g,11,g,,,,
816,checkers rallys,big chicken deluxe sandwich,22,g,45,mg,1190,g,49,g,18,g,8,g,0.5,g,5,g,5,g,,,,
817,checkers rallys,double crispy fish sandwich,33,g,60,mg,980,g,52,g,17,g,9,g,0.5,g,2,g,8,g,,,,
818,checkers rallys,single buford burger,21,g,60,mg,1430,g,39,g,22,g,9,g,1,g,2,g,9,g,,,,
819,checkers rallys,triple bacon roadhouse burger,69,g,160,mg,1180,g,38,g,54,g,27,g,4.5,g,2,g,11,g,,,,
820,checkers rallys,bacon roadhouse burger,47,g,90,mg,1660,g,37,g,29,g,17,g,2,g,1,g,9,g,,,,
821,checkers rallys,texas bacon big burford burger,55,g,130,mg,1970,g,41,g,42,g,22,g,2,g,2,g,10,g,,,,
822,checkers rallys,spicy chicken deluxe sandwich,17,g,45,mg,1050,g,41,g,17,g,6,g,0,g,2,g,6,g,,,,
823,checkers rallys,triple crispy fish sandwich,52,g,115,mg,1140,g,72,g,33,g,16,g,1.5,g,4,g,7,g,,,,
824,checkers rallys,triple spicy chicken sandwich,62,g,130,mg,2230,g,54,g,38,g,19,g,1,g,5,g,3,g,,,,
825,checkers rallys,ranch dipping sauce,23,g,10,mg,440,g,2,g,1,g,3.5,g,0,g,0,g,1,g,,,,
826,checkers rallys,honey mustard sauce,16,g,15,mg,135,g,4,g,0,g,2.5,g,0,g,0,g,4,g,,,,
827,checkers rallys,bbq sauce,0,g,0,mg,300,g,15,g,0,g,0,g,0,g,0,g,12,g,,,,
828,checkers rallys,blue cheese dipping sauce,24,g,25,mg,450,g,2,g,1,g,4.5,g,0,g,0,g,1,g,,,,
829,checkers rallys,angry buffalo sauce,0,g,0,mg,770,g,1,g,0,g,0,g,0,g,0,g,0,g,,,,
830,checkers rallys,franks buffalo hot sauce,0,g,0,mg,209,g,0.3,g,0,g,0,g,0,g,0.3,g,0,g,,,,
831,checkers rallys,cheese sauce,2.5,g,0,mg,180,g,2,g,0,g,1,g,0,g,0,g,1,g,,,,
832,checkers rallys,honey bbq sauce,0,g,0,mg,290,g,17,g,0,g,0,g,0,g,1,g,16,g,,,,
833,checkers rallys,asian kick sauce,0,g,0,mg,450,g,19,g,0,g,0,g,0,g,0,g,18,g,,,,
834,checkers rallys,medium buffalo sauce,0,g,0,mg,870,g,1,g,0,g,0,g,0,g,0,g,0,g,,,,
835,checkers rallys,parmesan garlic sauce,23,g,10,mg,440,g,2,g,1,g,3.5,g,0,g,0,g,1,g,,,,
836,checkers rallys,medium fries,24,g,25,mg,1110,g,63,g,7,g,9,g,1,g,6,g,0,g,,,,
837,checkers rallys,monsterella stix with cup marinara sauce 6 stix,25,g,50,mg,1530,g,29,g,18,g,13,g,1,g,2,g,3,g,,,,
838,checkers rallys,monsterella stix with cup marinara sauce 4 stix,17,g,35,mg,1060,g,20,g,12,g,8,g,0.5,g,1,g,3,g,,,,
839,checkers rallys,garlic parm fries and stix,53,g,60,mg,2250,g,70,g,18,g,21,g,2,g,6,g,3,g,,,,
840,chevys fresh mex,crispy chicken flautas,37,g,40,mg,910,g,47,g,13,g,9,g,0,g,3,g,22,g,,,,
841,chevys fresh mex,chips and salsa,4,g,0,mg,420,g,64,g,9,g,0,g,0,g,9,g,2,g,,,,
842,chevys fresh mex,chile con queso,19,g,75,mg,1170,g,9,g,13,g,11,g,0.5,g,1,g,5,g,,,,
843,chevys fresh mex,chicken quesadilla,77,g,205,mg,2330,g,51,g,57,g,40,g,0,g,5,g,6,g,,,,
844,chevys fresh mex,nachos grande with salsa chicken,20,g,60,mg,1020,g,49,g,24,g,9,g,0,g,9,g,4,g,,,,
845,chevys fresh mex,fresh mex sampler platter,39,g,65,mg,1110,g,30,g,21,g,12,g,0,g,3,g,8,g,,,,
846,chevys fresh mex,steak quesadilla,72,g,195,mg,2350,g,51,g,59,g,38,g,0,g,5,g,7,g,,,,
847,chevys fresh mex,cheese quesadilla,47,g,100,mg,1530,g,48,g,27,g,25,g,0,g,5,g,5,g,,,,
848,chevys fresh mex,tableside guacamole,11,g,0,mg,500,g,9,g,2,g,1.5,g,0,g,5,g,2,g,,,,
849,chevys fresh mex,chile con queso with beef,21,g,80,mg,1300,g,9,g,15,g,12,g,0.5,g,1,g,6,g,,,,
850,chevys fresh mex,nachos grande with steak,18,g,55,mg,980,g,49,g,24,g,8,g,0,g,9,g,4,g,,,,
851,chevys fresh mex,nachos grande with carnitas,31,g,60,mg,990,g,49,g,22,g,14,g,0,g,9,g,4,g,,,,
852,chevys fresh mex,chicken fajita burrito,41,g,130,mg,3650,g,143,g,58,g,18,g,0,g,21,g,18,g,,,,
853,chevys fresh mex,steak fajita burrito,42,g,100,mg,3480,g,143,g,54,g,18,g,0,g,21,g,18,g,,,,
854,chevys fresh mex,mesquite grilled veggie burrito,55,g,80,mg,3220,g,164,g,49,g,25,g,0,g,26,g,21,g,,,,
855,chevys fresh mex,chicken and steak fajita burrito,41,g,115,mg,3620,g,143,g,56,g,17,g,0,g,21,g,18,g,,,,
856,chevys fresh mex,carnitas fajita burrito,84,g,120,mg,3500,g,142,g,48,g,36,g,0,g,21,g,18,g,,,,
857,chevys fresh mex,mesquite grilled veggie burrito,47,g,70,mg,2880,g,149,g,42,g,22,g,0,g,30,g,22,g,,,,
858,chevys fresh mex,deep fried ice cream,8,g,15,mg,70,g,18,g,2,g,4.5,g,0,g,0,g,13,g,,,,
859,chevys fresh mex,churro donut holes,24,g,30,mg,150,g,115,g,8,g,13,g,0.5,g,4,g,61,g,,,,
860,chevys fresh mex,flan,9,g,160,mg,60,g,41,g,5,g,5,g,0,g,0,g,40,g,,,,
861,chevys fresh mex,ooey gooey chewy sundae,8,g,15,mg,125,g,32,g,2,g,4,g,0,g,0,g,25,g,,,,
862,chevys fresh mex,shrimp and crab enchiladas,87,g,330,mg,2390,g,88,g,41,g,44,g,0,g,7,g,13,g,,,,
863,chevys fresh mex,chicken enchilada combo,27,g,95,mg,750,g,21,g,13,g,14,g,0,g,2,g,2,g,,,,
864,chevys fresh mex,chipotle chicken enchiladas,67,g,195,mg,2300,g,87,g,31,g,32,g,0,g,8,g,14,g,,,,
865,chevys fresh mex,farmers market enchiladas,83,g,215,mg,1960,g,96,g,23,g,42,g,0,g,10,g,17,g,,,,
866,chevys fresh mex,cheese enchilada combo,15,g,30,mg,350,g,18,g,11,g,7,g,0,g,2,g,0,g,,,,
867,chevys fresh mex,beef enchilada combo,23,g,60,mg,680,g,23,g,19,g,10,g,0.5,g,3,g,2,g,,,,
868,chevys fresh mex,grilled chicken fajita,34,g,150,mg,2670,g,121,g,55,g,14,g,0,g,8,g,19,g,,,,
869,chevys fresh mex,grilled mexicampi shrimp fajitas,65,g,230,mg,2630,g,122,g,38,g,28,g,1,g,9,g,17,g,,,,
870,chevys fresh mex,flamed mixed grill fajitas,82,g,215,mg,3180,g,124,g,54,g,34,g,0.5,g,9,g,20,g,,,,
871,chevys fresh mex,grilled seasonal veggie fajitas,28,g,25,mg,1490,g,109,g,25,g,11,g,0,g,23,g,32,g,,,,
872,chevys fresh mex,grilled steak fajita,35,g,95,mg,2450,g,120,g,49,g,13,g,0,g,8,g,19,g,,,,
873,chevys fresh mex,slow roasted carnitas fajitas,89,g,105,mg,2250,g,119,g,33,g,38,g,0,g,9,g,18,g,,,,
874,chevys fresh mex,kids quesadilla,31,g,75,mg,830,g,32,g,25,g,16,g,0,g,2,g,0,g,,,,
875,chevys fresh mex,kids pepperoni pizza,16,g,50,mg,790,g,30,g,18,g,9,g,0,g,1,g,4,g,,,,
876,chevys fresh mex,kids steak fajita with flour tortilla,27,g,65,mg,1360,g,56,g,22,g,10,g,0,g,5,g,5,g,,,,
877,chevys fresh mex,kids chicken fajita with flour tortilla,25,g,85,mg,1370,g,56,g,29,g,8,g,0,g,5,g,7,g,,,,
878,chevys fresh mex,kids chicken fries with ketchup,42,g,45,mg,1240,g,40,g,18,g,8,g,0,g,2,g,8,g,,,,
879,chevys fresh mex,kids strawberry lemonade,0,g,0,mg,25,g,27,g,0,g,0,g,0,g,1,g,25,g,,,,
880,chevys fresh mex,kids chicken fajita with corn tortillas,21,g,85,mg,1070,g,40,g,26,g,8,g,0,g,4,g,7,g,,,,
881,chevys fresh mex,kids cheeseburger,18,g,105,mg,370,g,48,g,29,g,9,g,0,g,0,g,15,g,,,,
882,chevys fresh mex,kids ice cream cone,3.5,g,10,mg,75,g,16,g,2,g,1.5,g,0,g,0,g,9,g,,,,
883,chevys fresh mex,kids refried beans,17,g,10,mg,460,g,19,g,8,g,7,g,0,g,5,g,1,g,,,,
884,chevys fresh mex,kids cranberry juice,0,g,0,mg,10,g,51,g,0,g,0,g,0,g,0,g,45,g,,,,
885,chevys fresh mex,kids cheese pizza,9,g,30,mg,530,g,30,g,15,g,5,g,0,g,1,g,4,g,,,,
886,chevys fresh mex,kids apple sauce,0,g,0,mg,0,g,13,g,0,g,0,g,0,g,2,g,11,g,,,,
887,chevys fresh mex,kids shirley temple,0,g,0,mg,45,g,48,g,0,g,0,g,0,g,0,g,40,g,,,,
888,chevys fresh mex,kids lemonade,0,g,0,mg,20,g,29,g,0,g,0,g,0,g,0,g,28,g,,,,
889,chevys fresh mex,kids carrot and celery sticks,0,g,0,mg,85,g,5,g,0,g,0,g,0,g,1,g,3,g,,,,
890,chevys fresh mex,kids steak fajita with corn tortilla,23,g,65,mg,1060,g,40,g,19,g,10,g,0,g,4,g,5,g,,,,
891,chevys fresh mex,kids raspberry lemonade,0,g,0,mg,15,g,29,g,0,g,0,g,0,g,0,g,28,g,,,,
892,chevys fresh mex,kids tater tots,26,g,0,mg,500,g,26,g,3,g,4,g,0,g,3,g,0,g,,,,
893,chevys fresh mex,kids chocolate milk,2.5,g,15,mg,160,g,25,g,9,g,1,g,0,g,0,g,24,g,,,,
894,chevys fresh mex,kids mac and cheese,9,g,15,mg,550,g,45,g,10,g,2.5,g,0,g,2,g,8,g,,,,
895,chevys fresh mex,kids apple juice,0,g,0,mg,20,g,28,g,0,g,0,g,0,g,0,g,25,g,,,,
896,chevys fresh mex,kids strawberry gelatin,0,g,0,mg,40,g,17,g,1,g,0,g,0,g,0,g,16,g,,,,
897,chevys fresh mex,kids milk,2.5,g,10,mg,105,g,12,g,8,g,1.5,g,0,g,0,g,12,g,,,,
898,chevys fresh mex,kids soda,0,g,0,mg,30,g,26,g,0,g,0,g,0,g,0,g,26,g,,,,
899,chevys fresh mex,kids fruit,0,g,0,mg,0,g,20,g,1,g,0,g,0,g,2,g,13,g,,,,
900,chevys fresh mex,kids rice,2,g,0,mg,570,g,26,g,3,g,1,g,0,g,1,g,1,g,,,,
901,chevys fresh mex,lunch southwestern cobb salad without dressing,23,g,95,mg,1600,g,16,g,32,g,9,g,0,g,6,g,6,g,,,,
902,chevys fresh mex,lunch mesquite grilled chicken fajitas,29,g,85,mg,1810,g,110,g,34,g,13,g,0,g,6,g,13,g,,,,
903,chevys fresh mex,lunch grilled shrimp fajita salad,65,g,130,mg,1260,g,39,g,26,g,19,g,0,g,8,g,17,g,,,,
904,chevys fresh mex,lunch tostada shrimp salad without dressing,48,g,100,mg,990,g,41,g,21,g,19,g,0,g,8,g,4,g,,,,
905,chevys fresh mex,lunch grilled chicken fajita salad,47,g,90,mg,1260,g,38,g,34,g,12,g,0,g,8,g,18,g,,,,
906,chevys fresh mex,lunch chicken quesadilla duo,27,g,75,mg,920,g,23,g,24,g,14,g,0,g,2,g,1,g,,,,
907,chevys fresh mex,lunch tostada chicken salad without dressing,39,g,80,mg,990,g,41,g,26,g,15,g,0,g,8,g,4,g,,,,
908,chevys fresh mex,mixed green side salad with dressing,10,g,5,mg,170,g,9,g,2,g,1.5,g,0,g,2,g,2,g,,,,
909,chevys fresh mex,lunch grilled veggies fajita salad,49,g,30,mg,580,g,39,g,16,g,13,g,0,g,9,g,19,g,,,,
910,chevys fresh mex,lunch grilled carnitas fajita salad,65,g,55,mg,870,g,37,g,20,g,19,g,0,g,8,g,17,g,,,,
911,chevys fresh mex,mixed green side salad without dressing,1,g,0,mg,95,g,8,g,2,g,0,g,0,g,2,g,2,g,,,,
912,chevys fresh mex,lunch tostada combo salad without dressing,39,g,70,mg,980,g,41,g,25,g,15,g,0,g,8,g,4,g,,,,
913,chevys fresh mex,lunch tostada steak salad without dressing,40,g,65,mg,960,g,41,g,24,g,15,g,0,g,8,g,5,g,,,,
914,chevys fresh mex,lunch steak quesadilla duo,24,g,70,mg,930,g,23,g,25,g,13,g,0,g,2,g,1,g,,,,
915,chevys fresh mex,lunch mesquite grilled steak fajitas,30,g,60,mg,1750,g,111,g,31,g,13,g,0,g,6,g,14,g,,,,
916,chevys fresh mex,lunch mesquite grilled carnitas fajitas,67,g,80,mg,1770,g,110,g,26,g,29,g,0,g,6,g,13,g,,,,
917,chevys fresh mex,lunch grilled carnitas fajita salad,65,g,55,mg,870,g,37,g,20,g,19,g,0,g,8,g,17,g,,,,
918,chevys fresh mex,lunch grilled steak fajita salad,48,g,65,mg,1210,g,39,g,31,g,11,g,0,g,8,g,19,g,,,,
919,chevys fresh mex,mar y tierra fresh mex combo,54,g,215,mg,2670,g,108,g,75,g,20,g,0,g,16,g,10,g,,,,
920,chevys fresh mex,taste of chevys fresh mex combo,68,g,160,mg,3200,g,155,g,62,g,25,g,0,g,19,g,15,g,,,,
921,chevys fresh mex,chile relleno combo,49,g,175,mg,970,g,13,g,23,g,18,g,0,g,4,g,3,g,,,,
922,chevys fresh mex,grilled steak and shrimp,41,g,240,mg,3550,g,91,g,64,g,10,g,0,g,7,g,12,g,,,,
923,chevys fresh mex,grilled salmon,40,g,120,mg,1820,g,50,g,44,g,12,g,0,g,6,g,9,g,,,,
924,chevys fresh mex,pork tamale combo,20,g,40,mg,1380,g,54,g,11,g,10,g,0,g,5,g,1,g,,,,
925,chevys fresh mex,grilled carned asada and cheese enchilada,23,g,80,mg,3270,g,126,g,58,g,3.5,g,0,g,16,g,15,g,,,,
926,chevys fresh mex,surf n turf combo,69,g,285,mg,3770,g,158,g,76,g,28,g,0,g,19,g,13,g,,,,
927,chevys fresh mex,flautas a la carte,25,g,55,mg,830,g,43,g,19,g,6,g,0,g,4,g,12,g,,,,
928,chevys fresh mex,chicken crispy flautas combo,37,g,40,mg,900,g,63,g,13,g,9,g,0,g,3,g,38,g,,,,
929,chevys fresh mex,salsa chicken enchilada a la carte,11,g,35,mg,470,g,17,g,12,g,4,g,0,g,2,g,2,g,,,,
930,chevys fresh mex,super cinco soft taco combo,138,g,395,mg,5010,g,198,g,90,g,57,g,1.5,g,28,g,18,g,,,,
931,chevys fresh mex,super cinco cripsy taco combo,136,g,395,mg,4880,g,196,g,89,g,57,g,1.5,g,28,g,18,g,,,,
932,chevys fresh mex,steak fajitas dilla,71,g,200,mg,2080,g,75,g,68,g,32,g,0,g,2,g,2,g,,,,
933,chevys fresh mex,shrimp and crab dilla,116,g,380,mg,3900,g,87,g,80,g,56,g,0,g,4,g,4,g,,,,
934,chevys fresh mex,salsa chicken dilla,63,g,155,mg,2330,g,78,g,52,g,29,g,0,g,3,g,3,g,,,,
935,chevys fresh mex,farmers market dilla,108,g,220,mg,3200,g,104,g,63,g,53,g,0,g,8,g,10,g,,,,
936,chevys fresh mex,avocado slices,4,g,0,mg,0,g,2,g,1,g,0.5,g,0,g,2,g,0,g,,,,
937,chevys fresh mex,apple chipotle vinaigrette,10,g,0,mg,0,g,5,g,0,g,1.5,g,0,g,0,g,5,g,,,,
938,chevys fresh mex,ranch dressing,12,g,10,mg,15,g,1,g,1,g,2,g,0,g,0,g,1,g,,,,
939,chevys fresh mex,salsa vinaigrette,0,g,0,mg,85,g,4,g,0,g,0,g,0,g,0,g,3,g,,,,
940,chevys fresh mex,caesar dressing,19,g,10,mg,140,g,1,g,0,g,2.5,g,0,g,0,g,0,g,,,,
941,chevys fresh mex,chicken sizzling fajita salad,77,g,125,mg,1700,g,49,g,46,g,22,g,0,g,10,g,25,g,,,,
942,chevys fresh mex,tostada chicken salad without dressing,56,g,140,mg,1720,g,57,g,47,g,24,g,0,g,12,g,7,g,,,,
943,chevys fresh mex,southwestern cobb salad without dressing,37,g,125,mg,2440,g,23,g,44,g,16,g,0,g,8,g,10,g,,,,
944,chevys fresh mex,steak sizzling fajita salad,78,g,100,mg,1650,g,49,g,43,g,22,g,0,g,9,g,26,g,,,,
945,chevys fresh mex,santa fe chopped salad without dressing,39,g,140,mg,1950,g,26,g,52,g,16,g,0,g,8,g,9,g,,,,
946,chevys fresh mex,tostada carnitas salad without dressing,94,g,130,mg,1690,g,56,g,38,g,40,g,0,g,12,g,7,g,,,,
947,chevys fresh mex,veggie sizzling fajita salad,82,g,65,mg,1090,g,54,g,28,g,24,g,0,g,12,g,29,g,,,,
948,chevys fresh mex,tostada steak salad without dressing,57,g,115,mg,1670,g,57,g,44,g,23,g,0,g,12,g,7,g,,,,
949,chevys fresh mex,shrimp sizzling fajita salad,94,g,165,mg,1690,g,49,g,37,g,30,g,0,g,10,g,24,g,,,,
950,chevys fresh mex,tostada shrimp salad without dressing,74,g,180,mg,1720,g,57,g,38,g,31,g,0.5,g,12,g,6,g,,,,
951,chevys fresh mex,carnitas sizzling fajita salad,115,g,115,mg,1670,g,48,g,38,g,38,g,0,g,10,g,25,g,,,,
952,chevys fresh mex,fresh mex burger,59,g,80,mg,1380,g,94,g,31,g,17,g,1.5,g,7,g,11,g,,,,
953,chevys fresh mex,our original cheeseburger,79,g,200,mg,2350,g,140,g,70,g,29,g,0,g,11,g,10,g,,,,
954,chevys fresh mex,tortilla chips a la carte,20,g,0,mg,0,g,56,g,5,g,3,g,0,g,4,g,1,g,,,,
955,chevys fresh mex,el machino flour tortilla a la carte,4,g,0,mg,299,g,22,g,3,g,2,g,0,g,1,g,1,g,,,,
956,chevys fresh mex,refried beans,17,g,10,mg,480,g,19,g,8,g,7,g,0,g,5,g,1,g,,,,
957,chevys fresh mex,rice side,2,g,0,mg,570,g,26,g,3,g,1,g,0,g,1,g,1,g,,,,
958,chevys fresh mex,sweet corn tamalito,8,g,0,mg,200,g,30,g,3,g,3.5,g,0,g,1,g,12,g,,,,
959,chevys fresh mex,black bean side,1,g,0,mg,120,g,33,g,11,g,0,g,0,g,11,g,3,g,,,,
960,chevys fresh mex,guacamole side,3,g,0,mg,115,g,2,g,0,g,0,g,0,g,2,g,0,g,,,,
961,chevys fresh mex,sour cream,4.5,g,20,mg,15,g,3,g,1.5,g,3.5,g,0,g,0,g,1,g,,,,
962,chevys fresh mex,salsa a la carte,0,g,0,mg,380,g,4,g,1,g,0,g,0,g,1,g,2,g,,,,
963,chevys fresh mex,pico de gallo,0,g,0,mg,40,g,1,g,0,g,0,g,0,g,0,g,0,g,,,,
964,chevys fresh mex,tamalito a la carte,7,g,0,mg,80,g,29,g,3,g,3,g,0,g,1,g,8,g,,,,
965,chevys fresh mex,sour cream a la carte,14,g,35,mg,60,g,2,g,1,g,8,g,0,g,0,g,0,g,,,,
966,chevys fresh mex,beans a la charra side,11,g,10,mg,540,g,21,g,9,g,4,g,0,g,5,g,1,g,,,,
967,chevys fresh mex,2 grilled chicken tacos,24,g,100,mg,1280,g,49,g,41,g,6,g,0,g,3,g,3,g,,,,
968,chevys fresh mex,6 inch el machino flour tortilla,4,g,0,mg,300,g,22,g,3,g,2,g,0,g,1,g,1,g,,,,
969,chevys fresh mex,any four,153,g,260,mg,6270,g,274,g,117,g,61,g,0,g,31,g,16,g,,,,
970,chevys fresh mex,any three,116,g,195,mg,5010,g,224,g,91,g,46,g,0,g,26,g,14,g,,,,
971,chevys fresh mex,any two,79,g,130,mg,3750,g,174,g,65,g,31,g,0,g,21,g,12,g,,,,
972,chevys fresh mex,apple chipotle vinaigrette,37,g,0,mg,25,g,17,g,0,g,2.5,g,0,g,1,g,16,g,,,,
973,chevys fresh mex,apple juice,0,g,0,mg,15,g,42,g,0,g,0,g,0,g,1,g,36,g,,,,
974,chevys fresh mex,apple sauce,0,g,0,mg,0,g,24,g,0,g,0,g,0,g,1,g,22,g,,,,
975,chevys fresh mex,beans a la charra,4,g,5,mg,800,g,32,g,13,g,1.5,g,0,g,11,g,1,g,,,,
976,chevys fresh mex,black bean setup,1.5,g,0,mg,720,g,27,g,10,g,0.5,g,0,g,9,g,2,g,,,,
977,chevys fresh mex,black beans,1.5,g,0,mg,720,g,27,g,10,g,0.5,g,0,g,9,g,2,g,,,,
978,chevys fresh mex,border wings,74,g,300,mg,1980,g,7,g,57,g,20,g,0,g,1,g,3,g,,,,
979,chevys fresh mex,bowl of homemade tortilla soup,18,g,55,mg,1180,g,38,g,29,g,4,g,0,g,7,g,12,g,,,,
980,chevys fresh mex,build your own chicken crispy taco,3.5,g,25,mg,380,g,16,g,8,g,0,g,0,g,2,g,1,g,,,,
981,chevys fresh mex,build your own chicken soft taco,4.5,g,25,mg,670,g,25,g,10,g,0,g,0,g,1,g,2,g,,,,
982,chevys fresh mex,build your own picadillo crispy taco,5,g,45,mg,350,g,16,g,13,g,0,g,0,g,2,g,1,g,,,,
983,chevys fresh mex,build your own soft taco picadillo beef,6,g,45,mg,650,g,26,g,15,g,0.5,g,0,g,2,g,2,g,,,,
984,chevys fresh mex,carrot and celery sticks,0,g,0,mg,65,g,5,g,1,g,0,g,0,g,2,g,3,g,,,,
985,chevys fresh mex,chevys flan,22,g,525,mg,240,g,123,g,17,g,9,g,0,g,0,g,115,g,,,,
986,chevys fresh mex,chevys super cinco,100,g,250,mg,3950,g,171,g,85,g,36,g,0,g,25,g,20,g,,,,
987,chevys fresh mex,chicken bites,2.5,g,45,mg,830,g,17,g,20,g,0,g,0,g,1,g,0,g,,,,
988,chevys fresh mex,chicken tamale,13,g,35,mg,670,g,27,g,9,g,6,g,0,g,1,g,2,g,,,,
989,chevys fresh mex,chile con queso,85,g,155,mg,2190,g,131,g,53,g,41,g,0,g,8,g,5,g,,,,
990,chevys fresh mex,chile relleno,33,g,95,mg,880,g,13,g,20,g,13,g,0,g,5,g,4,g,,,,
991,chevys fresh mex,chipotle chicken enchiladas,65,g,195,mg,1950,g,93,g,32,g,33,g,0,g,8,g,14,g,,,,
992,chevys fresh mex,chiquita sundae,33,g,100,mg,330,g,55,g,8,g,16,g,0,g,2,g,31,g,,,,
993,chevys fresh mex,coconut cajeta caramel,60,g,105,mg,490,g,122,g,13,g,39,g,0,g,4,g,93,g,,,,
994,chevys fresh mex,coconut cajeta chocolate,67,g,105,mg,460,g,134,g,15,g,43,g,0,g,6,g,102,g,,,,
995,chevys fresh mex,cranberry juice,0,g,0,mg,10,g,51,g,0,g,0,g,0,g,0,g,45,g,,,,
996,chevys fresh mex,creamy ranch,38,g,35,mg,270,g,3,g,2,g,6,g,0,g,0,g,2,g,,,,
997,chevys fresh mex,crispy chicken flautas,60,g,115,mg,1720,g,94,g,38,g,14,g,0,g,8,g,32,g,,,,
998,chevys fresh mex,crispy chicken flautas fresh mex innovations,74,g,130,mg,3080,g,174,g,53,g,20,g,0,g,21,g,43,g,,,,
999,chevys fresh mex,crispy taco carnitas,14,g,45,mg,370,g,17,g,13,g,3.5,g,0,g,2,g,2,g,,,,
