,Restaurant Name,Food Name,Total Fat Amount,Total Fat Unit,Cholesterol Amount,Cholesterol Unit,Sodium Amount,Sodium Unit,Total Carbohydrate Amount,Total Carbohydrate Unit,Protein Amount,Protein Unit,Saturated Fat Amount,Saturated Fat Unit,Trans Fat Amount,Trans Fat Unit,Dietary Fiber Amount,Dietary Fiber Unit,Sugars Amount,Sugars Unit
0,cracker barrel,fried chicken livers,34,g,615,mg,860,g,39,g,21,g,8,g,0,g,6,g,1,g
1,cracker barrel,fried chicken tenderloins three tenders,17,g,40,mg,850,g,22,g,18,g,4.5,g,0,g,8,g,0,g
2,cracker barrel,fried chicken tenders,23,g,50,mg,1130,g,30,g,23,g,6,g,0,g,10,g,1,g
3,cracker barrel,fried chicken tenders with sawmill gravy,40,g,80,mg,1860,g,50,g,37,g,11,g,0,g,16,g,3,g
4,cracker barrel,good morning breakfast,8,g,55,mg,830,g,31,g,27,g,2,g,0,g,3,g,11,g
5,cracker barrel,grandmas sampler two eggs two pancakes with butter one slice of bacon and one smoked sausage patty,48,g,475,mg,2340,g,77,g,31,g,19,g,0,g,1,g,7,g
6,cracker barrel,grandpas country fried breakfast two eggs and grits,12,g,385,mg,280,g,16,g,15,g,3.5,g,0,g,1,g,1,g
7,cracker barrel,gravy n biscuits,34,g,20,mg,1420,g,86,g,17,g,12,g,0,g,2,g,10,g
8,cracker barrel,grilled american cheese sandwich,28,g,45,mg,930,g,43,g,14,g,10,g,0,g,2,g,7,g
9,cracker barrel,grilled chicken tenderloins three tenders,3.5,g,70,mg,310,g,2,g,24,g,0.5,g,0,g,1,g,2,g
10,cracker barrel,grilled reuben,67,g,150,mg,1420,g,28,g,48,g,32,g,0,g,7,g,1,g
11,cracker barrel,grilled sirloin steak,17,g,150,mg,210,g,1,g,49,g,5,g,0.5,g,1,g,0,g
12,cracker barrel,grilled southwest sausage one link,22,g,35,mg,900,g,4,g,10,g,8,g,0,g,1,g,0,g
13,cracker barrel,grilled southwest sausage two links,43,g,75,mg,1790,g,8,g,20,g,16,g,0,g,2,g,1,g
14,cracker barrel,haddock,15,g,130,mg,660,g,14,g,49,g,3,g,0,g,1,g,1,g
15,cracker barrel,haddock one fillet with tartar sauce regional,46,g,120,mg,1820,g,42,g,44,g,8,g,0,g,3,g,4,g
16,cracker barrel,hamburger steak seasoned with garlic butter,31,g,125,mg,200,g,1,g,36,g,11,g,1.5,g,1,g,0,g
17,cracker barrel,hashbrown casserole,8,g,10,mg,350,g,24,g,5,g,3,g,0,g,2,g,0,g
18,cracker barrel,hashbrown casserole fried apples n biscuit,17,g,10,mg,710,g,84,g,9,g,6,g,0,g,9,g,28,g
19,cracker barrel,hatch valley green chiles,0,g,0,mg,600,g,0,g,0,g,0,g,0,g,2,g,2,g
20,cracker barrel,havarti slices,7,g,25,mg,150,g,0,g,4,g,5,g,0.3,g,0,g,0,g
21,cracker barrel,hickory smoked country ham,13,g,95,mg,1680,g,6,g,33,g,5,g,0,g,1,g,0,g
22,cracker barrel,homestyle chicken blt fried,60,g,140,mg,2560,g,106,g,55,g,13,g,0,g,4,g,29,g
23,cracker barrel,homestyle chicken blt grilled,33,g,130,mg,1610,g,77,g,48,g,8,g,0,g,3,g,29,g
24,cracker barrel,homestyle chicken salad fried,54,g,340,mg,2000,g,53,g,58,g,18,g,0,g,7,g,7,g
25,cracker barrel,homestyle chicken salad grilled,28,g,325,mg,1050,g,23,g,52,g,13,g,0,g,5,g,7,g
26,cracker barrel,honey mustard sauce,21,g,15,mg,400,g,8,g,1,g,3,g,0,g,0,g,7,g
27,cracker barrel,hot chocolate,7,g,25,mg,90,g,30,g,6,g,4,g,0,g,0,g,24,g
28,cracker barrel,hot chocolate kids,7,g,25,mg,90,g,30,g,6,g,4,g,0,g,0,g,24,g
29,cracker barrel,hot chocolate regular,11,g,35,mg,170,g,61,g,9,g,6,g,0,g,1,g,53,g
30,cracker barrel,hot soups beef n noodle bowl,9,g,80,mg,1020,g,22,g,19,g,3.5,g,0,g,3,g,1,g
31,cracker barrel,hot soups beef n noodle cup,4.5,g,40,mg,510,g,11,g,10,g,2,g,0,g,1,g,1,g
32,cracker barrel,hot soups chicken noodle bowl,8,g,65,mg,1440,g,21,g,13,g,2,g,0,g,2,g,2,g
33,cracker barrel,hot soups chicken noodle cup,4,g,30,mg,720,g,10,g,7,g,1,g,0,g,1,g,1,g
34,cracker barrel,hot soups chili bowl,13,g,85,mg,1130,g,43,g,26,g,6,g,0,g,12,g,4,g
35,cracker barrel,hot soups chili cup,6,g,40,mg,560,g,21,g,13,g,3,g,0,g,6,g,2,g
36,cracker barrel,hot soups clam chowder bowl,65,g,240,mg,1800,g,54,g,27,g,37,g,0,g,3,g,10,g
37,cracker barrel,hot soups clam chowder cup,32,g,120,mg,900,g,27,g,14,g,19,g,0,g,2,g,5,g
38,cracker barrel,hot soups pot roast soup bowl,10,g,35,mg,1350,g,17,g,13,g,2.5,g,0,g,2,g,40,g
39,cracker barrel,hot soups pot roast soup cup,5,g,15,mg,680,g,8,g,7,g,1,g,0,g,1,g,20,g
40,cracker barrel,hot soups potato bowl,4,g,5,mg,1120,g,36,g,7,g,1,g,0,g,4,g,7,g
41,cracker barrel,hot soups potato cup,2,g,0,mg,580,g,19,g,3,g,0.5,g,0,g,2,g,4,g
42,cracker barrel,hot soups turkey noodle bowl,2.5,g,115,mg,1290,g,24,g,32,g,0.5,g,0,g,3,g,8,g
43,cracker barrel,hot soups turkey noodle cup,1.5,g,55,mg,640,g,12,g,16,g,0,g,0,g,1,g,4,g
44,cracker barrel,hot soups vegetable bowl,2,g,0,mg,720,g,33,g,6,g,0,g,0,g,5,g,7,g
45,cracker barrel,hot soups vegetable cup,1,g,0,mg,360,g,16,g,3,g,0,g,0,g,3,g,4,g
46,cracker barrel,house salad,15,g,35,mg,600,g,19,g,12,g,6,g,0,g,3,g,5,g
47,cracker barrel,hushpuppies each,2.5,g,0,mg,115,g,7,g,1,g,0,g,0,g,0,g,1,g
48,cracker barrel,ice cream two scoops,13,g,50,mg,75,g,25,g,4,g,9,g,0,g,0,g,23,g
49,cracker barrel,iced tea raspberry,0,g,0,mg,5,g,17,g,0,g,0,g,0,g,0,g,16,g
50,cracker barrel,iced tea sweet,0,g,0,mg,0,g,34,g,0,g,0,g,0,g,0,g,34,g
51,cracker barrel,juice 100 florida valencia orange,0,g,0,mg,0,g,21,g,2,g,0,g,0,g,0,g,19,g
52,cracker barrel,juice 100 florida valencia orange large,0,g,0,mg,0,g,45,g,3,g,0,g,0,g,0,g,41,g
53,cracker barrel,juice 100 florida valencia orange regular,0,g,0,mg,0,g,21,g,2,g,0,g,0,g,0,g,19,g
54,cracker barrel,juice apple,0,g,0,mg,10,g,26,g,0,g,0,g,0,g,0,g,22,g
55,cracker barrel,juice apple large,0,g,0,mg,20,g,51,g,0,g,0,g,0,g,1,g,44,g
56,cracker barrel,juice apple regular,0,g,0,mg,10,g,26,g,0,g,0,g,0,g,0,g,22,g
57,cracker barrel,juice grapefruit,0,g,0,mg,0,g,20,g,0,g,0,g,0,g,0,g,18,g
58,cracker barrel,juice grapefruit large,0,g,0,mg,0,g,41,g,0,g,0,g,0,g,0,g,36,g
59,cracker barrel,juice grapefruit regular,0,g,0,mg,0,g,20,g,0,g,0,g,0,g,0,g,18,g
60,cracker barrel,juice tomato,0,g,0,mg,680,g,10,g,2,g,0,g,0,g,2,g,7,g
61,cracker barrel,juice tomato large,0,g,0,mg,1360,g,20,g,4,g,0,g,0,g,4,g,14,g
62,cracker barrel,juice tomato regular,0,g,0,mg,680,g,10,g,2,g,0,g,0,g,2,g,7,g
63,cracker barrel,kidd honey mustard sauce,21,g,15,mg,400,g,8,g,1,g,3,g,0,g,0,g,7,g
64,cracker barrel,kidd smoked sausage patty one patty,10,g,30,mg,200,g,1,g,7,g,4,g,0,g,0,g,0,g
65,cracker barrel,kids hamburger,17,g,85,mg,380,g,34,g,27,g,6,g,0.5,g,1,g,7,g
66,cracker barrel,kids meals chicken n dumplins,7,g,70,mg,1300,g,41,g,28,g,2,g,0,g,5,g,1,g
67,cracker barrel,kids thick sliced bacon two slices,11,g,30,mg,310,g,0,g,9,g,4,g,0,g,0,g,0,g
68,cracker barrel,kids turkey sausage patty one patty,3,g,30,mg,230,g,1,g,7,g,1,g,0,g,0,g,0,g
69,cracker barrel,kids coca cola classic,0,g,0,mg,50,g,42,g,0,g,0,g,0,g,0,g,42,g
70,cracker barrel,kids diet coke,0,g,0,mg,50,g,0,g,0,g,0,g,0,g,0,g,0,g
71,cracker barrel,kids diet dr pepper,0,g,0,mg,65,g,0,g,0,g,0,g,0,g,0,g,0,g
72,cracker barrel,kids dr pepper,0,g,0,mg,65,g,42,g,0,g,0,g,0,g,0,g,41,g
73,cracker barrel,kids iced tea sweet,0,g,0,mg,0,g,26,g,0,g,0,g,0,g,0,g,25,g
74,cracker barrel,kids mello yello,0,g,0,mg,45,g,47,g,0,g,0,g,0,g,0,g,47,g
75,cracker barrel,kids sprite,0,g,0,mg,40,g,43,g,0,g,0,g,0,g,0,g,43,g
76,cracker barrel,lemon pepper grilled rainbow trout 2 fillets,14,g,140,mg,610,g,6,g,43,g,3.5,g,0,g,1,g,0,g
77,cracker barrel,lemonade raspberry,0,g,0,mg,20,g,59,g,2,g,0,g,0,g,0,g,31,g
78,cracker barrel,lemonade regular,0,g,0,mg,20,g,55,g,2,g,0,g,0,g,0,g,25,g
79,cracker barrel,lima beans tues fri sat,15,g,30,mg,320,g,29,g,10,g,3,g,0,g,7,g,0,g
80,cracker barrel,link sausage three links,17,g,50,mg,460,g,1,g,13,g,5,g,0,g,1,g,2,g
81,cracker barrel,link sausage two links,11,g,35,mg,310,g,1,g,9,g,3.5,g,0,g,0,g,1,g
82,cracker barrel,loaded baked potato,39,g,105,mg,1030,g,28,g,15,g,22,g,0,g,2,g,2,g
83,cracker barrel,loaded baked sweet potato,25,g,50,mg,260,g,96,g,6,g,12,g,0,g,7,g,56,g
84,cracker barrel,loaded hashbrown casserole,21,g,50,mg,730,g,25,g,15,g,10,g,0,g,2,g,1,g
85,cracker barrel,lunch country ham sampler,6,g,50,mg,840,g,3,g,16,g,2.5,g,0,g,1,g,0,g
86,cracker barrel,lunch loaded baked potato,39,g,105,mg,1030,g,28,g,15,g,22,g,0,g,2,g,2,g
87,cracker barrel,lunch loaded baked sweet potato,25,g,50,mg,260,g,96,g,6,g,12,g,0,g,7,g,56,g
88,cracker barrel,lunch sugar cured ham,3.5,g,30,mg,940,g,2,g,12,g,1,g,0,g,0,g,1,g
89,cracker barrel,lunch thick sliced bacon two slices,11,g,30,mg,310,g,0,g,9,g,4,g,0,g,0,g,0,g
90,cracker barrel,macaroni and cheese cheddar havarti,11,g,20,mg,970,g,51,g,13,g,5,g,0,g,2,g,5,g
91,cracker barrel,macaroni n cheese,32,g,50,mg,1410,g,45,g,19,g,12,g,0,g,3,g,6,g
92,cracker barrel,maple bacon grilled chicken,43,g,265,mg,1810,g,35,g,82,g,19,g,0,g,1,g,27,g
93,cracker barrel,marble cheese snacks,7,g,20,mg,150,g,0,g,5,g,4.5,g,0.2,g,0,g,0,g
94,cracker barrel,mashed potatoes,9,g,5,mg,170,g,25,g,3,g,2,g,0,g,3,g,1,g
95,cracker barrel,meatloaf,35,g,140,mg,930,g,17,g,35,g,14,g,0,g,3,g,5,g
96,cracker barrel,mello yello,0,g,0,mg,60,g,63,g,0,g,0,g,0,g,0,g,63,g
97,cracker barrel,milk chocolate,9,g,35,mg,190,g,30,g,9,g,5,g,0,g,0,g,28,g
98,cracker barrel,milk chocolate large,17,g,70,mg,370,g,61,g,17,g,11,g,1,g,0,g,57,g
99,cracker barrel,milk chocolate regular,9,g,35,mg,190,g,30,g,9,g,5,g,0,g,0,g,28,g
100,cracker barrel,milk reduced fat,5,g,20,mg,130,g,12,g,8,g,3,g,0,g,0,g,12,g
101,cracker barrel,milk reduced fat large,10,g,40,mg,260,g,24,g,16,g,6,g,0,g,0,g,24,g
102,cracker barrel,milk reduced fat regular,5,g,20,mg,130,g,12,g,8,g,3,g,0,g,0,g,12,g
103,cracker barrel,milk skim,0,g,5,mg,130,g,13,g,8,g,0,g,0,g,0,g,12,g
104,cracker barrel,milk skim large,0,g,10,mg,260,g,26,g,16,g,0,g,0,g,0,g,24,g
105,cracker barrel,milk skim regular,0,g,5,mg,130,g,13,g,8,g,0,g,0,g,0,g,12,g
106,cracker barrel,milk whole,8,g,35,mg,120,g,12,g,8,g,5,g,0,g,0,g,11,g
107,cracker barrel,milk whole large,16,g,70,mg,240,g,24,g,16,g,10,g,0,g,0,g,22,g
108,cracker barrel,milk whole regular,8,g,35,mg,120,g,12,g,8,g,5,g,0,g,0,g,11,g
109,cracker barrel,miscellaneous best preserves njam each,0,g,0,mg,0,g,12,g,0,g,0,g,0,g,0,g,11,g
110,cracker barrel,miscellaneous real butter each,4,g,10,mg,30,g,0,g,0,g,3,g,0,g,0,g,0,g
111,cracker barrel,mixed green side salad,0,g,0,mg,5,g,3,g,1,g,0,g,0,g,2,g,2,g
112,cracker barrel,mocha hot,9,g,30,mg,150,g,47,g,9,g,5,g,0,g,1,g,41,g
113,cracker barrel,mommas french toast breakfast four slices with butter and two eggs,54,g,750,mg,930,g,90,g,40,g,19,g,0,g,5,g,12,g
114,cracker barrel,mommas pancake breakfast,38,g,435,mg,2870,g,113,g,23,g,14,g,0,g,1,g,10,g
115,cracker barrel,monday dinner chicken n dumplins,9,g,100,mg,1680,g,52,g,40,g,2.5,g,0,g,6,g,1,g
116,cracker barrel,monday lunch chicken n dumplins,9,g,100,mg,1680,g,52,g,40,g,2.5,g,0,g,6,g,1,g
117,cracker barrel,nut sundaes with caramel sauce,12,g,30,mg,45,g,20,g,4,g,6,g,0,g,1,g,15,g
118,cracker barrel,nut sundaes with chocolate sauce,12,g,30,mg,40,g,20,g,4,g,6,g,0,g,1,g,16,g
119,cracker barrel,nut sundaes with hot fudge sauce,16,g,30,mg,90,g,30,g,4,g,9,g,0,g,1,g,24,g
120,cracker barrel,old fort fromage cheddar cheese,11,g,30,mg,210,g,0,g,7,g,7,g,0.4,g,0,g,0,g
121,cracker barrel,old timers breakfast two eggs and grits,12,g,385,mg,280,g,16,g,15,g,3.5,g,0,g,1,g,1,g
122,cracker barrel,one buttermilk pancake with butter,18,g,40,mg,760,g,36,g,4,g,9,g,0,g,2,g,3,g
123,cracker barrel,one egg n bacon or sausage one egg two biscuits,20,g,160,mg,700,g,47,g,13,g,6,g,0,g,1,g,2,g
124,cracker barrel,one egg n biscuit,13,g,160,mg,380,g,24,g,10,g,3.5,g,0,g,1,g,1,g
125,cracker barrel,open faced roast beef,33,g,135,mg,950,g,52,g,51,g,13,g,1,g,2,g,6,g
126,cracker barrel,pancakes n such fried apples,2,g,0,mg,45,g,37,g,1,g,0.5,g,0,g,6,g,26,g
127,cracker barrel,pancakes n such hashbrown casserole,8,g,10,mg,350,g,24,g,5,g,3,g,0,g,2,g,0,g
128,cracker barrel,pancakes n such smoked sausage patties two,19,g,60,mg,390,g,2,g,13,g,8,g,0,g,0,g,0,g
129,cracker barrel,pancakes n such thick sliced bacon three slices,17,g,40,mg,460,g,0,g,14,g,6,g,0,g,0,g,0,g
130,cracker barrel,pancakes n such turkey sausage two patties,6,g,55,mg,460,g,1,g,13,g,2,g,0,g,0,g,0,g
131,cracker barrel,peach cobbler with one scoop ice cream,20,g,35,mg,260,g,72,g,5,g,9,g,0,g,2,g,49,g
132,cracker barrel,pecan pancakes three pancakes with butter,70,g,50,mg,2720,g,119,g,15,g,14,g,0,g,6,g,12,g
133,cracker barrel,pinto beans,2,g,15,mg,260,g,21,g,10,g,1,g,0,g,7,g,0,g
134,cracker barrel,plain latte hot,5,g,20,mg,140,g,13,g,9,g,3,g,0,g,0,g,13,g
135,cracker barrel,plain latte iced,6,g,25,mg,75,g,28,g,5,g,4,g,0,g,1,g,25,g
136,cracker barrel,real butter each,4,g,10,mg,30,g,0,g,0,g,3,g,0,g,0,g,0,g
137,cracker barrel,reduced fat milk,5,g,20,mg,130,g,12,g,8,g,3,g,0,g,0,g,12,g
138,cracker barrel,regional offerings cole slaw sampling,15,g,15,mg,120,g,10,g,0,g,2.5,g,0,g,0,g,10,g
139,cracker barrel,regional offerings fried apples,2,g,0,mg,45,g,37,g,1,g,0.5,g,0,g,6,g,26,g
140,cracker barrel,regional offerings hashbrown casserole,8,g,10,mg,350,g,24,g,5,g,3,g,0,g,2,g,0,g
141,cracker barrel,regional offerings steak fries,13,g,10,mg,70,g,51,g,5,g,2.5,g,0,g,5,g,1,g
142,cracker barrel,roast beef,29,g,130,mg,780,g,10,g,45,g,12,g,1,g,0,g,0,g
143,cracker barrel,salad dressing balsamic herb vinaigrette 2 oz,11,g,0,mg,380,g,11,g,0,g,1.5,g,0,g,0,g,10,g
144,cracker barrel,salad dressing blue cheese dressing 2 oz,26,g,35,mg,620,g,2,g,2,g,5,g,0,g,0,g,2,g
145,cracker barrel,salad dressing buttermilk caesar 2 oz,23,g,25,mg,620,g,2,g,2,g,4,g,0,g,0,g,1,g
146,cracker barrel,salad dressing buttermilk caesar 2 5 oz,29,g,30,mg,770,g,3,g,3,g,5,g,0,g,1,g,1,g
147,cracker barrel,salad dressing buttermilk ranch 2 oz,20,g,15,mg,420,g,2,g,1,g,3,g,0,g,0,g,2,g
148,cracker barrel,salad dressing buttermilk ranch 2 5 oz,25,g,20,mg,530,g,3,g,1,g,4,g,0,g,0,g,2,g
149,cracker barrel,salad dressing dijon honey mustard 2 oz,21,g,15,mg,400,g,8,g,1,g,3,g,0,g,0,g,7,g
150,cracker barrel,salad dressing dijon honey mustard 2 5 oz,26,g,20,mg,500,g,10,g,1,g,4,g,0,g,0,g,9,g
151,cracker barrel,sandwich n burger platters thick sliced bacon two slices,11,g,30,mg,310,g,0,g,9,g,4,g,0,g,0,g,0,g
152,cracker barrel,saturday dinner country fried pork chops,70,g,135,mg,2120,g,38,g,53,g,17,g,0,g,3,g,2,g
153,cracker barrel,sauce bbq 2 oz,1,g,0,mg,350,g,18,g,0,g,0,g,0,g,0,g,16,g
154,cracker barrel,sauce cocktail sauce 1 oz,0,g,0,mg,340,g,8,g,0,g,0,g,0,g,1,g,6,g
155,cracker barrel,sauce cranberry sauce 1 oz,0,g,0,mg,0,g,11,g,0,g,0,g,0,g,0,g,9,g
156,cracker barrel,sauce dill pickle ranch 2 oz,27,g,20,mg,250,g,2,g,2,g,4,g,0,g,0,g,2,g
157,cracker barrel,sauce honey mustard 2 oz,21,g,15,mg,400,g,8,g,1,g,3,g,0,g,0,g,7,g
158,cracker barrel,sauce ranch 2 oz,20,g,15,mg,420,g,2,g,1,g,3,g,0,g,0,g,2,g
159,cracker barrel,sauce tartar sauce 1 oz,14,g,5,mg,100,g,2,g,0,g,2,g,0,g,0,g,2,g
160,cracker barrel,sausage n biscuit,16,g,30,mg,510,g,24,g,10,g,6,g,0,g,1,g,1,g
161,cracker barrel,sawmill gravy,2.5,g,5,mg,80,g,3,g,1,g,1,g,0,g,0,g,1,g
162,cracker barrel,sawmill gravy family portion,26,g,30,mg,810,g,30,g,12,g,10,g,0,g,1,g,11,g
163,cracker barrel,sawmill gravy single serving,10,g,10,mg,320,g,12,g,5,g,4,g,0,g,1,g,4,g
164,cracker barrel,sides country ham,13,g,95,mg,1680,g,6,g,33,g,5,g,0,g,1,g,0,g
165,cracker barrel,sides fresh apple slices,0,g,0,mg,0,g,19,g,1,g,0,g,0,g,3,g,14,g
166,cracker barrel,sides fresh seasonal fruit,0,g,0,mg,0,g,12,g,1,g,0,g,0,g,2,g,9,g
167,cracker barrel,sides fried apples,2,g,0,mg,45,g,37,g,1,g,0.5,g,0,g,6,g,26,g
168,cracker barrel,sides hashbrown casserole,8,g,10,mg,350,g,24,g,5,g,3,g,0,g,2,g,0,g
169,cracker barrel,sides sawmill gravy,10,g,10,mg,320,g,12,g,5,g,4,g,0,g,1,g,4,g
170,cracker barrel,sides smoked sausage patties two,19,g,60,mg,390,g,2,g,13,g,8,g,0,g,0,g,0,g
171,cracker barrel,sides sugar cured ham,15,g,55,mg,960,g,1,g,18,g,3.5,g,0,g,0,g,1,g
172,cracker barrel,sides thick sliced bacon three slices,17,g,40,mg,460,g,0,g,14,g,6,g,0,g,0,g,0,g
173,cracker barrel,sides turkey sausage two patties,6,g,55,mg,460,g,1,g,13,g,2,g,0,g,0,g,0,g
174,cracker barrel,sides wild maine blueberry muffin,16,g,90,mg,550,g,46,g,6,g,4,g,0,g,4,g,46,g
175,cracker barrel,sirloin steak,17,g,150,mg,210,g,1,g,49,g,5,g,0.5,g,1,g,0,g
176,cracker barrel,skim milk,0,g,5,mg,130,g,13,g,8,g,0,g,0,g,0,g,12,g
177,cracker barrel,smoked sausage biscuit,16,g,30,mg,510,g,24,g,10,g,6,g,0,g,1,g,1,g
178,cracker barrel,smoked sausage patties two,19,g,60,mg,390,g,2,g,13,g,8,g,0,g,0,g,0,g
179,cracker barrel,smoked sausage patty one patty,10,g,30,mg,200,g,1,g,7,g,4,g,0,g,0,g,0,g
180,cracker barrel,smokehouse breakfast two eggs and grits,12,g,385,mg,280,g,16,g,15,g,3.5,g,0,g,1,g,1,g
181,cracker barrel,smothered onions and gravy,1.5,g,0,mg,220,g,8,g,2,g,0,g,0,g,2,g,3,g
182,cracker barrel,southern chicken caesar salad fried includes caesar dressing,55,g,130,mg,2270,g,51,g,46,g,12,g,0.5,g,6,g,5,g
183,cracker barrel,southern chicken caesar salad grilled includes caesar dressing,28,g,120,mg,1320,g,22,g,40,g,7,g,0.5,g,5,g,5,g
184,cracker barrel,southern fried chicken,100,g,475,mg,4730,g,78,g,108,g,23,g,0,g,9,g,0,g
185,cracker barrel,southwestern sausage hash n eggs,37,g,420,mg,1130,g,30,g,27,g,12,g,0,g,5,g,4,g
186,cracker barrel,southwestern scramble with two eggs chiles sweet pepper n red skin hash,39,g,685,mg,1460,g,37,g,40,g,17,g,0.5,g,6,g,11,g
187,cracker barrel,sprite,0,g,0,mg,55,g,58,g,0,g,0,g,0,g,0,g,58,g
188,cracker barrel,steak fries,13,g,10,mg,70,g,51,g,5,g,2.5,g,0,g,5,g,1,g
189,cracker barrel,stewarts root beer,0,g,0,mg,70,g,55,g,0,g,0,g,0,g,0,g,55,g
190,cracker barrel,sugar cured ham,15,g,55,mg,960,g,1,g,18,g,3.5,g,0,g,0,g,1,g
191,cracker barrel,sugar cured ham sampler,3.5,g,30,mg,940,g,2,g,12,g,1,g,0,g,0,g,1,g
192,cracker barrel,sugar free syrup,0,g,0,mg,70,g,4,g,0,g,0,g,0,g,0,g,0,g
193,cracker barrel,sunday dinner pot roast supper,20,g,125,mg,1440,g,40,g,52,g,9,g,1,g,6,g,3,g
194,cracker barrel,sunday homestyle chicken,58,g,200,mg,2740,g,64,g,71,g,12,g,0,g,4,g,2,g
195,cracker barrel,sunrise sampler,44,g,485,mg,1870,g,82,g,49,g,16,g,0,g,10,g,27,g
196,cracker barrel,sunrise specials country ham sampler,6,g,50,mg,840,g,3,g,16,g,2.5,g,0,g,1,g,0,g
197,cracker barrel,sunrise specials fried apples,2,g,0,mg,45,g,37,g,1,g,0.5,g,0,g,6,g,26,g
198,cracker barrel,sunrise specials hashbrown casserole,8,g,10,mg,350,g,24,g,5,g,3,g,0,g,2,g,0,g
199,cracker barrel,sunrise specials smoked sausage patties two,19,g,60,mg,390,g,2,g,13,g,8,g,0,g,0,g,0,g
200,cracker barrel,sunrise specials sugar cured ham,3.5,g,30,mg,940,g,2,g,12,g,1,g,0,g,0,g,1,g
201,cracker barrel,sunrise specials thick sliced bacon three slices,17,g,40,mg,460,g,0,g,14,g,6,g,0,g,0,g,0,g
202,cracker barrel,sunrise specials thick sliced bacon two slices,11,g,30,mg,310,g,0,g,9,g,4,g,0,g,0,g,0,g
203,cracker barrel,sunrise specials turkey sausage patty one patty,3,g,30,mg,230,g,1,g,7,g,1,g,0,g,0,g,0,g
204,cracker barrel,sunrise specials turkey sausage two patties,6,g,55,mg,460,g,1,g,13,g,2,g,0,g,0,g,0,g
205,cracker barrel,sweet pepper n red skin hash,5,g,0,mg,85,g,24,g,3,g,1,g,0,g,3,g,3,g
206,cracker barrel,sweet potato casserole thurs,4,g,0,mg,85,g,36,g,2,g,1,g,0,g,2,g,28,g
207,cracker barrel,sweet ripe blackberry n real whipped cream,5,g,5,mg,60,g,75,g,1,g,1,g,0,g,4,g,66,g
208,cracker barrel,sweet ripe blackberry n real whipped topping,5,g,5,mg,60,g,75,g,1,g,1,g,0,g,4,g,66,g
209,cracker barrel,sweet toppings blueberry syrup,0,g,0,mg,0,g,50,g,0,g,0,g,0,g,0,g,39,g
210,cracker barrel,sweet whole baby carrots,1,g,15,mg,140,g,18,g,1,g,0,g,0,g,3,g,10,g
211,cracker barrel,the barrel cheeseburger,60,g,175,mg,1070,g,56,g,56,g,22,g,1.5,g,2,g,11,g
212,cracker barrel,the cracker barrels country boy breakfast,35,g,490,mg,740,g,79,g,27,g,9,g,0,g,9,g,27,g
213,cracker barrel,thick sliced bacon biscuit,12,g,15,mg,460,g,23,g,8,g,4,g,0,g,1,g,1,g
214,cracker barrel,thick sliced bacon three slices,17,g,40,mg,460,g,0,g,14,g,6,g,0,g,0,g,0,g
215,cracker barrel,three cheese grilled cheese,27,g,40,mg,740,g,38,g,15,g,11,g,0,g,3,g,6,g
216,cracker barrel,thursday dinner turkey n dressing with sweet potato casserole,31,g,115,mg,2260,g,90,g,45,g,7,g,0,g,9,g,41,g
217,cracker barrel,thursday lunch turkey n dressing with sweet potato casserole,31,g,115,mg,2260,g,90,g,45,g,7,g,0,g,9,g,41,g
218,cracker barrel,toppings bacon pieces 0 5 oz,6,g,15,mg,250,g,0,g,5,g,2,g,0,g,0,g,0,g
219,cracker barrel,toppings colby cheese shreds 1 oz,9,g,25,mg,170,g,1,g,7,g,6,g,0,g,0,g,0,g
220,cracker barrel,toppings sour cream 1 oz,5,g,20,mg,15,g,1,g,1,g,4,g,0,g,0,g,1,g
221,cracker barrel,tortilla soup bowl,33,g,115,mg,2050,g,42,g,36,g,15,g,0,g,4,g,4,g
222,cracker barrel,tortilla soup cup,17,g,55,mg,1020,g,21,g,18,g,8,g,0,g,2,g,2,g
223,cracker barrel,traditional favorites hamburger steak seasoned with garlic butter,31,g,125,mg,200,g,1,g,36,g,11,g,1.5,g,1,g,0,g
224,cracker barrel,traditional favorites sugar cured ham,29,g,115,mg,1910,g,2,g,36,g,7,g,0,g,0,g,2,g
225,cracker barrel,tuesday dinner meatloaf,35,g,140,mg,930,g,17,g,35,g,14,g,0,g,3,g,5,g
226,cracker barrel,tuesday lunch meatloaf,27,g,75,mg,640,g,33,g,21,g,9,g,0,g,4,g,3,g
227,cracker barrel,turkey gravy,0.5,g,5,mg,170,g,2,g,1,g,0,g,0,g,0,g,0,g
228,cracker barrel,turkey sausage biscuit,9,g,30,mg,540,g,23,g,10,g,3,g,0,g,1,g,1,g
229,cracker barrel,turkey sausage patties two patties,6,g,55,mg,460,g,1,g,13,g,2,g,0,g,0,g,0,g
230,cracker barrel,turkey sausage two patties,6,g,55,mg,460,g,1,g,13,g,2,g,0,g,0,g,0,g
231,cracker barrel,turnip greens,4,g,15,mg,380,g,6,g,10,g,1,g,0,g,4,g,0,g
232,cracker barrel,two buttermilk pancakes with butter,23,g,45,mg,1430,g,73,g,7,g,10,g,0,g,4,g,7,g
233,cracker barrel,two eggs n biscuits,22,g,385,mg,770,g,47,g,20,g,7,g,0,g,2,g,3,g
234,cracker barrel,two eggs any way you like em,10,g,385,mg,150,g,2,g,14,g,3,g,0,g,0,g,1,g
235,cracker barrel,two scrambled egg whites,0,g,0,mg,230,g,2,g,11,g,0,g,0,g,0,g,2,g
236,cracker barrel,u s farm raised catfish fillet 1 fillet fried,32,g,60,mg,580,g,9,g,18,g,7,g,0,g,1,g,3,g
237,cracker barrel,u s farm raised catfish fillet 1 fillet spicy grilled,5,g,50,mg,330,g,1,g,19,g,1.5,g,0,g,1,g,0,g
238,cracker barrel,u s farm raised catfish fillet fried,32,g,60,mg,580,g,9,g,18,g,7,g,0,g,1,g,3,g
239,cracker barrel,u s farm raised catfish fillet grilled,5,g,50,mg,330,g,1,g,19,g,1.5,g,0,g,1,g,0,g
240,cracker barrel,u s farm raised catfish 2 fillets fried with hushpuppies and tartar sauce,57,g,115,mg,1390,g,35,g,38,g,12,g,0,g,4,g,5,g
241,cracker barrel,u s farm raised catfish 2 fillets spicy grilled,11,g,95,mg,650,g,2,g,38,g,3,g,0,g,1,g,1,g
242,cracker barrel,uncle herschels favorite two eggs and grits,12,g,385,mg,280,g,16,g,15,g,3.5,g,0,g,1,g,1,g
243,cracker barrel,vanilla latte hot,8,g,30,mg,115,g,32,g,7,g,5,g,0,g,1,g,29,g
244,cracker barrel,vanilla latte iced,6,g,25,mg,80,g,31,g,5,g,4,g,0,g,1,g,27,g
245,cracker barrel,wednesday dinner broccoli cheddar chicken,44,g,160,mg,940,g,35,g,40,g,14,g,0,g,5,g,1,g
246,cracker barrel,wednesday lunch broccoli cheddar chicken,44,g,160,mg,940,g,35,g,40,g,14,g,0,g,5,g,1,g
247,cracker barrel,westminster crackers 2 packs,2,g,0,mg,60,g,12,g,0,g,0,g,0,g,0,g,0,g
248,cracker barrel,whole kernel corn,8,g,15,mg,85,g,26,g,3,g,1,g,0,g,3,g,1,g
249,cracker barrel,whole milk,8,g,35,mg,120,g,12,g,8,g,5,g,0,g,0,g,11,g
250,cracker barrel,wild maine blueberry muffin,16,g,90,mg,550,g,46,g,6,g,4,g,0,g,4,g,46,g
251,cracker barrel,wild maine blueberry pancakes three pancakes with butter,29,g,50,mg,2720,g,118,g,9,g,11,g,0,g,3,g,14,g
252,cracker barrel,yogurt n granola,3.5,g,5,mg,70,g,35,g,5,g,1,g,0,g,1,g,26,g
253,cracker barrel old country store,chicken noodle soup bowl without crackers,8,g,65,mg,1440,g,21,g,13,g,2,g,0,g,2,g,2,g
254,cracker barrel old country store,hot caramel latte,8,g,30,mg,120,g,35,g,7,g,5,g,0,g,0.5,g,31,g
255,cracker barrel old country store,iced caramel latte,6,g,25,mg,80,g,31,g,5,g,4,g,0,g,0.5,g,27,g
256,cracker barrel old country store,sweetened iced tea,0,g,0,mg,0,g,34,g,0,g,0,g,0,g,0,g,34,g
257,cracker barrel old country store,lemonade regular,0,g,0,mg,20,g,55,g,2,g,0,g,0,g,0,g,25,g
258,cracker barrel old country store,hot vanilla latte,8,g,30,mg,115,g,32,g,7,g,5,g,0,g,0.5,g,29,g
259,cracker barrel old country store,hot chocolate regular,11,g,35,mg,170,g,61,g,9,g,6,g,0,g,0.5,g,53,g
260,cracker barrel old country store,iced vanilla latte,6,g,25,mg,75,g,28,g,5,g,4,g,0,g,0.5,g,25,g
261,cracker barrel old country store,100 florida valencia orange juice large,0,g,0,mg,0,g,45,g,3,g,0,g,0,g,0,g,41,g
262,cracker barrel old country store,hot mocha,9,g,30,mg,150,g,47,g,9,g,5,g,0,g,0.5,g,41,g
263,cracker barrel old country store,iced mocha,7,g,25,mg,100,g,43,g,6,g,4,g,0,g,0.5,g,37,g
264,cracker barrel old country store,apple juice regular,0,g,0,mg,10,g,26,g,0,g,0,g,0,g,0,g,22,g
265,cracker barrel old country store,iced plain latte,3.5,g,15,mg,90,g,8,g,6,g,2,g,0,g,0,g,8,g
266,cracker barrel old country store,100 florida valencia orange juice regular,0,g,0,mg,0,g,21,g,2,g,0,g,0,g,0,g,19,g
267,cracker barrel old country store,unsweetened iced tea,0,g,0,mg,0,g,0,g,0,g,0,g,0,g,0,g,0,g
268,cracker barrel old country store,raspberry iced tea,0,g,0,mg,5,g,17,g,0,g,0,g,0,g,0,g,16,g
269,cracker barrel old country store,kids whole milk,8,g,35,mg,120,g,12,g,8,g,5,g,0,g,0,g,11,g
270,cracker barrel old country store,chocolate milk regular,9,g,35,mg,190,g,30,g,9,g,5,g,0,g,0,g,28,g
271,cracker barrel old country store,raspberry lemonade,0,g,0,mg,20,g,59,g,2,g,0,g,0,g,0,g,31,g
272,cracker barrel old country store,whole milk large,16,g,70,mg,240,g,24,g,16,g,10,g,0,g,0,g,22,g
273,cracker barrel old country store,stewarts root beer,0,g,0,mg,70,g,55,g,0,g,0,g,0,g,0,g,55,g
274,cracker barrel old country store,hot plain latte,5,g,20,mg,140,g,13,g,9,g,3,g,0,g,0,g,13,g
275,cracker barrel old country store,whole milk regular,8,g,35,mg,120,g,12,g,8,g,5,g,0,g,0,g,11,g
276,cracker barrel old country store,grapefuit juice large,0,g,0,mg,0,g,41,g,0,g,0,g,0,g,0,g,36,g
277,cracker barrel old country store,skim milk regular,0,g,5,mg,130,g,13,g,8,g,0,g,0,g,0,g,12,g
278,cracker barrel old country store,tomato juice regular,0,g,0,mg,680,g,10,g,2,g,0,g,0,g,2,g,7,g
279,cracker barrel old country store,reduced fat milk regular,5,g,20,mg,130,g,12,g,8,g,3,g,0,g,0,g,12,g
280,cracker barrel old country store,apple juice large,0,g,0,mg,20,g,51,g,0,g,0,g,0,g,0.5,g,44,g
281,cracker barrel old country store,chocolate milk large,17,g,70,mg,370,g,61,g,17,g,11,g,1,g,0,g,57,g
282,cracker barrel old country store,tomato juice large,0,g,0,mg,1360,g,20,g,4,g,0,g,0,g,4,g,14,g
283,cracker barrel old country store,reduced fat milk large,10,g,40,mg,260,g,24,g,16,g,6,g,0,g,0,g,24,g
284,cracker barrel old country store,grapefruit juice regular,0,g,0,mg,0,g,20,g,0,g,0,g,0,g,0,g,18,g
285,cracker barrel old country store,skim milk large,0,g,10,mg,260,g,26,g,16,g,0,g,0,g,0,g,24,g
286,cracker barrel old country store,multigrain bread,2,g,0,mg,180,g,19,g,3,g,0,g,0,g,1,g,2,g
287,cracker barrel old country store,cornbread,11,g,30,mg,510,g,24,g,5,g,3,g,0,g,4,g,2,g
288,cracker barrel old country store,sourdough bread,2,g,0,mg,85,g,21,g,3,g,0,g,0,g,1,g,3,g
289,cracker barrel old country store,white bread,1,g,0,mg,140,g,14,g,2,g,0,g,0,g,0,g,1,g
290,cracker barrel old country store,buttermilk pancakes 3 with butter,29,g,50,mg,2720,g,111,g,9,g,11,g,0,g,0,g,9,g
291,cracker barrel old country store,hashbrown casserole side,8,g,10,mg,350,g,24,g,5,g,3,g,0,g,2,g,0,g
292,cracker barrel old country store,biscuit,6,g,0,mg,310,g,23,g,3,g,2,g,0,g,0.5,g,1,g
293,cracker barrel old country store,chicken fried chicken,39,g,65,mg,1170,g,23,g,37,g,6,g,0,g,3,g,2,g
294,cracker barrel old country store,mommas pancake breakfast 3 pancakes with butter and two eggs,38,g,435,mg,2870,g,113,g,23,g,14,g,0,g,0.5,g,10,g
295,cracker barrel old country store,grandmas sampler breakfast,48,g,475,mg,2340,g,77,g,31,g,19,g,0,g,0.5,g,7,g
296,cracker barrel old country store,french toast 4 slices with butter,44,g,365,mg,780,g,88,g,26,g,16,g,0,g,4,g,12,g
297,cracker barrel old country store,sunrise sampler breakfast,44,g,485,mg,1870,g,82,g,49,g,16,g,0,g,10,g,27,g
298,cracker barrel old country store,double meat breakfast 3 eggs grits this sliced bacon and smoked sausage patties without fixins,49,g,655,mg,1340,g,20,g,50,g,16,g,0,g,2,g,1,g
299,cracker barrel old country store,wild maine blueberry pancakes 3 with butter,29,g,50,mg,2720,g,118,g,9,g,11,g,0,g,3,g,14,g
300,cracker barrel old country store,good morning breakfast,8,g,55,mg,830,g,31,g,27,g,2,g,0,g,3,g,11,g
301,cracker barrel old country store,the cracker barrels country boy breakfast 3 eggs fried apples hash brown casserole and grits without fixins,26,g,590,mg,740,g,80,g,27,g,9,g,0,g,10,g,27,g
302,cracker barrel old country store,gravy n biscuits breakfast side,34,g,20,mg,1420,g,86,g,17,g,12,g,0,g,2,g,10,g
303,cracker barrel old country store,add on fried apples breakfast side,2,g,0,mg,45,g,37,g,0.5,g,0.5,g,0,g,6,g,26,g
304,cracker barrel old country store,turkey sausage patties 2 breakfast side,6,g,55,mg,460,g,1,g,13,g,2,g,0,g,0,g,0,g
305,cracker barrel old country store,mommas french toast breakfast 4 slices of french toast with butter and 2 eggs,54,g,750,mg,930,g,90,g,40,g,19,g,0,g,5,g,12,g
306,cracker barrel old country store,pecan pancakes 3 with butter,70,g,50,mg,2720,g,119,g,15,g,14,g,0,g,6,g,12,g
307,cracker barrel old country store,smoked sausage patties 2 breakfast side,19,g,60,mg,390,g,2,g,13,g,8,g,0,g,0,g,0,g
308,cracker barrel old country store,uncle herschels favorite breakfast,12,g,385,mg,280,g,16,g,15,g,3.5,g,0,g,0.5,g,0.5,g
309,cracker barrel old country store,bacon n egg hasbrown casserole,61,g,490,mg,1820,g,59,g,49,g,25,g,0,g,6,g,3,g
310,cracker barrel old country store,egg sandwich breakfast,26,g,395,mg,400,g,44,g,20,g,5,g,0,g,3,g,7,g
311,cracker barrel old country store,two scrambled egg whites breakfast side,0,g,0,mg,230,g,2,g,11,g,0,g,0,g,0,g,2,g
312,cracker barrel old country store,grandpas country fried breakfast,12,g,385,mg,280,g,18,g,15,g,3.5,g,0,g,1,g,0.5,g
313,cracker barrel old country store,hamburger steak 8 oz,33,g,100,mg,140,g,0,g,33,g,15,g,0,g,0,g,0,g
314,cracker barrel old country store,eggs in the basket breakfast,21,g,385,mg,350,g,41,g,20,g,5,g,0,g,2,g,6,g
315,cracker barrel old country store,apple n cinnamon oatmeal with fried apples and reduced fat milk,7,g,5,mg,220,g,55,g,9,g,1.5,g,0,g,8,g,17,g
316,cracker barrel old country store,buttermilk pancakes 3 without butter or toppings,16,g,20,mg,2640,g,111,g,9,g,3,g,0,g,0,g,9,g
317,cracker barrel old country store,loaded hashbrown casserole side,21,g,50,mg,730,g,25,g,15,g,10,g,0,g,2,g,0,g
318,cracker barrel old country store,fresh seasonal fruit breakfast side,0,g,0,mg,0,g,12,g,0.5,g,0,g,0,g,2,g,9,g
319,cracker barrel old country store,two eggs and grits breakfast,12,g,385,mg,280,g,16,g,15,g,3.5,g,0,g,0.5,g,0.5,g
320,cracker barrel old country store,fresh fruit n yogurt parfait breakfast,14,g,65,mg,770,g,65,g,33,g,3.5,g,0,g,6,g,41,g
321,cracker barrel old country store,breakfast sawmill gravy family portion,26,g,30,mg,810,g,30,g,12,g,10,g,0,g,1,g,11,g
322,cracker barrel old country store,wild maine blueberry muffin breakfast side,16,g,90,mg,550,g,46,g,6,g,4,g,0,g,4,g,46,g
323,cracker barrel old country store,fresh start sampler two eggs and fresh fruit nyogurt parfait,18,g,390,mg,230,g,62,g,22,g,5,g,0,g,6,g,40,g
324,cracker barrel old country store,thick sliced bacon 3 slices side,17,g,40,mg,460,g,0,g,14,g,6,g,0,g,0,g,0,g
325,cracker barrel old country store,grilled pork chop,13,g,90,mg,350,g,0,g,35,g,5,g,0,g,1,g,0,g
326,cracker barrel old country store,best preserves n jam single portion,0,g,0,mg,0,g,12,g,0,g,0,g,0,g,0,g,11,g
327,cracker barrel old country store,country fried steak,28,g,65,mg,1410,g,50,g,37,g,8,g,0,g,1,g,2,g
328,cracker barrel old country store,hashbrown casserole fried apples n biscuit breakfast side,17,g,10,mg,710,g,84,g,9,g,6,g,0,g,9,g,28,g
329,cracker barrel old country store,country boys breakfast sirloin steak,17,g,150,mg,210,g,1,g,49,g,5,g,0.5,g,0.5,g,0,g
330,cracker barrel old country store,pork chops 2,25,g,185,mg,700,g,0,g,70,g,10,g,0,g,2,g,0.5,g
331,cracker barrel old country store,yogurt n granola breakfast side,3.5,g,5,mg,70,g,35,g,5,g,1,g,0,g,0.5,g,26,g
332,cracker barrel old country store,southwestern scramble breakfast regional,63,g,495,mg,1720,g,61,g,47,g,26,g,0,g,7,g,6,g
333,cracker barrel old country store,two eggs any way you like them breakfast side,10,g,385,mg,150,g,2,g,14,g,3,g,0,g,0,g,0.5,g
334,cracker barrel old country store,breakfast sausage links 3,17,g,50,mg,460,g,1,g,13,g,5,g,0,g,0.5,g,2,g
335,cracker barrel old country store,breakfast sawmill gravy single serve,10,g,10,mg,320,g,12,g,5,g,4,g,0,g,0.5,g,4,g
336,cracker barrel old country store,two eggs n biscuits breakfast side,22,g,385,mg,770,g,47,g,20,g,7,g,0,g,2,g,3,g
337,cracker barrel old country store,meat biscuit n apples country ham biscuit and fried apples,12,g,30,mg,855,g,62,g,13.5,g,4,g,0,g,6.5,g,27,g
338,cracker barrel old country store,course ground grits breakfast side,2.5,g,0,mg,135,g,15,g,2,g,0,g,0,g,0,g,0,g
339,cracker barrel old country store,fried chicken tenders with sawmill gravy,40,g,80,mg,1860,g,50,g,37,g,11,g,0,g,16,g,3,g
340,cracker barrel old country store,sausage n biscuit breakfast side,16,g,30,mg,510,g,24,g,10,g,6,g,0,g,0.5,g,1,g
341,cracker barrel old country store,grilled southwest sausage 1 breakfast side,22,g,35,mg,900,g,4,g,10,g,8,g,0,g,1,g,0,g
342,cracker barrel old country store,turkey sausage biscuit,9,g,30,mg,540,g,23,g,10,g,3,g,0,g,0.5,g,1,g
343,cracker barrel old country store,breakfast sausage links 2 breakfast side,11,g,35,mg,310,g,0.5,g,9,g,3.5,g,0,g,0,g,1,g
344,cracker barrel old country store,fresh fruit n yogurt parfait breakfast side,8,g,5,mg,85,g,60,g,9,g,2,g,0,g,5,g,41,g
345,cracker barrel old country store,loaded southwest hashbrown casserole regional,17,g,30,mg,650,g,25,g,10,g,8,g,0,g,3,g,0,g
346,cracker barrel old country store,sweet pepper n red skin hash,28,g,0,mg,360,g,28,g,3,g,4.5,g,0,g,4,g,4,g
347,cracker barrel old country store,add on real butter,4,g,10,mg,30,g,0,g,0,g,3,g,0,g,0,g,0,g
348,cracker barrel old country store,grilled southwest sausages 2 breakfast side,43,g,75,mg,1790,g,8,g,20,g,16,g,0,g,2,g,0.5,g
349,cracker barrel old country store,one egg two biscuits breakfast,20,g,160,mg,700,g,47,g,13,g,6,g,0,g,1,g,2,g
350,cracker barrel old country store,smoked sausage biscuit,16,g,30,mg,510,g,24,g,10,g,6,g,0,g,0.5,g,1,g
351,cracker barrel old country store,brown gravy,1,g,0,mg,140,g,2,g,0.5,g,0,g,0,g,0,g,0,g
352,cracker barrel old country store,luncn dinner sawmill gravy portion,2.5,g,5,mg,80,g,3,g,1,g,1,g,0,g,0,g,1,g
353,cracker barrel old country store,turkey gravy,0.5,g,5,mg,170,g,2,g,0.5,g,0,g,0,g,0,g,0,g
354,cracker barrel old country store,double fudge coca cola cake with one scoop ice cream,33,g,65,mg,310,g,115,g,9,g,14,g,0,g,3,g,96,g
355,cracker barrel old country store,blackberry cobbler with 1 scoop ice cream,11,g,35,mg,240,g,82,g,8,g,6,g,0,g,4,g,53,g
356,cracker barrel old country store,peach cobbler with one scoop ice cream,20,g,35,mg,260,g,72,g,5,g,9,g,0,g,2,g,49,g
357,cracker barrel old country store,apple dumplin with 2 scoops ice cream,73,g,95,mg,1600,g,246,g,18,g,30,g,0,g,8,g,118,g
358,cracker barrel old country store,all american apple pie with 1 scoop ice cream,23,g,25,mg,310,g,60,g,6,g,10,g,0,g,3,g,17,g
359,cracker barrel old country store,steak fries side,13,g,10,mg,70,g,51,g,5,g,2.5,g,0,g,5,g,1,g
360,cracker barrel old country store,kids fried chicken tenders 3 without extas,17,g,40,mg,850,g,22,g,18,g,4.5,g,0,g,8,g,0,g
361,cracker barrel old country store,kids mini pancakes 3,8,g,10,mg,1320,g,58,g,5,g,1.5,g,0,g,0.5,g,7,g
362,cracker barrel old country store,kids mini confetti pancakes 3,8,g,10,mg,1360,g,64,g,5,g,2,g,0,g,0.5,g,9,g
363,cracker barrel old country store,kids grilled chicken tenders without extras,3.5,g,70,mg,310,g,2,g,24,g,0.5,g,0,g,0.5,g,2,g
364,cracker barrel old country store,kids tater rounds,11,g,0,mg,320,g,17,g,2,g,2,g,0,g,1,g,0,g
365,cracker barrel old country store,kids mini cheeseburgers 2 without extras,33,g,95,mg,730,g,37,g,34,g,15,g,0,g,2,g,5,g
366,cracker barrel old country store,kids crispy rockin fried shrimp hushpuppy tater rounds and cocktail sauce,28,g,80,mg,1760,g,57,g,16,g,6,g,0,g,9,g,8,g
367,cracker barrel old country store,kids dirt cup,15,g,0,mg,300,g,70,g,2,g,11,g,0,g,0.5,g,47,g
368,cracker barrel old country store,kids grilled cheese sandwich without extras,28,g,45,mg,930,g,43,g,14,g,10,g,0,g,2,g,7,g
369,cracker barrel old country store,kids scrambled egg 1,7,g,160,mg,70,g,1,g,6,g,1.5,g,0,g,0,g,0,g
370,cracker barrel old country store,kids one scrambled egg and one butternut biscuit,13,g,160,mg,380,g,24,g,9,g,3.5,g,0,g,0.5,g,1,g
371,cracker barrel old country store,kids bacon n biscuit breakfast sandwich,12,g,15,mg,460,g,23,g,8,g,4,g,0,g,0.5,g,1,g
372,cracker barrel old country store,kids mmmm mac n cheese without extras,31,g,50,mg,1410,g,45,g,19,g,12,g,0,g,3,g,6,g
373,cracker barrel old country store,kids smoked sausage patty 1,10,g,30,mg,200,g,0.5,g,7,g,4,g,0,g,0,g,0,g
374,cracker barrel old country store,kids 100 natural syrup,0,g,0,mg,0,g,29,g,0,g,0,g,0,g,0,g,27,g
375,cracker barrel old country store,kids dr pepper,0,g,0,mg,65,g,42,g,0,g,0,g,0,g,0,g,41,g
376,cracker barrel old country store,kids smoked sausage n biscuit breakfast sandwich,16,g,30,mg,510,g,24,g,10,g,6,g,0,g,0,g,1,g
377,cracker barrel old country store,kids milk straw,0,g,0,mg,0,g,5,g,0,g,0,g,0,g,0,g,4,g
378,cracker barrel old country store,kids mello yello,0,g,0,mg,45,g,47,g,0,g,0,g,0,g,0,g,47,g
379,cracker barrel old country store,kids chocolate milk,9,g,35,mg,190,g,30,g,9,g,5,g,0,g,0,g,28,g
380,cracker barrel old country store,kids bbq sauce,1,g,0,mg,350,g,18,g,0,g,0,g,0,g,0,g,16,g
381,cracker barrel old country store,kids thick bacon,11,g,30,mg,310,g,0,g,9,g,4,g,0,g,0,g,0,g
382,cracker barrel old country store,kids sprite,0,g,0,mg,40,g,43,g,0,g,0,g,0,g,0,g,43,g
383,cracker barrel old country store,kids apple juice,0,g,0,mg,10,g,26,g,0,g,0,g,0,g,0,g,22,g
384,cracker barrel old country store,kids skim milk,0,g,5,mg,130,g,13,g,8,g,0,g,0,g,0,g,12,g
385,cracker barrel old country store,kids100 florida valencia orange juice,0,g,0,mg,0,g,21,g,2,g,0,g,0,g,0,g,19,g
386,cracker barrel old country store,kidsturkey n biscuit breakfast sandwich,9,g,30,mg,540,g,23,g,10,g,3,g,0,g,0,g,1,g
387,cracker barrel old country store,kids coca cola classic,0,g,0,mg,45,g,39,g,0,g,0,g,0,g,0,g,39,g
388,cracker barrel old country store,kids hot chocolate,7,g,25,mg,90,g,30,g,6,g,4,g,0,g,0,g,24,g
389,cracker barrel old country store,kids sweetened iced tea,0,g,0,mg,0,g,26,g,0,g,0,g,0,g,0,g,25,g
390,cracker barrel old country store,kids diet dr pepper coca cola,0,g,0,mg,65,g,0,g,0,g,0,g,0,g,0,g,0,g
391,cracker barrel old country store,kids grapefruit juice,0,g,0,mg,0,g,20,g,0,g,0,g,0,g,0,g,18,g
392,cracker barrel old country store,kids reduced fat milk,5,g,20,mg,130,g,12,g,8,g,3,g,0,g,0,g,12,g
393,cracker barrel old country store,kids unsweetened iced tea,0,g,0,mg,0,g,1,g,0,g,0,g,0,g,0,g,0,g
394,cracker barrel old country store,kids honey mustard sauce,21,g,15,mg,400,g,8,g,1,g,3,g,0,g,0.5,g,7,g
395,cracker barrel old country store,kids hot chocolate,7,g,25,mg,90,g,30,g,6,g,4,g,0,g,0,g,24,g
396,cracker barrel old country store,kids tomato juice,0,g,0,mg,680,g,10,g,2,g,0,g,0,g,2,g,7,g
397,cracker barrel old country store,combo three cheese grilled cheese sandwich,27,g,40,mg,740,g,38,g,15,g,11,g,0,g,3,g,6,g
398,cracker barrel old country store,lunch dinner chicken n dumplings without sides,9,g,100,mg,160,g,52,g,40,g,2.5,g,0,g,6,g,1,g
399,cracker barrel old country store,lunch dinner country fried steak with sawmill gravy without sides,28,g,65,mg,1410,g,50,g,37,g,8,g,0,g,1,g,2,g
400,cracker barrel old country store,lunch dinner roast beef without sides,29,g,130,mg,780,g,10,g,45,g,12,g,1,g,0,g,0,g
401,cracker barrel old country store,lunch dinner maple bacon grilled chicken without sides,43,g,265,mg,1810,g,35,g,82,g,19,g,0,g,1,g,27,g
402,cracker barrel old country store,lunch dinner meatloaf without sides,35,g,140,mg,930,g,17,g,35,g,14,g,0,g,3,g,5,g
403,cracker barrel old country store,lunch dinner fried chicken tenderloins 6 without sides or dipping sauce,34,g,75,mg,1690,g,44,g,35,g,9,g,0,g,16,g,0.5,g
404,cracker barrel old country store,lunch dinner chicken pot pie without sides,55,g,105,mg,2740,g,82,g,35,g,29,g,0,g,7,g,4,g
405,cracker barrel old country store,lunch dinner spicy grilled catfish fillet without sides,5,g,50,mg,330,g,0.5,g,19,g,1.5,g,0,g,0.5,g,0,g
406,cracker barrel old country store,lunch dinner cod fillets 4 pieces with tartar sauce without sides,29,g,185,mg,1990,g,70,g,45,g,5,g,0,g,3,g,0,g
407,cracker barrel old country store,lunch dinner homestyle chicken without sides,58,g,200,mg,2740,g,64,g,71,g,12,g,0,g,4,g,2,g
408,cracker barrel old country store,lunch dinner broccoli cheddar chicken without sides,44,g,160,mg,940,g,35,g,40,g,14,g,0,g,5,g,1,g
409,cracker barrel old country store,lunch dinner pot roast supper without sides,20,g,125,mg,1440,g,40,g,52,g,9,g,1,g,6,g,3,g
410,cracker barrel old country store,lunch dinner garlic butter seasoned hamburger steak without sides,31,g,125,mg,200,g,1,g,36,g,11,g,1.5,g,0.5,g,0,g
411,cracker barrel old country store,lunch dinner turkey n dressing with sweet potato casserole,31,g,115,mg,2260,g,90,g,45,g,7,g,0,g,9,g,41,g
412,cracker barrel old country store,lunch dinner chicken fried chicken with sawmill gravy without sides,60,g,205,mg,2910,g,70,g,74,g,14,g,0.4,g,5,g,4,g
413,cracker barrel old country store,lunch dinner country fried pork chops without sides,70,g,135,mg,2120,g,38,g,53,g,17,g,0,g,3,g,2,g
414,cracker barrel old country store,lunch dinner grilled chicken tenderloins 6 without sides or dipping sauce,7,g,140,mg,620,g,5,g,48,g,1.5,g,0,g,0.5,g,4,g
415,cracker barrel old country store,lunch dinner fried catfish fillet without sides,32,g,60,mg,580,g,9,g,18,g,7,g,0,g,1,g,3,g
416,cracker barrel old country store,southern supper grilled sirloin steak without sides,17,g,150,mg,210,g,1,g,49,g,5,g,0.5,g,0.5,g,0,g
417,cracker barrel old country store,chile jack chicken without sides,18,g,190,mg,1230,g,14,g,56,g,10,g,0,g,2,g,3,g
418,cracker barrel old country store,lunch dinner fried chicken livers without sides,34,g,615,mg,860,g,39,g,21,g,8,g,0,g,6,g,1,g
419,cracker barrel old country store,lunch dinner southern fried chicken without sides,100,g,475,mg,4730,g,78,g,108,g,23,g,0,g,9,g,0,g
420,cracker barrel old country store,lunch dinner chicken n dumplins meatloaf sampler without sides,41,g,205,mg,2230,g,58,g,63,g,16,g,0,g,7,g,6,g
421,cracker barrel old country store,lunch dinner barrel cut sugar ham without sides,55,g,340,mg,5450,g,7,g,109,g,17,g,0,g,0,g,7,g
422,cracker barrel old country store,buttermilk ranch dressing,25,g,20,mg,530,g,3,g,1,g,4,g,0,g,0,g,2,g
423,cracker barrel old country store,balsamic herb vinaigrette,13,g,0,mg,470,g,13,g,0,g,2,g,0,g,0,g,12,g
424,cracker barrel old country store,dijon honey mustard,26,g,20,mg,500,g,10,g,0.5,g,4,g,0,g,0,g,9,g
425,cracker barrel old country store,blue cheese dressing,32,g,45,mg,780,g,3,g,3,g,7,g,0.5,g,0,g,2,g
426,cracker barrel old country store,buttermilk caesar dressing,29,g,30,mg,770,g,3,g,3,g,5,g,0,g,0.5,g,1,g
427,cracker barrel old country store,honey french dressing,21.7,g,0,mg,466,g,20.9,g,0,g,3.2,g,0,g,0.4,g,20.1,g
428,cracker barrel old country store,homestyle grilled chicken salad without dressing,28,g,325,mg,1050,g,23,g,52,g,13,g,0,g,5,g,7,g
429,cracker barrel old country store,country chef salad without dressing,33,g,290,mg,1550,g,23,g,45,g,13,g,0,g,6,g,8,g
430,cracker barrel old country store,southern grilled chicken caesar salad with caesar dressing,28,g,120,mg,1320,g,22,g,40,g,7,g,0.5,g,5,g,5,g
431,cracker barrel old country store,house salad without dressing,15,g,35,mg,600,g,19,g,12,g,6,g,0,g,3,g,5,g
432,cracker barrel old country store,southern fried chicken caaesar salad with caesar dressing,55,g,130,mg,2270,g,51,g,46,g,12,g,0.5,g,6,g,5,g
433,cracker barrel old country store,homestyle fried salad without dressing,54,g,340,mg,2000,g,53,g,58,g,18,g,0,g,7,g,7,g
434,cracker barrel old country store,the barrel cheeseburger without extras,60,g,175,mg,1070,g,56,g,56,g,22,g,1.5,g,2,g,11,g
435,cracker barrel old country store,homestyle grilled chicken blt without extras,33,g,130,mg,1610,g,77,g,48,g,8,g,0,g,3,g,29,g
436,cracker barrel old country store,homestyle fried chicken blt sandwich without extras,60,g,140,mg,2560,g,106,g,55,g,13,g,0,g,4,g,29,g
437,cracker barrel old country store,grilled reuben sandwich without sides,67,g,150,mg,1420,g,28,g,48,g,32,g,0,g,7,g,0.5,g
438,cracker barrel old country store,open faced roast beef sandwich without extras,33,g,135,mg,950,g,52,g,51,g,13,g,1,g,2,g,6,g
439,cracker barrel old country store,chile jack chicken sandwich without sides,31,g,150,mg,1230,g,51,g,47,g,12,g,0.5,g,5,g,11,g
440,cracker barrel old country store,tartar sauce,14,g,5,mg,100,g,2,g,0,g,2,g,0,g,0,g,2,g
441,cracker barrel old country store,bbq sauce,1,g,0,mg,350,g,18,g,0,g,0,g,0,g,0,g,16,g
442,cracker barrel old country store,honey mustard sauce,21,g,15,mg,400,g,8,g,0.5,g,3,g,0,g,0,g,7,g
443,cracker barrel old country store,cranberry sauce,0,g,0,mg,0,g,11,g,0,g,0,g,0,g,0,g,9,g
444,cracker barrel old country store,ranch sauce,20,g,15,mg,420,g,2,g,0.5,g,3,g,0,g,0,g,2,g
445,cracker barrel old country store,apple cider bbq sauce,1,g,0,mg,350,g,18,g,0,g,0,g,0,g,0,g,16,g
446,cracker barrel old country store,cocktail sauce,0,g,0,mg,340,g,8,g,0,g,0,g,0,g,0.5,g,6,g
447,cracker barrel old country store,honey mustard,21,g,15,mg,400,g,8,g,0.5,g,3,g,0,g,0,g,7,g
448,cracker barrel old country store,southern supper two lemon pepper grilled rainbow trout fillets without sides,14,g,140,mg,610,g,6,g,43,g,3.5,g,0,g,0.5,g,0,g
449,cracker barrel old country store,lunch dinner u s farm raised fried catfish 2 fillets with hushpuppies and tartar sauce,57,g,115,mg,1390,g,35,g,38,g,12,g,0,g,4,g,5,g
450,cracker barrel old country store,southern supper haddock without sides,15,g,130,mg,660,g,14,g,49,g,3,g,0,g,1,g,1,g
451,cracker barrel old country store,haddock 1 fillet with tartar sauce without sides,46,g,120,mg,1820,g,42,g,44,g,8,g,0,g,3,g,4,g
452,cracker barrel old country store,southern supper country fried shrimp with with steak fires hushpuppies and cocktail sauce,36,g,90,mg,2040,g,121,g,22,g,8,g,0,g,16,g,15,g
453,cracker barrel old country store,lunch dinner u s farm raised catfish 2 spicy grilled fillets without sides,11,g,95,mg,650,g,2,g,38,g,3,g,0,g,1,g,0.5,g
454,cracker barrel old country store,country green beans side,3,g,10,mg,310,g,7,g,1,g,1,g,0,g,3,g,1,g
455,cracker barrel old country store,corn muffin,11,g,30,mg,510,g,24,g,4,g,3,g,0,g,4,g,2,g
456,cracker barrel old country store,macaroni n cheese side,16,g,25,mg,700,g,23,g,10,g,6,g,0,g,2,g,3,g
457,cracker barrel old country store,sweet whole baby carrots side,1,g,15,mg,140,g,18,g,1,g,0,g,0,g,3,g,10,g
458,cracker barrel old country store,mashed potatoes side,9,g,5,mg,170,g,25,g,3,g,2,g,0,g,3,g,0.5,g
459,cracker barrel old country store,breaded fried okra,9,g,10,mg,520,g,38,g,3,g,2,g,0,g,2,g,2,g
460,cracker barrel old country store,fresh steamed broccoli side,0,g,0,mg,10,g,6,g,4,g,0,g,0,g,4,g,0.5,g
461,cracker barrel old country store,bowl of turnip greens side,10,g,125,mg,780,g,16,g,24,g,4,g,0,g,8,g,2,g
462,cracker barrel old country store,thick sliced bacon 2 slices side,11,g,30,mg,310,g,0,g,9,g,4,g,0,g,0,g,0,g
463,cracker barrel old country store,loaded baked sweet potato side,25,g,50,mg,260,g,96,g,6,g,12,g,0,g,7,g,56,g
464,cracker barrel old country store,bowl of pinto beans side,6,g,40,mg,850,g,73,g,32,g,2,g,0,g,21,g,7,g
465,cracker barrel old country store,country ham medium side,13,g,95,mg,1680,g,6,g,33,g,5,g,0,g,1,g,0,g
466,cracker barrel old country store,whole kernel corn side,8,g,15,mg,85,g,26,g,3,g,1,g,0,g,3,g,0.5,g
467,cracker barrel old country store,sweet potato casserole side,4,g,0,mg,85,g,36,g,2,g,1,g,0,g,2,g,28,g
468,cracker barrel old country store,sugar cured ham medium side,15,g,55,mg,960,g,1,g,18,g,3.5,g,0,g,0,g,1,g
469,cracker barrel old country store,loaded baked potato side,39,g,105,mg,1030,g,28,g,15,g,22,g,0,g,2,g,2,g
470,cracker barrel old country store,hushpuppies,2.5,g,0,mg,115,g,7,g,0.5,g,0,g,0,g,0,g,0.5,g
471,cracker barrel old country store,corn bread dressing side,18,g,25,mg,960,g,33,g,5,g,3.5,g,0,g,5,g,4,g
472,cracker barrel old country store,fresh apple slices side,0,g,0,mg,0,g,19,g,0.5,g,0,g,0,g,3,g,14,g
473,cracker barrel old country store,turnip greens side,4,g,15,mg,380,g,6,g,10,g,1,g,0,g,4,g,0,g
474,cracker barrel old country store,cole slaw side,21,g,20,mg,170,g,14,g,0,g,3,g,0,g,0,g,13,g
475,cracker barrel old country store,beans n greens side,9,g,90,mg,990,g,51,g,32,g,3,g,0,g,16,g,7,g
476,cracker barrel old country store,cole slaw sampling side,15,g,15,mg,120,g,10,g,0,g,2.5,g,0,g,0,g,10,g
477,cracker barrel old country store,grits cakes 2,10,g,20,mg,230,g,17,g,2,g,4,g,0,g,1,g,0,g
478,cracker barrel old country store,country ham n biscuit breakfast side,10,g,30,mg,810,g,25,g,13,g,3.5,g,0,g,0.5,g,1,g
479,cracker barrel old country store,dumplins side,6,g,0,mg,940,g,36,g,5,g,2,g,0,g,3,g,0.5,g
480,cracker barrel old country store,boiled cabbage,5,g,5,mg,460,g,8,g,2,g,2,g,0,g,4,g,2,g
481,cracker barrel old country store,lima beans side,15,g,30,mg,320,g,29,g,10,g,3,g,0,g,7,g,0,g
482,cracker barrel old country store,westminster crackers,2,g,0,mg,60,g,12,g,0,g,0,g,0,g,0,g,0,g
483,cracker barrel old country store,mixed green salad without dressing,0,g,0,mg,50,g,3,g,1,g,0,g,0,g,2,g,2,g
484,cracker barrel old country store,sugar cured ham large side,29,g,115,mg,1910,g,2,g,36,g,7,g,0,g,0,g,2,g
485,cracker barrel old country store,hickory smoked country ham medium side,13,g,95,mg,1680,g,6,g,33,g,5,g,0,g,1,g,0,g
486,cracker barrel old country store,cottage cheese side,6,g,25,mg,540,g,7,g,17,g,4,g,0,g,0,g,6,g
487,cracker barrel old country store,hickory smoked ham large side,26,g,190,mg,3360,g,12,g,66,g,10,g,0,g,2,g,0,g
488,cracker barrel old country store,sugar cured ham sampler side,3.5,g,30,mg,940,g,2,g,12,g,1,g,0,g,0,g,0.5,g
489,cracker barrel old country store,country ham sampler side,6,g,50,mg,840,g,3,g,16,g,2.5,g,0,g,0.5,g,0,g
490,cracker barrel old country store,english muffin,1,g,0,mg,260,g,26,g,5,g,0,g,0,g,0.5,g,0.5,g
491,cracker barrel old country store,country ham large side,26,g,190,mg,3360,g,12,g,66,g,10,g,0,g,3,g,0,g
492,cracker barrel old country store,hatch valley green chiles side,0,g,0,mg,600,g,6,g,0,g,0,g,0,g,2,g,2,g
493,crispers,half chicken caesar wrap,18,g,45,mg,1460,g,44,g,23,g,0,g,0,g,2,g,1,g
494,crispers,half citrus chicken wrap,14,g,20,mg,990,g,58,g,15,g,0,g,0,g,6,g,14,g
495,crispers,large chocolate chip cookie,13,g,20,mg,330,g,44,g,3,g,0,g,0,g,1,g,25,g
496,crispers,large peanut butter cookie,16,g,10,mg,440,g,38,g,5,g,0,g,0,g,2,g,24,g
497,crispers,margherita flatbread sandwich,29,g,50,mg,1160,g,91,g,34,g,0,g,0,g,6,g,7,g
498,crispers,large white chocolate macadamia cookie,18,g,35,mg,220,g,41,g,3,g,0,g,0,g,1,g,27,g
499,crispers,lemon cooler cookie,15,g,35,mg,250,g,43,g,3,g,0,g,0,g,1,g,27,g
500,crispers,triple chocolate cookie,6,g,15,mg,80,g,17,g,1,g,0,g,0,g,1,g,11,g
501,crispers,harvest cookie,16,g,30,mg,230,g,48,g,6,g,0,g,0,g,4,g,25,g
502,crispers,peanut butter cookie,7,g,5,mg,170,g,15,g,2,g,0,g,0,g,1,g,9,g
503,crispers,oatmeal raisin cookie,3.5,g,5,mg,95,g,18,g,2,g,0,g,0,g,1,g,7,g
504,crispers,large oatmeal raisin cookie,9,g,25,mg,220,g,45,g,5,g,0,g,0,g,3,g,16,g
505,crispers,biscotti brownie explosions,28,g,30,mg,290,g,86,g,9,g,0,g,0,g,2,g,66,g
506,crispers,large triple chocolate cookie,14,g,40,mg,200,g,42,g,5,g,0,g,0,g,1,g,28,g
507,crispers,chocolate chip cookie,6,g,5,mg,140,g,17,g,1,g,0,g,0,g,1,g,10,g
508,crispers,white chocolate macadamia cookie,15,g,25,mg,55,g,33,g,2,g,0,g,0,g,1,g,22,g
509,crispers,brownie,19,g,30,mg,220,g,55,g,5,g,0,g,0,g,2,g,36,g
510,crispers,crispie treat,8,g,20,mg,550,g,91,g,5,g,0,g,0,g,0,g,40,g
511,crispers,mango shake,11,g,15,mg,100,g,78,g,6,g,0,g,0,g,0,g,68,g
512,crispers,kids mango smoothie,0,g,0,mg,20,g,40,g,1,g,0,g,0,g,0,g,37,g
513,crispers,mango smoothie,0,g,0,mg,20,g,55,g,2,g,0,g,0,g,1,g,52,g
514,crispers,chocolate shake,59,g,240,mg,220,g,82,g,20,g,0,g,0,g,4,g,76,g
515,crispers,chocolate monkey shake,58,g,235,mg,190,g,142,g,16,g,0,g,0,g,3,g,139,g
516,crispers,strawberry smoothie,0,g,0,mg,20,g,54,g,2,g,0,g,0,g,2,g,49,g
517,crispers,strawberry shake,11,g,15,mg,95,g,69,g,7,g,0,g,0,g,5,g,59,g
518,crispers,vanilla shake,60,g,245,mg,240,g,83,g,16,g,0,g,0,g,0,g,77,g
519,crispers,vanilla ice cream as served,17,g,80,mg,60,g,23,g,4,g,0,g,0,g,0,g,23,g
520,crispers,strawberry sorbet,0,g,0,mg,0,g,25,g,0,g,0,g,0,g,2,g,25,g
521,crispers,chocolate ice cream as served,17,g,75,mg,50,g,23,g,5,g,0,g,0,g,1,g,23,g
522,crispers,mango sorbet,0,g,0,mg,0,g,28,g,0,g,0,g,0,g,0,g,28,g
523,crispers,kids macaroni and cheese,16,g,30,mg,1240,g,72,g,18,g,0,g,0,g,3,g,16,g
524,crispers,kids garden salad,4,g,10,mg,80,g,4,g,4,g,2.1,g,0,g,2,g,2,g
525,crispers,kids vanilla shake,35,g,160,mg,150,g,50,g,10,g,0,g,0,g,0,g,47,g
526,crispers,kids chocolate shake,34,g,160,mg,135,g,49,g,12,g,0,g,0,g,3,g,46,g
527,crispers,kids strawberry smoothie,0,g,0,mg,20,g,41,g,1,g,0,g,0,g,1,g,39,g
528,crispers,kids cheese pizza,8,g,25,mg,370,g,45,g,20,g,0,g,0,g,3,g,3,g
529,crispers,kids chicken tenders without dipping sauce,12,g,45,mg,520,g,10,g,13,g,1.3,g,0,g,2,g,0,g
530,crispers,loaded potato,26.7,g,48,mg,580,g,45.5,g,16.6,g,11.9,g,0,g,4.6,g,3.1,g
531,crispers,regular blackened chicken lettuce cup with caesar dressing,6.4,g,18,mg,461,g,1.9,g,8.9,g,1.7,g,0,g,0.7,g,0.7,g
532,crispers,small fat free italian dressing,0,g,0,mg,810,g,4,g,0,g,0,g,0,g,0,g,2,g
533,crispers,small jalapeno ranch dressing,15,g,15,mg,370,g,1,g,0,g,0,g,0,g,0,g,1,g
534,crispers,regular jalapeno ranch dressing,23,g,25,mg,620,g,2,g,0,g,0,g,0,g,0,g,2,g
535,crispers,regular fat free raspberry dressing,0,g,0,mg,210,g,23,g,0,g,0,g,0,g,0,g,19,g
536,crispers,small lite ranch dressing,12,g,10,mg,400,g,3,g,2,g,1.5,g,0,g,0,g,2,g
537,crispers,regular lite ranch dressing,22,g,15,mg,670,g,6,g,3,g,0,g,0,g,0,g,3,g
538,crispers,regula fat free italian dressing,0,g,0,mg,1090,g,5,g,0,g,0,g,0,g,0,g,2,g
539,crispers,regular raspberry walnut dressing,26,g,0,mg,200,g,11,g,0,g,0,g,0,g,0,g,11,g
540,crispers,small raspberry walnut dressing,16,g,0,mg,115,g,7,g,0,g,0,g,0,g,0,g,7,g
541,crispers,small fat free raspberry dressing,0,g,0,mg,130,g,14,g,0,g,0,g,0,g,0,g,12,g
542,crispers,small garden salad without dressing,6,g,15,mg,140,g,8,g,6,g,0,g,0,g,3,g,4,g
543,crispers,small chicken caesar salad with dressing,4.5,g,35,mg,540,g,8,g,17,g,0,g,0,g,2,g,2,g
544,crispers,large chef salad without dressing,20,g,305,mg,1210,g,14,g,33,g,0,g,0,g,4,g,8,g
545,crispers,small chef salad without dressing,10,g,155,mg,600,g,7,g,17,g,4.5,g,0,g,2,g,4,g
546,crispers,large garden salad without dressing,12,g,35,mg,290,g,16,g,12,g,6.4,g,0,g,5,g,9,g
547,crispers,large spring salad without dressing,23,g,65,mg,900,g,94,g,39,g,9.2,g,0,g,6,g,12,g
548,crispers,small southwest salad without dressing,8,g,45,mg,690,g,27,g,20,g,0,g,0,g,6,g,4,g
549,crispers,small greek salad,17,g,35,mg,980,g,28,g,7,g,0,g,0,g,5,g,9,g
550,crispers,blackened chicken club flatbread salad with ranch dressing,72,g,165,mg,2820,g,97,g,75,g,0,g,0,g,9,g,9,g
551,crispers,large caribbean crab salad without dressing,3.5,g,110,mg,400,g,30,g,21,g,0,g,0,g,7,g,21,g
552,crispers,large chicken caesar salad with dressing,9,g,60,mg,920,g,16,g,28,g,3.1,g,0,g,5,g,3,g
553,crispers,small caribbean crab salad without dressing,3,g,75,mg,250,g,16,g,14,g,0,g,0,g,5,g,11,g
554,crispers,large caribbean chicken salad without dressing,4,g,40,mg,750,g,30,g,20,g,0,g,0,g,7,g,21,g
555,crispers,small caesar salad with dressing,4,g,10,mg,180,g,8,g,5,g,0.8,g,0,g,2,g,2,g
556,crispers,thai chicken flatbread salad with thai spicy peanut dressing,64,g,135,mg,3140,g,183,g,65,g,0,g,0,g,12,g,56,g
557,crispers,spring flatbread salad with ranch dressing,62,g,100,mg,1640,g,110,g,45,g,0,g,0,g,9,g,24,g
558,crispers,small caribbean chicken salad without dressing,3.5,g,25,mg,490,g,16,g,13,g,0,g,0,g,5,g,11,g
559,crispers,large caesar salad with dressing,8,g,20,mg,380,g,16,g,11,g,0,g,0,g,5,g,3,g
560,crispers,large greek salad,30,g,65,mg,1800,g,48,g,14,g,0,g,0,g,9,g,16,g
561,crispers,margherita flatbread salad with caesar dressing,52,g,90,mg,1820,g,98,g,43,g,0,g,0,g,8,g,10,g
562,crispers,mediterranean flatbread salad with greek dressing,57,g,25,mg,2050,g,101,g,26,g,0,g,0,g,9,g,10,g
563,crispers,large southwest salad without dressing,16,g,75,mg,1140,g,52,g,34,g,0,g,0,g,11,g,8,g
564,crispers,chicken caesar wrap,32,g,90,mg,2430,g,62,g,41,g,0,g,0,g,3,g,2,g
565,crispers,cuban sandwich,25,g,85,mg,2940,g,56,g,36,g,10.8,g,0,g,2,g,8,g
566,crispers,east coast chicken sandwich,35,g,110,mg,2080,g,77,g,42,g,14.5,g,0,g,3,g,29,g
567,crispers,grown up grilled cheese sandwich,26,g,70,mg,640,g,39,g,22,g,0,g,0,g,1,g,0,g
568,crispers,half club sandwich,12,g,35,mg,1140,g,35,g,20,g,0,g,0,g,3,g,3,g
569,crispers,club sandwich,25,g,80,mg,2940,g,56,g,36,g,4.2,g,0,g,2,g,8,g
570,crispers,southwest chicken sandwich,37,g,90,mg,1800,g,83,g,41,g,0,g,0,g,5,g,20,g
571,crispers,half tuna salad sandwich,12,g,30,mg,780,g,38,g,19,g,0,g,0,g,3,g,2,g
572,crispers,half bistro veggie cold sandwich,27,g,15,mg,1160,g,50,g,8,g,2.1,g,0,g,5,g,3,g
573,crispers,half cuban sandwich,12,g,40,mg,1470,g,28,g,18,g,0,g,0,g,1,g,4,g
574,crispers,caribbean chicken flatbread sandwich,19,g,90,mg,2020,g,121,g,50,g,4.1,g,0,g,5,g,37,g
575,crispers,thai chicken flatbread sandwich,34,g,135,mg,2150,g,127,g,56,g,0,g,0,g,7,g,39,g
576,crispers,smoked turkey delight sandwich,31,g,100,mg,2350,g,89,g,42,g,0,g,0,g,5,g,26,g
577,crispers,half blt sandwich,13,g,25,mg,620,g,22,g,10,g,0,g,0,g,4,g,2,g
578,crispers,turkey cran flatbread sandwich,33,g,145,mg,1380,g,116,g,51,g,0,g,0,g,6,g,30,g
579,crispers,chicken pecan salad sandwich,9,g,50,mg,1800,g,89,g,35,g,1.7,g,0,g,6,g,13,g
580,crispers,chicken club flatbread sandwich,41,g,140,mg,2210,g,87,g,72,g,0,g,0,g,4,g,4,g
581,crispers,alt sandwich,37,g,45,mg,1080,g,72,g,22,g,0,g,0,g,9,g,9,g
582,crispers,half southwest chicken sandwich,19,g,45,mg,900,g,42,g,21,g,8,g,0,g,3,g,10,g
583,crispers,half east coast chicken sandwich,17,g,55,mg,1040,g,39,g,21,g,0,g,0,g,2,g,15,g
584,crispers,bistro veggie sandwich,50,g,35,mg,18600,g,74,g,12,g,4.3,g,0,g,9,g,6,g
585,crispers,tuna salad sandwich,23,g,60,mg,1560,g,76,g,37,g,0,g,0,g,5,g,4,g
586,crispers,asiago beef sandwich,57,g,160,mg,1990,g,62,g,52,g,22.2,g,0,g,3,g,9,g
587,crispers,half chicken pecan salad sandwich,4.5,g,25,mg,890,g,45,g,18,g,0.8,g,0,g,3,g,7,g
588,crispers,half turkey cranwich sandwich,12,g,55,mg,780,g,42,g,21,g,0,g,0,g,2,g,16,g
589,crispers,mediterranean flatbread sandwich,45,g,25,mg,1740,g,94,g,23,g,0,g,0,g,6,g,6,g
590,crispers,half asiago beef hot sandwich,29,g,80,mg,990,g,32,g,26,g,11.1,g,0,g,2,g,5,g
591,crispers,half grown up grilled cheese sandwich,14,g,25,mg,620,g,20,g,10,g,0,g,0,g,1,g,0,g
592,crispers,half reuben sandwich,14,g,50,mg,1350,g,36,g,21,g,0,g,0,g,3,g,6,g
593,crispers,french dip sandwich,25,g,100,mg,1570,g,72,g,46,g,14,g,0,g,3,g,3,g
594,crispers,half french dip sandwich,13,g,50,mg,790,g,36,g,23,g,7,g,0,g,2,g,1,g
595,crispers,citrus chicken wrap,27,g,55,mg,1960,g,98,g,33,g,0,g,0,g,9,g,32,g
596,crispers,turkey cranwich sandwich,23,g,110,mg,1540,g,81,g,43,g,0,g,0,g,4,g,30,g
597,crispers,half smoked turkey delight sandwich,15,g,50,mg,1180,g,45,g,21,g,4.9,g,0,g,3,g,13,g
598,crispers,blt sandwich,26,g,50,mg,1230,g,42,g,21,g,0,g,50,g,2,g,2,g
599,crispers,reuben sandwich,28,g,95,mg,2700,g,72,g,42,g,0,g,0,g,7,g,13,g
600,crispers,half club sandwich,12,g,35,mg,1140,g,35,g,20,g,0,g,0,g,3,g,3,g
601,crispers,spring flatbread sandwich,23,g,65,mg,900,g,94,g,39,g,0,g,0,g,6,g,12,g
602,crispers,half alt sandwich,20,g,25,mg,560,g,36,g,12,g,0,g,0,g,5,g,5,g
603,crispers,cup of tomato bisque soup,16,g,25,mg,620,g,14,g,3,g,0,g,0,g,2,g,11,g
604,crispers,cup of kickin crab chowder soup,8,g,35,mg,680,g,16,g,6,g,0,g,0,g,1,g,6,g
605,crispers,cup of butternut squash soup,11,g,40,mg,450,g,20,g,2,g,0,g,0,g,2,g,9,g
606,crispers,cup of vegetarian vegetables soup,1.5,g,0,mg,570,g,10,g,2,g,0,g,0,g,2,g,2,g
607,crispers,cup of chicken noodle soup,2,g,15,mg,640,g,10,g,5,g,0,g,0,g,1,g,1,g
608,crispers,cup of loaded potato soup,10,g,20,mg,600,g,16,g,4,g,0,g,0,g,1,g,1,g
609,crispers,1000 island dressing large,31,g,25,mg,570,g,10,g,0,g,0,g,0,g,2,g,10,g
610,crispers,1000 island dressing small,19,g,15,mg,340,g,6,g,0,g,0,g,0,g,1,g,6,g
611,crispers,alt sandwich half,20,g,25,mg,560,g,36,g,12,g,0,g,0,g,5,g,5,g
612,crispers,alt sandwich whole,37,g,45,mg,1080,g,72,g,22,g,0,g,0,g,9,g,9,g
613,crispers,asiago beef sandwich half,29,g,80,mg,990,g,32,g,26,g,0,g,0,g,2,g,5,g
614,crispers,asiago beef sandwich whole,57,g,160,mg,1990,g,62,g,52,g,0,g,0,g,3,g,9,g
615,crispers,baked french onion soup bowl,17,g,30,mg,1340,g,26,g,12,g,0,g,0,g,4,g,5,g
616,crispers,balsamic dressing large,0,g,0,mg,480,g,6,g,0,g,0,g,0,g,0,g,4,g
617,crispers,balsamic dressing small,0,g,0,mg,360,g,5,g,0,g,0,g,0,g,0,g,3,g
618,crispers,biscotti brownie explosions,28,g,30,mg,290,g,86,g,9,g,0,g,0,g,2,g,66,g
619,crispers,bistro veggie sandwich half,27,g,15,mg,1160,g,50,g,8,g,0,g,0,g,5,g,3,g
620,crispers,bistro veggie sandwich whole,50,g,35,mg,1860,g,74,g,12,g,0,g,0,g,9,g,6,g
621,crispers,blackened chicken flatbread salad half,36,g,80,mg,1410,g,49,g,37,g,0,g,0,g,5,g,5,g
622,crispers,blackened chicken flatbread salad whole,72,g,165,mg,2820,g,97,g,75,g,0,g,0,g,9,g,9,g
623,crispers,blt sandwich half,13,g,25,mg,620,g,22,g,10,g,0,g,0,g,1,g,2,g
624,crispers,blt sandwich whole,26,g,50,mg,1230,g,42,g,21,g,0,g,0,g,2,g,2,g
625,crispers,blue cheese dressing large,36,g,60,mg,910,g,3,g,3,g,0,g,0,g,0,g,3,g
626,crispers,blue cheese dressing small,22,g,35,mg,550,g,2,g,2,g,0,g,0,g,0,g,2,g
627,crispers,broccoli cheddar soup bowl,16,g,20,mg,1540,g,20,g,11,g,0,g,0,g,1,g,7,g
628,crispers,broccoli cheddar soup cup,9,g,10,mg,880,g,11,g,6,g,0,g,0,g,1,g,4,g
629,crispers,brownie,19,g,30,mg,220,g,55,g,5,g,0,g,0,g,2,g,36,g
630,crispers,butternut squash soup bowl,17,g,35,mg,1310,g,24,g,1,g,0,g,0,g,3,g,5,g
631,crispers,butternut squash soup cup,10,g,20,mg,750,g,13,g,1,g,0,g,0,g,1,g,3,g
632,crispers,caesar dressing large,43,g,45,mg,1110,g,6,g,6,g,0,g,0,g,0,g,3,g
633,crispers,caesar dressing small,26,g,25,mg,660,g,3,g,3,g,0,g,0,g,0,g,2,g
634,crispers,caesar salad large,8,g,20,mg,380,g,16,g,11,g,0,g,0,g,5,g,3,g
635,crispers,caesar salad small,4,g,10,mg,180,g,8,g,5,g,0,g,0,g,2,g,2,g
636,crispers,caribbean chicken salad large,4,g,40,mg,750,g,30,g,20,g,0,g,0,g,7,g,21,g
637,crispers,caribbean chicken salad small,3.5,g,25,mg,490,g,16,g,13,g,0,g,0,g,5,g,11,g
638,crispers,caribbean crab salad large,3.5,g,110,mg,400,g,30,g,21,g,0,g,0,g,7,g,21,g
639,crispers,caribbean crab salad small,3,g,75,mg,250,g,16,g,14,g,0,g,0,g,5,g,11,g
640,crispers,caribbean flatbread salad half,26,g,45,mg,1200,g,78,g,27,g,0,g,0,g,6,g,29,g
641,crispers,caribbean flatbread salad whole,36,g,90,mg,2270,g,150,g,53,g,0,g,0,g,11,g,54,g
642,crispers,caribbean flatbread half,10,g,45,mg,1010,g,61,g,25,g,0,g,0,g,3,g,19,g
643,crispers,caribbean flatbread whole,19,g,90,mg,2020,g,121,g,50,g,0,g,0,g,5,g,37,g
644,crispers,chef salad salad large,20,g,305,mg,1210,g,14,g,33,g,0,g,0,g,4,g,8,g
645,crispers,chef salad salad small,10,g,155,mg,600,g,7,g,17,g,0,g,0,g,2,g,4,g
646,crispers,chicken caesar salad large,9,g,60,mg,920,g,16,g,28,g,0,g,0,g,5,g,3,g
647,crispers,chicken caesar salad small,4.5,g,35,mg,540,g,8,g,17,g,0,g,0,g,2,g,2,g
648,crispers,chicken caesar wrap half,18,g,45,mg,1460,g,44,g,23,g,0,g,0,g,2,g,1,g
649,crispers,chicken caesar wrap whole,32,g,90,mg,2430,g,62,g,41,g,0,g,0,g,3,g,2,g
650,crispers,chicken club flatbread half,21,g,70,mg,1110,g,43,g,36,g,0,g,0,g,2,g,2,g
651,crispers,chicken club flatbread whole,41,g,140,mg,2210,g,87,g,72,g,0,g,0,g,4,g,4,g
652,crispers,chicken noodle soup bowl,4,g,25,mg,1270,g,21,g,8,g,0,g,0,g,1,g,4,g
653,crispers,chicken noodle soup cup,2,g,15,mg,730,g,12,g,4,g,0,g,0,g,1,g,2,g
654,crispers,chicken pecan salad sandwich half,4.5,g,25,mg,890,g,45,g,18,g,0,g,0,g,3,g,7,g
655,crispers,chicken pecan salad sandwich whole,9,g,50,mg,1800,g,89,g,35,g,0,g,0,g,6,g,13,g
656,crispers,chocolate chip cookie,13,g,20,mg,330,g,44,g,3,g,0,g,0,g,1,g,25,g
657,crispers,chocolate chip cookie nibbler,6,g,5,mg,140,g,17,g,1,g,0,g,0,g,1,g,10,g
658,crispers,chocolate ice cream,17,g,75,mg,50,g,23,g,5,g,0,g,0,g,1,g,23,g
659,crispers,chocolate monkey shake,58,g,235,mg,190,g,142,g,16,g,0,g,0,g,3,g,139,g
660,crispers,chocolate shake,59,g,240,mg,220,g,82,g,20,g,0,g,0,g,4,g,76,g
661,crispers,citrus chicken wrap half,14,g,20,mg,990,g,58,g,15,g,0,g,0,g,6,g,14,g
662,crispers,citrus chicken wrap whole,27,g,55,mg,1960,g,98,g,33,g,0,g,0,g,9,g,32,g
663,crispers,club sandwich half,12,g,35,mg,1140,g,35,g,20,g,0,g,0,g,3,g,3,g
664,crispers,club sandwich whole,25,g,80,mg,2940,g,56,g,36,g,0,g,0,g,2,g,8,g
665,crispers,crispie treat,8,g,20,mg,550,g,91,g,5,g,0,g,0,g,0,g,40,g
666,crispers,cuban sandwich half,12,g,40,mg,1470,g,28,g,18,g,0,g,0,g,1,g,4,g
667,crispers,cuban sandwich whole,25,g,85,mg,2940,g,56,g,36,g,0,g,0,g,2,g,8,g
668,crispers,east coast chicken sandwich half,17,g,55,mg,1040,g,39,g,21,g,0,g,0,g,2,g,15,g
669,crispers,east coast chicken sandwich whole,35,g,110,mg,2080,g,77,g,42,g,0,g,0,g,3,g,29,g
670,crispers,fat free italian dressing large,0,g,0,mg,1090,g,5,g,0,g,0,g,0,g,0,g,2,g
671,crispers,fat free italian dressing small,0,g,0,mg,810,g,4,g,0,g,0,g,0,g,0,g,2,g
672,crispers,fat free raspberry dressing large,0,g,0,mg,210,g,23,g,0,g,0,g,0,g,0,g,19,g
673,crispers,fat free raspberry dressing small,0,g,0,mg,130,g,14,g,0,g,0,g,0,g,0,g,12,g
674,crispers,french dip sandwich half,13,g,50,mg,790,g,36,g,23,g,0,g,0,g,2,g,1,g
675,crispers,french dip sandwich whole,25,g,100,mg,1570,g,72,g,46,g,0,g,0,g,3,g,3,g
676,crispers,garden salad large,12,g,35,mg,290,g,16,g,12,g,0,g,0,g,5,g,9,g
677,crispers,garden salad small,6,g,15,mg,140,g,8,g,6,g,0,g,0,g,3,g,4,g
678,crispers,greek dressing large,49,g,0,mg,390,g,2,g,0,g,0,g,0,g,0,g,0,g
679,crispers,greek dressing small,29,g,0,mg,230,g,1,g,0,g,0,g,0,g,0,g,0,g
680,crispers,greek salad salad large,30,g,65,mg,1800,g,48,g,14,g,0,g,0,g,9,g,16,g
681,crispers,greek salad small,17,g,35,mg,980,g,28,g,7,g,0,g,0,g,5,g,9,g
682,crispers,grown up grilled cheese sandwich half,14,g,25,mg,620,g,20,g,10,g,0,g,0,g,1,g,0,g
683,crispers,grown up grilled cheese sandwich whole,26,g,70,mg,640,g,39,g,22,g,0,g,0,g,1,g,0,g
684,crispers,harvest cookie,16,g,30,mg,230,g,48,g,6,g,0,g,0,g,4,g,25,g
685,crispers,herb citrus dressing large,29,g,0,mg,320,g,11,g,0,g,0,g,0,g,0,g,8,g
686,crispers,herb citrus dressing small,17,g,0,mg,190,g,6,g,0,g,0,g,0,g,0,g,5,g
687,crispers,honey lime dressing large,31,g,10,mg,220,g,24,g,0,g,0,g,0,g,0,g,21,g
688,crispers,honey lime dressing small,19,g,5,mg,135,g,14,g,0,g,0,g,0,g,0,g,13,g
689,crispers,honey mustard dressing large,21,g,15,mg,770,g,30,g,0,g,0,g,0,g,0,g,27,g
690,crispers,honey mustard dressing small,12,g,10,mg,460,g,18,g,0,g,0,g,0,g,0,g,16,g
691,crispers,jalapeno ranch dressing large,25,g,25,mg,620,g,2,g,0,g,0,g,0,g,0,g,2,g
692,crispers,jalapeno ranch dressing small,15,g,15,mg,370,g,1,g,0,g,0,g,0,g,0,g,1,g
693,crispers,kicken crab soup bowl,25,g,85,mg,1000,g,34,g,7,g,0,g,0,g,4,g,7,g
694,crispers,kicken crab soup cup,14,g,50,mg,570,g,20,g,4,g,0,g,0,g,2,g,4,g
695,crispers,kids chocolate shake,34,g,160,mg,135,g,49,g,12,g,0,g,0,g,3,g,46,g
696,crispers,kids mango smoothie,0,g,0,mg,20,g,40,g,1,g,0,g,0,g,0,g,37,g
697,crispers,kids strawberry smoothie,0,g,0,mg,20,g,41,g,1,g,0,g,0,g,1,g,39,g
698,crispers,kids vanilla shake,35,g,160,mg,150,g,50,g,10,g,0,g,0,g,0,g,47,g
699,crispers,lemon cooler cookie,15,g,35,mg,250,g,43,g,3,g,0,g,0,g,1,g,27,g
700,crispers,lite ranch dressing large,20,g,15,mg,670,g,6,g,3,g,0,g,0,g,0,g,3,g
701,crispers,lite ranch dressing small,12,g,10,mg,400,g,3,g,2,g,0,g,0,g,0,g,2,g
702,crispers,loaded potato soup bowl,16,g,40,mg,1270,g,24,g,9,g,0,g,0,g,1,g,1,g
703,crispers,loaded potato soup cup,9,g,20,mg,730,g,13,g,5,g,0,g,0,g,1,g,1,g
704,crispers,mango shake,11,g,15,mg,100,g,78,g,6,g,0,g,0,g,0,g,68,g
705,crispers,mango smoothie,0,g,0,mg,20,g,55,g,2,g,0,g,0,g,1,g,52,g
706,crispers,mango sorbet,0,g,0,mg,0,g,28,g,0,g,0,g,0,g,0,g,28,g
707,crispers,margherita flatbread salad half,26,g,45,mg,910,g,49,g,22,g,0,g,0,g,4,g,5,g
708,crispers,margherita flatbread salad whole,52,g,90,mg,1820,g,98,g,43,g,0,g,0,g,8,g,10,g
709,crispers,margherita flatbread half,14,g,25,mg,580,g,45,g,17,g,0,g,0,g,3,g,4,g
710,crispers,margherita flatbread whole,29,g,50,mg,1160,g,91,g,34,g,0,g,0,g,6,g,7,g
711,crispers,mediterranean flatbread salad half,28,g,10,mg,980,g,51,g,12,g,0,g,0,g,4,g,5,g
712,crispers,mediterranean flatbread salad whole,57,g,25,mg,2050,g,101,g,26,g,0,g,0,g,9,g,10,g
713,crispers,mediterranean flatbread half,23,g,10,mg,870,g,47,g,12,g,0,g,0,g,3,g,3,g
714,crispers,mediterranean flatbread whole,45,g,25,mg,1740,g,94,g,23,g,0,g,0,g,6,g,6,g
715,crispers,oatmeal raisin cookie,9,g,25,mg,220,g,45,g,5,g,0,g,0,g,3,g,16,g
716,crispers,oatmeal raisin cookie nibbler,3.5,g,5,mg,95,g,18,g,2,g,0,g,0,g,1,g,7,g
717,crispers,peanut butter cookie,16,g,10,mg,440,g,38,g,5,g,0,g,0,g,2,g,24,g
718,crispers,peanut butter cookie nibbler,7,g,5,mg,170,g,15,g,2,g,0,g,0,g,1,g,9,g
719,crispers,ranch dressing large,31,g,25,mg,680,g,3,g,0,g,0,g,0,g,0,g,3,g
720,crispers,ranch dressing small,19,g,15,mg,410,g,2,g,0,g,0,g,0,g,0,g,2,g
721,crispers,raspberry walnut dressing large,26,g,0,mg,200,g,11,g,0,g,0,g,0,g,0,g,11,g
722,crispers,raspberry walnut dressing small,16,g,0,mg,115,g,7,g,0,g,0,g,0,g,0,g,7,g
723,crispers,reuben sandwich half,14,g,50,mg,1350,g,36,g,21,g,0,g,0,g,3,g,6,g
724,crispers,reuben sandwich whole,28,g,95,mg,2700,g,72,g,42,g,0,g,0,g,7,g,13,g
725,crispers,slammin salmon salad large,16,g,85,mg,750,g,52,g,33,g,0,g,0,g,9,g,39,g
726,crispers,slammin salmon salad small,14,g,45,mg,540,g,27,g,24,g,0,g,0,g,5,g,20,g
727,crispers,smoked turkey delight sandwich half,15,g,50,mg,1180,g,45,g,21,g,0,g,0,g,3,g,13,g
728,crispers,smoked turkey delight sandwich whole,31,g,100,mg,2350,g,89,g,42,g,0,g,0,g,5,g,26,g
729,crispers,southwest chicken sandwich half,19,g,45,mg,900,g,42,g,21,g,0,g,0,g,3,g,10,g
730,crispers,southwest chicken sandwich whole,37,g,90,mg,1800,g,83,g,41,g,0,g,0,g,5,g,20,g
731,crispers,southwest salad salad large,16,g,75,mg,1140,g,52,g,34,g,0,g,0,g,11,g,8,g
732,crispers,southwest salad small,8,g,45,mg,690,g,27,g,20,g,0,g,0,g,6,g,4,g
733,crispers,spring flatbread salad half,33,g,50,mg,820,g,57,g,23,g,0,g,0,g,5,g,14,g
734,crispers,spring flatbread half,11,g,30,mg,450,g,47,g,20,g,0,g,0,g,3,g,6,g
735,crispers,spring flatbread whole,23,g,65,mg,900,g,94,g,39,g,0,g,0,g,6,g,12,g
736,crispers,spring salad flatbread salad whole,62,g,100,mg,1640,g,110,g,45,g,0,g,0,g,9,g,24,g
737,crispers,strawberry shake,11,g,15,mg,95,g,69,g,7,g,0,g,0,g,5,g,59,g
738,crispers,strawberry smoothie,0,g,0,mg,20,g,54,g,2,g,0,g,0,g,2,g,49,g
739,crispers,strawberry sorbet,0,g,0,mg,0,g,25,g,0,g,0,g,0,g,2,g,25,g
740,crispers,summer salad salad large,23,g,80,mg,1150,g,43,g,30,g,0,g,0,g,7,g,32,g
741,crispers,summer salad small,17,g,45,mg,710,g,27,g,19,g,0,g,0,g,5,g,21,g
742,crispers,super food salad large,17,g,0,mg,460,g,65,g,9,g,0,g,0,g,14,g,34,g
743,crispers,super food salad small,11,g,0,mg,240,g,36,g,5,g,0,g,0,g,8,g,20,g
744,crispers,thai chicken flatbread salad half,32,g,70,mg,1570,g,91,g,32,g,0,g,0,g,6,g,28,g
745,crispers,thai chicken flatbread salad whole,64,g,135,mg,3140,g,183,g,65,g,0,g,0,g,12,g,56,g
746,crispers,thai chicken flatbread half,17,g,70,mg,1090,g,64,g,28,g,0,g,0,g,4,g,20,g
747,crispers,thai chicken flatbread whole,34,g,135,mg,2150,g,127,g,56,g,0,g,0,g,7,g,39,g
748,crispers,thai chicken salad large,13,g,45,mg,920,g,54,g,25,g,0,g,0,g,7,g,12,g
749,crispers,thai chicken salad small,7,g,30,mg,540,g,29,g,15,g,0,g,0,g,4,g,7,g
750,crispers,thai spicy peanut dressing large,33,g,0,mg,940,g,23,g,1,g,0,g,0,g,0,g,19,g
751,crispers,thai spicy peanut dressing small,19,g,0,mg,550,g,13,g,1,g,0,g,0,g,0,g,11,g
752,crispers,tomato bisque bowl,21,g,60,mg,950,g,22,g,4,g,0,g,0,g,4,g,12,g
753,crispers,tomato bisque cup,12,g,35,mg,540,g,13,g,2,g,0,g,0,g,2,g,7,g
754,crispers,triple chocolate cookie,14,g,40,mg,200,g,42,g,5,g,0,g,0,g,1,g,28,g
755,crispers,triple chocolate cookie nibbler,6,g,15,mg,80,g,17,g,1,g,0,g,0,g,1,g,11,g
756,crispers,tuna salad sandwich half,12,g,30,mg,780,g,38,g,19,g,0,g,0,g,3,g,2,g
757,crispers,tuna salad sandwich whole,23,g,60,mg,1560,g,76,g,37,g,0,g,0,g,5,g,4,g
758,crispers,turkey cran flatbread half,17,g,70,mg,690,g,58,g,26,g,0,g,0,g,3,g,15,g
759,crispers,turkey cran flatbread whole,33,g,145,mg,1380,g,116,g,51,g,0,g,0,g,6,g,30,g
760,crispers,turkey cranwich sandwich half,12,g,55,mg,780,g,42,g,21,g,0,g,0,g,2,g,16,g
761,crispers,turkey cranwich sandwich whole,23,g,110,mg,1540,g,81,g,43,g,0,g,0,g,4,g,30,g
762,crispers,vanilla ice cream,17,g,80,mg,60,g,23,g,4,g,0,g,0,g,0,g,23,g
763,crispers,vanilla shake,60,g,245,mg,240,g,83,g,16,g,0,g,0,g,0,g,77,g
764,crispers,vegetarian vegetable soup bowl,2.5,g,0,mg,1000,g,17,g,3,g,0,g,0,g,3,g,4,g
765,crispers,vegetarian vegetable soup cup,1.5,g,0,mg,570,g,10,g,2,g,0,g,0,g,2,g,2,g
766,crispers,white chocolate mac cookie,18,g,35,mg,220,g,41,g,3,g,0,g,0,g,1,g,27,g
767,crispers,white chocolate mac cookie nibbler,15,g,25,mg,55,g,33,g,2,g,0,g,0,g,1,g,22,g
768,culvers,gluten free bun,7,g,0,mg,440,g,44,g,5,g,0,g,0,g,5,g,6,g
769,culvers,reeses chocolate concrete mixer regular,51,g,245,mg,462,g,116,g,19,g,27,g,1.2,g,5,g,98,g
770,culvers,chocolate shake regular,38,g,240,mg,270,g,108,g,12,g,23,g,1,g,0,g,83,g
771,culvers,chocolate malt regular,38,g,240,mg,290,g,114,g,12,g,23,g,1,g,0,g,88,g
772,culvers,vanilla oreo concrete mixer regular,54,g,290,mg,370,g,105,g,15,g,30,g,1.5,g,0,g,83,g
773,culvers,vanilla shake short,35,g,218,mg,174,g,58,g,12,g,20.3,g,1.2,g,0,g,52,g
774,culvers,chocolate oreo concrete mixer regular,43,g,245,mg,422,g,112,g,15,g,23,g,1.2,g,3,g,86,g
775,culvers,crazy for cookie dough concrete mixer regular,56,g,305,mg,590,g,141,g,17,g,34.7,g,1.5,g,0,g,110,g
776,culvers,chocolate concrete mixer with mandms regular,46,g,245,mg,302,g,124,g,16,g,28,g,1.2,g,5,g,106,g
777,culvers,strawberry shake short,32,g,200,mg,150,g,66,g,10,g,20,g,1,g,0,g,60,g
778,culvers,chocolate snickers concrete mixer regular,47,g,245,mg,392,g,118,g,17,g,26,g,1.2,g,4,g,98,g
779,culvers,vanilla concrete mixer with mandms regular,57,g,290,mg,250,g,117,g,16,g,35,g,1.5,g,2,g,103,g
780,culvers,strawberry concrete mixer regular,46,g,290,mg,210,g,99,g,13,g,28,g,1.5,g,0,g,89,g
781,culvers,raspberry cheesecake concrete mixer regular,53,g,320,mg,400,g,120,g,15,g,32,g,1.5,g,2,g,98,g
782,culvers,mint oreo concrete mixer regular,50,g,290,mg,390,g,116,g,14,g,29,g,1.5,g,0,g,95,g
783,culvers,salted caramel concrete mixer with cookie dough regular,54,g,305,mg,740,g,145,g,16,g,32,g,1.5,g,0,g,108,g
784,culvers,root beer small,0,g,0,mg,110,g,59,g,0,g,0,g,0,g,0,g,58,g
785,culvers,root beer large,0,g,0,mg,220,g,118,g,0,g,0,g,0,g,0,g,116,g
786,culvers,vanilla malt short,35,g,218,mg,187,g,62,g,12,g,20.3,g,1.2,g,0,g,56,g
787,culvers,root beer float regular,17,g,105,mg,160,g,72,g,5,g,10,g,0,g,0,g,68,g
788,culvers,raspberry shake short,32,g,200,mg,150,g,63,g,10,g,20,g,1,g,1,g,56,g
789,culvers,chocolate concrete mixer with heath english toffee bars regular,53,g,255,mg,452,g,118,g,15,g,31,g,1.2,g,5,g,104,g
790,culvers,mint chip shake short,36,g,202,mg,215,g,74,g,10,g,22,g,1,g,0,g,65,g
791,culvers,vanilla concrete mixer with heath english toffee bars regular,64,g,300,mg,400,g,111,g,15,g,38,g,1.5,g,2,g,101,g
792,culvers,raspberry concrete mixer regular,46,g,290,mg,210,g,95,g,13,g,28,g,1.5,g,2,g,93,g
793,culvers,root beer medium,0,g,0,mg,150,g,81,g,0,g,0,g,0,g,0,g,79,g
794,culvers,chocolate shake short,32,g,200,mg,195,g,73,g,10,g,20,g,1,g,0,g,61,g
795,culvers,snickers vanilla concrete mixer regular,58,g,290,mg,340,g,111,g,17,g,33,g,1.5,g,1,g,95,g
796,culvers,raspberry malt short,32,g,200,mg,163,g,67,g,10,g,20,g,1,g,1,g,59,g
797,culvers,strawberry malt short,32,g,200,mg,160,g,68,g,10,g,20,g,1,g,0,g,62,g
798,culvers,root beer float short,17,g,105,mg,135,g,61,g,5,g,10,g,0,g,0,g,58,g
799,culvers,strawberry shake regular,38,g,240,mg,180,g,86,g,12,g,23,g,1,g,0,g,79,g
800,culvers,vanilla shake regular,44,g,274,mg,219,g,73,g,15,g,25.6,g,1.5,g,0,g,66,g
801,culvers,salted caramel concrete mixer made with reeses regular,57,g,290,mg,790,g,143,g,18,g,33,g,1.5,g,1,g,113,g
802,culvers,mint shake short,32,g,200,mg,250,g,79,g,10,g,20,g,1,g,0,g,68,g
803,culvers,reeses vanilla concrete mixer regular,62,g,290,mg,410,g,109,g,19,g,34,g,1.5,g,2,g,95,g
804,culvers,cookie dough concrete mixer regular,56,g,320,mg,310,g,113,g,15,g,32,g,1.5,g,0,g,85,g
805,culvers,strawberry shake tall,49,g,306,mg,244,g,114,g,16,g,28.5,g,1.6,g,0,g,106,g
806,culvers,salted caramel concrete mixer made with brownie regular,54,g,305,mg,705,g,144,g,17,g,31,g,1.5,g,1,g,110,g
807,culvers,mint shake regular,38,g,240,mg,380,g,114,g,12,g,23,g,1,g,0,g,97,g
808,culvers,raspberry shake tall,49,g,304,mg,243,g,108,g,16,g,28.4,g,1.6,g,3,g,97,g
809,culvers,chocolate malt short,32,g,200,mg,208,g,80,g,10,g,20,g,1,g,0,g,64,g
810,culvers,vanilla malt regular,44,g,274,mg,239,g,79,g,15,g,25.6,g,1.5,g,0,g,71,g
811,culvers,strawberry malt regular,38,g,240,mg,200,g,92,g,12,g,23,g,1,g,0,g,84,g
812,culvers,raspberry shake regular,38,g,240,mg,180,g,82,g,12,g,23,g,1,g,2,g,73,g
813,culvers,chocolate malt tall,49,g,304,mg,408,g,156,g,17,g,28.4,g,1.6,g,0,g,119,g
814,culvers,root beer float tall,18,g,113,mg,195,g,91,g,6,g,11.3,g,0.7,g,0,g,85,g
815,culvers,vanilla shake tall,71,g,446,mg,357,g,119,g,24,g,41.6,g,2.4,g,0,g,107,g
816,culvers,strawberry malt tall,50,g,306,mg,304,g,132,g,18,g,28.5,g,1.6,g,0,g,121,g
817,culvers,vanilla malt tall,72,g,446,mg,417,g,137,g,25,g,41.6,g,2.4,g,0,g,122,g
818,culvers,chocolate reeses concrete mixer regular,51,g,245,mg,462,g,116,g,19,g,27,g,1.2,g,5,g,98,g
819,culvers,mint chip shake tall,59,g,311,mg,423,g,138,g,18,g,34.4,g,1.6,g,0,g,121,g
820,culvers,raspberry malt tall,50,g,304,mg,303,g,126,g,18,g,28.4,g,1.6,g,3,g,112,g
821,culvers,raspberry malt regular,38,g,240,mg,200,g,88,g,12,g,23,g,1,g,2,g,78,g
822,culvers,chocolate shake tall,49,g,304,mg,378,g,147,g,16,g,28.4,g,1.6,g,0,g,112,g
823,culvers,mint chip shake regular,45,g,245,mg,300,g,102,g,13,g,27,g,1,g,0,g,89,g
824,culvers,mint shake tall,49,g,304,mg,543,g,156,g,16,g,28.4,g,1.6,g,0,g,133,g
825,culvers,wisconsin cheddar cheese sauce,10,g,30,mg,410,g,3,g,6,g,6,g,0,g,0,g,1,g
826,culvers,tartar sauce,39,g,30,mg,340,g,3,g,1,g,6,g,0.5,g,0,g,2,g
827,culvers,horseradish sauce,6,g,5,mg,90,g,2,g,0,g,1,g,0,g,0,g,1,g
828,culvers,bbq sauce,0,g,0,mg,440,g,25,g,0,g,0,g,0,g,0,g,23,g
829,culvers,shrimp cocktail sauce,0,g,0,mg,390,g,12,g,1,g,0,g,0,g,1,g,7,g
830,culvers,ketchup,0,g,0,mg,130,g,4,g,0,g,0,g,0,g,0,g,3,g
831,culvers,mayonnaise,8,g,5,mg,75,g,1,g,0,g,1.5,g,0,g,0,g,1,g
832,culvers,sweet and sour dipping sauce,0,g,0,mg,320,g,23,g,0,g,0,g,0,g,0,g,21,g
833,culvers,mild or medium picante sauce,0,g,0,mg,220,g,2,g,0,g,0,g,0,g,0,g,2,g
834,culvers,yellow mustard,0,g,0,mg,130,g,0,g,0,g,0,g,0,g,0,g,0,g
835,culvers,spicy brown mustard,0,g,0,mg,120,g,0,g,0,g,0,g,0,g,0,g,0,g
836,culvers,vanilla frozen custard dish 1 scoop,18,g,115,mg,80,g,31,g,5,g,11,g,0.5,g,0,g,27,g
837,culvers,turtle sundae 2 scoops,61,g,285,mg,460,g,111,g,15,g,28.7,g,1,g,2,g,88,g
838,culvers,chocolate frozen custard dish 1 scoop,14,g,95,mg,120,g,35,g,6,g,9,g,0.5,g,1,g,29,g
839,culvers,caramel cashew sundae 1 scoop,33,g,120,mg,290,g,67,g,10,g,14.5,g,0.5,g,1,g,45,g
840,culvers,vanilla frozen custard dish 2 scoops,35,g,220,mg,160,g,59,g,10,g,22,g,1,g,0,g,52,g
841,culvers,banana split sundae 2 scoops,59,g,222,mg,365,g,121,g,15,g,27,g,1,g,8,g,92,g
842,culvers,turtle sundae 1 scoop,41,g,118,mg,285,g,60,g,8,g,15.4,g,0.5,g,2,g,46,g
843,culvers,chocolate frozen custard waffle cone 3 scoops,36,g,235,mg,335,g,110,g,16,g,21,g,1,g,4,g,79,g
844,culvers,vanilla frozen custard waffle cone 2 scoops,36,g,220,mg,215,g,84,g,12,g,22,g,1,g,1,g,60,g
845,culvers,vanilla frozen custard waffle cone 1 scoop,18,g,115,mg,135,g,56,g,7,g,11,g,0.5,g,1,g,35,g
846,culvers,plain waffle cone,0,g,0,mg,55,g,25,g,2,g,0,g,0,g,1,g,8,g
847,culvers,vanilla frozen custard cake cone 2 scoops,35,g,220,mg,170,g,64,g,10,g,22,g,1,g,0,g,52,g
848,culvers,vanilla frozen custard cake cone 1 scoop,18,g,115,mg,90,g,36,g,5,g,11,g,0.5,g,0,g,27,g
849,culvers,chocolate frozen custard dish 2 scoops,28,g,185,mg,220,g,68,g,11,g,17,g,1,g,2,g,57,g
850,culvers,fudge pecan sundae 3 scoops,73,g,280,mg,490,g,122,g,19,g,36.4,g,1.5,g,2,g,104,g
851,culvers,vanilla frozen custard dish 3 scoops,45,g,280,mg,200,g,75,g,13,g,27,g,1.5,g,0,g,65,g
852,culvers,chocolate sundae 3 scoops,35,g,235,mg,280,g,85,g,14,g,21,g,1,g,3,g,71,g
853,culvers,banana split sundae 3 scoops,72,g,285,mg,500,g,165,g,19,g,34,g,1.5,g,8,g,126,g
854,culvers,turtle sundae 3 scoops,71,g,285,mg,500,g,127,g,18,g,33.7,g,1.5,g,2,g,101,g
855,culvers,plain cake cone,0,g,0,mg,10,g,5,g,0,g,0,g,0,g,0,g,0,g
856,culvers,fudge pecan sundae 1 scoop,42,g,115,mg,280,g,57,g,9,g,16.7,g,0.5,g,2,g,48,g
857,culvers,fudge pecan sundae 2 scoops,63,g,220,mg,450,g,106,g,16,g,31.4,g,1,g,2,g,91,g
858,culvers,vanilla frozen custard waffle cone 3 scoops,46,g,280,mg,255,g,100,g,15,g,27,g,1.5,g,1,g,73,g
859,culvers,caramel cashew sundae 3 scoops,61,g,290,mg,510,g,137,g,19,g,31.5,g,1.5,g,1,g,98,g
860,culvers,caramel cashew sundae 2 scoops,51,g,230,mg,470,g,121,g,16,g,26.5,g,1,g,1,g,85,g
861,culvers,chocolate frozen custard cake cone 1 scoop,14,g,95,mg,130,g,40,g,6,g,9,g,0.5,g,1,g,29,g
862,culvers,chocolate frozen custard cake cone 2 scoops,28,g,185,mg,230,g,73,g,11,g,17,g,1,g,2,g,57,g
863,culvers,chocolate frozen custard dish 3 scoops,35,g,235,mg,280,g,85,g,14,g,21,g,1,g,3,g,71,g
864,culvers,chocolate frozen custard waffle cone 2 scoops,28,g,185,mg,275,g,93,g,13,g,17,g,1,g,3,g,65,g
865,culvers,vanilla frozen custard cake cone 3 scoops,45,g,280,mg,210,g,80,g,13,g,27,g,1.5,g,0,g,65,g
866,culvers,chocolate frozen custard cake cone 3 scoops,35,g,235,mg,290,g,90,g,14,g,21,g,1,g,3,g,71,g
867,culvers,chocolate frozen custard waffle cone 1 scoop,14,g,95,mg,175,g,60,g,8,g,9,g,0.5,g,2,g,37,g
868,culvers,crinkle cut fries regular,14,g,0,mg,530,g,53,g,6,g,2,g,0,g,4,g,0,g
869,culvers,crinkle cut fries large,18,g,0,mg,680,g,68,g,7,g,2,g,0,g,5,g,0,g
870,culvers,chili cheddar fries,32,g,45,mg,1580,g,80,g,19,g,9.5,g,0,g,7,g,3,g
871,culvers,kids original 2 piece chicken tenders,12,g,50,mg,920,g,21,g,20,g,1.5,g,0,g,1,g,1,g
872,culvers,kids vanilla ice cream 1 scoop,18,g,115,mg,80,g,31,g,5,g,11,g,0.5,g,0,g,27,g
873,culvers,grilled cheese on sourdough,18,g,40,mg,670,g,38,g,12,g,9,g,0,g,1,g,4,g
874,culvers,kids corn dog,14,g,20,mg,500,g,23,g,6,g,4,g,0,g,0,g,7,g
875,culvers,kids grilled cheese sourdough sandwich,17,g,50,mg,610,g,39,g,13,g,9,g,0.4,g,1,g,4,g
876,culvers,kids buffalo chicken 2 piece tenders,11,g,50,mg,910,g,16,g,17,g,1.5,g,0,g,1,g,0,g
877,culvers,kids 1 low fat chocolate milk,2.5,g,15,mg,220,g,27,g,8,g,1.5,g,0,g,0,g,26,g
878,culvers,kids 1 low fat milk,2.5,g,10,mg,130,g,13,g,8,g,1.5,g,0,g,0,g,12,g
879,culvers,kids chili cheddar fries,32,g,45,mg,1580,g,80,g,19,g,9.5,g,0,g,7,g,3,g
880,culvers,kids applesauce,0,g,0,mg,10,g,12,g,0,g,0,g,0,g,2,g,8,g
881,culvers,kids side salad,2,g,5,mg,100,g,5,g,2,g,1.2,g,0,g,1,g,1,g
882,culvers,kids georges chili,13,g,45,mg,1410,g,25,g,17,g,4,g,1,g,6,g,6,g
883,culvers,kids georges chili supreme,20,g,72,mg,1509,g,28,g,20,g,9,g,1,g,6,g,7,g
884,culvers,north atlantic cod dinner 2 pieces,68,g,160,mg,950,g,42,g,37,g,10.9,g,0.5,g,0,g,5,g
885,culvers,butterfly jumbo shrimp dinner 10 pieces,34,g,110,mg,2420,g,83,g,25,g,5.5,g,0,g,2,g,10,g
886,culvers,original chicken tenders without sauce,24,g,100,mg,1840,g,42,g,40,g,3,g,0,g,2,g,2,g
887,culvers,butterfly jumbo shrimp dinner 6 pieces,22,g,70,mg,1700,g,63,g,17,g,4.3,g,0,g,2,g,10,g
888,culvers,north atlantic cod dinner 3 pieces,80,g,220,mg,1140,g,51,g,53,g,12.1,g,0.5,g,0,g,5,g
889,culvers,beef pot roast dinner,27,g,176,mg,2280,g,82,g,39,g,14.7,g,1,g,6,g,13,g
890,culvers,buffalo chicken tenders without sauce,22,g,100,mg,1820,g,32,g,34,g,3,g,0,g,2,g,0,g
891,culvers,chopped steak dinner,47,g,136,mg,2055,g,63,g,39,g,19.7,g,1,g,7,g,10,g
892,culvers,raspberry vinaigrette dressing,0,g,0,mg,180,g,11,g,0,g,0,g,0,g,0,g,10,g
893,culvers,ranch dressing,19,g,20,mg,380,g,2,g,1,g,3,g,0,g,0,g,1,g
894,culvers,sesame ginger dressing,0,g,0,mg,350,g,16,g,1,g,0,g,0,g,0,g,14,g
895,culvers,honey mustard dressing,6,g,0,mg,400,g,20,g,0,g,1,g,0,g,0,g,18,g
896,culvers,french dressing,13,g,0,mg,320,g,19,g,0,g,2,g,0,g,0,g,18,g
897,culvers,chunky bleu cheese dressing,33,g,20,mg,480,g,2,g,1,g,6,g,0.5,g,0,g,1,g
898,culvers,chicken cashew salad with grilled chicken without dressing regular,24,g,115,mg,855,g,13,g,46,g,8.5,g,0,g,3,g,3,g
899,culvers,garden fresco salad with grilled chicken without dressing regular,14,g,115,mg,925,g,15,g,44,g,6,g,0,g,2,g,2,g
900,culvers,cranberry bacon bleu salad with grilled chicken without dressing,14,g,120,mg,1105,g,14,g,44,g,6.5,g,0,g,2,g,9,g
901,culvers,side salad without dressing,2,g,5,mg,100,g,5,g,2,g,1.2,g,0,g,1,g,1,g
902,culvers,garden fresco salad without dressing,11,g,25,mg,375,g,15,g,10,g,5.5,g,0,g,2,g,2,g
903,culvers,garden fresco salad with grilled chicken without dressing small,11,g,25,mg,375,g,15,g,10,g,5.5,g,0,g,2,g,2,g
904,culvers,chicken cashew salad with grilled chicken small,22,g,25,mg,305,g,13,g,12,g,8,g,0,g,3,g,3,g
905,culvers,american cheese,6,g,20,mg,125,g,1,g,3,g,3.5,g,0.2,g,0,g,1,g
906,culvers,north atlantic cod filet sandwich,34,g,88,mg,750,g,50,g,26,g,8.5,g,0.2,g,1,g,6,g
907,culvers,single cheese butterburger,23,g,75,mg,605,g,39,g,23,g,9.5,g,0.7,g,1,g,7,g
908,culvers,double the original butterburger,30,g,105,mg,580,g,38,g,34,g,11,g,1,g,1,g,6,g
909,culvers,grilled chicken sandwich,8,g,95,mg,1070,g,40,g,41,g,3,g,0,g,1,g,6,g
910,culvers,crispy chicken sandwich,14,g,55,mg,1110,g,56,g,25,g,2,g,0,g,1,g,6,g
911,culvers,single the original butterburger,17,g,55,mg,480,g,38,g,20,g,6,g,0.5,g,1,g,6,g
912,culvers,double the culvers deluxe butterburger,54,g,155,mg,1045,g,42,g,40,g,20,g,1.4,g,1,g,8,g
913,culvers,double the culvers bacon deluxe butterburger,57,g,165,mg,1205,g,41,g,43,g,21,g,1.4,g,1,g,8,g
914,culvers,single mushroom and swiss butterburger,26,g,75,mg,582,g,40,g,26,g,10,g,0.7,g,2,g,6,g
915,culvers,spicy crispy chicken sandwich,17,g,45,mg,1470,g,57,g,25,g,2.5,g,0,g,2,g,6,g
916,culvers,double mushroom and swiss butterburger,47,g,145,mg,785,g,42,g,47,g,19,g,1.4,g,2,g,6,g
917,culvers,pork tenderloin sandwich,25,g,45,mg,900,g,72,g,18,g,4,g,0,g,3,g,6,g
918,culvers,grilled reuben melt sandwich,38,g,105,mg,1840,g,43,g,37,g,14.5,g,1.4,g,4,g,6,g
919,culvers,single the culvers deluxe butterburger,35,g,85,mg,820,g,41,g,23,g,11.5,g,0.7,g,1,g,8,g
920,culvers,triple the culvers bacon deluxe butterburger,76,g,235,mg,1430,g,42,g,60,g,29.5,g,2.1,g,1,g,10,g
921,culvers,beef pot roast sandwich,13,g,140,mg,740,g,40,g,31,g,6,g,1,g,1,g,8,g
922,culvers,single the culvers bacon deluxe butterburger,38,g,95,mg,980,g,40,g,26,g,12.5,g,0.7,g,1,g,8,g
923,culvers,double cheese butterburger,42,g,145,mg,830,g,40,g,40,g,18,g,1.4,g,1,g,8,g
924,culvers,single sourdough melt,25,g,80,mg,600,g,39,g,26,g,11.5,g,0.8,g,2,g,3,g
925,culvers,triple cheese butterburger,61,g,215,mg,1055,g,41,g,57,g,26.5,g,2.1,g,1,g,9,g
926,culvers,triple the culvers deluxe butterburger,73,g,225,mg,1270,g,43,g,57,g,28.5,g,2.1,g,1,g,10,g
927,culvers,double cheddar butterburger,44,g,145,mg,860,g,38,g,44,g,20,g,1.6,g,1,g,6,g
928,culvers,single wisconsin swiss melt butterburger,24,g,80,mg,540,g,36,g,27,g,10.5,g,0.7,g,4,g,3,g
929,culvers,double sourdough melt,45,g,150,mg,840,g,39,g,45,g,21,g,1.6,g,2,g,3,g
930,culvers,triple mushroom and swiss butterburger,68,g,215,mg,988,g,44,g,68,g,28,g,2.1,g,2,g,6,g
931,culvers,double wisconsin swiss melt butterburger,43,g,150,mg,680,g,37,g,47,g,19,g,1.4,g,4,g,3,g
932,culvers,double cheddar butterburger with bacon,47,g,155,mg,1011,g,37,g,47,g,21,g,1.6,g,1,g,6,g
933,culvers,triple cheddar butterburger with bacon,67,g,225,mg,1251,g,37,g,66,g,30.5,g,2.4,g,1,g,6,g
934,culvers,single cheddar butterburger,24,g,75,mg,620,g,38,g,25,g,10.5,g,0.8,g,1,g,6,g
935,culvers,triple cheddar butterburger,64,g,215,mg,1100,g,38,g,63,g,29.5,g,2.4,g,1,g,6,g
936,culvers,triple wisconsin swiss melt butteburger,62,g,220,mg,820,g,40,g,67,g,27.5,g,2.1,g,5,g,4,g
937,culvers,triple sourdough melt,65,g,220,mg,1080,g,41,g,64,g,30.5,g,2.4,g,3,g,4,g
938,culvers,single swiss butterburger,23,g,75,mg,520,g,39,g,26,g,9.5,g,0.7,g,1,g,6,g
939,culvers,triple the original butterburger,43,g,155,mg,680,g,38,g,48,g,16,g,1.5,g,1,g,6,g
940,culvers,single cheddar butterburger with bacon,27,g,85,mg,771,g,37,g,28,g,11.5,g,0.8,g,1,g,6,g
941,culvers,double swiss butterburger,42,g,145,mg,660,g,40,g,46,g,18,g,1.4,g,1,g,6,g
942,culvers,triple swiss butterburger,61,g,215,mg,800,g,41,g,66,g,26.5,g,2.1,g,1,g,6,g
943,culvers,applesauce,0,g,0,mg,10,g,12,g,0,g,0,g,0,g,2,g,8,g
944,culvers,wisconsin cheese curds regular,25,g,55,mg,1230,g,51,g,20,g,12,g,0.7,g,0,g,4,g
945,culvers,onion rings regular,22,g,0,mg,530,g,44,g,6,g,2.5,g,0,g,3,g,3,g
946,culvers,mashed potatoes and gravy regular,1,g,0,mg,370,g,25,g,4,g,0.4,g,0,g,2,g,3,g
947,culvers,coleslaw regular,16,g,10,mg,240,g,15,g,1,g,2.5,g,0,g,2,g,13,g
948,culvers,crinkle cut fries small,9,g,0,mg,350,g,35,g,4,g,1,g,0,g,3,g,0,g
949,culvers,wisconsin cheese curds large,50,g,110,mg,2460,g,102,g,40,g,24,g,1.4,g,0,g,8,g
950,culvers,onion rings large,44,g,0,mg,1060,g,88,g,12,g,5,g,0,g,6,g,6,g
951,culvers,green beans regular,9,g,25,mg,850,g,9,g,2,g,6,g,0,g,3,g,2,g
952,culvers,dinner roll,2,g,0,mg,180,g,19,g,4,g,0,g,0,g,0,g,3,g
953,culvers,mashed potatoes and gravy large,8,g,0,mg,1470,g,71,g,10,g,2.4,g,0,g,6,g,7,g
954,culvers,green beans large,18,g,45,mg,1690,g,17,g,4,g,11,g,0,g,6,g,5,g
955,culvers,coleslaw large,48,g,30,mg,710,g,44,g,3,g,8,g,0.8,g,5,g,38,g
956,culvers,georges chili,13,g,45,mg,1410,g,26,g,17,g,4,g,1,g,6,g,6,g
957,culvers,chicken noodle soup,2,g,30,mg,1100,g,15,g,6,g,0,g,0,g,1,g,1,g
958,culvers,georges chili supreme,20,g,72,mg,1509,g,28,g,20,g,9,g,1,g,6,g,7,g
959,culvers,stuffed green pepper soup,2,g,10,mg,1170,g,24,g,5,g,1,g,0,g,1,g,6,g
960,culvers,wild and brown rice soup with chicken,14,g,38,mg,1220,g,26,g,10,g,5,g,0,g,1,g,9,g
961,culvers,broccoli cheese soup,12,g,31,mg,1160,g,17,g,10,g,5.5,g,0,g,1,g,9,g
962,culvers,vegetable beef soup,4,g,20,mg,1280,g,22,g,8,g,2,g,0,g,2,g,4,g
963,culvers,potato soup with bacon,10,g,25,mg,1140,g,28,g,9,g,4,g,0,g,2,g,9,g
964,culvers,tomato florentine soup,1,g,0,mg,1280,g,22,g,4,g,0.5,g,0,g,2,g,7,g
965,culvers,boston clam chowder,11,g,30,mg,1530,g,27,g,12,g,4,g,0,g,1,g,8,g
966,culvers,bbq sauce,0,g,0,mg,440,g,26,g,0,g,0,g,0,g,0,g,23,g
967,culvers,beef pot roast dinner,18,g,150,mg,1000,g,46,g,32,g,9,g,1,g,1,g,6,g
968,culvers,beef pot roast sandwich,13,g,140,mg,740,g,40,g,31,g,6,g,1,g,1,g,8,g
969,culvers,breads dinner roll and butter packet,4,g,10,mg,230,g,21,g,4,g,2.5,g,0,g,0,g,3,g
970,culvers,breads gluten free bun,7,g,0,mg,440,g,44,g,5,g,0,g,0,g,5,g,6,g
971,culvers,butterburger the original double,30,g,105,mg,580,g,38,g,34,g,11,g,1,g,1,g,6,g
972,culvers,butterburger the original single,17,g,55,mg,480,g,38,g,20,g,6,g,0.5,g,1,g,6,g
973,culvers,butterburger the original triple,43,g,155,mg,680,g,38,g,48,g,16,g,1.5,g,1,g,6,g
974,culvers,butterburger cheese double,42,g,145,mg,830,g,40,g,40,g,18,g,1.5,g,1,g,8,g
975,culvers,butterburger cheese single,23,g,75,mg,610,g,39,g,23,g,10,g,0.5,g,1,g,7,g
976,culvers,butterburger cheese triple,61,g,215,mg,1060,g,41,g,57,g,27,g,2,g,1,g,9,g
977,culvers,butterfly jumbo shrimp dinner 10 piece,34,g,110,mg,2420,g,83,g,25,g,6,g,0,g,2,g,10,g
978,culvers,butterfly jumbo shrimp dinner 6 piece,22,g,70,mg,1700,g,63,g,17,g,4.5,g,0,g,2,g,10,g
979,culvers,butterfly jumbo shrimp 10 piece,30,g,100,mg,1800,g,50,g,20,g,0,g,0,g,0,g,0,g
980,culvers,cheddar butterburger with bacon double,46,g,155,mg,1020,g,38,g,47,g,21,g,1.5,g,1,g,6,g
981,culvers,cheddar butterburger with bacon single,26,g,85,mg,780,g,38,g,28,g,11,g,1,g,1,g,6,g
982,culvers,cheddar butterburger with bacon triple,66,g,225,mg,1260,g,38,g,66,g,30,g,2.5,g,1,g,6,g
983,culvers,cheddar butterburger double,44,g,145,mg,860,g,38,g,44,g,20,g,1.5,g,1,g,6,g
984,culvers,cheddar butterburger single,24,g,75,mg,620,g,38,g,25,g,11,g,1,g,1,g,6,g
985,culvers,cheddar butterburger triple,64,g,215,mg,1100,g,38,g,63,g,30,g,2.5,g,1,g,6,g
986,culvers,chicken cashew with grilled chicken salad,24,g,115,mg,860,g,14,g,46,g,9,g,0,g,3,g,3,g
987,culvers,chicken tenders buffalo 4 piece,22,g,100,mg,1820,g,32,g,34,g,3,g,0,g,2,g,0,g
988,culvers,chicken tenders original 4 piece,24,g,100,mg,1840,g,42,g,40,g,3,g,0,g,2,g,2,g
989,culvers,chocolate cake cone 1 scoop,14,g,95,mg,130,g,40,g,6,g,9,g,0.5,g,1,g,29,g
990,culvers,chocolate cake cone 2 scoop,28,g,185,mg,230,g,73,g,11,g,17,g,1,g,2,g,57,g
991,culvers,chocolate cake cone 3 scoop,35,g,235,mg,290,g,90,g,14,g,21,g,1,g,3,g,71,g
992,culvers,chocolate concrete mixer mini made with cookie dough,22,g,135,mg,190,g,60,g,8,g,12,g,0.5,g,2,g,45,g
993,culvers,chocolate concrete mixer mini made with mandms,23,g,120,mg,160,g,63,g,8,g,15,g,0.5,g,2,g,54,g
994,culvers,chocolate concrete mixer mini made with oreo,20,g,120,mg,210,g,55,g,7,g,11,g,0.5,g,2,g,42,g
995,culvers,chocolate concrete mixer mini made with reeses,25,g,120,mg,240,g,59,g,10,g,14,g,0.5,g,2,g,50,g
996,culvers,chocolate concrete mixer mini made with snickers,23,g,120,mg,210,g,60,g,9,g,14,g,0.5,g,2,g,50,g
997,culvers,chocolate concrete mixer regular made with cookie dough,45,g,275,mg,400,g,124,g,16,g,25,g,1,g,4,g,92,g
998,culvers,chocolate concrete mixer regular made with mandms,47,g,240,mg,330,g,128,g,18,g,29,g,1,g,5,g,110,g
999,culvers,chocolate concrete mixer regular made with oreo,42,g,245,mg,420,g,112,g,15,g,23,g,1,g,3,g,86,g
