,Restaurant Name,Food Name,Total Fat Amount,Total Fat Unit,Cholesterol Amount,Cholesterol Unit,Sodium Amount,Sodium Unit,Total Carbohydrate Amount,Total Carbohydrate Unit,Protein Amount,Protein Unit,Saturated Fat Amount,Saturated Fat Unit,Trans Fat Amount,Trans Fat Unit,Dietary Fiber Amount,Dietary Fiber Unit,Sugars Amount,Sugars Unit
0,donatos pizza,heat 10 cauliflower crust pizza,3.5,g,10,mg,200,g,5,g,4,g,2,g,0,g,1,g,1,g
1,donatos pizza,signature 12 famous thin crust chicken bruschetta pizza,6,g,15,mg,300,g,10,g,6,g,2.5,g,0,g,1,g,1,g
2,donatos pizza,signature 10 famous thin crust margherita pizza,5,g,10,mg,160,g,7,g,4,g,2,g,0,g,0,g,1,g
3,donatos pizza,signature 7 famous thin crust mariachi chicken pizza,3,g,15,mg,210,g,7,g,4,g,1.5,g,0,g,1,g,1,g
4,donatos pizza,signature 10 cauliflower crust the works pizza,5,g,15,mg,180,g,5,g,4,g,2,g,0,g,1,g,1,g
5,donatos pizza,signature 7 famous thin crust classic trio pizza,4,g,10,mg,220,g,6,g,4,g,1.5,g,0,g,1,g,1,g
6,donatos pizza,signature 10 cauliflower crust ultimate 4 cheese pizza,4,g,10,mg,140,g,5,g,4,g,2,g,0,g,0,g,1,g
7,donatos pizza,pepperoni 12 famous thin crust pizza,6,g,20,mg,320,g,10,g,6,g,2.5,g,0,g,1,g,1,g
8,donatos pizza,signature 12 famous thin crust ultimate 5 cheese pizza,6,g,20,mg,280,g,10,g,6,g,3,g,0,g,1,g,1,g
9,donatos pizza,classic 10 vegan crust pepperoni pizza,4,g,10,mg,160,g,8,g,3,g,1.5,g,0,g,0,g,1,g
10,donatos pizza,signature 7 famous thin crust margherita pizza,4.5,g,10,mg,140,g,6,g,4,g,2,g,0,g,0,g,1,g
11,donatos pizza,signature 14 thick crust founders favorite pizza,8,g,25,mg,590,g,16,g,10,g,3.5,g,0,g,1,g,2,g
12,donatos pizza,signature 10 famous thin crust the works pizza,4.5,g,15,mg,240,g,8,g,5,g,2,g,0,g,1,g,1,g
13,donatos pizza,signature 14 famous thin crust classic trio pizza,8,g,25,mg,390,g,12,g,8,g,3.5,g,0,g,1,g,1,g
14,donatos pizza,signature 10 famous thin crust ultimate 5 cheese pizza,4,g,10,mg,200,g,7,g,4,g,2,g,0,g,1,g,1,g
15,donatos pizza,signature 12 famous thin crust chicken spinach mozzarella pizza,6,g,20,mg,280,g,10,g,7,g,2.5,g,0,g,1,g,1,g
16,donatos pizza,signature 12 famous thin crust hawaiian pizza,5,g,15,mg,330,g,11,g,6,g,2,g,0,g,1,g,2,g
17,donatos pizza,signature 14 hand tossed serious meat with ground beef pizza,15,g,45,mg,870,g,33,g,19,g,6,g,0,g,3,g,4,g
18,donatos pizza,10 vegan crust skinny pizza with cheese,2,g,5,mg,100,g,8,g,2,g,1,g,0,g,1,g,1,g
19,donatos pizza,signature 10 vegan crust bourbon bbq chicken pizza,4,g,10,mg,200,g,9,g,3,g,1.5,g,0,g,1,g,2,g
20,donatos pizza,signature 10 cauliflower crust hawaiian pizza,4,g,10,mg,200,g,6,g,5,g,2,g,0,g,1,g,2,g
21,donatos pizza,signature 12 famous thin crust classic trio pizza,7,g,20,mg,350,g,10,g,7,g,3,g,0,g,1,g,1,g
22,donatos pizza,classic 14 thick crust serious cheese pizza,7,g,15,mg,380,g,16,g,9,g,3.5,g,0,g,1,g,2,g
23,donatos pizza,signature 10 famous thin crust founders favorite pizza,5,g,15,mg,350,g,7,g,5,g,2,g,0,g,1,g,1,g
24,donatos pizza,signature 12 hand tossed classic trio pizza,10,g,25,mg,490,g,24,g,11,g,4,g,0,g,2,g,2,g
25,donatos pizza,signature 10 cauliflower crust serious meat with ground beef pizza,6,g,20,mg,300,g,6,g,6,g,3,g,0,g,0,g,1,g
26,donatos pizza,classic 12 thick crust serious cheese pizza,6,g,15,mg,340,g,14,g,8,g,3,g,0,g,1,g,2,g
27,donatos pizza,classic 14 hand tossed pepperoni pizza,12,g,30,mg,640,g,33,g,15,g,5,g,0,g,2,g,3,g
28,donatos pizza,classic 7 famous thin crust serious cheese pizza,3.5,g,10,mg,180,g,6,g,4,g,1.5,g,0,g,1,g,1,g
29,donatos pizza,classic 7 thick crust serious cheese pizza,3.5,g,10,mg,190,g,8,g,4,g,1.5,g,0,g,1,g,1,g
30,donatos pizza,signature 14 thick crust mariachi beef pizza,6,g,20,mg,430,g,17,g,8,g,3,g,0,g,2,g,3,g
31,donatos pizza,signature 12 famous thin crust founders favorite pizza,7,g,25,mg,490,g,10,g,8,g,3,g,0,g,1,g,1,g
32,donatos pizza,signature 14 famous thin crust ultimate 4 cheese pizza,6,g,20,mg,310,g,11,g,7,g,3,g,0,g,1,g,1,g
33,donatos pizza,classic 10 vegan crust serious cheese pizza,3.5,g,10,mg,150,g,8,g,3,g,2,g,0,g,1,g,1,g
34,donatos pizza,signature 10 cauliflower crust double bacon pepperoni pizza,7,g,20,mg,290,g,6,g,6,g,3,g,0,g,0,g,1,g
35,donatos pizza,signature 12 hand tossed margherita pizza,9,g,20,mg,290,g,22,g,10,g,4,g,0,g,1,g,1,g
36,donatos pizza,signature 7 famous thin crust hot chicken pizza,4,g,10,mg,290,g,7,g,4,g,1.5,g,0,g,1,g,1,g
37,donatos pizza,signature 10 famous thin crust classic trio pizza,4.5,g,15,mg,240,g,7,g,5,g,2,g,0,g,1,g,1,g
38,donatos pizza,signature 12 gluten free crust chicken spinach mozzarella pizza,6,g,15,mg,160,g,10,g,6,g,3,g,0,g,1,g,1,g
39,donatos pizza,signature 14 thick crust serious meat with ground beef pizza,9,g,30,mg,560,g,16,g,11,g,3.5,g,0,g,1,g,2,g
40,donatos pizza,signature 12 thick crust chicken bruschetta pizza,6,g,15,mg,290,g,13,g,7,g,2.5,g,0,g,1,g,1,g
41,donatos pizza,signature 14 hand tossed chicken bruschetta pizza,10,g,25,mg,350,g,10,g,9,g,4,g,0,g,1,g,1,g
42,donatos pizza,signature 14 hand tossed classic trio pizza,14,g,35,mg,690,g,33,g,16,g,6,g,0,g,3,g,4,g
43,donatos pizza,signature 14 thick crust ultimate 4 cheese pizza,6,g,15,mg,340,g,16,g,8,g,3,g,0,g,1,g,2,g
44,donatos pizza,signature 7 famous thin crust serious meat with meatballs pizza,4.5,g,15,mg,280,g,6,g,5,g,2,g,0,g,0,g,1,g
45,donatos pizza,signature 7 famous thin crust very vegy pizza,2.5,g,5,mg,170,g,7,g,3,g,1,g,0,g,1,g,1,g
46,donatos pizza,signature 14 famous thin crust ultimate 5 cheese pizza,7,g,20,mg,320,g,12,g,7,g,3.5,g,0,g,1,g,1,g
47,donatos pizza,signature 7 famous thin crust double bacon pepperoni pizza,5,g,15,mg,270,g,6,g,5,g,2,g,0,g,0,g,1,g
48,donatos pizza,signature 7 thick crust double bacon pepperoni pizza,5,g,15,mg,280,g,8,g,6,g,2,g,0,g,1,g,1,g
49,donatos pizza,signature 7 thick crust ultimate 4 cheese pizza,3,g,5,mg,170,g,9,g,4,g,1.5,g,0,g,1,g,1,g
50,donatos pizza,signature 7 thick crust serious meat with ground beef pizza,4.5,g,15,mg,290,g,8,g,6,g,2,g,0,g,1,g,1,g
51,donatos pizza,signature 10 vegan crust double bacon pepperoni pizza,6,g,15,mg,250,g,8,g,5,g,2.5,g,0,g,0,g,1,g
52,donatos pizza,signature 140 cauliflower crust serious meat with meatballs pizza,6,g,20,mg,300,g,6,g,6,g,3,g,0,g,0,g,1,g
53,donatos pizza,classic 7 thick crust pepperoni pizza,3.5,g,10,mg,190,g,8,g,4,g,1.5,g,0,g,1,g,1,g
54,donatos pizza,signature 7 famous thin crust mariachi beef pizza,3,g,10,mg,190,g,6,g,4,g,1.5,g,0,g,1,g,1,g
55,donatos pizza,signature 10 famous thin crust very vegy pizza,3,g,10,mg,200,g,8,g,3,g,1.5,g,0,g,1,g,1,g
56,donatos pizza,signature 14 thick crust hawaiian pizza,6,g,15,mg,410,g,17,g,8,g,2,g,0,g,2,g,3,g
57,donatos pizza,signature 12 hand tossed classic trio pizza,10,g,25,mg,490,g,24,g,11,g,4,g,0,g,2,g,2,g
58,donatos pizza,signature 7 thick crust margherita pizza,4.5,g,10,mg,130,g,7,g,4,g,2,g,0,g,1,g,1,g
59,donatos pizza,signature 10 famous thin crust serious meat with meatballs pizza,6,g,20,mg,330,g,8,g,6,g,2.5,g,0,g,1,g,1,g
60,donatos pizza,signature 12 gluten free crust hawaiian pizza,5,g,10,mg,190,g,11,g,5,g,2,g,0,g,1,g,3,g
61,donatos pizza,signature 10 vegan crust classic trio pizza,4.5,g,10,mg,180,g,8,g,4,g,2,g,0,g,1,g,1,g
62,donatos pizza,signature 10 famous thin crust bourbon bbq bacon pizza,4,g,10,mg,260,g,9,g,4,g,1.5,g,0,g,1,g,1,g
63,donatos pizza,signature 7 thick crust hawaiian pizza,3,g,5,mg,190,g,9,g,4,g,1,g,0,g,1,g,1,g
64,donatos pizza,signature 12 gluten free crust ultimate 5 cheese pizza,6,g,15,mg,140,g,10,g,5,g,3.5,g,0,g,1,g,2,g
65,donatos pizza,pepperoni 7 famous thin crust pizza,4,g,10,mg,180,g,6,g,3,g,1.5,g,0,g,0,g,1,g
66,donatos pizza,signature 10 famous thin crust chicken bruschetta pizza,4.5,g,10,mg,210,g,7,g,4,g,1.5,g,0,g,0,g,1,g
67,donatos pizza,signature 10 famous thin crust chicken spinach mozzarella pizza,4.5,g,15,mg,210,g,7,g,5,g,2,g,0,g,0,g,1,g
68,donatos pizza,signature 14 hand tossed very vegy pizza,9,g,20,mg,590,g,34,g,13,g,4,g,0,g,3,g,4,g
69,donatos pizza,signature 10 famous thin crust serious meat with ground beef pizza,5,g,20,mg,320,g,7,g,6,g,2.5,g,0,g,1,g,1,g
70,donatos pizza,signature 14 hand tossed mariachi chicken pizza,11,g,35,mg,720,g,34,g,16,g,6,g,0,g,3,g,4,g
71,donatos pizza,chicken harvest entree salad with apple vinaigrette,37,g,80,mg,1220,g,42,g,28,g,9,g,0,g,6,g,30,g
72,donatos pizza,chicken caprese entree salad with balsamic vinaigrette,25,g,75,mg,1440,g,17,g,27,g,7,g,0,g,4,g,10,g
73,donatos pizza,italian chef entree salad with house italian dressing,42,g,60,mg,1390,g,12,g,19,g,11,g,0.5,g,4,g,6,g
74,donatos pizza,italian side salad with house italian dressing,31,g,20,mg,740,g,7,g,7,g,7,g,0.5,g,3,g,3,g
75,donatos pizza,caprese side salad with balsamic vinaigrette,18,g,10,mg,700,g,11,g,5,g,3.5,g,0,g,3,g,8,g
76,donatos pizza,chicken harvest entree salad with apple vinaigrette select locations,32,g,80,mg,1190,g,45,g,27,g,8,g,0,g,5,g,34,g
77,donatos pizza,big don italian sub with house italian dressing,33,g,80,mg,1870,g,60,g,31,g,11,g,0.5,g,4,g,6,g
78,donatos pizza,pepperoni calzone,51,g,155,mg,3330,g,108,g,52,g,20,g,1,g,6,g,17,g
79,donatos pizza,meatball sub,38,g,150,mg,2580,g,80,g,45,g,18,g,1.5,g,7,g,13,g
80,donatos pizza,fresh vegy sub,19,g,20,mg,1170,g,63,g,19,g,6,g,0,g,5,g,6,g
81,donatos pizza,big don italian sub with marinara,25,g,80,mg,1850,g,63,g,31,g,10,g,0.5,g,5,g,7,g
82,donatos pizza,hot chicken sub,42,g,95,mg,2680,g,73,g,40,g,14,g,0.5,g,4,g,4,g
83,donatos pizza,chicken bacon ranch sub,35,g,110,mg,1980,g,62,g,44,g,13,g,0.5,g,4,g,5,g
84,donatos pizza,steak hoagie sub with mushroom gravy,27,g,80,mg,1850,g,62,g,35,g,12,g,1.5,g,5,g,4,g
85,donatos pizza,steak hoagie sub with marinara sauce,27,g,80,mg,1820,g,63,g,35,g,12,g,1.5,g,6,g,5,g
86,donatos pizza,ham and smoked provolone sub,21,g,65,mg,1740,g,62,g,31,g,7,g,0,g,4,g,6,g
87,donatos pizza,steak hoagie sub with marinara sauce,27,g,80,mg,1820,g,63,g,35,g,12,g,1.5,g,6,g,5,g
88,donatos pizza,blue cheese dipping sauce for wings,21,g,25,mg,430,g,2,g,1,g,4,g,0,g,0,g,1,g
89,donatos pizza,ranch dipping sauce for wings,25,g,10,mg,420,g,2,g,1,g,4,g,0,g,0,g,1,g
90,donatos pizza,roasted garlic dry rub cauliflower chicken wings without dipping sauce side,6,g,0,mg,340,g,13,g,3,g,0.5,g,0,g,0,g,4,g
91,donatos pizza,plain cauliflower chicken wings without dipping sauce side,5,g,0,mg,140,g,11,g,3,g,0.5,g,0,g,0,g,3,g
92,donatos pizza,hot sauce cauliflower chicken wings without dipping sauce side,10,g,5,mg,940,g,12,g,3,g,1.5,g,0,g,0,g,3,g
93,donatos pizza,mild sauce cauliflower chicken wings without dipping sauce side,8,g,0,mg,920,g,15,g,3,g,1.5,g,0,g,1,g,4,g
94,donatos pizza,bbq sauce cauliflower chicken wings without dipping sauce side,6,g,0,mg,420,g,20,g,3,g,0.5,g,0,g,0,g,11,g
95,donatos pizza,wood fired chipotle dry rub cauliflower chicken wings without dipping sauce side,6,g,0,mg,420,g,12,g,3,g,0.5,g,0,g,0,g,3,g
96,donatos pizza,hot dry rub cauliflower chicken wings without dipping sauce side,6,g,0,mg,340,g,12,g,3,g,1,g,0,g,0,g,3,g
97,donatos pizza,sweet thai chili cauliflower chicken wings without dipping sauce side,6,g,0,mg,320,g,26,g,3,g,1,g,0,g,0,g,16,g
98,donatos pizza,sweet thai chili cauliflower chicken wings without dipping sauce side select locations,6,g,0,mg,320,g,26,g,3,g,1,g,0,g,0,g,16,g
99,donatos pizza,italian parmesan dry rub cauliflower chicken wings without dipping sauce side,8,g,10,mg,250,g,12,g,5,g,2,g,0,g,0,g,3,g
100,donatos pizza,10 inch cauliflower crust,37,g,95,mg,1600,g,59,g,36,g,19,g,0.5,g,5,g,9,g
101,donatos pizza,10 inch famous thin crust,36,g,115,mg,2460,g,98,g,45,g,17,g,1,g,8,g,11,g
102,donatos pizza,10 inch vegan crust crust and sauce only no cheese,4,g,0,mg,630,g,95,g,4,g,0,g,0,g,3,g,12,g
103,donatos pizza,12 inch famous thick crust,53,g,120,mg,3940,g,194,g,82,g,25,g,1.5,g,16,g,25,g
104,donatos pizza,12 inch famous thin crust,52,g,170,mg,3520,g,138,g,64,g,25,g,1.5,g,11,g,15,g
105,donatos pizza,12 inch gluten free crust,55,g,115,mg,1600,g,140,g,48,g,29,g,1.5,g,9,g,22,g
106,donatos pizza,12 inch hand tossed crust,46,g,105,mg,3140,g,184,g,69,g,21,g,1,g,13,g,18,g
107,donatos pizza,14 inch famous thick crust,73,g,160,mg,5430,g,267,g,112,g,35,g,2,g,22,g,34,g
108,donatos pizza,14 inch famous thin crust,71,g,235,mg,4860,g,191,g,89,g,35,g,2,g,15,g,21,g
109,donatos pizza,14 inch hand tossed crust,64,g,145,mg,4380,g,251,g,95,g,30,g,2,g,18,g,26,g
110,donatos pizza,7 inch famous thick crust,17,g,35,mg,1250,g,63,g,26,g,8,g,0,g,5,g,8,g
111,donatos pizza,7 inch famous thin crust,17,g,55,mg,1160,g,47,g,21,g,8,g,0,g,4,g,5,g
112,donatos pizza,asiago cheese bread,9,g,20,mg,540,g,28,g,12,g,4.5,g,0,g,2,g,3,g
113,donatos pizza,asiago cheese 10 inch pizza,12,g,25,mg,200,g,1,g,9,g,7,g,0,g,0,g,0,g
114,donatos pizza,asiago cheese 12 inch pizza,16,g,35,mg,270,g,1,g,13,g,10,g,0.5,g,0,g,0,g
115,donatos pizza,asiago cheese 14 inch pizza,23,g,50,mg,400,g,2,g,19,g,15,g,1,g,0,g,0,g
116,donatos pizza,asiago cheese 7 inch pizza,6,g,10,mg,100,g,0,g,5,g,3.5,g,0,g,0,g,0,g
117,donatos pizza,banana peppers 10 inch pizza,0,g,0,mg,930,g,2,g,0,g,0,g,0,g,1,g,1,g
118,donatos pizza,banana peppers 12 inch pizza,0,g,0,mg,1320,g,4,g,1,g,0,g,0,g,1,g,2,g
119,donatos pizza,banana peppers 14 inch pizza,0,g,0,mg,1850,g,5,g,1,g,0,g,0,g,1,g,2,g
120,donatos pizza,banana peppers 7 inch pizza,0,g,0,mg,600,g,2,g,0,g,0,g,0,g,0,g,1,g
121,donatos pizza,big don italian sub with house italian dressing,33,g,80,mg,1870,g,60,g,31,g,11,g,0.5,g,4,g,6,g
122,donatos pizza,big don italian sub with marinara,25,g,80,mg,1850,g,63,g,31,g,10,g,0.5,g,5,g,7,g
123,donatos pizza,black olives 10 inch pizza,8,g,0,mg,440,g,0,g,0,g,1.5,g,0,g,0,g,0,g
124,donatos pizza,black olives 12 inch pizza,12,g,0,mg,650,g,0,g,0,g,2,g,0,g,0,g,0,g
125,donatos pizza,black olives 14 inch pizza,17,g,0,mg,880,g,0,g,0,g,3,g,0,g,0,g,0,g
126,donatos pizza,black olives 7 inch pizza,3,g,0,mg,170,g,0,g,0,g,0.5,g,0,g,0,g,0,g
127,donatos pizza,bleu cheese 10 inch pizza,10,g,30,mg,490,g,2,g,7,g,7,g,0,g,1,g,1,g
128,donatos pizza,bleu cheese 12 inch pizza,14,g,40,mg,670,g,2,g,10,g,10,g,0.5,g,1,g,1,g
129,donatos pizza,bleu cheese 14 inch pizza,21,g,55,mg,980,g,3,g,14,g,14,g,0.5,g,1,g,2,g
130,donatos pizza,bleu cheese 7 inch pizza,5,g,15,mg,250,g,1,g,4,g,3.5,g,0,g,0,g,0,g
131,donatos pizza,blue cheese dipping sauce,21,g,25,mg,430,g,2,g,1,g,4,g,0,g,0,g,1,g
132,donatos pizza,boneless chicken wings bbq sauce,17,g,55,mg,1820,g,39,g,25,g,3.5,g,0,g,1,g,18,g
133,donatos pizza,boneless chicken wings hot sauce,25,g,70,mg,2910,g,23,g,25,g,4.5,g,0,g,1,g,2,g
134,donatos pizza,boneless chicken wings mild sauce,21,g,60,mg,2850,g,29,g,26,g,4.5,g,0,g,1,g,4,g
135,donatos pizza,boneless chicken wings plain,17,g,55,mg,1240,g,21,g,24,g,3.5,g,0,g,0,g,1,g
136,donatos pizza,boneless chicken wings sweet thai chili,18,g,55,mg,1610,g,53,g,25,g,3.5,g,0,g,0,g,28,g
137,donatos pizza,boneless chicken wings sweet thai chili certain locations only,16,g,55,mg,1970,g,44,g,25,g,3,g,0,g,0,g,21,g
138,donatos pizza,caprese side salad with balsamic vinaigrette,18,g,10,mg,700,g,11,g,5,g,3.5,g,0,g,3,g,8,g
139,donatos pizza,cauliflower bruschetta pizza 10 inch,3,g,5,mg,180,g,5,g,4,g,1.5,g,0,g,1,g,1,g
140,donatos pizza,cauliflower garden pizza 10 inch,3,g,5,mg,150,g,5,g,4,g,1.5,g,0,g,1,g,1,g
141,donatos pizza,cauliflower heat pizza 10 inch,3.5,g,10,mg,200,g,5,g,4,g,2,g,0,g,1,g,1,g
142,donatos pizza,cauliflower spinach mozzarella pizza 10 inch,4,g,10,mg,180,g,5,g,5,g,2,g,0,g,1,g,1,g
143,donatos pizza,chicken bacon ranch sub,35,g,110,mg,1980,g,62,g,44,g,13,g,0.5,g,4,g,5,g
144,donatos pizza,chicken bruschetta pizza 10 inch cauliflower crust,5,g,15,mg,180,g,5,g,4,g,2,g,0,g,0,g,1,g
145,donatos pizza,chicken bruschetta pizza 10 inch famous thin,4.5,g,10,mg,210,g,7,g,4,g,1.5,g,0,g,0,g,1,g
146,donatos pizza,chicken bruschetta pizza 10 inch vegan crust,4,g,10,mg,150,g,7,g,3,g,1.5,g,0,g,0,g,1,g
147,donatos pizza,chicken bruschetta pizza 12 inch famous thin,6,g,15,mg,300,g,10,g,6,g,2.5,g,0,g,1,g,1,g
148,donatos pizza,chicken bruschetta pizza 12 inch gluten free crust,7,g,15,mg,160,g,10,g,5,g,2.5,g,0,g,0,g,1,g
149,donatos pizza,chicken bruschetta pizza 12 inch thick,6,g,15,mg,290,g,13,g,7,g,2.5,g,0,g,1,g,1,g
150,donatos pizza,chicken bruschetta pizza 14 inch famous thin,7,g,20,mg,340,g,11,g,7,g,2.5,g,0,g,1,g,1,g
151,donatos pizza,chicken bruschetta pizza 14 inch hand tossed,10,g,25,mg,350,g,10,g,9,g,4,g,0,g,1,g,1,g
152,donatos pizza,chicken bruschetta pizza 14 inch thick,7,g,15,mg,330,g,15,g,8,g,2.5,g,0,g,1,g,1,g
153,donatos pizza,chicken bruschetta pizza 7 inch famous thin,4,g,10,mg,180,g,6,g,4,g,1.5,g,0,g,0,g,1,g
154,donatos pizza,chicken bruschetta pizza 7 inch thick,4,g,10,mg,170,g,7,g,4,g,1.5,g,0,g,0,g,1,g
155,donatos pizza,chicken caprese entree salad with balsamic vinaigrette,25,g,75,mg,1440,g,17,g,27,g,7,g,0,g,4,g,10,g
156,donatos pizza,chicken harvest entree salad with apple vinaigrette,37,g,80,mg,1220,g,42,g,28,g,9,g,0,g,6,g,30,g
157,donatos pizza,chicken harvest entree salad with apple vinaigrette certain locations only,32,g,80,mg,1190,g,45,g,27,g,8,g,0,g,5,g,34,g
158,donatos pizza,chicken spinach mozzarella pizza 10 inch cauliflower crust,4,g,10,mg,180,g,5,g,5,g,2,g,0,g,1,g,1,g
159,donatos pizza,chicken spinach mozzarella pizza 10 inch famous thin,4,g,15,mg,200,g,7,g,5,g,2,g,0,g,0,g,1,g
160,donatos pizza,chicken spinach mozzarella pizza 10 inch vegan crust,4,g,10,mg,135,g,7,g,4,g,1.5,g,0,g,0,g,1,g
161,donatos pizza,chicken spinach mozzarella pizza 12 inch famous thin,6,g,20,mg,280,g,10,g,7,g,2.5,g,0,g,1,g,1,g
162,donatos pizza,chicken spinach mozzarella pizza 12 inch gluten free crust,6,g,15,mg,140,g,10,g,6,g,3,g,0,g,1,g,1,g
163,donatos pizza,chicken spinach mozzarella pizza 12 inch hand tossed,11,g,30,mg,420,g,23,g,14,g,4.5,g,0,g,2,g,2,g
164,donatos pizza,chicken spinach mozzarella pizza 12 inch thick,6,g,15,mg,270,g,13,g,8,g,2.5,g,0,g,1,g,1,g
165,donatos pizza,chicken spinach mozzarella pizza 14 inch famous thin,7,g,20,mg,320,g,11,g,8,g,3,g,0,g,1,g,1,g
166,donatos pizza,chicken spinach mozzarella pizza 14 inch hand tossed,15,g,40,mg,570,g,31,g,19,g,6,g,0,g,2,g,2,g
167,donatos pizza,chicken spinach mozzarella pizza 14 inch thick,7,g,20,mg,310,g,15,g,9,g,3,g,0,g,1,g,1,g
168,donatos pizza,chicken spinach mozzarella pizza 7 inch famous thin,4,g,10,mg,160,g,6,g,4,g,1.5,g,0,g,0,g,0,g
169,donatos pizza,chicken spinach mozzarella pizza 7 inch thick,4,g,10,mg,160,g,7,g,5,g,1.5,g,0,g,1,g,1,g
170,donatos pizza,cinnamon bread,10,g,0,mg,280,g,44,g,6,g,3,g,0,g,1,g,15,g
171,donatos pizza,classic trio pizza 10 inch cauliflower crust,5,g,15,mg,210,g,6,g,5,g,2.5,g,0,g,1,g,1,g
172,donatos pizza,classic trio pizza 10 inch famous thin,4.5,g,15,mg,240,g,7,g,5,g,2,g,0,g,1,g,1,g
173,donatos pizza,classic trio pizza 10 inch vegan crust,4.5,g,10,mg,180,g,8,g,4,g,2,g,0,g,1,g,1,g
174,donatos pizza,classic trio pizza 12 inch famous thin,7,g,20,mg,350,g,10,g,7,g,3,g,0,g,1,g,1,g
175,donatos pizza,classic trio pizza 12 inch gluten free crust,7,g,20,mg,210,g,10,g,6,g,3,g,0,g,1,g,2,g
176,donatos pizza,classic trio pizza 12 inch hand tossed,10,g,25,mg,490,g,24,g,11,g,4,g,0,g,2,g,2,g
177,donatos pizza,classic trio pizza 12 inch thick,7,g,20,mg,380,g,14,g,8,g,3,g,0,g,1,g,2,g
178,donatos pizza,classic trio pizza 14 inch famous thin,8,g,25,mg,390,g,12,g,8,g,3.5,g,0,g,1,g,1,g
179,donatos pizza,classic trio pizza 14 inch hand tossed,14,g,35,mg,690,g,33,g,16,g,6,g,0,g,3,g,4,g
180,donatos pizza,classic trio pizza 14 inch thick,8,g,20,mg,430,g,16,g,9,g,3.5,g,0,g,1,g,2,g
181,donatos pizza,classic trio pizza 7 inch famous thin,4,g,10,mg,220,g,6,g,4,g,1.5,g,0,g,1,g,1,g
182,donatos pizza,classic trio pizza 7 inch thick,4,g,10,mg,210,g,8,g,5,g,1.5,g,0,g,1,g,1,g
183,donatos pizza,crispy hot chicken 10 inch pizza,13,g,45,mg,960,g,16,g,19,g,2.5,g,0,g,0,g,1,g
184,donatos pizza,crispy hot chicken 12 inch pizza,19,g,65,mg,1450,g,24,g,29,g,4,g,0,g,0,g,2,g
185,donatos pizza,crispy hot chicken 14 inch pizza,25,g,85,mg,1880,g,31,g,37,g,5,g,0,g,0,g,2,g
186,donatos pizza,crispy hot chicken 7 inch pizza,7,g,25,mg,530,g,9,g,10,g,1.5,g,0,g,0,g,1,g
187,donatos pizza,diet mountain dew 12 fl oz,0,g,0,mg,55,g,1,g,0,g,0,g,0,g,0,g,0,g
188,donatos pizza,diet mountain dew 22 fl oz,0,g,0,mg,100,g,1,g,0,g,0,g,0,g,0,g,1,g
189,donatos pizza,diet pepsi 12 fl oz,0,g,0,mg,55,g,0,g,0,g,0,g,0,g,0,g,0,g
190,donatos pizza,diet pepsi 22 fl oz,0,g,0,mg,105,g,0,g,0,g,0,g,0,g,0,g,0,g
191,donatos pizza,double bacon pepperon pizzai 12 inch famous thin,9,g,25,mg,450,g,10,g,9,g,3.5,g,0,g,1,g,1,g
192,donatos pizza,double bacon pepperoni pizza 10 inch cauliflower crust,7,g,20,mg,290,g,6,g,6,g,3,g,0,g,0,g,1,g
193,donatos pizza,double bacon pepperoni pizza 10 inch famous thin,6,g,20,mg,310,g,7,g,6,g,2.5,g,0,g,1,g,1,g
194,donatos pizza,double bacon pepperoni pizza 10 inch vegan crust,6,g,15,mg,250,g,8,g,5,g,2.5,g,0,g,0,g,1,g
195,donatos pizza,double bacon pepperoni pizza 12 inch gluten free crust,9,g,20,mg,310,g,10,g,7,g,4,g,0,g,1,g,2,g
196,donatos pizza,double bacon pepperoni pizza 12 inch thick,9,g,20,mg,480,g,14,g,10,g,3.5,g,0,g,1,g,2,g
197,donatos pizza,double bacon pepperoni pizza 14 inch famous thin,10,g,30,mg,510,g,12,g,10,g,4,g,0,g,1,g,2,g
198,donatos pizza,double bacon pepperoni pizza 14 inch hand tossed,17,g,45,mg,870,g,33,g,19,g,7,g,0,g,2,g,4,g
199,donatos pizza,double bacon pepperoni pizza 14 inch thick,10,g,25,mg,550,g,16,g,11,g,4,g,0,g,1,g,2,g
200,donatos pizza,double bacon pepperoni pizza 7 inch famous thin,5,g,15,mg,270,g,6,g,5,g,2,g,0,g,0,g,1,g
201,donatos pizza,double bacon pepperoni pizza 7 inch thick,5,g,15,mg,280,g,8,g,6,g,2,g,0,g,1,g,1,g
202,donatos pizza,dr pepper 12 fl oz,0,g,0,mg,45,g,39,g,0,g,0,g,0,g,0,g,38,g
203,donatos pizza,dr pepper 22 fl oz,0,g,0,mg,80,g,72,g,0,g,0,g,0,g,0,g,70,g
204,donatos pizza,family recipe meatballs,9,g,45,mg,590,g,8,g,10,g,4,g,0,g,1,g,3,g
205,donatos pizza,family recipe meatballs 10 inch pizza,21,g,115,mg,1220,g,13,g,22,g,9,g,1,g,1,g,4,g
206,donatos pizza,family recipe meatballs 12 inch pizza,29,g,155,mg,1660,g,18,g,29,g,12,g,1,g,2,g,5,g
207,donatos pizza,family recipe meatballs 14 inch pizza,41,g,225,mg,2370,g,25,g,42,g,17,g,1.5,g,2,g,7,g
208,donatos pizza,family recipe meatballs 7 inch pizza,11,g,60,mg,630,g,7,g,11,g,4.5,g,0,g,1,g,2,g
209,donatos pizza,family recipe sausage 10 inch pizza,23,g,65,mg,740,g,1,g,14,g,8,g,0,g,0,g,0,g
210,donatos pizza,family recipe sausage 12 inch pizza,33,g,95,mg,1070,g,1,g,21,g,11,g,0,g,0,g,0,g
211,donatos pizza,family recipe sausage 14 inch pizza,44,g,130,mg,1450,g,2,g,28,g,15,g,0,g,1,g,0,g
212,donatos pizza,family recipe sausage 7 inch pizza,9,g,25,mg,300,g,0,g,6,g,3,g,0,g,0,g,0,g
213,donatos pizza,founders favorite pizza 10 inch cauliflower crust,5,g,20,mg,320,g,6,g,6,g,2.5,g,0,g,0,g,1,g
214,donatos pizza,founders favorite pizza 10 inch famous thin,5,g,15,mg,350,g,7,g,5,g,2,g,0,g,1,g,1,g
215,donatos pizza,founders favorite pizza 10 inch vegan crust,4.5,g,15,mg,280,g,8,g,4,g,2,g,0,g,1,g,1,g
216,donatos pizza,founders favorite pizza 12 inch famous thin,7,g,25,mg,490,g,10,g,8,g,3,g,0,g,1,g,1,g
217,donatos pizza,founders favorite pizza 12 inch gluten free crust,7,g,20,mg,350,g,11,g,7,g,3,g,0,g,1,g,2,g
218,donatos pizza,founders favorite pizza 12 inch hand tossed,10,g,30,mg,670,g,24,g,13,g,4,g,0,g,2,g,3,g
219,donatos pizza,founders favorite pizza 12 inch thick,7,g,20,mg,520,g,14,g,9,g,3,g,0,g,1,g,2,g
220,donatos pizza,founders favorite pizza 14 inch famous thin,8,g,30,mg,560,g,12,g,9,g,3.5,g,0,g,1,g,2,g
221,donatos pizza,founders favorite pizza 14 inch hand tossed,14,g,40,mg,940,g,33,g,18,g,6,g,0,g,3,g,4,g
222,donatos pizza,founders favorite pizza 14 inch thick,8,g,25,mg,590,g,16,g,10,g,3.5,g,0,g,1,g,2,g
223,donatos pizza,founders favorite pizza 7 inch famous thin,4,g,15,mg,280,g,6,g,4,g,1.5,g,0,g,1,g,1,g
224,donatos pizza,founders favorite pizza 7 inch thick,4,g,10,mg,290,g,8,g,5,g,1.5,g,0,g,1,g,1,g
225,donatos pizza,fresh baby spinach 10 inch pizza,0,g,0,mg,35,g,2,g,1,g,0,g,0,g,1,g,0,g
226,donatos pizza,fresh baby spinach 12 inch pizza,0,g,0,mg,55,g,2,g,2,g,0,g,0,g,1,g,0,g
227,donatos pizza,fresh baby spinach 14 inch pizza,0,g,0,mg,70,g,3,g,3,g,0,g,0,g,2,g,0,g
228,donatos pizza,fresh baby spinach 7 inch pizza,0,g,0,mg,20,g,1,g,1,g,0,g,0,g,0,g,0,g
229,donatos pizza,fresh green peppers 10 inch pizza,0,g,0,mg,0,g,4,g,1,g,0,g,0,g,2,g,2,g
230,donatos pizza,fresh green peppers 12 inch pizza,0,g,0,mg,0,g,6,g,1,g,0,g,0,g,2,g,3,g
231,donatos pizza,fresh green peppers 14 inch pizza,0,g,0,mg,5,g,8,g,2,g,0,g,0,g,3,g,4,g
232,donatos pizza,fresh green peppers 7 inch pizza,0,g,0,mg,0,g,2,g,0,g,0,g,0,g,1,g,1,g
233,donatos pizza,fresh jalapeno peppers 10 inch pizza,0,g,0,mg,0,g,2,g,0,g,0,g,0,g,1,g,1,g
234,donatos pizza,fresh jalapeno peppers 12 inch pizza,0,g,0,mg,0,g,3,g,0,g,0,g,0,g,1,g,2,g
235,donatos pizza,fresh jalapeno peppers 14 inch pizza,0,g,0,mg,0,g,4,g,1,g,0,g,0,g,2,g,3,g
236,donatos pizza,fresh jalapeno peppers 7 inch pizza,0,g,0,mg,0,g,1,g,0,g,0,g,0,g,0,g,1,g
237,donatos pizza,fresh mozzarella cheese 10 inch pizza,13,g,45,mg,85,g,1,g,13,g,8,g,0.5,g,0,g,1,g
238,donatos pizza,fresh mozzarella cheese 12 inch pizza,18,g,60,mg,120,g,2,g,18,g,11,g,0.5,g,0,g,1,g
239,donatos pizza,fresh mozzarella cheese 14 inch pizza,26,g,85,mg,170,g,3,g,26,g,15,g,1,g,0,g,2,g
240,donatos pizza,fresh mozzarella cheese 7 inch pizza,6,g,20,mg,40,g,1,g,6,g,3.5,g,0,g,0,g,0,g
241,donatos pizza,fresh mushrooms 10 inch pizza,0,g,0,mg,5,g,4,g,4,g,0,g,0,g,1,g,2,g
242,donatos pizza,fresh mushrooms 12 inch pizza,0.5,g,0,mg,10,g,5,g,5,g,0,g,0,g,2,g,3,g
243,donatos pizza,fresh mushrooms 14 inch pizza,1,g,0,mg,10,g,7,g,7,g,0,g,0,g,2,g,4,g
244,donatos pizza,fresh mushrooms 7 inch pizza,0,g,0,mg,0,g,2,g,2,g,0,g,0,g,0,g,1,g
245,donatos pizza,fresh roma tomatoes 10 inch pizza,0,g,0,mg,5,g,5,g,1,g,0,g,0,g,1,g,3,g
246,donatos pizza,fresh roma tomatoes 12 inch pizza,0,g,0,mg,10,g,7,g,2,g,0,g,0,g,2,g,5,g
247,donatos pizza,fresh roma tomatoes 14 inch pizza,0,g,0,mg,10,g,9,g,2,g,0,g,0,g,3,g,6,g
248,donatos pizza,fresh roma tomatoes 7 inch pizza,0,g,0,mg,0,g,2,g,0,g,0,g,0,g,0,g,1,g
249,donatos pizza,fresh stuffed jalapenos,23,g,30,mg,600,g,4,g,9,g,7,g,0,g,1,g,2,g
250,donatos pizza,fresh vegy sub,19,g,20,mg,1170,g,63,g,19,g,6,g,0,g,5,g,6,g
251,donatos pizza,fresh yellow onion 10 inch pizza,0,g,0,mg,0,g,11,g,1,g,0,g,0,g,2,g,5,g
252,donatos pizza,fresh yellow onion 12 inch pizza,0,g,0,mg,5,g,16,g,2,g,0,g,0,g,3,g,7,g
253,donatos pizza,fresh yellow onion 14 inch pizza,0,g,0,mg,10,g,21,g,2,g,0,g,0,g,4,g,10,g
254,donatos pizza,fresh yellow onion 7 inch pizza,0,g,0,mg,0,g,6,g,1,g,0,g,0,g,1,g,3,g
255,donatos pizza,fudge brownie,21,g,80,mg,200,g,39,g,4,g,12,g,0,g,1,g,34,g
256,donatos pizza,garlic asiago cheese bread,9,g,20,mg,540,g,28,g,12,g,4.5,g,0,g,2,g,3,g
257,donatos pizza,green olives 10 inch pizza,11,g,0,mg,960,g,0,g,0,g,3.5,g,0,g,0,g,0,g
258,donatos pizza,green olives 12 inch pizza,16,g,0,mg,1400,g,0,g,0,g,5,g,0,g,0,g,0,g
259,donatos pizza,green olives 14 inch pizza,22,g,0,mg,1920,g,0,g,0,g,7,g,0,g,0,g,0,g
260,donatos pizza,green olives 7 inch pizza,4.5,g,0,mg,370,g,0,g,0,g,1.5,g,0,g,0,g,0,g
261,donatos pizza,ground beef 10 inch pizza,10,g,65,mg,590,g,3,g,18,g,4,g,0.5,g,1,g,1,g
262,donatos pizza,ground beef 12 inch pizza,14,g,95,mg,860,g,4,g,26,g,6,g,1,g,2,g,2,g
263,donatos pizza,ground beef 14 inch pizza,19,g,130,mg,1150,g,5,g,34,g,8,g,1,g,3,g,2,g
264,donatos pizza,ground beef 7 inch pizza,4,g,25,mg,240,g,1,g,7,g,1.5,g,0,g,1,g,0,g
265,donatos pizza,ham and smoked provolone sub,21,g,65,mg,1740,g,62,g,31,g,7,g,0,g,4,g,6,g
266,donatos pizza,hardwood smoked bacon 10 inch pizza,22,g,60,mg,1070,g,2,g,19,g,7,g,0,g,0,g,2,g
267,donatos pizza,hardwood smoked bacon 12 inch pizza,37,g,105,mg,1810,g,3,g,31,g,13,g,0,g,0,g,3,g
268,donatos pizza,hardwood smoked bacon 14 inch pizza,42,g,120,mg,2050,g,4,g,36,g,14,g,0,g,0,g,4,g
269,donatos pizza,hardwood smoked bacon 7 inch pizza,12,g,35,mg,570,g,1,g,10,g,4,g,0,g,0,g,1,g
270,donatos pizza,hawaiian pizza without almonds 10 inch cauliflower crust,3,g,10,mg,200,g,6,g,4,g,1.5,g,0,g,0,g,1,g
271,donatos pizza,hawaiian pizza without almonds 10 inch famous thin,2.5,g,10,mg,230,g,8,g,4,g,1.5,g,0,g,1,g,1,g
272,donatos pizza,hawaiian pizza without almonds 10 inch vegan crust,2.5,g,10,mg,170,g,8,g,3,g,1,g,0,g,0,g,2,g
273,donatos pizza,hawaiian pizza without almonds 12 inch famous thin,4,g,15,mg,330,g,11,g,6,g,2,g,0,g,1,g,2,g
274,donatos pizza,hawaiian pizza without almonds 12 inch gluten free,4,g,10,mg,190,g,11,g,5,g,2,g,0,g,1,g,2,g
275,donatos pizza,hawaiian pizza without almonds 12 inch hand tossed,6,g,15,mg,480,g,25,g,10,g,2.5,g,0,g,2,g,3,g
276,donatos pizza,hawaiian pizza without almonds 12 inch thick,4,g,10,mg,360,g,15,g,7,g,2,g,0,g,1,g,3,g
277,donatos pizza,hawaiian pizza without almonds 14 inch famous thin,4.5,g,20,mg,370,g,12,g,7,g,2,g,0,g,1,g,2,g
278,donatos pizza,hawaiian pizza without almonds 14 inch hand tossed,8,g,25,mg,650,g,34,g,14,g,4,g,0,g,2,g,5,g
279,donatos pizza,hawaiian pizza without almonds 14 inch thick,4.5,g,15,mg,410,g,17,g,8,g,2,g,0,g,1,g,3,g
280,donatos pizza,hawaiian pizza without almonds 7 inch famous thin,2,g,10,mg,180,g,6,g,3,g,1,g,0,g,0,g,1,g
281,donatos pizza,hawaiian pizza without almonds 7 inch thick,2,g,5,mg,190,g,8,g,4,g,1,g,0,g,1,g,1,g
282,donatos pizza,hawaiian pizza 10 inch cauliflower crust,4,g,10,mg,200,g,6,g,5,g,2,g,0,g,1,g,2,g
283,donatos pizza,hawaiian pizza 10 inch famous thin,3.5,g,10,mg,230,g,8,g,4,g,1.5,g,0,g,1,g,1,g
284,donatos pizza,hawaiian pizza 10 inch vegan crust,3,g,10,mg,170,g,8,g,3,g,1,g,0,g,1,g,2,g
285,donatos pizza,hawaiian pizza 12 inch famous thin,5,g,15,mg,330,g,11,g,6,g,2,g,0,g,1,g,2,g
286,donatos pizza,hawaiian pizza 12 inch gluten free crust,5,g,10,mg,190,g,11,g,5,g,2,g,0,g,1,g,3,g
287,donatos pizza,hawaiian pizza 12 inch hand tossed,7,g,15,mg,460,g,25,g,11,g,3,g,0,g,2,g,3,g
288,donatos pizza,hawaiian pizza 12 inch thick,5,g,10,mg,360,g,15,g,8,g,2,g,0,g,1,g,3,g
289,donatos pizza,hawaiian pizza 14 inch famous thin,6,g,20,mg,370,g,13,g,7,g,2,g,0,g,1,g,2,g
290,donatos pizza,hawaiian pizza 14 inch hand tossed,10,g,25,mg,650,g,34,g,15,g,4,g,0,g,3,g,5,g
291,donatos pizza,hawaiian pizza 14 inch thick,6,g,15,mg,410,g,17,g,8,g,2,g,0,g,2,g,3,g
292,donatos pizza,hawaiian pizza 7 inch famous thin,2.5,g,10,mg,180,g,7,g,3,g,1,g,0,g,1,g,1,g
293,donatos pizza,hawaiian pizza 7 inch thick,3,g,5,mg,190,g,9,g,4,g,1,g,0,g,1,g,1,g
294,donatos pizza,heritage pepperoni 10 inch pizza,23,g,70,mg,680,g,2,g,16,g,8,g,0,g,0,g,0,g
295,donatos pizza,heritage pepperoni 12 inch pizza,34,g,105,mg,1000,g,3,g,23,g,12,g,0,g,0,g,0,g
296,donatos pizza,heritage pepperoni 14 inch pizza,47,g,140,mg,1370,g,4,g,31,g,16,g,0,g,0,g,0,g
297,donatos pizza,heritage pepperoni 7 inch pizza,9,g,30,mg,270,g,1,g,6,g,3.5,g,0,g,0,g,0,g
298,donatos pizza,hot chicken pizza 10 inch cauliflower crust,5,g,15,mg,300,g,6,g,5,g,2.5,g,0,g,1,g,1,g
299,donatos pizza,hot chicken pizza 10 inch famous thin,4.5,g,15,mg,330,g,8,g,5,g,2,g,0,g,1,g,1,g
300,donatos pizza,hot chicken pizza 10 inch vegan crust,4.5,g,10,mg,260,g,9,g,4,g,1.5,g,0,g,1,g,1,g
301,donatos pizza,hot chicken pizza 12 inch famous thin,7,g,20,mg,470,g,12,g,7,g,2.5,g,0,g,1,g,1,g
302,donatos pizza,hot chicken pizza 12 inch hand tossed,9,g,20,mg,630,g,26,g,11,g,3.5,g,0,g,2,g,3,g
303,donatos pizza,hot chicken pizza 12 inch thick,7,g,15,mg,500,g,16,g,8,g,2.5,g,0,g,1,g,2,g
304,donatos pizza,hot chicken pizza 14 inch famous thin,8,g,20,mg,530,g,13,g,8,g,3,g,0,g,1,g,2,g
305,donatos pizza,hot chicken pizza 14 inch hand tossed,14,g,30,mg,910,g,36,g,16,g,5,g,0,g,3,g,4,g
306,donatos pizza,hot chicken pizza 14 inch thick,8,g,15,mg,560,g,18,g,9,g,3,g,0,g,1,g,2,g
307,donatos pizza,hot chicken pizza 7 inch famous thin,4,g,10,mg,290,g,7,g,4,g,1.5,g,0,g,1,g,1,g
308,donatos pizza,hot chicken pizza 7 inch thick,4,g,10,mg,300,g,9,g,5,g,1.5,g,0,g,1,g,1,g
309,donatos pizza,hot chicken sub,42,g,95,mg,2680,g,73,g,40,g,14,g,0.5,g,4,g,4,g
310,donatos pizza,its greek to me pizza 10 inch vegan crust,0.5,g,0,mg,135,g,9,g,1,g,0,g,0,g,1,g,2,g
311,donatos pizza,italian chef entree salad with house italian dressing,42,g,60,mg,1390,g,12,g,19,g,11,g,0.5,g,4,g,6,g
312,donatos pizza,italian garlic breadsticks,8,g,0,mg,930,g,43,g,7,g,2,g,0,g,4,g,9,g
313,donatos pizza,italian side salad with house italian dressing,31,g,20,mg,740,g,7,g,7,g,7,g,0.5,g,3,g,3,g
314,donatos pizza,jalapeno peppers 10 inch pizza,0,g,0,mg,1280,g,4,g,1,g,0,g,0,g,1,g,2,g
315,donatos pizza,jalapeno peppers 12 inch pizza,0,g,0,mg,1850,g,5,g,1,g,0,g,0,g,1,g,2,g
316,donatos pizza,jalapeno peppers 14 inch pizza,0,g,0,mg,2560,g,8,g,1,g,0,g,0,g,2,g,3,g
317,donatos pizza,jalapeno peppers 7 inch pizza,0,g,0,mg,640,g,2,g,0,g,0,g,0,g,0,g,1,g
318,donatos pizza,lipton brewed tea sweetened 12 fl oz,0,g,0,mg,95,g,27,g,0,g,0,g,0,g,0,g,27,g
319,donatos pizza,lipton brewed tea sweetened 22 fl oz,0,g,0,mg,170,g,50,g,0,g,0,g,0,g,0,g,50,g
320,donatos pizza,lipton brewed tea unsweetened 12 fl oz,0,g,0,mg,120,g,0,g,0,g,0,g,0,g,0,g,0,g
321,donatos pizza,lipton brewed tea unsweetened 22 fl oz,0,g,0,mg,220,g,0,g,0,g,0,g,0,g,0,g,0,g
322,donatos pizza,margherita pizza 10 inch cauliflower crust,5,g,15,mg,135,g,5,g,5,g,2.5,g,0,g,0,g,1,g
323,donatos pizza,margherita pizza 10 inch famous thin,5,g,10,mg,160,g,7,g,4,g,2,g,0,g,0,g,1,g
324,donatos pizza,margherita pizza 10 inch vegan crust,4.5,g,10,mg,100,g,7,g,3,g,2,g,0,g,0,g,1,g
325,donatos pizza,margherita pizza 12 inch famous thin,7,g,20,mg,240,g,10,g,6,g,3,g,0,g,1,g,1,g
326,donatos pizza,margherita pizza 12 inch gluten free crust,7,g,15,mg,100,g,10,g,5,g,3.5,g,0,g,1,g,1,g
327,donatos pizza,margherita pizza 12 inch hand tossed,9,g,20,mg,290,g,22,g,10,g,4,g,0,g,1,g,1,g
328,donatos pizza,margherita pizza 12 inch thick,7,g,15,mg,230,g,13,g,7,g,3,g,0,g,1,g,1,g
329,donatos pizza,margherita pizza 14 inch famous thin,8,g,20,mg,270,g,11,g,7,g,3.5,g,0,g,1,g,1,g
330,donatos pizza,margherita pizza 14 inch hand tossed,13,g,25,mg,400,g,30,g,14,g,6,g,0,g,2,g,2,g
331,donatos pizza,margherita pizza 14 inch thick,8,g,15,mg,260,g,14,g,8,g,3.5,g,0,g,1,g,1,g
332,donatos pizza,margherita pizza 7 inch famous thin,4.5,g,10,mg,140,g,6,g,4,g,2,g,0,g,0,g,1,g
333,donatos pizza,margherita pizza 7 inch thick,4.5,g,10,mg,130,g,7,g,4,g,2,g,0,g,1,g,1,g
334,donatos pizza,mariachi beef pizza 10 inch cauliflower crust,4,g,15,mg,220,g,6,g,4,g,2.5,g,0,g,1,g,1,g
335,donatos pizza,mariachi beef pizza 10 inch famous thin,4,g,15,mg,240,g,8,g,4,g,2,g,0,g,1,g,1,g
336,donatos pizza,mariachi beef pizza 10 inch vegan crust,3.5,g,10,mg,180,g,8,g,3,g,2,g,0,g,1,g,2,g
337,donatos pizza,mariachi beef pizza 12 inch famous thin,6,g,20,mg,350,g,11,g,6,g,3,g,0,g,1,g,2,g
338,donatos pizza,mariachi beef pizza 12 inch gluten free crust,6,g,15,mg,210,g,11,g,5,g,3,g,0,g,1,g,2,g
339,donatos pizza,mariachi beef pizza 12 inch hand tossed,9,g,25,mg,490,g,25,g,11,g,4,g,0,g,2,g,3,g
340,donatos pizza,mariachi beef pizza 12 inch thick,6,g,15,mg,380,g,15,g,7,g,3,g,0,g,1,g,2,g
341,donatos pizza,mariachi beef pizza 14 inch famous thin,6,g,25,mg,390,g,12,g,7,g,3,g,0,g,1,g,2,g
342,donatos pizza,mariachi beef pizza 14 inch hand tossed,12,g,35,mg,690,g,34,g,15,g,6,g,0,g,3,g,4,g
343,donatos pizza,mariachi beef pizza 14 inch thick,6,g,20,mg,430,g,17,g,8,g,3,g,0,g,2,g,3,g
344,donatos pizza,mariachi beef pizza 7 inch famous thin,3,g,10,mg,190,g,6,g,4,g,1.5,g,0,g,1,g,1,g
345,donatos pizza,mariachi beef pizza 7 inch thick,3,g,10,mg,200,g,8,g,4,g,1.5,g,0,g,1,g,1,g
346,donatos pizza,mariachi chicken pizza 10 inch cauliflower crust,4,g,15,mg,230,g,6,g,5,g,2.5,g,0,g,1,g,1,g
347,donatos pizza,mariachi chicken pizza 10 inch famous thin,3.5,g,15,mg,260,g,8,g,5,g,2,g,0,g,1,g,1,g
348,donatos pizza,mariachi chicken pizza 10 inch vegan crust,3,g,10,mg,190,g,8,g,4,g,1.5,g,0,g,1,g,2,g
349,donatos pizza,mariachi chicken pizza 12 inch famous thin,5,g,20,mg,370,g,11,g,7,g,2.5,g,0,g,1,g,2,g
350,donatos pizza,mariachi chicken pizza 12 inch gluten free crust,5,g,20,mg,230,g,11,g,6,g,3,g,0,g,1,g,2,g
351,donatos pizza,mariachi chicken pizza 12 inch hand tossed,8,g,25,mg,510,g,25,g,11,g,4,g,0,g,2,g,3,g
352,donatos pizza,mariachi chicken pizza 12 inch thick,5,g,20,mg,400,g,15,g,8,g,2.5,g,0,g,1,g,2,g
353,donatos pizza,mariachi chicken pizza 14 inch famous thin,6,g,25,mg,410,g,12,g,8,g,3,g,0,g,1,g,2,g
354,donatos pizza,mariachi chicken pizza 14 inch hand tossed,11,g,35,mg,720,g,34,g,16,g,6,g,0,g,3,g,4,g
355,donatos pizza,mariachi chicken pizza 14 inch thick,6,g,20,mg,450,g,17,g,9,g,3,g,0,g,1,g,3,g
356,donatos pizza,mariachi chicken pizza 7 inch famous thin,3,g,15,mg,210,g,7,g,4,g,1.5,g,0,g,1,g,1,g
357,donatos pizza,mariachi chicken pizza 7 inch thick,3,g,10,mg,220,g,8,g,5,g,1.5,g,0,g,1,g,1,g
358,donatos pizza,meatball sub,38,g,150,mg,2580,g,80,g,45,g,18,g,1.5,g,7,g,13,g
359,donatos pizza,mist twist 12 fl oz,0,g,0,mg,35,g,41,g,0,g,0,g,0,g,0,g,41,g
360,donatos pizza,mist twist 22 fl oz,0,g,0,mg,60,g,74,g,0,g,0,g,0,g,0,g,74,g
361,donatos pizza,mountain dew 12 fl oz,0,g,0,mg,50,g,44,g,0,g,0,g,0,g,0,g,44,g
362,donatos pizza,mountain dew 22 fl oz,0,g,0,mg,95,g,80,g,0,g,0,g,0,g,0,g,80,g
363,donatos pizza,mug root beer 12 fl oz,0,g,0,mg,45,g,39,g,0,g,0,g,0,g,0,g,39,g
364,donatos pizza,mug root beer 22 fl oz,0,g,0,mg,80,g,72,g,0,g,0,g,0,g,0,g,72,g
365,donatos pizza,pepper jack cheese 10 inch pizza,11,g,40,mg,220,g,1,g,8,g,6,g,0,g,1,g,0,g
366,donatos pizza,pepper jack cheese 12 inch pizza,15,g,50,mg,300,g,1,g,12,g,9,g,0,g,1,g,0,g
367,donatos pizza,pepper jack cheese 14 inch pizza,22,g,75,mg,430,g,2,g,17,g,13,g,0,g,1,g,0,g
368,donatos pizza,pepper jack cheese 7 inch pizza,6,g,20,mg,110,g,0,g,4,g,3,g,0,g,0,g,0,g
369,donatos pizza,pepperoni calzone,51,g,155,mg,3330,g,108,g,52,g,20,g,1,g,6,g,17,g
370,donatos pizza,pepperoni pizza 10 inch cauliflower crust,4.5,g,10,mg,160,g,4,g,4,g,2,g,0,g,0,g,1,g
371,donatos pizza,pepperoni pizza 10 inch famous thin,4,g,15,mg,220,g,7,g,4,g,2,g,0,g,1,g,1,g
372,donatos pizza,pepperoni pizza 10 inch vegan crust,4,g,10,mg,160,g,8,g,3,g,1.5,g,0,g,0,g,1,g
373,donatos pizza,pepperoni pizza 12 inch famous thin,6,g,20,mg,320,g,10,g,6,g,2.5,g,0,g,1,g,1,g
374,donatos pizza,pepperoni pizza 12 inch gluten free crust,6,g,15,mg,190,g,10,g,5,g,3,g,0,g,1,g,2,g
375,donatos pizza,pepperoni pizza 12 inch hand tossed,6,g,15,mg,370,g,24,g,9,g,2.5,g,0,g,2,g,2,g
376,donatos pizza,pepperoni pizza 12 inch thick,6,g,15,mg,350,g,14,g,7,g,2.5,g,0,g,1,g,2,g
377,donatos pizza,pepperoni pizza 14 inch famous thin,7,g,20,mg,370,g,11,g,7,g,3,g,0,g,1,g,1,g
378,donatos pizza,pepperoni pizza 14 inch hand tossed,12,g,30,mg,640,g,33,g,15,g,5,g,0,g,2,g,3,g
379,donatos pizza,pepperoni pizza 14 inch thick,7,g,20,mg,400,g,16,g,8,g,3,g,0,g,1,g,2,g
380,donatos pizza,pepperoni pizza 7 inch famous thin,3,g,10,mg,180,g,6,g,3,g,1.5,g,0,g,0,g,1,g
381,donatos pizza,pepperoni pizza 7 inch thick,3.5,g,10,mg,190,g,8,g,4,g,1.5,g,0,g,1,g,1,g
382,donatos pizza,pepsi 12 fl oz,0,g,0,mg,30,g,41,g,0,g,0,g,0,g,0,g,41,g
383,donatos pizza,pepsi 22 fl oz,0,g,0,mg,60,g,76,g,0,g,0,g,0,g,0,g,76,g
384,donatos pizza,pineapple 10 inch pizza,0,g,0,mg,0,g,12,g,0,g,0,g,0,g,1,g,11,g
385,donatos pizza,pineapple 12 inch pizza,0,g,0,mg,0,g,18,g,1,g,0,g,0,g,1,g,16,g
386,donatos pizza,pineapple 14 inch pizza,0,g,0,mg,0,g,24,g,1,g,0,g,0,g,1,g,22,g
387,donatos pizza,pineapple 7 inch pizza,0,g,0,mg,0,g,5,g,0,g,0,g,0,g,0,g,4,g
388,donatos pizza,plant based sausage 10 inch pizza,4,g,0,mg,690,g,7,g,20,g,0,g,0,g,3,g,2,g
389,donatos pizza,plant based sausage 12 inch pizza,6,g,0,mg,1000,g,11,g,29,g,0.5,g,0,g,4,g,3,g
390,donatos pizza,plant based sausage 14 inch pizza,8,g,0,mg,1340,g,16,g,39,g,1,g,0,g,6,g,4,g
391,donatos pizza,plant based sausage 7 inch pizza,1.5,g,0,mg,280,g,3,g,8,g,0,g,0,g,1,g,1,g
392,donatos pizza,ranch dipping sauce,25,g,10,mg,420,g,2,g,1,g,4,g,0,g,0,g,1,g
393,donatos pizza,salami 10 inch pizza,26,g,75,mg,570,g,2,g,14,g,10,g,0.5,g,0,g,2,g
394,donatos pizza,salami 12 inch pizza,37,g,105,mg,820,g,2,g,21,g,14,g,1,g,0,g,2,g
395,donatos pizza,salami 14 inch pizza,51,g,145,mg,1130,g,3,g,28,g,20,g,1,g,0,g,3,g
396,donatos pizza,salami 7 inch pizza,13,g,35,mg,280,g,1,g,7,g,5,g,0,g,0,g,1,g
397,donatos pizza,salty carmel apple pie,10,g,15,mg,570,g,53,g,7,g,3,g,0,g,1,g,16,g
398,donatos pizza,serious cheese pizza 10 inch cauliflower crust,4,g,10,mg,150,g,4,g,4,g,2,g,0,g,0,g,1,g
399,donatos pizza,serious cheese pizza 10 inch famous thin,4,g,15,mg,220,g,7,g,4,g,2,g,0,g,1,g,1,g
400,donatos pizza,serious cheese pizza 10 inch vegan crust,3.5,g,10,mg,150,g,8,g,3,g,2,g,0,g,1,g,1,g
401,donatos pizza,serious cheese pizza 12 inch famous thin,6,g,20,mg,310,g,10,g,6,g,3,g,0,g,1,g,1,g
402,donatos pizza,serious cheese pizza 12 inch gluten free crust,6,g,15,mg,170,g,10,g,5,g,3.5,g,0,g,1,g,2,g
403,donatos pizza,serious cheese pizza 12 inch hand tossed,8,g,20,mg,440,g,24,g,11,g,4,g,0,g,2,g,2,g
404,donatos pizza,serious cheese pizza 12 inch thick,6,g,15,mg,340,g,14,g,8,g,3,g,0,g,1,g,2,g
405,donatos pizza,serious cheese pizza 14 inch famous thin,7,g,20,mg,350,g,12,g,7,g,3.5,g,0,g,1,g,1,g
406,donatos pizza,serious cheese pizza 14 inch hand tossed,12,g,30,mg,620,g,33,g,15,g,6,g,0,g,3,g,3,g
407,donatos pizza,serious cheese pizza 14 inch thick,7,g,15,mg,380,g,16,g,9,g,3.5,g,0,g,1,g,2,g
408,donatos pizza,serious cheese pizza 7 inch famous thin,3.5,g,10,mg,180,g,6,g,4,g,1.5,g,0,g,1,g,1,g
409,donatos pizza,serious cheese pizza 7 inch thick,3.5,g,10,mg,190,g,8,g,4,g,1.5,g,0,g,1,g,1,g
410,donatos pizza,serious meat pizza with ground beef 10 inch cauliflower crust,6,g,20,mg,300,g,6,g,6,g,3,g,0,g,0,g,1,g
411,donatos pizza,serious meat pizza with ground beef 10 inch famous thin,5,g,20,mg,320,g,7,g,6,g,2.5,g,0,g,1,g,1,g
412,donatos pizza,serious meat pizza with ground beef 10 inch vegan crust,5,g,15,mg,260,g,8,g,5,g,2,g,0,g,1,g,1,g
413,donatos pizza,serious meat pizza with ground beef 12 inch famous thin,7,g,25,mg,450,g,10,g,9,g,3,g,0,g,1,g,1,g
414,donatos pizza,serious meat pizza with ground beef 12 inch gluten free crust,8,g,25,mg,310,g,10,g,7,g,3.5,g,0,g,1,g,2,g
415,donatos pizza,serious meat pizza with ground beef 12 inch hand tossed,11,g,35,mg,630,g,24,g,14,g,4.5,g,0,g,2,g,3,g
416,donatos pizza,serious meat pizza with ground beef 12 inch thick,8,g,25,mg,480,g,14,g,10,g,3,g,0,g,1,g,2,g
417,donatos pizza,serious meat pizza with ground beef 14 inch famous thin,9,g,30,mg,520,g,12,g,10,g,3.5,g,0,g,1,g,2,g
418,donatos pizza,serious meat pizza with ground beef 14 inch hand tossed,15,g,45,mg,870,g,33,g,19,g,6,g,0,g,3,g,4,g
419,donatos pizza,serious meat pizza with ground beef 14 inch thick,9,g,30,mg,560,g,16,g,11,g,3.5,g,0,g,1,g,2,g
420,donatos pizza,serious meat pizza with ground beef 7 inch famous thin,4.5,g,15,mg,280,g,6,g,5,g,2,g,0,g,1,g,1,g
421,donatos pizza,serious meat pizza with ground beef 7 inch thick,4.5,g,15,mg,290,g,8,g,6,g,2,g,0,g,1,g,1,g
422,donatos pizza,serious meat pizza with meatballs 10 inch cauliflower crust,6,g,20,mg,300,g,6,g,6,g,3,g,0,g,0,g,1,g
423,donatos pizza,serious meat pizza with meatballs 10 inch famous thin,6,g,20,mg,330,g,8,g,6,g,2.5,g,0,g,1,g,1,g
424,donatos pizza,serious meat pizza with meatballs 10 inch vegan crust,5,g,15,mg,270,g,8,g,5,g,2,g,0,g,1,g,1,g
425,donatos pizza,serious meat pizza with meatballs 12 inch famous thin,8,g,25,mg,460,g,11,g,8,g,3,g,0,g,1,g,1,g
426,donatos pizza,serious meat pizza with meatballs 12 inch gluten free,8,g,25,mg,320,g,11,g,7,g,3.5,g,0,g,1,g,2,g
427,donatos pizza,serious meat pizza with meatballs 12 inch hand tossed,11,g,35,mg,640,g,25,g,14,g,4.5,g,0,g,2,g,3,g
428,donatos pizza,serious meat pizza with meatballs 12 inch thick,8,g,25,mg,490,g,15,g,10,g,3,g,0,g,1,g,2,g
429,donatos pizza,serious meat pizza with meatballs 14 inch famous thin,9,g,30,mg,530,g,12,g,10,g,4,g,0,g,1,g,2,g
430,donatos pizza,serious meat pizza with meatballs 14 inch hand tossed,15,g,45,mg,880,g,33,g,19,g,6,g,0,g,2,g,4,g
431,donatos pizza,serious meat pizza with meatballs 14 inch thick,9,g,30,mg,570,g,17,g,11,g,4,g,0,g,1,g,2,g
432,donatos pizza,serious meat pizza with meatballs 7 inch famous thin,4.5,g,15,mg,280,g,6,g,5,g,2,g,0,g,0,g,1,g
433,donatos pizza,serious meat pizza with meatballs 7 inch thick,4.5,g,15,mg,290,g,8,g,6,g,2,g,0,g,1,g,1,g
434,donatos pizza,shaved ham 10 inch pizza,3.5,g,55,mg,1090,g,3,g,18,g,1.5,g,0,g,0,g,2,g
435,donatos pizza,shaved ham 12 inch pizza,5,g,75,mg,1560,g,4,g,26,g,2,g,0,g,0,g,3,g
436,donatos pizza,shaved ham 14 inch pizza,7,g,105,mg,2130,g,6,g,35,g,2.5,g,0,g,0,g,4,g
437,donatos pizza,shaved ham 7 inch pizza,1.5,g,20,mg,420,g,1,g,7,g,0,g,0,g,0,g,1,g
438,donatos pizza,skinny pizza contains cheese 10 inch vegan crust,2,g,5,mg,100,g,8,g,2,g,1,g,0,g,1,g,1,g
439,donatos pizza,sliced almonds 10 inch pizza,19,g,0,mg,5,g,7,g,8,g,1.5,g,0,g,4,g,2,g
440,donatos pizza,sliced almonds 12 inch pizza,26,g,0,mg,10,g,9,g,11,g,2,g,0,g,5,g,2,g
441,donatos pizza,sliced almonds 14 inch pizza,36,g,0,mg,15,g,13,g,15,g,2.5,g,0,g,7,g,3,g
442,donatos pizza,sliced almonds 7 inch pizza,7,g,0,mg,0,g,3,g,3,g,0.5,g,0,g,1,g,1,g
443,donatos pizza,sliced chicken breast 10 inch pizza,4,g,75,mg,810,g,4,g,24,g,1,g,0,g,0,g,0,g
444,donatos pizza,sliced chicken breast 12 inch pizza,6,g,115,mg,1230,g,6,g,37,g,2,g,0,g,0,g,0,g
445,donatos pizza,sliced chicken breast 14 inch pizza,7,g,150,mg,1590,g,8,g,48,g,2.5,g,0,g,0,g,1,g
446,donatos pizza,sliced chicken breast 7 inch pizza,2,g,40,mg,450,g,2,g,14,g,0.5,g,0,g,0,g,0,g
447,donatos pizza,smoke provolone cheese 10 inch pizza,20,g,60,mg,550,g,3,g,18,g,12,g,0.5,g,2,g,1,g
448,donatos pizza,smoke provolone cheese 12 inch pizza,29,g,85,mg,770,g,4,g,25,g,17,g,1,g,2,g,2,g
449,donatos pizza,smoke provolone cheese 14 inch pizza,40,g,115,mg,1060,g,6,g,35,g,23,g,1.5,g,3,g,3,g
450,donatos pizza,smoke provolone cheese 7 inch pizza,10,g,30,mg,260,g,1,g,8,g,6,g,0,g,1,g,1,g
451,donatos pizza,steak hoagie with marinara sauce,27,g,80,mg,1820,g,63,g,35,g,12,g,1.5,g,6,g,5,g
452,donatos pizza,steak hoagie with mushroom gravy,27,g,80,mg,1850,g,62,g,35,g,12,g,1.5,g,5,g,4,g
453,donatos pizza,the works pizza 10 inch cauliflower crust,5,g,15,mg,180,g,5,g,4,g,2,g,0,g,1,g,1,g
454,donatos pizza,the works pizza 10 inch famous thin,4.5,g,15,mg,240,g,8,g,5,g,2,g,0,g,1,g,1,g
455,donatos pizza,the works pizza 10 inch vegan crust,4.5,g,10,mg,180,g,8,g,4,g,2,g,0,g,1,g,2,g
456,donatos pizza,the works pizza 12 inch famous thin,7,g,20,mg,350,g,11,g,7,g,3,g,0,g,1,g,2,g
457,donatos pizza,the works pizza 12 inch gluten free crust,7,g,20,mg,210,g,11,g,6,g,3,g,0,g,1,g,2,g
458,donatos pizza,the works pizza 12 inch hand tossed,10,g,25,mg,490,g,25,g,11,g,4,g,0,g,2,g,3,g
459,donatos pizza,the works pizza 12 inch thick,7,g,20,mg,380,g,15,g,8,g,3,g,0,g,1,g,2,g
460,donatos pizza,the works pizza 14 inch famous thin,8,g,25,mg,390,g,13,g,8,g,3.5,g,0,g,1,g,2,g
461,donatos pizza,the works pizza 14 inch hand tossed,14,g,35,mg,690,g,34,g,16,g,6,g,0,g,3,g,4,g
462,donatos pizza,the works pizza 14 inch thick,8,g,20,mg,430,g,17,g,9,g,3.5,g,0,g,2,g,3,g
463,donatos pizza,the works pizza 7 inch famous thin,3.5,g,10,mg,200,g,6,g,4,g,1.5,g,0,g,1,g,1,g
464,donatos pizza,the works pizza 7 inch thick,4,g,10,mg,210,g,8,g,4,g,1.5,g,0,g,1,g,1,g
465,donatos pizza,tomato bruschetta 10 inch pizza,10,g,0,mg,590,g,7,g,1,g,1,g,0,g,1,g,5,g
466,donatos pizza,tomato bruschetta 12 inch pizza,15,g,0,mg,900,g,10,g,2,g,1,g,0,g,2,g,7,g
467,donatos pizza,tomato bruschetta 14 inch pizza,20,g,0,mg,1150,g,13,g,2,g,1.5,g,0,g,3,g,9,g
468,donatos pizza,tomato bruschetta 7 inch pizza,3.5,g,0,mg,200,g,2,g,0,g,0,g,0,g,0,g,2,g
469,donatos pizza,traditional chicken wings bbq sauce,19,g,65,mg,1700,g,33,g,28,g,4,g,0,g,0,g,8,g
470,donatos pizza,traditional chicken wings hot chicken dry rub,19,g,65,mg,1610,g,25,g,28,g,4,g,0,g,0,g,0,g
471,donatos pizza,traditional chicken wings hot sauce,23,g,70,mg,2240,g,25,g,28,g,4.5,g,0,g,0,g,0,g
472,donatos pizza,traditional chicken wings italian parmesan dry rub,21,g,75,mg,1520,g,24,g,31,g,5,g,0,g,0,g,0,g
473,donatos pizza,traditional chicken wings mild sauce,21,g,70,mg,2220,g,28,g,29,g,4.5,g,0,g,1,g,1,g
474,donatos pizza,traditional chicken wings plain,19,g,65,mg,1420,g,24,g,28,g,3.5,g,0,g,0,g,0,g
475,donatos pizza,traditional chicken wings roasted garllic dry rub,19,g,65,mg,1610,g,26,g,28,g,4,g,0,g,0,g,1,g
476,donatos pizza,traditional chicken wings sweet thai chili,19,g,65,mg,1600,g,39,g,28,g,4,g,0,g,0,g,13,g
477,donatos pizza,traditional chicken wings sweet thai chili certain locations only,19,g,65,mg,1600,g,39,g,28,g,4,g,0,g,0,g,13,g
478,donatos pizza,traditional chicken wings wood fired chipotle dry rub,19,g,65,mg,1690,g,25,g,28,g,4,g,0,g,0,g,1,g
479,donatos pizza,triple chocolate chunk cookie,23,g,30,mg,320,g,22,g,4,g,8,g,0,g,2,g,27,g
480,donatos pizza,tropicana fruit punch 12 fl oz,0,g,0,mg,35,g,45,g,0,g,0,g,0,g,0,g,45,g
481,donatos pizza,tropicana fruit punch 22 fl oz,0,g,0,mg,65,g,83,g,0,g,0,g,0,g,0,g,82,g
482,donatos pizza,tropicana pink lemonade 12 fl oz,0,g,0,mg,160,g,40,g,0,g,0,g,0,g,0,g,40,g
483,donatos pizza,tropicana pink lemonade 22 fl oz,0,g,0,mg,290,g,74,g,0,g,0,g,0,g,0,g,73,g
484,donatos pizza,ultimate 4 cheese pizza 10 inch cauliflower crust,4,g,10,mg,140,g,5,g,4,g,2,g,0,g,0,g,1,g
485,donatos pizza,ultimate 4 cheese pizza 10 inch famous thin,3.5,g,10,mg,190,g,7,g,4,g,2,g,0,g,1,g,1,g
486,donatos pizza,ultimate 4 cheese pizza 10 inch vegan crust,3.5,g,10,mg,130,g,8,g,3,g,2,g,0,g,0,g,1,g
487,donatos pizza,ultimate 4 cheese pizza 12 inch famous thin,5,g,15,mg,270,g,10,g,6,g,3,g,0,g,1,g,1,g
488,donatos pizza,ultimate 4 cheese pizza 12 inch gluten free crust,6,g,15,mg,135,g,10,g,5,g,3,g,0,g,1,g,2,g
489,donatos pizza,ultimate 4 cheese pizza 12 inch hand tossed,8,g,20,mg,420,g,23,g,10,g,4,g,0,g,2,g,2,g
490,donatos pizza,ultimate 4 cheese pizza 12 inch thick,6,g,15,mg,300,g,14,g,7,g,3,g,0,g,1,g,2,g
491,donatos pizza,ultimate 4 cheese pizza 14 inch famous thin,6,g,20,mg,310,g,11,g,7,g,3,g,0,g,1,g,1,g
492,donatos pizza,ultimate 4 cheese pizza 14 inch hand tossed,11,g,25,mg,580,g,32,g,15,g,6,g,0,g,2,g,3,g
493,donatos pizza,ultimate 4 cheese pizza 14 inch thick,6,g,15,mg,340,g,16,g,8,g,3,g,0,g,1,g,2,g
494,donatos pizza,ultimate 4 cheese pizza 7 inch famous thin,3,g,10,mg,160,g,6,g,4,g,1.5,g,0,g,0,g,1,g
495,donatos pizza,ultimate 4 cheese pizza 7 inch thick,3,g,5,mg,170,g,8,g,4,g,1.5,g,0,g,1,g,1,g
496,donatos pizza,very vegy pizza 10 inch cauliflower crust,3.5,g,10,mg,180,g,6,g,4,g,2,g,0,g,1,g,1,g
497,donatos pizza,very vegy pizza 10 inch famous thin,3,g,10,mg,200,g,8,g,3,g,1.5,g,0,g,1,g,1,g
498,donatos pizza,very vegy pizza 10 inch vegan crust,0.5,g,0,mg,85,g,8,g,1,g,0,g,0,g,1,g,1,g
499,donatos pizza,very vegy pizza 12 inch famous thin,4,g,10,mg,290,g,11,g,5,g,2,g,0,g,1,g,2,g
500,donatos pizza,very vegy pizza 12 inch gluten free crust,4.5,g,10,mg,150,g,11,g,4,g,2,g,0,g,1,g,2,g
501,donatos pizza,very vegy pizza 12 inch hand tosssed,6,g,15,mg,420,g,25,g,9,g,3,g,0,g,2,g,3,g
502,donatos pizza,very vegy pizza 12 inch thick,4.5,g,10,mg,320,g,15,g,6,g,2,g,0,g,1,g,2,g
503,donatos pizza,very vegy pizza 14 inch famous thin,4.5,g,15,mg,330,g,12,g,6,g,2,g,0,g,1,g,2,g
504,donatos pizza,very vegy pizza 14 inch hand tossed,9,g,20,mg,590,g,34,g,13,g,4,g,0,g,3,g,4,g
505,donatos pizza,very vegy pizza 14 inch thick,5,g,10,mg,360,g,17,g,7,g,2,g,0,g,2,g,3,g
506,donatos pizza,very vegy pizza 7 inch famous thin,2.5,g,5,mg,170,g,7,g,3,g,1,g,0,g,1,g,1,g
507,donatos pizza,very vegy pizza 7 inch thick,2.5,g,5,mg,180,g,8,g,3,g,1,g,0,g,1,g,1,g
508,doubledaves pizzaworks,chee z rolls without sauce,25,g,70,mg,1110,g,52,g,35,g,14,g,0,g,2,g,2,g
509,doubledaves pizzaworks,cheesestyx without sauce,13,g,10,mg,380,g,31,g,8,g,4,g,0,g,1,g,1,g
510,doubledaves pizzaworks,breadstyx without sauce,11,g,5,mg,300,g,31,g,6,g,2,g,0,g,1,g,1,g
511,doubledaves pizzaworks,peproni rolls without sauce,11,g,20,mg,580,g,51,g,14,g,4,g,0,g,1,g,2,g
512,doubledaves pizzaworks,hot wings without sauce,18,g,130,mg,2020,g,5,g,23,g,4.5,g,0,g,1,g,4,g
513,doubledaves pizzaworks,mild wing without sauce,18,g,130,mg,750,g,3,g,23,g,4.5,g,0,g,0,g,3,g
514,doubledaves pizzaworks,cherry strudel,4,g,0,mg,130,g,27,g,3,g,0.5,g,0,g,1,g,9,g
515,doubledaves pizzaworks,chocolate chip pizza,9,g,0,mg,150,g,21,g,1,g,2.5,g,0,g,0,g,9,g
516,doubledaves pizzaworks,apple strudel,4,g,0,mg,130,g,26,g,3,g,0.5,g,0,g,1,g,9,g
517,doubledaves pizzaworks,cinnamonstyx,6,g,0,mg,170,g,37,g,4,g,1,g,0,g,1,g,13,g
518,doubledaves pizzaworks,red sauce for pizza base,0,g,0,mg,25,g,1,g,0,g,0,g,0,g,0,g,1,g
519,doubledaves pizzaworks,pepperoni,3.5,g,10,mg,160,g,0,g,2,g,1.5,g,0,g,0,g,0,g
520,doubledaves pizzaworks,deep dish pizza crust,12,g,0,mg,350,g,57,g,9,g,1.5,g,0,g,2,g,2,g
521,doubledaves pizzaworks,romano parmesan blend cheese,3.5,g,10,mg,135,g,0,g,5,g,2.5,g,0,g,0,g,0,g
522,doubledaves pizzaworks,italian sausage,3,g,5,mg,110,g,1,g,2,g,1,g,0,g,0,g,0,g
523,doubledaves pizzaworks,smoked ham,1,g,5,mg,75,g,0,g,1,g,0,g,0,g,0,g,0,g
524,doubledaves pizzaworks,hand tossed original pizza crust,5,g,0,mg,250,g,41,g,6,g,0.5,g,0,g,1,g,2,g
525,doubledaves pizzaworks,green olive,1.5,g,0,mg,260,g,0,g,0,g,0,g,0,g,0,g,0,g
526,doubledaves pizzaworks,smoked provolone cheese,1,g,5,mg,35,g,0,g,1,g,0.5,g,0,g,0,g,0,g
527,doubledaves pizzaworks,green pepper,0,g,0,mg,0,g,0,g,0,g,0,g,0,g,0,g,0,g
528,doubledaves pizzaworks,crushed garlic,0,g,0,mg,0,g,0,g,0,g,0,g,0,g,0,g,0,g
529,doubledaves pizzaworks,italian sweet peppers,0,g,0,mg,210,g,0,g,0,g,0,g,0,g,0,g,0,g
530,doubledaves pizzaworks,hand tossed honey whole wheat pizza crust,5,g,0,mg,250,g,41,g,6,g,1,g,0,g,3,g,2,g
531,doubledaves pizzaworks,tomato,0,g,0,mg,0,g,0,g,0,g,0,g,0,g,0,g,0,g
532,doubledaves pizzaworks,mushroom,0,g,0,mg,0,g,0,g,0,g,0,g,0,g,0,g,0,g
533,doubledaves pizzaworks,crispy thin pizza crust,5,g,0,mg,170,g,28,g,4,g,1,g,0,g,1,g,1,g
534,doubledaves pizzaworks,white american cheese,1.5,g,5,mg,65,g,0,g,1,g,1,g,0,g,0,g,0,g
535,doubledaves pizzaworks,mozzarella cheese,4,g,15,mg,140,g,1,g,3,g,2.5,g,0,g,0,g,0,g
536,doubledaves pizzaworks,garlic spinach,0,g,0,mg,25,g,1,g,0,g,0,g,0,g,0,g,0,g
537,doubledaves pizzaworks,pineapple,0,g,0,mg,0,g,2,g,0,g,0,g,0,g,0,g,2,g
538,doubledaves pizzaworks,jalapeno,0,g,0,mg,210,g,1,g,0,g,0,g,0,g,0,g,0,g
539,doubledaves pizzaworks,beef,1.5,g,0,mg,170,g,1,g,2,g,0.5,g,0,g,0,g,0,g
540,doubledaves pizzaworks,chicken,1,g,5,mg,130,g,0,g,2,g,0,g,0,g,0,g,0,g
541,doubledaves pizzaworks,bacon,2.5,g,10,mg,130,g,0,g,2,g,1,g,0,g,0,g,0,g
542,doubledaves pizzaworks,sliced meatball,2.5,g,10,mg,125,g,1,g,2,g,1,g,0,g,0,g,0,g
543,doubledaves pizzaworks,steak,1,g,5,mg,135,g,0,g,2,g,0,g,0,g,0,g,0,g
544,doubledaves pizzaworks,black olive,1.5,g,0,mg,95,g,1,g,0,g,0,g,0,g,0,g,0,g
545,doubledaves pizzaworks,onion,0,g,0,mg,0,g,1,g,0,g,0,g,0,g,0,g,0,g
546,doubledaves pizzaworks,philly cheesesteak stromboli,21,g,30,mg,860,g,47,g,14,g,7,g,0,g,2,g,2,g
547,doubledaves pizzaworks,ham and cheese stromboli large,21,g,30,mg,740,g,46,g,14,g,7,g,0,g,2,g,2,g
548,doubledaves pizzaworks,garlic spinach stromboli,13,g,20,mg,590,g,46,g,11,g,4.5,g,0,g,2,g,2,g
549,doubledaves pizzaworks,ham and cheese strombili medium,19,g,30,mg,700,g,45,g,12,g,6,g,0,g,2,g,2,g
550,doubledaves pizzaworks,chicken parmesan stuffer,9,g,35,mg,760,g,46,g,20,g,4.5,g,0,g,2,g,3,g
551,doubledaves pizzaworks,large deep dish bbq chicken pizza,17,g,25,mg,800,g,64,g,17,g,4.5,g,0,g,2,g,7,g
552,doubledaves pizzaworks,large deep dish meateater pizza,23,g,35,mg,800,g,59,g,17,g,7,g,0,g,2,g,3,g
553,doubledaves pizzaworks,large crispy thin ham pizza,10,g,20,mg,400,g,29,g,9,g,3.5,g,0,g,1,g,1,g
554,doubledaves pizzaworks,large hand tossed beef pizza,10,g,15,mg,580,g,43,g,12,g,3.5,g,0,g,2,g,3,g
555,doubledaves pizzaworks,large hand tossed bbq chicken pizza,9,g,25,mg,670,g,47,g,13,g,3,g,0,g,2,g,6,g
556,doubledaves pizzaworks,large deep dish classic veggie pizza,18,g,20,mg,670,g,60,g,14,g,5,g,0,g,3,g,3,g
557,doubledaves pizzaworks,large whole wheat classic veggie pizza,11,g,20,mg,580,g,44,g,11,g,4,g,0,g,4,g,3,g
558,doubledaves pizzaworks,large deep dish ham pizza,18,g,25,mg,610,g,59,g,15,g,5,g,0,g,2,g,3,g
559,doubledaves pizzaworks,large crispy thin pepperoni pizza,13,g,25,mg,490,g,29,g,9,g,4.5,g,0,g,1,g,1,g
560,doubledaves pizzaworks,large whole wheat bbq chicken pizza,9,g,25,mg,670,g,47,g,13,g,3.5,g,0,g,4,g,7,g
561,doubledaves pizzaworks,large deep dish daves fave meat pizza,29,g,35,mg,760,g,60,g,17,g,8,g,0,g,2,g,3,g
562,doubledaves pizzaworks,large deep dish buffalo chicken pizza,20,g,30,mg,900,g,59,g,17,g,5,g,0,g,2,g,3,g
563,doubledaves pizzaworks,large whole wheat daves fave no meat pizza,16,g,20,mg,460,g,44,g,11,g,5,g,0,g,4,g,3,g
564,doubledaves pizzaworks,large crispy thin meateater pizza,16,g,35,mg,620,g,30,g,13,g,6,g,0,g,1,g,1,g
565,doubledaves pizzaworks,large crispy thin classic veggie pizza,11,g,20,mg,490,g,31,g,9,g,4,g,0,g,2,g,2,g
566,doubledaves pizzaworks,large whole wheat sausage pizza,14,g,25,mg,550,g,43,g,12,g,5,g,0,g,4,g,3,g
567,doubledaves pizzaworks,large whole wheat meateater pizza,16,g,35,mg,710,g,43,g,15,g,6,g,0,g,4,g,3,g
568,doubledaves pizzaworks,large deep dish the works pizza,21,g,30,mg,710,g,60,g,16,g,6,g,0,g,2,g,3,g
569,doubledaves pizzaworks,large hand tossed cheese pizza,10,g,20,mg,440,g,42,g,11,g,3.5,g,0,g,2,g,2,g
570,doubledaves pizzaworks,large hand tossed daves fave meat pizza,22,g,35,mg,670,g,44,g,15,g,7,g,0,g,2,g,2,g
571,doubledaves pizzaworks,large deep dish beef pizza,19,g,20,mg,710,g,60,g,15,g,5,g,0,g,2,g,3,g
572,doubledaves pizzaworks,large whole wheat pepperoni pizza,13,g,25,mg,580,g,42,g,11,g,5,g,0,g,4,g,3,g
573,doubledaves pizzaworks,large hand tossed sausage pizza,13,g,20,mg,520,g,43,g,11,g,4.5,g,0,g,2,g,2,g
574,doubledaves pizzaworks,large crispy thin beef pizza,10,g,15,mg,490,g,30,g,10,g,3.5,g,0,g,1,g,2,g
575,doubledaves pizzaworks,large hand tossed meateater pizza,16,g,35,mg,710,g,43,g,15,g,6,g,0,g,2,g,2,g
576,doubledaves pizzaworks,large deep dish sausage pizza,21,g,25,mg,650,g,59,g,15,g,6,g,0,g,2,g,3,g
577,doubledaves pizzaworks,large whole wheat daves fave meat pizza,22,g,35,mg,670,g,44,g,15,g,7,g,0,g,4,g,3,g
578,doubledaves pizzaworks,large deep dish cheese pizza,17,g,20,mg,530,g,59,g,13,g,4.5,g,0,g,2,g,3,g
579,doubledaves pizzaworks,large hand tossed pepperoni pizza,13,g,25,mg,580,g,42,g,11,g,4.5,g,0,g,2,g,2,g
580,doubledaves pizzaworks,large whole wheat buffalo chicken pizza,12,g,25,mg,780,g,43,g,13,g,4,g,0,g,4,g,3,g
581,doubledaves pizzaworks,large crispy thin sausage pizza,13,g,20,mg,440,g,30,g,9,g,4.5,g,0,g,1,g,1,g
582,doubledaves pizzaworks,large hand tossed ham pizza,10,g,20,mg,490,g,43,g,11,g,3.5,g,0,g,2,g,2,g
583,doubledaves pizzaworks,large whole wheat the works pizza,14,g,30,mg,610,g,44,g,13,g,5,g,0,g,4,g,3,g
584,doubledaves pizzaworks,large crispy thin bbq chicken pizza,9,g,25,mg,590,g,34,g,11,g,3.5,g,0,g,1,g,5,g
585,doubledaves pizzaworks,large deep dish pepperoni pizza,21,g,25,mg,700,g,59,g,15,g,6,g,0,g,2,g,3,g
586,doubledaves pizzaworks,large crispy thin buffalo chicken pizza,12,g,25,mg,690,g,30,g,11,g,3.5,g,0,g,1,g,1,g
587,doubledaves pizzaworks,large crispy thin daves fave no meat pizza,16,g,20,mg,370,g,31,g,9,g,4.5,g,0,g,2,g,1,g
588,doubledaves pizzaworks,large whole wheat cheese pizza,10,g,20,mg,440,g,42,g,11,g,4,g,0,g,4,g,3,g
589,doubledaves pizzaworks,large whole wheat ham pizza,10,g,20,mg,490,g,43,g,11,g,3.5,g,0,g,4,g,3,g
590,doubledaves pizzaworks,large hand tossed the works pizza,14,g,30,mg,610,g,44,g,13,g,5,g,0,g,2,g,3,g
591,doubledaves pizzaworks,large crispy thin daves fave meat pizza,22,g,35,mg,580,g,31,g,12,g,7,g,0,g,1,g,1,g
592,doubledaves pizzaworks,large crispy thin cheese pizza,10,g,20,mg,350,g,29,g,8,g,4,g,0,g,1,g,1,g
593,doubledaves pizzaworks,large hand tossed buffalo chicken pizza,12,g,25,mg,780,g,43,g,13,g,3.5,g,0,g,1,g,2,g
594,doubledaves pizzaworks,large hand tossed classic veggie pizza,11,g,20,mg,580,g,44,g,11,g,4,g,0,g,2,g,3,g
595,doubledaves pizzaworks,large crispy thin the works pizza,14,g,30,mg,530,g,30,g,11,g,5,g,0,g,2,g,2,g
596,doubledaves pizzaworks,large deep dish daves fave no meat pizza,23,g,20,mg,550,g,60,g,14,g,5,g,0,g,2,g,3,g
597,doubledaves pizzaworks,large hand tossed daves fave no meat pizza,16,g,20,mg,460,g,44,g,11,g,4.5,g,0,g,2,g,2,g
598,doubledaves pizzaworks,large whole wheat beef pizza,10,g,15,mg,580,g,43,g,12,g,4,g,0,g,4,g,3,g
599,doubledaves pizzaworks,ranch dressing,27,g,15,mg,580,g,3,g,3,g,4.5,g,0,g,0,g,3,g
600,doubledaves pizzaworks,blue cheese dressing,45,g,30,mg,740,g,3,g,3,g,6,g,0,g,0,g,3,g
601,doubledaves pizzaworks,chicken cordon bleu sandwich,51,g,125,mg,2740,g,69,g,40,g,18,g,0,g,3,g,3,g
602,doubledaves pizzaworks,meatball sandwich,64,g,130,mg,2740,g,79,g,48,g,22,g,0.5,g,8,g,5,g
603,doubledaves pizzaworks,buffalo chicken sandwich,42,g,75,mg,2720,g,68,g,39,g,10,g,0,g,4,g,3,g
604,doubledaves pizzaworks,philly cheesesteak sandwich,51,g,85,mg,2520,g,71,g,38,g,18,g,0,g,4,g,4,g
605,doubledaves pizzaworks,chicken pesto sandwich,54,g,80,mg,2680,g,77,g,44,g,12,g,0,g,8,g,4,g
606,doubledaves pizzaworks,ham and cheese sandwich,64,g,145,mg,2800,g,70,g,44,g,25,g,0,g,3,g,3,g
607,doubledaves pizzaworks,red sauce,0,g,0,mg,180,g,7,g,2,g,0,g,0,g,2,g,5,g
608,doubledaves pizzaworks,alfredo pizza big dave handtossed slice,130,g,25,mg,630,g,58,g,13,g,0,g,0,g,1,g,4,g
609,doubledaves pizzaworks,alfredo pizza big dave thin slice,130,g,25,mg,520,g,39,g,10,g,0,g,0,g,1,g,2,g
610,doubledaves pizzaworks,alfredo pizza big dave whole wheat slice,130,g,25,mg,550,g,40,g,10,g,0,g,0,g,3,g,4,g
611,doubledaves pizzaworks,alfredo pizza large deep dish slice,160,g,20,mg,560,g,58,g,13,g,0,g,0,g,2,g,2,g
612,doubledaves pizzaworks,alfredo pizza large handtossed slice,90,g,20,mg,460,g,42,g,10,g,0,g,0,g,1,g,2,g
613,doubledaves pizzaworks,alfredo pizza large thin slice,90,g,20,mg,380,g,29,g,8,g,0,g,0,g,1,g,1,g
614,doubledaves pizzaworks,alfredo pizza large whole wheat slice,90,g,20,mg,400,g,29,g,8,g,0,g,0,g,2,g,2,g
615,doubledaves pizzaworks,alfredo pizza medium deep dish slice,130,g,20,mg,490,g,52,g,13,g,0,g,0,g,1,g,3,g
616,doubledaves pizzaworks,alfredo pizza medium handtossed slice,80,g,20,mg,390,g,33,g,9,g,0,g,0,g,1,g,2,g
617,doubledaves pizzaworks,alfredo pizza medium thin slice,70,g,20,mg,300,g,20,g,7,g,0,g,0,g,1,g,1,g
618,doubledaves pizzaworks,alfredo pizza medium whole wheat slice,80,g,20,mg,340,g,23,g,7,g,0,g,0,g,2,g,2,g
619,doubledaves pizzaworks,alfredo pizza small handtossed slice,80,g,15,mg,350,g,31,g,7,g,0,g,0,g,1,g,1,g
620,doubledaves pizzaworks,alfredo pizza small thin slice,70,g,15,mg,260,g,16,g,5,g,0,g,0,g,1,g,1,g
621,doubledaves pizzaworks,alfredo pizza small whole wheat slice,80,g,15,mg,310,g,22,g,6,g,0,g,0,g,1,g,1,g
622,doubledaves pizzaworks,apple strudel,30,g,0,mg,130,g,26,g,3,g,0,g,0,g,1,g,9,g
623,doubledaves pizzaworks,artichoke hearts big dave,0,g,0,mg,35,g,0,g,0,g,0,g,0,g,0,g,0,g
624,doubledaves pizzaworks,artichoke hearts large,0,g,0,mg,30,g,0,g,0,g,0,g,0,g,0,g,0,g
625,doubledaves pizzaworks,artichoke hearts medium,0,g,0,mg,25,g,0,g,0,g,0,g,0,g,0,g,0,g
626,doubledaves pizzaworks,artichoke hearts small,0,g,0,mg,25,g,0,g,0,g,0,g,0,g,0,g,0,g
627,doubledaves pizzaworks,bacon big dave,25,g,15,mg,160,g,0,g,3,g,0,g,0,g,0,g,0,g
628,doubledaves pizzaworks,bacon large,20,g,10,mg,130,g,0,g,2,g,0,g,0,g,0,g,0,g
629,doubledaves pizzaworks,bacon medium,15,g,10,mg,110,g,0,g,2,g,0,g,0,g,0,g,0,g
630,doubledaves pizzaworks,bacon small,15,g,5,mg,90,g,0,g,1,g,0,g,0,g,0,g,0,g
631,doubledaves pizzaworks,banana pepper rings big dave,0,g,0,mg,260,g,1,g,0,g,0,g,0,g,1,g,0,g
632,doubledaves pizzaworks,banana pepper rings large,0,g,0,mg,200,g,0,g,0,g,0,g,0,g,0,g,0,g
633,doubledaves pizzaworks,banana pepper rings medium,0,g,0,mg,160,g,0,g,0,g,0,g,0,g,0,g,0,g
634,doubledaves pizzaworks,banana pepper rings small,0,g,0,mg,150,g,0,g,0,g,0,g,0,g,0,g,0,g
635,doubledaves pizzaworks,bbq chicken pizza big dave handtossed slice,110,g,30,mg,850,g,64,g,16,g,0,g,0,g,2,g,9,g
636,doubledaves pizzaworks,bbq chicken pizza big dave thin slice,110,g,30,mg,740,g,45,g,13,g,0,g,0,g,2,g,7,g
637,doubledaves pizzaworks,bbq chicken pizza big dave whole wheat slice,110,g,30,mg,770,g,46,g,13,g,0,g,0,g,4,g,9,g
638,doubledaves pizzaworks,bbq chicken pizza large deep dish slice,140,g,25,mg,770,g,63,g,16,g,0,g,0,g,3,g,6,g
639,doubledaves pizzaworks,bbq chicken pizza large handtossed slice,80,g,25,mg,670,g,47,g,13,g,0,g,0,g,2,g,6,g
640,doubledaves pizzaworks,bbq chicken pizza large thin slice,80,g,25,mg,590,g,34,g,11,g,0,g,0,g,2,g,5,g
641,doubledaves pizzaworks,bbq chicken pizza large whole wheat slice,80,g,25,mg,610,g,47,g,11,g,0,g,0,g,3,g,6,g
642,doubledaves pizzaworks,bbq chicken pizza medium deep dish slice,120,g,20,mg,640,g,56,g,14,g,0,g,0,g,1,g,7,g
643,doubledaves pizzaworks,bbq chicken pizza medium handtossed slice,70,g,20,mg,540,g,37,g,10,g,0,g,0,g,1,g,6,g
644,doubledaves pizzaworks,bbq chicken pizza medium thin slice,60,g,20,mg,450,g,24,g,8,g,0,g,0,g,1,g,5,g
645,doubledaves pizzaworks,bbq chicken pizza medium whole wheat slice,70,g,20,mg,490,g,27,g,8,g,0,g,0,g,2,g,6,g
646,doubledaves pizzaworks,bbq chicken pizza small handtossed slice,70,g,15,mg,460,g,34,g,9,g,0,g,0,g,1,g,4,g
647,doubledaves pizzaworks,bbq chicken pizza small thin slice,60,g,15,mg,370,g,19,g,7,g,0,g,0,g,1,g,4,g
648,doubledaves pizzaworks,bbq chicken pizza small whole wheat slice,70,g,15,mg,420,g,25,g,8,g,0,g,0,g,1,g,4,g
649,doubledaves pizzaworks,beef big dave,15,g,0,mg,220,g,1,g,3,g,0,g,0,g,0,g,0,g
650,doubledaves pizzaworks,beef large,10,g,0,mg,170,g,1,g,2,g,0,g,0,g,0,g,0,g
651,doubledaves pizzaworks,beef medium,10,g,0,mg,140,g,1,g,2,g,0,g,0,g,0,g,0,g
652,doubledaves pizzaworks,beef small,10,g,0,mg,125,g,1,g,1,g,0,g,0,g,0,g,0,g
653,doubledaves pizzaworks,big dave handtossed crust slice,65,g,0,mg,340,g,56,g,8,g,0,g,0,g,1,g,3,g
654,doubledaves pizzaworks,big dave thin crust slice,60,g,0,mg,230,g,37,g,5,g,0,g,0,g,1,g,1,g
655,doubledaves pizzaworks,big dave whole wheat crust slice,60,g,0,mg,260,g,38,g,5,g,0,g,0,g,3,g,3,g
656,doubledaves pizzaworks,big red fountain,0,g,0,mg,40,g,55,g,0,g,0,g,0,g,0,g,55,g
657,doubledaves pizzaworks,black olives big dave,15,g,0,mg,120,g,1,g,0,g,0,g,0,g,0,g,0,g
658,doubledaves pizzaworks,black olives large,10,g,0,mg,95,g,1,g,0,g,0,g,0,g,0,g,0,g
659,doubledaves pizzaworks,black olives medium,10,g,0,mg,80,g,1,g,0,g,0,g,0,g,0,g,0,g
660,doubledaves pizzaworks,black olives small,10,g,0,mg,70,g,1,g,0,g,0,g,0,g,0,g,0,g
661,doubledaves pizzaworks,bone in wings hot,130,g,130,mg,1820,g,3,g,20,g,0,g,0,g,1,g,1,g
662,doubledaves pizzaworks,bone in wings mild,130,g,110,mg,550,g,1,g,20,g,0,g,0,g,0,g,0,g
663,doubledaves pizzaworks,boneless wings hot,110,g,40,mg,1840,g,16,g,18,g,0,g,0,g,2,g,1,g
664,doubledaves pizzaworks,boneless wings mild,110,g,40,mg,1840,g,16,g,18,g,0,g,0,g,2,g,1,g
665,doubledaves pizzaworks,boneless wings naked,110,g,40,mg,570,g,14,g,18,g,0,g,0,g,1,g,0,g
666,doubledaves pizzaworks,breadstyxz,100,g,5,mg,300,g,31,g,6,g,0,g,0,g,1,g,1,g
667,doubledaves pizzaworks,buffalo chicken pizza big dave handtossed slice,150,g,35,mg,980,g,59,g,17,g,0,g,0,g,1,g,4,g
668,doubledaves pizzaworks,buffalo chicken pizza big dave thin slice,140,g,35,mg,870,g,40,g,14,g,0,g,0,g,1,g,2,g
669,doubledaves pizzaworks,buffalo chicken pizza big dave whole wheat slice,140,g,35,mg,900,g,41,g,14,g,0,g,0,g,3,g,4,g
670,doubledaves pizzaworks,buffalo chicken pizza large deep dish slice,160,g,25,mg,880,g,59,g,16,g,0,g,0,g,2,g,2,g
671,doubledaves pizzaworks,buffalo chicken pizza large handtossed slice,100,g,25,mg,780,g,43,g,13,g,0,g,0,g,1,g,2,g
672,doubledaves pizzaworks,buffalo chicken pizza large thin slice,100,g,25,mg,700,g,30,g,11,g,0,g,0,g,1,g,1,g
673,doubledaves pizzaworks,buffalo chicken pizza large whole wheat slice,100,g,25,mg,720,g,300,g,11,g,0,g,0,g,2,g,2,g
674,doubledaves pizzaworks,buffalo chicken pizza medium deep dish slice,140,g,20,mg,720,g,52,g,15,g,0,g,0,g,1,g,3,g
675,doubledaves pizzaworks,buffalo chicken pizza medium handtossed slice,90,g,20,mg,620,g,33,g,11,g,0,g,0,g,1,g,2,g
676,doubledaves pizzaworks,buffalo chicken pizza medium thin slice,80,g,20,mg,540,g,20,g,9,g,0,g,0,g,1,g,1,g
677,doubledaves pizzaworks,buffalo chicken pizza medium whole wheat slice,90,g,20,mg,570,g,23,g,9,g,0,g,0,g,2,g,2,g
678,doubledaves pizzaworks,buffalo chicken pizza small handtossed slice,80,g,15,mg,550,g,31,g,9,g,0,g,0,g,1,g,1,g
679,doubledaves pizzaworks,buffalo chicken pizza small thin slice,70,g,15,mg,450,g,16,g,7,g,0,g,0,g,1,g,1,g
680,doubledaves pizzaworks,buffalo chicken pizza small whole wheat slice,80,g,15,mg,500,g,22,g,8,g,0,g,0,g,1,g,1,g
681,doubledaves pizzaworks,buffalo chicken sandwich,370,g,75,mg,2720,g,68,g,39,g,0,g,0,g,4,g,3,g
682,doubledaves pizzaworks,caesar salad large,250,g,10,mg,630,g,13,g,7,g,0,g,0,g,6,g,1,g
683,doubledaves pizzaworks,caesar salad small,240,g,5,mg,540,g,10,g,4,g,0,g,0,g,3,g,1,g
684,doubledaves pizzaworks,cheddar big dave,15,g,5,mg,45,g,0,g,2,g,0,g,0,g,0,g,0,g
685,doubledaves pizzaworks,cheddar large,10,g,5,mg,30,g,0,g,1,g,0,g,0,g,0,g,0,g
686,doubledaves pizzaworks,cheddar medium,10,g,5,mg,20,g,0,g,1,g,0,g,0,g,0,g,0,g
687,doubledaves pizzaworks,cheddar small,5,g,5,mg,15,g,0,g,1,g,0,g,0,g,0,g,0,g
688,doubledaves pizzaworks,chee z roll,220,g,70,mg,1110,g,52,g,35,g,0,g,0,g,2,g,2,g
689,doubledaves pizzaworks,cheesestyxz,120,g,10,mg,380,g,31,g,8,g,0,g,0,g,1,g,1,g
690,doubledaves pizzaworks,chef salad,210,g,470,mg,560,g,9,g,24,g,0,g,0,g,7,g,3,g
691,doubledaves pizzaworks,cherry strudel,30,g,0,mg,130,g,27,g,3,g,0,g,0,g,1,g,3,g
692,doubledaves pizzaworks,chicken cheesesteak stromboli large,170,g,30,mg,830,g,46,g,15,g,0,g,0,g,2,g,2,g
693,doubledaves pizzaworks,chicken cheesesteak stromboli medium,150,g,25,mg,700,g,45,g,14,g,0,g,0,g,2,g,2,g
694,doubledaves pizzaworks,chicken cordon bleu sandwich,450,g,125,mg,2740,g,69,g,40,g,0,g,0,g,3,g,3,g
695,doubledaves pizzaworks,chicken big dave,0,g,5,mg,170,g,0,g,3,g,0,g,0,g,0,g,0,g
696,doubledaves pizzaworks,chicken large,0,g,5,mg,130,g,0,g,2,g,0,g,0,g,0,g,0,g
697,doubledaves pizzaworks,chicken medium,0,g,5,mg,110,g,0,g,2,g,0,g,0,g,0,g,0,g
698,doubledaves pizzaworks,chicken small,0,g,5,mg,95,g,0,g,1,g,0,g,0,g,0,g,0,g
699,doubledaves pizzaworks,chocolate chip pizza,80,g,0,mg,150,g,21,g,1,g,0,g,0,g,0,g,9,g
700,doubledaves pizzaworks,cinnamonstyxz,60,g,0,mg,170,g,37,g,4,g,0,g,0,g,1,g,13,g
701,doubledaves pizzaworks,crushed garlic big dave,0,g,0,mg,0,g,0,g,0,g,0,g,0,g,0,g,0,g
702,doubledaves pizzaworks,crushed garlic large,0,g,0,mg,0,g,0,g,0,g,0,g,0,g,0,g,0,g
703,doubledaves pizzaworks,daves fave meat pizza big dave handtossed slice,280,g,45,mg,880,g,60,g,19,g,0,g,0,g,2,g,4,g
704,doubledaves pizzaworks,daves fave meat pizza big dave thin slice,280,g,45,mg,770,g,40,g,16,g,0,g,0,g,2,g,2,g
705,doubledaves pizzaworks,daves fave meat pizza big dave whole wheat slice,280,g,45,mg,800,g,42,g,16,g,0,g,0,g,4,g,4,g
706,doubledaves pizzaworks,daves fave meat pizza large deep dish slice,250,g,35,mg,770,g,60,g,18,g,0,g,0,g,3,g,2,g
707,doubledaves pizzaworks,daves fave meat pizza large handtossed slice,190,g,35,mg,670,g,44,g,15,g,0,g,0,g,2,g,2,g
708,doubledaves pizzaworks,daves fave meat pizza large thin slice,190,g,35,mg,590,g,31,g,13,g,0,g,0,g,2,g,1,g
709,doubledaves pizzaworks,daves fave meat pizza large whole wheat slice,190,g,35,mg,610,g,31,g,13,g,0,g,0,g,3,g,2,g
710,doubledaves pizzaworks,daves fave meat pizza medium deep dish slice,200,g,30,mg,640,g,54,g,17,g,0,g,0,g,1,g,3,g
711,doubledaves pizzaworks,daves fave meat pizza medium handtossed slice,150,g,30,mg,540,g,35,g,13,g,0,g,0,g,1,g,2,g
712,doubledaves pizzaworks,daves fave meat pizza medium thin slice,140,g,30,mg,450,g,22,g,11,g,0,g,0,g,1,g,1,g
713,doubledaves pizzaworks,daves fave meat pizza medium whole wheat slice,150,g,30,mg,490,g,25,g,11,g,0,g,0,g,2,g,2,g
714,doubledaves pizzaworks,daves fave meat pizza small handtossed slice,120,g,25,mg,450,g,31,g,9,g,0,g,0,g,1,g,1,g
715,doubledaves pizzaworks,daves fave meat pizza small thin slice,110,g,25,mg,350,g,16,g,7,g,0,g,0,g,1,g,1,g
716,doubledaves pizzaworks,daves fave meat pizza small whole wheat slice,120,g,25,mg,400,g,22,g,8,g,0,g,0,g,1,g,1,g
717,doubledaves pizzaworks,daves fave veggie pizza big dave handtossed slice,210,g,25,mg,610,g,59,g,15,g,0,g,0,g,2,g,4,g
718,doubledaves pizzaworks,daves fave veggie pizza big dave thin slice,210,g,25,mg,500,g,40,g,12,g,0,g,0,g,2,g,2,g
719,doubledaves pizzaworks,daves fave veggie pizza big dave whole wheat slice,210,g,25,mg,430,g,41,g,12,g,0,g,0,g,4,g,4,g
720,doubledaves pizzaworks,daves fave veggie pizza large deep dish slice,200,g,20,mg,560,g,60,g,14,g,0,g,0,g,3,g,3,g
721,doubledaves pizzaworks,daves fave veggie pizza large handtossed slice,140,g,20,mg,460,g,44,g,11,g,0,g,0,g,2,g,2,g
722,doubledaves pizzaworks,daves fave veggie pizza large thin slice,140,g,20,mg,380,g,31,g,9,g,0,g,0,g,2,g,1,g
723,doubledaves pizzaworks,daves fave veggie pizza large whole wheat slice,140,g,20,mg,400,g,31,g,9,g,0,g,0,g,3,g,2,g
724,doubledaves pizzaworks,daves fave veggie pizza medium deep dish slice,160,g,15,mg,470,g,54,g,13,g,0,g,0,g,1,g,3,g
725,doubledaves pizzaworks,daves fave veggie pizza medium handtossed slice,110,g,15,mg,370,g,35,g,9,g,0,g,0,g,1,g,2,g
726,doubledaves pizzaworks,daves fave veggie pizza medium thin slice,100,g,15,mg,280,g,22,g,7,g,0,g,0,g,1,g,1,g
727,doubledaves pizzaworks,daves fave veggie pizza medium whole wheat slice,110,g,15,mg,320,g,25,g,7,g,0,g,0,g,2,g,2,g
728,doubledaves pizzaworks,daves fave veggie pizza small handtossed slice,90,g,15,mg,340,g,31,g,7,g,0,g,0,g,1,g,1,g
729,doubledaves pizzaworks,daves fave veggie pizza small thin slice,80,g,15,mg,240,g,16,g,5,g,0,g,0,g,1,g,1,g
730,doubledaves pizzaworks,daves fave veggie pizza small whole wheat slice,90,g,15,mg,290,g,22,g,6,g,0,g,0,g,1,g,1,g
731,doubledaves pizzaworks,diet dr pepper fountain,0,g,0,mg,80,g,0,g,0,g,0,g,0,g,0,g,0,g
732,doubledaves pizzaworks,diet dr pepper 12 oz,0,g,0,mg,70,g,0,g,0,g,0,g,0,g,0,g,0,g
733,doubledaves pizzaworks,diet dr pepper 20 oz,0,g,0,mg,100,g,0,g,0,g,0,g,0,g,0,g,0,g
734,doubledaves pizzaworks,diet pepsi fountain,0,g,0,mg,80,g,0,g,0,g,0,g,0,g,0,g,0,g
735,doubledaves pizzaworks,diet pepsi 12 oz,0,g,0,mg,35,g,0,g,0,g,0,g,0,g,0,g,0,g
736,doubledaves pizzaworks,diet pepsi 20 oz,0,g,0,mg,60,g,0,g,0,g,0,g,0,g,0,g,0,g
737,doubledaves pizzaworks,dr pepper fountain,0,g,0,mg,50,g,44,g,0,g,0,g,0,g,0,g,43,g
738,doubledaves pizzaworks,dr pepper 12 oz,0,g,0,mg,45,g,39,g,0,g,0,g,0,g,0,g,38,g
739,doubledaves pizzaworks,dr pepper 20 oz,0,g,0,mg,100,g,66,g,0,g,0,g,0,g,0,g,65,g
740,doubledaves pizzaworks,feta big dave,25,g,10,mg,230,g,1,g,4,g,0,g,0,g,0,g,0,g
741,doubledaves pizzaworks,feta large,20,g,10,mg,180,g,1,g,3,g,0,g,0,g,0,g,0,g
742,doubledaves pizzaworks,feta medium,15,g,5,mg,150,g,1,g,3,g,0,g,0,g,0,g,0,g
743,doubledaves pizzaworks,feta small,10,g,5,mg,100,g,0,g,2,g,0,g,0,g,0,g,0,g
744,doubledaves pizzaworks,garden salad large,70,g,20,mg,1030,g,33,g,12,g,0,g,0,g,9,g,4,g
745,doubledaves pizzaworks,garden salad small,30,g,10,mg,750,g,16,g,6,g,0,g,0,g,4,g,2,g
746,doubledaves pizzaworks,garlic spinach stromboli large,120,g,20,mg,590,g,46,g,11,g,0,g,0,g,2,g,2,g
747,doubledaves pizzaworks,garlic spinach stromboli medium,150,g,15,mg,540,g,45,g,11,g,0,g,0,g,2,g,2,g
748,doubledaves pizzaworks,garlic spinach big dave,0,g,0,mg,30,g,1,g,0,g,0,g,0,g,0,g,0,g
749,doubledaves pizzaworks,garlic spinach large,0,g,0,mg,25,g,1,g,0,g,0,g,0,g,0,g,0,g
750,doubledaves pizzaworks,garlic spinach medium,0,g,0,mg,20,g,1,g,0,g,0,g,0,g,0,g,0,g
751,doubledaves pizzaworks,garlic spinach small,0,g,0,mg,20,g,1,g,0,g,0,g,0,g,0,g,0,g
752,doubledaves pizzaworks,greek salad,320,g,110,mg,3410,g,26,g,50,g,0,g,0,g,8,g,7,g
753,doubledaves pizzaworks,green olives big dave,20,g,0,mg,330,g,0,g,0,g,0,g,0,g,0,g,0,g
754,doubledaves pizzaworks,green olives large,15,g,0,mg,260,g,0,g,0,g,0,g,0,g,0,g,0,g
755,doubledaves pizzaworks,green olives medium,10,g,0,mg,220,g,0,g,0,g,0,g,0,g,0,g,0,g
756,doubledaves pizzaworks,green olives small,10,g,0,mg,190,g,0,g,0,g,0,g,0,g,0,g,0,g
757,doubledaves pizzaworks,ham and cheese stromboli large,190,g,30,mg,740,g,46,g,14,g,0,g,0,g,2,g,2,g
758,doubledaves pizzaworks,ham and cheese stromboli medium,180,g,30,mg,700,g,45,g,12,g,0,g,0,g,2,g,2,g
759,doubledaves pizzaworks,ham big dave,10,g,5,mg,95,g,0,g,1,g,0,g,0,g,0,g,0,g
760,doubledaves pizzaworks,ham large,10,g,5,mg,75,g,0,g,1,g,0,g,0,g,0,g,0,g
761,doubledaves pizzaworks,ham medium,10,g,5,mg,60,g,0,g,1,g,0,g,0,g,0,g,0,g
762,doubledaves pizzaworks,ham small,5,g,5,mg,50,g,0,g,1,g,0,g,0,g,0,g,0,g
763,doubledaves pizzaworks,italian salad,110,g,20,mg,1890,g,16,g,11,g,0,g,0,g,7,g,2,g
764,doubledaves pizzaworks,jalapenos big dave,0,g,0,mg,270,g,1,g,0,g,0,g,0,g,0,g,0,g
765,doubledaves pizzaworks,jalapenos large,0,g,0,mg,210,g,1,g,0,g,0,g,0,g,0,g,0,g
766,doubledaves pizzaworks,jalapenos medium,0,g,0,mg,170,g,1,g,0,g,0,g,0,g,0,g,0,g
767,doubledaves pizzaworks,jalapenos small,0,g,0,mg,150,g,1,g,0,g,0,g,0,g,0,g,0,g
768,doubledaves pizzaworks,large deep dish crust slice,110,g,0,mg,350,g,57,g,9,g,0,g,0,g,2,g,2,g
769,doubledaves pizzaworks,large handtossed crust slice,45,g,0,mg,250,g,41,g,6,g,0,g,0,g,1,g,2,g
770,doubledaves pizzaworks,large thin crust slice,45,g,0,mg,170,g,28,g,4,g,0,g,0,g,1,g,1,g
771,doubledaves pizzaworks,large whole wheat crust slice,45,g,0,mg,190,g,28,g,4,g,0,g,0,g,2,g,2,g
772,doubledaves pizzaworks,lipton sweet tea fountain,0,g,0,mg,0,g,24,g,0,g,0,g,0,g,0,g,24,g
773,doubledaves pizzaworks,margherita pizza big dave handtossed slice,200,g,20,mg,540,g,59,g,13,g,0,g,0,g,2,g,4,g
774,doubledaves pizzaworks,margherita pizza big dave thin slice,150,g,20,mg,430,g,40,g,10,g,0,g,0,g,2,g,2,g
775,doubledaves pizzaworks,margherita pizza big dave whole wheat slice,190,g,20,mg,460,g,41,g,10,g,0,g,0,g,4,g,4,g
776,doubledaves pizzaworks,margherita pizza large deep dish slice,200,g,15,mg,500,g,60,g,14,g,0,g,0,g,3,g,3,g
777,doubledaves pizzaworks,margherita pizza large handtossed slice,130,g,15,mg,400,g,44,g,11,g,0,g,0,g,2,g,3,g
778,doubledaves pizzaworks,margherita pizza large thin slice,130,g,15,mg,320,g,31,g,9,g,0,g,0,g,2,g,2,g
779,doubledaves pizzaworks,margherita pizza large whole wheat slice,130,g,15,mg,340,g,31,g,9,g,0,g,0,g,3,g,3,g
780,doubledaves pizzaworks,margherita pizza medium deep dish slice,150,g,15,mg,420,g,54,g,12,g,0,g,0,g,1,g,3,g
781,doubledaves pizzaworks,margherita pizza medium handtossed slice,100,g,15,mg,320,g,35,g,8,g,0,g,0,g,1,g,2,g
782,doubledaves pizzaworks,margherita pizza medium thin slice,90,g,15,mg,230,g,22,g,6,g,0,g,0,g,1,g,1,g
783,doubledaves pizzaworks,margherita pizza medium whole wheat slice,100,g,15,mg,270,g,25,g,6,g,0,g,0,g,2,g,2,g
784,doubledaves pizzaworks,margherita pizza small handtossed slice,80,g,10,mg,300,g,31,g,6,g,0,g,0,g,1,g,1,g
785,doubledaves pizzaworks,margherita pizza small thin slice,70,g,10,mg,200,g,16,g,4,g,0,g,0,g,1,g,1,g
786,doubledaves pizzaworks,margherita pizza small whole wheat slice,80,g,10,mg,260,g,22,g,5,g,0,g,0,g,1,g,1,g
787,doubledaves pizzaworks,meatball sandwich,570,g,130,mg,2740,g,79,g,48,g,0,g,0,g,8,g,5,g
788,doubledaves pizzaworks,meatball big dave,25,g,15,mg,160,g,1,g,3,g,0,g,0,g,0,g,0,g
789,doubledaves pizzaworks,meatball large,20,g,10,mg,125,g,1,g,2,g,0,g,0,g,0,g,0,g
790,doubledaves pizzaworks,meatball medium,15,g,10,mg,105,g,1,g,2,g,0,g,0,g,0,g,0,g
791,doubledaves pizzaworks,meatball small,15,g,5,mg,90,g,1,g,1,g,0,g,0,g,0,g,0,g
792,doubledaves pizzaworks,meateater pizza big dave handtossed slice,190,g,50,mg,880,g,58,g,19,g,0,g,0,g,1,g,3,g
793,doubledaves pizzaworks,meateater pizza big dave thin slice,180,g,50,mg,770,g,39,g,16,g,0,g,0,g,1,g,1,g
794,doubledaves pizzaworks,meateater pizza big dave whole wheat slice,180,g,50,mg,800,g,40,g,16,g,0,g,0,g,3,g,3,g
795,doubledaves pizzaworks,meateater pizza large deep dish slice,200,g,35,mg,910,g,59,g,18,g,0,g,0,g,3,g,2,g
796,doubledaves pizzaworks,meateater pizza large handtossed slice,140,g,35,mg,810,g,43,g,15,g,0,g,0,g,2,g,2,g
797,doubledaves pizzaworks,meateater pizza large thin slice,140,g,35,mg,730,g,30,g,13,g,0,g,0,g,2,g,1,g
798,doubledaves pizzaworks,meateater pizza large whole wheat slice,140,g,35,mg,750,g,30,g,13,g,0,g,0,g,3,g,2,g
799,doubledaves pizzaworks,meateater pizza medium deep dish slice,160,g,30,mg,650,g,52,g,15,g,0,g,0,g,1,g,3,g
800,doubledaves pizzaworks,meateater pizza medium handtossed slice,110,g,30,mg,530,g,30,g,10,g,0,g,0,g,1,g,1,g
801,doubledaves pizzaworks,meateater pizza medium thin slice,100,g,30,mg,460,g,20,g,9,g,0,g,0,g,1,g,1,g
802,doubledaves pizzaworks,meateater pizza medium whole wheat slice,110,g,30,mg,500,g,23,g,9,g,0,g,0,g,2,g,2,g
803,doubledaves pizzaworks,meateater pizza small handtossed slice,100,g,25,mg,480,g,31,g,9,g,0,g,0,g,1,g,1,g
804,doubledaves pizzaworks,meateater pizza small thin slice,90,g,25,mg,380,g,16,g,7,g,0,g,0,g,1,g,1,g
805,doubledaves pizzaworks,meateater pizza small whole wheat slice,100,g,25,mg,430,g,22,g,8,g,0,g,0,g,1,g,1,g
806,doubledaves pizzaworks,medium deep dish crust slice,90,g,0,mg,300,g,51,g,9,g,0,g,0,g,1,g,3,g
807,doubledaves pizzaworks,medium handtossed crust slice,40,g,0,mg,200,g,32,g,5,g,0,g,0,g,1,g,2,g
808,doubledaves pizzaworks,medium thin crust slice,30,g,0,mg,115,g,19,g,3,g,0,g,0,g,1,g,1,g
809,doubledaves pizzaworks,medium whole wheat crust slice,40,g,0,mg,150,g,22,g,3,g,0,g,0,g,2,g,2,g
810,doubledaves pizzaworks,mist twst fountain,0,g,0,mg,45,g,56,g,0,g,0,g,0,g,0,g,56,g
811,doubledaves pizzaworks,mist twst 12 oz,0,g,0,mg,35,g,39,g,0,g,0,g,0,g,0,g,39,g
812,doubledaves pizzaworks,mist twst 20 oz,0,g,0,mg,55,g,65,g,0,g,0,g,0,g,0,g,65,g
813,doubledaves pizzaworks,mozzarella big dave,50,g,20,mg,190,g,1,g,4,g,0,g,0,g,0,g,0,g
814,doubledaves pizzaworks,mozzarella large,35,g,15,mg,140,g,1,g,3,g,0,g,0,g,0,g,0,g
815,doubledaves pizzaworks,mozzarella medium,30,g,10,mg,120,g,1,g,2,g,0,g,0,g,0,g,0,g
816,doubledaves pizzaworks,mozzarella small,30,g,10,mg,120,g,1,g,2,g,0,g,0,g,0,g,0,g
817,doubledaves pizzaworks,mtn dew fountain,0,g,0,mg,70,g,61,g,0,g,0,g,0,g,0,g,61,g
818,doubledaves pizzaworks,mtn dew 12 oz,0,g,0,mg,70,g,61,g,0,g,0,g,0,g,0,g,61,g
819,doubledaves pizzaworks,mtn dew 20 oz,0,g,0,mg,105,g,77,g,0,g,0,g,0,g,0,g,77,g
820,doubledaves pizzaworks,mugs root beer fountain,0,g,0,mg,60,g,54,g,0,g,0,g,0,g,0,g,54,g
821,doubledaves pizzaworks,mugs root beer 12 oz,0,g,0,mg,65,g,43,g,0,g,0,g,0,g,0,g,43,g
822,doubledaves pizzaworks,mugs root beer 20 oz,0,g,0,mg,105,g,71,g,0,g,0,g,0,g,0,g,71,g
823,doubledaves pizzaworks,mushrooms big dave,0,g,0,mg,0,g,0,g,0,g,0,g,0,g,0,g,0,g
824,doubledaves pizzaworks,mushrooms large,0,g,0,mg,0,g,0,g,0,g,0,g,0,g,0,g,0,g
825,doubledaves pizzaworks,onions big dave,0,g,0,mg,0,g,1,g,0,g,0,g,0,g,0,g,0,g
826,doubledaves pizzaworks,onions large,0,g,0,mg,0,g,1,g,0,g,0,g,0,g,0,g,0,g
827,doubledaves pizzaworks,orange crush fountain,0,g,0,mg,55,g,49,g,0,g,0,g,0,g,0,g,48,g
828,doubledaves pizzaworks,pepperoni roll,100,g,20,mg,580,g,51,g,14,g,0,g,0,g,1,g,2,g
829,doubledaves pizzaworks,pepperoni big dave,40,g,15,mg,200,g,0,g,3,g,0,g,0,g,0,g,0,g
830,doubledaves pizzaworks,pepperoni large,30,g,10,mg,160,g,0,g,2,g,0,g,0,g,0,g,0,g
831,doubledaves pizzaworks,pepperoni medium,25,g,10,mg,135,g,0,g,2,g,0,g,0,g,0,g,0,g
832,doubledaves pizzaworks,pepperoni small,20,g,5,mg,100,g,0,g,1,g,0,g,0,g,0,g,0,g
833,doubledaves pizzaworks,pepsi fountain,0,g,0,mg,45,g,58,g,0,g,0,g,0,g,0,g,57,g
834,doubledaves pizzaworks,pepsi 12 oz,0,g,0,mg,30,g,41,g,0,g,0,g,0,g,0,g,41,g
835,doubledaves pizzaworks,pepsi 20 oz,0,g,0,mg,55,g,69,g,0,g,0,g,0,g,0,g,69,g
836,doubledaves pizzaworks,philly cheesesteak sandwich,460,g,85,mg,2520,g,71,g,38,g,0,g,0,g,4,g,4,g
837,doubledaves pizzaworks,philly cheesesteak stromboli large,190,g,30,mg,860,g,47,g,14,g,0,g,0,g,2,g,2,g
838,doubledaves pizzaworks,philly cheesesteak stromboli medium,160,g,25,mg,730,g,45,g,12,g,0,g,0,g,2,g,2,g
839,doubledaves pizzaworks,pineapple big dave,0,g,0,mg,0,g,3,g,0,g,0,g,0,g,0,g,3,g
840,doubledaves pizzaworks,pineapple large,0,g,0,mg,0,g,2,g,0,g,0,g,0,g,0,g,2,g
841,doubledaves pizzaworks,pineapple medium,0,g,0,mg,0,g,2,g,0,g,0,g,0,g,0,g,2,g
842,doubledaves pizzaworks,pineapple small,0,g,0,mg,0,g,1,g,0,g,0,g,0,g,0,g,1,g
843,doubledaves pizzaworks,provolone big dave,15,g,5,mg,45,g,0,g,1,g,0,g,0,g,0,g,0,g
844,doubledaves pizzaworks,provolone large,10,g,5,mg,35,g,0,g,1,g,0,g,0,g,0,g,0,g
845,doubledaves pizzaworks,provolone medium,10,g,5,mg,30,g,0,g,1,g,0,g,0,g,0,g,0,g
846,doubledaves pizzaworks,provolone small,5,g,5,mg,20,g,0,g,1,g,0,g,0,g,0,g,0,g
847,doubledaves pizzaworks,red sauce big dave,0,g,0,mg,30,g,1,g,1,g,0,g,0,g,1,g,1,g
848,doubledaves pizzaworks,red sauce large,0,g,0,mg,25,g,1,g,0,g,0,g,0,g,0,g,1,g
849,doubledaves pizzaworks,red sauce medium,0,g,0,mg,25,g,1,g,0,g,0,g,0,g,0,g,1,g
850,doubledaves pizzaworks,red sauce small,0,g,0,mg,20,g,1,g,0,g,0,g,0,g,0,g,1,g
851,doubledaves pizzaworks,sausage big dave,40,g,5,mg,140,g,1,g,3,g,0,g,0,g,0,g,0,g
852,doubledaves pizzaworks,sausage large,30,g,5,mg,110,g,1,g,2,g,0,g,0,g,0,g,0,g
853,doubledaves pizzaworks,sausage medium,25,g,5,mg,90,g,1,g,2,g,0,g,0,g,0,g,0,g
854,doubledaves pizzaworks,sausage small,20,g,5,mg,80,g,1,g,1,g,0,g,0,g,0,g,0,g
855,doubledaves pizzaworks,seasoned steak big dave,15,g,5,mg,180,g,0,g,3,g,0,g,0,g,0,g,0,g
856,doubledaves pizzaworks,seasoned steak large,10,g,5,mg,135,g,0,g,2,g,0,g,0,g,0,g,0,g
857,doubledaves pizzaworks,seasoned steak medium,10,g,5,mg,110,g,0,g,2,g,0,g,0,g,0,g,0,g
858,doubledaves pizzaworks,seasoned steak small,10,g,5,mg,100,g,0,g,1,g,0,g,0,g,0,g,0,g
859,doubledaves pizzaworks,shredded parmesan big dave,15,g,5,mg,60,g,0,g,2,g,0,g,0,g,0,g,0,g
860,doubledaves pizzaworks,shredded parmesan large,10,g,5,mg,50,g,0,g,2,g,0,g,0,g,0,g,0,g
861,doubledaves pizzaworks,shredded parmesan medium,10,g,5,mg,40,g,0,g,1,g,0,g,0,g,0,g,0,g
862,doubledaves pizzaworks,shredded parmesan small,5,g,5,mg,25,g,0,g,1,g,0,g,0,g,0,g,0,g
863,doubledaves pizzaworks,small handtossed crust slice,35,g,0,mg,180,g,29,g,4,g,0,g,0,g,1,g,1,g
864,doubledaves pizzaworks,small thin crust slice,23,g,0,mg,85,g,14,g,2,g,0,g,0,g,0,g,0,g
865,doubledaves pizzaworks,small whole wheat crust slice,35,g,0,mg,135,g,20,g,3,g,0,g,0,g,1,g,1,g
866,doubledaves pizzaworks,tropicana lemonade fountain,0,g,0,mg,55,g,49,g,0,g,0,g,0,g,0,g,48,g
867,doubledaves pizzaworks,veggie pizza big dave handtossed slice,130,g,25,mg,750,g,59,g,15,g,0,g,0,g,2,g,4,g
868,doubledaves pizzaworks,veggie pizza big dave thin slice,130,g,25,mg,640,g,40,g,12,g,0,g,0,g,2,g,2,g
869,doubledaves pizzaworks,veggie pizza big dave whole wheat slice,130,g,25,mg,670,g,41,g,12,g,0,g,0,g,4,g,4,g
870,doubledaves pizzaworks,veggie pizza large deep dish slice,160,g,20,mg,680,g,60,g,14,g,0,g,0,g,3,g,3,g
871,doubledaves pizzaworks,veggie pizza large handtossed slice,100,g,20,mg,580,g,44,g,11,g,0,g,0,g,2,g,3,g
872,doubledaves pizzaworks,veggie pizza large thin slice,100,g,20,mg,500,g,31,g,9,g,0,g,0,g,2,g,2,g
873,doubledaves pizzaworks,veggie pizza large whole wheat slice,100,g,20,mg,520,g,31,g,9,g,0,g,0,g,3,g,3,g
874,doubledaves pizzaworks,veggie pizza medium deep dish slice,130,g,15,mg,550,g,54,g,13,g,0,g,0,g,1,g,4,g
875,doubledaves pizzaworks,veggie pizza medium handtossed slice,80,g,15,mg,450,g,35,g,9,g,0,g,0,g,1,g,3,g
876,doubledaves pizzaworks,veggie pizza medium thin slice,70,g,15,mg,360,g,22,g,7,g,0,g,0,g,1,g,2,g
877,doubledaves pizzaworks,veggie pizza medium whole wheat slice,80,g,15,mg,400,g,25,g,7,g,0,g,0,g,2,g,3,g
878,doubledaves pizzaworks,veggie pizza small handtossed slice,80,g,15,mg,400,g,31,g,7,g,0,g,0,g,1,g,1,g
879,doubledaves pizzaworks,veggie pizza small thin slice,70,g,15,mg,310,g,16,g,5,g,0,g,0,g,1,g,1,g
880,doubledaves pizzaworks,veggie pizza small whole wheat slice,80,g,15,mg,360,g,22,g,6,g,0,g,0,g,1,g,1,g
881,doubledaves pizzaworks,white american big dave,10,g,5,mg,65,g,0,g,1,g,0,g,0,g,0,g,0,g
882,doubledaves pizzaworks,white american large,10,g,5,mg,65,g,0,g,1,g,0,g,0,g,0,g,0,g
883,doubledaves pizzaworks,white american medium,10,g,5,mg,50,g,0,g,1,g,0,g,0,g,0,g,0,g
884,doubledaves pizzaworks,white american small,5,g,5,mg,35,g,0,g,0,g,0,g,0,g,0,g,0,g
885,doubledaves pizzaworks,works pizza big dave handtossed slice,170,g,40,mg,780,g,59,g,17,g,0,g,0,g,2,g,4,g
886,doubledaves pizzaworks,works pizza big dave thin slice,170,g,40,mg,670,g,40,g,14,g,0,g,0,g,2,g,2,g
887,doubledaves pizzaworks,works pizza big dave whole wheat slice,170,g,40,mg,700,g,41,g,14,g,0,g,0,g,4,g,4,g
888,doubledaves pizzaworks,works pizza large deep dish slice,190,g,30,mg,710,g,60,g,16,g,0,g,0,g,3,g,3,g
889,doubledaves pizzaworks,works pizza large handtossed slice,130,g,30,mg,610,g,44,g,13,g,0,g,0,g,2,g,3,g
890,doubledaves pizzaworks,works pizza large thin slice,130,g,30,mg,530,g,31,g,11,g,0,g,0,g,2,g,2,g
891,doubledaves pizzaworks,works pizza large whole wheat slice,130,g,30,mg,550,g,31,g,11,g,0,g,0,g,3,g,3,g
892,doubledaves pizzaworks,works pizza medium deep dish slice,150,g,25,mg,590,g,52,g,15,g,0,g,0,g,1,g,3,g
893,doubledaves pizzaworks,works pizza medium handtossed slice,100,g,25,mg,490,g,33,g,11,g,0,g,0,g,1,g,2,g
894,doubledaves pizzaworks,works pizza medium thin slice,90,g,25,mg,400,g,20,g,9,g,0,g,0,g,1,g,1,g
895,doubledaves pizzaworks,works pizza medium whole wheat slice,100,g,25,mg,440,g,23,g,9,g,0,g,0,g,2,g,2,g
896,doubledaves pizzaworks,works pizza small handtossed slice,90,g,20,mg,420,g,31,g,9,g,0,g,0,g,1,g,1,g
897,doubledaves pizzaworks,works pizza small thin slice,80,g,15,mg,320,g,16,g,7,g,0,g,0,g,1,g,1,g
898,doubledaves pizzaworks,works pizza small whole wheat slice,90,g,15,mg,370,g,22,g,8,g,0,g,0,g,1,g,1,g
899,dunkin donuts,blue raspberry energy punch,0,g,0,mg,460,g,102,g,0,g,0,g,0,g,0,g,96,g
900,dunkin donuts,strawberry energy punch drink,0,g,0,mg,420,g,106,g,0,g,0,g,0,g,1,g,96,g
901,dunkin donuts,everything bagel,3,g,0,mg,630,g,67,g,12,g,0.5,g,0,g,5,g,8,g
902,dunkin donuts,plain bagel,1,g,0,mg,620,g,64,g,11,g,0,g,0,g,4,g,7,g
903,dunkin donuts,multigrain bagel,8,g,0,mg,550,g,63,g,15,g,1,g,0,g,8,g,8,g
904,dunkin donuts,cinnamon raisin bagel,1,g,0,mg,510,g,67,g,11,g,0,g,0,g,4,g,13,g
905,dunkin donuts,sesame seed bagel,5,g,0,mg,630,g,64,g,12,g,1,g,0,g,5,g,7,g
906,dunkin donuts,kosher egg and cheese wake up wrap,10,g,95,mg,410,g,14,g,7,g,4,g,0,g,0,g,1,g
907,dunkin donuts,kosher veggie bacon wake up wrap,12,g,95,mg,520,g,15,g,8,g,4.5,g,0,g,0,g,1,g
908,dunkin donuts,kosher veggie bacon wake up wrap,12,g,95,mg,520,g,15,g,8,g,4.5,g,0,g,0,g,1,g
909,dunkin donuts,kosher beyond sausage wake up wrap,17,g,105,mg,500,g,15,g,15,g,8,g,0,g,1,g,1,g
910,dunkin donuts,kosher veggie sausage wake up wrap,11,g,95,mg,540,g,16,g,11,g,4,g,0,g,1,g,1,g
911,dunkin donuts,butter packet,4,g,10,mg,30,g,0,g,0,g,2.5,g,0,g,0,g,0,g
912,dunkin donuts,classic plain cream cheese spread,12,g,40,mg,200,g,3,g,2,g,8,g,0,g,0,g,3,g
913,dunkin donuts,strawberry cream cheese spread,10,g,30,mg,100,g,9,g,2,g,6,g,0,g,0,g,8,g
914,dunkin donuts,garden veggie cream cheese spread,10,g,35,mg,200,g,2,g,2,g,6,g,0,g,0,g,1,g
915,dunkin donuts,butter spread with canola oil,11,g,15,mg,85,g,0,g,0,g,4,g,0,g,0,g,0,g
916,dunkin donuts,blueberry muffin,15,g,60,mg,390,g,77,g,6,g,3,g,0,g,1,g,44,g
917,dunkin donuts,coffee roll,19,g,0,mg,440,g,48,g,7,g,8,g,0,g,2,g,17,g
918,dunkin donuts,apple fritter,28,g,0,mg,470,g,57,g,6,g,12,g,0,g,2,g,24,g
919,dunkin donuts,plain croissant,19,g,0,mg,250,g,37,g,6,g,8,g,0,g,1,g,5,g
920,dunkin donuts,corn muffin,16,g,70,mg,670,g,73,g,7,g,3,g,0,g,1,g,30,g
921,dunkin donuts,coffee cake muffin,24,g,65,mg,370,g,88,g,7,g,8,g,0,g,2,g,51,g
922,dunkin donuts,chocolate chip muffin,21,g,65,mg,400,g,85,g,7,g,6,g,0,g,2,g,49,g
923,dunkin donuts,plain stick donut,30,g,20,mg,390,g,31,g,4,g,14,g,0,g,1,g,10,g
924,dunkin donuts,eclair,16,g,0,mg,470,g,50,g,6,g,6,g,0,g,2,g,23,g
925,dunkin donuts,english muffin,2,g,0,mg,270,g,35,g,6,g,0,g,0,g,1,g,3,g
926,dunkin donuts,glazed chocolate stick,25,g,0,mg,480,g,42,g,4,g,10,g,0,g,2,g,20,g
927,dunkin donuts,cinnamon stick,30,g,20,mg,390,g,34,g,4,g,14,g,0,g,1,g,13,g
928,dunkin donuts,multigrain thin,4,g,0,mg,220,g,24,g,6,g,0.5,g,0,g,4,g,3,g
929,dunkin donuts,biscuit,14,g,10,mg,640,g,32,g,5,g,9,g,0,g,1,g,2,g
930,dunkin donuts,caramel swirl iced coffee with cream,6,g,20,mg,65,g,27,g,3,g,3,g,0,g,0,g,26,g
931,dunkin donuts,iced coffee with almond milk,0.3,g,0,mg,33,g,2.7,g,0.7,g,0,g,0,g,0,g,2,g
932,dunkin donuts,french vanilla swirl iced coffee,0,g,0,mg,40,g,26,g,2,g,0,g,0,g,0,g,24,g
933,dunkin donuts,mocha swirl iced coffee,0,g,0,mg,25,g,25,g,1,g,0,g,0,g,1,g,23,g
934,dunkin donuts,iced caramel swirl latte with skim milk,0,g,7,mg,127,g,35.3,g,7.3,g,0,g,0,g,0,g,34.6,g
935,dunkin donuts,iced latte with whole milk,6,g,20,mg,90,g,9,g,6,g,3.5,g,0,g,0,g,9,g
936,dunkin donuts,strawberry coolatta,0,g,0,mg,10,g,57.4,g,0,g,0,g,0,g,0.7,g,55.4,g
937,dunkin donuts,iced caramel swirl macchiato with skim milk,0,g,3,mg,100,g,32.6,g,5.3,g,0,g,0,g,0,g,31.3,g
938,dunkin donuts,iced coffee with cream,6,g,20,mg,30,g,1,g,1,g,3,g,0,g,0,g,1,g
939,dunkin donuts,iced french vanilla swirl latte with skim milk,0,g,7,mg,120,g,35.3,g,7.3,g,0,g,0,g,0,g,33.3,g
940,dunkin donuts,blue raspberry coolatta,0,g,0,mg,30,g,56.1,g,0,g,0,g,0,g,0,g,55.4,g
941,dunkin donuts,french vanilla swirl hot coffee without added milk or sugar,0,g,0,mg,35,g,26,g,2,g,0,g,0,g,0,g,24,g
942,dunkin donuts,iced caramel swirl macchiato with whole milk,4,g,13,mg,100,g,32.6,g,5.3,g,2.3,g,0,g,0,g,31.3,g
943,dunkin donuts,frozen chocolate small,11,g,25,mg,170,g,94,g,5,g,8,g,0,g,2,g,84,g
944,dunkin donuts,vanilla bean coolatta,3,g,10,mg,160,g,86.1,g,4.7,g,1.7,g,0,g,0,g,83.5,g
945,dunkin donuts,iced mocha swirl latte with whole milk,6,g,20,mg,110,g,35,g,7,g,3.5,g,0,g,1,g,32,g
946,dunkin donuts,iced sweet tea,0,g,0,mg,13,g,17.3,g,0,g,0,g,0,g,0,g,16.7,g
947,dunkin donuts,vanilla chai,9.6,g,8,mg,168,g,59.2,g,11.2,g,8,g,0,g,0,g,52.8,g
948,dunkin donuts,almond milk iced matcha latte large,3.5,g,0,mg,240,g,48,g,3,g,0,g,0,g,3,g,44,g
949,dunkin donuts,iced caramel craze latte with whole milk large,530,g,1,mg,60,g,250,g,51,g,17,g,10,g,79,g,0,g
950,dunkin donuts,caramel swirl frozen coffee with cream small,22,g,70,mg,160,g,97,g,6,g,12,g,0.5,g,0,g,92,g
951,dunkin donuts,hazelnut swirl hot coffee with cream,6,g,20,mg,55,g,27,g,2,g,3,g,0,g,0,g,25,g
952,dunkin donuts,iced macchiato with whole milk,4,g,13,mg,70,g,6.7,g,4,g,2.3,g,0,g,0,g,6,g
953,dunkin donuts,french vanilla swirl iced coffee with cream,6,g,20,mg,60,g,26,g,2,g,3,g,0,g,0,g,25,g
954,dunkin donuts,caramel craze hot latte with whole milk medium,14,g,45,mg,190,g,60.9,g,11,g,8,g,0,g,0,g,56.9,g
955,dunkin donuts,cold brew coffee with cream and sugar,6,g,20,mg,30,g,18,g,1,g,3,g,0,g,0,g,18,g
956,dunkin donuts,caramel swirl hot coffee with cream small and medium,5.6,g,19,mg,56,g,25,g,2.5,g,2.8,g,0,g,0,g,25,g
957,dunkin donuts,french vanilla swirl latte with skim milk,0,g,5,mg,115,g,37,g,8,g,0,g,0,g,0,g,36,g
958,dunkin donuts,iced latte with skim milk,0,g,3,mg,90,g,10,g,6,g,0,g,0,g,0,g,9.3,g
959,dunkin donuts,iced green tea sweetened,0,g,0,mg,7,g,16.7,g,0.7,g,0,g,0,g,0,g,16.7,g
960,dunkin donuts,french vanilla swirl frozen coffee with cream small,22,g,70,mg,150,g,97,g,6,g,12,g,0.5,g,0,g,91,g
961,dunkin donuts,mocha swirl frozen coffee with whole milk small,8,g,25,mg,100,g,98,g,5,g,5,g,0,g,2,g,90,g
962,dunkin donuts,iced green tea unsweetened all sizes,0,g,0,mg,10,g,0,g,1,g,0,g,0,g,0,g,0,g
963,dunkin donuts,iced blueberry matcha latte with skim milk medium,0,g,5,mg,125,g,34,g,11,g,0,g,0,g,1,g,32,g
964,dunkin donuts,iced coffee with whole milk and sugar,1,g,5,mg,25,g,19,g,1,g,0.5,g,0,g,0,g,19,g
965,dunkin donuts,mocha swirl hot coffee with cream,6,g,20,mg,40,g,26,g,2,g,3.5,g,0,g,1,g,24,g
966,dunkin donuts,caramel swirl hot latte with skim milk medium,0,g,10,mg,170,g,53,g,11,g,0,g,0,g,0,g,52,g
967,dunkin donuts,iced hazelnut swirl latte with skim milk,0,g,7,mg,120,g,35.3,g,7.3,g,0,g,0,g,0,g,33.3,g
968,dunkin donuts,cappuccino with whole milk and sugar,4,g,10,mg,60,g,24,g,4,g,2.5,g,0,g,0,g,23,g
969,dunkin donuts,hot macchiato with whole milk,8,g,20,mg,130,g,14,g,8,g,5,g,0,g,0,g,12,g
970,dunkin donuts,hazelnut swirl iced coffee with cream,6,g,20,mg,60,g,27,g,2,g,3,g,0,g,0,g,25,g
971,dunkin donuts,frozen vanilla chai,6.7,g,10,mg,120,g,80.1,g,4.7,g,4.7,g,0,g,0,g,75.4,g
972,dunkin donuts,iced coffee with skim milk and sugar,0,g,0,mg,25,g,19,g,1,g,0,g,0,g,0,g,19,g
973,dunkin donuts,almond milk iced matcha latte small,2,g,0,mg,120,g,24,g,2,g,0,g,0,g,1,g,22,g
974,dunkin donuts,iced caramel swirl iced coffee,0,g,0,mg,45,g,26,g,2,g,0,g,0,g,0,g,26,g
975,dunkin donuts,iced cocoa mocha latte with skim milk large,6,g,25,mg,220,g,78,g,15,g,4,g,0,g,2,g,69,g
976,dunkin donuts,iced caramel craze latte with skim milk large,6,g,30,mg,250,g,79,g,16,g,3.5,g,0,g,0,g,75,g
977,dunkin donuts,iced mocha swirl latte with skim milk,0.7,g,3,mg,107,g,34.6,g,6.7,g,0.3,g,0,g,1.3,g,32,g
978,dunkin donuts,americano coffee,0,g,0,mg,25,g,2,g,0,g,0,g,0,g,0,g,2,g
979,dunkin donuts,iced macchiato with skim milk,0,g,3,mg,67,g,7.3,g,4,g,0,g,0,g,0,g,6,g
980,dunkin donuts,cappuccino with skim milk without sugar,0,g,0,mg,55,g,7,g,4,g,0,g,0,g,0,g,6,g
981,dunkin donuts,cocoa mocha hot latte with skim milk medium,6,g,20,mg,160,g,61,g,11,g,3.5,g,0,g,2,g,53,g
982,dunkin donuts,chocolate extra thick shake,20,g,70,mg,320,g,92,g,19,g,13,g,0.5,g,3,g,85,g
983,dunkin donuts,frozen dunkaccino small,13,g,25,mg,180,g,94,g,5,g,9,g,0,g,2,g,83,g
984,dunkin donuts,almond milk iced matcha latte medium,2.5,g,0,mg,180,g,36,g,3,g,0,g,0,g,2,g,33,g
985,dunkin donuts,hazelnut swirl frozen coffee with cream small,22,g,70,mg,150,g,97,g,6,g,12,g,0.5,g,0,g,91,g
986,dunkin donuts,hot caramel swirl macchiato with skim milk small and large,0,g,5,mg,95,g,33,g,6,g,0,g,0,g,0,g,32,g
987,dunkin donuts,iced mocha swirl macchiato with skim milk,0.7,g,3,mg,83,g,32.6,g,4.7,g,0.3,g,0,g,1.3,g,28.6,g
988,dunkin donuts,iced coffee with cream and sugar,6,g,20,mg,30,g,18,g,1,g,3,g,0,g,0,g,18,g
989,dunkin donuts,hazelnut swirl hot coffee without added milk or sugar,0,g,0,mg,35,g,26,g,2,g,0,g,0,g,0,g,24,g
990,dunkin donuts,vanilla extra thick shake,19,g,70,mg,300,g,54,g,18,g,12,g,0.5,g,1,g,51,g
991,dunkin donuts,hot macchiato with skim milk,0,g,0,mg,65,g,7,g,4,g,0,g,0,g,0,g,6,g
992,dunkin donuts,frozen coffee with cream,17,g,55,mg,100,g,57,g,3,g,9,g,0.5,g,0,g,54,g
993,dunkin donuts,iced french vanilla swirl latte with whole milk,6,g,20,mg,120,g,34.6,g,7.3,g,3.3,g,0,g,0,g,33.3,g
994,dunkin donuts,iced blueberry or raspberry tea unsweetened,0,g,0,mg,15,g,2,g,0,g,0,g,0,g,0,g,0,g
995,dunkin donuts,caramel craze hot latte with skim milk large,6,g,30,mg,240,g,80,g,16,g,3.5,g,0,g,0,g,75,g
996,dunkin donuts,oreo flavored hot chocolate small and medium,5,g,0,mg,238,g,41.3,g,2.5,g,3.8,g,0,g,1.3,g,33.2,g
997,dunkin donuts,espresso hot,0,g,0,mg,5,g,1,g,0,g,0,g,0,g,0,g,1,g
998,dunkin donuts,hot mocha swirl macchiato with whole milk small and large,4.5,g,10,mg,80,g,32,g,5,g,2.5,g,0,g,1,g,29,g
999,dunkin donuts,iced coffee without milk or sugar average all sizes,0,g,0,mg,10,g,0,g,0.7,g,0,g,0,g,0,g,0,g
