,Restaurant Name,Food Name,Total Fat Amount,Total Fat Unit,Cholesterol Amount,Cholesterol Unit,Sodium Amount,Sodium Unit,Total Carbohydrate Amount,Total Carbohydrate Unit,Protein Amount,Protein Unit,Saturated Fat Amount,Saturated Fat Unit,Trans Fat Amount,Trans Fat Unit,Dietary Fiber Amount,Dietary Fiber Unit,Sugars Amount,Sugars Unit
0,daily grill,blackened chicken caesar salad dinner,73,g,210,mg,1660,g,25,g,88,g,15,g,0,g,7,g,3,g
1,daily grill,blackened chicken caesar salad lunch,71,g,130,mg,1340,g,24,g,55,g,15,g,0,g,6,g,3,g
2,daily grill,blackened tilapia dinner,35,g,195,mg,980,g,14,g,48,g,20,g,0,g,4,g,6,g
3,daily grill,blackened tilapia lunch,34,g,165,mg,950,g,14,g,36,g,20,g,0,g,4,g,6,g
4,daily grill,blt,32,g,150,mg,1970,g,77,g,32,g,10,g,0,g,3,g,18,g
5,daily grill,blueberry muffins,10,g,35,mg,430,g,35,g,4,g,2,g,0,g,0,g,15,g
6,daily grill,blueberry pancakes,9,g,85,mg,1300,g,90,g,12,g,1,g,0,g,3,g,29,g
7,daily grill,braised short rib,81,g,210,mg,2640,g,82,g,42,g,36,g,0,g,10,g,14,g
8,daily grill,bran muffins,11,g,25,mg,95,g,25,g,2,g,7,g,0,g,1,g,10,g
9,daily grill,breakfast burrito with fresh fruit,38,g,120,mg,2260,g,82,g,61,g,15,g,0,g,13,g,21,g
10,daily grill,breakfast potatoes,5,g,0,mg,240,g,20,g,2,g,1,g,0,g,2,g,2,g
11,daily grill,brown gravy sauce,3,g,5,mg,280,g,4,g,1,g,1,g,0,g,0,g,1,g
12,daily grill,brown sugar,0,g,0,mg,0,g,12,g,0,g,0,g,0,g,0,g,12,g
13,daily grill,butter chips,6,g,15,mg,55,g,0,g,0,g,4,g,0,g,0,g,0,g
14,daily grill,buttermilk pancakes,8,g,85,mg,1300,g,76,g,12,g,1,g,0,g,0,g,19,g
15,daily grill,butternut squash soup large bowl,12,g,40,mg,190,g,13,g,1,g,8,g,0,g,2,g,3,g
16,daily grill,butternut squash soup small bowl,11,g,35,mg,140,g,10,g,1,g,7,g,0,g,2,g,2,g
17,daily grill,caesar dressing,40,g,10,mg,440,g,2,g,0,g,6,g,0,g,0,g,0,g
18,daily grill,cajun tartar sauce,10,g,0,mg,580,g,5,g,0,g,2,g,0,g,0,g,1,g
19,daily grill,california chicken burger,31,g,150,mg,1790,g,36,g,38,g,11,g,0,g,3,g,7,g
20,daily grill,california turkey melt,44,g,175,mg,3150,g,108,g,61,g,25,g,0,g,6,g,28,g
21,daily grill,cantaloupe,0,g,0,mg,5,g,3,g,0,g,0,g,0,g,0,g,3,g
22,daily grill,cedar plank salmon,23,g,125,mg,920,g,84,g,62,g,3,g,0,g,8,g,22,g
23,daily grill,charbroiled rib eye,95,g,570,mg,1380,g,53,g,134,g,33,g,0,g,11,g,5,g
24,daily grill,charbroiled skirt steak,61,g,170,mg,1800,g,59,g,72,g,19,g,0,g,11,g,9,g
25,daily grill,cheerios cereal,1,g,0,mg,120,g,12,g,2,g,0,g,0,g,2,g,1,g
26,daily grill,cheese quesadilla,72,g,165,mg,2370,g,94,g,44,g,33,g,0,g,13,g,14,g
27,daily grill,cheeseburger with bleu cheese,49,g,225,mg,1680,g,74,g,57,g,21,g,0,g,5,g,24,g
28,daily grill,cheeseburger with cheddar cheese,50,g,230,mg,1460,g,74,g,58,g,22,g,0,g,5,g,24,g
29,daily grill,cheeseburger with jack cheese,49,g,230,mg,1470,g,74,g,58,g,22,g,0,g,5,g,24,g
30,daily grill,cheeseburger with swiss cheese,49,g,225,mg,1360,g,75,g,59,g,21,g,0,g,5,g,24,g
31,daily grill,chicken caesar salad dinner,73,g,210,mg,1200,g,23,g,88,g,15,g,0,g,5,g,3,g
32,daily grill,chicken caesar salad lunch,71,g,130,mg,1110,g,23,g,55,g,15,g,0,g,5,g,3,g
33,daily grill,chicken marsala,8,g,110,mg,410,g,72,g,51,g,3,g,0,g,3,g,6,g
34,daily grill,chicken meatballs and angel hair pasta,21,g,90,mg,1390,g,72,g,31,g,6,g,0,g,7,g,8,g
35,daily grill,chicken parmigiana,28,g,145,mg,2080,g,104,g,77,g,15,g,0,g,7,g,11,g
36,daily grill,chicken piccata,75,g,305,mg,1320,g,72,g,58,g,47,g,0,g,12,g,10,g
37,daily grill,chicken pot pie,83,g,130,mg,1190,g,84,g,38,g,29,g,0,g,5,g,8,g
38,daily grill,chicken quesadilla,74,g,230,mg,2450,g,94,g,70,g,33,g,0,g,13,g,14,g
39,daily grill,chicken vegetable soup large bowl,4,g,15,mg,930,g,11,g,4,g,2,g,0,g,1,g,1,g
40,daily grill,chicken vegetable soup small bowl,3,g,15,mg,700,g,10,g,3,g,2,g,0,g,1,g,1,g
41,daily grill,chilaquiles,43,g,455,mg,990,g,99,g,30,g,12,g,0,g,15,g,11,g
42,daily grill,chives,0,g,0,mg,0,g,0,g,0,g,0,g,0,g,0,g,0,g
43,daily grill,chopped beef steak dinner,73,g,285,mg,1530,g,63,g,80,g,32,g,0,g,10,g,12,g
44,daily grill,chopped beef steak lunch,59,g,210,mg,1440,g,57,g,56,g,27,g,0,g,8,g,11,g
45,daily grill,chopped wedge salad,66,g,115,mg,1630,g,6,g,21,g,21,g,0,g,1,g,3,g
46,daily grill,chopped wedge salad and small bowl soup,71,g,135,mg,2380,g,35,g,35,g,24,g,0,g,6,g,7,g
47,daily grill,citrus bbq sauce,0,g,0,mg,470,g,19,g,1,g,0,g,0,g,1,g,17,g
48,daily grill,classic caesar salad,49,g,40,mg,790,g,20,g,21,g,12,g,0,g,3,g,2,g
49,daily grill,classic cheeseburger with bleu cheese,77,g,230,mg,2600,g,98,g,65,g,27,g,0,g,9,g,14,g
50,daily grill,classic cheeseburger with cheddar cheese,78,g,235,mg,2380,g,98,g,66,g,27,g,0,g,9,g,14,g
51,daily grill,classic cheeseburger with jack cheese,77,g,230,mg,2390,g,98,g,66,g,27,g,0,g,9,g,14,g
52,daily grill,classic cheeseburger with swiss cheese,77,g,230,mg,2280,g,99,g,67,g,27,g,0,g,9,g,14,g
53,daily grill,classic hamburger,69,g,205,mg,2220,g,98,g,59,g,22,g,0,g,9,g,14,g
54,daily grill,cobb club sandwich,29,g,110,mg,1620,g,83,g,42,g,8,g,0,g,4,g,19,g
55,daily grill,cobb omelette,58,g,920,mg,1780,g,30,g,59,g,24,g,0,g,6,g,21,g
56,daily grill,cobb salad and small bowl soup,72,g,245,mg,1970,g,38,g,54,g,20,g,0,g,10,g,8,g
57,daily grill,cocktail sauce,0,g,0,mg,880,g,19,g,1,g,0,g,0,g,1,g,15,g
58,daily grill,coke,0,g,0,mg,5,g,32,g,0,g,0,g,0,g,0,g,32,g
59,daily grill,continental breakfast,21,g,55,mg,300,g,71,g,10,g,13,g,0,g,2,g,29,g
60,daily grill,corned beef hash,29,g,515,mg,2510,g,51,g,41,g,10,g,0,g,6,g,7,g
61,daily grill,corned beef hash benedict,80,g,885,mg,990,g,59,g,28,g,44,g,0,g,4,g,21,g
62,daily grill,crab and shrimp omelette,37,g,990,mg,710,g,28,g,51,g,14,g,0,g,5,g,20,g
63,daily grill,crab cake benedict,46,g,745,mg,990,g,54,g,37,g,23,g,0,g,3,g,19,g
64,daily grill,crab cake blt,24,g,135,mg,1380,g,57,g,27,g,5,g,0,g,4,g,21,g
65,daily grill,crab stuffed salmon,38,g,215,mg,800,g,8,g,55,g,12,g,0,g,2,g,2,g
66,daily grill,cranberry juice,0,g,0,mg,25,g,25,g,0,g,0,g,0,g,0,g,25,g
67,daily grill,creamed spinach,26,g,100,mg,650,g,5,g,3,g,17,g,0,g,1,g,0,g
68,daily grill,creamy bleu cheese dressing,29,g,25,mg,380,g,1,g,2,g,6,g,0,g,0,g,1,g
69,daily grill,creamy horseradish sauce,13,g,50,mg,150,g,4,g,1,g,8,g,0,g,0,g,2,g
70,daily grill,croissants,21,g,55,mg,260,g,45,g,8,g,13,g,0,g,0,g,8,g
71,daily grill,daily grill cobb salad dinner,116,g,455,mg,2650,g,25,g,84,g,31,g,0,g,11,g,10,g
72,daily grill,daily grill cobb salad lunch,68,g,230,mg,1400,g,14,g,42,g,17,g,0,g,6,g,5,g
73,daily grill,denver omelette,35,g,875,mg,1730,g,29,g,47,g,15,g,0,g,4,g,21,g
74,daily grill,diet coke,0,g,0,mg,10,g,0,g,0,g,0,g,0,g,0,g,0,g
75,daily grill,distilled spirits,0,g,0,mg,0,g,0,g,0,g,0,g,0,g,0,g,0,g
76,daily grill,double cut pork chop,58,g,190,mg,3350,g,60,g,61,g,22,g,0,g,7,g,25,g
77,daily grill,double layer chocolate cake,71,g,170,mg,850,g,141,g,14,g,36,g,0,g,10,g,97,g
78,daily grill,egg white omelette with fruit,29,g,30,mg,780,g,14,g,24,g,10,g,0,g,7,g,6,g
79,daily grill,egg whites,0,g,0,mg,25,g,0,g,2,g,0,g,0,g,0,g,0,g
80,daily grill,eggs benedict,46,g,675,mg,1070,g,47,g,31,g,24,g,0,g,3,g,19,g
81,daily grill,endive and spicy pecan salad,60,g,25,mg,670,g,33,g,11,g,12,g,0,g,7,g,23,g
82,daily grill,english muffin,1,g,0,mg,200,g,25,g,4,g,0,g,0,g,1,g,1,g
83,daily grill,everything bagel and lox,37,g,140,mg,1850,g,64,g,41,g,17,g,0,g,3,g,6,g
84,daily grill,filet mignon with bleu cheese crust,68,g,230,mg,1430,g,45,g,54,g,33,g,0,g,5,g,4,g
85,daily grill,fish and chips,45,g,65,mg,2010,g,99,g,40,g,8,g,0,g,10,g,17,g
86,daily grill,fish tacos,20,g,75,mg,1010,g,55,g,35,g,8,g,0,g,7,g,4,g
87,daily grill,french dip sandwich,24,g,145,mg,1940,g,96,g,71,g,12,g,0,g,3,g,20,g
88,daily grill,french hound,0,g,0,mg,10,g,17,g,1,g,0,g,0,g,0,g,14,g
89,daily grill,french toast,17,g,485,mg,930,g,96,g,28,g,4,g,0,g,4,g,25,g
90,daily grill,fresh grapefruit,0,g,0,mg,0,g,10,g,1,g,0,g,0,g,1,g,9,g
91,daily grill,fresh lemonade,0,g,0,mg,10,g,15,g,0,g,0,g,0,g,0,g,14,g
92,daily grill,fresh seasonal fruit,0,g,0,mg,15,g,21,g,1,g,0,g,0,g,2,g,17,g
93,daily grill,fresh seasonal melon,1,g,0,mg,90,g,45,g,4,g,0,g,0,g,5,g,42,g
94,daily grill,fresh strawberries,1,g,0,mg,0,g,26,g,2,g,0,g,0,g,7,g,15,g
95,daily grill,fried calamari,21,g,400,mg,1230,g,39,g,31,g,4,g,0,g,2,g,10,g
96,daily grill,fried onions,15,g,5,mg,1160,g,47,g,6,g,3,g,0,g,5,g,17,g
97,daily grill,frosted flakes cereal,0,g,0,mg,170,g,32,g,1,g,0,g,0,g,1,g,13,g
98,daily grill,fruit plate with cottage cheese,6,g,20,mg,730,g,55,g,33,g,3,g,0,g,6,g,44,g
99,daily grill,fruit plate with yogurt,3,g,10,mg,135,g,91,g,9,g,1,g,0,g,10,g,69,g
100,daily grill,fudge brownie pie with ice cream,50,g,125,mg,800,g,268,g,12,g,17,g,0,g,7,g,186,g
101,daily grill,garlic mashed potatoes,28,g,85,mg,800,g,54,g,8,g,18,g,0,g,6,g,5,g
102,daily grill,gazpacho soup large bowl,5,g,0,mg,550,g,9,g,2,g,1,g,0,g,3,g,5,g
103,daily grill,gazpacho soup small bowl,3,g,0,mg,410,g,7,g,1,g,0,g,0,g,2,g,4,g
104,daily grill,ginger pear,0,g,0,mg,5,g,18,g,0,g,0,g,0,g,1,g,12,g
105,daily grill,glazed carrots,23,g,60,mg,300,g,30,g,2,g,14,g,0,g,5,g,20,g
106,daily grill,good start breakfast,8,g,5,mg,250,g,116,g,10,g,3,g,0,g,10,g,60,g
107,daily grill,grand marnier creme brulee,47,g,390,mg,45,g,30,g,3,g,30,g,0,g,2,g,27,g
108,daily grill,granola,2,g,0,mg,50,g,18,g,2,g,1,g,0,g,1,g,8,g
109,daily grill,grapefruit juice,0,g,0,mg,15,g,23,g,1,g,0,g,0,g,0,g,17,g
110,daily grill,grapes,0,g,0,mg,0,g,7,g,0,g,0,g,0,g,0,g,6,g
111,daily grill,grilled asparagus,0,g,0,mg,0,g,4,g,2,g,0,g,0,g,2,g,2,g
112,daily grill,grilled idaho trout,29,g,165,mg,380,g,12,g,65,g,5,g,0,g,3,g,7,g
113,daily grill,grilled lime chicken salad dinner,98,g,130,mg,730,g,48,g,63,g,14,g,0,g,17,g,12,g
114,daily grill,grilled lime chicken salad lunch,49,g,65,mg,360,g,24,g,31,g,7,g,0,g,8,g,6,g
115,daily grill,grilled shrimp pomodoro lunch,14,g,170,mg,930,g,67,g,36,g,2,g,0,g,6,g,7,g
116,daily grill,grilled skirt steak salad,88,g,150,mg,2350,g,29,g,46,g,26,g,0,g,7,g,15,g
117,daily grill,grilled vegetable plate,13,g,0,mg,210,g,63,g,9,g,2,g,0,g,4,g,9,g
118,daily grill,grilled vegetables,3,g,0,mg,300,g,21,g,3,g,0,g,0,g,4,g,11,g
119,daily grill,guacamole,14,g,0,mg,400,g,8,g,0,g,0,g,0,g,4,g,4,g
120,daily grill,half blt and caesar salad,65,g,115,mg,1880,g,48,g,36,g,17,g,0,g,4,g,3,g
121,daily grill,half blt and mixed field greens,17,g,75,mg,1070,g,45,g,18,g,5,g,0,g,7,g,9,g
122,daily grill,half blt and small bowl soup,20,g,90,mg,1550,g,52,g,27,g,8,g,0,g,5,g,4,g
123,daily grill,half tuna melt and caesar salad,70,g,120,mg,1620,g,45,g,46,g,22,g,0,g,4,g,3,g
124,daily grill,half tuna melt and mixed field greens,22,g,80,mg,920,g,42,g,28,g,10,g,0,g,7,g,9,g
125,daily grill,half tuna melt and small bowl soup,25,g,95,mg,1400,g,49,g,37,g,13,g,0,g,5,g,4,g
126,daily grill,half tuna salad sandwich and caesar salad,56,g,75,mg,1480,g,49,g,41,g,13,g,0,g,4,g,3,g
127,daily grill,half tuna salad sandwich and mixed field greens,8,g,35,mg,780,g,46,g,23,g,1,g,0,g,7,g,9,g
128,daily grill,half tuna salad sandwich and small bowl soup,11,g,50,mg,1260,g,53,g,42,g,4,g,0,g,5,g,4,g
129,daily grill,half turkey melt and caesar salad,70,g,130,mg,2350,g,63,g,53,g,24,g,0,g,5,g,7,g
130,daily grill,half turkey melt and mixed field greens,22,g,85,mg,1660,g,60,g,33,g,12,g,0,g,8,g,13,g
131,daily grill,half turkey melt and small bowl soup,25,g,100,mg,2140,g,67,g,42,g,15,g,0,g,6,g,8,g
132,daily grill,hamburger,41,g,200,mg,1300,g,74,g,51,g,16,g,0,g,5,g,24,g
133,daily grill,happy hour ahi sashimi,2,g,65,mg,1150,g,2,g,34,g,0,g,0,g,1,g,0,g
134,daily grill,happy hour ahi tuna poke,14,g,30,mg,380,g,17,g,20,g,2,g,0,g,4,g,5,g
135,daily grill,happy hour chicken meatballs,20,g,155,mg,1850,g,19,g,37,g,8,g,0,g,3,g,7,g
136,daily grill,happy hour chicken pot pie,54,g,55,mg,650,g,55,g,19,g,18,g,0,g,3,g,3,g
137,daily grill,happy hour chicken quesadilla,25,g,95,mg,910,g,37,g,33,g,13,g,0,g,3,g,2,g
138,daily grill,happy hour crab cake sidekicks,10,g,90,mg,1010,g,35,g,20,g,1,g,0,g,1,g,5,g
139,daily grill,happy hour dos tacos,24,g,150,mg,1200,g,45,g,31,g,11,g,0,g,5,g,9,g
140,daily grill,happy hour fried calamari,5,g,200,mg,110,g,12,g,15,g,1,g,0,g,0,g,1,g
141,daily grill,happy hour loaded macaroni and cheese,51,g,140,mg,1660,g,98,g,52,g,30,g,0,g,5,g,8,g
142,daily grill,happy hour louisiana hot wings,91,g,190,mg,3720,g,6,g,27,g,29,g,0,g,2,g,3,g
143,daily grill,happy hour margherita lavash pizza,22,g,65,mg,770,g,25,g,39,g,13,g,0,g,3,g,2,g
144,daily grill,happy hour popcorn shrimp,7,g,95,mg,290,g,12,g,10,g,1,g,0,g,0,g,1,g
145,daily grill,happy hour side kicks,26,g,90,mg,1040,g,32,g,27,g,10,g,0,g,1,g,7,g
146,daily grill,happy hour spicy crispy chicken,42,g,200,mg,830,g,30,g,37,g,8,g,0,g,1,g,3,g
147,daily grill,happy hour spinach artichoke dip,15,g,60,mg,350,g,3,g,8,g,10,g,0,g,1,g,1,g
148,daily grill,happy hour sweet potato fries,13,g,0,mg,330,g,40,g,2,g,1,g,0,g,5,g,12,g
149,daily grill,happy hour traditional hummus,4,g,0,mg,180,g,9,g,4,g,1,g,0,g,2,g,1,g
150,daily grill,hazelnut kahlua creme brulee,71,g,550,mg,65,g,43,g,4,g,45,g,0,g,1,g,41,g
151,daily grill,herb brown rice with almonds,7,g,0,mg,20,g,47,g,6,g,1,g,0,g,0,g,0,g
152,daily grill,herb chicken caprese,22,g,225,mg,580,g,8,g,81,g,13,g,0,g,1,g,5,g
153,daily grill,hollandaise sauce,32,g,220,mg,55,g,1,g,2,g,20,g,0,g,0,g,0,g
154,daily grill,homemade granola cereal,2,g,0,mg,50,g,18,g,2,g,1,g,0,g,1,g,8,g
155,daily grill,honey nut cheerios cereal,1,g,0,mg,130,g,18,g,2,g,0,g,0,g,2,g,7,g
156,daily grill,honeydew,0,g,0,mg,10,g,4,g,0,g,0,g,0,g,0,g,3,g
157,daily grill,hot tea,0,g,0,mg,20,g,0,g,0,g,0,g,0,g,0,g,0,g
158,daily grill,house dressing,40,g,10,mg,260,g,2,g,0,g,6,g,0,g,0,g,0,g
159,daily grill,ice cream,20,g,70,mg,60,g,28,g,4,g,12,g,0,g,0,g,22,g
160,daily grill,iced tea,0,g,0,mg,25,g,0,g,0,g,0,g,0,g,0,g,0,g
161,daily grill,joes scramble with beef,36,g,140,mg,1280,g,40,g,46,g,11,g,0,g,7,g,24,g
162,daily grill,joes special omelette with beef,60,g,1210,mg,1900,g,40,g,78,g,19,g,0,g,7,g,24,g
163,daily grill,jumbo lump crab cake,23,g,185,mg,1780,g,45,g,35,g,4,g,0,g,4,g,0,g
164,daily grill,jumbo lump crab cake appetizer,16,g,130,mg,530,g,6,g,16,g,9,g,0,g,0,g,0,g
165,daily grill,kelloggs corn flakes cereal,0,g,0,mg,160,g,19,g,2,g,0,g,0,g,1,g,2,g
166,daily grill,key lime pie,48,g,355,mg,420,g,140,g,16,g,29,g,0,g,6,g,116,g
167,daily grill,kids angel hair pasta with butter parmesan cheese,46,g,125,mg,35,g,63,g,13,g,29,g,0,g,3,g,1,g
168,daily grill,kids angel hair pasta with pomodoro sauce,4,g,0,mg,510,g,69,g,12,g,0,g,0,g,4,g,5,g
169,daily grill,kids cheese omelette,15,g,440,mg,360,g,22,g,17,g,6,g,0,g,2,g,18,g
170,daily grill,kids cheeseburger,26,g,100,mg,480,g,47,g,32,g,11,g,0,g,2,g,21,g
171,daily grill,kids chicken fingers,11,g,70,mg,75,g,32,g,24,g,5,g,0,g,3,g,18,g
172,daily grill,kids fish and chips,5,g,50,mg,90,g,41,g,16,g,1,g,0,g,3,g,17,g
173,daily grill,kids fruit and vegetable plate with ranch dressing,17,g,5,mg,430,g,19,g,3,g,3,g,0,g,5,g,11,g
174,daily grill,kids grilled cheese sandwich,41,g,110,mg,1160,g,77,g,39,g,25,g,0,g,2,g,17,g
175,daily grill,kids hamburger,16,g,70,mg,320,g,47,g,25,g,5,g,0,g,2,g,21,g
176,daily grill,kids mac and cheese,27,g,75,mg,800,g,87,g,32,g,17,g,0,g,4,g,6,g
177,daily grill,kids maple syrup,0,g,0,mg,200,g,55,g,0,g,0,g,0,g,0,g,38,g
178,daily grill,kids pot pie,54,g,55,mg,650,g,55,g,19,g,18,g,0,g,3,g,3,g
179,daily grill,kids scrambled eggs and bacon,18,g,565,mg,480,g,21,g,21,g,6,g,0,g,2,g,17,g
180,daily grill,kids silver dollar blueberry pancakes,21,g,100,mg,940,g,70,g,9,g,9,g,0,g,3,g,25,g
181,daily grill,kids vanilla drumstick,21,g,20,mg,90,g,33,g,5,g,11,g,0,g,1,g,24,g
182,daily grill,kids vanilla ice cream sandwich,10,g,35,mg,160,g,39,g,4,g,6,g,0,g,0,g,23,g
183,daily grill,kids whole grain silver dollar blueberry pancakes,27,g,135,mg,1070,g,62,g,13,g,12,g,0,g,8,g,22,g
184,daily grill,lemon butter sauce,45,g,120,mg,140,g,1,g,0,g,28,g,0,g,0,g,0,g
185,daily grill,lentil soup large bowl,2,g,5,mg,490,g,26,g,9,g,1,g,0,g,10,g,3,g
186,daily grill,lentil soup small bowl,1,g,5,mg,370,g,19,g,7,g,1,g,0,g,8,g,2,g
187,daily grill,light beer,0,g,0,mg,10,g,7,g,1,g,0,g,0,g,0,g,0,g
188,daily grill,lime chicken dressing,37,g,0,mg,190,g,1,g,0,g,5,g,0,g,0,g,0,g
189,daily grill,loaded mac and cheese,65,g,165,mg,2580,g,89,g,64,g,33,g,0,g,4,g,7,g
190,daily grill,macaroni and cheddar cheese,32,g,90,mg,890,g,97,g,37,g,20,g,0,g,5,g,6,g
191,daily grill,manhattan clam chowder large bowl,1,g,10,mg,900,g,13,g,6,g,0,g,0,g,2,g,3,g
192,daily grill,manhattan clam chowder small bowl,1,g,10,mg,680,g,10,g,5,g,0,g,0,g,2,g,2,g
193,daily grill,maple syrup,0,g,0,mg,200,g,55,g,0,g,0,g,0,g,0,g,38,g
194,daily grill,marionberry sauce,0,g,0,mg,250,g,11,g,0,g,0,g,0,g,0,g,9,g
195,daily grill,marsala sauce,2,g,5,mg,150,g,4,g,1,g,1,g,0,g,0,g,2,g
196,daily grill,mashed potatoes,28,g,85,mg,800,g,53,g,8,g,18,g,0,g,6,g,5,g
197,daily grill,meatloaf,91,g,285,mg,3370,g,124,g,49,g,43,g,0,g,16,g,38,g
198,daily grill,milk 2,6,g,25,mg,160,g,15,g,10,g,4,g,0,g,0,g,15,g
199,daily grill,milk fat free,0,g,0,mg,160,g,15,g,11,g,0,g,0,g,0,g,15,g
200,daily grill,mimosa,0,g,0,mg,0,g,11,g,0,g,0,g,0,g,1,g,7,g
201,daily grill,minestrone soup large bowl,5,g,15,mg,750,g,29,g,14,g,3,g,0,g,5,g,4,g
202,daily grill,minestrone soup small bowl,4,g,15,mg,570,g,24,g,12,g,3,g,0,g,4,g,3,g
203,daily grill,mixed field greens and mini pot pie,55,g,55,mg,780,g,74,g,23,g,19,g,0,g,10,g,12,g
204,daily grill,mixed field greens and 1 2 angel hair pomodoro,19,g,0,mg,1000,g,71,g,14,g,2,g,0,g,11,g,15,g
205,daily grill,mixed field greens without dressing,1,g,0,mg,125,g,19,g,5,g,0,g,0,g,7,g,9,g
206,daily grill,moroccan spiced chicken,7,g,100,mg,920,g,40,g,45,g,1,g,0,g,5,g,6,g
207,daily grill,mushroom barley soup large bowl,2,g,5,mg,320,g,13,g,5,g,1,g,0,g,4,g,2,g
208,daily grill,mushroom barley soup small bowl,2,g,5,mg,240,g,10,g,4,g,1,g,0,g,3,g,2,g
209,daily grill,navy bean soup large bowl,3,g,15,mg,900,g,13,g,6,g,1,g,0,g,3,g,4,g
210,daily grill,navy bean soup small bowl,3,g,10,mg,670,g,9,g,4,g,1,g,0,g,2,g,3,g
211,daily grill,new york pepper steak,81,g,225,mg,1610,g,64,g,90,g,28,g,0,g,14,g,6,g
212,daily grill,new york steak and three eggs,60,g,800,mg,650,g,24,g,79,g,23,g,0,g,3,g,18,g
213,daily grill,new york strip steak,73,g,195,mg,1310,g,53,g,84,g,26,g,0,g,11,g,5,g
214,daily grill,non alcholic beer,0,g,0,mg,0,g,13,g,1,g,0,g,0,g,0,g,0,g
215,daily grill,oil and vinegar,37,g,0,mg,150,g,1,g,0,g,5,g,0,g,0,g,0,g
216,daily grill,onion rings,55,g,35,mg,1530,g,105,g,13,g,11,g,0,g,7,g,21,g
217,daily grill,orange,0,g,0,mg,0,g,15,g,1,g,0,g,0,g,3,g,12,g
218,daily grill,orange juice,0,g,0,mg,15,g,26,g,2,g,0,g,0,g,2,g,21,g
219,daily grill,pan seared salmon burger,21,g,75,mg,770,g,73,g,33,g,4,g,0,g,3,g,5,g
220,daily grill,pan seared salmon,87,g,245,mg,820,g,9,g,47,g,35,g,0,g,1,g,0,g
221,daily grill,pan seared trout amandine dinner,84,g,295,mg,780,g,81,g,89,g,35,g,0,g,10,g,6,g
222,daily grill,pan seared trout amandine lunch,77,g,295,mg,760,g,33,g,84,g,35,g,0,g,10,g,5,g
223,daily grill,patron pom margarita,0,g,0,mg,0,g,11,g,0,g,0,g,0,g,0,g,7,g
224,daily grill,peach cobbler with ice cream,41,g,65,mg,55,g,134,g,11,g,15,g,0,g,8,g,93,g
225,daily grill,peanut cole slaw,11,g,5,mg,170,g,12,g,6,g,2,g,0,g,3,g,7,g
226,daily grill,pellegrino 16 oz,0,g,0,mg,20,g,0,g,0,g,0,g,0,g,0,g,0,g
227,daily grill,pellegrino 33 oz,0,g,0,mg,40,g,0,g,0,g,0,g,0,g,0,g,0,g
228,daily grill,penne pasta primavera,17,g,0,mg,1070,g,79,g,17,g,2,g,0,g,10,g,12,g
229,daily grill,penne pesto,69,g,125,mg,790,g,87,g,27,g,24,g,0,g,7,g,4,g
230,daily grill,penne pesto with chicken,71,g,225,mg,900,g,87,g,66,g,24,g,0,g,7,g,4,g
231,daily grill,pepper bacon burger dinner,92,g,295,mg,2430,g,97,g,76,g,34,g,0,g,9,g,15,g
232,daily grill,pepper bacon burger lunch,67,g,295,mg,1670,g,79,g,69,g,29,g,0,g,6,g,25,g
233,daily grill,pesto sauce,19,g,10,mg,350,g,2,g,4,g,3,g,0,g,1,g,0,g
234,daily grill,petite filet mignon,31,g,110,mg,440,g,6,g,36,g,12,g,0,g,2,g,2,g
235,daily grill,pineapple,0,g,0,mg,0,g,5,g,0,g,0,g,0,g,1,g,4,g
236,daily grill,pineapple juice,0,g,0,mg,0,g,26,g,0,g,0,g,0,g,0,g,23,g
237,daily grill,plain bagel and cream cheese,10,g,40,mg,630,g,60,g,14,g,5,g,0,g,2,g,4,g
238,daily grill,pomegranate green iced tea,0,g,0,mg,5,g,0,g,0,g,0,g,0,g,0,g,0,g
239,daily grill,pomodoro sauce,1,g,0,mg,250,g,3,g,1,g,0,g,0,g,1,g,2,g
240,daily grill,popcorn shrimp,26,g,190,mg,2040,g,48,g,22,g,4,g,0,g,2,g,16,g
241,daily grill,protein scramble,23,g,255,mg,500,g,1,g,11,g,8,g,0,g,1,g,0,g
242,daily grill,protein scramble with country sausage,84,g,940,mg,1850,g,24,g,43,g,30,g,0,g,4,g,18,g
243,daily grill,quesadilla garnish,24,g,40,mg,800,g,22,g,4,g,7,g,0,g,7,g,12,g
244,daily grill,raisin bran cereal,1,g,0,mg,260,g,33,g,4,g,0,g,0,g,5,g,14,g
245,daily grill,raisins,0,g,0,mg,0,g,8,g,0,g,0,g,0,g,1,g,7,g
246,daily grill,ranch dressing,32,g,10,mg,660,g,4,g,0,g,5,g,0,g,0,g,2,g
247,daily grill,raspberry sauce,0,g,0,mg,20,g,12,g,0,g,0,g,0,g,4,g,10,g
248,daily grill,raspberry sorbet,0,g,0,mg,0,g,15,g,0,g,0,g,0,g,1,g,13,g
249,daily grill,red bull,0,g,0,mg,200,g,28,g,0,g,0,g,0,g,0,g,27,g
250,daily grill,red bull sugar free,0,g,0,mg,190,g,3,g,0,g,0,g,0,g,0,g,0,g
251,daily grill,red carpet martini,0,g,0,mg,5,g,20,g,0,g,0,g,0,g,2,g,19,g
252,daily grill,red onions chopped,0,g,0,mg,0,g,1,g,0,g,0,g,0,g,0,g,0,g
253,daily grill,red velvet martini,0,g,0,mg,0,g,11,g,0,g,0,g,0,g,0,g,4,g
254,daily grill,remoulade sauce,11,g,0,mg,490,g,5,g,0,g,2,g,0,g,0,g,0,g
255,daily grill,reuben sandwich,46,g,185,mg,5180,g,72,g,62,g,19,g,0,g,6,g,22,g
256,daily grill,ruby red lemon drop,0,g,0,mg,0,g,9,g,0,g,0,g,0,g,1,g,6,g
257,daily grill,rye toast,2,g,0,mg,340,g,36,g,6,g,0,g,0,g,2,g,2,g
258,daily grill,salsa,0,g,0,mg,160,g,2,g,0,g,0,g,0,g,1,g,2,g
259,daily grill,santa fe chicken wrap,25,g,105,mg,1700,g,103,g,51,g,8,g,0,g,14,g,20,g
260,daily grill,sausage,80,g,140,mg,1400,g,0,g,16,g,28,g,0,g,0,g,0,g
261,daily grill,sauteed mushrooms,39,g,30,mg,560,g,3,g,2,g,11,g,0,g,1,g,1,g
262,daily grill,sauteed sand dabs,64,g,260,mg,660,g,87,g,53,g,31,g,0,g,8,g,6,g
263,daily grill,scrambled eggs,12,g,535,mg,170,g,0,g,16,g,4,g,0,g,0,g,0,g
264,daily grill,seared ahi tuna sashimi,14,g,130,mg,1580,g,15,g,69,g,1,g,0,g,4,g,7,g
265,daily grill,shoestring fries,18,g,0,mg,770,g,33,g,3,g,4,g,0,g,3,g,0,g
266,daily grill,shrimp cocktail,3,g,230,mg,1100,g,21,g,32,g,1,g,0,g,2,g,15,g
267,daily grill,side of bacon,12,g,60,mg,580,g,0,g,8,g,4,g,0,g,0,g,0,g
268,daily grill,side of breakfast potatoes,9,g,0,mg,490,g,40,g,4,g,2,g,0,g,5,g,4,g
269,daily grill,side of canadian bacon,5,g,60,mg,1300,g,0,g,22,g,2,g,0,g,0,g,0,g
270,daily grill,side of cottage cheese,5,g,20,mg,700,g,8,g,30,g,3,g,0,g,0,g,6,g
271,daily grill,side of lowfat yogurt with berries,2,g,10,mg,110,g,48,g,6,g,1,g,0,g,5,g,33,g
272,daily grill,side of one egg,5,g,210,mg,70,g,0,g,6,g,2,g,0,g,0,g,0,g
273,daily grill,side of sausage,10,g,240,mg,1360,g,0,g,44,g,2,g,0,g,0,g,0,g
274,daily grill,side of two eggs,10,g,425,mg,140,g,1,g,13,g,3,g,0,g,0,g,1,g
275,daily grill,sidecar martini,0,g,0,mg,0,g,17,g,0,g,0,g,0,g,0,g,5,g
276,daily grill,signature bloody mary,2,g,25,mg,910,g,14,g,5,g,0,g,0,g,3,g,7,g
277,daily grill,simply 600 hamburger,28,g,75,mg,750,g,53,g,24,g,10,g,0,g,4,g,12,g
278,daily grill,simply grilled salmon,25,g,135,mg,210,g,2,g,46,g,5,g,0,g,1,g,1,g
279,daily grill,skinny margarita,0,g,0,mg,0,g,37,g,0,g,0,g,0,g,0,g,33,g
280,daily grill,skinny smash,0,g,0,mg,0,g,36,g,0,g,0,g,0,g,0,g,33,g
281,daily grill,smoked salmon,10,g,50,mg,570,g,0,g,17,g,2,g,0,g,0,g,0,g
282,daily grill,smoked salmon benedict,60,g,725,mg,1320,g,47,g,47,g,26,g,0,g,3,g,19,g
283,daily grill,sour cream,10,g,40,mg,60,g,4,g,2,g,7,g,0,g,0,g,2,g
284,daily grill,sourdough toast,2,g,0,mg,460,g,46,g,8,g,0,g,0,g,2,g,0,g
285,daily grill,southwest chicken taco salad,18,g,110,mg,880,g,55,g,48,g,6,g,0,g,11,g,6,g
286,daily grill,southwest dressing,8,g,15,mg,240,g,4,g,1,g,3,g,0,g,0,g,1,g
287,daily grill,soy sauce,0,g,0,mg,3620,g,4,g,5,g,0,g,0,g,0,g,0,g
288,daily grill,spanish scramble,44,g,845,mg,1110,g,37,g,31,g,16,g,0,g,8,g,23,g
289,daily grill,special k cereal,0,g,0,mg,160,g,16,g,5,g,0,g,0,g,1,g,3,g
290,daily grill,spiced strawberry mule,0,g,0,mg,0,g,21,g,0,g,0,g,0,g,0,g,20,g
291,daily grill,spicy mustard sauce,5,g,0,mg,430,g,2,g,9,g,0,g,0,g,1,g,0,g
292,daily grill,spinach artichoke dip,27,g,105,mg,1020,g,43,g,28,g,19,g,0,g,3,g,3,g
293,daily grill,spinach mashed potatoes,18,g,60,mg,620,g,38,g,7,g,12,g,0,g,4,g,3,g
294,daily grill,split pea soup large bowl,5,g,20,mg,710,g,26,g,12,g,2,g,0,g,8,g,4,g
295,daily grill,split pea soup small bowl,4,g,15,mg,530,g,19,g,9,g,1,g,0,g,6,g,3,g
296,daily grill,sprite,0,g,0,mg,25,g,31,g,0,g,0,g,0,g,0,g,31,g
297,daily grill,starter caesar salad and 1 2 penne pesto,83,g,105,mg,1180,g,64,g,34,g,24,g,0,g,7,g,4,g
298,daily grill,starter caesar salad and mini pot pie,103,g,95,mg,1440,g,75,g,39,g,31,g,0,g,7,g,5,g
299,daily grill,starter caesar salad and 1 2 angel hair pomodoro,67,g,40,mg,1690,g,74,g,31,g,14,g,0,g,8,g,9,g
300,daily grill,steamed broccoli,1,g,0,mg,90,g,18,g,10,g,0,g,0,g,7,g,5,g
301,daily grill,steamed carrots,1,g,0,mg,170,g,23,g,2,g,0,g,0,g,7,g,11,g
302,daily grill,steamed spinach,0,g,0,mg,25,g,1,g,1,g,0,g,0,g,1,g,0,g
303,daily grill,steel cut oatmeal with brown sugar raisins and milk,4,g,5,mg,95,g,73,g,7,g,0,g,0,g,7,g,33,g
304,daily grill,strawberries,0,g,0,mg,0,g,3,g,0,g,0,g,0,g,1,g,2,g
305,daily grill,strawberry lemonade,0,g,0,mg,5,g,24,g,0,g,0,g,0,g,0,g,22,g
306,daily grill,strawberry sauce,0,g,0,mg,0,g,13,g,0,g,0,g,0,g,0,g,12,g
307,daily grill,strawberry shortcake,31,g,95,mg,850,g,82,g,4,g,17,g,0,g,4,g,37,g
308,daily grill,sweet potato fries,13,g,0,mg,330,g,40,g,2,g,1,g,0,g,5,g,12,g
309,daily grill,tangerine screwdriver,0,g,0,mg,0,g,18,g,1,g,0,g,0,g,0,g,18,g
310,daily grill,tartar sauce,12,g,0,mg,580,g,5,g,0,g,2,g,0,g,0,g,1,g
311,daily grill,thai noodle chicken salad,10,g,65,mg,1450,g,57,g,36,g,2,g,0,g,7,g,20,g
312,daily grill,three egg omelette with bleu cheese,51,g,900,mg,2090,g,21,g,50,g,26,g,0,g,2,g,17,g
313,daily grill,three egg omelette with cheddar cheese,56,g,925,mg,1200,g,21,g,52,g,28,g,0,g,2,g,17,g
314,daily grill,three egg omelette with jack cheese,51,g,910,mg,1260,g,21,g,52,g,28,g,0,g,2,g,17,g
315,daily grill,three egg omelette with swiss cheese,50,g,900,mg,790,g,25,g,57,g,26,g,0,g,2,g,17,g
316,daily grill,three egg omelette plain,18,g,800,mg,550,g,21,g,25,g,6,g,0,g,2,g,17,g
317,daily grill,three eggs,15,g,635,mg,500,g,22,g,20,g,5,g,0,g,2,g,18,g
318,daily grill,three eggs with bacon,24,g,680,mg,940,g,22,g,26,g,8,g,0,g,2,g,18,g
319,daily grill,three eggs with country sausage,75,g,740,mg,1550,g,22,g,32,g,26,g,0,g,2,g,18,g
320,daily grill,tomato juice,0,g,0,mg,510,g,8,g,2,g,0,g,0,g,2,g,5,g
321,daily grill,tomato soup large bowl,5,g,10,mg,135,g,9,g,1,g,3,g,0,g,2,g,3,g
322,daily grill,tomato soup small bowl,4,g,10,mg,105,g,7,g,1,g,2,g,0,g,1,g,2,g
323,daily grill,tomatoes chopped,0,g,0,mg,0,g,0,g,0,g,0,g,0,g,0,g,0,g
324,daily grill,total cereal,0,g,0,mg,150,g,18,g,2,g,0,g,0,g,2,g,4,g
325,daily grill,traditional creme brulee,64,g,525,mg,60,g,30,g,4,g,41,g,0,g,1,g,28,g
326,daily grill,trio of hummus,16,g,0,mg,1040,g,76,g,19,g,2,g,0,g,8,g,4,g
327,daily grill,tuna melt,45,g,175,mg,1750,g,70,g,51,g,21,g,0,g,4,g,18,g
328,daily grill,tuna salad sandwich,14,g,70,mg,1390,g,80,g,41,g,2,g,0,g,3,g,19,g
329,daily grill,turkey club,19,g,75,mg,2040,g,69,g,32,g,4,g,0,g,7,g,24,g
330,daily grill,tuscan brick chicken,77,g,250,mg,5200,g,114,g,968,g,20,g,0,g,11,g,5,g
331,daily grill,walnut vinaigrette dressing,39,g,0,mg,250,g,2,g,0,g,5,g,0,g,0,g,1,g
332,daily grill,watermerlon,0,g,0,mg,0,g,3,g,0,g,0,g,0,g,0,g,2,g
333,daily grill,wheat toast,2,g,0,mg,320,g,42,g,8,g,0,g,0,g,4,g,6,g
334,daily grill,wheaties cereal,1,g,0,mg,200,g,23,g,2,g,0,g,0,g,3,g,4,g
335,daily grill,whole grain pecan blueberry pancakes,92,g,275,mg,2140,g,216,g,31,g,28,g,0,g,19,g,42,g
336,daily grill,whole grain pecan pancakes,92,g,275,mg,2140,g,105,g,30,g,27,g,0,g,16,g,28,g
337,daily grill,wild berry mojito,0,g,0,mg,0,g,7,g,0,g,0,g,0,g,1,g,4,g
338,daily grill,wine,0,g,0,mg,5,g,5,g,0,g,0,g,0,g,0,g,1,g
339,dave and busters,14 hands hot to trot red blend,0,g,0,mg,10,g,8,g,0,g,0,g,0,g,0,g,2,g
340,dave and busters,absolut 80,0,g,0,mg,0,g,0,g,0,g,0,g,0,g,0,g,0,g
341,dave and busters,absolut citron,0,g,0,mg,0,g,0,g,0,g,0,g,0,g,0,g,0,g
342,dave and busters,add avocado to salad,7,g,0,mg,0,g,4,g,1,g,1,g,0,g,3,g,0,g
343,dave and busters,add french fries,17,g,0,mg,1610,g,65,g,5,g,4,g,0,g,3,g,14,g
344,dave and busters,add on bacon wrapped shrimp 3,10,g,75,mg,530,g,1,g,12,g,4,g,0,g,0,g,0,g
345,dave and busters,add on crispy tempura battered shrimp 3,13,g,40,mg,450,g,18,g,10,g,4,g,0,g,0,g,0,g
346,dave and busters,add on grilled shrimp 5,1,g,90,mg,600,g,1,g,14,g,0,g,0,g,0,g,0,g
347,dave and busters,alamos malbec,0,g,0,mg,25,g,9,g,0,g,0,g,0,g,0,g,2,g
348,dave and busters,ancho caesar grilled chicken lettuce wraps,47,g,135,mg,1980,g,21,g,40,g,11,g,0,g,8,g,9,g
349,dave and busters,angry orchard crisp apple cider 100 fl oz,0,g,0,mg,120,g,260,g,0,g,0,g,0,g,0,g,200,g
350,dave and busters,angry orchard crisp apple cider 16 fl oz,0,g,0,mg,15,g,33,g,0,g,0,g,0,g,0,g,27,g
351,dave and busters,angry orchard crisp apple cider 22 fl oz,0,g,0,mg,25,g,57,g,0,g,0,g,0,g,0,g,44,g
352,dave and busters,angry orchard crisp apple cider 50 fl oz,0,g,0,mg,60,g,130,g,0,g,0,g,0,g,0,g,100,g
353,dave and busters,asian chicken wonton nachos,29,g,120,mg,1830,g,58,g,27,g,8,g,0,g,5,g,24,g
354,dave and busters,avocado toast with mexican street corn,78,g,15,mg,1570,g,75,g,14,g,11,g,0,g,19,g,9,g
355,dave and busters,bacardi superior rum,0,g,0,mg,15,g,0,g,0,g,0,g,0,g,0,g,0,g
356,dave and busters,backwoods blueberry lemonade,0,g,0,mg,0,g,37,g,0,g,0,g,0,g,0,g,29,g
357,dave and busters,baileys irish cream,6,g,20,mg,35,g,11,g,2,g,4,g,1,g,0,g,9,g
358,dave and busters,bar bites asian chicken wonton nachos,15,g,60,mg,920,g,29,g,14,g,4,g,0,g,2,g,12,g
359,dave and busters,barefoot moscato,0,g,0,mg,25,g,24,g,0,g,0,g,0,g,0,g,18,g
360,dave and busters,barefoot rose split,0,g,0,mg,10,g,5,g,2,g,0,g,0,g,0,g,3,g
361,dave and busters,bavarian pretzels,10,g,15,mg,2240,g,73,g,16,g,5,g,0,g,4,g,1,g
362,dave and busters,beringer white zinfandel,0,g,0,mg,15,g,17,g,0,g,0,g,0,g,0,g,11,g
363,dave and busters,best for last brookie sundae brookie sundae tower,72,g,135,mg,790,g,211,g,17,g,45,g,1,g,4,g,144,g
364,dave and busters,best for last build your own churro sundae,57,g,150,mg,1740,g,282,g,20,g,27,g,0,g,12,g,204,g
365,dave and busters,best for last cheesecake dip,57,g,195,mg,580,g,92,g,14,g,33,g,1,g,1,g,53,g
366,dave and busters,best for last triple layer chocolate cake,59,g,145,mg,800,g,154,g,13,g,38,g,0,g,7,g,114,g
367,dave and busters,bistro steak and shrimp with lobster alfredo linguine,86,g,250,mg,3180,g,110,g,64,g,31,g,0,g,8,g,8,g
368,dave and busters,bistro steak and shrimp with lobster alfredo linguine zoodles,87,g,255,mg,3340,g,28,g,55,g,31,g,0,g,7,g,11,g
369,dave and busters,blue moon belgian white 100 fl oz,0,g,0,mg,35,g,103,g,19,g,0,g,0,g,0,g,90,g
370,dave and busters,blue moon belgian white 16 fl oz,0,g,0,mg,5,g,16,g,3,g,0,g,0,g,0,g,14,g
371,dave and busters,blue moon belgian white 22 fl oz,0,g,0,mg,5,g,23,g,4,g,0,g,0,g,0,g,20,g
372,dave and busters,blue moon belgian white 50 fl oz,0,g,0,mg,15,g,51,g,10,g,0,g,0,g,0,g,45,g
373,dave and busters,blue raspberry sno glowb 16 fl oz,0,g,0,mg,25,g,78,g,0,g,0,g,0,g,0,g,76,g
374,dave and busters,bombay sapphire,0,g,0,mg,0,g,0,g,0,g,0,g,0,g,0,g,0,g
375,dave and busters,brookie sundae brookie sundae tower,72,g,135,mg,790,g,211,g,17,g,45,g,1,g,4,g,144,g
376,dave and busters,brussels and bacon,81,g,65,mg,830,g,24,g,17,g,19,g,0,g,12,g,8,g
377,dave and busters,bud light 100 fl oz,0,g,0,mg,90,g,38,g,7,g,0,g,0,g,0,g,0,g
378,dave and busters,bud light 16 fl oz,0,g,0,mg,15,g,6,g,1,g,0,g,0,g,0,g,0,g
379,dave and busters,bud light 22 fl oz,0,g,0,mg,20,g,8,g,2,g,0,g,0,g,0,g,0,g
380,dave and busters,bud light 50 fl oz,0,g,0,mg,45,g,19,g,4,g,0,g,0,g,0,g,0,g
381,dave and busters,budweiser 100 fl oz,0,g,0,mg,90,g,88,g,11,g,0,g,0,g,0,g,0,g
382,dave and busters,budweiser 16 fl oz,0,g,0,mg,15,g,14,g,2,g,0,g,0,g,0,g,0,g
383,dave and busters,budweiser 22 fl oz,0,g,0,mg,20,g,19,g,2,g,0,g,0,g,0,g,0,g
384,dave and busters,budweiser 50 fl oz,0,g,0,mg,45,g,44,g,5,g,0,g,0,g,0,g,0,g
385,dave and busters,buffalo wing burger,118,g,105,mg,4410,g,121,g,92,g,35,g,1,g,14,g,39,g
386,dave and busters,buffalo wing burger lettuce for bun,115,g,105,mg,4120,g,82,g,87,g,34,g,1,g,13,g,31,g
387,dave and busters,buffalo wing burger lightlife patty,116,g,85,mg,4520,g,133,g,77,g,26,g,1,g,16,g,40,g
388,dave and busters,buffalo wings boneless,34,g,45,mg,2790,g,55,g,40,g,8,g,0,g,4,g,9,g
389,dave and busters,buffalo wings regular,47,g,185,mg,3250,g,25,g,80,g,13,g,0,g,5,g,8,g
390,dave and busters,build your own churro sundae,57,g,150,mg,1740,g,282,g,20,g,27,g,0,g,12,g,204,g
391,dave and busters,bulleit rye whiskey,0,g,0,mg,0,g,0,g,0,g,0,g,0,g,0,g,0,g
392,dave and busters,burgers add applewood smoked bacon,7,g,15,mg,270,g,0,g,5,g,3,g,0,g,0,g,0,g
393,dave and busters,burgers add avocado,7,g,0,mg,0,g,4,g,1,g,1,g,0,g,3,g,0,g
394,dave and busters,busters bloody mary,5,g,10,mg,2060,g,17,g,4,g,1,g,0,g,2,g,12,g
395,dave and busters,busters cheeseburger,58,g,50,mg,3690,g,114,g,53,g,25,g,1,g,7,g,12,g
396,dave and busters,busters cheeseburger lettuce for bun,55,g,50,mg,3400,g,74,g,48,g,25,g,1,g,6,g,4,g
397,dave and busters,busters cheeseburger lightlife patty,56,g,30,mg,3790,g,125,g,39,g,16,g,0,g,9,g,12,g
398,dave and busters,cantina nachos buffalo chicken,172,g,340,mg,8110,g,192,g,100,g,59,g,2,g,46,g,12,g
399,dave and busters,cantina nachos green chile steak,175,g,255,mg,6520,g,192,g,97,g,57,g,2,g,48,g,9,g
400,dave and busters,cantina nachos kalua pork,169,g,280,mg,9010,g,180,g,88,g,60,g,2,g,42,g,18,g
401,dave and busters,captain morgan original spiced rum,0,g,0,mg,0,g,1,g,0,g,0,g,0,g,0,g,0,g
402,dave and busters,caribbean luxe patron lit,0,g,0,mg,0,g,34,g,0,g,0,g,0,g,0,g,27,g
403,dave and busters,cheesecake dip,57,g,195,mg,580,g,92,g,14,g,33,g,1,g,1,g,53,g
404,dave and busters,chicken and waffle sliders,127,g,160,mg,3420,g,219,g,78,g,38,g,0,g,11,g,98,g
405,dave and busters,chicken quesadillas,87,g,160,mg,4420,g,50,g,74,g,41,g,0,g,2,g,7,g
406,dave and busters,chicken quesadillas kalua pork,118,g,115,mg,6190,g,62,g,68,g,48,g,0,g,4,g,15,g
407,dave and busters,chicken quesadillas kon tiki mango salsa,87,g,160,mg,4380,g,53,g,74,g,41,g,0,g,2,g,8,g
408,dave and busters,chicken tortilla soup bowl,7,g,50,mg,600,g,24,g,20,g,2,g,0,g,3,g,2,g
409,dave and busters,chicken tortilla soup cup,6,g,25,mg,320,g,17,g,11,g,2,g,0,g,3,g,1,g
410,dave and busters,chocolate milk 12 fl oz,12,g,35,mg,190,g,66,g,14,g,7,g,0,g,2,g,58,g
411,dave and busters,chocolate milkshake,72,g,170,mg,370,g,158,g,24,g,8,g,0,g,2,g,150,g
412,dave and busters,coca cola 12 fl oz,0,g,0,mg,45,g,39,g,0,g,0,g,0,g,0,g,39,g
413,dave and busters,coca cola 20 fl oz,0,g,0,mg,80,g,66,g,0,g,0,g,0,g,0,g,66,g
414,dave and busters,cointreau,0,g,0,mg,0,g,10,g,0,g,0,g,0,g,0,g,10,g
415,dave and busters,coke zero 12 fl oz,0,g,0,mg,40,g,0,g,0,g,0,g,0,g,0,g,0,g
416,dave and busters,coke zero 20 fl oz,0,g,0,mg,65,g,0,g,0,g,0,g,0,g,0,g,0,g
417,dave and busters,coors light 100 fl oz,0,g,0,mg,90,g,42,g,6,g,0,g,0,g,0,g,0,g
418,dave and busters,coors light 16 fl oz,0,g,0,mg,15,g,7,g,1,g,0,g,0,g,0,g,0,g
419,dave and busters,coors light 22 fl oz,0,g,0,mg,20,g,9,g,1,g,0,g,0,g,0,g,0,g
420,dave and busters,coors light 50 fl oz,0,g,0,mg,45,g,21,g,3,g,0,g,0,g,0,g,0,g
421,dave and busters,corona extra 100 fl oz,0,g,0,mg,0,g,124,g,0,g,0,g,0,g,0,g,37,g
422,dave and busters,corona extra 16 fl oz,0,g,0,mg,0,g,20,g,0,g,0,g,0,g,0,g,6,g
423,dave and busters,corona extra 22 fl oz,0,g,0,mg,0,g,27,g,0,g,0,g,0,g,0,g,8,g
424,dave and busters,corona extra 50 fl oz,0,g,0,mg,0,g,62,g,0,g,0,g,0,g,0,g,18,g
425,dave and busters,corona light 100 fl oz,0,g,0,mg,0,g,41,g,0,g,0,g,0,g,0,g,0,g
426,dave and busters,corona light 16 fl oz,0,g,0,mg,0,g,7,g,0,g,0,g,0,g,0,g,0,g
427,dave and busters,corona light 22 fl oz,0,g,0,mg,0,g,9,g,0,g,0,g,0,g,0,g,0,g
428,dave and busters,corona light 50 fl oz,0,g,0,mg,0,g,21,g,0,g,0,g,0,g,0,g,0,g
429,dave and busters,crispy potstickers,45,g,40,mg,1230,g,69,g,16,g,12,g,0,g,3,g,27,g
430,dave and busters,crispy seasoned tots,73,g,0,mg,1690,g,86,g,40,g,14,g,1,g,15,g,0,g
431,dave and busters,crown and sprite,0,g,0,mg,10,g,13,g,1,g,0,g,0,g,0,g,12,g
432,dave and busters,crown royal regal apple whisky,0,g,0,mg,0,g,5,g,0,g,0,g,0,g,0,g,5,g
433,dave and busters,crown royal whisky,0,g,0,mg,0,g,0,g,0,g,0,g,0,g,0,g,0,g
434,dave and busters,dandb tntea,0,g,0,mg,0,g,12,g,0,g,0,g,0,g,0,g,7,g
435,dave and busters,dangerous waters island punch,0,g,0,mg,0,g,26,g,0,g,0,g,0,g,0,g,20,g
436,dave and busters,diet coke 12 fl oz,0,g,0,mg,45,g,0,g,0,g,0,g,0,g,0,g,0,g
437,dave and busters,diet coke 20 fl oz,0,g,0,mg,75,g,0,g,0,g,0,g,0,g,0,g,0,g
438,dave and busters,dip trio,107,g,135,mg,2760,g,164,g,50,g,35,g,2,g,40,g,6,g
439,dave and busters,disaronno,0,g,0,mg,0,g,14,g,0,g,0,g,0,g,0,g,14,g
440,dave and busters,dos equis lager especial 100 fl oz,0,g,0,mg,0,g,92,g,0,g,0,g,0,g,0,g,25,g
441,dave and busters,dos equis lager especial 16 fl oz,0,g,0,mg,0,g,15,g,0,g,0,g,0,g,0,g,4,g
442,dave and busters,dos equis lager especial 22 fl oz,0,g,0,mg,0,g,20,g,0,g,0,g,0,g,0,g,6,g
443,dave and busters,dos equis lager especial 50 fl oz,0,g,0,mg,0,g,46,g,0,g,0,g,0,g,0,g,13,g
444,dave and busters,dr pepper 12 fl oz,0,g,0,mg,55,g,41,g,0,g,0,g,0,g,0,g,41,g
445,dave and busters,dr pepper 20 fl oz,0,g,0,mg,90,g,68,g,0,g,0,g,0,g,0,g,68,g
446,dave and busters,dressings ancho chile caesar,27,g,25,mg,670,g,3,g,3,g,4,g,0,g,0,g,0,g
447,dave and busters,dressings avocado jalapeno ranch,22,g,10,mg,490,g,6,g,2,g,4,g,0,g,4,g,1,g
448,dave and busters,dressings balsamic herb vinaigrette,22,g,0,mg,380,g,6,g,0,g,3,g,0,g,0,g,4,g
449,dave and busters,dressings bleu cheese,30,g,30,mg,600,g,2,g,2,g,6,g,0,g,0,g,2,g
450,dave and busters,dressings buttermilk ranch,22,g,10,mg,400,g,2,g,0,g,4,g,0,g,0,g,2,g
451,dave and busters,dressings honey mustard,22,g,30,mg,420,g,14,g,0,g,3,g,0,g,0,g,12,g
452,dave and busters,dressings roasted garlic caesar,30,g,30,mg,660,g,0,g,2,g,5,g,0,g,0,g,0,g
453,dave and busters,dressings thai ginger peanut,10,g,0,mg,630,g,20,g,2,g,1,g,0,g,0,g,17,g
454,dave and busters,drunken ny strip,103,g,115,mg,6420,g,52,g,88,g,31,g,0,g,8,g,15,g
455,dave and busters,ecco domani pinot grigio,0,g,0,mg,25,g,6,g,0,g,0,g,0,g,0,g,2,g
456,dave and busters,effen blood orange,0,g,0,mg,0,g,3,g,0,g,0,g,0,g,0,g,2,g
457,dave and busters,fire grilled steak salad,37,g,70,mg,1380,g,35,g,34,g,9,g,0,g,6,g,20,g
458,dave and busters,fire grilled steak with bacon wrapped shrimp and lobster sauce,73,g,175,mg,3210,g,45,g,47,g,18,g,0,g,6,g,10,g
459,dave and busters,fireball cinnamon whisky,0,g,0,mg,0,g,11,g,0,g,0,g,0,g,0,g,11,g
460,dave and busters,firefly strawberry moonshine,0,g,0,mg,0,g,6,g,0,g,0,g,0,g,0,g,6,g
461,dave and busters,five cheese lazy fondue,31,g,90,mg,1890,g,62,g,34,g,18,g,1,g,5,g,4,g
462,dave and busters,franciscan estate cabernet sauvignon,0,g,0,mg,10,g,8,g,0,g,0,g,0,g,0,g,2,g
463,dave and busters,frazzled zoodles,148,g,10,mg,3050,g,115,g,7,g,30,g,1,g,15,g,2,g
464,dave and busters,french fries,31,g,0,mg,2350,g,105,g,9,g,6,g,0,g,6,g,14,g
465,dave and busters,fresh garden side salad,13,g,30,mg,170,g,16,g,9,g,6,g,0,g,5,g,1,g
466,dave and busters,fresh seasonal vegetables,7,g,0,mg,510,g,4,g,1,g,2,g,0,g,0,g,2,g
467,dave and busters,fresh tomato and basil linguine,36,g,5,mg,1140,g,101,g,20,g,6,g,0,g,7,g,6,g
468,dave and busters,fresh tomato and basil linguine with chicken,54,g,125,mg,2750,g,120,g,64,g,10,g,0,g,9,g,6,g
469,dave and busters,fresh tomato and basil linguine with chicken zoodles,56,g,125,mg,2920,g,43,g,54,g,9,g,0,g,8,g,12,g
470,dave and busters,fresh tomato and basil linguine with shrimp,36,g,75,mg,1770,g,101,g,29,g,6,g,0,g,7,g,6,g
471,dave and busters,fresh tomato and basil linguine with shrimp zoodles,39,g,75,mg,1930,g,23,g,18,g,6,g,0,g,6,g,12,g
472,dave and busters,fresh tomato and basil linguine zoodles,38,g,5,mg,1300,g,23,g,9,g,6,g,0,g,6,g,12,g
473,dave and busters,fresh made guacamole,17,g,0,mg,470,g,10,g,2,g,2,g,0,g,7,g,1,g
474,dave and busters,fried rice,47,g,125,mg,1970,g,126,g,22,g,5,g,0,g,4,g,4,g
475,dave and busters,frose,0,g,0,mg,20,g,17,g,4,g,0,g,0,g,1,g,10,g
476,dave and busters,garlic parmesan cheese curds,100,g,90,mg,3280,g,38,g,59,g,56,g,0,g,1,g,6,g
477,dave and busters,grand marnier,0,g,0,mg,0,g,10,g,0,g,0,g,0,g,0,g,8,g
478,dave and busters,grape candy chill 16 fl oz,0,g,0,mg,25,g,92,g,0,g,0,g,0,g,0,g,78,g
479,dave and busters,green chile chicken tacos,80,g,195,mg,5260,g,112,g,55,g,28,g,1,g,19,g,10,g
480,dave and busters,green chile chicken tacos lettuce wraps,78,g,190,mg,5080,g,104,g,54,g,27,g,1,g,20,g,11,g
481,dave and busters,green ghost glow kones,0,g,0,mg,0,g,33,g,0,g,0,g,0,g,0,g,27,g
482,dave and busters,grey goose,0,g,0,mg,0,g,0,g,0,g,0,g,0,g,0,g,0,g
483,dave and busters,grey goose martini,2,g,0,mg,440,g,1,g,0,g,0,g,0,g,0,g,0,g
484,dave and busters,grilled chicken and baby kale caesar,57,g,200,mg,2260,g,13,g,64,g,15,g,0,g,6,g,4,g
485,dave and busters,grilled chicken avocado ranch sandwich,64,g,115,mg,2980,g,142,g,52,g,14,g,0,g,17,g,20,g
486,dave and busters,guacamole and chips,55,g,5,mg,590,g,106,g,11,g,10,g,0,g,29,g,3,g
487,dave and busters,guinness draught 100 fl oz,0,g,0,mg,0,g,80,g,0,g,0,g,0,g,0,g,0,g
488,dave and busters,guinness draught 12 fl oz,0,g,0,mg,0,g,10,g,0,g,0,g,0,g,0,g,0,g
489,dave and busters,guinness draught 16 fl oz,0,g,0,mg,0,g,13,g,0,g,0,g,0,g,0,g,0,g
490,dave and busters,guinness draught 22 fl oz,0,g,0,mg,0,g,18,g,0,g,0,g,0,g,0,g,0,g
491,dave and busters,guinness draught 50 fl oz,0,g,0,mg,0,g,40,g,0,g,0,g,0,g,0,g,0,g
492,dave and busters,hand breaded crispy chicken cobb salad,63,g,105,mg,2170,g,56,g,38,g,12,g,0,g,13,g,21,g
493,dave and busters,hand breaded crispy chicken sandwich fried,75,g,105,mg,3900,g,140,g,53,g,20,g,0,g,10,g,34,g
494,dave and busters,hand breaded crispy chicken sandwich grilled,64,g,120,mg,3170,g,124,g,50,g,17,g,0,g,8,g,24,g
495,dave and busters,hand dipped chocolate milkshake,72,g,170,mg,370,g,158,g,24,g,8,g,0,g,2,g,150,g
496,dave and busters,hand dipped strawberry milkshake,72,g,170,mg,340,g,135,g,22,g,8,g,0,g,0,g,133,g
497,dave and busters,hand dipped vanilla milkshake,74,g,175,mg,370,g,113,g,24,g,9,g,0,g,0,g,113,g
498,dave and busters,heineken 100 fl oz,0,g,0,mg,70,g,92,g,0,g,0,g,0,g,0,g,17,g
499,dave and busters,heineken 16 fl oz,0,g,0,mg,10,g,15,g,0,g,0,g,0,g,0,g,3,g
500,dave and busters,heineken 22 fl oz,0,g,0,mg,15,g,20,g,0,g,0,g,0,g,0,g,4,g
501,dave and busters,heineken 50 fl oz,0,g,0,mg,35,g,46,g,0,g,0,g,0,g,0,g,8,g
502,dave and busters,helluva old fashioned heckuva old fashioned,0,g,0,mg,0,g,24,g,0,g,0,g,0,g,0,g,24,g
503,dave and busters,hendricks,0,g,0,mg,0,g,0,g,0,g,0,g,0,g,0,g,0,g
504,dave and busters,hendricks gin and tonic,0,g,0,mg,15,g,11,g,0,g,0,g,0,g,0,g,11,g
505,dave and busters,hennessy v s,0,g,0,mg,0,g,0,g,0,g,0,g,0,g,0,g,0,g
506,dave and busters,hennys strawberry nirvana,0,g,0,mg,0,g,29,g,0,g,0,g,0,g,0,g,25,g
507,dave and busters,hi c pink lemonade 12 fl oz,0,g,0,mg,60,g,36,g,0,g,0,g,0,g,0,g,36,g
508,dave and busters,hi c pink lemonade 20 fl oz,0,g,0,mg,105,g,60,g,0,g,0,g,0,g,0,g,60,g
509,dave and busters,hornitos reposado,0,g,0,mg,0,g,0,g,0,g,0,g,0,g,0,g,0,g
510,dave and busters,hot tea,0,g,0,mg,10,g,0,g,0,g,0,g,0,g,0,g,0,g
511,dave and busters,ibc root beer,0,g,0,mg,60,g,44,g,0,g,0,g,0,g,0,g,44,g
512,dave and busters,iced tea,0,g,0,mg,15,g,0,g,0,g,0,g,0,g,0,g,0,g
513,dave and busters,icy sips blue raspberry sno glowb,0,g,0,mg,25,g,78,g,0,g,0,g,0,g,0,g,76,g
514,dave and busters,icy sips grape candy chill,0,g,0,mg,25,g,92,g,0,g,0,g,0,g,0,g,78,g
515,dave and busters,jack and coke,0,g,0,mg,15,g,13,g,0,g,0,g,0,g,0,g,13,g
516,dave and busters,jack daniels tennessee whiskey,0,g,0,mg,0,g,0,g,0,g,0,g,0,g,0,g,0,g
517,dave and busters,jagermeister,0,g,0,mg,0,g,17,g,0,g,0,g,0,g,0,g,17,g
518,dave and busters,jameson and ginger,0,g,0,mg,10,g,11,g,0,g,0,g,0,g,0,g,11,g
519,dave and busters,jameson irish whiskey,0,g,0,mg,0,g,0,g,0,g,0,g,0,g,0,g,0,g
520,dave and busters,jameson long island tea,0,g,0,mg,5,g,22,g,0,g,0,g,0,g,0,g,18,g
521,dave and busters,jasmine rice,4,g,0,mg,720,g,44,g,4,g,1,g,0,g,1,g,1,g
522,dave and busters,jim beam bourbon,0,g,0,mg,0,g,0,g,0,g,0,g,0,g,0,g,0,g
523,dave and busters,johnnie walker black,0,g,0,mg,0,g,0,g,0,g,0,g,0,g,0,g,0,g
524,dave and busters,jrs kalbi beef,65,g,115,mg,3570,g,144,g,32,g,22,g,0,g,5,g,88,g
525,dave and busters,kahlua,0,g,0,mg,0,g,22,g,0,g,0,g,0,g,0,g,22,g
526,dave and busters,kendall jackson vintners reserve chardonnay,0,g,0,mg,10,g,12,g,0,g,0,g,0,g,0,g,2,g
527,dave and busters,ketel one,0,g,0,mg,0,g,0,g,0,g,0,g,0,g,0,g,0,g
528,dave and busters,kids goldfingers,46,g,80,mg,1860,g,68,g,30,g,9,g,0,g,4,g,16,g
529,dave and busters,kids pretzel dogs,35,g,15,mg,2360,g,101,g,19,g,12,g,2,g,3,g,22,g
530,dave and busters,kids surf and turf,102,g,165,mg,2470,g,121,g,69,g,31,g,1,g,4,g,21,g
531,dave and busters,kids add applewood smoked bacon,4,g,10,mg,135,g,0,g,3,g,1,g,0,g,0,g,0,g
532,dave and busters,kids cheeseburger,39,g,35,mg,2040,g,87,g,37,g,16,g,0,g,4,g,18,g
533,dave and busters,kids fresh garden salad,13,g,30,mg,170,g,16,g,9,g,6,g,0,g,5,g,1,g
534,dave and busters,kids grilled cheese,60,g,65,mg,3280,g,116,g,28,g,19,g,0,g,5,g,16,g
535,dave and busters,kids grilled chicken tenders,21,g,10,mg,1480,g,52,g,30,g,5,g,0,g,2,g,1,g
536,dave and busters,kids macaroni and cheese,9,g,15,mg,550,g,45,g,10,g,3,g,0,g,2,g,8,g
537,dave and busters,kids parmesan caesar salad,20,g,25,mg,670,g,13,g,8,g,4,g,0,g,3,g,1,g
538,dave and busters,kids pasta marinara,1,g,0,mg,840,g,70,g,12,g,1,g,0,g,5,g,7,g
539,dave and busters,kids pasta non dairy butter flavor,29,g,0,mg,390,g,61,g,10,g,6,g,0,g,4,g,1,g
540,dave and busters,kids side of french fries,31,g,0,mg,2350,g,105,g,9,g,6,g,0,g,6,g,14,g
541,dave and busters,la crema chardonnay,0,g,0,mg,10,g,12,g,0,g,0,g,0,g,0,g,2,g
542,dave and busters,la marca prosecco,0,g,0,mg,0,g,8,g,0,g,0,g,0,g,0,g,8,g
543,dave and busters,lagunitas ipa 100 fl oz,0,g,0,mg,0,g,119,g,0,g,0,g,0,g,0,g,0,g
544,dave and busters,lagunitas ipa 16 fl oz,0,g,0,mg,0,g,19,g,0,g,0,g,0,g,0,g,0,g
545,dave and busters,lagunitas ipa 22 fl oz,0,g,0,mg,0,g,26,g,0,g,0,g,0,g,0,g,0,g
546,dave and busters,lagunitas ipa 50 fl oz,0,g,0,mg,0,g,60,g,0,g,0,g,0,g,0,g,0,g
547,dave and busters,linguine and meatballs,73,g,180,mg,3950,g,128,g,62,g,31,g,1,g,9,g,13,g
548,dave and busters,linguine and meatballs zoodles,72,g,180,mg,3950,g,46,g,50,g,30,g,1,g,7,g,16,g
549,dave and busters,loaded garlic mashed potatoes,10,g,10,mg,630,g,30,g,6,g,3,g,0,g,2,g,4,g
550,dave and busters,loaded pot stickers,43,g,20,mg,690,g,40,g,13,g,10,g,0,g,2,g,8,g
551,dave and busters,lunetta prosecco split,0,g,0,mg,0,g,2,g,0,g,0,g,0,g,0,g,2,g
552,dave and busters,mac and cheese,22,g,45,mg,1030,g,26,g,13,g,11,g,0,g,1,g,1,g
553,dave and busters,makers mark bourbon,0,g,0,mg,0,g,0,g,0,g,0,g,0,g,0,g,0,g
554,dave and busters,makers mark paradise punch,0,g,0,mg,0,g,25,g,0,g,0,g,0,g,0,g,23,g
555,dave and busters,malibu coconut,0,g,0,mg,0,g,8,g,0,g,0,g,0,g,0,g,8,g
556,dave and busters,mango berry bull,0,g,0,mg,110,g,67,g,0,g,0,g,0,g,0,g,60,g
557,dave and busters,meiomi pinot noir,0,g,0,mg,10,g,6,g,0,g,0,g,0,g,0,g,2,g
558,dave and busters,mexican street corn quesadillas,23,g,20,mg,650,g,29,g,9,g,6,g,0,g,3,g,3,g
559,dave and busters,michelob ultra 100 fl oz,0,g,0,mg,90,g,22,g,4,g,0,g,0,g,0,g,0,g
560,dave and busters,michelob ultra 16 fl oz,0,g,0,mg,15,g,3,g,1,g,0,g,0,g,0,g,0,g
561,dave and busters,michelob ultra 22 fl oz,0,g,0,mg,20,g,5,g,1,g,0,g,0,g,0,g,0,g
562,dave and busters,michelob ultra 50 fl oz,0,g,0,mg,45,g,11,g,2,g,0,g,0,g,0,g,0,g
563,dave and busters,midori,0,g,0,mg,0,g,11,g,0,g,0,g,0,g,0,g,10,g
564,dave and busters,milk 12 fl oz,12,g,35,mg,160,g,18,g,12,g,7,g,0,g,0,g,18,g
565,dave and busters,miller lite 100 fl oz,0,g,0,mg,40,g,27,g,6,g,0,g,0,g,0,g,0,g
566,dave and busters,miller lite 16 fl oz,0,g,0,mg,5,g,4,g,1,g,0,g,0,g,0,g,0,g
567,dave and busters,miller lite 22 fl oz,0,g,0,mg,10,g,6,g,1,g,0,g,0,g,0,g,0,g
568,dave and busters,miller lite 50 fl oz,0,g,0,mg,20,g,13,g,3,g,0,g,0,g,0,g,0,g
569,dave and busters,minute maid apple juice 12 fl oz,0,g,0,mg,0,g,42,g,0,g,0,g,0,g,0,g,39,g
570,dave and busters,minute maid apple juice 20 fl oz,0,g,0,mg,0,g,70,g,0,g,0,g,0,g,0,g,65,g
571,dave and busters,minute maid pineapple juice 12 fl oz,0,g,0,mg,0,g,47,g,0,g,0,g,0,g,0,g,44,g
572,dave and busters,minute maid pineapple juice 20 fl oz,0,g,0,mg,0,g,78,g,0,g,0,g,0,g,0,g,73,g
573,dave and busters,modelo especial 100 fl oz,0,g,0,mg,0,g,119,g,0,g,0,g,0,g,0,g,37,g
574,dave and busters,modelo especial 16 fl oz,0,g,0,mg,0,g,19,g,0,g,0,g,0,g,0,g,6,g
575,dave and busters,modelo especial 22 fl oz,0,g,0,mg,0,g,26,g,0,g,0,g,0,g,0,g,8,g
576,dave and busters,modelo especial 50 fl oz,0,g,0,mg,0,g,60,g,0,g,0,g,0,g,0,g,18,g
577,dave and busters,monster cookie bowl sundae,166,g,405,mg,3160,g,458,g,33,g,94,g,0,g,1,g,314,g
578,dave and busters,mucho loco moco burger,82,g,230,mg,1450,g,70,g,77,g,30,g,2,g,4,g,6,g
579,dave and busters,mucho loco moco lightlife patty,62,g,185,mg,2100,g,79,g,37,g,19,g,0,g,6,g,6,g
580,dave and busters,myerss original dark rum,0,g,0,mg,0,g,0,g,0,g,0,g,0,g,0,g,0,g
581,dave and busters,new york strip,50,g,85,mg,2810,g,50,g,67,g,17,g,0,g,6,g,6,g
582,dave and busters,newcastle brown ale 100 fl oz,0,g,0,mg,0,g,83,g,0,g,0,g,0,g,0,g,50,g
583,dave and busters,newcastle brown ale 16 fl oz,0,g,0,mg,0,g,13,g,0,g,0,g,0,g,0,g,8,g
584,dave and busters,newcastle brown ale 22 fl oz,0,g,0,mg,0,g,18,g,0,g,0,g,0,g,0,g,11,g
585,dave and busters,newcastle brown ale 50 fl oz,0,g,0,mg,0,g,42,g,0,g,0,g,0,g,0,g,25,g
586,dave and busters,odouls non alcoholic,0,g,0,mg,10,g,15,g,1,g,0,g,0,g,0,g,0,g
587,dave and busters,original coronarita,0,g,0,mg,10,g,14,g,1,g,0,g,0,g,0,g,6,g
588,dave and busters,original snow cone,0,g,0,mg,10,g,35,g,0,g,0,g,0,g,0,g,27,g
589,dave and busters,parmesan bacon brussels sprouts,38,g,15,mg,420,g,12,g,8,g,9,g,0,g,6,g,4,g
590,dave and busters,parmesan caesar side salad,20,g,25,mg,670,g,13,g,8,g,4,g,0,g,3,g,1,g
591,dave and busters,passion fruit mega mojito,0,g,0,mg,5,g,34,g,0,g,0,g,0,g,1,g,28,g
592,dave and busters,patron citronge,0,g,0,mg,0,g,16,g,0,g,0,g,0,g,0,g,11,g
593,dave and busters,patron reposado,0,g,0,mg,0,g,0,g,0,g,0,g,0,g,0,g,0,g
594,dave and busters,patron silver,0,g,0,mg,0,g,0,g,0,g,0,g,0,g,0,g,0,g
595,dave and busters,pepperoni pretzel pull apart,49,g,115,mg,4060,g,151,g,53,g,25,g,0,g,9,g,6,g
596,dave and busters,perfect patron margarita,0,g,0,mg,1600,g,13,g,0,g,0,g,0,g,0,g,5,g
597,dave and busters,philly cheesesteak sliders and goldfingers,118,g,275,mg,5570,g,126,g,102,g,38,g,1,g,8,g,9,g
598,dave and busters,plates bang bang chicken,86,g,155,mg,3060,g,156,g,64,g,13,g,0,g,14,g,31,g
599,dave and busters,plates bang bang chicken zoodles,95,g,155,mg,3060,g,69,g,51,g,12,g,0,g,11,g,31,g
600,dave and busters,plates chicken chimichurri bowl,92,g,90,mg,4320,g,90,g,39,g,14,g,0,g,11,g,14,g
601,dave and busters,plates classic goldfingers,62,g,145,mg,3310,g,104,g,58,g,12,g,0,g,5,g,28,g
602,dave and busters,plates dynamite fried shrimp,96,g,105,mg,2960,g,117,g,27,g,20,g,0,g,5,g,13,g
603,dave and busters,plates fire grilled salmon,49,g,115,mg,3330,g,52,g,59,g,10,g,2,g,5,g,3,g
604,dave and busters,plates fresh fish,27,g,265,mg,1850,g,55,g,63,g,11,g,0,g,4,g,3,g
605,dave and busters,plates hand breaded chicken fried chicken,84,g,180,mg,3720,g,127,g,83,g,20,g,0,g,13,g,17,g
606,dave and busters,plates lemon garlic shrimp,81,g,145,mg,2350,g,24,g,26,g,12,g,0,g,5,g,6,g
607,dave and busters,plates simply grilled chicken,38,g,165,mg,3360,g,11,g,59,g,7,g,0,g,4,g,5,g
608,dave and busters,plates simply grilled salmon,76,g,120,mg,3400,g,11,g,60,g,12,g,2,g,4,g,5,g
609,dave and busters,pretzel dogs,66,g,25,mg,2170,g,86,g,27,g,21,g,3,g,3,g,18,g
610,dave and busters,red bull blue edition blueberry,0,g,0,mg,105,g,28,g,0,g,0,g,0,g,0,g,27,g
611,dave and busters,red bull energy drink,0,g,0,mg,100,g,28,g,1,g,0,g,0,g,0,g,27,g
612,dave and busters,red bull sour lime slush,0,g,0,mg,50,g,46,g,1,g,0,g,0,g,0,g,40,g
613,dave and busters,red bull strawberry slush,0,g,0,mg,50,g,30,g,1,g,0,g,0,g,1,g,24,g
614,dave and busters,red bull sugarfree,0,g,0,mg,0,g,3,g,1,g,0,g,0,g,0,g,0,g
615,dave and busters,red bull tropical smoothie,4,g,0,mg,75,g,46,g,1,g,4,g,0,g,2,g,41,g
616,dave and busters,red bull yellow edition tropical,0,g,0,mg,105,g,28,g,1,g,0,g,0,g,0,g,27,g
617,dave and busters,regular coffee,0,g,0,mg,5,g,0,g,0,g,0,g,0,g,0,g,0,g
618,dave and busters,remy martin v s o p,0,g,0,mg,0,g,0,g,0,g,0,g,0,g,0,g,0,g
619,dave and busters,robert mondavi private selection cabernet sauvignon,0,g,0,mg,0,g,5,g,0,g,0,g,0,g,0,g,5,g
620,dave and busters,rum and coke,0,g,0,mg,15,g,13,g,0,g,0,g,0,g,0,g,13,g
621,dave and busters,samuel adams boston lager 100 fl oz,0,g,0,mg,180,g,155,g,14,g,0,g,0,g,9,g,18,g
622,dave and busters,samuel adams boston lager 16 fl oz,0,g,0,mg,30,g,25,g,2,g,0,g,0,g,1,g,3,g
623,dave and busters,samuel adams boston lager 22 fl oz,0,g,0,mg,40,g,34,g,3,g,0,g,0,g,2,g,4,g
624,dave and busters,samuel adams boston lager 50 fl oz,0,g,0,mg,90,g,77,g,7,g,0,g,0,g,5,g,9,g
625,dave and busters,santa margherita pinot grigio,0,g,0,mg,15,g,6,g,0,g,0,g,0,g,0,g,3,g
626,dave and busters,sauteed zucchini noodles,15,g,5,mg,450,g,5,g,3,g,2,g,0,g,2,g,3,g
627,dave and busters,sauza blue silver,0,g,0,mg,0,g,0,g,0,g,0,g,0,g,0,g,0,g
628,dave and busters,simply cranberry juice 12 fl oz,0,g,0,mg,0,g,51,g,0,g,0,g,0,g,0,g,48,g
629,dave and busters,simply cranberry juice 20 fl oz,0,g,0,mg,0,g,85,g,0,g,0,g,0,g,0,g,80,g
630,dave and busters,simply lemonade 12 fl oz,0,g,0,mg,25,g,45,g,0,g,0,g,0,g,0,g,42,g
631,dave and busters,simply lemonade 20 fl oz,0,g,0,mg,40,g,75,g,0,g,0,g,0,g,0,g,70,g
632,dave and busters,simply orange juice 12 fl oz,0,g,0,mg,0,g,41,g,3,g,0,g,0,g,0,g,36,g
633,dave and busters,simply orange juice 20 fl oz,0,g,0,mg,0,g,68,g,5,g,0,g,0,g,0,g,60,g
634,dave and busters,sirloin steak,39,g,90,mg,2170,g,52,g,43,g,11,g,0,g,7,g,8,g
635,dave and busters,slow cooked smokehouse bbq ribs full rack,125,g,265,mg,4480,g,183,g,118,g,38,g,1,g,15,g,68,g
636,dave and busters,slow cooked smokehouse bbq ribs half rack,85,g,130,mg,3550,g,160,g,65,g,24,g,1,g,12,g,49,g
637,dave and busters,smashed bar burgers,75,g,105,mg,3180,g,137,g,45,g,27,g,1,g,6,g,33,g
638,dave and busters,smashed bar burgers and smokehouse bbq ribs,114,g,205,mg,3530,g,151,g,90,g,41,g,1,g,8,g,41,g
639,dave and busters,smashed bar burgers and wings boneless,73,g,110,mg,5510,g,166,g,42,g,21,g,0,g,8,g,37,g
640,dave and busters,smashed bar burgers and wings regular,85,g,205,mg,5930,g,154,g,72,g,25,g,1,g,9,g,38,g
641,dave and busters,southern comfort whiskey,0,g,0,mg,0,g,4,g,0,g,0,g,0,g,0,g,4,g
642,dave and busters,sprite 12 fl oz,0,g,0,mg,70,g,39,g,0,g,0,g,0,g,0,g,39,g
643,dave and busters,sprite 20 fl oz,0,g,0,mg,115,g,65,g,0,g,0,g,0,g,0,g,65,g
644,dave and busters,stella artois 100 fl oz,0,g,0,mg,0,g,107,g,10,g,0,g,0,g,0,g,0,g
645,dave and busters,stella artois 16 fl oz,0,g,0,mg,0,g,17,g,2,g,0,g,0,g,0,g,0,g
646,dave and busters,stella artois 22 fl oz,0,g,0,mg,0,g,24,g,2,g,0,g,0,g,0,g,0,g
647,dave and busters,stella artois 50 fl oz,0,g,0,mg,0,g,53,g,5,g,0,g,0,g,0,g,0,g
648,dave and busters,sticky rice,0,g,0,mg,0,g,50,g,4,g,0,g,0,g,1,g,0,g
649,dave and busters,strawberry mango margarita,0,g,0,mg,1600,g,24,g,0,g,0,g,0,g,1,g,18,g
650,dave and busters,strawberry mango snow cone,0,g,0,mg,0,g,20,g,0,g,0,g,0,g,1,g,15,g
651,dave and busters,strawberry milkshake,72,g,170,mg,340,g,135,g,22,g,8,g,0,g,0,g,133,g
652,dave and busters,strawberry watermelon margarita,0,g,0,mg,10,g,47,g,0,g,0,g,0,g,0,g,41,g
653,dave and busters,tanqueray,0,g,0,mg,0,g,0,g,0,g,0,g,0,g,0,g,0,g
654,dave and busters,tequila soda,0,g,0,mg,0,g,1,g,0,g,0,g,0,g,0,g,0,g
655,dave and busters,thai chicken lettuce wraps,65,g,120,mg,3170,g,93,g,52,g,9,g,0,g,12,g,49,g
656,dave and busters,thai chicken superfood chopped salad,10,g,90,mg,1080,g,43,g,36,g,2,g,0,g,6,g,19,g
657,dave and busters,the glenlivet,0,g,0,mg,0,g,0,g,0,g,0,g,0,g,0,g,0,g
658,dave and busters,the lightlife burger,88,g,55,mg,4150,g,113,g,39,g,21,g,0,g,10,g,12,g
659,dave and busters,the lightlife burger lettuce for bun,85,g,55,mg,3870,g,74,g,34,g,21,g,0,g,9,g,4,g
660,dave and busters,the philly cheesesteak,62,g,115,mg,4120,g,124,g,70,g,22,g,1,g,10,g,22,g
661,dave and busters,the super stack burger,112,g,95,mg,5240,g,135,g,92,g,43,g,2,g,11,g,24,g
662,dave and busters,the super stack lettuce for bun,113,g,110,mg,5160,g,78,g,89,g,46,g,2,g,12,g,13,g
663,dave and busters,the super stack lightlife patty,108,g,50,mg,5470,g,157,g,63,g,24,g,0,g,16,g,26,g
664,dave and busters,the ultimate mac and cheese,101,g,280,mg,4410,g,83,g,90,g,43,g,0,g,4,g,4,g
665,dave and busters,the ultimate mac and cheese zoodles,94,g,290,mg,3860,g,21,g,79,g,39,g,0,g,4,g,7,g
666,dave and busters,titos handmade vodka,0,g,0,mg,0,g,0,g,0,g,0,g,0,g,0,g,0,g
667,dave and busters,titos long island peach tea,0,g,0,mg,10,g,24,g,0,g,0,g,0,g,1,g,16,g
668,dave and busters,tomato feta soup bowl,7,g,15,mg,800,g,12,g,4,g,3,g,0,g,3,g,7,g
669,dave and busters,tomato feta soup cup,4,g,10,mg,400,g,6,g,2,g,2,g,0,g,2,g,4,g
670,dave and busters,traditional mojito,0,g,0,mg,0,g,18,g,0,g,0,g,0,g,1,g,13,g
671,dave and busters,triple bacon burger,99,g,120,mg,3220,g,106,g,66,g,38,g,1,g,6,g,19,g
672,dave and busters,triple bacon burger lettuce for bun,96,g,120,mg,2930,g,67,g,61,g,37,g,1,g,6,g,11,g
673,dave and busters,triple bacon burger lightlife patty,97,g,100,mg,4080,g,118,g,51,g,29,g,0,g,9,g,20,g
674,dave and busters,triple layer chocolate cake,59,g,145,mg,800,g,154,g,13,g,38,g,0,g,7,g,114,g
675,dave and busters,tuaca originale italiano,0,g,0,mg,0,g,7,g,0,g,0,g,0,g,0,g,7,g
676,dave and busters,turkey club sliders,54,g,125,mg,2480,g,152,g,44,g,15,g,0,g,12,g,45,g
677,dave and busters,tuscan chicken alfredo,58,g,255,mg,3740,g,107,g,92,g,26,g,0,g,7,g,7,g
678,dave and busters,tuscan chicken alfredo zoodles,43,g,230,mg,3240,g,22,g,77,g,19,g,0,g,5,g,10,g
679,dave and busters,vanilla milkshake,74,g,175,mg,370,g,113,g,24,g,9,g,0,g,0,g,113,g
680,dave and busters,vodka soda,0,g,0,mg,0,g,0,g,0,g,0,g,0,g,0,g,0,g
681,dave and busters,woodford reserve bourbon,0,g,0,mg,0,g,0,g,0,g,0,g,0,g,0,g,0,g
682,dave and busters,x rated fusion liqueur,0,g,0,mg,0,g,11,g,0,g,0,g,0,g,0,g,10,g
683,dazbog coffee company,12 cup french press,0,g,0,mg,0,g,0,g,0,g,0,g,0,g,0,g,0,g
684,dazbog coffee company,3 cup french press,0,g,0,mg,0,g,0,g,0,g,0,g,0,g,0,g,0,g
685,dazbog coffee company,8 cup french press,0,g,0,mg,0,g,0,g,0,g,0,g,0,g,0,g,0,g
686,dazbog coffee company,americano 12 fl oz,0,g,0,mg,0,g,2,g,0,g,0,g,0,g,0,g,0,g
687,dazbog coffee company,americano 16 fl oz,0,g,0,mg,0,g,3,g,0,g,0,g,0,g,0,g,0,g
688,dazbog coffee company,americano 20 fl oz,0,g,0,mg,0,g,4,g,0,g,0,g,0,g,0,g,0,g
689,dazbog coffee company,breve half and half,3,g,15,mg,30,g,1,g,1,g,2,g,0,g,0,g,1,g
690,dazbog coffee company,cafe au lait whole milk 12 fl oz,6,g,25,mg,85,g,9,g,6,g,4,g,0,g,0,g,9,g
691,dazbog coffee company,cafe au lait whole milk 16 fl oz,8,g,35,mg,110,g,11,g,8,g,5,g,0,g,0,g,11,g
692,dazbog coffee company,cafe au lait whole milk 20 fl oz,10,g,45,mg,140,g,14,g,10,g,6,g,0,g,0,g,14,g
693,dazbog coffee company,caffe latte 2 milk 12 fl oz,8,g,30,mg,180,g,19,g,12,g,5,g,0,g,0,g,17,g
694,dazbog coffee company,caffe latte 2 milk 16 fl oz,10,g,40,mg,240,g,25,g,16,g,6,g,0,g,0,g,22,g
695,dazbog coffee company,caffe latte 2 milk 20 fl oz,13,g,50,mg,300,g,32,g,20,g,8,g,0,g,0,g,28,g
696,dazbog coffee company,caffe latte nonfat milk 12 fl oz,1,g,10,mg,190,g,20,g,12,g,0,g,0,g,0,g,18,g
697,dazbog coffee company,caffe latte nonfat milk 16 fl oz,1,g,10,mg,250,g,27,g,16,g,0,g,0,g,0,g,24,g
698,dazbog coffee company,caffe latte nonfat milk 20 fl oz,1,g,15,mg,310,g,34,g,20,g,0,g,0,g,0,g,30,g
699,dazbog coffee company,caffe latte soy milk 12 fl oz,6,g,0,mg,180,g,14,g,11,g,1,g,0,g,2,g,9,g
700,dazbog coffee company,caffe latte soy milk 16 fl oz,8,g,0,mg,240,g,19,g,14,g,1,g,0,g,2,g,12,g
701,dazbog coffee company,caffe latte soy milk 20 fl oz,10,g,0,mg,300,g,24,g,18,g,1,g,0,g,3,g,15,g
702,dazbog coffee company,caffe latte whole milk 12 fl oz,12,g,55,mg,170,g,19,g,12,g,8,g,0,g,0,g,17,g
703,dazbog coffee company,caffe latte whole milk 16 fl oz,16,g,70,mg,220,g,25,g,16,g,10,g,0,g,0,g,22,g
704,dazbog coffee company,caffe latte whole milk 20 fl oz,20,g,90,mg,280,g,32,g,20,g,13,g,0,g,0,g,28,g
705,dazbog coffee company,caffe mocha 2 milk 12 fl oz,8,g,40,mg,180,g,46,g,13,g,5,g,0,g,0,g,39,g
706,dazbog coffee company,caffe mocha 2 milk 16 fl oz,10,g,55,mg,240,g,67,g,18,g,6,g,0,g,0,g,55,g
707,dazbog coffee company,caffe mocha 2 milk 20 fl oz,13,g,70,mg,300,g,87,g,22,g,8,g,0,g,0,g,62,g
708,dazbog coffee company,caffe mocha nonfat milk 12 fl oz,1,g,20,mg,180,g,42,g,13,g,0,g,0,g,0,g,40,g
709,dazbog coffee company,caffe mocha nonfat milk 16 fl oz,1,g,25,mg,240,g,50,g,18,g,0,g,0,g,0,g,57,g
710,dazbog coffee company,caffe mocha nonfat milk 20 fl oz,1,g,35,mg,300,g,78,g,22,g,0,g,0,g,0,g,74,g
711,dazbog coffee company,caffe mocha soy milk 12 fl oz,6,g,0,mg,190,g,42,g,12,g,1,g,0,g,3,g,31,g
712,dazbog coffee company,caffe mocha soy milk 16 fl oz,8,g,0,mg,260,g,60,g,16,g,1,g,0,g,4,g,45,g
713,dazbog coffee company,caffe mocha soy milk 20 fl oz,10,g,0,mg,320,g,80,g,20,g,1,g,0,g,5,g,60,g
714,dazbog coffee company,caffe mocha whole milk 12 fl oz,12,g,65,mg,170,g,46,g,13,g,8,g,0,g,1,g,39,g
715,dazbog coffee company,caffe mocha whole milk 16 fl oz,16,g,85,mg,220,g,66,g,17,g,10,g,0,g,2,g,55,g
716,dazbog coffee company,caffe mocha whole milk 20 fl oz,20,g,110,mg,280,g,86,g,22,g,13,g,0,g,2,g,72,g
717,dazbog coffee company,cappuccino 2 milk 12 fl oz,8,g,30,mg,180,g,19,g,12,g,5,g,0,g,0,g,17,g
718,dazbog coffee company,cappuccino 2 milk 16 fl oz,10,g,40,mg,240,g,25,g,16,g,6,g,0,g,0,g,22,g
719,dazbog coffee company,cappuccino 2 milk 20 fl oz,13,g,50,mg,300,g,32,g,20,g,8,g,0,g,0,g,28,g
720,dazbog coffee company,cappuccino nonfat milk 12 fl oz,1,g,10,mg,190,g,20,g,12,g,0,g,0,g,0,g,18,g
721,dazbog coffee company,cappuccino nonfat milk 16 fl oz,1,g,10,mg,250,g,27,g,16,g,0,g,0,g,0,g,24,g
722,dazbog coffee company,cappuccino nonfat milk 20 fl oz,1,g,15,mg,310,g,34,g,20,g,0,g,0,g,0,g,30,g
723,dazbog coffee company,cappuccino soy milk 12 fl oz,6,g,0,mg,180,g,14,g,11,g,1,g,0,g,2,g,9,g
724,dazbog coffee company,cappuccino soy milk 16 fl oz,8,g,0,mg,240,g,19,g,14,g,1,g,0,g,2,g,12,g
725,dazbog coffee company,cappuccino soy milk 20 fl oz,10,g,0,mg,300,g,24,g,18,g,1,g,0,g,3,g,15,g
726,dazbog coffee company,cappuccino whole milk 12 fl oz,12,g,55,mg,170,g,19,g,12,g,8,g,0,g,0,g,17,g
727,dazbog coffee company,cappuccino whole milk 16 fl oz,16,g,70,mg,220,g,25,g,16,g,10,g,0,g,0,g,22,g
728,dazbog coffee company,cappuccino whole milk 20 fl oz,20,g,90,mg,280,g,32,g,20,g,13,g,0,g,0,g,28,g
729,dazbog coffee company,caramel chiller 2 milk 12 fl oz,15,g,10,mg,270,g,57,g,9,g,14,g,0,g,0,g,50,g
730,dazbog coffee company,caramel chiller 2 milk 16 fl oz,19,g,15,mg,360,g,77,g,11,g,18,g,0,g,0,g,67,g
731,dazbog coffee company,caramel chiller 2 milk 20 fl oz,34,g,15,mg,420,g,112,g,16,g,27,g,0,g,3,g,97,g
732,dazbog coffee company,caramel chiller nonfat milk 12 fl oz,12,g,5,mg,270,g,57,g,9,g,12,g,0,g,0,g,50,g
733,dazbog coffee company,caramel chiller nonfat milk 16 fl oz,16,g,5,mg,360,g,78,g,11,g,16,g,0,g,0,g,68,g
734,dazbog coffee company,caramel chiller nonfat milk 20 fl oz,30,g,5,mg,420,g,113,g,16,g,25,g,0,g,3,g,98,g
735,dazbog coffee company,caramel chiller soy milk 12 fl oz,14,g,0,mg,270,g,55,g,8,g,12,g,0,g,1,g,47,g
736,dazbog coffee company,caramel chiller soy milk 16 fl oz,19,g,0,mg,360,g,75,g,10,g,16,g,0,g,1,g,64,g
737,dazbog coffee company,caramel chiller soy milk 20 fl oz,33,g,0,mg,420,g,110,g,15,g,25,g,0,g,4,g,94,g
738,dazbog coffee company,caramel chiller whole milk 12 fl oz,16,g,20,mg,270,g,57,g,9,g,15,g,0,g,2,g,50,g
739,dazbog coffee company,caramel chiller whole milk 16 fl oz,21,g,20,mg,350,g,77,g,11,g,19,g,0,g,2,g,67,g
740,dazbog coffee company,caramel chiller whole milk 20 fl oz,36,g,25,mg,410,g,112,g,16,g,29,g,0,g,5,g,97,g
741,dazbog coffee company,chokolat cappuccino 2 milk 12 fl oz,8,g,40,mg,180,g,46,g,13,g,5,g,0,g,0,g,39,g
742,dazbog coffee company,chokolat cappuccino 2 milk 16 fl oz,10,g,55,mg,240,g,67,g,18,g,6,g,0,g,0,g,55,g
743,dazbog coffee company,chokolat cappuccino 2 milk 20 fl oz,13,g,70,mg,300,g,87,g,22,g,8,g,0,g,0,g,62,g
744,dazbog coffee company,chokolat cappuccino nonfat milk 12 fl oz,1,g,20,mg,180,g,42,g,13,g,0,g,0,g,0,g,40,g
745,dazbog coffee company,chokolat cappuccino nonfat milk 16 fl oz,1,g,25,mg,240,g,50,g,18,g,0,g,0,g,0,g,57,g
746,dazbog coffee company,chokolat cappuccino nonfat milk 20 fl oz,1,g,35,mg,300,g,78,g,22,g,0,g,0,g,0,g,74,g
747,dazbog coffee company,chokolat cappuccino soy milk 12 fl oz,6,g,0,mg,190,g,42,g,12,g,1,g,0,g,3,g,31,g
748,dazbog coffee company,chokolat cappuccino soy milk 16 fl oz,8,g,0,mg,260,g,60,g,16,g,1,g,0,g,4,g,45,g
749,dazbog coffee company,chokolat cappuccino soy milk 20 fl oz,10,g,0,mg,320,g,80,g,20,g,1,g,0,g,5,g,60,g
750,dazbog coffee company,chokolat cappuccino whole milk 12 fl oz,12,g,65,mg,170,g,46,g,13,g,8,g,0,g,1,g,39,g
751,dazbog coffee company,chokolat cappuccino whole milk 16 fl oz,16,g,85,mg,220,g,66,g,17,g,10,g,0,g,2,g,55,g
752,dazbog coffee company,chokolat cappuccino whole milk 20 fl oz,20,g,110,mg,280,g,86,g,22,g,13,g,0,g,2,g,72,g
753,dazbog coffee company,chokolat chip chiller 2 milk 12 fl oz,21,g,10,mg,250,g,56,g,10,g,17,g,0,g,1,g,45,g
754,dazbog coffee company,chokolat chip chiller 2 milk 16 fl oz,27,g,15,mg,340,g,73,g,13,g,22,g,0,g,2,g,59,g
755,dazbog coffee company,chokolat chip chiller 2 milk 20 fl oz,34,g,15,mg,420,g,88,g,16,g,27,g,0,g,3,g,73,g
756,dazbog coffee company,chokolat chip chiller nonfat milk 12 fl oz,18,g,5,mg,250,g,56,g,10,g,15,g,0,g,1,g,45,g
757,dazbog coffee company,chokolat chip chiller nonfat milk 16 fl oz,24,g,5,mg,340,g,74,g,13,g,20,g,0,g,2,g,60,g
758,dazbog coffee company,chokolat chip chiller nonfat milk 20 fl oz,30,g,5,mg,420,g,89,g,16,g,25,g,0,g,3,g,74,g
759,dazbog coffee company,chokolat chip chiller soy milk 12 fl oz,20,g,0,mg,250,g,54,g,10,g,15,g,0,g,2,g,42,g
760,dazbog coffee company,chokolat chip chiller soy milk 16 fl oz,27,g,0,mg,340,g,71,g,12,g,20,g,0,g,3,g,56,g
761,dazbog coffee company,chokolat chip chiller soy milk 20 fl oz,33,g,0,mg,420,g,86,g,15,g,25,g,0,g,4,g,70,g
762,dazbog coffee company,chokolat chip chiller whole milk 12 fl oz,22,g,20,mg,250,g,56,g,10,g,18,g,0,g,3,g,45,g
763,dazbog coffee company,chokolat chip chiller whole milk 16 fl oz,29,g,20,mg,330,g,73,g,13,g,23,g,0,g,4,g,59,g
764,dazbog coffee company,chokolat chip chiller whole milk 20 fl oz,36,g,25,mg,410,g,88,g,16,g,29,g,0,g,5,g,73,g
765,dazbog coffee company,coffee of the day 12 fl oz,0,g,0,mg,0,g,0,g,0,g,0,g,0,g,0,g,0,g
766,dazbog coffee company,coffee of the day 16 fl oz,0,g,0,mg,0,g,0,g,0,g,0,g,0,g,0,g,0,g
767,dazbog coffee company,coffee of the day 20 fl oz,0,g,0,mg,0,g,0,g,0,g,0,g,0,g,0,g,0,g
768,dazbog coffee company,dazbog karamel sauce,0,g,0,mg,20,g,13,g,0,g,0,g,0,g,0,g,10,g
769,dazbog coffee company,dazbog mocha sauce,0,g,0,mg,5,g,14,g,1,g,0,g,0,g,1,g,11,g
770,dazbog coffee company,dazbog signature chai 2 milk 12 fl oz,8,g,30,mg,200,g,36,g,12,g,5,g,0,g,0,g,36,g
771,dazbog coffee company,dazbog signature chai 2 milk 16 fl oz,10,g,40,mg,260,g,51,g,16,g,6,g,0,g,0,g,51,g
772,dazbog coffee company,dazbog signature chai 2 milk 20 fl oz,13,g,50,mg,330,g,62,g,20,g,8,g,0,g,0,g,62,g
773,dazbog coffee company,dazbog signature chai nonfat milk 12 fl oz,1,g,10,mg,210,g,37,g,12,g,0,g,0,g,0,g,37,g
774,dazbog coffee company,dazbog signature chai nonfat milk 16 fl oz,1,g,10,mg,270,g,49,g,16,g,0,g,0,g,0,g,49,g
775,dazbog coffee company,dazbog signature chai nonfat milk 20 fl oz,1,g,15,mg,350,g,68,g,20,g,0,g,0,g,0,g,68,g
776,dazbog coffee company,dazbog signature chai soy milk 12 fl oz,6,g,0,mg,200,g,31,g,11,g,1,g,0,g,2,g,26,g
777,dazbog coffee company,dazbog signature chai soy milk 16 fl oz,8,g,0,mg,260,g,41,g,14,g,1,g,0,g,2,g,34,g
778,dazbog coffee company,dazbog signature chai soy milk 20 fl oz,10,g,0,mg,360,g,58,g,18,g,1,g,0,g,3,g,49,g
779,dazbog coffee company,dazbog signature chai whole milk 12 fl oz,12,g,55,mg,180,g,34,g,12,g,8,g,0,g,0,g,34,g
780,dazbog coffee company,dazbog signature chai whole milk 16 fl oz,16,g,70,mg,240,g,48,g,16,g,10,g,0,g,0,g,48,g
781,dazbog coffee company,dazbog signature chai whole milk 20 fl oz,20,g,90,mg,310,g,58,g,20,g,13,g,0,g,0,g,58,g
782,dazbog coffee company,dazbog sugar free mocha sauce,0,g,0,mg,20,g,11,g,1,g,0,g,0,g,1,g,0,g
783,dazbog coffee company,dazbog white chocolat sauce,0,g,0,mg,30,g,13,g,1,g,0,g,0,g,0,g,9,g
784,dazbog coffee company,espresso con panna double,3,g,10,mg,0,g,3,g,1,g,2,g,0,g,0,g,1,g
785,dazbog coffee company,espresso con panna single,3,g,10,mg,0,g,2,g,0,g,2,g,0,g,0,g,1,g
786,dazbog coffee company,espresso macchiato double,2,g,10,mg,0,g,3,g,1,g,2,g,0,g,0,g,1,g
787,dazbog coffee company,espresso macchiato single,2,g,10,mg,0,g,2,g,0,g,2,g,0,g,0,g,1,g
788,dazbog coffee company,espresso double,0,g,0,mg,0,g,0,g,0,g,0,g,0,g,0,g,0,g
789,dazbog coffee company,espresso single,0,g,0,mg,0,g,0,g,0,g,0,g,0,g,0,g,0,g
790,dazbog coffee company,fourberry smoothie 12 fl oz,0,g,0,mg,0,g,51,g,0,g,0,g,0,g,2,g,48,g
791,dazbog coffee company,fourberry smoothie 16 fl oz,0,g,0,mg,0,g,68,g,0,g,0,g,0,g,2,g,64,g
792,dazbog coffee company,fourberry smoothie 20 fl oz,0,g,0,mg,0,g,85,g,0,g,0,g,0,g,3,g,80,g
793,dazbog coffee company,green tea chiller 2 milk 12 fl oz,15,g,10,mg,290,g,47,g,7,g,14,g,0,g,0,g,46,g
794,dazbog coffee company,green tea chiller 2 milk 16 fl oz,19,g,15,mg,380,g,61,g,9,g,18,g,0,g,0,g,59,g
795,dazbog coffee company,green tea chiller 2 milk 20 fl oz,24,g,15,mg,470,g,76,g,11,g,22,g,0,g,0,g,73,g
796,dazbog coffee company,green tea chiller nonfat milk 12 fl oz,12,g,5,mg,290,g,47,g,7,g,12,g,0,g,0,g,46,g
797,dazbog coffee company,green tea chiller nonfat milk 16 fl oz,16,g,5,mg,380,g,62,g,9,g,16,g,0,g,0,g,60,g
798,dazbog coffee company,green tea chiller nonfat milk 20 fl oz,20,g,5,mg,470,g,77,g,11,g,20,g,0,g,0,g,74,g
799,dazbog coffee company,green tea chiller soy milk 12 fl oz,14,g,0,mg,290,g,45,g,7,g,12,g,0,g,1,g,43,g
800,dazbog coffee company,green tea chiller soy milk 16 fl oz,19,g,0,mg,380,g,59,g,8,g,16,g,0,g,1,g,56,g
801,dazbog coffee company,green tea chiller soy milk 20 fl oz,23,g,0,mg,470,g,74,g,10,g,20,g,0,g,1,g,70,g
802,dazbog coffee company,green tea chiller whole milk 12 fl oz,16,g,20,mg,280,g,47,g,7,g,15,g,0,g,2,g,46,g
803,dazbog coffee company,green tea chiller whole milk 16 fl oz,21,g,20,mg,370,g,61,g,9,g,19,g,0,g,2,g,59,g
804,dazbog coffee company,green tea chiller whole milk 20 fl oz,26,g,25,mg,460,g,76,g,11,g,24,g,0,g,2,g,73,g
805,dazbog coffee company,heavy cream,10,g,40,mg,20,g,0,g,0,g,7,g,0,g,0,g,0,g
806,dazbog coffee company,hot chokolat whole milk no whip 12 fl oz,12,g,55,mg,180,g,34,g,13,g,8,g,0,g,0,g,34,g
807,dazbog coffee company,hot chokolat whole milk no whip 16 fl oz,16,g,70,mg,240,g,37,g,15,g,10,g,0,g,0,g,37,g
808,dazbog coffee company,hot chokolat whole milk no whip 20 fl oz,20,g,90,mg,300,g,40,g,17,g,13,g,0,g,0,g,49,g
809,dazbog coffee company,hot tea cambric 12 fl oz,6,g,25,mg,85,g,9,g,6,g,4,g,0,g,0,g,8,g
810,dazbog coffee company,hot tea cambric 16 fl oz,8,g,35,mg,110,g,12,g,8,g,5,g,0,g,0,g,11,g
811,dazbog coffee company,hot tea cambric 20 fl oz,10,g,45,mg,140,g,16,g,10,g,6,g,0,g,0,g,14,g
812,dazbog coffee company,karamel apple cider 12 fl oz,10,g,40,mg,20,g,54,g,0,g,7,g,0,g,0,g,50,g
813,dazbog coffee company,karamel apple cider 16 fl oz,10,g,40,mg,20,g,70,g,0,g,7,g,0,g,0,g,66,g
814,dazbog coffee company,karamel apple cider 20 fl oz,10,g,40,mg,20,g,88,g,0,g,7,g,0,g,0,g,84,g
815,dazbog coffee company,karamel kreme latte 2 milk 12 fl oz,8,g,40,mg,200,g,45,g,12,g,5,g,0,g,0,g,38,g
816,dazbog coffee company,karamel kreme latte 2 milk 16 fl oz,10,g,55,mg,260,g,66,g,17,g,6,g,0,g,0,g,54,g
817,dazbog coffee company,karamel kreme latte 2 milk 20 fl oz,13,g,70,mg,320,g,86,g,21,g,8,g,0,g,0,g,61,g
818,dazbog coffee company,karamel kreme latte nonfat milk 12 fl oz,1,g,20,mg,200,g,41,g,12,g,0,g,0,g,0,g,39,g
819,dazbog coffee company,karamel kreme latte nonfat milk 16 fl oz,1,g,25,mg,260,g,49,g,17,g,0,g,0,g,0,g,56,g
820,dazbog coffee company,karamel kreme latte nonfat milk 20 fl oz,1,g,35,mg,320,g,77,g,21,g,0,g,0,g,0,g,73,g
821,dazbog coffee company,karamel kreme latte soy milk 12 fl oz,6,g,0,mg,210,g,41,g,11,g,1,g,0,g,3,g,30,g
822,dazbog coffee company,karamel kreme latte soy milk 16 fl oz,8,g,0,mg,270,g,59,g,15,g,1,g,0,g,4,g,44,g
823,dazbog coffee company,karamel kreme latte soy milk 20 fl oz,10,g,0,mg,340,g,79,g,19,g,1,g,0,g,5,g,59,g
824,dazbog coffee company,karamel kreme latte whole milk 12 fl oz,12,g,65,mg,180,g,45,g,12,g,8,g,0,g,1,g,38,g
825,dazbog coffee company,karamel kreme latte whole milk 16 fl oz,16,g,85,mg,240,g,65,g,16,g,10,g,0,g,2,g,54,g
826,dazbog coffee company,karamel kreme latte whole milk 20 fl oz,20,g,110,mg,290,g,85,g,21,g,13,g,0,g,2,g,71,g
827,dazbog coffee company,latte chiller 2 milk 12 fl oz,15,g,10,mg,270,g,45,g,9,g,14,g,0,g,0,g,38,g
828,dazbog coffee company,latte chiller 2 milk 16 fl oz,19,g,15,mg,360,g,59,g,11,g,18,g,0,g,0,g,49,g
829,dazbog coffee company,latte chiller 2 milk 20 fl oz,34,g,15,mg,420,g,88,g,16,g,27,g,0,g,3,g,73,g
830,dazbog coffee company,latte chiller nonfat milk 12 fl oz,12,g,5,mg,270,g,45,g,9,g,12,g,0,g,0,g,38,g
831,dazbog coffee company,latte chiller nonfat milk 16 fl oz,16,g,5,mg,360,g,60,g,11,g,16,g,0,g,0,g,50,g
832,dazbog coffee company,latte chiller nonfat milk 20 fl oz,30,g,5,mg,420,g,89,g,16,g,25,g,0,g,3,g,74,g
833,dazbog coffee company,latte chiller soy milk 12 fl oz,14,g,0,mg,270,g,43,g,8,g,12,g,0,g,1,g,35,g
834,dazbog coffee company,latte chiller soy milk 16 fl oz,19,g,0,mg,360,g,57,g,10,g,16,g,0,g,1,g,46,g
835,dazbog coffee company,latte chiller soy milk 20 fl oz,33,g,0,mg,420,g,86,g,15,g,25,g,0,g,4,g,70,g
836,dazbog coffee company,latte chiller whole milk 12 fl oz,16,g,20,mg,270,g,45,g,9,g,15,g,0,g,2,g,38,g
837,dazbog coffee company,latte chiller whole milk 16 fl oz,21,g,20,mg,350,g,59,g,11,g,19,g,0,g,2,g,49,g
838,dazbog coffee company,latte chiller whole milk 20 fl oz,36,g,25,mg,410,g,88,g,16,g,29,g,0,g,5,g,73,g
839,dazbog coffee company,mango smoothie 12 fl oz,0,g,0,mg,0,g,53,g,0,g,0,g,0,g,2,g,45,g
840,dazbog coffee company,mango smoothie 16 fl oz,0,g,0,mg,0,g,70,g,0,g,0,g,0,g,2,g,60,g
841,dazbog coffee company,mango smoothie 20 fl oz,0,g,0,mg,0,g,88,g,0,g,0,g,0,g,3,g,75,g
842,dazbog coffee company,milk steamer with flavor whole milk 12 fl oz,12,g,55,mg,170,g,23,g,12,g,8,g,0,g,0,g,23,g
843,dazbog coffee company,milk steamer with flavor whole milk 16 fl oz,16,g,70,mg,220,g,28,g,16,g,10,g,0,g,0,g,28,g
844,dazbog coffee company,milk steamer with flavor whole milk 20 fl oz,20,g,90,mg,280,g,34,g,20,g,13,g,0,g,0,g,34,g
845,dazbog coffee company,milk steamer whole milk 12 fl oz,12,g,55,mg,170,g,17,g,12,g,8,g,0,g,0,g,17,g
846,dazbog coffee company,milk steamer whole milk 16 fl oz,16,g,70,mg,220,g,22,g,16,g,10,g,0,g,0,g,22,g
847,dazbog coffee company,milk steamer whole milk 20 fl oz,20,g,90,mg,280,g,28,g,20,g,13,g,0,g,0,g,28,g
848,dazbog coffee company,mocha chiller 2 milk 12 fl oz,15,g,10,mg,300,g,66,g,11,g,14,g,0,g,0,g,56,g
849,dazbog coffee company,mocha chiller 2 milk 16 fl oz,19,g,15,mg,400,g,87,g,14,g,18,g,0,g,0,g,71,g
850,dazbog coffee company,mocha chiller 2 milk 20 fl oz,34,g,15,mg,470,g,108,g,20,g,27,g,0,g,0,g,100,g
851,dazbog coffee company,mocha chiller nonfat milk 12 fl oz,12,g,5,mg,300,g,66,g,11,g,12,g,0,g,0,g,56,g
852,dazbog coffee company,mocha chiller nonfat milk 16 fl oz,16,g,5,mg,400,g,88,g,14,g,16,g,0,g,0,g,72,g
853,dazbog coffee company,mocha chiller nonfat milk 20 fl oz,30,g,5,mg,470,g,109,g,20,g,25,g,0,g,0,g,101,g
854,dazbog coffee company,mocha chiller soy milk 12 fl oz,14,g,0,mg,300,g,64,g,11,g,12,g,0,g,1,g,53,g
855,dazbog coffee company,mocha chiller soy milk 16 fl oz,19,g,0,mg,400,g,85,g,13,g,16,g,0,g,1,g,68,g
856,dazbog coffee company,mocha chiller soy milk 20 fl oz,33,g,0,mg,470,g,106,g,19,g,25,g,0,g,1,g,97,g
857,dazbog coffee company,mocha chiller whole milk 12 fl oz,16,g,20,mg,300,g,66,g,11,g,15,g,0,g,2,g,56,g
858,dazbog coffee company,mocha chiller whole milk 16 fl oz,21,g,20,mg,390,g,87,g,14,g,19,g,0,g,2,g,71,g
859,dazbog coffee company,mocha chiller whole milk 20 fl oz,36,g,25,mg,460,g,108,g,20,g,29,g,0,g,2,g,100,g
860,dazbog coffee company,monin sugar free syrup flavor,0,g,0,mg,0,g,1,g,0,g,0,g,0,g,0,g,0,g
861,dazbog coffee company,monin syrup flavor,0,g,0,mg,0,g,6,g,0,g,0,g,0,g,0,g,6,g
862,dazbog coffee company,single espresso shot,0,g,0,mg,0,g,0,g,0,g,0,g,0,g,0,g,0,g
863,dazbog coffee company,strawberry and kreme chiller 2 milk 12 fl oz,12,g,10,mg,160,g,51,g,6,g,11,g,0,g,1,g,84,g
864,dazbog coffee company,strawberry and kreme chiller 2 milk 16 fl oz,15,g,15,mg,210,g,67,g,8,g,14,g,0,g,2,g,59,g
865,dazbog coffee company,strawberry and kreme chiller 2 milk 20 fl oz,19,g,15,mg,260,g,83,g,10,g,17,g,0,g,3,g,73,g
866,dazbog coffee company,strawberry and kreme chiller nonfat milk 12 fl oz,9,g,5,mg,160,g,51,g,6,g,9,g,0,g,1,g,84,g
867,dazbog coffee company,strawberry and kreme chiller nonfat milk 16 fl oz,12,g,5,mg,210,g,68,g,8,g,12,g,0,g,2,g,60,g
868,dazbog coffee company,strawberry and kreme chiller nonfat milk 20 fl oz,0,g,5,mg,95,g,9,g,6,g,0,g,0,g,0,g,9,g
869,dazbog coffee company,strawberry and kreme chiller soy milk 12 fl oz,11,g,0,mg,160,g,49,g,6,g,9,g,0,g,2,g,81,g
870,dazbog coffee company,strawberry and kreme chiller soy milk 16 fl oz,15,g,0,mg,210,g,65,g,7,g,12,g,0,g,3,g,56,g
871,dazbog coffee company,strawberry and kreme chiller soy milk 20 fl oz,18,g,0,mg,260,g,81,g,9,g,15,g,0,g,4,g,70,g
872,dazbog coffee company,strawberry and kreme chiller whole milk 12 fl oz,13,g,20,mg,150,g,51,g,6,g,12,g,0,g,3,g,84,g
873,dazbog coffee company,strawberry and kreme chiller whole milk 16 fl oz,17,g,20,mg,200,g,67,g,8,g,15,g,0,g,4,g,59,g
874,dazbog coffee company,strawberry and kreme chiller whole milk 20 fl oz,19,g,15,mg,260,g,83,g,10,g,17,g,0,g,3,g,73,g
875,dazbog coffee company,strawberry banana smoothie 12 fl oz,0,g,0,mg,0,g,51,g,0,g,0,g,0,g,2,g,50,g
876,dazbog coffee company,strawberry banana smoothie 16 fl oz,0,g,0,mg,0,g,68,g,0,g,0,g,0,g,2,g,66,g
877,dazbog coffee company,strawberry banana smoothie 20 fl oz,0,g,0,mg,0,g,85,g,0,g,0,g,0,g,3,g,83,g
878,dazbog coffee company,strawberry smoothie 12 fl oz,0,g,0,mg,0,g,54,g,0,g,0,g,0,g,2,g,51,g
879,dazbog coffee company,strawberry smoothie 16 fl oz,0,g,0,mg,0,g,72,g,0,g,0,g,0,g,2,g,68,g
880,dazbog coffee company,strawberry smoothie 20 fl oz,0,g,0,mg,0,g,91,g,0,g,0,g,0,g,3,g,85,g
881,dazbog coffee company,vanilla bean kreme chiller 2 milk 12 fl oz,15,g,10,mg,230,g,45,g,7,g,14,g,0,g,0,g,36,g
882,dazbog coffee company,vanilla bean kreme chiller 2 milk 16 fl oz,19,g,15,mg,310,g,59,g,9,g,18,g,0,g,0,g,47,g
883,dazbog coffee company,vanilla bean kreme chiller 2 milk 20 fl oz,22,g,15,mg,380,g,74,g,11,g,20,g,0,g,0,g,58,g
884,dazbog coffee company,vanilla bean kreme chiller nonfat milk 12 fl oz,12,g,5,mg,230,g,45,g,7,g,12,g,0,g,0,g,36,g
885,dazbog coffee company,vanilla bean kreme chiller nonfat milk 16 fl oz,16,g,5,mg,310,g,60,g,9,g,16,g,0,g,0,g,48,g
886,dazbog coffee company,vanilla bean kreme chiller nonfat milk 20 fl oz,18,g,5,mg,380,g,75,g,11,g,18,g,0,g,0,g,59,g
887,dazbog coffee company,vanilla bean kreme chiller soy milk 12 fl oz,14,g,0,mg,230,g,43,g,7,g,12,g,0,g,1,g,33,g
888,dazbog coffee company,vanilla bean kreme chiller soy milk 16 fl oz,19,g,0,mg,310,g,57,g,8,g,16,g,0,g,1,g,44,g
889,dazbog coffee company,vanilla bean kreme chiller soy milk 20 fl oz,21,g,0,mg,380,g,72,g,10,g,18,g,0,g,1,g,55,g
890,dazbog coffee company,vanilla bean kreme chiller whole milk 12 fl oz,16,g,20,mg,230,g,45,g,7,g,15,g,0,g,2,g,36,g
891,dazbog coffee company,vanilla bean kreme chiller whole milk 16 fl oz,21,g,20,mg,300,g,59,g,9,g,19,g,0,g,2,g,47,g
892,dazbog coffee company,vanilla bean kreme chiller whole milk 20 fl oz,24,g,25,mg,370,g,74,g,11,g,22,g,0,g,2,g,58,g
893,dazbog coffee company,vanilla latte chiller 2 milk 12 fl oz,15,g,10,mg,270,g,57,g,9,g,14,g,0,g,0,g,50,g
894,dazbog coffee company,vanilla latte chiller 2 milk 16 fl oz,19,g,15,mg,360,g,77,g,11,g,18,g,0,g,0,g,67,g
895,dazbog coffee company,vanilla latte chiller 2 milk 20 fl oz,34,g,15,mg,420,g,112,g,16,g,27,g,0,g,3,g,97,g
896,dazbog coffee company,vanilla latte chiller nonfat milk 12 fl oz,12,g,5,mg,270,g,57,g,9,g,12,g,0,g,0,g,50,g
897,dazbog coffee company,vanilla latte chiller nonfat milk 16 fl oz,16,g,5,mg,360,g,78,g,11,g,16,g,0,g,0,g,68,g
898,dazbog coffee company,vanilla latte chiller nonfat milk 20 fl oz,30,g,5,mg,420,g,113,g,16,g,25,g,0,g,3,g,98,g
899,dazbog coffee company,vanilla latte chiller soy milk 12 fl oz,14,g,0,mg,270,g,55,g,8,g,12,g,0,g,1,g,47,g
900,dazbog coffee company,vanilla latte chiller soy milk 16 fl oz,19,g,0,mg,360,g,75,g,10,g,16,g,0,g,1,g,64,g
901,dazbog coffee company,vanilla latte chiller soy milk 20 fl oz,33,g,0,mg,420,g,110,g,15,g,25,g,0,g,4,g,94,g
902,dazbog coffee company,vanilla latte chiller whole milk 12 fl oz,16,g,20,mg,270,g,57,g,9,g,15,g,0,g,2,g,50,g
903,dazbog coffee company,vanilla latte chiller whole milk 16 fl oz,21,g,20,mg,350,g,77,g,11,g,19,g,0,g,2,g,67,g
904,dazbog coffee company,vanilla latte chiller whole milk 20 fl oz,36,g,25,mg,410,g,112,g,16,g,29,g,0,g,5,g,97,g
905,dazbog coffee company,whipped cream,10,g,40,mg,20,g,1,g,0,g,7,g,0,g,0,g,1,g
906,dazbog coffee company,white chocolate chiller 2 milk 12 fl oz,15,g,10,mg,310,g,64,g,9,g,14,g,0,g,0,g,56,g
907,dazbog coffee company,white chocolate chiller 2 milk 16 fl oz,19,g,15,mg,410,g,85,g,11,g,18,g,0,g,0,g,71,g
908,dazbog coffee company,white chocolate chiller 2 milk 20 fl oz,34,g,15,mg,490,g,106,g,14,g,27,g,0,g,3,g,98,g
909,dazbog coffee company,white chocolate chiller nonfat milk 12 fl oz,12,g,5,mg,320,g,64,g,9,g,12,g,0,g,0,g,56,g
910,dazbog coffee company,white chocolate chiller nonfat milk 16 fl oz,16,g,5,mg,410,g,86,g,11,g,16,g,0,g,0,g,72,g
911,dazbog coffee company,white chocolate chiller nonfat milk 20 fl oz,30,g,5,mg,490,g,107,g,14,g,25,g,0,g,3,g,99,g
912,dazbog coffee company,white chocolate chiller soy milk 12 fl oz,14,g,0,mg,310,g,62,g,9,g,12,g,0,g,1,g,53,g
913,dazbog coffee company,white chocolate chiller soy milk 16 fl oz,19,g,0,mg,410,g,83,g,10,g,16,g,0,g,1,g,68,g
914,dazbog coffee company,white chocolate chiller soy milk 20 fl oz,33,g,0,mg,490,g,104,g,13,g,25,g,0,g,4,g,95,g
915,dazbog coffee company,white chocolate chiller whole milk 12 fl oz,16,g,20,mg,310,g,64,g,9,g,15,g,0,g,2,g,56,g
916,dazbog coffee company,white chocolate chiller whole milk 16 fl oz,21,g,20,mg,410,g,85,g,11,g,19,g,0,g,2,g,71,g
917,dazbog coffee company,white chocolate chiller whole milk 20 fl oz,36,g,25,mg,480,g,106,g,14,g,29,g,0,g,5,g,98,g
918,dazbog coffee company,white chocolate mocha 2 milk 12 fl oz,8,g,40,mg,200,g,45,g,12,g,5,g,0,g,0,g,38,g
919,dazbog coffee company,white chocolate mocha 2 milk 16 fl oz,10,g,55,mg,260,g,66,g,17,g,6,g,0,g,0,g,54,g
920,dazbog coffee company,white chocolate mocha 2 milk 20 fl oz,13,g,70,mg,320,g,86,g,21,g,8,g,0,g,0,g,61,g
921,dazbog coffee company,white chocolate mocha nonfat milk 12 fl oz,1,g,20,mg,200,g,41,g,12,g,0,g,0,g,0,g,39,g
922,dazbog coffee company,white chocolate mocha nonfat milk 16 fl oz,1,g,25,mg,260,g,49,g,17,g,0,g,0,g,0,g,56,g
923,dazbog coffee company,white chocolate mocha nonfat milk 20 fl oz,1,g,35,mg,320,g,77,g,21,g,0,g,0,g,0,g,73,g
924,dazbog coffee company,white chocolate mocha soy milk 12 fl oz,6,g,0,mg,210,g,41,g,11,g,1,g,0,g,3,g,30,g
925,dazbog coffee company,white chocolate mocha soy milk 16 fl oz,8,g,0,mg,280,g,59,g,15,g,1,g,0,g,4,g,44,g
926,dazbog coffee company,white chocolate mocha soy milk 20 fl oz,10,g,0,mg,340,g,79,g,19,g,1,g,0,g,5,g,59,g
927,dazbog coffee company,white chocolate mocha whole milk 12 fl oz,12,g,65,mg,190,g,45,g,12,g,8,g,0,g,1,g,38,g
928,dazbog coffee company,white chocolate mocha whole milk 16 fl oz,16,g,85,mg,240,g,65,g,16,g,10,g,0,g,2,g,54,g
929,dazbog coffee company,white chocolate mocha whole milk 20 fl oz,20,g,110,mg,300,g,85,g,21,g,13,g,0,g,2,g,71,g
930,dazbog coffee company,white nights red eye 12 fl oz,0,g,0,mg,0,g,0,g,0,g,0,g,0,g,0,g,0,g
931,dazbog coffee company,white nights red eye 16 fl oz,0,g,0,mg,0,g,0,g,0,g,0,g,0,g,0,g,0,g
932,dazbog coffee company,white nights red eye 20 fl oz,0,g,0,mg,0,g,0,g,0,g,0,g,0,g,0,g,0,g
933,dazbog coffee company,white russian chai 2 milk 12 fl oz,8,g,30,mg,240,g,73,g,12,g,5,g,0,g,0,g,66,g
934,dazbog coffee company,white russian chai 2 milk 16 fl oz,10,g,40,mg,350,g,109,g,16,g,6,g,0,g,0,g,95,g
935,dazbog coffee company,white russian chai 2 milk 20 fl oz,13,g,50,mg,440,g,138,g,20,g,8,g,0,g,0,g,122,g
936,dazbog coffee company,white russian chai nonfat milk 12 fl oz,1,g,10,mg,230,g,56,g,12,g,0,g,0,g,0,g,52,g
937,dazbog coffee company,white russian chai nonfat milk 16 fl oz,1,g,10,mg,320,g,78,g,16,g,0,g,0,g,0,g,71,g
938,dazbog coffee company,white russian chai nonfat milk 20 fl oz,1,g,15,mg,410,g,106,g,20,g,0,g,0,g,0,g,98,g
939,dazbog coffee company,white russian chai soy milk 12 fl oz,6,g,0,mg,200,g,50,g,11,g,1,g,0,g,2,g,41,g
940,dazbog coffee company,white russian chai soy milk 16 fl oz,8,g,0,mg,260,g,70,g,14,g,1,g,0,g,2,g,46,g
941,dazbog coffee company,white russian chai soy milk 20 fl oz,10,g,0,mg,360,g,96,g,18,g,1,g,0,g,3,g,79,g
942,dazbog coffee company,white russian chai whole milk 12 fl oz,12,g,55,mg,210,g,53,g,12,g,8,g,0,g,0,g,49,g
943,dazbog coffee company,white russian chai whole milk 16 fl oz,16,g,70,mg,290,g,77,g,16,g,10,g,0,g,0,g,70,g
944,dazbog coffee company,white russian chai whole milk 20 fl oz,20,g,90,mg,350,g,96,g,20,g,13,g,0,g,0,g,88,g
945,de dutch pannekoek house,100 orange juice,0,g,0,mg,0,g,26,g,2,g,0,g,0,g,1,g,26,g
946,de dutch pannekoek house,2 eggs,9,g,430,mg,130,g,2,g,12,g,3,g,0,g,0,g,0,g
947,de dutch pannekoek house,7 up,0,g,0,mg,60,g,42,g,0,g,0,g,0,g,0,g,42,g
948,de dutch pannekoek house,amsterdam,25,g,55,mg,1530,g,25,g,28,g,7,g,9,g,5,g,7,g
949,de dutch pannekoek house,avocado pear walnut and feta salad,89,g,45,mg,610,g,39,g,21,g,13,g,0,g,13,g,22,g
950,de dutch pannekoek house,bene avocado bacon and tomato,27,g,460,mg,1890,g,66,g,28,g,6,g,0,g,4,g,3,g
951,de dutch pannekoek house,benedict amsterdam with fruit,45,g,575,mg,1740,g,83,g,35,g,13,g,0,g,7,g,23,g
952,de dutch pannekoek house,benedict amsterdam with salad,59,g,575,mg,1740,g,66,g,34,g,14,g,0,g,6,g,9,g
953,de dutch pannekoek house,benedict bc with fruit,36,g,540,mg,1010,g,82,g,26,g,8,g,0,g,7,g,21,g
954,de dutch pannekoek house,benedict bc with salad,51,g,540,mg,1020,g,65,g,25,g,9,g,0,g,6,g,7,g
955,de dutch pannekoek house,benedict boeres with fruit,55,g,610,mg,2480,g,85,g,44,g,14,g,0,g,7,g,24,g
956,de dutch pannekoek house,benedict boeres with salad,69,g,610,mg,2490,g,68,g,43,g,15,g,0,g,6,g,9,g
957,de dutch pannekoek house,benedict cheese bene with fruit,52,g,580,mg,1190,g,82,g,34,g,19,g,0.5,g,7,g,23,g
958,de dutch pannekoek house,benedict cheese bene with salad,67,g,580,mg,1190,g,65,g,33,g,20,g,0.5,g,6,g,9,g
959,de dutch pannekoek house,benedict hollandict with fruit,36,g,550,mg,1060,g,83,g,29,g,8,g,0,g,7,g,21,g
960,de dutch pannekoek house,benedict hollandict with salad,51,g,550,mg,1070,g,67,g,29,g,9,g,0,g,6,g,8,g
961,de dutch pannekoek house,benedict mediterranean with fruit,41,g,560,mg,1150,g,89,g,26,g,12,g,0,g,9,g,25,g
962,de dutch pannekoek house,benedict mediterranean with salad,56,g,560,mg,1160,g,72,g,25,g,13,g,0,g,8,g,10,g
963,de dutch pannekoek house,benedict rotterdam with fruit,49,g,580,mg,1600,g,82,g,37,g,15,g,0,g,7,g,22,g
964,de dutch pannekoek house,benedict rotterdam with salad,64,g,580,mg,1610,g,65,g,36,g,16,g,0,g,6,g,8,g
965,de dutch pannekoek house,benedict seafood with fruit,44,g,655,mg,1230,g,89,g,40,g,9,g,0,g,7,g,21,g
966,de dutch pannekoek house,benedict seafood with salad,59,g,655,mg,1240,g,72,g,39,g,10,g,0,g,6,g,7,g
967,de dutch pannekoek house,benedict shrimp with fruit,51,g,765,mg,1230,g,97,g,48,g,10,g,0,g,7,g,21,g
968,de dutch pannekoek house,benedict shrimp with salad,66,g,765,mg,1240,g,79,g,48,g,11,g,0,g,6,g,7,g
969,de dutch pannekoek house,benedict spinach and shrimp with fruit,51,g,765,mg,1280,g,100,g,49,g,10,g,0,g,9,g,21,g
970,de dutch pannekoek house,benedict spinach and shrimp with salad,66,g,765,mg,1290,g,82,g,48,g,11,g,0,g,7,g,7,g
971,de dutch pannekoek house,benedict spinach amsterdam with fruit,45,g,575,mg,1780,g,86,g,35,g,13,g,0,g,8,g,23,g
972,de dutch pannekoek house,benedict spinach amsterdam with salad,59,g,575,mg,1790,g,69,g,35,g,14,g,0,g,7,g,9,g
973,de dutch pannekoek house,benedict spinach with fruit,44,g,560,mg,1030,g,85,g,28,g,13,g,0,g,8,g,22,g
974,de dutch pannekoek house,benedict spinach with salad,58,g,560,mg,1040,g,68,g,27,g,14,g,0,g,7,g,8,g
975,de dutch pannekoek house,benedict volendam with fruit,49,g,575,mg,1280,g,86,g,30,g,13,g,0,g,8,g,25,g
976,de dutch pannekoek house,benedict volendam with salad,64,g,575,mg,1280,g,69,g,30,g,14,g,0,g,7,g,10,g
977,de dutch pannekoek house,blt,39,g,60,mg,1970,g,96,g,33,g,10,g,0,g,11,g,57,g
978,de dutch pannekoek house,breakfast hashboat and fruit,29,g,65,mg,2230,g,81,g,27,g,9,g,0,g,8,g,27,g
979,de dutch pannekoek house,breakfast hashboat and fruit veggie,21,g,40,mg,1850,g,101,g,16,g,7,g,0,g,11,g,36,g
980,de dutch pannekoek house,breakfast wrap with fruit meat option,52,g,455,mg,2000,g,139,g,49,g,23,g,0,g,11,g,8,g
981,de dutch pannekoek house,breakfast wrap with fruit mushroom option,47,g,435,mg,1390,g,140,g,40,g,21,g,0,g,12,g,8,g
982,de dutch pannekoek house,brie red onion and blueberry on sour dough,26,g,80,mg,1210,g,52,g,20,g,16,g,0.5,g,3,g,6,g
983,de dutch pannekoek house,brie red onion and blueberry on whole wheat,26,g,80,mg,1160,g,46,g,20,g,16,g,0.5,g,5,g,8,g
984,de dutch pannekoek house,brie sliced apple and walnut on sour dough,44,g,80,mg,1210,g,55,g,28,g,17,g,0.5,g,5,g,7,g
985,de dutch pannekoek house,brie sliced apple and walnut on whole grain,45,g,80,mg,1160,g,49,g,28,g,17,g,0.5,g,7,g,9,g
986,de dutch pannekoek house,caesar,62,g,85,mg,1590,g,36,g,24,g,24,g,0,g,6,g,10,g
987,de dutch pannekoek house,caesar salad chicken strips,88,g,85,mg,2370,g,49,g,45,g,29,g,0,g,6,g,10,g
988,de dutch pannekoek house,caesar salad grilled chicken,73,g,140,mg,2910,g,39,g,46,g,27,g,0,g,6,g,10,g
989,de dutch pannekoek house,canadian burger,53,g,90,mg,2350,g,30,g,32,g,16,g,0,g,3,g,10,g
990,de dutch pannekoek house,canadian chicken burger,36,g,115,mg,2510,g,29,g,38,g,9,g,0,g,2,g,10,g
991,de dutch pannekoek house,cheese with hashbrowns,59,g,545,mg,2010,g,125,g,57,g,29,g,1,g,12,g,54,g
992,de dutch pannekoek house,cheese with salad,66,g,535,mg,1920,g,91,g,54,g,30,g,1,g,9,g,56,g
993,de dutch pannekoek house,chef salad,31,g,40,mg,2150,g,111,g,33,g,8,g,0,g,8,g,8,g
994,de dutch pannekoek house,chicken caesar wrap,59,g,95,mg,3280,g,76,g,39,g,15,g,9,g,10,g,8,g
995,de dutch pannekoek house,chicken club burger,37,g,135,mg,1020,g,31,g,53,g,10,g,0,g,3,g,11,g
996,de dutch pannekoek house,chicken salad wrap,38,g,85,mg,2590,g,79,g,34,g,13,g,0,g,8,g,13,g
997,de dutch pannekoek house,chili deal,42,g,55,mg,1620,g,75,g,27,g,19,g,0,g,13,g,25,g
998,de dutch pannekoek house,chili with garlic toast,27,g,55,mg,1600,g,70,g,26,g,18,g,0,g,12,g,21,g
999,de dutch pannekoek house,cinnamony apples,4,g,10,mg,30,g,17,g,0,g,2,g,0,g,2,g,14,g
