,Restaurant Name,Food Name,Total Fat Amount,Total Fat Unit,Cholesterol Amount,Cholesterol Unit,Sodium Amount,Sodium Unit,Total Carbohydrate Amount,Total Carbohydrate Unit,Protein Amount,Protein Unit,Saturated Fat Amount,Saturated Fat Unit,Trans Fat Amount,Trans Fat Unit,Dietary Fiber Amount,Dietary Fiber Unit,Sugars Amount,Sugars Unit
0,einstein bros bagels,cheese pizza lunch sandwich on plain bagel,14,g,40,mg,1000,g,58,g,23,g,8,g,0,g,2,g,7,g
1,einstein bros bagels,ham and swiss hot lunch sandwich on plain bagel,20,g,70,mg,1890,g,63,g,32,g,5,g,0,g,5,g,9,g
2,einstein bros bagels,signature avocado veg out lunch sandwich,12,g,15,mg,640,g,68,g,14,g,4,g,0,g,3,g,9,g
3,einstein bros bagels,signature ham and swiss lunch sandwich on plain bagel,20,g,55,mg,1790,g,63,g,27,g,6,g,0,g,1,g,10,g
4,einstein bros bagels,cheesy veggie melt hot lunch sandwich,37,g,70,mg,1160,g,50,g,24,g,14,g,1,g,1,g,3,g
5,einstein bros bagels,chicken and pepperoni hot lunch sandwich,35,g,125,mg,1550,g,50,g,47,g,14,g,0,g,2,g,3,g
6,einstein bros bagels,italian chicken lunch panini,37,g,130,mg,2190,g,72,g,56,g,11,g,0,g,11,g,1,g
7,einstein bros bagels,avocado toast,12,g,0,mg,700,g,61,g,11,g,2,g,0,g,5,g,5,g
8,einstein bros bagels,chicken caesar chopped salad,15,g,70,mg,860,g,18,g,22,g,4,g,0,g,4,g,5,g
9,einstein bros bagels,strawberry chicken chopped salad,12,g,35,mg,350,g,38,g,16,g,1.5,g,0,g,5,g,29,g
10,einstein bros bagels,deluxe chef salad,24,g,6,mg,1130,g,11,g,18,g,7,g,0,g,3,g,6,g
11,einstein bros bagels,garden salad,17,g,10,mg,480,g,12,g,4,g,3,g,0,g,4,g,6,g
12,einstein bros bagels,chipotle chicken chopped salad,8,g,35,mg,620,g,22,g,16,g,1,g,0,g,4,g,11,g
13,einstein bros bagels,crispy chicken patty,12,g,45,mg,390,g,12,g,12,g,1.5,g,0,g,0,g,0,g
14,einstein bros bagels,cheddar cheese,4.5,g,15,mg,90,g,0,g,4,g,3,g,0,g,0,g,0,g
15,einstein bros bagels,1 egg white,1,g,0,mg,170,g,1,g,6,g,0,g,0,g,0,g,0,g
16,einstein bros bagels,avocado,5,g,0,mg,0,g,2,g,1,g,1,g,0,g,2,g,0,g
17,einstein bros bagels,lunch ham,2,g,50,mg,1090,g,2,g,16,g,1,g,0,g,0,g,1,g
18,einstein bros bagels,red onion,0,g,0,mg,0,g,1,g,0,g,0,g,0,g,0,g,0,g
19,einstein bros bagels,pepperoni,8,g,15,mg,350,g,1,g,4,g,3.5,g,0,g,0,g,1,g
20,einstein bros bagels,lox,4,g,15,mg,650,g,2,g,11,g,12,g,0,g,0,g,0,g
21,einstein bros bagels,lunch turkey,1,g,35,mg,1010,g,3,g,14,g,0,g,0,g,1,g,2,g
22,einstein bros bagels,pickle spear,0,g,0,mg,260,g,0,g,0,g,0,g,0,g,0,g,0,g
23,einstein bros bagels,pepper jack cheese,4.5,g,10,mg,125,g,0,g,3,g,3,g,0,g,0,g,0,g
24,einstein bros bagels,for egg sandwich egg white,0,g,0,mg,90,g,1,g,6,g,0,g,0,g,0,g,0,g
25,einstein bros bagels,fresh cracked egg,6,g,185,mg,140,g,1,g,6,g,2,g,0,g,0,g,0,g
26,einstein bros bagels,chorizo sausage patty,19,g,40,mg,320,g,1,g,8,g,7,g,0,g,0,g,0,g
27,einstein bros bagels,capers,0,g,0,mg,70,g,0,g,0,g,0,g,0,g,0,g,0,g
28,einstein bros bagels,fried egg patty,7,g,110,mg,110,g,1,g,5,g,1.5,g,0,g,0,g,0,g
29,einstein bros bagels,bacon,3.5,g,10,mg,210,g,0,g,3,g,1.5,g,0,g,0,g,0,g
30,einstein bros bagels,tuna salad,16,g,35,mg,1070,g,1,g,16,g,2,g,0,g,0,g,1,g
31,einstein bros bagels,turkey sausage patty,4,g,25,mg,280,g,1,g,7,g,1.5,g,0,g,0,g,1,g
32,einstein bros bagels,chicken breast,2.5,g,60,mg,200,g,2,g,22,g,1,g,0,g,0,g,1,g
33,einstein bros bagels,arugula,0,g,0,mg,0,g,1,g,0,g,0,g,0,g,0,g,0,g
34,einstein bros bagels,spinach,0,g,0,mg,10,g,1,g,0,g,0,g,0,g,0,g,0,g
35,einstein bros bagels,tomato,0,g,0,mg,0,g,2,g,0,g,0,g,0,g,1,g,1,g
36,einstein bros bagels,swiss cheese,4.5,g,15,mg,65,g,0,g,2,g,3,g,0,g,0,g,0,g
37,einstein bros bagels,sauteed mushrooms,2.5,g,0,mg,70,g,1,g,1,g,1.5,g,0,g,0,g,1,g
38,einstein bros bagels,for egg sandwich egg mixture,9,g,365,mg,130,g,2,g,12,g,3,g,0,g,0,g,2,g
39,einstein bros bagels,cucumber,0,g,0,mg,0,g,1,g,0,g,0,g,0,g,0,g,0,g
40,einstein bros bagels,breakfast ham,1,g,25,mg,540,g,1,g,8,g,0,g,0,g,0,g,1,g
41,einstein bros bagels,chicken salad,14,g,45,mg,180,g,7,g,14,g,2.5,g,0,g,1,g,4,g
42,einstein bros bagels,signature turkey and cheddar lunch sandwich on plain bagel,19,g,55,mg,1580,g,62,g,29,g,5,g,0,g,1,g,8,g
43,einstein bros bagels,hummus veg out on ancient grain bagel,14,g,15,mg,750,g,59,g,17,g,4.5,g,0,g,10,g,10,g
44,einstein bros bagels,chicken salad sandwich,21,g,60,mg,670,g,61,g,27,g,3,g,0,g,8,g,17,g
45,einstein bros bagels,southwest turkey sausage bagel thin egg white sandwich,13,g,55,mg,810,g,37,g,24,g,6,g,0,g,2,g,5,g
46,einstein bros bagels,california chicken wrap,34,g,100,mg,1150,g,64,g,34,g,10,g,0,g,8,g,7,g
47,einstein bros bagels,original bagel dog,32,g,60,mg,1650,g,62,g,23,g,12,g,1,g,2,g,6,g
48,einstein bros bagels,albacore tuna salad sandwich on ancient grain bagel,26,g,40,mg,800,g,53,g,29,g,3.5,g,0,g,9,g,9,g
49,einstein bros bagels,buffalo chicken wrap,30,g,80,mg,1890,g,60,g,27,g,9,g,0,g,8,g,7,g
50,einstein bros bagels,roasted turkey sandwich,11,g,65,mg,870,g,42,g,30,g,5,g,0,g,3,g,6,g
51,einstein bros bagels,turkey bacon and avocado sandwich on potato roll,30,g,55,mg,1980,g,62,g,28,g,5,g,0,g,5,g,10,g
52,einstein bros bagels,club mex on challah sandwich,23,g,105,mg,1730,g,54,g,34,g,7,g,0,g,2,g,10,g
53,einstein bros bagels,deli ham sandwich,11,g,65,mg,1190,g,44,g,26,g,5,g,0,g,3,g,8,g
54,einstein bros bagels,chicken caesar wrap,27,g,110,mg,1320,g,62,g,37,g,9,g,0,g,7,g,7,g
55,einstein bros bagels,chefs creation garden avocado egg breakfast sandwich on everything bagel,20,g,190,mg,950,g,63,g,18,g,4,g,0,g,3,g,8,g
56,einstein bros bagels,chicken salad wrap,14,g,35,mg,700,g,59,g,21,g,2,g,0,g,8,g,7,g
57,einstein bros bagels,chipotle turkey wrap,29,g,90,mg,1580,g,69,g,32,g,12,g,0,g,8,g,11,g
58,einstein bros bagels,chicken and mozzarella deli melt,15,g,100,mg,1230,g,61,g,40,g,8,g,0,g,7,g,7,g
59,einstein bros bagels,club mex wrap,25,g,85,mg,1710,g,59,g,32,g,7,g,0,g,7,g,6,g
60,einstein bros bagels,basil pesto sauce,11,g,5,mg,140,g,1,g,2,g,1.5,g,0,g,0,g,0,g
61,einstein bros bagels,chipotle salsa,0,g,0,mg,80,g,1,g,0,g,0,g,0,g,0,g,1,g
62,einstein bros bagels,fruit and yogurt parfait,2,g,5,mg,115,g,38,g,8,g,0,g,0,g,4,g,24,g
63,einstein bros bagels,fruit cup,0,g,0,mg,10,g,12,g,1,g,0,g,0,g,1,g,11,g
64,einstein bros bagels,twice baked hash brown,11,g,35,mg,260,g,12,g,7,g,6,g,0,g,1,g,1,g
65,einstein bros bagels,kettle chips average,9.5,g,0,mg,210,g,21,g,2,g,1,g,0,g,2,g,0,g
66,einstein bros bagels,chicken noodle soup,2.7,g,20,mg,1108,g,12,g,8,g,0.7,g,0,g,0,g,1.3,g
67,einstein bros bagels,broccoli cheddar soup,16,g,17,mg,1115,g,13.4,g,4,g,4.7,g,0,g,2.7,g,2.7,g
68,einstein bros bagels,vegetarian chile soup,2,g,0,mg,814,g,28,g,6,g,0,g,0,g,7.3,g,5.3,g
69,einstein bros bagels,granola,1.5,g,0,mg,25,g,10,g,1,g,0,g,0,g,1,g,4,g
70,einstein bros bagels,1 egg white,1,g,0,mg,170,g,1,g,6,g,0,g,0,g,0,g,0,g
71,einstein bros bagels,1 fresh cracked egg,6,g,185,mg,140,g,1,g,6,g,2,g,0,g,0,g,0,g
72,einstein bros bagels,2 egg white,1.5,g,0,mg,330,g,1,g,12,g,0.5,g,0,g,0,g,0,g
73,einstein bros bagels,2 fresh cracked eggs,11,g,370,mg,280,g,1,g,13,g,4,g,0,g,0,g,1,g
74,einstein bros bagels,albacore tuna salad on ancient grain sandwich,26,g,40,mg,800,g,53,g,29,g,3.5,g,0,g,9,g,9,g
75,einstein bros bagels,albacore tuna salad on plain bagel select locations sandwich,18,g,40,mg,1690,g,61,g,28,g,2.5,g,0,g,5,g,8,g
76,einstein bros bagels,albuquerque turkey select locations sandwich,30,g,105,mg,2280,g,60,g,40,g,16,g,0.5,g,4,g,10,g
77,einstein bros bagels,applewood bacon and cheddar select locations sandwich,17,g,135,mg,950,g,59,g,22,g,6,g,0,g,4,g,6,g
78,einstein bros bagels,avocado toast,12,g,0,mg,700,g,61,g,11,g,2,g,0,g,5,g,5,g
79,einstein bros bagels,avocado toast select locations,13,g,0,mg,660,g,62,g,12,g,2,g,0,g,7,g,6,g
80,einstein bros bagels,bacon 1 serving,3.5,g,10,mg,210,g,0,g,3,g,1.5,g,0,g,0,g,0,g
81,einstein bros bagels,bacon avocado tomato thin select locations sandwich,17,g,15,mg,770,g,47,g,17,g,3.5,g,0,g,5,g,7,g
82,einstein bros bagels,bagelrito,40,g,200,mg,2160,g,104,g,41,g,18,g,0.5,g,0,g,10,g
83,einstein bros bagels,barbeque kettle chips,9,g,0,mg,250,g,22,g,2,g,1,g,0,g,2,g,0,g
84,einstein bros bagels,basil pesto,12,g,5,mg,140,g,1,g,2,g,1.5,g,0,g,0,g,0,g
85,einstein bros bagels,big bros burrito,74,g,340,mg,2440,g,90,g,50,g,33,g,1,g,5,g,4,g
86,einstein bros bagels,buffalo chicken and bacon tostini select locations sandwich,23,g,100,mg,1760,g,49,g,40,g,9,g,0,g,2,g,2,g
87,einstein bros bagels,butter,12,g,0,mg,85,g,0,g,0,g,5,g,0,g,0,g,0,g
88,einstein bros bagels,cheddar 1 slice,4.5,g,15,mg,90,g,0,g,4,g,3,g,0,g,0,g,0,g
89,einstein bros bagels,cheddar cheese select locations sandwich,13,g,125,mg,740,g,59,g,19,g,4.5,g,0,g,4,g,6,g
90,einstein bros bagels,chefs creations 1 egg sandwiches chorizo sunrise,51,g,275,mg,1460,g,61,g,36,g,20,g,0.5,g,5,g,8,g
91,einstein bros bagels,chefs creations 1 egg sandwiches crispy chicken and tater,38,g,265,mg,1420,g,76,g,36,g,14,g,0.5,g,3,g,7,g
92,einstein bros bagels,chefs creations 1 egg sandwiches farmhouse,32,g,260,mg,1790,g,64,g,36,g,14,g,0.5,g,3,g,7,g
93,einstein bros bagels,chefs creations 1 egg sandwiches santa fe sandwich,22,g,245,mg,1300,g,60,g,29,g,11,g,0,g,2,g,8,g
94,einstein bros bagels,chefs creations 2 egg sandwiches all nighter,55,g,430,mg,1850,g,65,g,35,g,17,g,1,g,2,g,8,g
95,einstein bros bagels,chefs creations 2 egg sandwiches chorizo sunrise,57,g,460,mg,1600,g,62,g,42,g,22,g,1,g,5,g,8,g
96,einstein bros bagels,chefs creations 2 egg sandwiches crispy chicken and tater,43,g,455,mg,1560,g,76,g,43,g,16,g,1,g,3,g,7,g
97,einstein bros bagels,chefs creations 2 egg sandwiches farmhouse,37,g,445,mg,1930,g,65,g,42,g,16,g,1,g,3,g,8,g
98,einstein bros bagels,chefs creations 2 egg sandwiches santa fe sandwich,28,g,435,mg,1440,g,61,g,36,g,13,g,0.5,g,2,g,8,g
99,einstein bros bagels,chefs creations egg white sandwiches bacon avocado tomato thin,18,g,15,mg,850,g,46,g,17,g,4,g,0,g,4,g,6,g
100,einstein bros bagels,chefs creations egg white sandwiches chorizo sunrise,47,g,90,mg,1480,g,61,g,36,g,19,g,0,g,5,g,7,g
101,einstein bros bagels,chefs creations egg white sandwiches crispy chicken and tater,33,g,80,mg,1450,g,75,g,36,g,12,g,0,g,3,g,6,g
102,einstein bros bagels,chefs creations egg white sandwiches farmhouse,27,g,70,mg,1810,g,64,g,36,g,12,g,0,g,3,g,7,g
103,einstein bros bagels,chefs creations egg white sandwiches santa fe sandwich,18,g,60,mg,1320,g,60,g,29,g,10,g,0,g,2,g,8,g
104,einstein bros bagels,chewy marshmallow bar select locations,5,g,15,mg,240,g,49,g,2,g,3,g,0,g,0,g,26,g
105,einstein bros bagels,chicken and pepperoni select locations sandwich,35,g,125,mg,1550,g,50,g,47,g,14,g,0,g,2,g,3,g
106,einstein bros bagels,chicken salad on plain bagel select locations sandwich,17,g,65,mg,880,g,62,g,31,g,3,g,0,g,5,g,9,g
107,einstein bros bagels,chipotle salsa,0,g,0,mg,80,g,1,g,0,g,0,g,0,g,0,g,1,g
108,einstein bros bagels,chorizo sausage patty,19,g,40,mg,320,g,1,g,8,g,7,g,0,g,0,g,0,g
109,einstein bros bagels,cinnamon twist,16,g,0,mg,250,g,50,g,4,g,6,g,0,g,2,g,24,g
110,einstein bros bagels,cinnamon twist poppers select locations,16,g,0,mg,250,g,50,g,4,g,6,g,0,g,2,g,24,g
111,einstein bros bagels,classic 1 egg sandwiches applewood bacon and cheddar,15,g,210,mg,930,g,57,g,22,g,6,g,0,g,2,g,6,g
112,einstein bros bagels,classic 1 egg sandwiches cheddar cheese,11,g,200,mg,710,g,57,g,19,g,5,g,0,g,2,g,6,g
113,einstein bros bagels,classic 1 egg sandwiches ham and swiss,12,g,225,mg,1230,g,57,g,28,g,5,g,0,g,2,g,6,g
114,einstein bros bagels,classic 1 egg sandwiches spinach mushroom and swiss on ancient grain,22,g,200,mg,930,g,53,g,25,g,8,g,0,g,9,g,8,g
115,einstein bros bagels,classic 1 egg sandwiches turkey sausage and cheddar,15,g,225,mg,990,g,58,g,26,g,7,g,0,g,2,g,6,g
116,einstein bros bagels,classic 2 egg sandwiches applewood bacon and cheddar,20,g,395,mg,1050,g,56,g,28,g,8,g,0.5,g,2,g,6,g
117,einstein bros bagels,classic 2 egg sandwiches cheddar cheese,17,g,385,mg,850,g,57,g,25,g,7,g,0.5,g,2,g,6,g
118,einstein bros bagels,classic 2 egg sandwiches ham and swiss,18,g,410,mg,1370,g,58,g,34,g,7,g,0.5,g,2,g,7,g
119,einstein bros bagels,classic 2 egg sandwiches spinach mushroom and swiss on ancient grain,28,g,385,mg,1070,g,54,g,31,g,10,g,0.5,g,9,g,8,g
120,einstein bros bagels,classic 2 egg sandwiches turkey sausage and cheddar,21,g,415,mg,1130,g,58,g,32,g,9,g,0.5,g,2,g,7,g
121,einstein bros bagels,classic bagels ancient grain,5,g,0,mg,540,g,49,g,11,g,0.5,g,0,g,8,g,7,g
122,einstein bros bagels,classic bagels cinnamon raisin,1,g,0,mg,430,g,58,g,9,g,0,g,0,g,2,g,12,g
123,einstein bros bagels,classic bagels cinnamon raisin select locations,1,g,0,mg,490,g,62,g,9,g,0,g,0,g,4,g,12,g
124,einstein bros bagels,classic bagels cranberry,4,g,0,mg,420,g,60,g,9,g,0,g,0,g,2,g,11,g
125,einstein bros bagels,classic bagels everything,2,g,0,mg,600,g,56,g,9,g,0,g,0,g,2,g,5,g
126,einstein bros bagels,classic bagels everything select locations,1.5,g,0,mg,530,g,58,g,9,g,0,g,0,g,4,g,6,g
127,einstein bros bagels,classic bagels garlic,2,g,0,mg,480,g,57,g,10,g,0,g,0,g,2,g,5,g
128,einstein bros bagels,classic bagels honey whole wheat,3,g,0,mg,550,g,49,g,10,g,0,g,0,g,7,g,7,g
129,einstein bros bagels,classic bagels honey whole wheat select locations,3.5,g,0,mg,490,g,54,g,10,g,0,g,0,g,7,g,9,g
130,einstein bros bagels,classic bagels onion,1.5,g,0,mg,500,g,55,g,9,g,0,g,0,g,2,g,4,g
131,einstein bros bagels,classic bagels plain,1,g,0,mg,480,g,56,g,9,g,0,g,0,g,2,g,5,g
132,einstein bros bagels,classic bagels plain select locations,1,g,0,mg,540,g,58,g,9,g,0,g,0,g,4,g,6,g
133,einstein bros bagels,classic bagels poppy,2.5,g,0,mg,480,g,56,g,9,g,0,g,0,g,2,g,5,g
134,einstein bros bagels,classic bagels pumpernickel,1.5,g,0,mg,520,g,55,g,10,g,0,g,0,g,3,g,4,g
135,einstein bros bagels,classic bagels sesame,2.5,g,0,mg,480,g,56,g,10,g,0,g,0,g,2,g,5,g
136,einstein bros bagels,classic bagels sesame seed select locations,2,g,0,mg,530,g,57,g,10,g,0,g,0,g,4,g,6,g
137,einstein bros bagels,classic bagels sourdough select locations,4,g,0,mg,440,g,49,g,10,g,0.5,g,0,g,2,g,3,g
138,einstein bros bagels,classic egg white sandwiches applewood bacon and cheddar,10,g,25,mg,950,g,57,g,22,g,5,g,0,g,2,g,6,g
139,einstein bros bagels,classic egg white sandwiches cheddar cheese,7,g,15,mg,740,g,56,g,19,g,3.5,g,0,g,2,g,5,g
140,einstein bros bagels,classic egg white sandwiches ham and swiss,8,g,40,mg,1260,g,57,g,28,g,4,g,0,g,2,g,6,g
141,einstein bros bagels,classic egg white sandwiches spinach mushroom and swiss on ancient grain,18,g,15,mg,960,g,53,g,25,g,6,g,0,g,9,g,8,g
142,einstein bros bagels,classic egg white sandwiches turkey sausage and cheddar,11,g,40,mg,1020,g,58,g,26,g,5,g,0,g,2,g,6,g
143,einstein bros bagels,coffee cake chocolate chip,25,g,5,mg,190,g,81,g,4,g,10,g,0,g,1,g,34,g
144,einstein bros bagels,cooke mini heavenly chocolate chip cookie poppers select locations,37,g,95,mg,430,g,87,g,8,g,19,g,0.5,g,3,g,50,g
145,einstein bros bagels,cookie heavenly chocolate chip,24,g,65,mg,290,g,58,g,5,g,13,g,0,g,2,g,33,g
146,einstein bros bagels,cookie mini heavenly chocolate chip,61,g,160,mg,720,g,146,g,14,g,32,g,1,g,5,g,84,g
147,einstein bros bagels,crafted whipped shmear country pepper shmear,3.5,g,10,mg,50,g,2,g,1,g,2.5,g,0,g,0,g,1,g
148,einstein bros bagels,crispy chicken and tater select locations sandwich,40,g,195,mg,1390,g,76,g,35,g,13,g,0,g,3,g,6,g
149,einstein bros bagels,crispy chicken patty,11,g,45,mg,390,g,12,g,12,g,1.5,g,0,g,0,g,0,g
150,einstein bros bagels,egg sandwich all nighter select locations,58,g,280,mg,1780,g,65,g,32,g,16,g,0.5,g,0,g,8,g
151,einstein bros bagels,egg sandwich bacon avocado tomato thin 1 egg white select locations,17,g,15,mg,770,g,47,g,17,g,3.5,g,0,g,2,g,7,g
152,einstein bros bagels,egg sandwich bacon avocado tomato thin 2 egg whites select locations,17,g,15,mg,860,g,47,g,23,g,3.5,g,0,g,2,g,7,g
153,einstein bros bagels,egg sandwich bacon avocado tomato thin 1 egg white,18,g,15,mg,850,g,46,g,17,g,4,g,0,g,2,g,6,g
154,einstein bros bagels,egg sandwich bacon avocado tomato thin 2 egg whites,19,g,15,mg,1020,g,47,g,24,g,4.5,g,0,g,2,g,6,g
155,einstein bros bagels,farmhouse select locations sandwich,32,g,180,mg,1740,g,64,g,35,g,13,g,0,g,3,g,7,g
156,einstein bros bagels,fried egg patty select locations,7,g,110,mg,110,g,1,g,5,g,1.5,g,0,g,0,g,0,g
157,einstein bros bagels,fruit and yogurt parfait,2,g,5,mg,115,g,38,g,8,g,0,g,0,g,4,g,24,g
158,einstein bros bagels,fruit cup,0,g,0,mg,10,g,13,g,1,g,0,g,0,g,1,g,11,g
159,einstein bros bagels,gourmet bagels apple cinnamon,9,g,0,mg,550,g,83,g,9,g,2,g,0,g,2,g,30,g
160,einstein bros bagels,gourmet bagels cheesy hashbrown bagel,12,g,10,mg,730,g,60,g,13,g,4,g,0,g,2,g,5,g
161,einstein bros bagels,gourmet bagels green chile,12,g,25,mg,780,g,54,g,17,g,5,g,0,g,3,g,6,g
162,einstein bros bagels,gourmet bagels jalapeno cheddar,9,g,15,mg,760,g,52,g,12,g,3,g,0,g,2,g,5,g
163,einstein bros bagels,gourmet bagels power protein bagel,6,g,0,mg,290,g,64,g,12,g,1,g,0,g,4,g,17,g
164,einstein bros bagels,gourmet bagels six cheese,10,g,20,mg,730,g,53,g,16,g,4,g,0,g,2,g,5,g
165,einstein bros bagels,gourmet bagels spinach florentine,12,g,15,mg,700,g,53,g,14,g,4.5,g,0,g,3,g,5,g
166,einstein bros bagels,ham and swiss on plain bagel select locations sandwich,20,g,70,mg,1890,g,63,g,32,g,5,g,0,g,5,g,9,g
167,einstein bros bagels,ham and swiss on potato roll sandwich,23,g,70,mg,1870,g,57,g,31,g,6,g,0,g,3,g,8,g
168,einstein bros bagels,ham and swiss select locations sandwich,14,g,150,mg,1260,g,60,g,28,g,5,g,0,g,4,g,7,g
169,einstein bros bagels,ham breakfast,1,g,25,mg,540,g,1,g,8,g,0,g,0,g,0,g,1,g
170,einstein bros bagels,ham lunch,2.5,g,50,mg,1090,g,2,g,17,g,1,g,0,g,0,g,1,g
171,einstein bros bagels,hash brown side,11,g,35,mg,260,g,12,g,7,g,6,g,0,g,1,g,1,g
172,einstein bros bagels,honey,0,g,0,mg,0,g,23,g,0,g,0,g,0,g,0,g,22,g
173,einstein bros bagels,hummus,8,g,0,mg,200,g,6,g,3,g,1.5,g,0,g,2,g,0,g
174,einstein bros bagels,hummus veg out on ancient grain sandwich,14,g,15,mg,750,g,59,g,17,g,4.5,g,0,g,10,g,10,g
175,einstein bros bagels,hummus veg out on honey whole wheat select locations sandwich,12,g,15,mg,700,g,64,g,16,g,4,g,0,g,9,g,12,g
176,einstein bros bagels,lox 1 serving,4,g,15,mg,650,g,2,g,11,g,12,g,0,g,0,g,0,g
177,einstein bros bagels,mayo,12,g,10,mg,45,g,0,g,0,g,2,g,0,g,0,g,0,g
178,einstein bros bagels,mozzarella 1 slice,3,g,10,mg,100,g,0,g,3,g,2,g,0,g,2,g,0,g
179,einstein bros bagels,muffin blueberry,23,g,75,mg,440,g,55,g,5,g,5,g,0,g,1,g,29,g
180,einstein bros bagels,muffin cinnamon chip,27,g,75,mg,440,g,69,g,5,g,7,g,0,g,1,g,46,g
181,einstein bros bagels,mustard spicy brown deli,0,g,0,mg,140,g,0,g,0,g,0,g,0,g,0,g,0,g
182,einstein bros bagels,natural peanut butter,20,g,0,mg,105,g,11,g,9,g,3.5,g,0,g,3,g,4,g
183,einstein bros bagels,natural strawberry jelly,0,g,0,mg,0,g,18,g,0,g,0,g,0,g,0,g,16,g
184,einstein bros bagels,nova lox and bagel sandwich,17,g,50,mg,1300,g,60,g,22,g,9,g,0,g,2,g,9,g
185,einstein bros bagels,nova lox on plain bagel select locations sandwich,17,g,50,mg,1340,g,64,g,23,g,9,g,0,g,5,g,10,g
186,einstein bros bagels,original kettle chips,10,g,0,mg,170,g,21,g,2,g,1,g,0,g,2,g,0,g
187,einstein bros bagels,pastry chocolate croissant,17,g,65,mg,290,g,33,g,6,g,10,g,0,g,1,g,10,g
188,einstein bros bagels,pastry chocolate croissant select locations,17,g,50,mg,280,g,33,g,6,g,10,g,0,g,1,g,10,g
189,einstein bros bagels,pastry greek cherry yogurt,18,g,75,mg,300,g,47,g,7,g,11,g,0.5,g,1,g,21,g
190,einstein bros bagels,pastry greek cherry yogurt select locations,18,g,75,mg,300,g,40,g,7,g,11,g,0.5,g,1,g,15,g
191,einstein bros bagels,pastry plain croissant,22,g,10,mg,560,g,41,g,8,g,10,g,0,g,2,g,5,g
192,einstein bros bagels,peanut butter and jelly,20,g,0,mg,105,g,29,g,9,g,3.5,g,0,g,3,g,21,g
193,einstein bros bagels,pepper jack 1 slice,4.5,g,10,mg,125,g,0,g,3,g,3,g,0,g,0,g,0,g
194,einstein bros bagels,pepperoni 1 serving,9,g,15,mg,350,g,1,g,4,g,3.5,g,0,g,0,g,1,g
195,einstein bros bagels,pizza bagel cheese sandwich,14,g,40,mg,1000,g,58,g,23,g,8,g,0,g,2,g,7,g
196,einstein bros bagels,pizza bagel cheese select locations sandwich,14,g,40,mg,1070,g,62,g,24,g,8,g,0,g,5,g,7,g
197,einstein bros bagels,pizza bagel pepperoni sandwich,23,g,55,mg,1340,g,59,g,27,g,12,g,0,g,2,g,7,g
198,einstein bros bagels,pizza bagel pepperoni select locations sandwich,23,g,55,mg,1420,g,62,g,28,g,11,g,0,g,5,g,8,g
199,einstein bros bagels,redskin potato salad,15,g,10,mg,490,g,17,g,2,g,2.5,g,0,g,2,g,1,g
200,einstein bros bagels,roasted tomato spread,16,g,10,mg,230,g,2,g,0,g,2.5,g,0,g,0,g,1,g
201,einstein bros bagels,roasted veggie tostini select locations sandwich,23,g,45,mg,1020,g,53,g,20,g,12,g,0,g,4,g,4,g
202,einstein bros bagels,salsa verde,0,g,0,mg,125,g,1,g,0,g,0,g,0,g,0,g,1,g
203,einstein bros bagels,santa fe on asiago thin select locations sandwich,16,g,60,mg,1090,g,42,g,28,g,9,g,0,g,2,g,6,g
204,einstein bros bagels,signature bagels asiago cheese,4,g,10,mg,580,g,54,g,10,g,2,g,0,g,2,g,5,g
205,einstein bros bagels,signature bagels asiago cheese select locations,3.5,g,10,mg,590,g,53,g,10,g,2,g,0,g,3,g,5,g
206,einstein bros bagels,signature bagels blueberry,1,g,0,mg,450,g,59,g,9,g,0,g,0,g,2,g,11,g
207,einstein bros bagels,signature bagels blueberry select locations,1,g,0,mg,490,g,60,g,9,g,0,g,0,g,4,g,10,g
208,einstein bros bagels,signature bagels chocolate chip,3.5,g,0,mg,450,g,58,g,9,g,1.5,g,0,g,3,g,10,g
209,einstein bros bagels,signature bagels chocolate chip select locations,3,g,0,mg,510,g,60,g,9,g,1.5,g,0,g,4,g,10,g
210,einstein bros bagels,signature bagels cinnamon sugar,3,g,0,mg,490,g,61,g,9,g,1,g,0,g,2,g,12,g
211,einstein bros bagels,signature bagels french toast,7,g,0,mg,510,g,68,g,9,g,1.5,g,0,g,2,g,20,g
212,einstein bros bagels,signature bagels pretzel,1,g,0,mg,880,g,54,g,9,g,0,g,0,g,2,g,5,g
213,einstein bros bagels,signature bagels pretzel select locations,4,g,0,mg,1270,g,51,g,9,g,0,g,0,g,3,g,6,g
214,einstein bros bagels,soup broccoli cheese 12 oz,24,g,25,mg,1670,g,20,g,6,g,7,g,0,g,4,g,4,g
215,einstein bros bagels,soup broccoli cheese 16 oz,32,g,35,mg,2210,g,27,g,8,g,9,g,0,g,5,g,5,g
216,einstein bros bagels,soup broccoli cheese 8 oz,17,g,20,mg,1140,g,14,g,5,g,5,g,0,g,3,g,3,g
217,einstein bros bagels,soup chicken noodle 12 oz,4,g,30,mg,1660,g,18,g,12,g,1,g,0,g,0,g,2,g
218,einstein bros bagels,soup chicken noodle 16 oz,5,g,40,mg,2210,g,24,g,16,g,1.5,g,0,g,0,g,3,g
219,einstein bros bagels,soup chicken noodle 8 oz,2.5,g,20,mg,1110,g,12,g,8,g,0.5,g,0,g,0,g,1,g
220,einstein bros bagels,soup vegetarian chile 12 oz,3,g,0,mg,1220,g,42,g,9,g,0,g,0,g,11,g,8,g
221,einstein bros bagels,soup vegetarian chile 16 oz,4,g,0,mg,1620,g,56,g,12,g,0,g,0,g,15,g,10,g
222,einstein bros bagels,soup vegetarian chile 8 oz,2,g,0,mg,810,g,28,g,6,g,0,g,0,g,7,g,5,g
223,einstein bros bagels,southwest egg white select locations sandwich,14,g,50,mg,1090,g,45,g,24,g,7,g,0,g,3,g,6,g
224,einstein bros bagels,specialty breads potato roll,4,g,0,mg,520,g,52,g,9,g,0,g,0,g,2,g,5,g
225,einstein bros bagels,specialty breads potato roll parbake select locations,4,g,0,mg,460,g,56,g,10,g,0.5,g,0,g,4,g,6,g
226,einstein bros bagels,specialty breads tortilla,7,g,0,mg,750,g,50,g,9,g,3,g,0,g,6,g,0,g
227,einstein bros bagels,spinach mushroom swiss select locations sandwich,20,g,125,mg,890,g,62,g,21,g,7,g,0,g,5,g,7,g
228,einstein bros bagels,strudel cinnamon walnut,35,g,30,mg,500,g,71,g,10,g,11,g,0,g,4,g,32,g
229,einstein bros bagels,swiss 1 slice,4.5,g,15,mg,65,g,0,g,4,g,3,g,0,g,0,g,0,g
230,einstein bros bagels,take and toast everything bagels,1.5,g,0,mg,570,g,60,g,10,g,0,g,0,g,3,g,8,g
231,einstein bros bagels,tasty turkey on asiago bagel sandwich,15,g,75,mg,1710,g,66,g,29,g,9,g,0,g,4,g,10,g
232,einstein bros bagels,tasty turkey on asiago bagel select locations sandwich,15,g,75,mg,1720,g,64,g,29,g,9,g,0,g,5,g,10,g
233,einstein bros bagels,thintastic bagels ancient grain thin,3,g,0,mg,400,g,34,g,8,g,0,g,0,g,5,g,5,g
234,einstein bros bagels,thintastic bagels honey whole wheat thin,2,g,0,mg,400,g,35,g,9,g,0,g,0,g,5,g,5,g
235,einstein bros bagels,thintastic bagels plain thin,0.5,g,0,mg,340,g,40,g,7,g,0,g,0,g,1,g,4,g
236,einstein bros bagels,thintastic bagels whole wheat thin,2,g,0,mg,400,g,35,g,9,g,0,g,0,g,5,g,5,g
237,einstein bros bagels,turkey and cheddar on plain bagel select locations sandwich,19,g,55,mg,1840,g,65,g,28,g,5,g,0,g,6,g,10,g
238,einstein bros bagels,turkey and cheddar potato roll sandwich,22,g,55,mg,1820,g,59,g,27,g,6,g,0,g,3,g,9,g
239,einstein bros bagels,turkey sausage and cheddar select locations sandwich,17,g,155,mg,1020,g,60,g,26,g,6,g,0,g,4,g,7,g
240,einstein bros bagels,turkey sausage patty,4,g,25,mg,280,g,1,g,7,g,1.5,g,0,g,0,g,1,g
241,einstein bros bagels,turkey bacon and avocado on ciabatta select locations sandwich,28,g,55,mg,2070,g,54,g,26,g,5,g,0,g,5,g,5,g
242,einstein bros bagels,turkey bacon and avocado sandwich,30,g,55,mg,1980,g,62,g,28,g,5,g,0,g,5,g,10,g
243,einstein bros bagels,turkey lunch,1,g,35,mg,1010,g,3,g,14,g,0,g,0,g,1,g,2,g
244,einstein bros bagels,twice baked hash brown,11,g,35,mg,260,g,12,g,7,g,6,g,0,g,1,g,1,g
245,einstein bros bagels,vanilla sweet cream cold press select locations 16 fl oz,4,g,20,mg,40,g,37,g,1,g,2.5,g,0,g,0,g,35,g
246,einstein bros bagels,vanilla sweet cream cold press select locations 20 fl oz,6,g,30,mg,55,g,55,g,2,g,4,g,0,g,0,g,53,g
247,einstein bros bagels,vanilla sweet cream cold press select locations 24 fl oz,8,g,40,mg,75,g,74,g,3,g,5,g,0,g,0,g,71,g
248,einstein bros bagels,veggies arugula,0,g,0,mg,0,g,1,g,0,g,0,g,0,g,0,g,0,g
249,einstein bros bagels,veggies avocado,5,g,0,mg,0,g,2,g,1,g,1,g,0,g,2,g,0,g
250,einstein bros bagels,veggies capers,0,g,0,mg,70,g,0,g,0,g,0,g,0,g,0,g,0,g
251,einstein bros bagels,veggies cucumber,0,g,0,mg,0,g,1,g,0,g,0,g,0,g,0,g,0,g
252,einstein bros bagels,veggies granola,1.5,g,0,mg,25,g,10,g,1,g,0,g,0,g,1,g,4,g
253,einstein bros bagels,veggies pickle spear,0,g,0,mg,260,g,0,g,0,g,0,g,0,g,0,g,0,g
254,einstein bros bagels,veggies red onion,0,g,0,mg,0,g,1,g,0,g,0,g,0,g,0,g,0,g
255,einstein bros bagels,veggies sauteed mushroom,3,g,0,mg,70,g,1,g,1,g,1.5,g,0,g,0,g,1,g
256,einstein bros bagels,veggies spinach,0,g,0,mg,10,g,1,g,0,g,0,g,0,g,0,g,0,g
257,einstein bros bagels,veggies tomato,0,g,0,mg,0,g,2,g,0,g,0,g,0,g,1,g,1,g
258,einstein bros bagels,whipped cream cheese shmear garden veggie reduced fat,9,g,25,mg,180,g,5,g,2,g,6,g,0,g,0,g,2,g
259,einstein bros bagels,whipped cream cheese shmear garlic herb reduced fat,9,g,25,mg,180,g,5,g,2,g,6,g,0,g,0,g,2,g
260,einstein bros bagels,whipped cream cheese shmear honey almond reduced fat,8,g,25,mg,75,g,11,g,2,g,6,g,0,g,0,g,7,g
261,einstein bros bagels,whipped cream cheese shmear jalapeno salsa reduced fat,8,g,25,mg,190,g,6,g,2,g,6,g,0,g,0,g,2,g
262,einstein bros bagels,whipped cream cheese shmear maple reduced fat,8,g,25,mg,85,g,8,g,1,g,5,g,0,g,0,g,6,g
263,einstein bros bagels,whipped cream cheese shmear onion and chive,10,g,30,mg,100,g,4,g,2,g,7,g,0,g,0,g,2,g
264,einstein bros bagels,whipped cream cheese shmear plain,12,g,35,mg,115,g,2,g,2,g,8,g,0,g,0,g,2,g
265,einstein bros bagels,whipped cream cheese shmear plain reduced fat,9,g,25,mg,180,g,4,g,2,g,6,g,0,g,0,g,2,g
266,einstein bros bagels,whipped cream cheese shmear smoked salmon,10,g,35,mg,250,g,4,g,2,g,6,g,0,g,0,g,2,g
267,einstein bros bagels,whipped cream cheese shmear strawberry reduced fat,9,g,30,mg,90,g,9,g,1,g,6,g,0,g,0,g,7,g
268,el pollo loco,chicken avocado tortilla wrap,19,g,90,mg,1140,g,46,g,34,g,7,g,0,g,9,g,5,g
269,el pollo loco,chunky guacamole and chips individual,65,g,0,mg,1280,g,100,g,11,g,10,g,0,g,18,g,3,g
270,el pollo loco,handmade chicken taquitos,3.5,g,20,mg,95,g,17,g,6,g,0.5,g,0,g,1,g,0,g
271,el pollo loco,handmade chicken taquitos 3 with guacamole creamy cilantro dressing and pico,24,g,70,mg,590,g,54,g,20,g,45,g,0,g,6,g,2,g
272,el pollo loco,chips and queso large,69,g,80,mg,1360,g,93,g,19,g,22,g,0,g,8,g,3,g
273,el pollo loco,chips and queso small,24,g,40,mg,540,g,26,g,8,g,10,g,0,g,2,g,1,g
274,el pollo loco,chunky guacamole and chips family,87,g,0,mg,1970,g,115,g,15,g,13,g,0,g,29,g,5,g
275,el pollo loco,horchata large,9,g,0,mg,40,g,42,g,0,g,0,g,0,g,0,g,33,g
276,el pollo loco,horchata small,3.8,g,0,mg,16,g,17,g,0,g,0,g,0,g,0,g,13.3,g
277,el pollo loco,chicken avocado burrito,48,g,155,mg,1990,g,71,g,46,g,14,g,0.5,g,10,g,5,g
278,el pollo loco,brc burrito,11,g,15,mg,1000,g,61,g,14,g,5,g,0,g,5,g,0.5,g
279,el pollo loco,classic chicken burrito,15,g,75,mg,1410,g,65,g,27,g,6,g,0,g,5,g,1,g
280,el pollo loco,chipotle chicken avocado burrito,40,g,160,mg,2310,g,86,g,47,g,15,g,0.5,g,9,g,4,g
281,el pollo loco,chicken fajita burrito,38,g,160,mg,2390,g,84,g,46,g,15,g,0.5,g,8,g,6,g
282,el pollo loco,baja shrimp fajita burrito,38,g,135,mg,2190,g,82,g,31,g,12,g,0.5,g,8,g,6,g
283,el pollo loco,rancherol burrito,40,g,150,mg,2170,g,84,g,44,g,13,g,0.5,g,7,g,5,g
284,el pollo loco,fire grilled chicken leg 1,4,g,70,mg,170,g,0,g,12,g,1,g,0,g,0,g,0,g
285,el pollo loco,fire grilled chicken thigh 1,150.2,g,0,mg,3204,g,0,g,210.2,g,45.1,g,0,g,0,g,0,g
286,el pollo loco,fire grilled chicken breast,9,g,140,mg,620,g,0,g,36,g,2.5,g,0,g,0,g,0,g
287,el pollo loco,fire grilled chicken wing 1,5,g,60,mg,300,g,0,g,12,g,1.5,g,0,g,0,g,0,g
288,el pollo loco,cinnamon churros,22,g,0,mg,400,g,30,g,3,g,5,g,0,g,1,g,7,g
289,el pollo loco,kids mini pollo bowl meal without chips or drink,4,g,40,mg,870,g,43,g,20,g,1,g,0,g,6,g,0.5,g
290,el pollo loco,kids cheese quesadilla meal without sides or drink,23,g,60,mg,850,g,37,g,19,g,12,g,0,g,1,g,0,g
291,el pollo loco,kids two piece chicken legs meal without sides chips or drink,8,g,145,mg,340,g,0,g,25,g,2.5,g,0,g,0,g,0,g
292,el pollo loco,kids brc burrito meal without sides chips or drink,11,g,15,mg,1000,g,61,g,14,g,5,g,0,g,5,g,0.5,g
293,el pollo loco,tortilla chips,11,g,0,mg,150,g,22,g,2,g,1.5,g,0,g,2,g,0,g
294,el pollo loco,original pollo bowl,7,g,70,mg,1680,g,80,g,36,g,1.5,g,0,g,10,g,3,g
295,el pollo loco,double chicken bowl,27,g,185,mg,2200,g,86,g,65,g,10,g,0,g,13,g,5,g
296,el pollo loco,chicken black bean bowl,11,g,75,mg,1180,g,57,g,37,g,2.5,g,0,g,19,g,6,g
297,el pollo loco,grande avocado chicken bowl,27,g,115,mg,1930,g,89,g,45,g,10,g,0,g,14,g,6,g
298,el pollo loco,chicken avocado stuffed quesadilla,59,g,175,mg,1830,g,60,g,47,g,23,g,0.5,g,6,g,3,g
299,el pollo loco,baja shrimp avocado stuffed quesadilla,62,g,175,mg,1740,g,59,g,38,g,22,g,0.5,g,6,g,3,g
300,el pollo loco,light creamy cilantro dressing,5,g,5,mg,400,g,6,g,1,g,1,g,0,g,0,g,3,g
301,el pollo loco,low fat citrus vinaigrette,4,g,0,mg,210,g,9,g,0,g,0.5,g,0,g,0,g,7,g
302,el pollo loco,ranch dressing,24,g,10,mg,390,g,2,g,1,g,3.5,g,0,g,0,g,2,g
303,el pollo loco,double chicken avocado salad without dressing,15,g,160,mg,900,g,14,g,48,g,5,g,0,g,6,g,7,g
304,el pollo loco,double chicken tostada salad without dressing,49,g,170,mg,1730,g,79,g,61,g,12,g,0,g,10,g,6,g
305,el pollo loco,classic tostada salad without dressing,41,g,100,mg,1390,g,75,g,39,g,11,g,0,g,7,g,5,g
306,el pollo loco,classic chicken salad without dressing,8,g,75,mg,550,g,19,g,26,g,2,g,0,g,3,g,5,g
307,el pollo loco,mexican cobb salad without dressing,25,g,105,mg,890,g,38,g,37,g,11,g,0,g,11,g,6,g
308,el pollo loco,chile lime chicken tostada salad without dressing,25,g,85,mg,1330,g,76,g,37,g,6,g,0,g,10,g,5,g
309,el pollo loco,mango habanero chicken tostada salad without dressing or shell,25,g,85,mg,1340,g,80,g,35,g,6,g,0,g,8,g,7,g
310,el pollo loco,bbq bacon avocado chicken tostada salad without dressing,52,g,115,mg,1840,g,89,g,45,g,17,g,0,g,10,g,18,g
311,el pollo loco,avocado salsa,2.5,g,0,mg,240,g,2,g,0,g,0,g,0,g,0.5,g,0,g
312,el pollo loco,jalapeno hot sauce,0,g,0,mg,110,g,1,g,0,g,0,g,0,g,0,g,0,g
313,el pollo loco,salsa roja,0,g,0,mg,260,g,2,g,0,g,0,g,0,g,0.5,g,0.5,g
314,el pollo loco,house salsa,0,g,0,mg,160,g,2,g,0,g,0,g,0,g,0,g,1,g
315,el pollo loco,flour tortillas 6,6,g,0,mg,540,g,29,g,5,g,2,g,0,g,1,g,0.5,g
316,el pollo loco,macaroni and cheese,19.2,g,24,mg,872,g,24,g,9.2,g,10,g,0.4,g,0.8,g,3.6,g
317,el pollo loco,mashed potatoes,1.2,g,0,mg,420,g,18.8,g,1.9,g,0.5,g,0,g,1.4,g,0.8,g
318,el pollo loco,spanish rice,1.7,g,0,mg,571,g,31.9,g,3.4,g,0.2,g,0,g,0.2,g,1.3,g
319,el pollo loco,corn tortillas 6,1.5,g,0,mg,5,g,21,g,2,g,0,g,0,g,2,g,0,g
320,el pollo loco,cole slaw,9.6,g,7,mg,213,g,9.3,g,1,g,1.5,g,0.2,g,2,g,7.3,g
321,el pollo loco,pinto beans,2.6,g,0,mg,315,g,24,g,7.5,g,0.4,g,0,g,7.5,g,0,g
322,el pollo loco,loco side salad,19.6,g,17,mg,258,g,8.1,g,2.9,g,3.8,g,0,g,1.4,g,2.4,g
323,el pollo loco,black beans,0.9,g,0,mg,247,g,24.3,g,8.2,g,0.2,g,0,g,11.2,g,1.5,g
324,el pollo loco,broccoli,0.3,g,0,mg,28,g,5.5,g,2.5,g,0,g,0,g,2,g,1.5,g
325,el pollo loco,mashed potatoes with gravy,1.2,g,0,mg,420,g,18.8,g,1.9,g,0.5,g,0,g,1.4,g,0.8,g
326,el pollo loco,corn and diced red peppers,5.2,g,0,mg,427,g,23.8,g,4.1,g,0.9,g,0,g,5.6,g,12.3,g
327,el pollo loco,chicken tortilla soup without tortilla strips large,10,g,125,mg,1690,g,20,g,30,g,3,g,0,g,4,g,5,g
328,el pollo loco,chicken tortilla soup with tortilla strips small,9,g,60,mg,830,g,19,g,16,g,3,g,0,g,2,g,2,g
329,el pollo loco,chicken tortilla soup without tortilla strips small,4.5,g,55,mg,770,g,9,g,14,g,1.5,g,0,g,2,g,2,g
330,el pollo loco,chicken tortilla soup with tortilla strips large,19,g,130,mg,1810,g,40,g,34,g,6,g,0,g,5,g,4,g
331,el pollo loco,chicken taco al carbon,6,g,40,mg,260,g,18,g,10,g,1.5,g,0,g,1,g,0.5,g
332,el pollo loco,shrimp taco al carbon,7,g,40,mg,220,g,17,g,6,g,1,g,0,g,1,g,0.5,g
333,el pollo loco,avocado salsa,2.5,g,0,mg,240,g,2,g,0,g,0.5,g,0,g,1,g,0,g
334,el pollo loco,barqs root beer large,0,g,0,mg,60,g,79,g,0,g,0,g,0,g,0,g,79,g
335,el pollo loco,barqs root beer small,0,g,0,mg,40,g,50,g,0,g,0,g,0,g,0,g,50,g
336,el pollo loco,black beans large,2.5,g,0,mg,660,g,65,g,22,g,0,g,0,g,30,g,4,g
337,el pollo loco,black beans small,1,g,0,mg,250,g,25,g,8,g,0,g,0,g,11,g,2,g
338,el pollo loco,broccoli large,0.5,g,0,mg,55,g,11,g,5,g,0,g,0,g,4,g,3,g
339,el pollo loco,broccoli small,0,g,0,mg,30,g,6,g,2,g,0,g,0,g,2,g,1,g
340,el pollo loco,cherry coke large,0,g,0,mg,0,g,64,g,0,g,0,g,0,g,0,g,64,g
341,el pollo loco,cherry coke small,0,g,0,mg,0,g,40,g,0,g,0,g,0,g,0,g,40,g
342,el pollo loco,chicken avocado burrito,48,g,155,mg,1990,g,71,g,46,g,14,g,0.5,g,10,g,5,g
343,el pollo loco,chicken avocado overstuffed quesadilla,59,g,175,mg,1830,g,60,g,47,g,23,g,0.5,g,6,g,3,g
344,el pollo loco,chicken avocado tortilla wrap,19,g,90,mg,1140,g,46,g,34,g,7,g,0,g,9,g,4,g
345,el pollo loco,chicken black bean bowl,11,g,75,mg,1180,g,57,g,37,g,2.5,g,0,g,19,g,6,g
346,el pollo loco,chicken taco al carbon,6,g,40,mg,260,g,18,g,10,g,1.5,g,0,g,1,g,1,g
347,el pollo loco,chipotle chicken avocado burrito,40,g,160,mg,2310,g,86,g,47,g,15,g,0.5,g,9,g,4,g
348,el pollo loco,chipotle shrimp avocado burrito,44,g,150,mg,2110,g,85,g,33,g,14,g,0.5,g,9,g,4,g
349,el pollo loco,cinnamon churros,22,g,0,mg,400,g,30,g,3,g,5,g,0,g,1,g,7,g
350,el pollo loco,classic chicken burrito,15,g,75,mg,1410,g,65,g,26,g,6,g,0,g,5,g,1,g
351,el pollo loco,classic shrimp burrito,21,g,95,mg,1420,g,63,g,22,g,6,g,0,g,5,g,1,g
352,el pollo loco,classic tostada salad with chicken,41,g,100,mg,1390,g,75,g,39,g,11,g,0,g,7,g,5,g
353,el pollo loco,classic tostada salad with shimp,49,g,110,mg,1480,g,77,g,26,g,12,g,0,g,7,g,5,g
354,el pollo loco,classic tostada salad without protein,40,g,30,mg,1060,g,75,g,18,g,10,g,0,g,7,g,5,g
355,el pollo loco,coca cola large,0,g,0,mg,0,g,64,g,0,g,0,g,0,g,0,g,64,g
356,el pollo loco,coca cola small,0,g,0,mg,0,g,40,g,0,g,0,g,0,g,0,g,40,g
357,el pollo loco,coleslaw large,29,g,20,mg,640,g,28,g,3,g,4.5,g,0,g,6,g,22,g
358,el pollo loco,coleslaw small,10,g,5,mg,210,g,9,g,1,g,1.5,g,0,g,2,g,7,g
359,el pollo loco,corn large,14,g,0,mg,1130,g,63,g,12,g,2,g,0,g,16,g,31,g
360,el pollo loco,corn small,5,g,0,mg,420,g,23,g,4,g,0.5,g,0,g,6,g,12,g
361,el pollo loco,creamy cilantro dressing,15,g,10,mg,180,g,1,g,1,g,2.5,g,0,g,0,g,0,g
362,el pollo loco,crunchy nacho overstuffed quesadilla,65,g,195,mg,2640,g,88,g,53,g,28,g,0.5,g,7,g,3,g
363,el pollo loco,diet coke large,0,g,0,mg,25,g,0,g,0,g,0,g,0,g,0,g,0,g
364,el pollo loco,diet coke small,0,g,0,mg,15,g,0,g,0,g,0,g,0,g,0,g,0,g
365,el pollo loco,diet dr pepper large,0,g,0,mg,25,g,0,g,0,g,0,g,0,g,0,g,0,g
366,el pollo loco,diet dr pepper small,0,g,0,mg,15,g,0,g,0,g,0,g,0,g,0,g,0,g
367,el pollo loco,double chicken avocado salad,15,g,160,mg,900,g,14,g,48,g,5,g,0,g,6,g,6,g
368,el pollo loco,double chicken bowl,27,g,185,mg,2200,g,86,g,65,g,10,g,0,g,13,g,5,g
369,el pollo loco,double chicken tostada salad,49,g,170,mg,1730,g,79,g,61,g,12,g,0,g,10,g,6,g
370,el pollo loco,double pollo overstuffed quesadilla,59,g,270,mg,2490,g,58,g,66,g,28,g,0.5,g,2,g,2,g
371,el pollo loco,double shrimp avocado salad,27,g,150,mg,930,g,16,g,19,g,6,g,0,g,6,g,6,g
372,el pollo loco,double shrimp bowl,40,g,175,mg,2240,g,88,g,37,g,11,g,0,g,13,g,5,g
373,el pollo loco,double shrimp tostada salad,62,g,160,mg,1770,g,81,g,33,g,14,g,0.5,g,10,g,6,g
374,el pollo loco,dr pepper large,0,g,0,mg,65,g,64,g,0,g,0,g,0,g,0,g,64,g
375,el pollo loco,dr pepper small,0,g,0,mg,40,g,40,g,0,g,0,g,0,g,0,g,40,g
376,el pollo loco,fanta orange large,0,g,0,mg,0,g,48,g,0,g,0,g,0,g,0,g,78,g
377,el pollo loco,fanta orange small,0,g,0,mg,0,g,49,g,0,g,0,g,0,g,0,g,49,g
378,el pollo loco,fire grilled chicken breast,9,g,140,mg,620,g,0,g,36,g,2.5,g,0,g,0,g,0,g
379,el pollo loco,fire grilled chicken leg,4,g,70,mg,170,g,0,g,12,g,1,g,0,g,0,g,0,g
380,el pollo loco,fire grilled chicken thigh,15,g,180,mg,320,g,0,g,21,g,4.5,g,0,g,0,g,0,g
381,el pollo loco,fire grilled chicken wing,5,g,60,mg,300,g,0,g,12,g,1.5,g,0,g,0,g,0,g
382,el pollo loco,fuze sweetened raspberry iced tea large,0,g,0,mg,20,g,43,g,0,g,0,g,0,g,0,g,43,g
383,el pollo loco,fuze sweetened raspberry iced tea small,0,g,0,mg,15,g,27,g,0,g,0,g,0,g,0,g,27,g
384,el pollo loco,gold peak fresh brewed sweetened tea large,0,g,0,mg,15,g,45,g,0,g,0,g,0,g,0,g,44,g
385,el pollo loco,gold peak fresh brewed sweetened tea small,0,g,0,mg,10,g,28,g,0,g,0,g,0,g,0,g,28,g
386,el pollo loco,grande avocado chicken bowl,26,g,115,mg,1930,g,89,g,45,g,10,g,0,g,14,g,6,g
387,el pollo loco,grande avocado shrimp bowl,34,g,125,mg,2020,g,90,g,32,g,11,g,0,g,14,g,6,g
388,el pollo loco,gravy for mashed potatoes large,0.5,g,0,mg,410,g,6,g,1,g,0,g,0,g,0,g,0,g
389,el pollo loco,gravy for mashed potatoes small,0,g,0,mg,70,g,1,g,0,g,0,g,0,g,0,g,0,g
390,el pollo loco,handmade chicken taquitos,24,g,75,mg,590,g,55,g,20,g,4.5,g,0,g,6,g,2,g
391,el pollo loco,hi c flashin fruit punch large,0,g,0,mg,20,g,64,g,0,g,0,g,0,g,0,g,64,g
392,el pollo loco,hi c flashin fruit punch small,0,g,0,mg,15,g,40,g,0,g,0,g,0,g,0,g,40,g
393,el pollo loco,homemade tortilla soup,18,g,130,mg,1760,g,40,g,33,g,5,g,0,g,5,g,5,g
394,el pollo loco,horchata large,9,g,0,mg,40,g,42,g,0,g,0,g,0,g,0,g,33,g
395,el pollo loco,horchata small,6,g,0,mg,25,g,27,g,0,g,0,g,0,g,0,g,21,g
396,el pollo loco,house salsa,0,g,0,mg,160,g,1,g,0,g,0,g,0,g,0,g,1,g
397,el pollo loco,jalapeno hot sauce,0,g,0,mg,110,g,1,g,0,g,0,g,0,g,0,g,0,g
398,el pollo loco,kids mini pollo bowl,4,g,40,mg,870,g,43,g,20,g,1,g,0,g,6,g,1,g
399,el pollo loco,kids original brc burrito,11,g,15,mg,1000,g,61,g,14,g,5,g,0,g,5,g,1,g
400,el pollo loco,kids two legs,8,g,145,mg,340,g,0,g,25,g,2.5,g,0,g,0,g,0,g
401,el pollo loco,light creamy cilantro dressing,5,g,5,mg,400,g,6,g,1,g,1,g,0,g,0,g,3,g
402,el pollo loco,low fat citrus vinaigrette dressing,4,g,0,mg,210,g,9,g,0,g,0.5,g,0,g,0,g,7,g
403,el pollo loco,macaroni and cheese large,48,g,60,mg,2180,g,60,g,23,g,25,g,1,g,2,g,9,g
404,el pollo loco,macaroni and cheese small,19,g,25,mg,870,g,24,g,9,g,10,g,0,g,1,g,4,g
405,el pollo loco,mashed potatoes large,4,g,0,mg,1130,g,63,g,6,g,2,g,0,g,5,g,3,g
406,el pollo loco,mashed potatoes small,1,g,0,mg,350,g,20,g,2,g,0.5,g,0,g,2,g,1,g
407,el pollo loco,minute maid lemonade large,0,g,0,mg,105,g,64,g,0,g,0,g,0,g,0,g,64,g
408,el pollo loco,minute maid lemonade small,0,g,0,mg,65,g,40,g,0,g,0,g,0,g,0,g,40,g
409,el pollo loco,minute maid strawberry lemonade large,0,g,0,mg,20,g,69,g,0,g,0,g,0,g,0,g,69,g
410,el pollo loco,minute maid strawberry lemonade small,0,g,0,mg,15,g,43,g,0,g,0,g,0,g,0,g,43,g
411,el pollo loco,original brc burrito,11,g,15,mg,1000,g,61,g,14,g,5,g,0,g,5,g,1,g
412,el pollo loco,original pollo bowl,7,g,70,mg,1680,g,80,g,36,g,1.5,g,0,g,10,g,3,g
413,el pollo loco,pico de gallo salsa,0,g,0,mg,140,g,2,g,0,g,0,g,0,g,1,g,1,g
414,el pollo loco,pinto beans large,7,g,0,mg,840,g,64,g,20,g,1,g,0,g,20,g,0,g
415,el pollo loco,pinto beans small,2.5,g,0,mg,310,g,24,g,8,g,0,g,0,g,8,g,0,g
416,el pollo loco,ranch dressing,24,g,10,mg,390,g,2,g,1,g,3.5,g,0,g,0,g,1,g
417,el pollo loco,ranchero burrito,40,g,150,mg,2170,g,84,g,44,g,13,g,0.5,g,7,g,5,g
418,el pollo loco,rice large,4,g,0,mg,1360,g,76,g,8,g,0.5,g,0,g,1,g,3,g
419,el pollo loco,rice small,1.5,g,0,mg,570,g,32,g,3,g,0,g,0,g,0,g,1,g
420,el pollo loco,salsa roja,0,g,0,mg,260,g,2,g,0,g,0,g,0,g,0,g,1,g
421,el pollo loco,shrimp avocado burrito,51,g,145,mg,1800,g,70,g,31,g,14,g,1,g,10,g,5,g
422,el pollo loco,shrimp avocado overstuffed quesadilla,62,g,175,mg,1740,g,59,g,38,g,22,g,0.5,g,6,g,3,g
423,el pollo loco,shrimp avocado tortilla wrap,27,g,95,mg,1230,g,47,g,21,g,7,g,0,g,9,g,4,g
424,el pollo loco,shrimp black bean bowl,19,g,80,mg,1270,g,58,g,25,g,3,g,0,g,19,g,6,g
425,el pollo loco,sliced jalapeno peppers,0,g,0,mg,510,g,1,g,0,g,0,g,0,g,0,g,0,g
426,el pollo loco,spicy serrano overstuffed quesadilla,59,g,195,mg,1990,g,63,g,50,g,27,g,0.5,g,7,g,4,g
427,el pollo loco,sprite large,0,g,0,mg,65,g,64,g,0,g,0,g,0,g,0,g,64,g
428,el pollo loco,sprite small,0,g,0,mg,40,g,40,g,0,g,0,g,0,g,0,g,40,g
429,el pollo loco,tortilla chips,11,g,0,mg,150,g,22,g,2,g,1.5,g,0,g,2,g,0,g
430,el pollo loco,vitamin water xxx large,0,g,0,mg,0,g,20,g,0,g,0,g,0,g,0,g,20,g
431,el pollo loco,vitamin water xxx small,0,g,0,mg,0,g,13,g,0,g,0,g,0,g,0,g,13,g
432,elevation burger,chocolate shake turkey hill,34,g,105,mg,306,g,98,g,19,g,25,g,0,g,0,g,70,g
433,elevation burger,coffee shake turkey hill,34,g,105,mg,306,g,82,g,15,g,25,g,0,g,0,g,59,g
434,elevation burger,vanilla shake turkey hill,34,g,105,mg,344,g,86,g,19,g,21,g,0,g,0,g,63,g
435,elevation burger,grilled chicken tenderloin 1,3,g,28,mg,167,g,0,g,9,g,0,g,0,g,0,g,0,g
436,elevation burger,crispy chicken tenderloin 1,8,g,23,mg,414,g,10,g,11,g,2,g,0,g,1,g,0,g
437,elevation burger,hot dog,10,g,30,mg,610,g,29,g,12,g,3,g,0,g,1,g,3,g
438,elevation burger,fresh fries,26,g,0,mg,135,g,64,g,8,g,4.5,g,0,g,5,g,3,g
439,elevation burger,fancy fries,40,g,50,mg,415,g,66,g,18,g,13,g,0,g,5,g,3,g
440,elevation burger,fiery fries,40,g,50,mg,850,g,67,g,18,g,13,g,0,g,6,g,3,g
441,elevation burger,grilled chicken tenderloins 2 with fries,32,g,56,mg,469,g,64,g,26,g,6,g,0,g,5,g,3,g
442,elevation burger,crispy chicken tenderloins 2 with fries,43,g,46,mg,963,g,84,g,29,g,9,g,0,g,8,g,3,g
443,elevation burger,grilled chicken tenderloins 2 with salad,6,g,56,mg,354,g,6,g,20,g,1,g,0,g,3,g,3,g
444,elevation burger,crispy tenderloins 2 with salad,17,g,46,mg,848,g,26,g,23,g,4,g,0,g,6,g,3,g
445,elevation burger,grilled chicken tenderloins 3 with salad,9,g,84,mg,517,g,6,g,29,g,1,g,0,g,3,g,3,g
446,elevation burger,grilled chicken tenderloins 3 with fries,35,g,84,mg,632,g,64,g,35,g,6,g,0,g,5,g,3,g
447,elevation burger,crispy chicken tenderloins 3 with salad,25,g,69,mg,1262,g,36,g,34,g,6,g,0,g,7,g,3,g
448,elevation burger,crispy chicken tenerloins 3 with fries,51,g,69,mg,1377,g,94,g,40,g,11,g,0,g,9,g,3,g
449,elevation burger,chicken for elevation salad,6,g,56,mg,334,g,0,g,18,g,1,g,0,g,0,g,0,g
450,elevation burger,chicken for side salad,3,g,28,mg,163,g,0,g,9,g,0.3,g,0,g,0,g,0,g
451,elevation burger,kens country french with orange blossom honey dressing,15,g,0,mg,300,g,13,g,0,g,2.5,g,0,g,0,g,12,g
452,elevation burger,kens caesar dressing,23,g,0,mg,390,g,2,g,1,g,3.5,g,0,g,0,g,1,g
453,elevation burger,kens ranch dressing,20,g,15,mg,280,g,2,g,1,g,3,g,0,g,0,g,1,g
454,elevation burger,kens balsamic vinaigrette dressing,17,g,0,mg,330,g,3,g,0,g,2.5,g,0,g,0,g,3,g
455,elevation burger,elevation side salad without dressing,0,g,0,mg,20,g,6,g,2,g,0,g,0,g,3,g,3,g
456,elevation burger,side salad without dressing,0,g,0,mg,20,g,6,g,2,g,0,g,0,g,3,g,3,g
457,elevation burger,sandwich components wholly guacamole classic,9,g,0,mg,200,g,5,g,1,g,1.5,g,0,g,3,g,0,g
458,elevation burger,sandwich components organic bacon,4.5,g,6,mg,102,g,0,g,0.8,g,1.6,g,0,g,0,g,0.2,g
459,elevation burger,sandwich components raw onions,0,g,0,mg,0,g,1,g,0,g,0,g,0,g,0,g,0,g
460,elevation burger,sandwich components mayo,2,g,0,mg,15,g,0,g,0,g,0,g,0,g,0,g,0,g
461,elevation burger,sandwich components ketchup,0,g,0,mg,25,g,1,g,0,g,0,g,0,g,0,g,1,g
462,elevation burger,sandwich components elevation sauce,0,g,0,mg,70,g,2,g,0,g,0,g,0,g,0,g,1,g
463,elevation burger,sandwich components mushrooms,4,g,0,mg,170,g,2,g,1,g,0.5,g,0,g,1,g,1,g
464,elevation burger,sandwich components caramelized onions,1,g,0,mg,0,g,2,g,0,g,0,g,0,g,0,g,1,g
465,elevation burger,sandwich components honey mustard,0,g,0,mg,24,g,1,g,0,g,0,g,0,g,0,g,1,g
466,elevation burger,sandwich components balsamic dijon,0,g,0,mg,70,g,2,g,0,g,0,g,0,g,0,g,1,g
467,elevation burger,sandwich components caramelized onions gluten free,1.5,g,0,mg,0,g,3,g,0,g,0,g,0,g,0,g,1,g
468,elevation burger,sandwich components tomato,0,g,0,mg,0,g,1,g,0,g,0,g,0,g,0,g,1,g
469,elevation burger,sandwich components cheddar cheese,7,g,25,mg,150,g,0,g,6,g,5,g,0,g,0,g,0,g
470,elevation burger,sandwich component potato bun,2,g,0,mg,250,g,30,g,5,g,0,g,0,g,0,g,5,g
471,elevation burger,sandwich components swiss cheese,7,g,20,mg,40,g,0,g,6,g,5,g,0,g,0,g,0,g
472,elevation burger,sandwich components potato bread,1,g,0,mg,180,g,20,g,3,g,0,g,0,g,0,g,3,g
473,elevation burger,sandwich components bbq sauce,0,g,0,mg,23,g,2,g,0,g,0,g,0,g,0,g,2,g
474,elevation burger,sandwich components potato roll,2,g,0,mg,250,g,30,g,5,g,0,g,0,g,0,g,5,g
475,elevation burger,sandwich components whole wheat bun,3,g,0,mg,320,g,27,g,6,g,1,g,0,g,3,g,3,g
476,elevation burger,sandwich component hot dog bun,2,g,0,mg,280,g,29,g,5,g,0,g,0,g,1,g,3,g
477,elevation burger,sandwich components hot pepper relish,0,g,0,mg,370,g,0,g,0,g,0,g,0,g,0,g,0,g
478,elevation burger,sandwich components blue cheese dressing,24,g,20,mg,320,g,2,g,1,g,4.5,g,0,g,0,g,2,g
479,elevation burger,sandwich components chicken,6,g,56,mg,334,g,0,g,18,g,1,g,0,g,0,g,0,g
480,elevation burger,sandwich components lettuce,0,g,0,mg,0,g,0,g,0,g,0,g,0,g,0,g,0,g
481,elevation burger,sandwich components jalapenos,0,g,0,mg,65,g,1,g,0,g,0,g,0,g,1,g,0,g
482,elevation burger,sandwich components mustard,0,g,0,mg,30,g,0,g,0,g,0,g,0,g,0,g,0,g
483,elevation burger,sandwich components pickles,0,g,0,mg,280,g,0,g,0,g,0,g,0,g,0,g,0,g
484,elevation burger,elevation grilled chicken sandwich wrapped in lettuce,13,g,82,mg,823,g,4,g,24,g,5,g,0,g,0,g,2,g
485,elevation burger,double burger wrapped in lettuce,24,g,80,mg,460,g,0,g,36,g,12,g,0,g,1,g,0,g
486,elevation burger,sriracha grilled chicken sandwich,14,g,77,mg,677,g,34,g,30,g,5,g,0,g,0,g,7,g
487,elevation burger,vegan burger,10,g,0,mg,940,g,50,g,10,g,1,g,0,g,5,g,6,g
488,elevation burger,mushroom swiss burger,45,g,120,mg,1008,g,33,g,54,g,21,g,0,g,2,g,5,g
489,elevation burger,paleo burger,33,g,88,mg,760,g,7,g,38,g,15,g,0,g,4,g,2,g
490,elevation burger,grilled chicken sandwich,8,g,57,mg,583,g,30,g,24,g,1,g,0,g,0,g,5,g
491,elevation burger,single burger wrapped in lettuce,12,g,40,mg,270,g,0,g,18,g,6,g,0,g,1,g,0,g
492,elevation burger,fiery sunrise burger,58,g,315,mg,1560,g,33,g,57,g,24,g,0,g,3,g,4,g
493,elevation burger,vertigo burger,38,g,120,mg,900,g,29,g,59,g,18,g,0,g,1,g,4,g
494,elevation burger,veggie burger wrapped in lettuce,5,g,10,mg,710,g,20,g,8,g,2,g,0,g,4,g,0,g
495,elevation burger,santa cruz chicken sandwich,35,g,78,mg,1518,g,57,g,33,g,11,g,0,g,6,g,6,g
496,elevation burger,half the guilt veggie burger,19,g,50,mg,1150,g,50,g,31,g,8,g,0,g,4,g,4,g
497,elevation burger,crispy chicken sandwich,19,g,46,mg,1078,g,50,g,26,g,4,g,0,g,3,g,5,g
498,elevation burger,half the guilt vegan burger,22,g,40,mg,1130,g,50,g,28,g,7,g,0,g,5,g,6,g
499,elevation burger,vegan burger wrapped in lettuce,8,g,0,mg,690,g,20,g,5,g,1,g,0,g,5,g,1,g
500,elevation burger,the original burger,40,g,130,mg,1360,g,32,g,53,g,22,g,0,g,1,g,6,g
501,elevation burger,bbq cheddar grilled chicken sandwich wrapped in lettuce,15,g,82,mg,496,g,6,g,24,g,5,g,0,g,0,g,3,g
502,elevation burger,elevation crispy chicken sandwich wrapped in lettuce,24,g,71,mg,1318,g,24,g,26,g,8,g,0,g,3,g,2,g
503,elevation burger,elevation grilled chicken sandwich,16,g,82,mg,1073,g,34,g,29,g,5,g,0,g,0,g,7,g
504,elevation burger,double burger,26,g,80,mg,710,g,29,g,41,g,12,g,0,g,1,g,4,g
505,elevation burger,sriracha crispy chicken sandwich,25,g,66,mg,1171,g,54,g,32,g,8,g,0,g,3,g,7,g
506,elevation burger,bbq bacon cheddar burger,46,g,136,mg,1135,g,34,g,53.8,g,23.6,g,0,g,1,g,7.2,g
507,elevation burger,grilled swiss cheese sandwich,14,g,40,mg,460,g,42,g,18,g,8,g,0,g,0,g,6,g
508,elevation burger,bbq cheddar crispy chicken sandwich,27,g,71,mg,1241,g,56,g,31,g,8,g,0,g,3,g,8,g
509,elevation burger,veggie burger,7,g,10,mg,960,g,50,g,13,g,2,g,0,g,4,g,4,g
510,elevation burger,bbq cheddar grilled chicken sandwich,17,g,82,mg,746,g,36,g,29,g,5,g,0,g,0,g,8,g
511,elevation burger,elevation crispy chicken sandwich,26,g,71,mg,1568,g,54,g,31,g,8,g,0,g,3,g,7,g
512,elevation burger,crispy chicken sandwich wrapped in lettuce,17,g,46,mg,828,g,20,g,21,g,4,g,0,g,3,g,0,g
513,elevation burger,santa cruz grilled chicken sandwich,24,g,89,mg,1023,g,37,g,31,g,7,g,0,g,3,g,6,g
514,elevation burger,half the guilt vegan burger wrapped in lettuce,20,g,40,mg,880,g,20,g,23,g,7,g,0,g,5,g,1,g
515,elevation burger,elevation burger,40,g,130,mg,1349,g,34,g,51,g,20,g,0,g,1,g,6,g
516,elevation burger,bbq cheddar crispy chicken sandwich wrapped in lettuce,25,g,71,mg,991,g,26,g,26,g,8,g,0,g,3,g,3,g
517,elevation burger,grilled cheddar cheese sandwich,16,g,50,mg,640,g,42,g,16,g,8,g,0,g,0,g,6,g
518,elevation burger,half the guilt veggie burger wrapped in lettuce,17,g,50,mg,900,g,20,g,26,g,8,g,0,g,4,g,0,g
519,elevation burger,single burger,14,g,40,mg,520,g,29,g,23,g,6,g,0,g,1,g,4,g
520,elevation burger,santa cruz crispy chicken sandwich wrapped in lettuce,33,g,78,mg,1268,g,27,g,28,g,11,g,0,g,6,g,1,g
521,elevation burger,guacamole ranch burger,48,g,121,mg,1038,g,37,g,54,g,22,g,0,g,4,g,5,g
522,elevation burger,sriracha grilled chicken sandwich wrapped in lettuce,12,g,77,mg,427,g,4,g,25,g,5,g,0,g,0,g,2,g
523,elevation burger,grilled chicken sandwich wrapped in lettuce,6,g,57,mg,333,g,0,g,19,g,1,g,0,g,0,g,0,g
524,elevation burger,sriracha crispy chicken sandwich wrapped in lettuce,23,g,66,mg,921,g,24,g,27,g,8,g,0,g,3,g,2,g
525,elevation burger,vertigo burger wrapped in lettuce,36,g,120,mg,650,g,0,g,54,g,18,g,0,g,1,g,0,g
526,elevation burger,founders cookies,15,g,30,mg,75,g,33,g,3,g,9,g,0,g,3,g,18,g
527,elevation burger,mandarin oranges,0,g,0,mg,5,g,18,g,1,g,0,g,0,g,1,g,18,g
528,elevation burger,elevation caesar side salad without dressing,8,g,20,mg,600,g,13,g,14,g,5,g,0,g,3,g,1,g
529,elevation burger,side caesar salad without dressing,8,g,20,mg,600,g,13,g,14,g,5,g,0,g,3,g,1,g
530,elevation burger,black cherry syrup,0,g,0,mg,0,g,18,g,0,g,0,g,0,g,0,g,18,g
531,elevation burger,organic cheesecake powder,0,g,0,mg,0,g,12,g,0,g,0,g,0,g,0,g,12,g
532,elevation burger,real bananas,0,g,0,mg,0,g,9,g,0,g,0,g,0,g,1,g,5,g
533,elevation burger,malt powder,1,g,0,mg,80,g,23,g,2,g,0.5,g,0,g,0,g,18,g
534,elevation burger,real mangoes,0,g,0,mg,0,g,7,g,0,g,0,g,0,g,1,g,6,g
535,elevation burger,oreo cookies,3.5,g,0,mg,80,g,12,g,1,g,1,g,0,g,1,g,7,g
536,elevation burger,real strawberries,0,g,0,mg,0,g,9,g,1,g,0,g,0,g,2,g,6,g
537,elevation burger,chocolate syrup,0,g,0,mg,40,g,63,g,3,g,0,g,0,g,3,g,52,g
538,elevation burger,real blueberries,0,g,0,mg,0,g,5,g,0,g,0,g,0,g,2,g,5,g
539,elevation burger,key lime pie syrup,0,g,0,mg,0,g,16,g,0,g,0,g,0,g,0,g,15,g
540,elevation burger,1 crispy chicken tenderloin,8,g,25,mg,410,g,10,g,11,g,2,g,0,g,1,g,0,g
541,elevation burger,1 grilled chicken tenderloin,3,g,30,mg,170,g,0,g,9,g,0,g,0,g,0,g,0,g
542,elevation burger,2 crispy chicken tenderloins with fries,43,g,45,mg,960,g,84,g,29,g,9,g,0,g,8,g,3,g
543,elevation burger,2 crispy chicken tenderloins with salad,17,g,45,mg,850,g,26,g,23,g,4,g,0,g,6,g,3,g
544,elevation burger,2 grilled chicken tenderloins with fries,32,g,55,mg,470,g,64,g,26,g,6,g,0,g,5,g,3,g
545,elevation burger,2 grilled chicken tenderloins with salad,6,g,55,mg,350,g,6,g,20,g,1,g,0,g,3,g,3,g
546,elevation burger,3 crispy chicken tenderloins with fries,51,g,70,mg,1380,g,94,g,40,g,11,g,0,g,9,g,3,g
547,elevation burger,3 crispy chicken tenderloins with salad,25,g,70,mg,1260,g,36,g,34,g,6,g,0,g,7,g,3,g
548,elevation burger,3 grilled chicken tenderloins with fries,35,g,85,mg,630,g,64,g,35,g,6,g,0,g,5,g,3,g
549,elevation burger,3 grilled chicken tenderloins with salad,9,g,85,mg,520,g,6,g,29,g,1,g,0,g,3,g,3,g
550,elevation burger,bacon,0,g,10,mg,100,g,0,g,1,g,1,g,0,g,0,g,0,g
551,elevation burger,balsamic mustard,0,g,0,mg,70,g,2,g,0,g,0,g,0,g,0,g,1,g
552,elevation burger,bbq bacon cheddar burger,28,g,90,mg,830,g,34,g,42,g,13,g,0,g,1,g,7,g
553,elevation burger,bbq cheddar crispy chicken sandwich,27,g,70,mg,1240,g,56,g,31,g,8,g,0,g,3,g,8,g
554,elevation burger,bbq cheddar crispy chicken sandwich lettuce wrap,25,g,70,mg,990,g,26,g,26,g,8,g,0,g,3,g,3,g
555,elevation burger,bbq cheddar grilled chicken sandwich,17,g,80,mg,750,g,36,g,29,g,5,g,0,g,0,g,8,g
556,elevation burger,bbq cheddar grilled chicken sandwich lettuce wrap,15,g,80,mg,500,g,6,g,24,g,5,g,0,g,0,g,3,g
557,elevation burger,bbq sauce,0,g,0,mg,25,g,2,g,0,g,0,g,0,g,0,g,2,g
558,elevation burger,better burger lettuce,0,g,0,mg,10,g,0,g,0,g,0,g,0,g,0,g,0,g
559,elevation burger,black cherry syrup,0,g,0,mg,0,g,18,g,0,g,0,g,0,g,0,g,18,g
560,elevation burger,blue cheese dressing,1,g,0,mg,15,g,0,g,0,g,0,g,0,g,0,g,0,g
561,elevation burger,caramelized onions,2,g,0,mg,0,g,3,g,0,g,0,g,0,g,0,g,1,g
562,elevation burger,cheddar cheese,7,g,25,mg,140,g,1,g,5,g,4,g,0,g,0,g,0,g
563,elevation burger,chicken,6,g,55,mg,330,g,0,g,18,g,1,g,0,g,0,g,0,g
564,elevation burger,chicken side for elevation salads,6,g,55,mg,330,g,0,g,18,g,1,g,0,g,0,g,0,g
565,elevation burger,chicken side for side salads,3,g,30,mg,160,g,0,g,9,g,0,g,0,g,0,g,0,g
566,elevation burger,chocolate shake turkey hill,34,g,105,mg,310,g,98,g,19,g,25,g,0,g,0,g,70,g
567,elevation burger,chocolate syrup,0,g,0,mg,40,g,63,g,3,g,0,g,0,g,3,g,52,g
568,elevation burger,coffee shake turkey hill,34,g,105,mg,310,g,82,g,15,g,25,g,0,g,0,g,59,g
569,elevation burger,crispy chicken sandwich,19,g,45,mg,1080,g,50,g,26,g,4,g,0,g,3,g,5,g
570,elevation burger,crispy chicken sandwich lettuce wrap,17,g,45,mg,830,g,20,g,21,g,4,g,0,g,3,g,0,g
571,elevation burger,double burger,26,g,80,mg,710,g,29,g,41,g,12,g,0,g,1,g,4,g
572,elevation burger,double burger lettuce wrap,24,g,80,mg,460,g,0,g,36,g,12,g,0,g,1,g,0,g
573,elevation burger,egg,18,g,185,mg,70,g,0,g,6,g,4,g,0,g,0,g,0,g
574,elevation burger,elevation burger,40,g,130,mg,1350,g,34,g,51,g,20,g,0,g,1,g,6,g
575,elevation burger,elevation crispy chicken sandwich,26,g,70,mg,1570,g,54,g,31,g,8,g,0,g,3,g,7,g
576,elevation burger,elevation crispy chicken sandwich lettuce wrap,24,g,70,mg,1320,g,24,g,26,g,8,g,0,g,3,g,2,g
577,elevation burger,elevation grilled chicken sandwich,15,g,80,mg,1070,g,34,g,29,g,5,g,0,g,0,g,7,g
578,elevation burger,elevation grilled chicken sandwich lettuce wrap,13,g,80,mg,820,g,4,g,24,g,5,g,0,g,0,g,2,g
579,elevation burger,elevation sauce,0,g,0,mg,70,g,2,g,0,g,0,g,0,g,0,g,1,g
580,elevation burger,fancy fries,40,g,50,mg,420,g,66,g,18,g,13,g,0,g,5,g,3,g
581,elevation burger,fiery fries,40,g,50,mg,850,g,67,g,18,g,13,g,0,g,6,g,3,g
582,elevation burger,fiery sunrise burger,58,g,315,mg,1560,g,33,g,57,g,24,g,0,g,3,g,4,g
583,elevation burger,founders cookies,15,g,30,mg,75,g,33,g,3,g,9,g,0,g,3,g,18,g
584,elevation burger,fresh fries,26,g,0,mg,135,g,64,g,8,g,5,g,0,g,5,g,3,g
585,elevation burger,fresh fries small,17,g,0,mg,85,g,41,g,5,g,3,g,0,g,3,g,2,g
586,elevation burger,grilled cheese with cheddar cheese,16,g,50,mg,640,g,42,g,16,g,8,g,0,g,0,g,6,g
587,elevation burger,grilled cheese with swiss cheese,14,g,40,mg,460,g,42,g,18,g,8,g,0,g,0,g,6,g
588,elevation burger,grilled chicken sandwich,8,g,55,mg,580,g,30,g,24,g,1,g,0,g,0,g,5,g
589,elevation burger,grilled chicken sandwich lettuce wrap,6,g,55,mg,330,g,0,g,19,g,1,g,0,g,0,g,0,g
590,elevation burger,guacamole,9,g,0,mg,200,g,5,g,1,g,2,g,0,g,3,g,0,g
591,elevation burger,guacamole ranch burger,48,g,120,mg,1040,g,37,g,54,g,22,g,0,g,4,g,5,g
592,elevation burger,half the guilt burger veggie lettuce wrap,17,g,50,mg,900,g,20,g,26,g,8,g,0,g,4,g,0,g
593,elevation burger,half the guilt burger vegan,22,g,40,mg,1130,g,50,g,28,g,7,g,0,g,5,g,6,g
594,elevation burger,half the guilt burger vegan lettuce wrap,20,g,40,mg,880,g,20,g,23,g,7,g,0,g,5,g,1,g
595,elevation burger,half the guilt burger veggie,19,g,50,mg,1150,g,50,g,31,g,8,g,0,g,4,g,4,g
596,elevation burger,honey mustard,0,g,0,mg,25,g,1,g,0,g,0,g,0,g,0,g,1,g
597,elevation burger,horseradish sauce,3,g,0,mg,30,g,0,g,0,g,0,g,0,g,0,g,0,g
598,elevation burger,hot dog,10,g,30,mg,610,g,29,g,12,g,3,g,0,g,1,g,3,g
599,elevation burger,hot dog bun,2,g,0,mg,280,g,29,g,5,g,0,g,0,g,1,g,3,g
600,elevation burger,hot pepper relish,0,g,0,mg,370,g,0,g,0,g,0,g,0,g,0,g,0,g
601,elevation burger,jalapenos,0,g,0,mg,65,g,1,g,0,g,0,g,0,g,1,g,0,g
602,elevation burger,kens balsamic vinaigrette dressing,17,g,0,mg,330,g,3,g,0,g,2.5,g,0,g,0,g,3,g
603,elevation burger,kens blue cheese dressing,24,g,20,mg,320,g,2,g,1,g,4.5,g,0,g,0,g,2,g
604,elevation burger,kens caesar dressing,23,g,0,mg,390,g,2,g,1,g,35,g,0,g,0,g,1,g
605,elevation burger,kens country french with orange blossom honey dressing,15,g,0,mg,300,g,13,g,0,g,2.5,g,0,g,0,g,12,g
606,elevation burger,ketchup,0,g,0,mg,25,g,1,g,0,g,0,g,0,g,0,g,1,g
607,elevation burger,key lime pie syrup,0,g,0,mg,0,g,16,g,0,g,0,g,0,g,0,g,15,g
608,elevation burger,malt powder,1,g,0,mg,80,g,23,g,2,g,1,g,0,g,0,g,18,g
609,elevation burger,mandarin oranges,0,g,0,mg,5,g,18,g,1,g,0,g,0,g,1,g,18,g
610,elevation burger,mayo,2,g,0,mg,15,g,0,g,0,g,0,g,0,g,0,g,0,g
611,elevation burger,mushroom swiss burger,45,g,120,mg,1010,g,33,g,54,g,21,g,0,g,2,g,5,g
612,elevation burger,mushrooms,4,g,0,mg,170,g,2,g,1,g,1,g,0,g,1,g,1,g
613,elevation burger,mustard,0,g,0,mg,30,g,0,g,0,g,0,g,0,g,0,g,0,g
614,elevation burger,oreo cookies,4,g,0,mg,80,g,12,g,1,g,1,g,0,g,1,g,7,g
615,elevation burger,organic cheesecake powder,0,g,0,mg,0,g,12,g,0,g,0,g,0,g,0,g,12,g
616,elevation burger,organic hot dog,8,g,30,mg,330,g,0,g,7,g,3,g,0,g,0,g,0,g
617,elevation burger,paleo burger,33,g,90,mg,760,g,7,g,38,g,15,g,0,g,4,g,2,g
618,elevation burger,pickles,0,g,0,mg,280,g,0,g,0,g,0,g,0,g,0,g,0,g
619,elevation burger,potato bread 1 slice,1,g,0,mg,180,g,20,g,3,g,0,g,0,g,0,g,3,g
620,elevation burger,potato roll,2,g,0,mg,250,g,30,g,5,g,0,g,0,g,0,g,5,g
621,elevation burger,ranch dressing,1,g,0,mg,20,g,0,g,0,g,0,g,0,g,0,g,0,g
622,elevation burger,raw onions,0,g,0,mg,0,g,1,g,0,g,0,g,0,g,0,g,0,g
623,elevation burger,real bananas,0,g,0,mg,0,g,9,g,0,g,0,g,0,g,1,g,5,g
624,elevation burger,real blueberries,0,g,0,mg,0,g,5,g,0,g,0,g,0,g,2,g,5,g
625,elevation burger,real mangoes,0,g,0,mg,0,g,7,g,0,g,0,g,0,g,1,g,6,g
626,elevation burger,real strawberries,0,g,0,mg,0,g,9,g,1,g,0,g,0,g,2,g,6,g
627,elevation burger,santa cruz crispy chicken sandwich,35,g,80,mg,1520,g,57,g,33,g,11,g,0,g,6,g,6,g
628,elevation burger,santa cruz crispy chicken sandwich lettuce wrap,33,g,80,mg,1270,g,27,g,28,g,11,g,0,g,6,g,1,g
629,elevation burger,santa cruz grilled chicken sandwich,24,g,90,mg,1020,g,37,g,31,g,7,g,0,g,3,g,6,g
630,elevation burger,santa cruz grilled chicken sandwich lettuce wrap,22,g,90,mg,770,g,7,g,26,g,7,g,0,g,3,g,1,g
631,elevation burger,side caesar salad no dressing,8,g,20,mg,600,g,13,g,14,g,5,g,0,g,3,g,1,g
632,elevation burger,side salad no dressing,0,g,0,mg,20,g,6,g,2,g,0,g,0,g,3,g,3,g
633,elevation burger,single burger,14,g,40,mg,520,g,29,g,23,g,6,g,0,g,1,g,4,g
634,elevation burger,single burger lettuce wrap,12,g,40,mg,270,g,0,g,18,g,6,g,0,g,1,g,0,g
635,elevation burger,sriracha crispy chicken sandwich,25,g,65,mg,1170,g,54,g,32,g,8,g,0,g,3,g,7,g
636,elevation burger,sriracha crispy chicken sandwich lettuce wrap,23,g,65,mg,920,g,24,g,27,g,8,g,0,g,3,g,2,g
637,elevation burger,sriracha grilled chicken sandwich,14,g,75,mg,680,g,34,g,30,g,5,g,0,g,0,g,7,g
638,elevation burger,sriracha grilled chicken sandwich lettuce wrap,12,g,75,mg,430,g,4,g,25,g,5,g,0,g,0,g,2,g
639,elevation burger,sriracha mayo,0,g,0,mg,45,g,2,g,0,g,0,g,0,g,0,g,1,g
640,elevation burger,swiss cheese,6,g,20,mg,50,g,1,g,6,g,4,g,0,g,0,g,0,g
641,elevation burger,tomato,0,g,0,mg,0,g,1,g,0,g,0,g,0,g,0,g,1,g
642,elevation burger,vanilla shake turkey hill,34,g,105,mg,340,g,86,g,19,g,21,g,0,g,0,g,63,g
643,elevation burger,vegan burger,10,g,0,mg,940,g,50,g,10,g,1,g,0,g,5,g,6,g
644,elevation burger,vegan burger lettuce wrap,8,g,0,mg,690,g,20,g,5,g,1,g,0,g,5,g,1,g
645,elevation burger,veggie burger,7,g,10,mg,960,g,50,g,13,g,2,g,0,g,4,g,4,g
646,elevation burger,veggie burger lettuce wrap,5,g,10,mg,710,g,20,g,8,g,2,g,0,g,4,g,0,g
647,elevation burger,vertigo burger,38,g,120,mg,900,g,29,g,59,g,18,g,0,g,1,g,4,g
648,elevation burger,vertigo burger lettuce wrap,36,g,120,mg,650,g,0,g,54,g,18,g,0,g,1,g,0,g
649,elevation burger,whole wheat bun,2.5,g,0,mg,320,g,27,g,6,g,0.5,g,0,g,3,g,3,g
650,erbert and gerberts,boney billy wheat wrap,32,g,75,mg,1766,g,54,g,30,g,5,g,0,g,6,g,7,g
651,erbert and gerberts,narmer wheat wrap,42,g,68,mg,1442,g,54,g,28,g,11,g,0,g,7,g,6,g
652,erbert and gerberts,beacon wheat wrap,37,g,158,mg,3026,g,71,g,65,g,17,g,0,g,5,g,20,g
653,erbert and gerberts,comet morehouse wheat wrap,41,g,90,mg,1844,g,54,g,37,g,11,g,0,g,6,g,6,g
654,erbert and gerberts,pudder wheat wrap,24,g,0,mg,535,g,71,g,16,g,10,g,1,g,7,g,18,g
655,erbert and gerberts,apollo wheat wrap,40,g,83,mg,2158,g,73,g,34,g,10,g,0,g,7,g,22,g
656,erbert and gerberts,flash wheat wrap,70,g,98,mg,2008,g,58,g,37,g,16,g,0,g,7,g,6,g
657,erbert and gerberts,titan wheat wrap,38,g,55,mg,1164,g,57,g,22,g,10,g,1,g,7,g,6,g
658,erbert and gerberts,tappy wheat wrap,46,g,53,mg,1338,g,56,g,26,g,13,g,1,g,6,g,5,g
659,erbert and gerberts,bornk wheat wrap,31,g,4,mg,1332,g,55,g,34,g,5,g,0,g,6,g,6,g
660,erbert and gerberts,jacob bluefinger wheat wrap,49,g,60,mg,1106,g,53,g,25,g,16,g,0,g,7,g,4,g
661,erbert and gerberts,erupter wheat wrap,52,g,33,mg,862,g,56,g,14,g,8,g,0,g,6,g,5,g
662,erbert and gerberts,halleys comet wheat wrap,32,g,45,mg,980,g,54,g,21,g,6,g,1,g,6,g,4,g
663,erbert and gerberts,comet candy wheat wrap,41,g,90,mg,1744,g,57,g,38,g,11,g,0,g,6,g,6,g
664,erbert and gerberts,spartan wheat wrap,48,g,113,mg,2406,g,60,g,41,g,15,g,1,g,7,g,9,g
665,erbert and gerberts,tullius wheat wrap,40,g,65,mg,1244,g,56,g,28,g,11,g,0,g,6,g,5,g
666,erbert and gerberts,quatro wheat wrap,47,g,113,mg,1917,g,68,g,39,g,15,g,0,g,6,g,19,g
667,erbert and gerberts,northern cheesesteak wheat wrap,43,g,85,mg,1954,g,59,g,32,g,17,g,0,g,5,g,8,g
668,erbert and gerberts,quatro wheat wrap,47,g,113,mg,1903,g,70,g,39,g,14,g,1,g,6,g,19,g
669,erbert and gerberts,honey wheat bread,4,g,0,mg,650,g,64,g,13,g,1,g,0,g,4,g,4,g
670,erbert and gerberts,wheat wrap,8,g,0,mg,414,g,49,g,9,g,2,g,0,g,5,g,3,g
671,erbert and gerberts,french bread,0.2,g,0,mg,76,g,7.9,g,1.7,g,0,g,0,g,0.2,g,0.2,g
672,erbert and gerberts,croissant,12,g,30,mg,340,g,32,g,5,g,7,g,0,g,1,g,5,g
673,erbert and gerberts,gluten free bread,11,g,0,mg,470,g,57,g,5,g,1,g,0,g,7,g,4,g
674,erbert and gerberts,asian cranberry breakfast wrap,20,g,169,mg,1241,g,42,g,18,g,9,g,0,g,2,g,16,g
675,erbert and gerberts,egg and cheese croissant breakfast sandwich,25,g,180,mg,815,g,34,g,13,g,13,g,0,g,1,g,6,g
676,erbert and gerberts,sweet denver breakfast wrap,21,g,182,mg,1701,g,37,g,23,g,9,g,0,g,2,g,10,g
677,erbert and gerberts,ham egg and cheese croissant breakfast sandwich,27,g,193,mg,1130,g,34,g,18,g,1,g,0,g,1,g,7,g
678,erbert and gerberts,buffalo breakfast wrap,19,g,169,mg,1606,g,24,g,18,g,9,g,0,g,1,g,1,g
679,erbert and gerberts,bacon egg and cheese croissant breakfast sandwich,28,g,199,mg,1176,g,34,g,19,g,14,g,0,g,1,g,6,g
680,erbert and gerberts,chocolate chunk cookie,15,g,20,mg,190,g,43,g,4,g,8,g,0,g,2,g,26,g
681,erbert and gerberts,white chocolate macadamia cookied,17,g,15,mg,210,g,41,g,4,g,9,g,0,g,1,g,28,g
682,erbert and gerberts,snickerdoodle cookie,14,g,40,mg,240,g,42,g,4,g,8,g,0,g,1,g,21,g
683,erbert and gerberts,matrshmallow crispy bar,9,g,25,mg,430,g,85,g,3,g,6,g,0,g,0,g,44,g
684,erbert and gerberts,kids turkey and cheese sandwich on french bread,6,g,33,mg,910,g,34,g,19,g,3,g,0,g,1,g,2,g
685,erbert and gerberts,kids ham and cheese on honey wheat bread sandwich,7,g,23,mg,700,g,33,g,15,g,3,g,0,g,2,g,3,g
686,erbert and gerberts,kids ham and cheese on french bread sandwich,6,g,23,mg,685,g,33,g,16,g,3,g,0,g,1,g,2,g
687,erbert and gerberts,kids turkey and cheese sandwich on honey wheat bread,7,g,33,mg,925,g,34,g,18,g,3,g,0,g,2,g,3,g
688,erbert and gerberts,mac and cheese,16,g,50,mg,1040,g,26,g,15,g,9,g,1,g,1,g,4,g
689,erbert and gerberts,mac and cheese with bbq brisket,19,g,93,mg,1725,g,23,g,35,g,9,g,0,g,1,g,9,g
690,erbert and gerberts,mighty mac,16,g,50,mg,1040,g,26,g,15,g,9,g,1,g,1,g,4,g
691,erbert and gerberts,oil and vinegar dressing,19,g,0,mg,0,g,0,g,0,g,2,g,0,g,0,g,0,g
692,erbert and gerberts,buffalo ranch dressing,5,g,5,mg,415,g,2,g,0,g,1,g,0,g,0,g,1,g
693,erbert and gerberts,ranch dressing,9,g,10,mg,230,g,3,g,0,g,2,g,0,g,0,g,1,g
694,erbert and gerberts,cranberry wasabi dressing,1,g,0,mg,85,g,15,g,0,g,0,g,0,g,0,g,14,g
695,erbert and gerberts,pepperdew ranch dressing,5,g,5,mg,400,g,5,g,1,g,1,g,0,g,1,g,3,g
696,erbert and gerberts,blue cheese dressing,11,g,7,mg,175,g,1,g,1,g,2,g,0,g,0,g,0,g
697,erbert and gerberts,fat free french dressing,0,g,0,mg,270,g,10,g,0,g,0,g,0,g,0,g,8,g
698,erbert and gerberts,sriracha ranch dressing,6,g,7,mg,488,g,2,g,0,g,1,g,0,g,0,g,3,g
699,erbert and gerberts,spartan salad bowl without dressing,11,g,66,mg,995,g,7,g,22,g,7,g,0,g,1,g,4,g
700,erbert and gerberts,flash salad bowl without dressing,8,g,31,mg,534,g,7,g,12,g,4,g,0,g,1,g,4,g
701,erbert and gerberts,comet candy salad bowl without dressing,6,g,35,mg,588,g,7,g,15,g,3,g,0,g,1,g,4,g
702,erbert and gerberts,narmer salad bowl without dressing,6,g,24,mg,437,g,7,g,10,g,3,g,0,g,2,g,4,g
703,erbert and gerberts,tappy salad bowl without dressing,7,g,18,mg,304,g,6,g,7,g,4,g,0,g,1,g,3,g
704,erbert and gerberts,boney billy salad bowl without dressing,1,g,28,mg,599,g,7,g,11,g,0,g,0,g,1,g,5,g
705,erbert and gerberts,halleys comet salad bowl without dressing,1,g,13,mg,213,g,6,g,7,g,0,g,0,g,1,g,3,g
706,erbert and gerberts,jacob bluefinger salad bowl without dressing,9,g,20,mg,269,g,7,g,9,g,5,g,0,g,2,g,3,g
707,erbert and gerberts,bornk salad bowl without dressing,12,g,23,mg,467,g,8,g,13,g,2,g,0,g,2,g,4,g
708,erbert and gerberts,girf salad bowl without dressing,5,g,36,mg,681,g,7,g,15,g,3,g,0,g,1,g,4,g
709,erbert and gerberts,tullius salad bowl without dressing,5,g,35,mg,538,g,7,g,16,g,3,g,0,g,1,g,3,g
710,erbert and gerberts,comet morehouse salad bowl without dressing,6,g,35,mg,638,g,7,g,15,g,3,g,0,g,1,g,4,g
711,erbert and gerberts,titan salad bowl without dressing,7,g,52,mg,1034,g,9,g,15,g,4,g,0,g,2,g,5,g
712,erbert and gerberts,pickle slice add on,0,g,0,mg,209,g,0,g,0,g,0,g,0,g,0,g,0,g
713,erbert and gerberts,jalapenos add on,0,g,0,mg,140,g,1,g,0,g,0,g,0,g,1,g,0,g
714,erbert and gerberts,bacon add on,6,g,38,mg,722,g,0,g,11,g,4,g,0,g,0,g,0,g
715,erbert and gerberts,banana peppers add on,0,g,0,mg,140,g,1,g,0,g,0,g,0,g,1,g,0,g
716,erbert and gerberts,boney billy sandwich on honey wheat bread,27,g,75,mg,2003,g,69,g,34,g,4,g,0,g,5,g,8,g
717,erbert and gerberts,comet morehouse sandwich on french bread,35,g,90,mg,2050,g,69,g,42,g,9,g,0,g,3,g,5,g
718,erbert and gerberts,girf sandwich on french bread,34,g,93,mg,2136,g,69,g,42,g,9,g,0,g,3,g,5,g
719,erbert and gerberts,narmer sandwich on french bread,36,g,68,mg,1649,g,69,g,33,g,9,g,0,g,4,g,4,g
720,erbert and gerberts,tappy sandwich on french bread,40,g,53,mg,1544,g,71,g,31,g,11,g,0,g,3,g,4,g
721,erbert and gerberts,boney billy sandwich on french bread,26,g,75,mg,1973,g,69,g,35,g,3,g,0,g,3,g,6,g
722,erbert and gerberts,jacob bluefinger sandwich on honey wheat bread,45,g,60,mg,1343,g,68,g,29,g,14,g,0,g,6,g,5,g
723,erbert and gerberts,tullius sandwich on french bread,34,g,65,mg,1450,g,71,g,33,g,9,g,0,g,3,g,4,g
724,erbert and gerberts,titan sandwich on honey wheat bread,33,g,55,mg,1409,g,71,g,26,g,10,g,0,g,6,g,7,g
725,erbert and gerberts,narmer sandwich on honey wheat bread,37,g,68,mg,1679,g,69,g,32,g,9,g,0,g,6,g,6,g
726,erbert and gerberts,comet morehouse sandwich on honey wheat bread,37,g,90,mg,2080,g,69,g,41,g,10,g,0,g,5,g,7,g
727,erbert and gerberts,girf sandwich on honey wheat bread,36,g,93,mg,2166,g,69,g,41,g,9,g,0,g,5,g,7,g
728,erbert and gerberts,spartan sandwich on honey wheat bread,43,g,113,mg,2642,g,75,g,44,g,13,g,0,g,6,g,10,g
729,erbert and gerberts,flash sandwich on french bread,64,g,98,mg,2214,g,73,g,41,g,14,g,0,g,4,g,5,g
730,erbert and gerberts,apollo sandwich on french bread,34,g,83,mg,2365,g,88,g,39,g,8,g,0,g,4,g,21,g
731,erbert and gerberts,comet candy sandwich on french bread,35,g,90,mg,1950,g,72,g,43,g,9,g,0,g,3,g,5,g
732,erbert and gerberts,halleys comet sandwich on french bread,25,g,45,mg,1430,g,84,g,27,g,6,g,0,g,6,g,1,g
733,erbert and gerberts,bornk sandwich on french bread,25,g,46,mg,1538,g,70,g,39,g,3,g,0,g,4,g,5,g
734,erbert and gerberts,erupter sandwich on french bread,46,g,33,mg,1068,g,71,g,19,g,6,g,0,g,3,g,4,g
735,erbert and gerberts,titan sandwich on french bread,33,g,55,mg,1614,g,87,g,28,g,8,g,0,g,7,g,3,g
736,erbert and gerberts,hot saturn sandwich on french bread,54,g,128,mg,2539,g,69,g,44,g,18,g,0,g,4,g,4,g
737,erbert and gerberts,hot ham and cheddar sandwich on french bread,40,g,75,mg,1655,g,65,g,32,g,11,g,0,g,4,g,3,g
738,erbert and gerberts,neuron sandwich on french bread,23,g,70,mg,2034,g,82,g,36,g,10,g,1,g,5,g,22,g
739,erbert and gerberts,beacon sandwich on honey wheat bread,33,g,158,mg,3262,g,86,g,68,g,15,g,0,g,4,g,21,g
740,erbert and gerberts,spartan sandwich on french bread,42,g,113,mg,2612,g,75,g,45,g,12,g,0,g,4,g,8,g
741,erbert and gerberts,quatro sandwich on honey wheat bread,42,g,113,mg,2148,g,84,g,43,g,14,g,0,g,5,g,20,g
742,erbert and gerberts,erupter sandwich on honey wheat bread,47,g,33,mg,1098,g,71,g,18,g,6,g,0,g,5,g,6,g
743,erbert and gerberts,pudder sandwich on french bread,19,g,0,mg,985,g,101,g,22,g,8,g,0,g,7,g,15,g
744,erbert and gerberts,neuron sandwich on honey wheat bread,19,g,70,mg,2270,g,97,g,40,g,8,g,0,g,5,g,23,g
745,erbert and gerberts,neuron sandwich on gluten free bread,26,g,70,mg,2090,g,90,g,32,g,9,g,0,g,8,g,23,g
746,erbert and gerberts,quatro sandwich on french bread,42,g,113,mg,2353,g,100,g,45,g,12,g,0,g,6,g,16,g
747,erbert and gerberts,bornk sandwich on honey wheat bread,26,g,46,mg,1568,g,70,g,39,g,4,g,0,g,6,g,7,g
748,erbert and gerberts,quatro sandwich on french bread,41,g,113,mg,2123,g,84,g,44,g,12,g,0,g,0,g,18,g
749,erbert and gerberts,flash sandwich on honey wheat bread,65,g,98,mg,2244,g,73,g,40,g,15,g,0,g,6,g,7,g
750,erbert and gerberts,boney billy sandwich on gluten free bread,35,g,75,mg,1823,g,62,g,26,g,4,g,0,g,8,g,8,g
751,erbert and gerberts,tullius sandwich on honey wheat bread,35,g,65,mg,1480,g,71,g,32,g,9,g,0,g,5,g,6,g
752,erbert and gerberts,pudder sandwich on honey wheat bread,19,g,0,mg,780,g,85,g,20,g,9,g,0,g,6,g,20,g
753,erbert and gerberts,jacob bluefinger sandwich on french bread,43,g,60,mg,1313,g,68,g,30,g,14,g,0,g,4,g,3,g
754,erbert and gerberts,comet candy sandwich on honey wheat bread,37,g,90,mg,1980,g,72,g,43,g,10,g,0,g,5,g,7,g
755,erbert and gerberts,girf wheat wrap,40,g,93,mg,1930,g,54,g,37,g,11,g,0,g,6,g,7,g
756,erbert and gerberts,beacon sandwich on french bread,31,g,158,mg,3232,g,86,g,69,g,15,g,0,g,2,g,19,g
757,erbert and gerberts,quatro sandwich on honey wheat bread,43,g,113,mg,2153,g,84,g,43,g,13,g,0,g,5,g,20,g
758,erbert and gerberts,neuron wheat wrap,23,g,70,mg,2034,g,82,g,36,g,10,g,1,g,5,g,22,g
759,erbert and gerberts,hot phoenix sandwich on gluten free bread,26,g,63,mg,2086,g,62,g,25,g,6,g,0,g,6,g,22,g
760,erbert and gerberts,northern cheesesteak sandwich on french bread,37,g,85,mg,2160,g,75,g,37,g,15,g,0,g,2,g,7,g
761,erbert and gerberts,apollo sandwich on honey wheat bread,36,g,83,mg,2395,g,88,g,38,g,8,g,0,g,6,g,23,g
762,erbert and gerberts,hot ham and cheddar sandwich on gluten free bread,37,g,75,mg,1635,g,69,g,31,g,11,g,0,g,5,g,7,g
763,erbert and gerberts,narmer sandwich on gluten free bread,40,g,55,mg,1216,g,43,g,20,g,9,g,0,g,6,g,5,g
764,erbert and gerberts,hot ham and cheddar sandwich on honey wheat bread,37,g,75,mg,1635,g,69,g,31,g,11,g,0,g,5,g,7,g
765,erbert and gerberts,halleys comet sandwich on gluten free bread,31,g,45,mg,1025,g,42,g,18,g,4,g,0,g,5,g,5,g
766,erbert and gerberts,apollo sandwich on gluten free bread,43,g,83,mg,2215,g,81,g,30,g,9,g,0,g,9,g,23,g
767,erbert and gerberts,pudder sandwich on gluten free bread,27,g,0,mg,605,g,78,g,12,g,9,g,0,g,9,g,19,g
768,erbert and gerberts,tullius sandwich on gluten free bread,43,g,65,mg,1300,g,64,g,24,g,10,g,0,g,8,g,6,g
769,erbert and gerberts,hot phoenix sandwich on honey wheat bread,22,g,63,mg,2286,g,88,g,32,g,7,g,0,g,6,g,23,g
770,erbert and gerberts,titan sandwich on gluten free bread,37,g,55,mg,1209,g,45,g,19,g,9,g,0,g,6,g,6,g
771,erbert and gerberts,hot turkey and cheddar sandwich on gluten free bread,41,g,75,mg,1435,g,43,g,24,g,10,g,0,g,5,g,6,g
772,erbert and gerberts,hot saturn sandwich on honey wheat bread,51,g,128,mg,2519,g,73,g,43,g,18,g,0,g,6,g,8,g
773,erbert and gerberts,comet candy sandwich on gluten free bread,44,g,90,mg,1800,g,65,g,34,g,10,g,0,g,8,g,7,g
774,erbert and gerberts,northern cheesesteak sandwich on honey wheat bread,39,g,85,mg,2190,g,75,g,36,g,16,g,0,g,4,g,9,g
775,erbert and gerberts,hot vesuvius sandwich on french bread,23,g,117,mg,1757,g,85,g,51,g,11,g,0,g,3,g,20,g
776,erbert and gerberts,bornk sandwich on gluten free bread,34,g,46,mg,1388,g,63,g,30,g,4,g,0,g,9,g,7,g
777,erbert and gerberts,northern cheesesteak sandwich on gluten free bread,46,g,85,mg,2010,g,68,g,28,g,16,g,0,g,7,g,9,g
778,erbert and gerberts,hot orion sandwich on gluten free bread,42,g,85,mg,1290,g,50,g,26,g,11,g,0,g,5,g,7,g
779,erbert and gerberts,erupter sandwich on gluten free bread,55,g,33,mg,918,g,64,g,10,g,7,g,0,g,8,g,6,g
780,erbert and gerberts,hot orion sandwich on french bread,41,g,85,mg,1510,g,72,g,34,g,12,g,0,g,4,g,4,g
781,erbert and gerberts,hot turkey and cheddar sandwich on french bread,34,g,65,mg,1538,g,85,g,28,g,8,g,0,g,6,g,1,g
782,erbert and gerberts,spartan sandwich on gluten free bread,51,g,113,mg,2462,g,68,g,36,g,13,g,0,g,9,g,10,g
783,erbert and gerberts,jacob bluefinger sandwich on gluten free bread,52,g,60,mg,1163,g,61,g,21,g,15,g,0,g,9,g,5,g
784,erbert and gerberts,hot phoenix sandwich on french bread,25,g,63,mg,2306,g,84,g,33,g,8,g,0,g,4,g,19,g
785,erbert and gerberts,tappy sandwich on honey wheat bread,41,g,53,mg,1574,g,71,g,30,g,11,g,0,g,5,g,6,g
786,erbert and gerberts,flash sandwich on gluten free bread,73,g,98,mg,2064,g,66,g,32,g,15,g,0,g,9,g,7,g
787,erbert and gerberts,halleys comet sandwich on honey wheat bread,27,g,45,mg,1225,g,68,g,25,g,5,g,0,g,5,g,6,g
788,erbert and gerberts,hot vesuvius sandwich on honey wheat bread,20,g,117,mg,1737,g,89,g,50,g,11,g,0,g,5,g,24,g
789,erbert and gerberts,hot turkey and cheddar sandwich on honey wheat bread,34,g,65,mg,1333,g,69,g,26,g,10,g,0,g,5,g,6,g
790,erbert and gerberts,tappy sandwich on gluten free bread,49,g,53,mg,1394,g,64,g,22,g,12,g,0,g,8,g,6,g
791,erbert and gerberts,comet morehouse sandwich on gluten free bread,44,g,90,mg,1900,g,62,g,33,g,10,g,0,g,8,g,7,g
792,erbert and gerberts,girf sandwich on gluten free bread,43,g,93,mg,1986,g,62,g,33,g,10,g,0,g,8,g,4,g
793,erbert and gerberts,quatro sandwich on gluten free bread,50,g,113,mg,1973,g,77,g,35,g,13,g,0,g,8,g,20,g
794,erbert and gerberts,hot orion sandwich on honey wheat bread,38,g,85,mg,1490,g,76,g,33,g,12,g,0,g,5,g,8,g
795,erbert and gerberts,beacon sandwich on gluten free bread,40,g,158,mg,3082,g,79,g,60,g,16,g,0,g,7,g,21,g
796,erbert and gerberts,hot saturn sandwich on gluten free bread,55,g,128,mg,2319,g,47,g,36,g,17,g,0,g,6,g,7,g
797,erbert and gerberts,pickle,0,g,0,mg,2090,g,4,g,1,g,0,g,0,g,4,g,1,g
798,erbert and gerberts,original baked chips,15,g,0,mg,240,g,23,g,2,g,2,g,0,g,2,g,2,g
799,erbert and gerberts,side of chips average other flavors,13,g,0,mg,270,g,24,g,2,g,1.5,g,0,g,2,g,0,g
800,erbert and gerberts,wisconsin beer cheese soup,9,g,10,mg,1190,g,15,g,2,g,2.5,g,1.5,g,0,g,2,g
801,erbert and gerberts,chicken dumpling soup,7.3,g,30,mg,961,g,18,g,7.3,g,3.3,g,0,g,1.3,g,2,g
802,erbert and gerberts,hearty beef chili soup,9,g,45,mg,770,g,18,g,15,g,4,g,0,g,5,g,5,g
803,erbert and gerberts,chicken and wild rice soup,14,g,55,mg,1060,g,13,g,6,g,9,g,0,g,1,g,3,g
804,erbert and gerberts,cheddar cheese and broccoli soup,20,g,65,mg,1112,g,16,g,10,g,12.7,g,0.7,g,1.3,g,7.3,g
805,erbert and gerberts,old fashioned chicken noodle soup,9,g,35,mg,1970,g,14,g,5,g,3,g,0,g,0,g,5,g
806,erbert and gerberts,wisconsin beer cheese soup cup,9,g,10,mg,1190,g,15,g,2,g,3,g,2,g,0,g,2,g
807,erbert and gerberts,tomato basil parmesan soup cup,4,g,15,mg,970,g,20,g,2,g,3,g,0,g,1,g,14,g
808,erbert and gerberts,tomato basil parmesan soup bowl,8,g,17,mg,954,g,27,g,8,g,5,g,0,g,3,g,17,g
809,erbert and gerberts,cheesy chicken enchilada soup,13,g,40,mg,800,g,16,g,13,g,4,g,0,g,3,g,2,g
810,erbert and gerberts,apollo salad bowl,10,g,50,mg,920,g,7,g,19,g,5,g,0,g,2,g,4,g
811,erbert and gerberts,apollo sandwich on french bread,34,g,85,mg,2370,g,88,g,39,g,8,g,0,g,4,g,21,g
812,erbert and gerberts,apollo sandwich on gluten free bread,43,g,85,mg,2220,g,81,g,30,g,9,g,0,g,9,g,23,g
813,erbert and gerberts,apollo sandwich on honey wheat bread,36,g,85,mg,2400,g,88,g,38,g,8,g,0,g,6,g,23,g
814,erbert and gerberts,apollo sandwich on wheat wrap,40,g,85,mg,2160,g,73,g,34,g,10,g,0,g,7,g,22,g
815,erbert and gerberts,asian cranberry wrap,20,g,170,mg,1240,g,42,g,18,g,9,g,0,g,2,g,16,g
816,erbert and gerberts,bacon,6,g,40,mg,720,g,0,g,11,g,4,g,0,g,0,g,0,g
817,erbert and gerberts,bacon egg and cheese croissant,28,g,200,mg,1180,g,34,g,19,g,14,g,0,g,1,g,6,g
818,erbert and gerberts,banana peppers,0,g,0,mg,140,g,1,g,0,g,0,g,0,g,1,g,0,g
819,erbert and gerberts,barqs,0,g,0,mg,0,g,0,g,0,g,0,g,0,g,0,g,0,g
820,erbert and gerberts,beacon sandwich on french bread,31,g,160,mg,3230,g,86,g,69,g,15,g,0,g,2,g,19,g
821,erbert and gerberts,beacon sandwich on gluten free bread,40,g,160,mg,3080,g,79,g,60,g,16,g,0,g,7,g,21,g
822,erbert and gerberts,beacon sandwich on honey wheat bread,33,g,160,mg,3260,g,86,g,68,g,15,g,0,g,4,g,21,g
823,erbert and gerberts,beacon sandwich on wheat wrap,37,g,160,mg,3030,g,71,g,65,g,17,g,0,g,5,g,20,g
824,erbert and gerberts,beer cheese soup bowl,20,g,35,mg,1630,g,20,g,10,g,7,g,0,g,0,g,3,g
825,erbert and gerberts,beer cheese soup cup,14,g,25,mg,1090,g,14,g,7,g,5,g,0,g,0,g,2,g
826,erbert and gerberts,blue cheese dressing,11,g,5,mg,180,g,1,g,0,g,2,g,0,g,0,g,0,g
827,erbert and gerberts,boney billy salad bowl,1,g,30,mg,600,g,7,g,11,g,0,g,0,g,1,g,5,g
828,erbert and gerberts,boney billy sandwich on french bread,26,g,75,mg,1970,g,69,g,35,g,3,g,0,g,3,g,6,g
829,erbert and gerberts,boney billy sandwich on gluten free bread,35,g,75,mg,1820,g,62,g,26,g,4,g,0,g,8,g,8,g
830,erbert and gerberts,boney billy sandwich on wheat wrap,32,g,75,mg,1770,g,54,g,30,g,5,g,0,g,6,g,7,g
831,erbert and gerberts,bornk salad bowl,12,g,25,mg,470,g,8,g,13,g,2,g,0,g,2,g,4,g
832,erbert and gerberts,bornk sandwich on french bread,25,g,45,mg,1540,g,70,g,39,g,3,g,0,g,4,g,5,g
833,erbert and gerberts,bornk sandwich on gluten free bread,34,g,45,mg,1390,g,63,g,30,g,4,g,0,g,9,g,7,g
834,erbert and gerberts,bornk sandwich on wheat wrap,31,g,45,mg,1330,g,55,g,34,g,5,g,0,g,6,g,6,g
835,erbert and gerberts,buffalo ranch dressing,5,g,5,mg,420,g,2,g,0,g,1,g,0,g,0,g,1,g
836,erbert and gerberts,buffalo wrap,19,g,170,mg,1610,g,24,g,18,g,9,g,0,g,1,g,1,g
837,erbert and gerberts,cheddar cheese and broccoli soup bowl,21,g,60,mg,1740,g,17,g,33,g,14,g,0,g,2,g,3,g
838,erbert and gerberts,cheddar cheese and broccoli soup cup,14,g,40,mg,1160,g,11,g,2,g,9,g,0,g,1,g,2,g
839,erbert and gerberts,cherry coke,0,g,0,mg,0,g,0,g,0,g,0,g,0,g,0,g,0,g
840,erbert and gerberts,chicken dumpling soup bowl,12,g,60,mg,1860,g,26,g,11,g,6,g,0,g,2,g,5,g
841,erbert and gerberts,chicken dumpling soup cup,8,g,40,mg,1240,g,17,g,7,g,4,g,0,g,1,g,3,g
842,erbert and gerberts,chocolate chunk cookie,15,g,20,mg,190,g,43,g,4,g,8,g,0,g,2,g,26,g
843,erbert and gerberts,coke,0,g,0,mg,0,g,0,g,0,g,0,g,0,g,0,g,0,g
844,erbert and gerberts,comet candy salad bowl,6,g,35,mg,590,g,7,g,15,g,3,g,0,g,1,g,4,g
845,erbert and gerberts,comet candy sandwich on french bread,35,g,90,mg,1950,g,72,g,43,g,9,g,0,g,3,g,5,g
846,erbert and gerberts,comet candy sandwich on gluten free bread,44,g,90,mg,1800,g,65,g,34,g,10,g,0,g,8,g,7,g
847,erbert and gerberts,comet candy sandwich on honey wheat bread,37,g,90,mg,1980,g,72,g,42,g,10,g,0,g,5,g,7,g
848,erbert and gerberts,comet candy sandwich on wheat wrap,41,g,90,mg,1740,g,57,g,38,g,11,g,0,g,6,g,6,g
849,erbert and gerberts,comet morehouse salad bowl,6,g,35,mg,640,g,7,g,15,g,3,g,0,g,1,g,4,g
850,erbert and gerberts,comet morehouse sandwich on french bread,35,g,90,mg,2050,g,69,g,42,g,9,g,0,g,3,g,5,g
851,erbert and gerberts,comet morehouse sandwich on gluten free bread,44,g,90,mg,1900,g,62,g,33,g,10,g,0,g,8,g,7,g
852,erbert and gerberts,comet morehouse sandwich on honey wheat bread,37,g,90,mg,2080,g,69,g,41,g,10,g,0,g,5,g,7,g
853,erbert and gerberts,comet morehouse sandwich on wheat wrap,41,g,90,mg,1840,g,54,g,37,g,11,g,0,g,6,g,6,g
854,erbert and gerberts,cranberry wasabi dressing,1,g,0,mg,85,g,15,g,0,g,0,g,0,g,0,g,14,g
855,erbert and gerberts,croissant,12,g,30,mg,340,g,32,g,5,g,7,g,0,g,1,g,5,g
856,erbert and gerberts,eandg bbq chips,14,g,0,mg,330,g,24,g,2,g,2,g,0,g,2,g,4,g
857,erbert and gerberts,eandg original chips,15,g,0,mg,240,g,23,g,2,g,2,g,0,g,2,g,2,g
858,erbert and gerberts,eandg sea salt and vinegar chips,12,g,0,mg,260,g,23,g,2,g,1,g,0,g,2,g,3,g
859,erbert and gerberts,eandg sour cream and onion chips,14,g,0,mg,240,g,24,g,2,g,2,g,0,g,2,g,2,g
860,erbert and gerberts,egg and cheese croissant,25,g,180,mg,820,g,34,g,13,g,13,g,0,g,1,g,6,g
861,erbert and gerberts,erupter salad bowl,2,g,25,mg,2800,g,8,g,11,g,1,g,0,g,2,g,4,g
862,erbert and gerberts,erupter sandwich on french bread,46,g,35,mg,1070,g,71,g,19,g,6,g,0,g,3,g,4,g
863,erbert and gerberts,erupter sandwich on gluten free bread,55,g,35,mg,920,g,64,g,10,g,7,g,0,g,8,g,6,g
864,erbert and gerberts,erupter sandwich on honey wheat bread,47,g,35,mg,1100,g,71,g,18,g,6,g,0,g,5,g,6,g
865,erbert and gerberts,erupter sandwich on wheat wrap,52,g,35,mg,860,g,56,g,14,g,8,g,0,g,6,g,5,g
866,erbert and gerberts,fanta orange,0,g,0,mg,0,g,0,g,0,g,0,g,0,g,0,g,0,g
867,erbert and gerberts,fat free french dressing,0,g,0,mg,270,g,10,g,0,g,0,g,0,g,0,g,8,g
868,erbert and gerberts,fiery southwest chili bowl,12,g,60,mg,1410,g,38,g,26,g,5,g,0,g,11,g,8,g
869,erbert and gerberts,fiery southwest chili cup,8,g,40,mg,940,g,25,g,17,g,3,g,0,g,7,g,5,g
870,erbert and gerberts,flash salad bowl,8,g,30,mg,530,g,7,g,12,g,4,g,0,g,1,g,4,g
871,erbert and gerberts,flash sandwich on french bread,64,g,100,mg,2210,g,73,g,41,g,14,g,0,g,4,g,5,g
872,erbert and gerberts,flash sandwich on gluten free bread,73,g,100,mg,2060,g,66,g,32,g,15,g,0,g,9,g,7,g
873,erbert and gerberts,flash sandwich on honey wheat bread,65,g,100,mg,2240,g,73,g,40,g,15,g,0,g,6,g,7,g
874,erbert and gerberts,flash sandwich on wheat wrap,70,g,100,mg,2010,g,58,g,37,g,16,g,0,g,7,g,6,g
875,erbert and gerberts,french bread,2,g,0,mg,620,g,64,g,14,g,0,g,0,g,2,g,2,g
876,erbert and gerberts,girf salad bowl,5,g,35,mg,680,g,7,g,15,g,3,g,0,g,1,g,4,g
877,erbert and gerberts,girf sandwich on french bread,34,g,95,mg,2140,g,69,g,42,g,9,g,0,g,3,g,5,g
878,erbert and gerberts,girf sandwich on gluten free bread,43,g,95,mg,1990,g,62,g,33,g,10,g,0,g,8,g,7,g
879,erbert and gerberts,girf sandwich on honey wheat bread,36,g,95,mg,2170,g,69,g,41,g,9,g,0,g,5,g,7,g
880,erbert and gerberts,girf sandwich on wheat wrap,40,g,95,mg,1930,g,54,g,37,g,11,g,0,g,6,g,7,g
881,erbert and gerberts,gluten free bread,11,g,0,mg,470,g,57,g,5,g,1,g,0,g,7,g,4,g
882,erbert and gerberts,halleys comet salad bowl,1,g,15,mg,210,g,6,g,7,g,0,g,0,g,1,g,3,g
883,erbert and gerberts,ham and cheddar sandwich on french bread,40,g,75,mg,1660,g,65,g,32,g,11,g,0,g,4,g,3,g
884,erbert and gerberts,ham and cheddar sandwich on gluten free bread,37,g,75,mg,1640,g,69,g,31,g,11,g,0,g,5,g,7,g
885,erbert and gerberts,ham and cheddar sandwich on honey wheat bread,37,g,75,mg,1640,g,69,g,31,g,11,g,0,g,5,g,7,g
886,erbert and gerberts,ham egg and cheese croissant,27,g,195,mg,1130,g,34,g,18,g,13,g,0,g,1,g,7,g
887,erbert and gerberts,hi c fruit punch,0,g,0,mg,0,g,0,g,0,g,0,g,0,g,0,g,0,g
888,erbert and gerberts,honey wheat bread,4,g,0,mg,650,g,64,g,13,g,1,g,0,g,4,g,4,g
889,erbert and gerberts,jacob bluefinger salad bowl,10,g,20,mg,270,g,7,g,9,g,5,g,0,g,2,g,3,g
890,erbert and gerberts,jacob bluefinger sandwich on french bread,43,g,60,mg,1310,g,68,g,30,g,14,g,0,g,4,g,3,g
891,erbert and gerberts,jacob bluefinger sandwich on gluten free bread,52,g,60,mg,1160,g,61,g,21,g,15,g,0,g,9,g,5,g
892,erbert and gerberts,jacob bluefinger sandwich on honey wheat bread,45,g,60,mg,1340,g,68,g,29,g,14,g,0,g,6,g,5,g
893,erbert and gerberts,jacob bluefinger sandwich on wheat wrap,49,g,60,mg,1110,g,53,g,25,g,16,g,0,g,7,g,4,g
894,erbert and gerberts,jalapenos,0,g,0,mg,140,g,1,g,0,g,0,g,0,g,1,g,0,g
895,erbert and gerberts,kids ham and cheese sandwich on french bread,6,g,25,mg,690,g,33,g,16,g,3,g,0,g,1,g,2,g
896,erbert and gerberts,kids ham and cheese sandwich on honey wheat bread,7,g,25,mg,700,g,33,g,15,g,3,g,0,g,2,g,3,g
897,erbert and gerberts,kids turkey and cheese sandwich on french bread,6,g,35,mg,910,g,34,g,19,g,3,g,0,g,1,g,2,g
898,erbert and gerberts,kids turkey and cheese sandwich on honey wheat bread,7,g,35,mg,930,g,34,g,18,g,3,g,0,g,2,g,3,g
899,erbert and gerberts,loaded baked potato soup bowl,9,g,30,mg,1520,g,27,g,6,g,5,g,0,g,2,g,3,g
900,erbert and gerberts,loaded baked potato soup cup,6,g,20,mg,1010,g,18,g,4,g,4,g,0,g,1,g,2,g
901,erbert and gerberts,mac and cheese sriracha bowl,24,g,75,mg,2570,g,51,g,23,g,14,g,1,g,2,g,12,g
902,erbert and gerberts,mac and cheese sriracha cup,16,g,50,mg,2050,g,38,g,15,g,9,g,1,g,1,g,10,g
903,erbert and gerberts,mac and cheese with bbq brisket bowl,27,g,120,mg,2250,g,36,g,42,g,14,g,1,g,1,g,11,g
904,erbert and gerberts,mac and cheese with bbq brisket cup,19,g,95,mg,1730,g,23,g,35,g,9,g,0,g,1,g,9,g
905,erbert and gerberts,mac and cheese bowl,24,g,75,mg,1560,g,39,g,23,g,14,g,1,g,2,g,6,g
906,erbert and gerberts,mac and cheese cup,16,g,50,mg,1040,g,26,g,15,g,9,g,1,g,1,g,4,g
907,erbert and gerberts,marshmallow crispy bar,9,g,25,mg,430,g,85,g,3,g,6,g,0,g,0,g,44,g
908,erbert and gerberts,mello yellow,0,g,0,mg,0,g,0,g,0,g,0,g,0,g,0,g,0,g
909,erbert and gerberts,mighty mac cup,16,g,50,mg,1040,g,26,g,15,g,9,g,1,g,1,g,4,g
910,erbert and gerberts,milk,3,g,10,mg,135,g,13,g,8,g,2,g,0,g,0,g,12,g
911,erbert and gerberts,minnesota chicken wild rice soup bowl,14,g,55,mg,1490,g,26,g,12,g,6,g,0,g,2,g,5,g
912,erbert and gerberts,minnesota chicken wild rice soup cup,9,g,35,mg,990,g,17,g,8,g,4,g,0,g,1,g,3,g
913,erbert and gerberts,miss vickies jalapeno chips,12,g,0,mg,180,g,22,g,3,g,2,g,0,g,2,g,2,g
914,erbert and gerberts,narmer salad bowl,6,g,25,mg,440,g,7,g,10,g,3,g,0,g,2,g,4,g
915,erbert and gerberts,narmer sandwich on french bread,36,g,70,mg,1650,g,69,g,33,g,9,g,0,g,4,g,4,g
916,erbert and gerberts,narmer sandwich on gluten free bread,45,g,70,mg,1500,g,62,g,24,g,10,g,0,g,9,g,6,g
917,erbert and gerberts,narmer sandwich on honey wheat bread,37,g,70,mg,1680,g,69,g,32,g,9,g,0,g,6,g,6,g
918,erbert and gerberts,narmer sandwich on wheat wrap,42,g,70,mg,1440,g,54,g,28,g,11,g,0,g,7,g,6,g
919,erbert and gerberts,neuron sandwich on french bread,23,g,70,mg,2030,g,82,g,36,g,10,g,1,g,5,g,22,g
920,erbert and gerberts,neuron sandwich on gluten free bread,26,g,70,mg,2090,g,90,g,32,g,9,g,0,g,8,g,23,g
921,erbert and gerberts,neuron sandwich on honey wheat bread,19,g,70,mg,2270,g,97,g,40,g,8,g,0,g,5,g,23,g
922,erbert and gerberts,neuron sandwich on wheat wrap,23,g,70,mg,2030,g,82,g,36,g,10,g,1,g,5,g,22,g
923,erbert and gerberts,northern cheesesteak sandwich on french bread,37,g,85,mg,2160,g,75,g,37,g,15,g,0,g,2,g,7,g
924,erbert and gerberts,northern cheesesteak sandwich on gluten free bread,46,g,85,mg,2010,g,68,g,28,g,16,g,0,g,7,g,9,g
925,erbert and gerberts,northern cheesesteak sandwich on honey wheat bread,39,g,85,mg,2190,g,75,g,36,g,16,g,0,g,4,g,9,g
926,erbert and gerberts,northern cheesesteak sandwich on wheat wrap,43,g,85,mg,1950,g,59,g,32,g,17,g,0,g,5,g,8,g
927,erbert and gerberts,oil and vinegar dressing,19,g,0,mg,0,g,0,g,0,g,2,g,0,g,0,g,0,g
928,erbert and gerberts,old fashioned chicken noodle soup bowl,42,g,420,mg,2580,g,117,g,41,g,7,g,0,g,0,g,15,g
929,erbert and gerberts,old fashioned chicken noodle soup cup,9,g,35,mg,1970,g,14,g,5,g,3,g,0,g,0,g,5,g
930,erbert and gerberts,orion sandwich on french bread,41,g,85,mg,1510,g,72,g,34,g,12,g,0,g,4,g,4,g
931,erbert and gerberts,orion sandwich on gluten free bread,42,g,85,mg,1290,g,50,g,26,g,11,g,0,g,5,g,7,g
932,erbert and gerberts,orion sandwich on honey wheat bread,38,g,85,mg,1490,g,76,g,33,g,12,g,0,g,5,g,8,g
933,erbert and gerberts,peanut butter crispy bar,20,g,0,mg,310,g,70,g,7,g,5,g,0,g,3,g,40,g
934,erbert and gerberts,peppadew ranch dressing,5,g,5,mg,400,g,5,g,1,g,1,g,0,g,1,g,3,g
935,erbert and gerberts,phoenix sandwich on french bread,25,g,65,mg,2310,g,84,g,33,g,8,g,0,g,4,g,19,g
936,erbert and gerberts,phoenix sandwich on gluten free bread,26,g,65,mg,2090,g,62,g,25,g,6,g,0,g,6,g,22,g
937,erbert and gerberts,phoenix sandwich on honey wheat bread,22,g,65,mg,2290,g,88,g,32,g,7,g,0,g,6,g,23,g
938,erbert and gerberts,pibb,0,g,0,mg,0,g,0,g,0,g,0,g,0,g,0,g,0,g
939,erbert and gerberts,pickle,0,g,0,mg,2090,g,4,g,1,g,0,g,0,g,4,g,1,g
940,erbert and gerberts,pickle slice,0,g,0,mg,210,g,0,g,0,g,0,g,0,g,0,g,0,g
941,erbert and gerberts,powerade,0,g,0,mg,0,g,0,g,0,g,0,g,0,g,0,g,0,g
942,erbert and gerberts,quatro salad bowl,11,g,65,mg,1000,g,7,g,22,g,7,g,0,g,1,g,4,g
943,erbert and gerberts,quatro sandwich on french bread,41,g,115,mg,2120,g,84,g,44,g,12,g,0,g,3,g,18,g
944,erbert and gerberts,quatro sandwich on gluten free bread,50,g,115,mg,1970,g,77,g,35,g,13,g,0,g,8,g,20,g
945,erbert and gerberts,quatro sandwich on honey wheat bread,43,g,115,mg,2150,g,84,g,43,g,13,g,0,g,5,g,20,g
946,erbert and gerberts,quatro sandwich on wheat wrap,47,g,115,mg,1920,g,68,g,39,g,15,g,0,g,6,g,19,g
947,erbert and gerberts,ranch dressing,9,g,10,mg,230,g,3,g,0,g,2,g,0,g,0,g,1,g
948,erbert and gerberts,saturn sandwich on french bread,54,g,130,mg,2540,g,69,g,44,g,18,g,0,g,4,g,4,g
949,erbert and gerberts,saturn sandwich on gluten free bread,55,g,130,mg,2320,g,47,g,36,g,17,g,0,g,6,g,7,g
950,erbert and gerberts,saturn sandwich on honey wheat bread,51,g,130,mg,2520,g,73,g,43,g,18,g,0,g,6,g,8,g
951,erbert and gerberts,snickerdoodle cookie,14,g,40,mg,240,g,42,g,4,g,8,g,0,g,1,g,21,g
952,erbert and gerberts,spartan salad bowl,11,g,65,mg,1000,g,7,g,22,g,7,g,0,g,1,g,4,g
953,erbert and gerberts,spartan sandwich on french bread,42,g,115,mg,2610,g,75,g,45,g,12,g,0,g,4,g,8,g
954,erbert and gerberts,spartan sandwich on gluten free bread,51,g,115,mg,2460,g,68,g,36,g,13,g,0,g,9,g,10,g
955,erbert and gerberts,spartan sandwich on honey wheat bread,43,g,115,mg,2640,g,75,g,44,g,13,g,0,g,6,g,10,g
956,erbert and gerberts,spartan sandwich on wheat wrap,48,g,115,mg,2410,g,60,g,41,g,15,g,0,g,7,g,9,g
957,erbert and gerberts,sprite,0,g,0,mg,0,g,0,g,0,g,0,g,0,g,0,g,0,g
958,erbert and gerberts,sriracha ranch dressing,6,g,5,mg,490,g,2,g,0,g,1,g,0,g,0,g,3,g
959,erbert and gerberts,sweet denver wrap,21,g,180,mg,1700,g,37,g,23,g,9,g,0,g,2,g,10,g
960,erbert and gerberts,tappy salad bowl,7,g,20,mg,300,g,6,g,7,g,4,g,0,g,1,g,3,g
961,erbert and gerberts,tappy sandwich on french bread,40,g,55,mg,1540,g,71,g,31,g,11,g,0,g,3,g,4,g
962,erbert and gerberts,tappy sandwich on gluten free bread,49,g,55,mg,1390,g,64,g,22,g,12,g,0,g,8,g,6,g
963,erbert and gerberts,tappy sandwich on honey wheat bread,41,g,55,mg,1570,g,71,g,30,g,11,g,0,g,5,g,6,g
964,erbert and gerberts,tappy sandwich on wheat wrap,46,g,55,mg,1340,g,56,g,26,g,13,g,0,g,6,g,5,g
965,erbert and gerberts,titan salad bowl,7,g,50,mg,1030,g,9,g,18,g,4,g,0,g,2,g,5,g
966,erbert and gerberts,titan sandwich on french bread,33,g,55,mg,1610,g,87,g,28,g,8,g,0,g,7,g,3,g
967,erbert and gerberts,titan sandwich on gluten free bread,37,g,55,mg,1210,g,45,g,19,g,9,g,0,g,6,g,6,g
968,erbert and gerberts,titan sandwich on honey wheat bread,33,g,55,mg,1410,g,71,g,26,g,10,g,0,g,6,g,7,g
969,erbert and gerberts,titan sandwich on wheat wrap,38,g,55,mg,1160,g,57,g,22,g,10,g,1,g,7,g,6,g
970,erbert and gerberts,tomato basil parmesan soup bowl,8,g,15,mg,950,g,27,g,8,g,5,g,0,g,3,g,17,g
971,erbert and gerberts,tomato basil parmesan soup cup,6,g,10,mg,640,g,18,g,5,g,3,g,0,g,2,g,11,g
972,erbert and gerberts,tullius salad bowl,6,g,35,mg,540,g,7,g,16,g,3,g,0,g,1,g,3,g
973,erbert and gerberts,tullius sandwich on french bread,34,g,65,mg,1450,g,71,g,33,g,9,g,0,g,3,g,4,g
974,erbert and gerberts,tullius sandwich on gluten free bread,43,g,65,mg,1300,g,64,g,24,g,10,g,0,g,8,g,6,g
975,erbert and gerberts,tullius sandwich on honey wheat bread,35,g,65,mg,1480,g,71,g,32,g,9,g,0,g,5,g,6,g
976,erbert and gerberts,tullius sandwich on wheat wrap,40,g,65,mg,1240,g,56,g,28,g,11,g,0,g,6,g,5,g
977,erbert and gerberts,turkey and cheddar sandwich on french bread,34,g,65,mg,1540,g,85,g,28,g,8,g,0,g,6,g,1,g
978,erbert and gerberts,turkey and cheddar sandwich on gluten free bread,41,g,75,mg,1440,g,43,g,24,g,10,g,0,g,5,g,6,g
979,erbert and gerberts,turkey and cheddar sandwich on honey wheat bread,34,g,65,mg,1330,g,69,g,26,g,10,g,0,g,5,g,6,g
980,erbert and gerberts,vesuvius sandwich on french bread,23,g,115,mg,1760,g,85,g,51,g,11,g,0,g,3,g,20,g
981,erbert and gerberts,vesuvius sandwich on gluten free bread,24,g,115,mg,1540,g,63,g,43,g,10,g,0,g,5,g,23,g
982,erbert and gerberts,vesuvius sandwich on honey wheat bread,20,g,115,mg,1740,g,89,g,50,g,11,g,0,g,5,g,24,g
983,erbert and gerberts,wheat wrap,8,g,0,mg,410,g,49,g,9,g,2,g,0,g,5,g,3,g
984,erbert and gerberts,white chocolate macadamia cookie,17,g,15,mg,210,g,41,g,4,g,9,g,0,g,1,g,28,g
985,extreme pita,sweet chili thai,0,g,0,mg,300,g,13,g,0,g,0,g,0,g,0,g,12,g
986,extreme pita,garlic spread,4,g,11,mg,135,g,2,g,1,g,2,g,0,g,0,g,1,g
987,extreme pita,sour cream,4,g,13,mg,30,g,2,g,1,g,0,g,0,g,0,g,1,g
988,extreme pita,chipotle mayo,7,g,0,mg,225,g,3,g,0,g,1,g,0,g,0,g,2,g
989,extreme pita,chocolate chip cookie,8,g,10,mg,120,g,23,g,2,g,4,g,0,g,1,g,15,g
990,extreme pita,oatmeal raisin cookie,7,g,10,mg,130,g,23,g,2,g,4,g,0,g,2,g,13,g
991,extreme pita,double chocolate chip cookie,8,g,10,mg,135,g,23,g,2,g,5,g,0,g,1,g,15,g
992,extreme pita,kids bbq4u pita,2,g,42,mg,684,g,35,g,20,g,1,g,0,g,4,g,5,g
993,extreme pita,kids cheese flatbaked pita,16,g,46,mg,845,g,33,g,20,g,10,g,0,g,4,g,4,g
994,extreme pita,kids beefosaurus rex pita,5,g,23,mg,527,g,35,g,14,g,2,g,0,g,4,g,5,g
995,extreme pita,kids sweet chicken little pita,2,g,42,mg,626,g,35,g,20,g,1,g,0,g,4,g,5,g
996,extreme pita,kids fee fi fo hummus pita,8,g,7,mg,494,g,36,g,10,g,2,g,0,g,6,g,4,g
997,extreme pita,kids pepperoni flatbaked pita,10,g,24,mg,815,g,33,g,15,g,5,g,0,g,3,g,4,g
998,extreme pita,chef inspired chicken shawarma pita,23,g,69,mg,1571,g,56,g,29,g,5,g,0,g,8,g,5,g
999,extreme pita,freestyle grilled chicken pitas,5,g,56,mg,892,g,53,g,28,g,2,g,0,g,7,g,7,g
