,Restaurant Name,Food Name,Total Fat Amount,Total Fat Unit,Cholesterol Amount,Cholesterol Unit,Sodium Amount,Sodium Unit,Total Carbohydrate Amount,Total Carbohydrate Unit,Protein Amount,Protein Unit,Saturated Fat Amount,Saturated Fat Unit,Trans Fat Amount,Trans Fat Unit,Dietary Fiber Amount,Dietary Fiber Unit,Sugars Amount,Sugars Unit
0,extreme pita,hercules extremeteam pita,53,g,101,mg,2085,g,65,g,38,g,21,g,1,g,10,g,7,g
1,extreme pita,freestyle gyro pita,19,g,45,mg,926,g,57,g,23,g,8,g,0,g,9,g,6,g
2,extreme pita,chef inspired chicken souvlaki pita,25,g,82,mg,1656,g,56,g,34,g,9,g,0,g,8,g,7,g
3,extreme pita,freestyle falafel pita,12,g,0,mg,711,g,74,g,16,g,1,g,0,g,12,g,9,g
4,extreme pita,freestyle rustic italian pita,19,g,60,mg,1785,g,55,g,32,g,9,g,0,g,7,g,7,g
5,extreme pita,chef inspired thai beef pita,9,g,46,mg,1079,g,71,g,27,g,3,g,0,g,9,g,20,g
6,extreme pita,freestyle tuna pita,2,g,43,mg,674,g,51,g,28,g,0,g,0,g,7,g,6,g
7,extreme pita,freestyle chipotle steak pita,24,g,47,mg,1278,g,59,g,28,g,4,g,0,g,7,g,11,g
8,extreme pita,chef inspired thai chicken pita,3,g,55,mg,1170,g,70,g,29,g,1,g,0,g,10,g,20,g
9,extreme pita,chick chick boom extremeteam pita,23,g,106,mg,1714,g,61,g,45,g,4,g,0,g,9,g,8,g
10,extreme pita,chef inspired fiesta mexicana pita,17,g,91,mg,1685,g,68,g,37,g,8,g,0,g,8,g,13,g
11,extreme pita,chef inspired buffalo chicken pita,19,g,92,mg,1950,g,57,g,36,g,8,g,0,g,8,g,10,g
12,extreme pita,freestyle philly steak pita,15,g,64,mg,953,g,54,g,34,g,7,g,0,g,7,g,7,g
13,extreme pita,chef inspired chicken caesar pita,12,g,75,mg,1518,g,61,g,32,g,4,g,0,g,6,g,6,g
14,extreme pita,freestyle veggie pita,1,g,0,mg,417,g,51,g,9,g,0,g,0,g,7,g,6,g
15,extreme pita,freestyle club pita,8,g,43,mg,1433,g,52,g,27,g,3,g,0,g,7,g,7,g
16,extreme pita,flatbaked exterme classic pita,21,g,50,mg,1469,g,53,g,28,g,10,g,0,g,6,g,8,g
17,extreme pita,freestyle smoked turkey pita,2,g,24,mg,1057,g,52,g,22,g,0,g,0,g,7,g,6,g
18,extreme pita,flatbaked pepperoni extreme pita,18,g,43,mg,1460,g,53,g,25,g,9,g,0,g,5,g,7,g
19,extreme pita,uncle philly extremeteam pita,36,g,129,mg,1713,g,60,g,58,g,15,g,0,g,8,g,10,g
20,extreme pita,flatbaked hawaiian luau pita,18,g,54,mg,1486,g,55,g,28,g,9,g,0,g,5,g,11,g
21,extreme pita,chef inspired bourboun chipotle pita,17,g,92,mg,1264,g,65,g,38,g,8,g,0,g,8,g,18,g
22,extreme pita,garlic pita chips,1,g,0,mg,385,g,19,g,3,g,0,g,0,g,2,g,1,g
23,extreme pita,plain pita chips,1,g,0,mg,189,g,20,g,3,g,0,g,0,g,2,g,1,g
24,extreme pita,cinnamon pita chips,1,g,0,mg,185,g,20,g,3,g,0,g,0,g,2,g,1,g
25,extreme pita,chili and lime pita chips,1,g,0,mg,230,g,20,g,3,g,0,g,0,g,2,g,1,g
26,extreme pita,jalapeno and cheddar pita chips,1,g,0,mg,220,g,20,g,3,g,0,g,0,g,2,g,1,g
27,extreme pita,light mayo dressing,9,g,0,mg,271,g,2,g,0,g,1,g,0,g,0,g,1,g
28,extreme pita,greek feta and oregano dressing,9,g,2,mg,221,g,1,g,0,g,1,g,0,g,0,g,1,g
29,extreme pita,light italian dressing,1,g,0,mg,279,g,2,g,0,g,0,g,0,g,0,g,1,g
30,extreme pita,regular bbq dressing,1,g,0,mg,390,g,10,g,0,g,0,g,0,g,0,g,8,g
31,extreme pita,light ranch dressing,7,g,9,mg,287,g,4,g,0,g,1,g,0,g,0,g,4,g
32,extreme pita,chipotle bbq dressing,0,g,0,mg,315,g,9,g,0,g,0,g,0,g,0,g,8,g
33,extreme pita,balsamic dressing,10,g,0,mg,123,g,4,g,0,g,1,g,0,g,0,g,3,g
34,extreme pita,light caesar dressing,4,g,9,mg,393,g,5,g,0,g,1,g,0,g,0,g,2,g
35,extreme pita,honey mustard dressing,1,g,0,mg,139,g,10,g,0,g,0,g,0,g,0,g,9,g
36,extreme pita,fresh grilled chicken caesar salad,14,g,79,mg,1293,g,24,g,26,g,4,g,0,g,3,g,5,g
37,extreme pita,fresh traditional greek salad,22,g,17,mg,856,g,15,g,7,g,5,g,0,g,6,g,5,g
38,extreme pita,lemon garlic shawarma sauce,14,g,10,mg,230,g,2,g,0,g,2,g,0,g,0,g,0,g
39,extreme pita,extreme sauce,11,g,5,mg,290,g,3,g,0,g,0,g,0,g,0,g,2,g
40,extreme pita,yogurt sweet basil and garlic sauce,7,g,10,mg,260,g,2,g,1,g,0,g,0,g,0,g,0,g
41,extreme pita,hot sauce,0,g,0,mg,913,g,1,g,0,g,0,g,0,g,0,g,0,g
42,extreme pita,bourbon chipotle sauce,1,g,0,mg,92,g,13,g,0,g,0,g,0,g,0,g,12,g
43,extreme pita,pizza sauce,1,g,0,mg,144,g,3,g,1,g,0,g,0,g,0,g,2,g
44,extreme pita,pepita mole sauce,2,g,0,mg,290,g,8,g,1,g,0,g,0,g,0,g,6,g
45,extreme pita,chipotle pepper sauce,0,g,0,mg,90,g,6,g,0,g,0,g,0,g,0,g,6,g
46,extreme pita,mozzarella cheese,6,g,19,mg,211,g,1,g,8,g,4,g,0,g,0,g,0,g
47,extreme pita,croutons,1,g,0,mg,107,g,7,g,1,g,1,g,0,g,0,g,0,g
48,extreme pita,tabouli salad,2,g,0,mg,160,g,3,g,1,g,0,g,0,g,1,g,1,g
49,extreme pita,tzatziki dip,3,g,2,mg,117,g,2,g,1,g,3,g,0,g,0,g,1,g
50,extreme pita,pineapple,0,g,0,mg,2,g,4,g,0,g,0,g,0,g,0,g,3,g
51,extreme pita,broccoli salad,2,g,3,mg,83,g,2,g,1,g,0,g,0,g,1,g,0,g
52,extreme pita,feta cheese,7,g,22,mg,275,g,1,g,5,g,4,g,0,g,0,g,0,g
53,extreme pita,bean salad,2,g,0,mg,97,g,4,g,1,g,0,g,0,g,1,g,0,g
54,extreme pita,roasted red pepper hummus dip,4,g,0,mg,149,g,4,g,2,g,1,g,0,g,1,g,1,g
55,extreme pita,dill pickles,0,g,1,mg,225,g,1,g,0,g,0,g,0,g,0,g,0,g
56,extreme pita,hummus dip,5,g,0,mg,96,g,4,g,2,g,1,g,0,g,2,g,1,g
57,extreme pita,jalapeno peppers,0,g,0,mg,111,g,0.6,g,0,g,0,g,0,g,0,g,0,g
58,extreme pita,chipotle hummus dip,4,g,0,mg,95,g,4,g,2,g,1,g,0,g,1,g,2,g
59,extreme pita,parmesan cheese,2,g,5,mg,531,g,19,g,6,g,1,g,0,g,0,g,6,g
60,extreme pita,cheddar cheese,9,g,27,mg,221,g,1,g,7,g,6,g,0,g,0,g,0,g
61,extreme pita,backyard bbq steak pita extreme,27,g,0,mg,2890,g,56,g,45,g,0,g,0,g,10,g,0,g
62,extreme pita,backyard bbq steak pita regular,22,g,0,mg,2220,g,56,g,33,g,0,g,0,g,10,g,0,g
63,extreme pita,backyard bbq steak pita small,13,g,0,mg,1470,g,36,g,23,g,0,g,0,g,6,g,0,g
64,extreme pita,bbq chicken and bacon flatbaked pita,28,g,0,mg,1810,g,61,g,43,g,0,g,0,g,7,g,0,g
65,extreme pita,bbq4u kids pita,3,g,0,mg,730,g,39,g,21,g,0,g,0,g,5,g,0,g
66,extreme pita,beafosaurus rex kids pita,11,g,0,mg,560,g,38,g,18,g,0,g,0,g,5,g,0,g
67,extreme pita,buffalo chicken flatbaked pita,24,g,0,mg,2780,g,49,g,39,g,0,g,0,g,8,g,0,g
68,extreme pita,buffalo chicken pita extreme,21,g,0,mg,3240,g,55,g,50,g,0,g,0,g,9,g,0,g
69,extreme pita,buffalo chicken pita regular,18,g,0,mg,2370,g,54,g,36,g,0,g,0,g,9,g,0,g
70,extreme pita,buffalo chicken pita small,10,g,0,mg,1570,g,35,g,25,g,0,g,0,g,6,g,0,g
71,extreme pita,cheese flatbaked kids pita,18,g,0,mg,740,g,33,g,20,g,0,g,0,g,4,g,0,g
72,extreme pita,chicken caesar pita extreme,32,g,0,mg,2090,g,62,g,54,g,0,g,0,g,9,g,0,g
73,extreme pita,chicken caesar pita regular,25,g,0,mg,1650,g,61,g,36,g,0,g,0,g,9,g,0,g
74,extreme pita,chicken caesar pita small,16,g,0,mg,1120,g,39,g,27,g,0,g,0,g,5,g,0,g
75,extreme pita,chicken fajita pita extreme,21,g,0,mg,1730,g,60,g,50,g,0,g,0,g,10,g,0,g
76,extreme pita,chicken fajita pita regular,18,g,0,mg,1520,g,59,g,36,g,0,g,0,g,10,g,0,g
77,extreme pita,chicken fajita pita small,10,g,0,mg,950,g,38,g,25,g,0,g,0,g,6,g,0,g
78,extreme pita,chicken shawarma pita extreme,26,g,0,mg,1950,g,66,g,48,g,0,g,0,g,12,g,0,g
79,extreme pita,chicken shawarma pita regular,20,g,0,mg,1660,g,63,g,33,g,0,g,0,g,12,g,0,g
80,extreme pita,chicken shawarma pita small,12,g,0,mg,1050,g,39,g,23,g,0,g,0,g,7,g,0,g
81,extreme pita,chicken souvlaki pita extreme,39,g,0,mg,1930,g,62,g,48,g,0,g,0,g,10,g,0,g
82,extreme pita,chicken souvlaki pita regular,33,g,0,mg,1720,g,60,g,34,g,0,g,0,g,10,g,0,g
83,extreme pita,chicken souvlaki pita small,19,g,0,mg,1050,g,39,g,24,g,0,g,0,g,6,g,0,g
84,extreme pita,chipotle chicken pita extreme,37,g,0,mg,1930,g,67,g,49,g,0,g,0,g,9,g,0,g
85,extreme pita,chipotle chicken pita regular,35,g,0,mg,1720,g,65,g,35,g,0,g,0,g,9,g,0,g
86,extreme pita,chipotle chicken pita small,18,g,0,mg,1040,g,41,g,24,g,0,g,0,g,5,g,0,g
87,extreme pita,classic flatbaked pita,29,g,0,mg,1550,g,50,g,28,g,0,g,0,g,7,g,0,g
88,extreme pita,fee fi fo hummus kids pita,7,g,0,mg,680,g,36,g,12,g,0,g,0,g,6,g,0,g
89,extreme pita,grilled chicken and goat cheese pita extreme,23,g,0,mg,1420,g,58,g,45,g,0,g,0,g,9,g,0,g
90,extreme pita,grilled chicken and goat cheese pita regular,21,g,0,mg,1210,g,56,g,31,g,0,g,0,g,9,g,0,g
91,extreme pita,grilled chicken and goat cheese pita small,11,g,0,mg,790,g,36,g,22,g,0,g,0,g,5,g,0,g
92,extreme pita,gyro pita extreme,63,g,0,mg,2590,g,66,g,37,g,0,g,0,g,12,g,0,g
93,extreme pita,gyro pita regular,48,g,0,mg,2130,g,63,g,29,g,0,g,0,g,11,g,0,g
94,extreme pita,gyro pita small,28,g,0,mg,1300,g,40,g,18,g,0,g,0,g,7,g,0,g
95,extreme pita,hawaiian flatbaked pita,7,g,0,mg,1210,g,59,g,19,g,0,g,0,g,8,g,0,g
96,extreme pita,mediterranean vegetable pita extreme,24,g,0,mg,1880,g,70,g,25,g,0,g,0,g,15,g,0,g
97,extreme pita,mediterranean vegetable pita regular,21,g,0,mg,1660,g,67,g,22,g,0,g,0,g,14,g,0,g
98,extreme pita,mediterranean vegetable pita small,11,g,0,mg,960,g,41,g,13,g,0,g,0,g,8,g,0,g
99,extreme pita,pepperoni flatbaked kids pita,15,g,0,mg,800,g,32,g,15,g,0,g,0,g,4,g,0,g
100,extreme pita,philly cheesesteak pita extreme,74,g,0,mg,1290,g,53,g,62,g,0,g,0,g,9,g,0,g
101,extreme pita,philly cheesesteak pita regular,57,g,0,mg,1140,g,53,g,45,g,0,g,0,g,9,g,0,g
102,extreme pita,philly cheesesteak pita small,29,g,0,mg,650,g,34,g,24,g,0,g,0,g,6,g,0,g
103,extreme pita,sriracha falafel pita extreme,28,g,0,mg,1860,g,85,g,24,g,0,g,0,g,12,g,0,g
104,extreme pita,sriracha falafel pita regular,21,g,0,mg,1770,g,75,g,20,g,0,g,0,g,12,g,0,g
105,extreme pita,sriracha falafel pita small,13,g,0,mg,1060,g,49,g,13,g,0,g,0,g,7,g,0,g
106,extreme pita,sweet chicken little kids pita,3,g,0,mg,640,g,39,g,20,g,0,g,0,g,5,g,0,g
107,extreme pita,thai beef pita extreme,32,g,0,mg,860,g,64,g,46,g,0,g,0,g,12,g,0,g
108,extreme pita,thai beef pita regular,22,g,0,mg,830,g,64,g,35,g,0,g,0,g,12,g,0,g
109,extreme pita,thai beef pita small,11,g,0,mg,500,g,41,g,19,g,0,g,0,g,7,g,0,g
110,extreme pita,thai chicken pita extreme,7,g,0,mg,1240,g,67,g,44,g,0,g,0,g,12,g,0,g
111,extreme pita,thai chicken pita regular,4,g,0,mg,1030,g,66,g,30,g,0,g,0,g,12,g,0,g
112,extreme pita,thai chicken pita small,3,g,0,mg,670,g,42,g,22,g,0,g,0,g,7,g,0,g
113,extreme pita,the club pita extreme,28,g,0,mg,2710,g,59,g,52,g,0,g,0,g,10,g,0,g
114,extreme pita,the club pita regular,23,g,0,mg,1970,g,57,g,38,g,0,g,0,g,10,g,0,g
115,extreme pita,the club pita small,14,g,0,mg,1310,g,37,g,25,g,0,g,0,g,6,g,0,g
116,extreme pita,veggie flatbaked pita,15,g,0,mg,1520,g,56,g,16,g,0,g,0,g,9,g,0,g
117,earls,2 egg breakfast,101,g,505,mg,1980,g,66,g,28,g,40,g,2,g,10,g,3,g
118,earls,3 egg breakfast,122,g,710,mg,2400,g,68,g,39,g,48,g,2,g,10,g,4,g
119,earls,6 oz steak and sushi dynamite roll,60,g,185,mg,4500,g,109,g,54,g,10,g,1,g,6,g,32,g
120,earls,6 oz steak frites,67,g,115,mg,2950,g,132,g,51,g,20,g,1.5,g,7,g,2,g
121,earls,8 oz steak and sushi dynamite roll,54,g,205,mg,4710,g,114,g,65,g,8,g,0,g,7,g,34,g
122,earls,8 oz steak frites,71,g,145,mg,2970,g,132,g,62,g,21,g,1.5,g,7,g,2,g
123,earls,ahi tuna poke bowl,69,g,50,mg,2350,g,93,g,31,g,11,g,0,g,9,g,11,g
124,earls,asparagus,12,g,30,mg,300,g,11,g,3,g,7,g,0.5,g,6,g,0,g
125,earls,avocado supertoast,40,g,0,mg,580,g,40,g,9,g,6,g,0,g,11,g,5,g
126,earls,bacon and cheddar burger,84,g,300,mg,2410,g,47,g,67,g,33,g,1,g,3,g,8,g
127,earls,bbq back ribs and cajun chicken full,121,g,570,mg,2740,g,50,g,155,g,49,g,1.5,g,3,g,43,g
128,earls,bbq back ribs and cajun chicken half,60,g,285,mg,1370,g,25,g,78,g,24,g,0.5,g,2,g,22,g
129,earls,bbq chicken pizza,26,g,80,mg,1520,g,97,g,43,g,12,g,0,g,5,g,6,g
130,earls,bbq chicken pizza gluten free,23,g,80,mg,1480,g,71,g,34,g,11,g,0,g,9,g,8,g
131,earls,beyond burger,40,g,100,mg,1140,g,49,g,30,g,11,g,0,g,5,g,7,g
132,earls,bibimbap bowl,57,g,180,mg,2670,g,107,g,19,g,6,g,0,g,8,g,18,g
133,earls,bibimbap bowl and beef,68,g,240,mg,3130,g,109,g,43,g,10,g,0,g,8,g,18,g
134,earls,bibimbap bowl and chicken,63,g,245,mg,3140,g,109,g,45,g,7,g,0,g,8,g,18,g
135,earls,bibimbap bowl and prawns,63,g,320,mg,3700,g,110,g,35,g,7,g,0,g,8,g,18,g
136,earls,bibimbap bowl and tofu,82,g,180,mg,3120,g,110,g,31,g,9,g,0,g,8,g,18,g
137,earls,bigger better burger,42,g,225,mg,1670,g,45,g,51,g,14,g,1,g,3,g,8,g
138,earls,blackened swordfish tacos,27,g,60,mg,1000,g,33,g,31,g,8,g,0,g,4,g,4,g
139,earls,broccolini,8,g,0,mg,125,g,8,g,4,g,1,g,0,g,1,g,3,g
140,earls,brunch avocado supertoast,65,g,35,mg,1200,g,40,g,28,g,11,g,0,g,12,g,9,g
141,earls,butter chicken,114,g,310,mg,4980,g,192,g,62,g,46,g,2.5,g,14,g,34,g
142,earls,cabernet steak jus,6,g,15,mg,220,g,4,g,1,g,3,g,0,g,0,g,1,g
143,earls,caesar salad,68,g,75,mg,1020,g,16,g,11,g,10,g,0.5,g,5,g,4,g
144,earls,caesar salad no dressing,12,g,30,mg,200,g,12,g,8,g,5,g,0,g,4,g,3,g
145,earls,cajun blackened steak style spice and butter,8,g,15,mg,830,g,4,g,1,g,4,g,0,g,2,g,0,g
146,earls,cajun chicken,10,g,120,mg,920,g,4,g,41,g,5,g,0,g,2,g,0,g
147,earls,cajun chicken cheddar sandwich,40,g,120,mg,1620,g,52,g,45,g,12,g,0.5,g,5,g,2,g
148,earls,cajun oven roasted salmon,19,g,150,mg,1620,g,6,g,36,g,7,g,0.5,g,3,g,1,g
149,earls,california pizza,52,g,335,mg,2350,g,94,g,67,g,27,g,1,g,6,g,7,g
150,earls,california pizza gluten free,49,g,335,mg,2320,g,68,g,59,g,26,g,1,g,10,g,8,g
151,earls,cheddar burger,52,g,255,mg,1850,g,45,g,58,g,20,g,1,g,3,g,8,g
152,earls,chicken and wontons,32,g,120,mg,1680,g,89,g,46,g,3,g,0,g,2,g,50,g
153,earls,chicken quesadilla,85,g,155,mg,2820,g,62,g,66,g,23,g,1,g,6,g,5,g
154,earls,chicken street tacos,23,g,50,mg,1640,g,60,g,30,g,5,g,0,g,6,g,6,g
155,earls,chicken brie and fig sandwich,33,g,130,mg,1300,g,72,g,44,g,11,g,0,g,5,g,20,g
156,earls,chili chicken and wonton rice bowl,49,g,120,mg,2880,g,175,g,52,g,9,g,0,g,5,g,55,g
157,earls,chimichurri skirt steak,58,g,115,mg,2110,g,49,g,42,g,11,g,0.5,g,7,g,10,g
158,earls,clam chowder,32,g,120,mg,960,g,22,g,13,g,19,g,0,g,2,g,5,g
159,earls,coconut prawns and aioli,132,g,185,mg,1780,g,70,g,42,g,95,g,0,g,29,g,6,g
160,earls,coke,0,g,0,mg,30,g,26,g,0,g,0,g,0,g,0,g,26,g
161,earls,coleslaw with grainy mustard,6,g,0,mg,180,g,10,g,1,g,0,g,0,g,2,g,6,g
162,earls,country breakfast,122,g,540,mg,2830,g,108,g,42,g,48,g,2,g,13,g,7,g
163,earls,cream of mushroom soup,21,g,65,mg,700,g,20,g,5,g,13,g,0.5,g,2,g,4,g
164,earls,crispy calamari,85,g,780,mg,980,g,94,g,67,g,9,g,2,g,6,g,9,g
165,earls,crispy chicken tenders fries and sauce,61,g,105,mg,3060,g,123,g,51,g,8,g,0.5,g,6,g,15,g
166,earls,crispy chicken tenders fries no sauce,61,g,105,mg,2930,g,105,g,51,g,8,g,0.5,g,5,g,1,g
167,earls,crispy tofu,20,g,0,mg,40,g,1,g,11,g,2,g,0,g,0,g,0,g
168,earls,diet coke,0,g,0,mg,30,g,0,g,0,g,0,g,0,g,0,g,0,g
169,earls,dragon roll,9,g,85,mg,1930,g,90,g,20,g,1,g,0,g,5,g,24,g
170,earls,dynamite roll,36,g,70,mg,1750,g,84,g,15,g,4,g,0,g,5,g,18,g
171,earls,eggs benedict,76,g,745,mg,1830,g,70,g,36,g,39,g,3,g,5,g,2,g
172,earls,feta caper dill salmon,19,g,135,mg,940,g,2,g,35,g,3,g,0,g,0,g,1,g
173,earls,fettuccini alfredo,102,g,315,mg,1240,g,104,g,32,g,57,g,3,g,7,g,5,g
174,earls,fettuccini alfredo side,34,g,105,mg,410,g,35,g,11,g,19,g,1,g,2,g,2,g
175,earls,field greens salad,28,g,10,mg,530,g,12,g,10,g,4.5,g,0,g,4,g,5,g
176,earls,field greens salad no dressing,12,g,10,mg,390,g,9,g,10,g,4,g,0,g,4,g,4,g
177,earls,fish and chips,86,g,95,mg,2810,g,96,g,41,g,9,g,0.5,g,5,g,5,g
178,earls,fried brunch potatoes,24,g,45,mg,440,g,58,g,6,g,12,g,1,g,5,g,3,g
179,earls,fried chicken and waffles,61,g,225,mg,1730,g,119,g,48,g,14,g,0,g,5,g,52,g
180,earls,garlic fries and parmesan dip,53,g,20,mg,1480,g,83,g,8,g,9,g,0.5,g,4,g,2,g
181,earls,ginger ale,0,g,0,mg,25,g,24,g,0,g,0,g,0,g,0,g,24,g
182,earls,gold digger sundae,56,g,150,mg,170,g,69,g,11,g,31,g,1,g,2,g,62,g
183,earls,golden waffles and cream,57,g,130,mg,1260,g,148,g,13,g,21,g,1,g,4,g,78,g
184,earls,gravy steak sauce,8,g,10,mg,230,g,5,g,2,g,3,g,0,g,1,g,1,g
185,earls,green beans,12,g,10,mg,720,g,10,g,4,g,7,g,0,g,3,g,3,g
186,earls,green dragon roll,9,g,0,mg,1100,g,83,g,7,g,2,g,0,g,8,g,18,g
187,earls,grilled cajun chicken caesar,77,g,160,mg,1920,g,19,g,39,g,14,g,1,g,6,g,4,g
188,earls,grilled cajun chicken caesar no dressing,20,g,120,mg,1110,g,17,g,37,g,9,g,0.5,g,6,g,4,g
189,earls,grilled chicken caesar,76,g,160,mg,1720,g,16,g,38,g,14,g,1,g,5,g,4,g
190,earls,grilled chicken caesar no dressing,14,g,100,mg,840,g,12,g,35,g,6,g,0,g,5,g,3,g
191,earls,half chicken breast skin off,3,g,95,mg,670,g,0,g,36,g,1,g,0,g,0,g,0,g
192,earls,horseradish 0 5 oz,0,g,0,mg,140,g,0,g,1,g,0,g,0,g,0,g,0,g
193,earls,hunan kung pao,45,g,0,mg,3570,g,121,g,21,g,5,g,0,g,8,g,41,g
194,earls,hunan kung pao with chicken,53,g,65,mg,4100,g,127,g,46,g,6,g,0,g,8,g,46,g
195,earls,hunan kung pao with prawns,53,g,135,mg,4650,g,128,g,36,g,6,g,0,g,8,g,46,g
196,earls,impossible burger,38,g,0,mg,1860,g,49,g,30,g,17,g,0,g,3,g,4,g
197,earls,italia pizza,49,g,150,mg,2490,g,88,g,60,g,24,g,1,g,4,g,2,g
198,earls,italia pizza gluten free,46,g,150,mg,2460,g,62,g,51,g,22,g,1,g,8,g,4,g
199,earls,jeera chicken curry,58,g,100,mg,2480,g,165,g,45,g,10,g,0,g,8,g,14,g
200,earls,jeera chicken curry no naan,53,g,65,mg,1880,g,109,g,38,g,10,g,0,g,6,g,12,g
201,earls,jerk chicken and rice,61,g,205,mg,3840,g,92,g,74,g,15,g,0.5,g,8,g,23,g
202,earls,ketchup 1 fl oz,0,g,0,mg,240,g,8,g,0,g,0,g,0,g,1,g,8,g
203,earls,korean hot wings,70,g,350,mg,2900,g,28,g,91,g,21,g,0.5,g,3,g,19,g
204,earls,leroys crispy dry ribs,74,g,135,mg,1270,g,1,g,48,g,27,g,0,g,0,g,0,g
205,earls,lobster mac and cheese,56,g,180,mg,1980,g,51,g,44,g,33,g,2,g,3,g,4,g
206,earls,lobster tail,4,g,85,mg,450,g,2,g,22,g,2,g,0,g,0,g,0,g
207,earls,lobster tostada,12,g,30,mg,780,g,13,g,10,g,2,g,0,g,2,g,1,g
208,earls,margherita pizza,24,g,60,mg,1660,g,87,g,36,g,13,g,0.5,g,5,g,2,g
209,earls,margherita pizza gluten free,21,g,60,mg,1620,g,61,g,27,g,12,g,0.5,g,8,g,4,g
210,earls,mediterranean white fish and vegetables,62,g,140,mg,2440,g,32,g,36,g,15,g,1,g,6,g,10,g
211,earls,mushroom burger,54,g,255,mg,2260,g,49,g,54,g,21,g,1.5,g,5,g,11,g
212,earls,nachos,77,g,150,mg,2400,g,105,g,44,g,32,g,2,g,16,g,10,g
213,earls,nashville hot crispy chicken sandwich,95,g,280,mg,2460,g,123,g,50,g,21,g,0.5,g,6,g,29,g
214,earls,new york cheesecake,25,g,100,mg,80,g,25,g,3,g,15,g,0,g,1,g,19,g
215,earls,new york striploin 10 oz,26,g,140,mg,690,g,0,g,58,g,11,g,1,g,0,g,0,g
216,earls,oil and vinegar,36,g,0,mg,5,g,3,g,0,g,5,g,0,g,0,g,2,g
217,earls,one pound wings and dip,69,g,360,mg,1570,g,2,g,85,g,18,g,1,g,0,g,1,g
218,earls,one pound wings no dip,57,g,350,mg,1460,g,1,g,83,g,15,g,0.5,g,0,g,1,g
219,earls,pan bread,9,g,0,mg,550,g,67,g,12,g,2,g,0,g,3,g,2,g
220,earls,peach and blackberry cobbler,32,g,85,mg,360,g,179,g,13,g,19,g,1.5,g,7,g,125,g
221,earls,peppercorn steak sauce,11,g,30,mg,940,g,10,g,4,g,5,g,0,g,2,g,1,g
222,earls,plain oven roasted salmon,11,g,135,mg,680,g,0,g,34,g,4,g,0,g,0,g,0,g
223,earls,prosciutto and arugula pizza,39,g,115,mg,2800,g,96,g,57,g,19,g,0.5,g,5,g,10,g
224,earls,prosciutto and arugula pizza gluten free,36,g,115,mg,2770,g,70,g,48,g,18,g,0.5,g,9,g,12,g
225,earls,queso fundido,85,g,165,mg,2680,g,102,g,49,g,34,g,1.5,g,10,g,8,g
226,earls,quinoa andavocado power bowl,54,g,10,mg,1120,g,68,g,17,g,6,g,0,g,16,g,12,g
227,earls,quinoa andavocado power bowl no dressing,25,g,0,mg,850,g,64,g,16,g,3,g,0,g,16,g,10,g
228,earls,rack of bbq back ribs,83,g,330,mg,1680,g,47,g,85,g,31,g,1,g,1,g,43,g
229,earls,rhino fries,55,g,60,mg,1880,g,82,g,22,g,18,g,1,g,4,g,2,g
230,earls,ribeye 14 oz,38,g,195,mg,610,g,0,g,84,g,16,g,1,g,0,g,0,g
231,earls,ribeye 16 oz,44,g,220,mg,630,g,0,g,95,g,18,g,1.5,g,0,g,0,g
232,earls,salmon zen bowl,53,g,65,mg,3180,g,98,g,31,g,9,g,0,g,11,g,14,g
233,earls,salmon zen bowl usa,57,g,130,mg,3710,g,103,g,49,g,10,g,0,g,11,g,19,g
234,earls,santa fe cajun chicken salad,61,g,110,mg,1900,g,73,g,47,g,13,g,0.5,g,16,g,23,g
235,earls,santa fe chicken salad no dressing,26,g,110,mg,1600,g,70,g,45,g,10,g,0.5,g,15,g,23,g
236,earls,sauteed button mushrooms,12,g,30,mg,300,g,5,g,5,g,7,g,0.5,g,1,g,3,g
237,earls,sauteed prawns,18,g,305,mg,1230,g,2,g,30,g,8,g,0.5,g,0,g,0,g
238,earls,side caesar salad,34,g,40,mg,510,g,8,g,5,g,5,g,0,g,2,g,2,g
239,earls,signature top sirloin 6 oz,10,g,85,mg,650,g,0,g,34,g,4,g,0,g,0,g,0,g
240,earls,signature top sirloin 8 oz,13,g,110,mg,680,g,0,g,46,g,6,g,0,g,0,g,0,g
241,earls,smores chocolate cheesecake,35,g,110,mg,390,g,98,g,11,g,18,g,0.5,g,3,g,82,g
242,earls,spicy tuna roll,11,g,40,mg,2560,g,88,g,17,g,1,g,0,g,4,g,25,g
243,earls,spring onion jasmine rice,9,g,0,mg,630,g,49,g,4,g,2,g,0,g,2,g,1,g
244,earls,sprite,0,g,0,mg,45,g,26,g,0,g,0,g,0,g,0,g,26,g
245,earls,steak and coconut prawns and rice,157,g,295,mg,3640,g,135,g,84,g,102,g,0.5,g,32,g,16,g
246,earls,steak and eggs,93,g,535,mg,3170,g,117,g,48,g,36,g,3,g,13,g,8,g
247,earls,steamed jasmine rice,9,g,0,mg,620,g,50,g,4,g,2,g,0,g,2,g,4,g
248,earls,teriyaki chicken rice bowl,53,g,65,mg,2750,g,168,g,45,g,5,g,0,g,9,g,34,g
249,earls,teriyaki chicken wings,79,g,370,mg,2810,g,31,g,88,g,20,g,1,g,2,g,23,g
250,earls,thai lobster salad,31,g,55,mg,1950,g,100,g,27,g,11,g,0,g,8,g,22,g
251,earls,thai lobster salad no dressing,23,g,55,mg,1180,g,96,g,26,g,11,g,0,g,7,g,20,g
252,earls,the cure breakfast sandwich,117,g,620,mg,2520,g,107,g,42,g,45,g,1.5,g,7,g,13,g
253,earls,tortilla soup,12,g,10,mg,710,g,24,g,6,g,3,g,0,g,5,g,5,g
254,earls,truffle fries,71,g,20,mg,2530,g,101,g,10,g,10,g,0.5,g,5,g,1,g
255,earls,vegan beyond burger,42,g,0,mg,1090,g,48,g,23,g,9,g,0,g,5,g,3,g
256,earls,vegan bibimbap bowl,52,g,0,mg,2610,g,108,g,13,g,5,g,0,g,8,g,18,g
257,earls,vegan buffalo cauliflower,70,g,0,mg,3010,g,46,g,9,g,6,g,0,g,9,g,6,g
258,earls,vegan crispy tofu tacos,63,g,0,mg,1070,g,39,g,28,g,6,g,0,g,5,g,6,g
259,earls,vegan crispy tofu zen bowl,64,g,0,mg,2650,g,95,g,24,g,8,g,0,g,10,g,8,g
260,earls,vegan field greens salad,25,g,0,mg,340,g,11,g,7,g,2.5,g,0,g,4,g,5,g
261,earls,vegan field greens salad no dressing,9,g,0,mg,190,g,9,g,7,g,1,g,0,g,4,g,4,g
262,earls,vegan hunan kung pao,45,g,0,mg,4100,g,127,g,16,g,5,g,0,g,7,g,34,g
263,earls,vegan hunan kung pao with crispy tofu,86,g,0,mg,4180,g,128,g,38,g,8,g,0,g,7,g,34,g
264,earls,vegan quinoa andavocado power bowl,41,g,0,mg,1000,g,66,g,16,g,4.5,g,0,g,16,g,11,g
265,earls,vegan quinoa andavocado power bowl no dressing,25,g,0,mg,850,g,64,g,16,g,3,g,0,g,16,g,10,g
266,earls,vegan teriyaki rice bowl,78,g,0,mg,2620,g,168,g,41,g,7,g,0,g,9,g,32,g
267,earls,vegetarian zen bowl,49,g,5,mg,2650,g,92,g,13,g,9,g,0,g,11,g,9,g
268,earls,warm chocolate sticky toffee pudding,51,g,230,mg,790,g,163,g,14,g,31,g,2,g,8,g,107,g
269,earls,warm potato salad,30,g,35,mg,470,g,33,g,6,g,6,g,0,g,3,g,3,g
270,earls,warm three cheese and spinach dip and chips,53,g,145,mg,1490,g,89,g,32,g,25,g,1,g,11,g,6,g
271,earls,warm three cheese and spinach dip and ciabatta,51,g,145,mg,1890,g,109,g,43,g,26,g,1,g,9,g,5,g
272,earls,yam fries and garlic aioli,64,g,20,mg,1280,g,84,g,4,g,4,g,0,g,10,g,24,g
273,earls,yam fries side 7 oz,23,g,0,mg,890,g,57,g,2,g,1,g,0,g,7,g,17,g
274,earls,yucatan chicken tacos,29,g,95,mg,1220,g,39,g,32,g,8,g,0,g,6,g,6,g
275,earls,yukon gold fries entree 16 oz,47,g,0,mg,1660,g,119,g,11,g,8,g,0.5,g,5,g,1,g
276,earls,yukon gold fries side 8 oz,23,g,0,mg,830,g,59,g,6,g,4,g,0,g,3,g,1,g
277,earls,yukon gold mashed potatoes,23,g,55,mg,910,g,39,g,3,g,15,g,0,g,3,g,2,g
278,east side marios,add primavera vegetables,0,g,0,mg,30,g,11,g,2,g,0,g,0,g,3,g,6,g
279,east side marios,add crispy bacon,6,g,15,mg,180,g,0,g,5,g,2,g,0,g,0,g,0,g
280,east side marios,add grilled shrimps,4.5,g,160,mg,1120,g,1,g,9,g,0.5,g,0,g,0,g,0,g
281,east side marios,add on bacon strips 2 each,6,g,15,mg,160,g,0,g,5,g,2,g,0,g,0,g,0,g
282,east side marios,add on goat cheese,6,g,30,mg,105,g,1,g,5,g,4,g,0,g,0,g,1,g
283,east side marios,add on gorgonzola cheese,10,g,35,mg,330,g,1,g,5,g,7,g,0.5,g,0,g,0,g
284,east side marios,add on mozzarella cheese,6,g,20,mg,170,g,1,g,7,g,3.5,g,0,g,0,g,0,g
285,east side marios,add on provolone cheese slice,5,g,15,mg,125,g,0,g,5,g,3.5,g,0,g,0,g,0,g
286,east side marios,add protein meatballs,24,g,50,mg,850,g,9,g,18,g,11,g,1,g,2,g,2,g
287,east side marios,add protein sausage coins,20,g,55,mg,490,g,2,g,13,g,8,g,0,g,1,g,0,g
288,east side marios,add protein sauteed shrimps,13,g,120,mg,300,g,0,g,13,g,1.5,g,0,g,0,g,0,g
289,east side marios,add protein julienne chicken,2.5,g,50,mg,280,g,0,g,20,g,1,g,0,g,0,g,0,g
290,east side marios,bacon and shrimp rigatoni alla vodka small,28,g,90,mg,660,g,51,g,20,g,6,g,0,g,4,g,4,g
291,east side marios,bacon pieces large pizza topping,2,g,5,mg,70,g,0,g,2,g,0.5,g,0,g,0,g,0,g
292,east side marios,bacon pieces lunch pizza topping,2,g,5,mg,65,g,0,g,2,g,0.5,g,0,g,0,g,0,g
293,east side marios,bacon pieces regular pizza topping,2.5,g,10,mg,90,g,0,g,3,g,1,g,0,g,0,g,0,g
294,east side marios,bacon strips large pizza topping,1,g,5,mg,30,g,0,g,1,g,0,g,0,g,0,g,0,g
295,east side marios,bacon strips lunch pizza topping,1.5,g,5,mg,45,g,0,g,1,g,0.5,g,0,g,0,g,0,g
296,east side marios,bacon strips regular pizza topping,1.5,g,5,mg,45,g,0,g,1,g,0.5,g,0,g,0,g,0,g
297,east side marios,bingers,13,g,0,mg,630,g,78,g,13,g,1.5,g,0,g,3,g,16,g
298,east side marios,black olives large pizza topping,1,g,0,mg,25,g,0,g,0,g,0,g,0,g,0,g,0,g
299,east side marios,black olives lunch pizza topping,0.5,g,0,mg,25,g,0,g,0,g,0,g,0,g,0,g,0,g
300,east side marios,black olives regular pizza topping,1,g,0,mg,30,g,1,g,0,g,0,g,0,g,0,g,0,g
301,east side marios,bolognese sauce,3.5,g,10,mg,160,g,4,g,4,g,1.5,g,0,g,1,g,2,g
302,east side marios,boomers,59,g,0,mg,2230,g,134,g,27,g,7,g,0,g,7,g,9,g
303,east side marios,budda traditional burger,41,g,150,mg,150,g,43,g,46,g,15,g,0,g,3,g,3,g
304,east side marios,buffalo chicken gf pizza regular,23,g,20,mg,510,g,22,g,8,g,11,g,0,g,1,g,2,g
305,east side marios,buffalo chicken pizza large,17,g,25,mg,570,g,23,g,12,g,4.5,g,0,g,1,g,2,g
306,east side marios,buffalo chicken pizza regular,17,g,20,mg,590,g,24,g,11,g,4.5,g,0,g,1,g,2,g
307,east side marios,buffalo chicken pizza thin crust,14,g,20,mg,500,g,15,g,10,g,4,g,0,g,1,g,2,g
308,east side marios,build your own pasta alfredo,20,g,55,mg,870,g,81,g,18,g,11,g,0.5,g,4,g,6,g
309,east side marios,build your own pasta arrabbiata,13,g,0,mg,530,g,83,g,15,g,2,g,0,g,7,g,8,g
310,east side marios,build your own pasta blush,16,g,20,mg,630,g,82,g,16,g,5,g,0,g,6,g,7,g
311,east side marios,build your own pasta bolognese,13,g,35,mg,460,g,81,g,24,g,5,g,0,g,6,g,9,g
312,east side marios,build your own pasta mother tomato,14,g,0,mg,540,g,83,g,15,g,2,g,0,g,7,g,9,g
313,east side marios,build your own pasta primavera,25,g,0,mg,460,g,89,g,16,g,2.5,g,0,g,4,g,5,g
314,east side marios,build your own pasta tomato herb,15,g,0,mg,680,g,84,g,15,g,2.5,g,0,g,7,g,9,g
315,east side marios,byo 2 topping calzone regular,54,g,75,mg,2330,g,137,g,53,g,18,g,1,g,6,g,9,g
316,east side marios,caesar salad for 2 or more big red bowl,50,g,75,mg,1010,g,34,g,18,g,5,g,1,g,5,g,5,g
317,east side marios,caesar salad for 2 or more big red bowl with light dressing,38,g,75,mg,1220,g,28,g,14,g,4,g,0,g,5,g,5,g
318,east side marios,calamari al diavolo,52,g,255,mg,1850,g,44,g,27,g,8,g,0,g,6,g,10,g
319,east side marios,calamari fritti,28,g,255,mg,350,g,25,g,24,g,2.5,g,0,g,2,g,1,g
320,east side marios,calamari fritti side lemon garlic aioli,41,g,20,mg,410,g,1,g,1,g,6,g,0.5,g,0,g,1,g
321,east side marios,calamari fritti side mother tomato sauce,4,g,0,mg,180,g,5,g,1,g,0.5,g,0,g,1,g,3,g
322,east side marios,caramelized onions large pizza topping,0,g,0,mg,0,g,1,g,0,g,0,g,0,g,0,g,0,g
323,east side marios,caramelized onions lunch pizza topping,0,g,0,mg,0,g,1,g,0,g,0,g,0,g,0,g,0,g
324,east side marios,caramelized onions regular pizza topping,0,g,0,mg,0,g,1,g,0,g,0,g,0,g,0,g,0,g
325,east side marios,cheese and sauce only gf pizza regular,11,g,10,mg,280,g,21,g,4,g,9,g,0,g,1,g,2,g
326,east side marios,cheese cappelletti,36,g,120,mg,2040,g,146,g,40,g,15,g,0.5,g,8,g,9,g
327,east side marios,cheese cappelletti small,20,g,65,mg,1060,g,73,g,22,g,8,g,0,g,4,g,5,g
328,east side marios,cheese build your own base pizza large,6,g,10,mg,340,g,22,g,7,g,2,g,0,g,1,g,1,g
329,east side marios,cheese build your own base pizza regular,6,g,10,mg,350,g,23,g,7,g,2,g,0,g,1,g,2,g
330,east side marios,cheese build your own base pizza thin crust,4.5,g,10,mg,210,g,14,g,6,g,1.5,g,0,g,1,g,1,g
331,east side marios,cheese build your own base lunch,6,g,5,mg,300,g,18,g,6,g,2,g,0,g,1,g,1,g
332,east side marios,cherry peppers large pizza topping,0,g,0,mg,85,g,0,g,0,g,0,g,0,g,0,g,0,g
333,east side marios,cherry peppers lunch pizza topping,0,g,0,mg,55,g,0,g,0,g,0,g,0,g,0,g,0,g
334,east side marios,cherry peppers regular pizza topping,0,g,0,mg,70,g,0,g,0,g,0,g,0,g,0,g,0,g
335,east side marios,chicken fingers,45,g,105,mg,2580,g,125,g,49,g,4.5,g,0,g,7,g,41,g
336,east side marios,chicken garden salad,24,g,0,mg,1660,g,19,g,22,g,3,g,0,g,3,g,5,g
337,east side marios,chicken milano,59,g,170,mg,1310,g,42,g,53,g,18,g,0.5,g,7,g,3,g
338,east side marios,chicken parm sliders,58,g,115,mg,2580,g,108,g,58,g,11,g,0.5,g,8,g,12,g
339,east side marios,chicken wings,25,g,120,mg,600,g,17,g,24,g,4.5,g,0,g,1,g,0,g
340,east side marios,chicken wings starter,35,g,165,mg,840,g,24,g,34,g,6,g,0,g,2,g,0,g
341,east side marios,chicken wings starter add on garlic parmesan,29,g,5,mg,750,g,1,g,1,g,4.5,g,0,g,0,g,0,g
342,east side marios,chicken wings starter add on honey garlic sauce,0,g,0,mg,270,g,24,g,1,g,0,g,0,g,0,g,21,g
343,east side marios,chicken wings starter add on hot sauce,4,g,0,mg,830,g,7,g,1,g,0.5,g,0,g,0,g,5,g
344,east side marios,chicken wings starter add on medium sauce,2.5,g,0,mg,610,g,8,g,0,g,0,g,0,g,0,g,7,g
345,east side marios,chicken wings starter add on mild sauce,1.5,g,0,mg,510,g,19,g,1,g,0,g,0,g,1,g,17,g
346,east side marios,chicken wings starter side blue cheese dip,25,g,20,mg,420,g,2,g,2,g,2.5,g,0,g,0,g,1,g
347,east side marios,chicken wings starter side caesar dressing dip for garlic parm wings,26,g,30,mg,230,g,2,g,1,g,2.5,g,0,g,0,g,0,g
348,east side marios,chicken wings starter side carrot and celery sticks,0,g,0,mg,55,g,5,g,1,g,0,g,0,g,2,g,2,g
349,east side marios,chicken wings add on garlic parmesan,14,g,5,mg,360,g,0,g,1,g,2.5,g,0,g,0,g,0,g
350,east side marios,chicken wings add on honey garlic sauce,0,g,0,mg,135,g,12,g,0,g,0,g,0,g,0,g,10,g
351,east side marios,chicken wings add on hot sauce,2,g,0,mg,410,g,3,g,0,g,0,g,0,g,0,g,2,g
352,east side marios,chicken wings add on medium sauce,1,g,0,mg,250,g,9,g,0,g,0,g,0,g,0,g,8,g
353,east side marios,chicken wings add on mild sauce,2,g,0,mg,450,g,6,g,0,g,0,g,0,g,0,g,5,g
354,east side marios,chicken wings add on side blue cheese dip,17,g,15,mg,280,g,1,g,1,g,1.5,g,0,g,0,g,1,g
355,east side marios,chicken wings add on side of caesar dressing dip for garlic parm wings,18,g,20,mg,150,g,1,g,1,g,1.5,g,0,g,0,g,0,g
356,east side marios,chocolate pop up gelato,10,g,20,mg,55,g,18,g,3,g,6,g,0,g,1,g,18,g
357,east side marios,classic chicken parmigiana with pasta 6oz,30,g,70,mg,1250,g,74,g,38,g,6,g,0,g,6,g,8,g
358,east side marios,classsic chicken parmigiana with pasta,47,g,110,mg,1700,g,104,g,59,g,10,g,0,g,8,g,15,g
359,east side marios,creamy garlic caesar sauce,35,g,40,mg,300,g,3,g,2,g,3,g,0,g,0,g,0,g
360,east side marios,creamy pesto prosciutto penne,52,g,85,mg,2070,g,107,g,26,g,17,g,0.5,g,8,g,12,g
361,east side marios,crispy chicken add on,16,g,55,mg,1190,g,24,g,20,g,2,g,0,g,1,g,2,g
362,east side marios,diced ham large pizza topping,0,g,5,mg,75,g,0,g,1,g,0,g,0,g,0,g,0,g
363,east side marios,diced ham lunch pizza topping,0,g,5,mg,90,g,0,g,1,g,0,g,0,g,0,g,0,g
364,east side marios,diced ham regular pizza topping,0,g,5,mg,90,g,0,g,1,g,0,g,0,g,0,g,0,g
365,east side marios,double bacon rigatoni carbonara,60,g,215,mg,1550,g,84,g,38,g,17,g,1.5,g,4,g,7,g
366,east side marios,double bacon rigatoni carbonara small,34,g,60,mg,790,g,51,g,22,g,10,g,0,g,3,g,4,g
367,east side marios,double bacon pizza large,10,g,20,mg,370,g,23,g,12,g,37,g,0,g,1,g,2,g
368,east side marios,double bacon pizza thin crust,8,g,15,mg,290,g,15,g,8,g,3,g,0,g,1,g,1,g
369,east side marios,dressing on side,19,g,0,mg,310,g,3,g,0,g,1,g,0,g,0,g,2,g
370,east side marios,entree caesar,36,g,55,mg,880,g,30,g,16,g,3.5,g,0,g,4,g,4,g
371,east side marios,entree caesar with light dressing,28,g,55,mg,1020,g,26,g,13,g,3.5,g,0,g,4,g,4,g
372,east side marios,entree garden,23,g,0,mg,1440,g,34,g,7,g,1,g,0,g,3,g,8,g
373,east side marios,entree garden no dressing,4,g,0,mg,1130,g,32,g,7,g,0,g,0,g,3,g,6,g
374,east side marios,extra cheese large pizza topping,1.5,g,5,mg,50,g,0,g,2,g,1,g,0,g,0,g,0,g
375,east side marios,extra cheese lunch pizza topping,1.5,g,5,mg,40,g,0,g,2,g,1,g,0,g,0,g,0,g
376,east side marios,extra cheese regular pizza topping,1.5,g,5,mg,40,g,0,g,2,g,1,g,0,g,0,g,0,g
377,east side marios,feta cheese large pizza topping,1.5,g,5,mg,90,g,0,g,1,g,1,g,0,g,0,g,0,g
378,east side marios,feta cheese lunch pizza topping,1.5,g,5,mg,110,g,0,g,1,g,1,g,0,g,0,g,0,g
379,east side marios,feta cheese regular pizza topping,1.5,g,5,mg,110,g,0,g,1,g,1,g,0,g,0,g,0,g
380,east side marios,four cheese and spinach dip,26,g,75,mg,700,g,9,g,9,g,15,g,0.5,g,2,g,3,g
381,east side marios,four cheese and spinach dip with side crostini,43,g,75,mg,1660,g,101,g,26,g,18,g,1,g,5,g,8,g
382,east side marios,four meat gf pizza regular,16,g,25,mg,500,g,21,g,8,g,10,g,0,g,1,g,2,g
383,east side marios,four meat pizza large,10,g,25,mg,550,g,23,g,11,g,3.5,g,0,g,1,g,1,g
384,east side marios,four meat pizza regular,10,g,25,mg,580,g,23,g,12,g,3.5,g,0,g,1,g,2,g
385,east side marios,four meat pizza thin crust,9,g,25,mg,480,g,14,g,10,g,3.5,g,0,g,1,g,1,g
386,east side marios,french fries,18,g,0,mg,115,g,62,g,7,g,1.5,g,0,g,7,g,0,g
387,east side marios,garden salad for 2 or more big red bowl,30,g,0,mg,1340,g,20,g,4,g,4,g,0,g,3,g,5,g
388,east side marios,garlic fingers east coast only,12,g,15,mg,720,g,37,g,20,g,4,g,0,g,3,g,2,g
389,east side marios,garlic parm fries,40,g,0,mg,1640,g,53,g,5,g,4.5,g,0,g,5,g,0,g
390,east side marios,genoa salami lunch pizza topping,2.5,g,5,mg,125,g,0,g,2,g,1,g,0,g,0,g,0,g
391,east side marios,goat cheese large pizza topping,1,g,5,mg,20,g,0,g,1,g,1,g,0,g,0,g,0,g
392,east side marios,goat cheese lunch pizza topping,1.5,g,5,mg,25,g,0,g,1,g,1,g,0,g,0,g,0,g
393,east side marios,goat cheese regular pizza topping,1.5,g,5,mg,25,g,0,g,1,g,1,g,0,g,0,g,0,g
394,east side marios,gorgonzola cheese large pizza topping,2,g,5,mg,65,g,0,g,1,g,1.5,g,0,g,0,g,0,g
395,east side marios,gorgonzola cheese lunch pizza topping,1.5,g,5,mg,40,g,0,g,1,g,1,g,0,g,0,g,0,g
396,east side marios,gorgonzola cheese regular pizza topping,1.5,g,5,mg,55,g,0,g,1,g,1,g,0,g,0,g,0,g
397,east side marios,grape tomato large pizza topping,0,g,0,mg,0,g,0,g,0,g,0,g,0,g,0,g,0,g
398,east side marios,grape tomato regular pizza topping,0,g,0,mg,0,g,0,g,0,g,0,g,0,g,0,g,0,g
399,east side marios,grilled chicken add on,15,g,55,mg,410,g,0,g,17,g,2,g,0,g,0,g,0,g
400,east side marios,grilled chicken caesar salad,37,g,105,mg,1310,g,30,g,35,g,4,g,0,g,4,g,4,g
401,east side marios,grilled chicken caesar salad with light dressing,29,g,105,mg,1450,g,26,g,32,g,3.5,g,0,g,4,g,4,g
402,east side marios,grilled salmon pasta,71,g,155,mg,930,g,115,g,55,g,23,g,1,g,7,g,6,g
403,east side marios,hells kitchen chicken with potatoes and veg,39,g,80,mg,4340,g,60,g,38,g,6,g,0,g,10,g,8,g
404,east side marios,hells kitchen sauce,1,g,0,mg,380,g,2,g,1,g,0,g,0,g,1,g,1,g
405,east side marios,homeloaf,1,g,0,mg,420,g,46,g,9,g,0,g,0,g,2,g,2,g
406,east side marios,homestyle lasagna,55,g,195,mg,1680,g,82,g,57,g,30,g,1.5,g,6,g,10,g
407,east side marios,ice cream adult size,13,g,45,mg,130,g,35,g,2,g,4.5,g,0,g,0,g,17,g
408,east side marios,italian pulled beef sammy,36,g,110,mg,1770,g,51,g,40,g,11,g,0.5,g,3,g,8,g
409,east side marios,italian wedding soup,4.5,g,10,mg,1030,g,12,g,5,g,1.5,g,0,g,1,g,1,g
410,east side marios,julienne chicken large pizza topping,0,g,5,mg,30,g,0,g,2,g,0,g,0,g,0,g,0,g
411,east side marios,julienne chicken lunch pizza topping,0,g,5,mg,25,g,0,g,2,g,0,g,0,g,0,g,0,g
412,east side marios,julienne chicken regular pizza topping,0,g,5,mg,25,g,0,g,2,g,0,g,0,g,0,g,0,g
413,east side marios,kids brownie,19,g,25,mg,170,g,59,g,3,g,12,g,0.5,g,3,g,44,g
414,east side marios,kids build your own pasta alfredo,12,g,10,mg,290,g,58,g,12,g,2.5,g,0,g,2,g,6,g
415,east side marios,kids build your own pasta arrabbiata,7,g,0,mg,270,g,59,g,10,g,1,g,0,g,4,g,6,g
416,east side marios,kids build your own pasta blush,9,g,5,mg,270,g,59,g,11,g,1.5,g,0,g,3,g,6,g
417,east side marios,kids build your own pasta bolognese,7,g,20,mg,240,g,58,g,15,g,2.5,g,0,g,3,g,7,g
418,east side marios,kids build your own pasta mother tomato,7,g,0,mg,280,g,59,g,10,g,1,g,0,g,4,g,7,g
419,east side marios,lemon garlic aioli,41,g,20,mg,410,g,1,g,1,g,6,g,0.5,g,0,g,1,g
420,east side marios,linguine chicken amatriciana,59,g,100,mg,1290,g,87,g,48,g,13,g,0,g,7,g,10,g
421,east side marios,linguine chicken amatriciana small,30,g,50,mg,650,g,53,g,26,g,7,g,0,g,4,g,5,g
422,east side marios,linguine chicken tetrazzini,60,g,130,mg,1680,g,86,g,49,g,16,g,0.5,g,5,g,9,g
423,east side marios,linguine chicken tetrazzini small,29,g,55,mg,770,g,52,g,21,g,8,g,0,g,3,g,4,g
424,east side marios,marios mussels east coast only,66,g,165,mg,1530,g,62,g,50,g,20,g,0.5,g,3,g,4,g
425,east side marios,marios potatoes,21,g,0,mg,300,g,29,g,3,g,4.5,g,0,g,3,g,0,g
426,east side marios,marios spaghettini and meatballs gigantico,57,g,75,mg,2110,g,191,g,57,g,19,g,1.5,g,14,g,23,g
427,east side marios,mascarpone cheesecake,28,g,110,mg,390,g,67,g,8,g,18,g,0.5,g,3,g,51,g
428,east side marios,meatballs large pizza topping,2,g,5,mg,65,g,1,g,1,g,1,g,0,g,0,g,0,g
429,east side marios,meatballs lunch pizza topping,1.5,g,5,mg,55,g,1,g,1,g,0.5,g,0,g,0,g,0,g
430,east side marios,meatballs regular pizza topping,2,g,5,mg,70,g,1,g,1,g,1,g,0,g,0,g,0,g
431,east side marios,minestrone soup,0.5,g,0,mg,600,g,12,g,3,g,0,g,0,g,3,g,4,g
432,east side marios,mini marios cheese cappelletti,20,g,65,mg,1060,g,73,g,22,g,8,g,0,g,4,g,5,g
433,east side marios,mini marios cheesy bowtie alfredo,20,g,35,mg,540,g,60,g,23,g,8,g,0,g,3,g,6,g
434,east side marios,mini marios fingers big kids,34,g,60,mg,1950,g,98,g,31,g,3,g,0,g,6,g,27,g
435,east side marios,mini marios fingers kids,22,g,40,mg,1200,g,66,g,20,g,2,g,0,g,3,g,27,g
436,east side marios,mini marios mini sliders burger,18,g,55,mg,610,g,33,g,20,g,7,g,0.5,g,3,g,5,g
437,east side marios,mini marios side of plum sauce,0,g,0,mg,230,g,35,g,0,g,0,g,0,g,0,g,27,g
438,east side marios,mother tomato sauce,4,g,0,mg,180,g,5,g,1,g,0.5,g,0,g,1,g,3,g
439,east side marios,mozzarella sticks,55,g,90,mg,1730,g,50,g,44,g,20,g,1.5,g,1,g,6,g
440,east side marios,mushrooms large pizza topping,0,g,0,mg,0,g,0,g,0,g,0,g,0,g,0,g,0,g
441,east side marios,mushrooms lunch pizza topping,0,g,0,mg,0,g,0,g,0,g,0,g,0,g,0,g,0,g
442,east side marios,mushrooms regular pizza topping,0,g,0,mg,0,g,0,g,0,g,0,g,0,g,0,g,0,g
443,east side marios,new yorker gf pizza regular,13,g,15,mg,360,g,22,g,5,g,9,g,0,g,1,g,2,g
444,east side marios,new yorker pizza large,8,g,15,mg,420,g,23,g,9,g,2.5,g,0,g,1,g,2,g
445,east side marios,new yorker pizza regular,8,g,15,mg,440,g,23,g,9,g,2.5,g,0,g,1,g,2,g
446,east side marios,new yorker pizza thin crust,6,g,15,mg,350,g,15,g,7,g,2.5,g,0,g,1,g,1,g
447,east side marios,parmesan fries,36,g,15,mg,1330,g,81,g,13,g,6,g,0,g,9,g,0,g
448,east side marios,parmesan romano large pizza topping,1.5,g,5,mg,100,g,0,g,1,g,1,g,0,g,0,g,0,g
449,east side marios,parmesan romano lunch pizza topping,1,g,5,mg,85,g,0,g,1,g,0.5,g,0,g,0,g,0,g
450,east side marios,parmesan romano regular pizza topping,1.5,g,5,mg,115,g,0,g,2,g,1,g,0,g,0,g,0,g
451,east side marios,peanut butter stack,61,g,105,mg,430,g,105,g,12,g,33,g,2.5,g,4,g,78,g
452,east side marios,pepperoni large pizza topping,1.5,g,5,mg,75,g,0,g,1,g,0.5,g,0,g,0,g,0,g
453,east side marios,pepperoni lunch pizza topping,1.5,g,5,mg,95,g,0,g,1,g,0.5,g,0,g,0,g,0,g
454,east side marios,pepperoni regular pizza topping,1.5,g,5,mg,85,g,0,g,1,g,0.5,g,0,g,0,g,0,g
455,east side marios,pesto chicken parm sammy,49,g,90,mg,2110,g,72,g,42,g,11,g,0.5,g,5,g,8,g
456,east side marios,pineapple large pizza topping,0,g,0,mg,0,g,1,g,0,g,0,g,0,g,0,g,1,g
457,east side marios,pineapple lunch pizza topping,0,g,0,mg,0,g,1,g,0,g,0,g,0,g,0,g,1,g
458,east side marios,pineapple regular pizza topping,0,g,0,mg,0,g,1,g,0,g,0,g,0,g,0,g,1,g
459,east side marios,prosciutto large pizza topping,0,g,5,mg,85,g,0,g,1,g,0,g,0,g,0,g,0,g
460,east side marios,prosciutto lunch pizza topping,0,g,5,mg,85,g,0,g,1,g,0,g,0,g,0,g,0,g
461,east side marios,prosciutto regular pizza topping,0,g,5,mg,85,g,0,g,1,g,0,g,0,g,0,g,0,g
462,east side marios,prosciutto wrapped mozzarella,25,g,45,mg,1170,g,49,g,27,g,9,g,0,g,3,g,4,g
463,east side marios,provolone large pizza topping,0.5,g,0,mg,20,g,0,g,1,g,0,g,0,g,0,g,0,g
464,east side marios,provolone lunch pizza topping,0.5,g,0,mg,20,g,0,g,1,g,0,g,0,g,0,g,0,g
465,east side marios,provolone regular pizza topping,0.5,g,0,mg,20,g,0,g,1,g,0,g,0,g,0,g,0,g
466,east side marios,red and green julienne peppers large pizza topping,0,g,0,mg,0,g,0,g,0,g,0,g,0,g,0,g,0,g
467,east side marios,red and green julienne peppers lunch pizza topping,0,g,0,mg,0,g,0,g,0,g,0,g,0,g,0,g,0,g
468,east side marios,red and green julienne peppers regular pizza topping,0,g,0,mg,0,g,0,g,0,g,0,g,0,g,0,g,0,g
469,east side marios,rigatoni peppercorn alfredo,40,g,75,mg,1100,g,98,g,20,g,14,g,0.5,g,5,g,6,g
470,east side marios,roasted blt cauliflower pizza pizza regular,8,g,15,mg,290,g,13,g,6,g,3.5,g,0,g,1,g,1,g
471,east side marios,roasted button mushrooms,10,g,0,mg,170,g,4,g,3,g,3.5,g,0,g,1,g,2,g
472,east side marios,roasted garlic and tomato soup,6,g,10,mg,1030,g,19,g,4,g,2.5,g,1,g,2,g,6,g
473,east side marios,roasted garlic fettuccine with chicken,42,g,150,mg,1640,g,81,g,42,g,16,g,0.5,g,4,g,6,g
474,east side marios,roasted mushrooms large pizza topping,0.5,g,0,mg,5,g,0,g,0,g,0,g,0,g,0,g,0,g
475,east side marios,roasted mushrooms lunch pizza topping,0.5,g,0,mg,5,g,0,g,0,g,0,g,0,g,0,g,0,g
476,east side marios,roasted mushrooms regular pizza topping,0.5,g,0,mg,5,g,1,g,0,g,0,g,0,g,0,g,0,g
477,east side marios,roasted roma tomato lunch pizza topping,0,g,0,mg,0,g,0,g,0,g,0,g,0,g,0,g,0,g
478,east side marios,roasted tomato and goat cheese spaghettini,54,g,90,mg,1040,g,95,g,21,g,21,g,1,g,6,g,7,g
479,east side marios,roma tomato large pizza topping,0,g,0,mg,0,g,1,g,0,g,0,g,0,g,0,g,0,g
480,east side marios,roma tomato regular pizza topping,0,g,0,mg,0,g,1,g,0,g,0,g,0,g,0,g,0,g
481,east side marios,salted caramel brownie,28,g,60,mg,110,g,96,g,7,g,13,g,0.5,g,3,g,66,g
482,east side marios,sausage and peppers penne,32,g,55,mg,1360,g,101,g,30,g,9,g,0,g,8,g,13,g
483,east side marios,sausage and peppers penne small,17,g,30,mg,940,g,63,g,17,g,4.5,g,0,g,5,g,8,g
484,east side marios,sausage coins large pizza topping,1.5,g,5,mg,30,g,0,g,1,g,0.5,g,0,g,0,g,0,g
485,east side marios,sausage coins lunch pizza topping,1.5,g,5,mg,40,g,0,g,1,g,0.5,g,0,g,0,g,0,g
486,east side marios,sausage coins regular pizza topping,1.5,g,5,mg,40,g,0,g,1,g,0.5,g,0,g,0,g,0,g
487,east side marios,sauteed shrimps,13,g,120,mg,300,g,0,g,13,g,1.5,g,0,g,0,g,0,g
488,east side marios,seafood linguine,31,g,255,mg,1520,g,105,g,46,g,4,g,0,g,7,g,9,g
489,east side marios,seafood linguine small,16,g,125,mg,760,g,64,g,25,g,2,g,0,g,4,g,5,g
490,east side marios,side caesar salad or single serving of unlimited salad,25,g,40,mg,510,g,17,g,9,g,2.5,g,0,g,2,g,2,g
491,east side marios,side caesar salad or single serving of unlimited salad with light dressing,19,g,40,mg,610,g,14,g,7,g,2,g,0,g,2,g,2,g
492,east side marios,side crostini,5,g,0,mg,290,g,28,g,5,g,1,g,0,g,1,g,2,g
493,east side marios,side garden salad or single serving of unlimited salad,15,g,0,mg,670,g,10,g,2,g,2,g,0,g,2,g,2,g
494,east side marios,side lemon garlic aioli,41,g,20,mg,410,g,1,g,1,g,6,g,0.5,g,0,g,1,g
495,east side marios,side plum sauce,0,g,0,mg,230,g,35,g,0,g,0,g,0,g,0,g,27,g
496,east side marios,side spicy cherry pepper aioli,39,g,20,mg,370,g,1,g,1,g,6,g,0.5,g,0,g,1,g
497,east side marios,side veg primavera,8,g,0,mg,400,g,18,g,8,g,1.5,g,0,g,5,g,4,g
498,east side marios,sideof garlic parm fries,40,g,0,mg,1640,g,53,g,5,g,4.5,g,0,g,5,g,0,g
499,east side marios,spaghettini and meatballs,38,g,50,mg,1390,g,92,g,33,g,13,g,1,g,9,g,11,g
500,east side marios,spicy arrabbiata,4,g,0,mg,180,g,4,g,1,g,0.5,g,0,g,1,g,2,g
501,east side marios,spicy shrimp pasta,27,g,165,mg,1470,g,179,g,42,g,3,g,0,g,10,g,8,g
502,east side marios,spicy shrimp pasta small,14,g,85,mg,740,g,112,g,25,g,1.5,g,0,g,7,g,5,g
503,east side marios,spinach large pizza topping,0,g,0,mg,0,g,0,g,0,g,0,g,0,g,0,g,0,g
504,east side marios,spinach lunch pizza topping,0,g,0,mg,0,g,0,g,0,g,0,g,0,g,0,g,0,g
505,east side marios,spinach regular pizza topping,0,g,0,mg,0,g,0,g,0,g,0,g,0,g,0,g,0,g
506,east side marios,strawberry pop up gelato,0,g,0,mg,0,g,20,g,0,g,0,g,0,g,2,g,19,g
507,east side marios,sundried tomatoes large pizza topping,1,g,0,mg,15,g,1,g,0,g,0,g,0,g,0,g,0,g
508,east side marios,sundried tomatoes lunch pizza topping,0.5,g,0,mg,10,g,1,g,0,g,0,g,0,g,0,g,0,g
509,east side marios,sundried tomatoes regular pizza topping,0.5,g,0,mg,15,g,1,g,0,g,0,g,0,g,0,g,0,g
510,east side marios,the club wrap with crispy chicken,66,g,110,mg,2090,g,76,g,50,g,16,g,1,g,5,g,6,g
511,east side marios,the club wrap with grilled chicken,50,g,110,mg,1650,g,59,g,43,g,15,g,1,g,5,g,6,g
512,east side marios,the ultimate italian grilled cheese,44,g,30,mg,1830,g,79,g,27,g,11,g,0.5,g,4,g,5,g
513,east side marios,tomatoes large pizza topping,0,g,0,mg,0,g,1,g,0,g,0,g,0,g,0,g,0,g
514,east side marios,tomatoes lunch pizza topping,0,g,0,mg,0,g,0,g,0,g,0,g,0,g,0,g,0,g
515,east side marios,tomatoes regular pizza topping,0,g,0,mg,0,g,1,g,0,g,0,g,0,g,0,g,0,g
516,east side marios,ultimate canadian gf pizza regular,15,g,15,mg,390,g,22,g,6,g,10,g,0,g,1,g,2,g
517,east side marios,ultimate canadian pizza large,9,g,15,mg,460,g,23,g,10,g,3,g,0,g,1,g,2,g
518,east side marios,ultimate canadian pizza thin crust,8,g,15,mg,370,g,15,g,8,g,3,g,0,g,1,g,1,g
519,east side marios,ultimate canadian regular,9,g,15,mg,470,g,23,g,9,g,3,g,0,g,1,g,2,g
520,east side marios,veal parmigiana with pasta,52,g,95,mg,1330,g,111,g,62,g,10,g,0.5,g,9,g,15,g
521,east side marios,veal sammy,40,g,145,mg,2150,g,108,g,48,g,10,g,0,g,6,g,10,g
522,egg harbor cafe,1 2 california club,34,g,50,mg,990,g,55,g,26,g,6,g,0,g,8,g,16,g
523,egg harbor cafe,1 2 california tuna melt,39,g,55,mg,760,g,49,g,22,g,9,g,0,g,4,g,12,g
524,egg harbor cafe,1 2 door county melt,39,g,55,mg,700,g,57,g,22,g,10,g,0,g,8,g,19,g
525,egg harbor cafe,1 2 egg salad melt il and wi only,41,g,210,mg,870,g,48,g,19,g,11,g,0,g,4,g,11,g
526,egg harbor cafe,2 milk large,8,g,30,mg,200,g,18,g,12,g,4.5,g,0,g,0,g,18,g
527,egg harbor cafe,2 milk small,5,g,20,mg,130,g,12,g,8,g,3,g,0,g,0,g,12,g
528,egg harbor cafe,ancient grain toast,2,g,20,mg,100,g,22,g,6,g,0,g,0,g,4,g,2,g
529,egg harbor cafe,apple juice large,0,g,0,mg,55,g,42,g,0,g,0,g,0,g,0,g,42,g
530,egg harbor cafe,apple juice small,0,g,0,mg,35,g,28,g,0,g,0,g,0,g,0,g,28,g
531,egg harbor cafe,avocado toast,28,g,480,mg,370,g,62,g,23,g,5,g,0,g,11,g,23,g
532,egg harbor cafe,aztec omelette,68,g,830,mg,2250,g,83,g,48,g,26,g,0,g,8,g,12,g
533,egg harbor cafe,bacado omelette,71,g,845,mg,2650,g,81,g,52,g,27,g,0,g,8,g,12,g
534,egg harbor cafe,bacon,16,g,45,mg,770,g,1,g,16,g,6,g,0,g,0,g,0,g
535,egg harbor cafe,bagel,4,g,0,mg,710,g,63,g,11,g,0,g,0,g,3,g,2,g
536,egg harbor cafe,bagel and cream cheese,9,g,15,mg,760,g,63,g,12,g,3,g,0,g,3,g,2,g
537,egg harbor cafe,barrington benedict,35,g,570,mg,2930,g,71,g,39,g,10,g,0,g,5,g,3,g
538,egg harbor cafe,barrington benedict half order,23,g,285,mg,2120,g,54,g,22,g,5,g,0,g,5,g,3,g
539,egg harbor cafe,berry ola oatmeal,10,g,0,mg,470,g,109,g,16,g,1,g,0,g,10,g,43,g
540,egg harbor cafe,biscuit,16,g,0,mg,1200,g,48,g,9,g,12,g,0,g,1,g,5,g
541,egg harbor cafe,black bean chicken chili,8,g,25,mg,1050,g,38,g,14,g,3,g,0,g,6,g,4,g
542,egg harbor cafe,blueberry pancakes,69,g,520,mg,2600,g,160,g,30,g,37,g,0,g,8,g,62,g
543,egg harbor cafe,blueberry pancakes combo,46,g,350,mg,1730,g,111,g,20,g,25,g,0,g,6,g,45,g
544,egg harbor cafe,blueberry pancakes single portion,23,g,175,mg,870,g,61,g,10,g,12,g,0,g,3,g,28,g
545,egg harbor cafe,boost muffin,1.5,g,0,mg,310,g,42,g,5,g,0,g,0,g,4,g,16,g
546,egg harbor cafe,california club,62,g,100,mg,3080,g,117,g,51,g,12,g,0,g,17,g,22,g
547,egg harbor cafe,california tuna melt,72,g,105,mg,2610,g,106,g,43,g,17,g,0,g,10,g,14,g
548,egg harbor cafe,canadian bacon,4,g,45,mg,980,g,0,g,17,g,1.5,g,0,g,0,g,0,g
549,egg harbor cafe,cassies crepes,71,g,600,mg,2140,g,102,g,40,g,21,g,0,g,9,g,24,g
550,egg harbor cafe,cheese grits,27,g,95,mg,760,g,28,g,13,g,16,g,0,g,2,g,2,g
551,egg harbor cafe,cheesy harbor potatoes,17,g,25,mg,1350,g,32,g,10,g,5,g,0,g,4,g,0,g
552,egg harbor cafe,cherry coke,0,g,0,mg,25,g,28,g,0,g,0,g,0,g,0,g,28,g
553,egg harbor cafe,cherrywood bacon,24,g,60,mg,900,g,0,g,21,g,8,g,0,g,0,g,0,g
554,egg harbor cafe,chicken and avocado grill,70,g,155,mg,2720,g,124,g,66,g,18,g,0,g,9,g,16,g
555,egg harbor cafe,chicken sausage,15,g,105,mg,720,g,6,g,18,g,4.5,g,0,g,0,g,0,g
556,egg harbor cafe,chicken tortilla soup il and wi only,4.5,g,20,mg,770,g,21,g,10,g,0.5,g,0,g,1,g,2,g
557,egg harbor cafe,chocolate milk large,12,g,55,mg,270,g,44,g,12,g,8,g,0,g,0,g,41,g
558,egg harbor cafe,chocolate milk small,8,g,35,mg,180,g,29,g,8,g,5,g,0,g,0,g,27,g
559,egg harbor cafe,chorizo chilaquiles,59,g,555,mg,1290,g,81,g,42,g,19,g,0,g,9,g,17,g
560,egg harbor cafe,cinnamon raisin toast,2,g,0,mg,190,g,30,g,4,g,0,g,0,g,0,g,8,g
561,egg harbor cafe,cinnamon roll french toast,56,g,520,mg,1150,g,100,g,26,g,25,g,0,g,3,g,45,g
562,egg harbor cafe,cinnamon roll french toast combo,38,g,345,mg,770,g,67,g,17,g,17,g,0,g,2,g,30,g
563,egg harbor cafe,cinnamon roll french toast single portion,19,g,175,mg,380,g,33,g,9,g,8,g,0,g,1,g,15,g
564,egg harbor cafe,classic cheeseburger,70,g,200,mg,2630,g,118,g,74,g,21,g,1.5,g,8,g,25,g
565,egg harbor cafe,coffee,0,g,0,mg,5,g,0,g,0,g,0,g,0,g,0,g,0,g
566,egg harbor cafe,coke,0,g,0,mg,30,g,26,g,0,g,0,g,0,g,0,g,26,g
567,egg harbor cafe,coke zero,0,g,0,mg,25,g,0,g,0,g,0,g,0,g,0,g,0,g
568,egg harbor cafe,corned beef hash,44,g,135,mg,1700,g,20,g,27,g,10,g,0,g,3,g,3,g
569,egg harbor cafe,cream of chicken with wild rice il and wi only,7,g,35,mg,1070,g,31,g,15,g,3.5,g,0,g,1,g,4,g
570,egg harbor cafe,diet coke,0,g,0,mg,25,g,0,g,0,g,0,g,0,g,0,g,0,g
571,egg harbor cafe,door county chicken salad,66,g,85,mg,960,g,94,g,29,g,11,g,0,g,8,g,54,g
572,egg harbor cafe,door county chicken salad smaller,37,g,50,mg,600,g,66,g,17,g,7,g,0,g,5,g,32,g
573,egg harbor cafe,door county melt,71,g,110,mg,2500,g,123,g,44,g,18,g,0,g,17,g,28,g
574,egg harbor cafe,down home biscuits and gravy,50,g,505,mg,3690,g,103,g,32,g,23,g,0,g,5,g,5,g
575,egg harbor cafe,dynamite veggie white omelette,11,g,30,mg,1090,g,56,g,26,g,5,g,0,g,7,g,22,g
576,egg harbor cafe,east cobb salad,83,g,395,mg,1790,g,55,g,50,g,24,g,0,g,9,g,15,g
577,egg harbor cafe,east cobb salad smaller,45,g,205,mg,1010,g,46,g,28,g,14,g,0,g,5,g,12,g
578,egg harbor cafe,egg salad melt il and wi only,75,g,420,mg,2830,g,105,g,37,g,20,g,0,g,9,g,12,g
579,egg harbor cafe,eggceptional skillet combo,20,g,500,mg,1050,g,63,g,22,g,6,g,0,g,4,g,15,g
580,egg harbor cafe,english muffin,1,g,0,mg,240,g,27,g,5,g,0,g,0,g,1,g,1,g
581,egg harbor cafe,everyday im brusselin il and wi only,44,g,565,mg,1530,g,59,g,52,g,18,g,0,g,10,g,17,g
582,egg harbor cafe,fanta orange,0,g,0,mg,40,g,29,g,0,g,0,g,0,g,0,g,29,g
583,egg harbor cafe,farmers market benedict,37,g,545,mg,2080,g,74,g,27,g,13,g,0,g,7,g,6,g
584,egg harbor cafe,flavored coffee,0,g,0,mg,5,g,0,g,0,g,0,g,0,g,0,g,0,g
585,egg harbor cafe,fresh squeezed orange juice large,0,g,0,mg,10,g,41,g,3,g,0,g,0,g,2,g,30,g
586,egg harbor cafe,fresh squeezed orange juice small,0,g,0,mg,10,g,27,g,2,g,0,g,0,g,1,g,20,g
587,egg harbor cafe,fried chicken and waffle georgia only,37,g,265,mg,1380,g,93,g,42,g,12,g,0,g,2,g,28,g
588,egg harbor cafe,fried chicken biscuit georgia only,95,g,510,mg,3470,g,102,g,79,g,45,g,0,g,4,g,15,g
589,egg harbor cafe,fried green tomato benedict georgia only,67,g,645,mg,1980,g,73,g,44,g,29,g,0,g,4,g,8,g
590,egg harbor cafe,fried green tomato grits georgia only,69,g,145,mg,2700,g,100,g,29,g,39,g,0,g,6,g,16,g
591,egg harbor cafe,fried green tomatoes georgia only,34,g,20,mg,410,g,13,g,4,g,6,g,0,g,1,g,6,g
592,egg harbor cafe,fruit cup,0,g,0,mg,10,g,13,g,1,g,0,g,0,g,2,g,11,g
593,egg harbor cafe,garden scrambler,55,g,815,mg,2070,g,80,g,43,g,23,g,0,g,7,g,12,g
594,egg harbor cafe,gluten free cinnamon roll,37,g,90,mg,2460,g,120,g,11,g,15,g,0,g,7,g,45,g
595,egg harbor cafe,gluten free pancakes,23,g,300,mg,1780,g,163,g,23,g,11,g,0,g,4,g,45,g
596,egg harbor cafe,gluten free pancakes combo,15,g,200,mg,1190,g,109,g,15,g,8,g,0,g,2,g,30,g
597,egg harbor cafe,gluten free pancakes single portion,8,g,100,mg,590,g,54,g,8,g,4,g,0,g,1,g,15,g
598,egg harbor cafe,gluten free toast,6,g,0,mg,440,g,37,g,5,g,0,g,0,g,0,g,4,g
599,egg harbor cafe,gourmet cinnamon roll,43,g,65,mg,1000,g,90,g,13,g,20,g,0,g,3,g,37,g
600,egg harbor cafe,greggs chili and eggs,22,g,35,mg,2550,g,87,g,41,g,7,g,0,g,11,g,13,g
601,egg harbor cafe,grits,13,g,50,mg,500,g,27,g,2,g,8,g,0,g,2,g,2,g
602,egg harbor cafe,habanero hash,27,g,65,mg,450,g,47,g,14,g,13,g,0,g,6,g,9,g
603,egg harbor cafe,habanero hash and eggs,61,g,615,mg,1080,g,89,g,45,g,31,g,0,g,8,g,20,g
604,egg harbor cafe,harbor potatoes,9,g,0,mg,1200,g,31,g,3,g,0,g,0,g,4,g,0,g
605,egg harbor cafe,harbor signature pancakes,69,g,520,mg,2600,g,142,g,30,g,37,g,0,g,6,g,46,g
606,egg harbor cafe,harbor signature pancakes combo,46,g,350,mg,1730,g,95,g,20,g,25,g,0,g,4,g,31,g
607,egg harbor cafe,harbor signature pancakes single portion,23,g,175,mg,870,g,47,g,10,g,12,g,0,g,2,g,15,g
608,egg harbor cafe,hot chocolate,5,g,5,mg,330,g,46,g,5,g,4,g,0,g,1,g,40,g
609,egg harbor cafe,joes healthy scrambler,19,g,65,mg,1070,g,56,g,32,g,7,g,0,g,6,g,20,g
610,egg harbor cafe,kids bacon,8,g,25,mg,390,g,0,g,8,g,3,g,0,g,0,g,0,g
611,egg harbor cafe,kids breakfast of champions,57,g,285,mg,1840,g,80,g,29,g,27,g,0,g,3,g,34,g
612,egg harbor cafe,kids captain mac,9,g,15,mg,560,g,57,g,11,g,2.5,g,0,g,4,g,17,g
613,egg harbor cafe,kids cheesy potatoes,15,g,25,mg,1030,g,23,g,9,g,5,g,0,g,3,g,0,g
614,egg harbor cafe,kids classic kids breakfast,9,g,10,mg,840,g,32,g,5,g,2,g,0,g,3,g,1,g
615,egg harbor cafe,kids french toast fingers,10,g,260,mg,560,g,53,g,15,g,4,g,0,g,0,g,9,g
616,egg harbor cafe,kids gluten free itsy bitsy pancakes,10,g,135,mg,790,g,73,g,10,g,5,g,0,g,2,g,20,g
617,egg harbor cafe,kids green eggs and ham,24,g,515,mg,1320,g,35,g,24,g,8,g,0,g,3,g,1,g
618,egg harbor cafe,kids itsy bitsy pancakes,30,g,230,mg,1160,g,63,g,14,g,16,g,0,g,3,g,21,g
619,egg harbor cafe,kids kiddy waffle sampler,9,g,90,mg,360,g,29,g,4,g,5,g,0,g,1,g,3,g
620,egg harbor cafe,kids little chicks,17,g,55,mg,1320,g,49,g,23,g,2.5,g,0,g,3,g,4,g
621,egg harbor cafe,kids potatoes,7,g,0,mg,880,g,22,g,2,g,0,g,0,g,3,g,0,g
622,egg harbor cafe,kids rainbow pancake,27,g,175,mg,880,g,62,g,11,g,15,g,0,g,2,g,29,g
623,egg harbor cafe,kids sausage,14,g,30,mg,280,g,1,g,7,g,5,g,0,g,0,g,0,g
624,egg harbor cafe,kids say cheese,31,g,50,mg,1170,g,69,g,19,g,14,g,0,g,2,g,8,g
625,egg harbor cafe,lemon poppyseed pancakes,74,g,530,mg,2600,g,161,g,30,g,41,g,0,g,6,g,66,g
626,egg harbor cafe,lemon poppyseed pancakes combo,51,g,360,mg,1750,g,115,g,20,g,29,g,0,g,5,g,51,g
627,egg harbor cafe,lemon poppyseed pancakes single portion,29,g,190,mg,900,g,69,g,10,g,17,g,0,g,3,g,36,g
628,egg harbor cafe,lobster scrambler,61,g,855,mg,2530,g,86,g,38,g,27,g,0,g,6,g,12,g
629,egg harbor cafe,loose leaf hot tea,0,g,0,mg,0,g,1,g,0,g,0,g,0,g,0,g,0,g
630,egg harbor cafe,matts meaty skillet,89,g,685,mg,4260,g,79,g,78,g,32,g,0,g,5,g,10,g
631,egg harbor cafe,mello yellow,0,g,0,mg,30,g,31,g,0,g,0,g,0,g,0,g,31,g
632,egg harbor cafe,mixed berry cup,0,g,0,mg,0,g,7,g,1,g,0,g,0,g,2,g,4,g
633,egg harbor cafe,mocha java,2,g,5,mg,170,g,23,g,3,g,1.5,g,0,g,1,g,20,g
634,egg harbor cafe,mr pibb,0,g,0,mg,25,g,26,g,0,g,0,g,0,g,0,g,26,g
635,egg harbor cafe,original belgian waffle,19,g,180,mg,730,g,55,g,9,g,10,g,0,g,1,g,4,g
636,egg harbor cafe,original belgian waffle combo,19,g,180,mg,730,g,55,g,9,g,10,g,0,g,1,g,4,g
637,egg harbor cafe,original belgian waffle single portion,9,g,90,mg,360,g,29,g,4,g,5,g,0,g,1,g,3,g
638,egg harbor cafe,pimento omelette georgia only,68,g,815,mg,2330,g,77,g,44,g,25,g,0,g,6,g,10,g
639,egg harbor cafe,protein wrap il and wi only,33,g,30,mg,2230,g,105,g,37,g,10,g,0,g,14,g,19,g
640,egg harbor cafe,quinoa superbowl,20,g,10,mg,260,g,106,g,21,g,3,g,0,g,11,g,62,g
641,egg harbor cafe,roasted tomato bisque,20,g,35,mg,900,g,28,g,7,g,9,g,0.5,g,2,g,6,g
642,egg harbor cafe,root beer,0,g,0,mg,45,g,30,g,0,g,0,g,0,g,0,g,30,g
643,egg harbor cafe,rye toast,2,g,0,mg,540,g,44,g,8,g,0,g,0,g,4,g,2,g
644,egg harbor cafe,salsa,0,g,0,mg,130,g,1,g,0,g,0,g,0,g,0,g,1,g
645,egg harbor cafe,sams swedish pancakes,32,g,425,mg,750,g,62,g,17,g,19,g,0,g,3,g,39,g
646,egg harbor cafe,sams swedish pancakes combo,25,g,295,mg,530,g,50,g,11,g,15,g,0,g,2,g,34,g
647,egg harbor cafe,sams swedish pancakes single portion,18,g,165,mg,310,g,38,g,6,g,12,g,0,g,2,g,29,g
648,egg harbor cafe,san antonio skillet,60,g,590,mg,2750,g,83,g,52,g,22,g,0,g,7,g,14,g
649,egg harbor cafe,sausage links,28,g,60,mg,560,g,2,g,14,g,10,g,0,g,0,g,0,g
650,egg harbor cafe,shakshuka,30,g,755,mg,1220,g,53,g,33,g,12,g,0,g,4,g,16,g
651,egg harbor cafe,shredded potatoes,7,g,0,mg,25,g,20,g,1,g,0,g,0,g,3,g,1,g
652,egg harbor cafe,side salad,16,g,0,mg,220,g,26,g,5,g,1.5,g,0,g,2,g,11,g
653,egg harbor cafe,skim milk large,0,g,10,mg,200,g,20,g,12,g,0,g,0,g,0,g,18,g
654,egg harbor cafe,skim milk small,0,g,5,mg,130,g,13,g,8,g,0,g,0,g,0,g,12,g
655,egg harbor cafe,smoked salmon benedict,39,g,560,mg,2770,g,75,g,44,g,12,g,0,g,6,g,5,g
656,egg harbor cafe,sour cream,5,g,20,mg,15,g,1,g,1,g,3.5,g,0,g,0,g,1,g
657,egg harbor cafe,sourdough toast,0,g,0,mg,420,g,38,g,8,g,0,g,0,g,0,g,0,g
658,egg harbor cafe,southern grill georgia only,79,g,90,mg,2980,g,128,g,42,g,21,g,0,g,7,g,19,g
659,egg harbor cafe,southern shrimp and grits,64,g,285,mg,3350,g,82,g,47,g,39,g,0,g,4,g,11,g
660,egg harbor cafe,sprite,0,g,0,mg,45,g,25,g,0,g,0,g,0,g,0,g,25,g
661,egg harbor cafe,strawberry orange juice large,0,g,0,mg,10,g,46,g,3,g,0,g,0,g,2,g,36,g
662,egg harbor cafe,strawberry orange juice small,0,g,0,mg,5,g,31,g,2,g,0,g,0,g,2,g,24,g
663,egg harbor cafe,sweet potato skillet,50,g,555,mg,1920,g,95,g,42,g,16,g,0,g,8,g,24,g
664,egg harbor cafe,sweetened iced tea,0,g,0,mg,0,g,24,g,0,g,0,g,0,g,0,g,24,g
665,egg harbor cafe,texas french toast,31,g,780,mg,940,g,102,g,37,g,12,g,0,g,0,g,18,g
666,egg harbor cafe,texas french toast combo,21,g,520,mg,630,g,68,g,24,g,8,g,0,g,0,g,12,g
667,egg harbor cafe,texas french toast single portion,10,g,260,mg,310,g,34,g,12,g,4,g,0,g,0,g,6,g
668,egg harbor cafe,texas toast,6,g,0,mg,460,g,58,g,10,g,2,g,0,g,0,g,4,g
669,egg harbor cafe,tomato juice large,0,g,0,mg,950,g,15,g,2,g,0,g,0,g,3,g,11,g
670,egg harbor cafe,tomato juice small,0,g,0,mg,630,g,10,g,1,g,0,g,0,g,2,g,7,g
671,egg harbor cafe,traditional breakfast,16,g,15,mg,1560,g,71,g,9,g,4,g,0,g,5,g,10,g
672,egg harbor cafe,turkey bacon,18,g,65,mg,1460,g,2,g,19,g,5,g,0,g,0,g,0,g
673,egg harbor cafe,ultimate skillet,41,g,550,mg,2360,g,82,g,42,g,15,g,0,g,7,g,13,g
674,egg harbor cafe,unsweetened iced tea,0,g,0,mg,0,g,1,g,0,g,0,g,0,g,0,g,0,g
675,egg harbor cafe,vanilla yogurt,1.5,g,10,mg,70,g,17,g,5,g,1,g,0,g,0,g,17,g
676,egg harbor cafe,wheat toast,6,g,0,mg,360,g,50,g,12,g,1,g,0,g,8,g,8,g
677,egg harbor cafe,white toast,3,g,0,mg,480,g,46,g,8,g,1,g,0,g,0,g,4,g
678,eggsmart,3 eggs classic breakfast,19,g,510,mg,170,g,1,g,16,g,4.5,g,0,g,0,g,1,g
679,eggsmart,3 eggs classic breakfast with bacon,53,g,580,mg,1160,g,1,g,29,g,17,g,0,g,0,g,1,g
680,eggsmart,3 eggs classic breakfast with ham,21,g,540,mg,930,g,3,g,29,g,5,g,0,g,0,g,1,g
681,eggsmart,3 eggs classic breakfast with peameal bacon,24,g,525,mg,1530,g,11,g,44,g,4.5,g,0,g,0,g,1,g
682,eggsmart,3 eggs classic breakfast with sausage,59,g,600,mg,1150,g,5,g,36,g,21,g,0,g,0,g,5,g
683,eggsmart,3 eggs classic breakfast with turkey bacon,42,g,605,mg,740,g,5,g,32,g,12,g,0,g,0,g,1,g
684,eggsmart,apple juice,0,g,0,mg,20,g,29,g,0,g,0,g,0,g,0,g,27,g
685,eggsmart,avocado toast,21,g,340,mg,450,g,72,g,20,g,5,g,0,g,8,g,17,g
686,eggsmart,b l t chicken avocado,24,g,50,mg,1590,g,56,g,31,g,5,g,0,g,7,g,3,g
687,eggsmart,bacon,32,g,60,mg,1050,g,5,g,17,g,11,g,0,g,0,g,0,g
688,eggsmart,bagel and nutella,22,g,0,mg,720,g,92,g,15,g,6,g,0,g,6,g,34,g
689,eggsmart,baja bennie,38,g,430,mg,640,g,42,g,23,g,9,g,0,g,5,g,8,g
690,eggsmart,bananaberry pancake,5,g,0,mg,1040,g,85,g,7,g,1,g,1,g,6,g,26,g
691,eggsmart,broccoli with cheese soup,11,g,15,mg,1220,g,37,g,9,g,3.5,g,0,g,3,g,5,g
692,eggsmart,chicken breast strips,18,g,35,mg,1310,g,55,g,18,g,2,g,0,g,4,g,8,g
693,eggsmart,chocolate chip pancake,15,g,0,mg,1060,g,89,g,7,g,10,g,1,g,3,g,39,g
694,eggsmart,chocolate chip waffle,58,g,60,mg,400,g,140,g,8,g,34,g,1,g,5,g,99,g
695,eggsmart,chunky monkey pancake,45,g,25,mg,1110,g,176,g,13,g,19,g,1,g,8,g,110,g
696,eggsmart,citrus balsamic chicken salad,9,g,20,mg,560,g,16,g,15,g,1,g,0,g,5,g,8,g
697,eggsmart,classic western omelette,24,g,645,mg,760,g,11,g,29,g,6,g,0,g,2,g,5,g
698,eggsmart,club house sandwich,21,g,55,mg,1780,g,74,g,31,g,6,g,0,g,4,g,6,g
699,eggsmart,cream of potato with bacon soup,9,g,20,mg,1140,g,46,g,9,g,3.5,g,0,g,2,g,6,g
700,eggsmart,eggs benedict with ham,29,g,460,mg,1370,g,35,g,33,g,8,g,0,g,1,g,6,g
701,eggsmart,eggs benedict with peameal bacon,30,g,440,mg,1520,g,40,g,39,g,7,g,0,g,1,g,6,g
702,eggsmart,eggs benedict with smoked salmon,35,g,455,mg,1060,g,34,g,33,g,9,g,0,g,1,g,7,g
703,eggsmart,eggsmart big breakfast,61,g,755,mg,3040,g,67,g,57,g,20,g,1,g,2,g,15,g
704,eggsmart,eggsmart signature coffee,0,g,0,mg,0,g,0,g,0,g,0,g,0,g,0,g,0,g
705,eggsmart,eggsmart western sandwich,29,g,355,mg,910,g,51,g,23,g,6,g,0,g,3,g,7,g
706,eggsmart,fish and chips add 1 pc of fish,17,g,30,mg,310,g,15,g,10,g,1,g,0,g,0,g,0,g
707,eggsmart,french toast with fresh fruit,13,g,200,mg,570,g,82,g,18,g,5,g,0,g,6,g,17,g
708,eggsmart,fresh fruit waffle,31,g,60,mg,350,g,72,g,6,g,10,g,0,g,4,g,35,g
709,eggsmart,fresh squeezed orange juice,0,g,0,mg,5,g,43,g,3,g,0,g,0,g,1,g,31,g
710,eggsmart,fried egg and bacon sandwich,27,g,305,mg,1410,g,45,g,29,g,8,g,0,g,2,g,3,g
711,eggsmart,fruit bowl,0.5,g,0,mg,0,g,21,g,1,g,0,g,0,g,3,g,13,g
712,eggsmart,garden fresh vegetarian omelette,22,g,620,mg,260,g,11,g,23,g,6,g,0,g,2,g,6,g
713,eggsmart,greek yogurt parfait,6,g,0,mg,80,g,65,g,12,g,1,g,0,g,8,g,23,g
714,eggsmart,hail caesar chicken salad,35,g,60,mg,1560,g,36,g,24,g,7,g,0,g,5,g,4,g
715,eggsmart,half club sandwich with soup,13,g,45,mg,1660,g,49,g,21,g,3.5,g,0,g,3,g,5,g
716,eggsmart,ham,2.5,g,30,mg,760,g,2,g,12,g,1,g,0,g,0,g,0,g
717,eggsmart,herbal tea,0,g,0,mg,0,g,0,g,0,g,0,g,0,g,0,g,0,g
718,eggsmart,hey smokey burger,45,g,110,mg,1260,g,50,g,50,g,18,g,1.5,g,2,g,9,g
719,eggsmart,home fries,0,g,0,mg,1690,g,34,g,3,g,0,g,0,g,3,g,1,g
720,eggsmart,homestyle chicken noodle soup,7,g,15,mg,1120,g,37,g,9,g,1.5,g,0,g,2,g,3,g
721,eggsmart,hot chocolate,4,g,0,mg,180,g,30,g,2,g,4,g,0,g,0,g,25,g
722,eggsmart,hot tea,0,g,0,mg,0,g,0,g,0,g,0,g,0,g,0,g,0,g
723,eggsmart,huevos rancheros,27,g,490,mg,950,g,58,g,27,g,8,g,0,g,7,g,6,g
724,eggsmart,jersey shore fries,8,g,0,mg,580,g,40,g,4,g,1,g,0,g,4,g,0,g
725,eggsmart,jr classic breakfast with ham,23,g,370,mg,1930,g,55,g,29,g,5,g,0,g,4,g,11,g
726,eggsmart,kids french toast with ham,11,g,165,mg,1150,g,56,g,25,g,3.5,g,0,g,3,g,12,g
727,eggsmart,kids traditional pancakes,21,g,340,mg,470,g,28,g,14,g,3.5,g,0,g,2,g,12,g
728,eggsmart,loaded grilled triple cheese,28,g,50,mg,900,g,46,g,20,g,13,g,0.5,g,2,g,5,g
729,eggsmart,meat lovers scrambler,57,g,580,mg,1360,g,12,g,49,g,18,g,0,g,2,g,4,g
730,eggsmart,meat lovers omelette,32,g,720,mg,770,g,11,g,61,g,12,g,0,g,3,g,6,g
731,eggsmart,mediterranean scrambler,32,g,665,mg,910,g,15,g,37,g,11,g,0,g,3,g,8,g
732,eggsmart,milk 2,5,g,20,mg,120,g,12,g,9,g,3,g,0,g,0,g,12,g
733,eggsmart,mini cheese omelette,28,g,370,mg,550,g,23,g,21,g,11,g,0.5,g,1,g,3,g
734,eggsmart,montreal smoked meat,36,g,115,mg,2080,g,39,g,40,g,14,g,1,g,2,g,2,g
735,eggsmart,montreal smoked meat hash,39,g,450,mg,1170,g,28,g,33,g,12,g,0.5,g,2,g,4,g
736,eggsmart,montreal smoked meat omelette,39,g,620,mg,1340,g,11,g,38,g,14,g,1,g,2,g,5,g
737,eggsmart,montreal smoked meat scrambler,43,g,560,mg,1320,g,12,g,36,g,15,g,1,g,2,g,6,g
738,eggsmart,mushroom and swiss cheese omelette,29,g,645,mg,640,g,6,g,28,g,10,g,0,g,1,g,5,g
739,eggsmart,mushroom melter burger,41,g,120,mg,760,g,47,g,47,g,17,g,1,g,3,g,8,g
740,eggsmart,new york striploin and eggs,40,g,575,mg,250,g,1,g,50,g,15,g,0,g,0,g,1,g
741,eggsmart,orange juice,0,g,0,mg,15,g,28,g,2,g,0,g,0,g,0,g,25,g
742,eggsmart,peameal bacon,3,g,10,mg,900,g,6,g,18,g,0,g,0,g,0,g,0,g
743,eggsmart,peameal bacon with swiss cheese,18,g,35,mg,2210,g,59,g,44,g,6,g,0,g,2,g,4,g
744,eggsmart,poached eggs and turkey,19,g,370,mg,440,g,51,g,22,g,6,g,0,g,4,g,15,g
745,eggsmart,rye toast,3,g,0,mg,190,g,17,g,3,g,0.5,g,0,g,1,g,1,g
746,eggsmart,sausage links,40,g,90,mg,980,g,4,g,20,g,16,g,0,g,0,g,4,g
747,eggsmart,sausage scrambler,52,g,695,mg,910,g,12,g,38,g,20,g,0.5,g,2,g,7,g
748,eggsmart,side garden salad,0,g,0,mg,10,g,9,g,2,g,0,g,0,g,2,g,5,g
749,eggsmart,simpleton burger,29,g,95,mg,460,g,42,g,38,g,12,g,1,g,2,g,7,g
750,eggsmart,simpleton burger w ith canadian cheddar cheese,49,g,150,mg,860,g,42,g,51,g,24,g,1.5,g,2,g,7,g
751,eggsmart,simpleton burger with canadian cheddar cheese and bacon,74,g,205,mg,1590,g,42,g,60,g,33,g,1.5,g,2,g,7,g
752,eggsmart,simply 2 eggs with ham,18,g,370,mg,1080,g,46,g,28,g,4.5,g,0,g,4,g,15,g
753,eggsmart,smoked salmon provolone omelette,42,g,625,mg,990,g,6,g,46,g,16,g,0.5,g,1,g,4,g
754,eggsmart,smoked salmon salad,23,g,75,mg,910,g,13,g,30,g,11,g,0,g,5,g,7,g
755,eggsmart,southwest breakfast burrito,66,g,410,mg,2000,g,76,g,39,g,22,g,0,g,12,g,7,g
756,eggsmart,southwest omelette,59,g,675,mg,940,g,9,g,34,g,20,g,0.5,g,3,g,2,g
757,eggsmart,southwest salad,24,g,60,mg,980,g,29,g,25,g,9,g,0,g,8,g,8,g
758,eggsmart,southwest scrambler,25,g,465,mg,610,g,27,g,20,g,6,g,0,g,6,g,8,g
759,eggsmart,spinach and feta cheese omelette,29,g,645,mg,590,g,7,g,27,g,10,g,0,g,3,g,2,g
760,eggsmart,steel cut oatmeal,15,g,0,mg,135,g,95,g,14,g,2,g,0,g,11,g,21,g
761,eggsmart,sweet potato fries,8,g,0,mg,480,g,42,g,4,g,0,g,0,g,6,g,14,g
762,eggsmart,the french benedict,50,g,415,mg,1270,g,4,g,24,g,16,g,0,g,0,g,2,g
763,eggsmart,the mediterranean omelette,32,g,665,mg,940,g,10,g,36,g,11,g,0,g,2,g,5,g
764,eggsmart,the skyscraper pancake,38,g,20,mg,1090,g,155,g,13,g,14,g,1,g,8,g,92,g
765,eggsmart,traditional buttermilk pancake,5,g,0,mg,1040,g,59,g,6,g,1,g,1,g,2,g,12,g
766,eggsmart,traditional fish and chips 2 pc,37,g,60,mg,760,g,33,g,21,g,2.5,g,0,g,0,g,2,g
767,eggsmart,traditional french toast,12,g,200,mg,570,g,70,g,17,g,4.5,g,0,g,3,g,8,g
768,eggsmart,traditional grilled cheese,29,g,60,mg,1640,g,75,g,23,g,14,g,1,g,5,g,12,g
769,eggsmart,traditional waffle,30,g,60,mg,350,g,60,g,5,g,9,g,0,g,1,g,26,g
770,eggsmart,very blueberry pancake,5,g,0,mg,1040,g,83,g,7,g,1,g,1,g,6,g,29,g
771,eggsmart,white toast,3.5,g,0,mg,190,g,23,g,4,g,0.5,g,0,g,1,g,2,g
772,eggsmart,whole wheat toast,3.5,g,0,mg,180,g,19,g,4,g,0.5,g,0,g,2,g,1,g
773,eggspectation,1 egg no meat classic,28,g,215,mg,310,g,58,g,13,g,0,g,0,g,6,g,0,g
774,eggspectation,1 egg bacon classic,37,g,240,mg,880,g,55,g,21,g,0,g,0,g,5,g,0,g
775,eggspectation,1 egg canadian bacon classic,32,g,240,mg,1010,g,56,g,23,g,0,g,0,g,5,g,0,g
776,eggspectation,1 egg ham classic,34,g,255,mg,1320,g,55,g,28,g,0,g,0,g,5,g,0,g
777,eggspectation,1 egg sausage classic,52,g,285,mg,940,g,55,g,29,g,0,g,0,g,5,g,0,g
778,eggspectation,1 egg turkey bacon classic,35,g,240,mg,850,g,56,g,19,g,0,g,0,g,5,g,0,g
779,eggspectation,2 eggs no meat classic,33,g,425,mg,380,g,59,g,19,g,0,g,0,g,6,g,0,g
780,eggspectation,2 eggs bacon classic,43,g,450,mg,1240,g,70,g,30,g,0,g,0,g,7,g,0,g
781,eggspectation,2 eggs canadian bacon classic,37,g,450,mg,1400,g,70,g,32,g,0,g,0,g,7,g,0,g
782,eggspectation,2 eggs ham classic,39,g,465,mg,1710,g,70,g,37,g,0,g,0,g,7,g,0,g
783,eggspectation,2 eggs sausage classic,57,g,495,mg,1330,g,69,g,37,g,0,g,0,g,7,g,0,g
784,eggspectation,2 eggs turkey bacon classic,40,g,450,mg,1240,g,70,g,28,g,0,g,0,g,7,g,0,g
785,eggspectation,apple and spice crepe,38,g,180,mg,680,g,53,g,33,g,0,g,0,g,6,g,0,g
786,eggspectation,asparagus and swiss omelet,54,g,675,mg,520,g,62,g,37,g,0,g,0,g,7,g,0,g
787,eggspectation,avocado and grilled chicken salad,42,g,120,mg,1530,g,28,g,61,g,0,g,0,g,13,g,0,g
788,eggspectation,bacon and cheddar omelet,70,g,715,mg,1420,g,57,g,46,g,0,g,0,g,5,g,0,g
789,eggspectation,bacon and swiss omelet,68,g,710,mg,1260,g,59,g,47,g,0,g,0,g,5,g,0,g
790,eggspectation,bacon omelet,57,g,680,mg,1190,g,57,g,37,g,0,g,0,g,5,g,0,g
791,eggspectation,bagel benedict,73,g,785,mg,1500,g,103,g,43,g,0,g,0,g,7,g,0,g
792,eggspectation,bagel dore,12,g,325,mg,560,g,100,g,24,g,0,g,0,g,8,g,0,g
793,eggspectation,bagel eggspectation with bacon,25,g,40,mg,1020,g,67,g,24,g,0,g,0,g,5,g,0,g
794,eggspectation,bagel eggspectation with ham,36,g,60,mg,1690,g,107,g,36,g,0,g,0,g,8,g,0,g
795,eggspectation,bagel lox tropicale,28,g,75,mg,1900,g,50,g,25,g,0,g,0,g,3,g,0,g
796,eggspectation,bagel potpourri tropicale,3,g,5,mg,470,g,98,g,15,g,0,g,0,g,7,g,0,g
797,eggspectation,baked potato plain,0,g,0,mg,10,g,34,g,3,g,0,g,0,g,2,g,0,g
798,eggspectation,banango juice bar,1,g,0,mg,5,g,82,g,4,g,0,g,0,g,8,g,0,g
799,eggspectation,berry berry juice bar,1,g,0,mg,5,g,40,g,7,g,0,g,0,g,5,g,0,g
800,eggspectation,black beauty juice bar,6,g,20,mg,70,g,49,g,7,g,0,g,0,g,8,g,0,g
801,eggspectation,black forest ham and mushrooms omelet,54,g,705,mg,1900,g,60,g,47,g,0,g,0,g,5,g,0,g
802,eggspectation,black forest ham and swiss omelet,54,g,735,mg,1970,g,61,g,56,g,0,g,0,g,5,g,0,g
803,eggspectation,blt sandwich,55,g,115,mg,2270,g,125,g,54,g,0,g,0,g,13,g,0,g
804,eggspectation,boca raton benedict,77,g,785,mg,1290,g,88,g,35,g,0,g,0,g,9,g,0,g
805,eggspectation,breakfast blaster juice bar,28,g,0,mg,15,g,138,g,15,g,0,g,0,g,16,g,0,g
806,eggspectation,breton benedict,81,g,880,mg,1330,g,88,g,45,g,0,g,0,g,7,g,0,g
807,eggspectation,brioche beauty,38,g,105,mg,440,g,76,g,18,g,0,g,0,g,7,g,0,g
808,eggspectation,bruschetta,24,g,15,mg,1080,g,88,g,22,g,0,g,0,g,7,g,0,g
809,eggspectation,caesar salad,50,g,245,mg,4230,g,83,g,49,g,0,g,0,g,10,g,0,g
810,eggspectation,calamari,40,g,1145,mg,2170,g,66,g,83,g,0,g,0,g,6,g,0,g
811,eggspectation,california benedict,73,g,780,mg,1230,g,86,g,37,g,0,g,0,g,7,g,0,g
812,eggspectation,california scramble,57,g,610,mg,850,g,90,g,32,g,0,g,0,g,6,g,0,g
813,eggspectation,center cut pork chops,35,g,315,mg,560,g,43,g,107,g,0,g,0,g,7,g,0,g
814,eggspectation,cheese cheddar omelet,56,g,680,mg,680,g,57,g,34,g,0,g,0,g,5,g,0,g
815,eggspectation,cheese swiss omelet,54,g,675,mg,520,g,59,g,35,g,0,g,0,g,5,g,0,g
816,eggspectation,chesapeake benedict,67,g,865,mg,1790,g,99,g,52,g,0,g,0,g,7,g,0,g
817,eggspectation,chesapeake crab omelet,46,g,745,mg,1330,g,75,g,51,g,0,g,0,g,8,g,0,g
818,eggspectation,chesapeake crepe,38,g,325,mg,1710,g,51,g,69,g,0,g,0,g,7,g,0,g
819,eggspectation,chicken benedict,76,g,865,mg,1600,g,99,g,68,g,0,g,0,g,7,g,0,g
820,eggspectation,chicken chesapeake,67,g,685,mg,1500,g,73,g,114,g,0,g,0,g,4,g,0,g
821,eggspectation,chicken l orange,24,g,150,mg,1290,g,37,g,48,g,0,g,0,g,6,g,0,g
822,eggspectation,chicken piccata,83,g,190,mg,750,g,22,g,56,g,0,g,0,g,3,g,0,g
823,eggspectation,classic benedict,73,g,785,mg,1200,g,84,g,35,g,0,g,0,g,6,g,0,g
824,eggspectation,cobb club sandwich,64,g,100,mg,2340,g,130,g,50,g,0,g,0,g,16,g,0,g
825,eggspectation,construction pancakes,52,g,115,mg,2470,g,123,g,39,g,0,g,0,g,7,g,0,g
826,eggspectation,cordon bleu,82,g,195,mg,2170,g,47,g,73,g,0,g,0,g,2,g,0,g
827,eggspectation,cottage cheese and fruit tropicale,5,g,10,mg,420,g,148,g,22,g,0,g,0,g,21,g,0,g
828,eggspectation,crab cake sandwich,61,g,125,mg,1810,g,104,g,35,g,0,g,0,g,9,g,0,g
829,eggspectation,crab dip,61,g,220,mg,1610,g,86,g,35,g,0,g,0,g,5,g,0,g
830,eggspectation,crab quesadilla,62,g,235,mg,2550,g,83,g,64,g,0,g,0,g,7,g,0,g
831,eggspectation,croque madame sandwich,68,g,135,mg,2290,g,162,g,64,g,0,g,0,g,12,g,0,g
832,eggspectation,croque monsieur sandwich,69,g,105,mg,3030,g,164,g,63,g,0,g,0,g,12,g,0,g
833,eggspectation,eggchilada,75,g,785,mg,1320,g,89,g,42,g,0,g,0,g,9,g,0,g
834,eggspectation,eggcitement,16,g,335,mg,570,g,79,g,15,g,0,g,0,g,3,g,0,g
835,eggspectation,eggsileration,38,g,545,mg,1420,g,55,g,62,g,0,g,0,g,5,g,0,g
836,eggspectation,eggspectation,67,g,720,mg,2160,g,65,g,53,g,0,g,0,g,6,g,0,g
837,eggspectation,eggspectation crepe,47,g,505,mg,1650,g,42,g,41,g,0,g,0,g,4,g,0,g
838,eggspectation,eggspectation salad,17,g,65,mg,1490,g,12,g,26,g,0,g,0,g,3,g,0,g
839,eggspectation,eggstravaganza,56,g,770,mg,1220,g,83,g,39,g,0,g,0,g,6,g,0,g
840,eggspectation,eggstreme,35,g,500,mg,1370,g,56,g,38,g,0,g,0,g,5,g,0,g
841,eggspectation,eggsuberant,95,g,560,mg,2460,g,80,g,53,g,0,g,0,g,7,g,0,g
842,eggspectation,eggwhat,44,g,460,mg,850,g,66,g,28,g,0,g,0,g,6,g,0,g
843,eggspectation,executive bacon and cheddar burger,84,g,240,mg,2370,g,99,g,82,g,0,g,0,g,8,g,0,g
844,eggspectation,executive beef bocconcini burger,86,g,260,mg,2510,g,100,g,89,g,0,g,0,g,8,g,0,g
845,eggspectation,executive beef swiss cheeseburger,77,g,225,mg,2050,g,100,g,80,g,0,g,0,g,8,g,0,g
846,eggspectation,executive cheeseburger,79,g,230,mg,2210,g,99,g,79,g,0,g,0,g,8,g,0,g
847,eggspectation,executive classic burger,67,g,190,mg,1980,g,98,g,70,g,0,g,0,g,8,g,0,g
848,eggspectation,executive grilled honey mustard chicken burger,14,g,135,mg,1500,g,45,g,57,g,0,g,0,g,3,g,0,g
849,eggspectation,executive mango burger,68,g,190,mg,2220,g,127,g,71,g,0,g,0,g,10,g,0,g
850,eggspectation,executive mexican chicken burger,40,g,130,mg,1630,g,103,g,58,g,0,g,0,g,9,g,0,g
851,eggspectation,executive parisienne burger,81,g,435,mg,2210,g,99,g,65,g,0,g,0,g,8,g,0,g
852,eggspectation,executive sauteed mushrooms and swiss burger,77,g,225,mg,2050,g,101,g,61,g,0,g,0,g,8,g,0,g
853,eggspectation,fine herbs omelet,44,g,645,mg,450,g,57,g,25,g,0,g,0,g,5,g,0,g
854,eggspectation,florentine benedict,72,g,780,mg,1070,g,85,g,34,g,0,g,0,g,7,g,0,g
855,eggspectation,french dip,53,g,120,mg,5420,g,164,g,93,g,0,g,0,g,11,g,0,g
856,eggspectation,french toast banana,41,g,400,mg,860,g,73,g,19,g,0,g,0,g,5,g,0,g
857,eggspectation,french toast blueberry,41,g,400,mg,860,g,60,g,18,g,0,g,0,g,4,g,0,g
858,eggspectation,french toast chocolate chips,66,g,400,mg,860,g,99,g,21,g,0,g,0,g,7,g,0,g
859,eggspectation,french toast cinnamon and chocolate,41,g,400,mg,910,g,94,g,19,g,0,g,0,g,4,g,0,g
860,eggspectation,french toast kiwi,41,g,400,mg,860,g,68,g,19,g,0,g,0,g,7,g,0,g
861,eggspectation,french toast page fruit with english cream,44,g,405,mg,800,g,72,g,21,g,0,g,0,g,6,g,0,g
862,eggspectation,french toast plain,40,g,400,mg,850,g,46,g,18,g,0,g,0,g,2,g,0,g
863,eggspectation,french toast strawberry,41,g,400,mg,860,g,54,g,18,g,0,g,0,g,4,g,0,g
864,eggspectation,garlic bread,28,g,60,mg,1090,g,79,g,14,g,0,g,0,g,5,g,0,g
865,eggspectation,go bananas juice bar,6,g,20,mg,70,g,80,g,8,g,0,g,0,g,8,g,0,g
866,eggspectation,grilled cheese ham and 3 cheese sandwich,25,g,70,mg,980,g,28,g,24,g,0,g,0,g,1,g,0,g
867,eggspectation,grilled cheese swiss and cheddar sandwich,14,g,30,mg,500,g,26,g,11,g,0,g,0,g,1,g,0,g
868,eggspectation,grilled cheese tomato bacon and cheddar sandwich,28,g,65,mg,1330,g,28,g,24,g,0,g,0,g,2,g,0,g
869,eggspectation,grilled chicken and roasted almonds salad,28,g,120,mg,1350,g,18,g,54,g,0,g,0,g,8,g,0,g
870,eggspectation,grilled chicken breast,24,g,150,mg,940,g,37,g,48,g,0,g,0,g,4,g,0,g
871,eggspectation,grilled chicken club sandwich,51,g,80,mg,2110,g,125,g,43,g,0,g,0,g,13,g,0,g
872,eggspectation,grilled chicken quesadilla,72,g,260,mg,2650,g,83,g,65,g,0,g,0,g,7,g,0,g
873,eggspectation,grilled chicken sandwich,77,g,130,mg,2420,g,167,g,65,g,0,g,0,g,13,g,0,g
874,eggspectation,grilled chicken spinach mushrooms w three cheeses crepe,68,g,555,mg,1060,g,37,g,59,g,0,g,0,g,5,g,0,g
875,eggspectation,grilled salmon,34,g,150,mg,490,g,37,g,45,g,0,g,0,g,4,g,0,g
876,eggspectation,ham and swiss sandwich,57,g,80,mg,2180,g,108,g,37,g,0,g,0,g,9,g,0,g
877,eggspectation,ham asparagus and mushrooms w three cheeses crepe,70,g,535,mg,520,g,37,g,52,g,0,g,0,g,4,g,0,g
878,eggspectation,honey blue juice bar,6,g,20,mg,70,g,77,g,7,g,0,g,0,g,8,g,0,g
879,eggspectation,insalata caprese salad,31,g,20,mg,1540,g,11,g,10,g,0,g,0,g,3,g,0,g
880,eggspectation,kiwi kiss juice bar,1,g,0,mg,25,g,50,g,3,g,0,g,0,g,6,g,0,g
881,eggspectation,large fruit plate tropicale,3,g,0,mg,30,g,145,g,8,g,0,g,0,g,21,g,0,g
882,eggspectation,mini crab cakes,11,g,115,mg,420,g,2,g,21,g,0,g,0,g,0,g,0,g
883,eggspectation,mixed greens and tomato salad,8,g,0,mg,920,g,13,g,3,g,0,g,0,g,5,g,0,g
884,eggspectation,muffin eggsplosion,20,g,5,mg,400,g,86,g,19,g,0,g,0,g,11,g,0,g
885,eggspectation,mushroom cheddar and shallot omelet,56,g,680,mg,680,g,61,g,36,g,0,g,0,g,6,g,0,g
886,eggspectation,nicoise salad,16,g,260,mg,1310,g,45,g,61,g,0,g,0,g,11,g,0,g
887,eggspectation,normande omelet,63,g,705,mg,620,g,107,g,25,g,0,g,0,g,6,g,0,g
888,eggspectation,oy vegg,33,g,525,mg,630,g,29,g,20,g,0,g,0,g,4,g,0,g
889,eggspectation,page special raisin juice bar,1,g,0,mg,15,g,38,g,2,g,0,g,0,g,5,g,0,g
890,eggspectation,pancakes banana,38,g,115,mg,2020,g,140,g,19,g,0,g,0,g,8,g,0,g
891,eggspectation,pancakes blueberry,38,g,115,mg,2020,g,120,g,18,g,0,g,0,g,6,g,0,g
892,eggspectation,pancakes chocolate,38,g,115,mg,2080,g,139,g,19,g,0,g,0,g,5,g,0,g
893,eggspectation,pancakes chocolate chips,64,g,115,mg,2030,g,207,g,23,g,0,g,0,g,11,g,0,g
894,eggspectation,pancakes cinnamon and chocolate,63,g,115,mg,2080,g,158,g,21,g,0,g,0,g,9,g,0,g
895,eggspectation,pancakes kiwi,39,g,2070,mg,2030,g,128,g,19,g,0,g,0,g,8,g,0,g
896,eggspectation,pancakes page fruit with english cream,41,g,120,mg,2080,g,144,g,22,g,0,g,0,g,8,g,0,g
897,eggspectation,pancakes plain,38,g,115,mg,2020,g,105,g,18,g,0,g,0,g,4,g,0,g
898,eggspectation,pancakes strawberry,38,g,115,mg,2020,g,114,g,18,g,0,g,0,g,6,g,0,g
899,eggspectation,pancakes yogurt and almonds,39,g,120,mg,2070,g,180,g,21,g,0,g,0,g,4,g,0,g
900,eggspectation,parmesan crusted chicken,71,g,170,mg,1770,g,80,g,70,g,0,g,0,g,6,g,0,g
901,eggspectation,parmigiana,95,g,185,mg,1340,g,54,g,71,g,0,g,0,g,3,g,0,g
902,eggspectation,pasta cardinale,29,g,115,mg,1300,g,181,g,48,g,0,g,0,g,9,g,0,g
903,eggspectation,pasta con panna e pollo,37,g,105,mg,970,g,88,g,23,g,0,g,0,g,5,g,0,g
904,eggspectation,pasta pomodoro,34,g,5,mg,600,g,179,g,33,g,0,g,0,g,9,g,0,g
905,eggspectation,pasta prima vera,16,g,40,mg,1490,g,98,g,20,g,0,g,0,g,10,g,0,g
906,eggspectation,pasta puttanesca,4,g,5,mg,2470,g,95,g,18,g,0,g,0,g,8,g,0,g
907,eggspectation,pink perfection juice bar,6,g,20,mg,70,g,44,g,7,g,0,g,0,g,9,g,0,g
908,eggspectation,plain omelet,44,g,645,mg,450,g,57,g,25,g,0,g,0,g,5,g,0,g
909,eggspectation,reuben on grilled rye sandwich,81,g,180,mg,3510,g,109,g,50,g,0,g,0,g,12,g,0,g
910,eggspectation,rib eye,46,g,335,mg,1440,g,43,g,119,g,0,g,0,g,7,g,0,g
911,eggspectation,roquefort omelet,56,g,675,mg,1040,g,58,g,34,g,0,g,0,g,5,g,0,g
912,eggspectation,scrambled eggs black forest ham w three cheeses crepe,75,g,590,mg,2110,g,40,g,60,g,0,g,0,g,2,g,0,g
913,eggspectation,small caesar salad,25,g,120,mg,210,g,42,g,25,g,0,g,0,g,5,g,0,g
914,eggspectation,small green salad,2,g,0,mg,170,g,4,g,1,g,0,g,0,g,1,g,0,g
915,eggspectation,smoked salmon,18,g,10,mg,1050,g,5,g,8,g,0,g,0,g,2,g,0,g
916,eggspectation,smoked salmon benedict,73,g,785,mg,1240,g,83,g,38,g,0,g,0,g,6,g,0,g
917,eggspectation,smoked salmon onion and capers omelet,45,g,650,mg,800,g,58,g,30,g,0,g,0,g,5,g,0,g
918,eggspectation,spinach and swiss omelet,54,g,675,mg,550,g,60,g,36,g,0,g,0,g,5,g,0,g
919,eggspectation,steak and fries,92,g,220,mg,860,g,135,g,84,g,0,g,0,g,12,g,0,g
920,eggspectation,steak sandwich,60,g,145,mg,1790,g,150,g,68,g,0,g,0,g,11,g,0,g
921,eggspectation,steamed rice,1,g,0,mg,160,g,35,g,3,g,0,g,0,g,1,g,0,g
922,eggspectation,tex mex crepe,18,g,210,mg,930,g,37,g,65,g,0,g,0,g,5,g,0,g
923,eggspectation,the cabane a sucre sugar shack classic,43,g,530,mg,1320,g,99,g,39,g,0,g,0,g,9,g,0,g
924,eggspectation,the all american classic,61,g,525,mg,220,g,71,g,49,g,0,g,0,g,7,g,0,g
925,eggspectation,tropical chicken salad,25,g,130,mg,1110,g,53,g,55,g,0,g,0,g,11,g,0,g
926,eggspectation,tropical teaser juice bar,1,g,0,mg,5,g,59,g,3,g,0,g,0,g,5,g,0,g
927,eggspectation,turkey club sandwich,62,g,85,mg,2690,g,127,g,43,g,0,g,0,g,9,g,0,g
928,eggspectation,tuscany salad,32,g,215,mg,1730,g,30,g,68,g,0,g,0,g,9,g,0,g
929,eggspectation,uneggspected,56,g,660,mg,900,g,55,g,98,g,0,g,0,g,5,g,0,g
930,eggspectation,vegetable dream crepe,67,g,505,mg,1030,g,20,g,40,g,0,g,0,g,6,g,0,g
931,eggspectation,vegetarian omelet,46,g,645,mg,810,g,88,g,32,g,0,g,0,g,8,g,0,g
932,eggspectation,waffle benedict,88,g,800,mg,1230,g,72,g,38,g,0,g,0,g,5,g,0,g
933,eggspectation,waffles banana,40,g,80,mg,780,g,58,g,7,g,0,g,0,g,4,g,0,g
934,eggspectation,waffles blueberry,40,g,80,mg,780,g,44,g,6,g,0,g,0,g,4,g,0,g
935,eggspectation,waffles chocolate chips,65,g,80,mg,790,g,83,g,9,g,0,g,0,g,6,g,0,g
936,eggspectation,waffles cinnamon and chocolate,40,g,80,mg,830,g,79,g,7,g,0,g,0,g,3,g,0,g
937,eggspectation,waffles kiwi,40,g,80,mg,780,g,52,g,7,g,0,g,0,g,6,g,0,g
938,eggspectation,waffles page fruit with english cream,42,g,85,mg,830,g,51,g,6,g,0,g,0,g,3,g,0,g
939,eggspectation,waffles plain,40,g,80,mg,780,g,30,g,6,g,0,g,0,g,1,g,0,g
940,eggspectation,waffles strawberry,40,g,80,mg,780,g,40,g,6,g,0,g,0,g,4,g,0,g
941,eggspectation,waffles yogurt and almonds,41,g,85,mg,870,g,124,g,9,g,0,g,0,g,1,g,0,g
942,eggspectation,western breakfast burger,42,g,450,mg,730,g,89,g,30,g,0,g,0,g,6,g,0,g
943,eggspectation,western omelet,50,g,675,mg,1260,g,64,g,38,g,0,g,0,g,6,g,0,g
944,eggspectation,wings,110,g,180,mg,1030,g,7,g,45,g,0,g,0,g,1,g,0,g
945,eggspectation,yoke around the clock cheddar,70,g,520,mg,1420,g,101,g,52,g,0,g,0,g,6,g,0,g
946,eggspectation,yoke around the clock swiss,66,g,510,mg,1420,g,104,g,54,g,0,g,0,g,6,g,0,g
947,eggspectation,zomboni salad,27,g,75,mg,1690,g,14,g,25,g,0,g,0,g,5,g,0,g
948,el fenix restaurant,alfredos plate,78,g,175,mg,3030,g,103,g,56,g,34,g,0,g,15,g,7,g
949,el fenix restaurant,appetizer combo,27,g,25,mg,1830,g,49,g,17,g,8,g,0,g,10,g,10,g
950,el fenix restaurant,baja shrimp taco plate,57,g,170,mg,1850,g,77,g,32,g,10,g,0,g,10,g,8,g
951,el fenix restaurant,beef enchilada plate black beans,64,g,130,mg,1870,g,77,g,40,g,24,g,0,g,10,g,2,g
952,el fenix restaurant,beef enchilada plate charro beans,62,g,130,mg,2220,g,77,g,41,g,24,g,0,g,12,g,2,g
953,el fenix restaurant,beef enchilada plate refried beans,65,g,130,mg,2120,g,85,g,43,g,25,g,0,g,15,g,2,g
954,el fenix restaurant,beef fajitas single flour tortillas,76,g,265,mg,3370,g,148,g,96,g,31,g,2,g,21,g,11,g
955,el fenix restaurant,beef fajitas single white corn tortillas,65,g,265,mg,2180,g,87,g,88,g,28,g,2,g,17,g,11,g
956,el fenix restaurant,beef tamales,66,g,120,mg,3130,g,98,g,51,g,28,g,0,g,17,g,6,g
957,el fenix restaurant,botana sampler,87,g,295,mg,3150,g,55,g,80,g,44,g,1,g,6,g,9,g
958,el fenix restaurant,braised pork enchilada plate black beans,52,g,120,mg,2100,g,74,g,35,g,18,g,0.5,g,8,g,7,g
959,el fenix restaurant,braised pork enchilada plate charro beans,49,g,120,mg,2300,g,75,g,34,g,17,g,0.5,g,9,g,7,g
960,el fenix restaurant,braised pork enchilada plate refried beans,50,g,120,mg,2220,g,80,g,35,g,18,g,0.5,g,11,g,7,g
961,el fenix restaurant,brisket quesadilla,92,g,235,mg,3310,g,70,g,60,g,48,g,0,g,7,g,7,g
962,el fenix restaurant,brisket taco plate,37,g,75,mg,2070,g,75,g,34,g,11,g,0,g,13,g,7,g
963,el fenix restaurant,carne asada,51,g,185,mg,1980,g,68,g,68,g,20,g,1.5,g,14,g,5,g
964,el fenix restaurant,chalupas bean,21,g,35,mg,940,g,59,g,19,g,8,g,0,g,14,g,5,g
965,el fenix restaurant,chalupas beef and bean,50,g,120,mg,1430,g,62,g,40,g,19,g,0,g,14,g,5,g
966,el fenix restaurant,chalupas chicken,51,g,175,mg,1830,g,73,g,52,g,21,g,0,g,20,g,11,g
967,el fenix restaurant,chalupas guacamole and bean,30,g,35,mg,1340,g,67,g,22,g,10,g,0,g,20,g,8,g
968,el fenix restaurant,cheese enchilada plate black beans,69,g,160,mg,2830,g,87,g,45,g,32,g,0,g,11,g,8,g
969,el fenix restaurant,cheese enchilada plate charro beans,67,g,160,mg,3180,g,87,g,46,g,32,g,0,g,13,g,8,g
970,el fenix restaurant,cheese enchilada plate refried beans,69,g,160,mg,3080,g,95,g,48,g,33,g,0,g,16,g,8,g
971,el fenix restaurant,chicken fajitas single flour tortillas,49,g,195,mg,3620,g,128,g,73,g,18,g,0,g,21,g,11,g
972,el fenix restaurant,chicken fajitas single white corn tortillas,38,g,195,mg,2440,g,87,g,66,g,15,g,0,g,17,g,11,g
973,el fenix restaurant,chicken tacos fresco,12,g,95,mg,790,g,31,g,35,g,3.5,g,0,g,3,g,5,g
974,el fenix restaurant,chicken tortilla soup,29,g,90,mg,1390,g,46,g,32,g,9,g,0,g,6,g,4,g
975,el fenix restaurant,chilaquiles green sauce black beans,59,g,590,mg,1520,g,44,g,32,g,15,g,0,g,9,g,8,g
976,el fenix restaurant,chilaquiles green sauce charro beans,57,g,590,mg,1870,g,45,g,33,g,15,g,0,g,11,g,8,g
977,el fenix restaurant,chilaquiles green sauce refried beans,60,g,590,mg,1770,g,53,g,35,g,15,g,0,g,13,g,8,g
978,el fenix restaurant,chilaquiles red sauce black beans,61,g,590,mg,2140,g,53,g,34,g,15,g,0,g,10,g,10,g
979,el fenix restaurant,chilaquiles red sauce charro beans,59,g,590,mg,2500,g,54,g,34,g,15,g,0,g,12,g,10,g
980,el fenix restaurant,chilaquiles red sauce refried beans,62,g,590,mg,2390,g,62,g,37,g,16,g,0,g,15,g,10,g
981,el fenix restaurant,chile relleno beef and pork queso sauce,54,g,285,mg,1880,g,83,g,47,g,18,g,1,g,16,g,11,g
982,el fenix restaurant,chile relleno beef and pork ranchera sauce,51,g,270,mg,2000,g,83,g,43,g,15,g,1,g,17,g,11,g
983,el fenix restaurant,chile relleno cheese queso sauce,67,g,315,mg,2860,g,80,g,50,g,33,g,0,g,15,g,11,g
984,el fenix restaurant,chile relleno cheese ranchera sauce,64,g,300,mg,2980,g,80,g,46,g,30,g,0,g,16,g,10,g
985,el fenix restaurant,chili con queso bowl,13,g,35,mg,890,g,13,g,11,g,7,g,0,g,1,g,5,g
986,el fenix restaurant,chili con queso cup,9,g,20,mg,590,g,8,g,7,g,4.5,g,0,g,0,g,3,g
987,el fenix restaurant,chimichanga with beef queso sauce,98,g,150,mg,2580,g,79,g,45,g,32,g,0.5,g,7,g,8,g
988,el fenix restaurant,chimichanga with beef sour cream tomatillo sauce,106,g,180,mg,2890,g,84,g,47,g,37,g,0.5,g,8,g,11,g
989,el fenix restaurant,chimichanga with chicken queso sauce,79,g,155,mg,2600,g,80,g,51,g,22,g,0.5,g,8,g,9,g
990,el fenix restaurant,chimichanga with chicken sour cream tomatillo sauce,87,g,185,mg,2910,g,85,g,53,g,27,g,0.5,g,8,g,12,g
991,el fenix restaurant,chocolate caramel sopapilla,46,g,35,mg,270,g,163,g,11,g,13,g,0,g,3,g,86,g
992,el fenix restaurant,classic taco plate crispy beef,49,g,110,mg,1620,g,81,g,39,g,18,g,0,g,13,g,4,g
993,el fenix restaurant,classic taco plate crispy chicken,43,g,105,mg,1500,g,79,g,39,g,13,g,0,g,13,g,4,g
994,el fenix restaurant,classic taco plate crispy pork,50,g,115,mg,1880,g,82,g,39,g,15,g,0.5,g,13,g,4,g
995,el fenix restaurant,classic taco plate soft corn beef,41,g,110,mg,1620,g,81,g,39,g,16,g,0,g,13,g,4,g
996,el fenix restaurant,classic taco plate soft corn chicken,19,g,155,mg,1510,g,78,g,61,g,7,g,0,g,13,g,4,g
997,el fenix restaurant,classic taco plate soft corn pork,43,g,115,mg,1880,g,82,g,39,g,13,g,0.5,g,13,g,4,g
998,el fenix restaurant,classic taco plate soft flour beef,48,g,110,mg,2420,g,109,g,43,g,18,g,0,g,15,g,4,g
999,el fenix restaurant,classic taco plate soft flour chicken,26,g,155,mg,2320,g,106,g,65,g,9,g,0,g,15,g,4,g
