,Restaurant Name,Food Name,Total Fat Amount,Total Fat Unit,Cholesterol Amount,Cholesterol Unit,Sodium Amount,Sodium Unit,Total Carbohydrate Amount,Total Carbohydrate Unit,Protein Amount,Protein Unit,Saturated Fat Amount,Saturated Fat Unit,Trans Fat Amount,Trans Fat Unit,Dietary Fiber Amount,Dietary Fiber Unit,Sugars Amount,Sugars Unit
0,golden corral,mini spinach quiche,17,g,60,mg,460,g,15,g,5,g,6,g,0,g,0,g,1,g
1,golden corral,sausage and egg breakfast burrito,19,g,110,mg,760,g,22,g,16,g,8,g,0,g,1,g,1,g
2,golden corral,bacon,4.5,g,15,mg,170,g,0,g,4,g,2,g,0,g,0,g,0,g
3,golden corral,blueberry muffin,14,g,30,mg,420,g,54,g,3,g,4,g,0,g,1,g,29,g
4,golden corral,chocolate chip pancake,8,g,10,mg,35,g,18,g,2,g,3.5,g,0,g,0,g,11,g
5,golden corral,chicken gizzards,10,g,90,mg,310,g,10,g,9,g,2,g,0,g,1,g,0,g
6,golden corral,cherry crepes,4,g,20,mg,100,g,22,g,1,g,1,g,0.5,g,0,g,15,g
7,golden corral,chicken stuffed breakfast burrito,18,g,60,mg,740,g,18,g,17,g,9,g,0,g,1,g,1,g
8,golden corral,waffles,0,g,0,mg,260,g,14,g,2,g,0,g,0,g,0,g,3,g
9,golden corral,mini cin a gold roll,9,g,15,mg,210,g,35,g,3,g,2.5,g,2,g,1,g,19,g
10,golden corral,apple sauce,0,g,0,mg,15,g,23,g,0,g,0,g,0,g,2,g,18,g
11,golden corral,corn pops cereal,0,g,0,mg,75,g,19,g,1,g,0,g,0,g,2,g,7,g
12,golden corral,eggs made to order,11,g,170,mg,125,g,1,g,6,g,2.5,g,0,g,0,g,1,g
13,golden corral,breakfast pizza,24,g,1358,mg,810,g,25,g,20,g,12,g,0,g,1,g,2,g
14,golden corral,hashbrown skillet,19,g,0,mg,350,g,13,g,1,g,2,g,0,g,2,g,1,g
15,golden corral,chorizo and eggs,16,g,205,mg,370,g,2,g,13,g,6,g,0,g,0,g,1,g
16,golden corral,chicken cacciatore,19,g,140,mg,970,g,6,g,23,g,5,g,0,g,2,g,4,g
17,golden corral,chicken fried chicken,14,g,60,mg,710,g,14,g,21,g,2.5,g,0,g,1,g,0,g
18,golden corral,egg and sausage breakfast skillet,8,g,95,mg,210,g,7,g,8,g,3.5,g,0,g,0,g,2,g
19,golden corral,mini bacon and cheese quiche,179.2,g,597,mg,5275,g,149.3,g,69.7,g,59.7,g,0,g,0,g,19.9,g
20,golden corral,cocoa krispies cereal,1,g,0,mg,135,g,28,g,1,g,0.5,g,0,g,0,g,12,g
21,golden corral,sausage pattie,9,g,25,mg,230,g,0,g,6,g,3,g,0,g,0,g,0,g
22,golden corral,chorizo and egg breakfast burrito,18,g,105,mg,760,g,22,g,16,g,7,g,0,g,1,g,1,g
23,golden corral,sugar free syrup,0,g,0,mg,55,g,6,g,0,g,0,g,0,g,0,g,0,g
24,golden corral,mini eggs benedict,23,g,135,mg,760,g,15,g,9,g,10,g,0,g,1,g,1,g
25,golden corral,frosted flakes cereal,0,g,0,mg,140,g,25,g,1,g,0,g,0,g,0,g,10,g
26,golden corral,plain omelet,23,g,350,mg,220,g,3,g,12,g,6,g,0,g,0,g,1,g
27,golden corral,breakfast pork sausage links,11,g,15,mg,250,g,1,g,5,g,4,g,0,g,0,g,0,g
28,golden corral,crabmeat surimi,1,g,0,mg,170,g,2,g,1,g,0,g,0,g,0,g,1,g
29,golden corral,cherry turnover,8,g,0,mg,95,g,33,g,3,g,4.5,g,0,g,1,g,20,g
30,golden corral,canadian turkey bacon,2.5,g,30,mg,310,g,0,g,6,g,1,g,0,g,0,g,0,g
31,golden corral,white hominy,4.5,g,0,mg,760,g,14,g,1,g,1.5,g,0,g,4,g,0,g
32,golden corral,raisin bran cereal,0.5,g,0,mg,125,g,27,g,3,g,0,g,0,g,4,g,10,g
33,golden corral,bread pudding,13,g,95,mg,130,g,33,g,5,g,7,g,8,g,0,g,23,g
34,golden corral,banana pudding,10,g,0,mg,190,g,35,g,2,g,7,g,0,g,0,g,21,g
35,golden corral,vanilla cake sugar free,8,g,10,mg,105,g,17,g,1,g,5,g,0,g,0,g,0,g
36,golden corral,vanilla soft serve,2,g,5,mg,100,g,22,g,1,g,1.5,g,0,g,0,g,16,g
37,golden corral,carrot cake,12,g,15,mg,200,g,34,g,1,g,4.5,g,0,g,1,g,27,g
38,golden corral,chocolate pudding no added sugar,4.5,g,10,mg,230,g,16,g,3,g,3,g,0,g,0,g,6,g
39,golden corral,red gelatin sugar free,0,g,0,mg,5,g,0,g,1,g,0,g,0,g,0,g,0,g
40,golden corral,chocolate fudge,4.5,g,0,mg,50,g,22,g,0,g,2,g,0,g,0,g,19,g
41,golden corral,fudgy brownie,7,g,55,mg,1030,g,22,g,3,g,1.5,g,0,g,1,g,10,g
42,golden corral,chocolate cake with chocolate frosting and chocolate chips,11,g,20,mg,180,g,29,g,1,g,4,g,0,g,0,g,22,g
43,golden corral,ice cream cone,0,g,0,mg,10,g,4,g,0,g,0,g,0,g,0,g,0,g
44,golden corral,chocolate fountain,15,g,0,mg,65,g,20,g,1,g,9,g,0,g,2,g,17,g
45,golden corral,chocolate chess pie,19,g,50,mg,180,g,49,g,3,g,10,g,0,g,0,g,42,g
46,golden corral,vanilla pound cake with chocolate frosting and sprinkles,12,g,20,mg,220,g,40,g,2,g,4,g,0,g,1,g,31,g
47,golden corral,strawberry supreme cake,11,g,5,mg,210,g,36,g,1,g,3,g,0,g,0,g,29,g
48,golden corral,chocolate cookie sugar free,3.5,g,5,mg,45,g,12,g,1,g,1,g,0,g,1,g,0,g
49,golden corral,chocolate cake with chocolate frosting and cherries,8,g,20,mg,190,g,23,g,1,g,2,g,0,g,0,g,17,g
50,golden corral,whipped topping,2,g,0,mg,0,g,2,g,0,g,2,g,0,g,0,g,2,g
51,golden corral,peanut butter cookie,3.5,g,0,mg,35,g,7,g,1,g,1,g,0,g,0,g,4,g
52,golden corral,pineapple supreme cake,11,g,5,mg,210,g,36,g,1,g,3,g,0,g,0,g,28,g
53,golden corral,cherry pie,10,g,0,mg,230,g,40,g,2,g,4.5,g,0,g,1,g,20,g
54,golden corral,blueberry pie no sugar added,8,g,0,mg,380,g,49,g,5,g,3,g,0,g,4,g,6,g
55,golden corral,pistachio cake sugar free,6,g,10,mg,170,g,15,g,1,g,3,g,0,g,0,g,0,g
56,golden corral,chocolate cupcake,9,g,20,mg,210,g,28,g,2,g,2.5,g,0,g,1,g,21,g
57,golden corral,strawberry ice cream,6,g,25,mg,70,g,18,g,3,g,4,g,0,g,0,g,14,g
58,golden corral,cocoa crinkle cookie,2.5,g,5,mg,70,g,9,g,1,g,0.5,g,0,g,0,g,6,g
59,golden corral,chocolate soft serve,2,g,5,mg,55,g,20,g,1,g,1.5,g,0,g,0,g,15,g
60,golden corral,strawberry shortcake,4.5,g,5,mg,170,g,22,g,1,g,1,g,0,g,0,g,16,g
61,golden corral,cotton candy,0,g,0,mg,10,g,25,g,0,g,0,g,0,g,0,g,18,g
62,golden corral,coconut macaroon cookie,5,g,0,mg,45,g,13,g,1,g,5,g,0,g,1,g,10,g
63,golden corral,chocolate covered banana,9,g,0,mg,30,g,20,g,3,g,5,g,0,g,3,g,12,g
64,golden corral,rice krispy treats cookie,1,g,0,mg,45,g,8,g,0,g,0,g,0,g,0,g,3,g
65,golden corral,mini red velvet cupcakes,6,g,5,mg,110,g,14,g,1,g,2.5,g,0,g,0,g,11,g
66,golden corral,pecan pie,20,g,60,mg,420,g,56,g,4,g,7,g,0,g,0,g,21,g
67,golden corral,mini marshmallows,0,g,0,mg,5,g,5,g,0,g,0,g,0,g,0,g,4,g
68,golden corral,pistachio pudding no added sugar,4,g,10,mg,260,g,10,g,3,g,2.5,g,0,g,0,g,5,g
69,golden corral,strawberry shortcake shooter,2,g,0,mg,40,g,23,g,0,g,1,g,0,g,0,g,21,g
70,golden corral,snickerdoodle cookie,2,g,5,mg,75,g,11,g,1,g,0.5,g,0,g,0,g,7,g
71,golden corral,peanut butter cookie crumbles,5,g,0,mg,50,g,10,g,1,g,1.5,g,0,g,0,g,5,g
72,golden corral,gingerbread cookie,2.5,g,5,mg,85,g,11,g,1,g,0,g,0,g,0,g,6,g
73,golden corral,coconut cake,14,g,5,mg,300,g,35,g,2,g,8,g,0,g,0,g,24,g
74,golden corral,apple spiced coffee cake,7,g,15,mg,210,g,33,g,2,g,1,g,0,g,1,g,21,g
75,golden corral,sugar cookie,2,g,5,mg,75,g,9,g,1,g,0.5,g,0,g,0,g,5,g
76,golden corral,chocolate syrup,0,g,0,mg,5,g,17,g,0,g,0,g,0,g,0,g,14,g
77,golden corral,coconut meringue pie,12,g,0,mg,190,g,39,g,3,g,6,g,0,g,0,g,22,g
78,golden corral,gummy bears,0,g,0,mg,14,g,51.3,g,5.4,g,0,g,0,g,0,g,35.1,g
79,golden corral,candied orange slices,0,g,0,mg,10,g,30,g,0,g,0,g,0,g,0,g,22,g
80,golden corral,butter pecan ice cream,9,g,25,mg,120,g,16,g,2,g,4,g,0,g,0,g,12,g
81,golden corral,chocolate chip cookie crumbles,4,g,0,mg,40,g,11,g,1,g,2,g,0,g,0,g,7,g
82,golden corral,marshmallows,0,g,0,mg,20,g,17,g,0,g,0,g,0,g,0,g,11,g
83,golden corral,peach pie no sugar added,21,g,0,mg,370,g,36,g,5,g,9,g,0,g,2,g,5,g
84,golden corral,mini gummy bears,0,g,0,mg,0,g,4,g,0,g,0,g,0,g,0,g,3,g
85,golden corral,caramel pecan shooter,10,g,5,mg,90,g,38,g,1,g,3.5,g,0,g,0,g,31,g
86,golden corral,lemon bar,4.5,g,30,mg,105,g,31,g,2,g,2,g,0,g,0,g,22,g
87,golden corral,molten volcano cake,7,g,0,mg,135,g,54,g,2,g,1,g,0,g,1,g,40,g
88,golden corral,rainbow cookie,2.5,g,5,mg,75,g,11,g,1,g,1,g,0,g,0,g,7,g
89,golden corral,rainbow sherbet,0,g,0,mg,25,g,27,g,1,g,0,g,0,g,0,g,21,g
90,golden corral,cookies and cream ice cream,5,g,0,mg,20,g,7,g,0,g,4,g,0,g,0,g,6,g
91,golden corral,red velvet cake,12,g,10,mg,270,g,29,g,2,g,4,g,0,g,1,g,21,g
92,golden corral,jelly beans,0,g,0,mg,10,g,27,g,0,g,0,g,0,g,0,g,18,g
93,golden corral,mini chocolate chess pie,18,g,35,mg,330,g,40,g,3,g,8,g,0,g,0,g,25,g
94,golden corral,vanilla wafer crumbles,4,g,0,mg,60,g,11,g,1,g,2,g,0,g,0,g,4,g
95,golden corral,german chocolate cake,11,g,20,mg,220,g,29,g,2,g,4,g,0,g,1,g,21,g
96,golden corral,sweet potato pie,16,g,20,mg,330,g,46,g,4,g,7,g,0,g,1,g,26,g
97,golden corral,candy corn,0,g,0,mg,30,g,16,g,0,g,0,g,0,g,0,g,13,g
98,golden corral,lemon meringue pie,7,g,5,mg,340,g,50,g,2,g,3,g,0,g,0,g,33,g
99,golden corral,chocolate chips,8,g,0,mg,0,g,18,g,0,g,5,g,0,g,0,g,16,g
100,golden corral,snackums candy,1,g,0,mg,10,g,5,g,0,g,1,g,0,g,0,g,4,g
101,golden corral,cinnamon imperials candy,0,g,0,mg,0,g,6,g,0,g,0,g,0,g,0,g,5,g
102,golden corral,glazed donuts,7,g,5,mg,180,g,24,g,2,g,3,g,0,g,1,g,11,g
103,golden corral,hot caramel,1,g,5,mg,50,g,20,g,1,g,0.5,g,0,g,0,g,13,g
104,golden corral,mint chocolate chip ice cream,10,g,30,mg,45,g,20,g,3,g,6,g,0,g,0,g,16,g
105,golden corral,luscious lemon cake,3.5,g,0,mg,190,g,23,g,1,g,0.5,g,0,g,0,g,17,g
106,golden corral,truffles with peanuts,9,g,0,mg,170,g,40,g,4,g,7,g,0,g,1,g,35,g
107,golden corral,german chocolate brownie,7,g,55,mg,1030,g,21,g,3,g,2,g,0,g,1,g,9,g
108,golden corral,lemon gelatin,0.5,g,0,mg,95,g,13,g,1,g,0.5,g,0,g,12,g,1,g
109,golden corral,hot fudge,3,g,0,mg,65,g,15,g,1,g,3,g,0,g,0,g,14,g
110,golden corral,yogurt raisins,4,g,0,mg,5,g,10,g,0,g,4,g,0,g,0,g,9,g
111,golden corral,billionares pie,17,g,25,mg,280,g,24,g,2,g,8,g,0,g,0,g,12,g
112,golden corral,chocolate sprinkle cookie,3,g,5,mg,75,g,10,g,1,g,1,g,0,g,0,g,7,g
113,golden corral,jellybeans,0,g,0,mg,10,g,27,g,0,g,0,g,0,g,0,g,18,g
114,golden corral,chocolate white chip cookie,3,g,5,mg,40,g,8,g,1,g,1.5,g,0,g,0,g,5,g
115,golden corral,chocolate cookie crumbles,2,g,0,mg,55,g,9,g,1,g,0.5,g,0,g,0,g,4,g
116,golden corral,banana pecan oatmeal cookie no sugar added,4,g,15,mg,125,g,17,g,2,g,1.5,g,0,g,1,g,1,g
117,golden corral,sour worms candy,0,g,0,mg,5,g,18,g,1,g,0,g,0,g,0,g,13,g
118,golden corral,vanilla pound cake with chocolate frosting and chocolate chip morsels,17,g,20,mg,220,g,51,g,3,g,7,g,0,g,1,g,41,g
119,golden corral,coconut cookie,3.5,g,5,mg,35,g,10,g,1,g,2,g,0,g,0,g,6,g
120,golden corral,orange sherbet,1,g,5,mg,25,g,27,g,1,g,0.5,g,0,g,0,g,22,g
121,golden corral,fruit shapes candy,0,g,0,mg,0,g,15,g,0,g,0,g,0,g,0,g,14,g
122,golden corral,toasted coconut,4.5,g,0,mg,0,g,4,g,1,g,4,g,0,g,1,g,4,g
123,golden corral,mini pumpkin cupcake,6,g,5,mg,105,g,16,g,1,g,2,g,0,g,0,g,13,g
124,golden corral,cheesecake yogurt non fat,0,g,0,mg,70,g,26,g,2,g,0,g,0,g,0,g,19,g
125,golden corral,mini chocolate cupcakes,5,g,10,mg,105,g,15,g,1,g,1.5,g,0,g,0,g,11,g
126,golden corral,cocoa sugar cookie,2.5,g,5,mg,70,g,8,g,1,g,0.5,g,0,g,0,g,5,g
127,golden corral,cookies and cream ice cream half cup,9,g,30,mg,75,g,20,g,3,g,5,g,0,g,0,g,15,g
128,golden corral,no sugar added vanilla no fat frozen yogurt,0,g,0,mg,70,g,14,g,4,g,0,g,0,g,0,g,5,g
129,golden corral,mini vanilla cupcakes,5,g,0,mg,100,g,16,g,1,g,1.5,g,0,g,0,g,13,g
130,golden corral,german chocolate crisp bar,13,g,0,mg,65,g,36,g,2,g,7,g,0,g,2,g,25,g
131,golden corral,grilled peach shortcake,1.5,g,5,mg,70,g,22,g,0,g,0,g,0,g,0,g,18,g
132,golden corral,sprinkles,5,g,0,mg,20,g,24,g,0,g,4.5,g,0,g,0,g,21,g
133,golden corral,mini hotdog sandwich,8,g,20,mg,360,g,17,g,6,g,2.5,g,0.5,g,0,g,4,g
134,golden corral,hot dog with onions and peppers,11,g,225,mg,280,g,8,g,20,g,2.5,g,1,g,2,g,3,g
135,golden corral,bourbon street chicken,9,g,95,mg,350,g,4,g,19,g,2.5,g,0,g,0,g,4,g
136,golden corral,meatloaf,11,g,105,mg,590,g,11,g,18,g,4.5,g,0.5,g,4,g,3,g
137,golden corral,honeydew melon,0,g,0,mg,15,g,8,g,0,g,0,g,0,g,1,g,7,g
138,golden corral,bbq pork ribs,12,g,75,mg,440,g,5,g,23,g,4,g,0,g,0,g,4,g
139,golden corral,macaroni and cheese,10,g,10,mg,540,g,19,g,5,g,3,g,0,g,1,g,2,g
140,golden corral,kiwi fruit,0,g,0,mg,0,g,13,g,1,g,0,g,0,g,3,g,8,g
141,golden corral,baked bbq chicken leg,7,g,100,mg,610,g,5,g,16,g,2,g,0,g,0,g,4,g
142,golden corral,smoked beef short ribs,27,g,95,mg,460,g,0,g,25,g,11,g,2,g,0,g,0,g
143,golden corral,fried chicken pieces,15,g,85,mg,460,g,6,g,19,g,3.5,g,0,g,1,g,0,g
144,golden corral,fried breaded fish,5,g,20,mg,360,g,4,g,8,g,1,g,0,g,1,g,0,g
145,golden corral,baked fish with lemon herb sauce,13,g,25,mg,470,g,1,g,7,g,6,g,0,g,0,g,0,g
146,golden corral,fried pork fatback,17,g,20,mg,970,g,1,g,6,g,5,g,0,g,0,g,0,g
147,golden corral,smoked pork spare ribs,76,g,195,mg,1220,g,1,g,46,g,28,g,0,g,0,g,1,g
148,golden corral,corn on the cob,0.5,g,0,mg,90,g,13,g,2,g,0,g,0,g,2,g,3,g
149,golden corral,hushpuppies scratch,13,g,0,mg,430,g,30,g,3,g,2.5,g,0,g,2,g,5,g
150,golden corral,sweet and sour pork,11,g,35,mg,540,g,18,g,14,g,2.5,g,0,g,1,g,12,g
151,golden corral,nashville hot fried chicken,29,g,100,mg,1670,g,42,g,20,g,7,g,0,g,1,g,17,g
152,golden corral,pork posole,5,g,20,mg,1150,g,13,g,6,g,1.5,g,0,g,4,g,1,g
153,golden corral,clam strips,9,g,5,mg,290,g,12,g,3,g,1.5,g,0,g,0,g,1,g
154,golden corral,carved roast beef,3,g,50,mg,115,g,0,g,19,g,1,g,0,g,0,g,0,g
155,golden corral,baked bone in bbq chicken thigh,24,g,185,mg,1280,g,6,g,27,g,8,g,0,g,1,g,5,g
156,golden corral,boneless bbq pork ribs,7,g,30,mg,210,g,3,g,10,g,2.5,g,0,g,0,g,3,g
157,golden corral,fried chicken tenders,8,g,50,mg,510,g,7,g,13,g,1.5,g,0,g,0,g,0,g
158,golden corral,machaca beef,8,g,55,mg,230,g,2,g,15,g,3,g,0,g,0,g,1,g
159,golden corral,fried breaded catfish 3 oz,10,g,20,mg,860,g,12,g,10,g,2,g,0,g,1,g,0,g
160,golden corral,buffet sirloin steak,8,g,55,mg,350,g,1,g,14,g,3,g,0,g,0,g,0,g
161,golden corral,pork fillet,17,g,75,mg,790,g,1,g,22,g,6,g,0,g,0,g,0,g
162,golden corral,pork enchiladas,13,g,35,mg,610,g,11,g,12,g,4,g,0,g,1,g,1,g
163,golden corral,baked bone in bbq chicken breast,12,g,190,mg,380,g,7,g,55,g,4,g,0,g,1,g,5,g
164,golden corral,smoked bbq pork,12,g,75,mg,160,g,0,g,25,g,5,g,0,g,0,g,0,g
165,golden corral,baked potatoes,0,g,0,mg,15,g,37,g,4,g,0,g,0,g,4,g,2,g
166,golden corral,fried chicken livers,12,g,325,mg,370,g,9,g,21,g,3,g,0,g,1,g,0,g
167,golden corral,grilled bbq chicken,2.5,g,65,mg,730,g,12,g,17,g,0.5,g,0,g,0,g,11,g
168,golden corral,popcorn shrimp,6,g,30,mg,490,g,14,g,5,g,1,g,0,g,1,g,0,g
169,golden corral,beef prime rib,22,g,65,mg,350,g,1,g,18,g,9,g,0,g,0,g,0,g
170,golden corral,baked fish,8,g,45,mg,330,g,1,g,20,g,3,g,0,g,0,g,0,g
171,golden corral,fried chicken legs,12,g,80,mg,220,g,3,g,18,g,3,g,0,g,0,g,0,g
172,golden corral,orange chicken,15,g,60,mg,860,g,40,g,25,g,2.5,g,0,g,1,g,29,g
173,golden corral,smoked brisket,17,g,75,mg,130,g,0,g,21,g,7,g,1,g,0,g,0,g
174,golden corral,menudo,3.5,g,35,mg,220,g,11,g,7,g,1,g,0,g,2,g,0,g
175,golden corral,butterfly shrimp,9,g,50,mg,530,g,21,g,10,g,1.5,g,0,g,1,g,0,g
176,golden corral,smokehouse baby back pork ribs,17,g,115,mg,240,g,3,g,33,g,6,g,0,g,1,g,3,g
177,golden corral,sesame honey chicken,16,g,65,mg,1130,g,25,g,27,g,3,g,0,g,1,g,15,g
178,golden corral,tempura battered chicken tenders,13,g,45,mg,1070,g,18,g,16,g,2.5,g,0,g,1,g,0,g
179,golden corral,carved ribeye steak,9,g,50,mg,440,g,0,g,23,g,4,g,1,g,0,g,0,g
180,golden corral,captains wafers,5,g,0,mg,210,g,18,g,2,g,0,g,0,g,0,g,2,g
181,golden corral,turkey pot pie,8,g,30,mg,420,g,14,g,8,g,3,g,0,g,1,g,2,g
182,golden corral,grilled chicken livers,4.5,g,260,mg,620,g,23,g,18,g,1.5,g,0,g,1,g,1,g
183,golden corral,marinated sirloin beef tips,8,g,70,mg,250,g,0,g,23,g,3,g,0,g,0,g,0,g
184,golden corral,breaded catfish fillet,11,g,50,mg,500,g,10,g,16,g,2,g,0,g,1,g,0,g
185,golden corral,baby back pork ribs,13,g,55,mg,350,g,3,g,15,g,4.5,g,0,g,0,g,2,g
186,golden corral,grilled teriyaki chicken,2.5,g,65,mg,1420,g,18,g,18,g,0.5,g,0,g,0,g,14,g
187,golden corral,pork sausage with sauerkraut,16,g,35,mg,1660,g,10,g,7,g,6,g,0,g,5,g,2,g
188,golden corral,tamale,8,g,10,mg,300,g,9,g,3,g,3,g,0,g,2,g,0,g
189,golden corral,pork steak,13,g,55,mg,1070,g,17,g,17,g,4.5,g,0,g,0,g,14,g
190,golden corral,cold sirloin steak strips,8,g,55,mg,350,g,1,g,14,g,3,g,0,g,0,g,0,g
191,golden corral,marinated beef chuck tips,5,g,65,mg,250,g,0,g,21,g,1.5,g,0,g,0,g,0,g
192,golden corral,breaded okra,7,g,0,mg,310,g,10,g,1,g,1,g,0,g,2,g,1,g
193,golden corral,sweet and sour chicken,10,g,40,mg,370,g,21,g,17,g,2,g,0,g,2,g,13,g
194,golden corral,baked teriyaki chicken leg,7,g,100,mg,840,g,7,g,16,g,2,g,0,g,0,g,5,g
195,golden corral,grilled chopped steak,20,g,80,mg,450,g,2,g,25,g,8,g,1.5,g,0,g,0,g
196,golden corral,mongolian beef,11,g,60,mg,1380,g,24,g,25,g,2.5,g,0,g,1,g,17,g
197,golden corral,crispy battered fish taco,19,g,20,mg,1200,g,35,g,11,g,4,g,0,g,1,g,13,g
198,golden corral,white meat turkey,7,g,65,mg,125,g,0,g,24,g,2,g,0,g,0,g,0,g
199,golden corral,chicken piccata,13,g,50,mg,640,g,6,g,19,g,4.5,g,0,g,1,g,1,g
200,golden corral,smokehouse chicken flatbread,11,g,45,mg,560,g,11,g,12,g,6,g,0,g,1,g,2,g
201,golden corral,grilled teriyaki pork steak,13,g,70,mg,940,g,6,g,17,g,5,g,0,g,0,g,4,g
202,golden corral,italian pork sausage with onions and peppers,16,g,35,mg,350,g,2,g,9,g,4.5,g,0,g,0,g,1,g
203,golden corral,chicken enchiladas,11,g,40,mg,670,g,11,g,11,g,3.5,g,0,g,1,g,1,g
204,golden corral,southern style pork chops,16,g,60,mg,400,g,8,g,13,g,4.5,g,0,g,0,g,0,g
205,golden corral,lo mein,6,g,0,mg,350,g,32,g,4,g,1,g,0,g,3,g,11,g
206,golden corral,smoked bbq pork sausage,19,g,40,mg,820,g,8,g,8,g,7,g,0,g,0,g,6,g
207,golden corral,spicy garlic sauced chicken wings,12,g,100,mg,350,g,1,g,16,g,3.5,g,0,g,0,g,0,g
208,golden corral,fried breaded catfish,10,g,20,mg,860,g,12,g,10,g,2,g,0,g,1,g,0,g
209,golden corral,shrimp fajita,3.5,g,65,mg,580,g,3,g,7,g,1,g,0,g,1,g,2,g
210,golden corral,carne guisada beef,6,g,50,mg,390,g,4,g,17,g,1.5,g,0,g,1,g,2,g
211,golden corral,golden roasted white meat chicken,6,g,75,mg,310,g,0,g,22,g,2,g,0,g,0,g,0,g
212,golden corral,smoked bbq turkey,4,g,55,mg,700,g,3,g,19,g,1,g,0,g,0,g,1,g
213,golden corral,lemon herb chicken,9,g,55,mg,125,g,12,g,14,g,2.5,g,0,g,1,g,1,g
214,golden corral,salmon lemonata,10,g,20,mg,410,g,2,g,8,g,4.5,g,0,g,1,g,1,g
215,golden corral,baked fish with piccata sauce,10,g,30,mg,390,g,2,g,14,g,4.5,g,0,g,1,g,0,g
216,golden corral,fried bone in catfish,14,g,50,mg,430,g,7,g,14,g,2.5,g,0,g,0,g,0,g
217,golden corral,cheese enchiladas,17,g,40,mg,620,g,10,g,10,g,8,g,0,g,1,g,0,g
218,golden corral,chicken fajitas,3,g,30,mg,230,g,3,g,10,g,0.5,g,0,g,0,g,3,g
219,golden corral,oyster crackers,1.5,g,0,mg,135,g,10,g,2,g,0,g,0,g,0,g,0,g
220,golden corral,mini chicken pot pie,24,g,40,mg,1140,g,34,g,11,g,8,g,0,g,5,g,4,g
221,golden corral,tortilla chips,8,g,0,mg,260,g,12,g,1,g,1,g,0,g,1,g,0,g
222,golden corral,fresh grapefruit,0,g,0,mg,0,g,16,g,1,g,0,g,0,g,6,g,10,g
223,golden corral,pork sausage patty,7,g,20,mg,170,g,0,g,5,g,2.5,g,0,g,0,g,0,g
224,golden corral,baked madarin orange chicken leg,7,g,100,mg,610,g,9,g,16,g,2,g,0,g,0,g,8,g
225,golden corral,mini corn dogs,13,g,40,mg,440,g,22,g,9,g,3,g,0,g,1,g,5,g
226,golden corral,grilled bbq pork steak,13,g,70,mg,750,g,5,g,17,g,5,g,0,g,0,g,3,g
227,golden corral,mandarin orange shrimp,7,g,45,mg,470,g,30,g,7,g,1.5,g,0,g,1,g,13,g
228,golden corral,bbq pork,8,g,75,mg,100,g,5,g,18,g,2.5,g,0,g,1,g,4,g
229,golden corral,barbacoa beef,23,g,90,mg,490,g,0,g,18,g,12,g,0,g,0,g,0,g
230,golden corral,grilled cajun and apple pork sausage,18,g,30,mg,320,g,5,g,6,g,7,g,0,g,1,g,4,g
231,golden corral,grilled spicy ranch chicken,15,g,140,mg,880,g,3,g,33,g,3.5,g,0,g,1,g,3,g
232,golden corral,grilled bbq pork collar,15,g,65,mg,600,g,3,g,21,g,5,g,0,g,0,g,3,g
233,golden corral,franks hot sauce sauced chicken wings,12,g,100,mg,340,g,0,g,16,g,3.5,g,0,g,0,g,0,g
234,golden corral,glazed ham,3.5,g,35,mg,620,g,10,g,13,g,1.5,g,0,g,0,g,9,g
235,golden corral,shepherds pie,15,g,60,mg,720,g,25,g,19,g,5,g,0,g,3,g,4,g
236,golden corral,texas chicken fried steak,6,g,25,mg,1250,g,31,g,14,g,2,g,0,g,1,g,3,g
237,golden corral,lemon rosemary sirloin,12,g,55,mg,690,g,1,g,18,g,4,g,0.5,g,0,g,1,g
238,golden corral,carved teriyaki sirloin,13,g,55,mg,660,g,3,g,17,g,5,g,1,g,0,g,3,g
239,golden corral,carved portobello mushroom sirloin,10,g,50,mg,490,g,0,g,16,g,4,g,1,g,0,g,0,g
240,golden corral,beef pot pie,10,g,40,mg,460,g,15,g,11,g,4.5,g,0,g,1,g,2,g
241,golden corral,pepperoni pizza,11.4,g,26,mg,702,g,26.8,g,11.4,g,6.2,g,0,g,1,g,2.1,g
242,golden corral,cheese pizza,7,g,15,mg,540,g,26,g,9,g,4.5,g,0,g,1,g,2,g
243,golden corral,fresh tomato pizza,11,g,20,mg,690,g,26,g,10,g,58,g,0,g,1,g,3,g
244,golden corral,sausage pizza,13,g,25,mg,670,g,26,g,11,g,6,g,0,g,1,g,2,g
245,golden corral,cherry tomatoes,0,g,0,mg,0,g,3,g,1,g,0,g,0,g,1,g,2,g
246,golden corral,peanuts chopped,9,g,0,mg,0,g,4,g,4,g,1.5,g,0,g,2,g,1,g
247,golden corral,pepperjack cubes cheese,13,g,40,mg,300,g,0,g,12,g,8,g,0,g,0,g,0,g
248,golden corral,red grapes,0,g,0,mg,0,g,4,g,0,g,0,g,0,g,0,g,4,g
249,golden corral,beets cold,0,g,0,mg,125,g,4,g,1,g,0,g,0,g,1,g,3,g
250,golden corral,deviled eggs,5,g,95,mg,70,g,1,g,3,g,1,g,0,g,0,g,0,g
251,golden corral,celery sticks raw,0,g,0,mg,15,g,1,g,0,g,0,g,0,g,0,g,0,g
252,golden corral,green grapes,0,g,0,mg,0,g,9,g,0,g,0,g,0,g,0,g,8,g
253,golden corral,cottage cheese,2.5,g,15,mg,460,g,5,g,12,g,1.5,g,0,g,0,g,5,g
254,golden corral,lettuce mix,0,g,0,mg,5,g,2,g,1,g,0,g,0,g,1,g,1,g
255,golden corral,spinach raw,0,g,0,mg,45,g,2,g,1,g,0,g,0,g,1,g,0,g
256,golden corral,raw zucchini,0,g,0,mg,0,g,2,g,1,g,0,g,0,g,0,g,1,g
257,golden corral,guacamole,7,g,0,mg,90,g,5,g,1,g,1,g,0,g,3,g,1,g
258,golden corral,croutons,0.5,g,0,mg,85,g,4,g,1,g,0,g,0,g,0,g,0,g
259,golden corral,cheddar cheese shredded,4.5,g,15,mg,90,g,0,g,4,g,2.5,g,0,g,0,g,0,g
260,golden corral,tomatoes diced cold,0,g,0,mg,0,g,2,g,0,g,0,g,0,g,1,g,1,g
261,golden corral,squash cold,0,g,0,mg,0,g,2,g,1,g,0,g,0,g,1,g,1,g
262,golden corral,orange slices,0,g,0,mg,15,g,42,g,0,g,0,g,0,g,0,g,31,g
263,golden corral,mushrooms sliced raw,0,g,0,mg,0,g,1,g,0,g,0,g,0,g,0,g,0,g
264,golden corral,baby carrots raw,0,g,0,mg,40,g,4,g,0,g,0,g,0,g,1,g,2,g
265,golden corral,green peppers,0,g,0,mg,0,g,1,g,0,g,0,g,0,g,1,g,1,g
266,golden corral,diced cold ham,4,g,45,mg,1030,g,4,g,14,g,1.5,g,0,g,0,g,2,g
267,golden corral,cantaloupe,0,g,0,mg,15,g,7,g,1,g,0,g,0,g,1,g,6,g
268,golden corral,fresh onion rings,0,g,0,mg,0,g,1,g,0,g,0,g,0,g,0,g,1,g
269,golden corral,marinated asparagus,0,g,0,mg,140,g,5,g,2,g,0,g,0,g,1,g,1,g
270,golden corral,tomato wedges,0,g,0,mg,0,g,3,g,1,g,0,g,0,g,1,g,2,g
271,golden corral,cut apples,0,g,0,mg,0,g,7,g,1,g,0,g,0,g,1,g,7,g
272,golden corral,cucumbers,0,g,0,mg,0,g,1,g,0,g,0,g,0,g,0,g,1,g
273,golden corral,dill spears pickles,0,g,0,mg,320,g,0,g,0,g,0,g,0,g,0,g,0,g
274,golden corral,pecan praline,4.5,g,0,mg,25,g,7,g,0,g,0,g,0,g,0,g,7,g
275,golden corral,cherry peppers cold,0,g,0,mg,740,g,2,g,0,g,0,g,0,g,0,g,0,g
276,golden corral,broccoli florets cold,0,g,0,mg,0,g,1,g,1,g,0,g,0,g,1,g,0,g
277,golden corral,shrimp cold,0,g,80,mg,180,g,0,g,5,g,0,g,0,g,0,g,0,g
278,golden corral,iceberg or shredded lettuce,0,g,0,mg,5,g,2,g,1,g,0,g,0,g,1,g,1,g
279,golden corral,pico de gallo,0,g,0,mg,0,g,3,g,1,g,0,g,0,g,1,g,2,g
280,golden corral,almonds sliced,6,g,0,mg,0,g,2,g,2,g,0,g,0,g,1,g,1,g
281,golden corral,steak strips,6,g,55,mg,400,g,0,g,24,g,3,g,0,g,0,g,0,g
282,golden corral,garbanzo beans,1,g,0,mg,180,g,9,g,3,g,0,g,0,g,4,g,2,g
283,golden corral,sweet chip pickles,0,g,0,mg,140,g,7,g,0,g,0,g,0,g,0,g,5,g
284,golden corral,lettuce wedge,0,g,0,mg,5,g,2,g,1,g,0,g,0,g,1,g,1,g
285,golden corral,bacon bits,3.5,g,15,mg,240,g,0,g,5,g,1.5,g,0,g,0,g,0,g
286,golden corral,jalapenos sliced,0,g,0,mg,410,g,2,g,0,g,0,g,0,g,0,g,1,g
287,golden corral,salsa,0,g,0,mg,200,g,2,g,0,g,0,g,0,g,0,g,1,g
288,golden corral,parmesan cheese shredded,4,g,10,mg,110,g,0,g,3,g,2,g,0,g,0,g,0,g
289,golden corral,black olives,4,g,0,mg,220,g,2,g,0,g,2,g,0,g,0,g,0,g
290,golden corral,lemon wedges,0,g,0,mg,0,g,1,g,0,g,0,g,0,g,0,g,0,g
291,golden corral,radishes,0,g,0,mg,10,g,1,g,0,g,0,g,0,g,0,g,1,g
292,golden corral,ham strips,6,g,50,mg,1070,g,1,g,14,g,2,g,0,g,0,g,1,g
293,golden corral,chickpeas,1,g,0,mg,180,g,9,g,3,g,0,g,0,g,4,g,2,g
294,golden corral,fruit cocktail,0,g,0,mg,15,g,18,g,0,g,0,g,0,g,1,g,16,g
295,golden corral,artichoke hearts,0,g,0,mg,150,g,2,g,1,g,0,g,0,g,1,g,1,g
296,golden corral,strawberries,0,g,0,mg,0,g,5,g,0,g,0,g,0,g,1,g,3,g
297,golden corral,pina colada dip,3,g,0,mg,20,g,7,g,0,g,2,g,0,g,0,g,6,g
298,golden corral,romaine lettuce,0,g,0,mg,0,g,2,g,1,g,0,g,0,g,1,g,1,g
299,golden corral,chicken breast strips,1,g,35,mg,190,g,0,g,11,g,0,g,0,g,0,g,0,g
300,golden corral,onions dried,3.5,g,0,mg,60,g,3,g,0,g,1.5,g,0,g,0,g,0,g
301,golden corral,margarine,11,g,0,mg,105,g,0,g,0,g,5,g,0,g,0,g,0,g
302,golden corral,red wine vinegar,0,g,0,mg,0,g,0,g,0,g,0,g,0,g,0,g,0,g
303,golden corral,eggs diced,3.5,g,125,mg,40,g,0,g,4,g,1,g,0,g,0,g,0,g
304,golden corral,julienne carrots,0,g,0,mg,20,g,3,g,0,g,0,g,0,g,1,g,1,g
305,golden corral,mandarin oranges,0,g,0,mg,5,g,7,g,0,g,0,g,0,g,0,g,6,g
306,golden corral,grapefruit,0,g,0,mg,0,g,7,g,1,g,0,g,0,g,1,g,7,g
307,golden corral,pickled beets cold,0,g,0,mg,85,g,14,g,0,g,0,g,0,g,0,g,13,g
308,golden corral,onions raw diced,0,g,0,mg,0,g,4,g,0,g,0,g,0,g,1,g,2,g
309,golden corral,banana,0,g,0,mg,0,g,23,g,1,g,0,g,0,g,3,g,12,g
310,golden corral,pineapple tidbits,0,g,0,mg,0,g,10,g,0,g,0,g,0,g,1,g,9,g
311,golden corral,pepperoncini cold,0,g,0,mg,600,g,2,g,0,g,0,g,0,g,1,g,0,g
312,golden corral,green olives,4,g,0,mg,580,g,0,g,1,g,0,g,0,g,0,g,0,g
313,golden corral,pimento cheese,14,g,25,mg,180,g,1,g,4,g,4,g,0,g,0,g,0,g
314,golden corral,eggs whole,5,g,185,mg,60,g,1,g,6,g,1.5,g,0,g,0,g,1,g
315,golden corral,cauliflower raw,0,g,0,mg,10,g,1,g,1,g,0,g,0,g,1,g,1,g
316,golden corral,blue cheese crumbles,4,g,15,mg,190,g,0,g,3,g,2.5,g,0,g,0,g,0,g
317,golden corral,apple salad,10,g,15,mg,260,g,29,g,1,g,1.5,g,0,g,2,g,23,g
318,golden corral,wasabi peas,1,g,0,mg,85,g,7,g,2,g,0,g,0,g,0,g,1,g
319,golden corral,sour cream,5,g,20,mg,45,g,2,g,1,g,3.5,g,0,g,0,g,1,g
320,golden corral,sunflower seeds,8,g,0,mg,105,g,4,g,3,g,1,g,0,g,1,g,0,g
321,golden corral,salad oil,14,g,0,mg,0,g,0,g,0,g,2.5,g,0,g,0,g,0,g
322,golden corral,pine nuts,10,g,0,mg,10,g,3,g,2,g,1.5,g,0,g,2,g,0,g
323,golden corral,soy nuts,2.5,g,0,mg,35,g,4,g,5,g,0,g,0,g,1,g,0,g
324,golden corral,cranberries dried,0,g,0,mg,0,g,17,g,0,g,0,g,0,g,1,g,15,g
325,golden corral,pecan pieces,9,g,0,mg,0,g,2,g,1,g,1,g,0,g,1,g,1,g
326,golden corral,rice noodles dry,1,g,0,mg,90,g,5,g,1,g,0,g,0,g,0,g,0,g
327,golden corral,sesame sticks,8,g,0,mg,320,g,10,g,2,g,1.5,g,0,g,1,g,0,g
328,golden corral,pepperoni,4.5,g,10,mg,190,g,0,g,2,g,2,g,0,g,0,g,0,g
329,golden corral,greenhouse shrimp,0.5,g,85,mg,125,g,0,g,10,g,0,g,0,g,0,g,0,g
330,golden corral,roasted peppers,8,g,0,mg,210,g,5,g,1,g,1.5,g,0,g,1,g,2,g
331,golden corral,kidney beans cold,0,g,0,mg,180,g,8,g,4,g,0,g,0,g,3,g,1,g
332,golden corral,raisins,0,g,0,mg,0,g,16,g,1,g,0,g,0,g,1,g,12,g
333,golden corral,shredded carrots cold,0,g,0,mg,20,g,3,g,0,g,0,g,0,g,1,g,1,g
334,golden corral,ranch dressing,12,g,10,mg,240,g,2,g,1,g,2,g,0,g,0,g,1,g
335,golden corral,caesar dressing,15,g,25,mg,340,g,2,g,1,g,2.5,g,0,g,0,g,1,g
336,golden corral,ranch dressing fat free,0,g,0,mg,300,g,9,g,0,g,0,g,0,g,0,g,5,g
337,golden corral,thousand island dressing,13,g,10,mg,220,g,6,g,0,g,2,g,0,g,0,g,5,g
338,golden corral,red wine vinaigrette,0,g,0,mg,0,g,1,g,0,g,0,g,0,g,0,g,0,g
339,golden corral,honey mustard dressing,11,g,15,mg,180,g,7,g,0,g,1.5,g,0,g,0,g,6,g
340,golden corral,balsamic viniagrette,0,g,0,mg,260,g,5,g,0,g,0,g,0,g,0,g,2,g
341,golden corral,blue cheese dressing,16,g,10,mg,230,g,1,g,1,g,3,g,0,g,0,g,1,g
342,golden corral,thousand island dressing fat free,0,g,0,mg,250,g,10,g,0,g,0,g,0,g,1,g,4,g
343,golden corral,lite olive oil viniagrette,6,g,0,mg,230,g,3,g,0,g,1,g,0,g,0,g,2,g
344,golden corral,bacon dressing,14,g,0,mg,300,g,5,g,0,g,2,g,0,g,0,g,5,g
345,golden corral,french dressing,11,g,0,mg,180,g,5,g,0,g,1.5,g,0,g,0,g,5,g
346,golden corral,catalina dressing,11,g,0,mg,370,g,7,g,0,g,1.5,g,0,g,0,g,7,g
347,golden corral,catalina dressing fat free,0,g,0,mg,300,g,10,g,0,g,0,g,0,g,1,g,6,g
348,golden corral,ginger dressing,12,g,0,mg,220,g,4,g,0,g,2,g,0,g,0,g,3,g
349,golden corral,seafood salad,10,g,10,mg,680,g,9,g,5,g,1.5,g,0,g,2,g,4,g
350,golden corral,broccoli salad,8,g,10,mg,85,g,9,g,2,g,1.5,g,0,g,1,g,6,g
351,golden corral,tuna salad,12,g,45,mg,560,g,4,g,16,g,1.5,g,0,g,0,g,3,g
352,golden corral,southern broccoli salad,15,g,15,mg,105,g,10,g,1,g,2,g,0,g,1,g,6,g
353,golden corral,carrot raisin salad,7,g,5,mg,75,g,11,g,1,g,1,g,0,g,1,g,7,g
354,golden corral,egg salad,17,g,260,mg,280,g,3,g,8,g,3.5,g,0,g,0,g,2,g
355,golden corral,marinated mushroom salad,6,g,0,mg,240,g,5,g,1,g,1,g,0,g,0,g,3,g
356,golden corral,coleslaw,9,g,10,mg,240,g,6,g,1,g,1.5,g,0,g,1,g,5,g
357,golden corral,beet and onion salad,0,g,0,mg,260,g,11,g,1,g,0,g,0,g,2,g,7,g
358,golden corral,strawberry spinach salad,2.5,g,0,mg,45,g,5,g,2,g,0,g,0,g,2,g,2,g
359,golden corral,potato salad,19,g,130,mg,260,g,16,g,5,g,3,g,0,g,1,g,2,g
360,golden corral,caesar salad,8,g,15,mg,290,g,8,g,3,g,2,g,0,g,1,g,1,g
361,golden corral,macaroni salad,11,g,10,mg,490,g,41,g,5,g,1,g,0,g,1,g,12,g
362,golden corral,tomato and onion salad,2,g,0,mg,85,g,5,g,1,g,0,g,0,g,1,g,3,g
363,golden corral,kidney bean salad,10,g,10,mg,390,g,16,g,5,g,1.5,g,0,g,4,g,4,g
364,golden corral,chicken salad,22,g,105,mg,320,g,3,g,10,g,3,g,0,g,0,g,1,g
365,golden corral,three bean salad,0.5,g,0,mg,15,g,19,g,2,g,0,g,0,g,3,g,12,g
366,golden corral,potato steakhouse salad,5,g,5,mg,460,g,26,g,2,g,0.5,g,0,g,1,g,9,g
367,golden corral,southern style chicken salad,24,g,55,mg,290,g,8,g,9,g,3,g,0,g,0,g,5,g
368,golden corral,marinated garden salad,6,g,0,mg,230,g,7,g,1,g,1,g,0,g,1,g,4,g
369,golden corral,blt salad,6,g,10,mg,230,g,4,g,3,g,1.5,g,0,g,1,g,2,g
370,golden corral,pea salad,14,g,50,mg,410,g,16,g,7,g,3,g,0,g,5,g,7,g
371,golden corral,seven seas shrimp salad,8,g,70,mg,460,g,6,g,10,g,1,g,0,g,1,g,2,g
372,golden corral,pasta salad,6,g,0,mg,220,g,20,g,4,g,1,g,0,g,2,g,4,g
373,golden corral,marinated summer salad,5,g,0,mg,200,g,5,g,1,g,1,g,0,g,1,g,3,g
374,golden corral,marinated vegetable salad,2,g,0,mg,90,g,3,g,1,g,0,g,0,g,1,g,2,g
375,golden corral,spinach bacon salad,9,g,40,mg,280,g,4,g,5,g,2.5,g,0,g,1,g,2,g
376,golden corral,spinach artichoke dip salad,6,g,5,mg,320,g,7,g,3,g,2,g,0,g,1,g,2,g
377,golden corral,grilled chicken avocado sandwich,16,g,25,mg,430,g,12,g,9,g,6,g,0,g,2,g,1,g
378,golden corral,grilled cheese sandwich,14,g,15,mg,440,g,10,g,4,g,7,g,0,g,0,g,1,g
379,golden corral,steakburger sandwich,14,g,10,mg,380,g,16,g,17,g,6,g,1,g,1,g,5,g
380,golden corral,grilled turkey and cheese sandwich,19,g,50,mg,690,g,13,g,19,g,7,g,0,g,0,g,2,g
381,golden corral,ham and cheese melt sandwich,18,g,40,mg,970,g,10,g,13,g,8,g,0,g,0,g,1,g
382,golden corral,philly steak sandwich,20,g,60,mg,740,g,12,g,19,g,8,g,0,g,0,g,2,g
383,golden corral,mini bbq pork sandwich,11,g,50,mg,260,g,20,g,14,g,3,g,1,g,1,g,8,g
384,golden corral,buffalo chicken sandwich,10,g,30,mg,620,g,20,g,9,g,3,g,0,g,1,g,5,g
385,golden corral,mini bbq brisket sandwich,7,g,10,mg,260,g,18,g,4,g,2.5,g,0,g,0,g,6,g
386,golden corral,chicken bistro melt sandwich,16,g,60,mg,590,g,12,g,17,g,7,g,0,g,0,g,1,g
387,golden corral,patty melt sandwich,22,g,55,mg,1140,g,13,g,16,g,10,g,1,g,0,g,2,g
388,golden corral,turkey and bacon bistro melt sandwich,18,g,60,mg,760,g,10,g,21,g,8,g,0,g,0,g,1,g
389,golden corral,bbq pork sandwich,11,g,50,mg,260,g,20,g,14,g,4,g,0,g,1,g,8,g
390,golden corral,mini bacon steakburger sandwich,16,g,15,mg,450,g,16,g,19,g,7,g,1,g,1,g,5,g
391,golden corral,mini chicken sandwich,10,g,30,mg,450,g,19,g,9,g,3,g,0,g,1,g,5,g
392,golden corral,6 oz cheeseburger,34,g,20,mg,810,g,32,g,36,g,12,g,2,g,1,g,9,g
393,golden corral,alfredo sauce,14,g,5,mg,380,g,3,g,3,g,3.5,g,0,g,0,g,0,g
394,golden corral,apple cobbler,5,g,5,mg,240,g,34,g,1,g,2,g,0,g,0,g,23,g
395,golden corral,apple juice,0,g,0,mg,0,g,28,g,0,g,0,g,0,g,0,g,26,g
396,golden corral,apple pecan topped wathe,11,g,20,mg,360,g,25,g,3,g,2.5,g,0,g,0,g,11,g
397,golden corral,apple pie,13,g,10,mg,400,g,49,g,5,g,5,g,0,g,2,g,16,g
398,golden corral,apple salad,10,g,15,mg,260,g,29,g,1,g,1.5,g,0,g,2,g,23,g
399,golden corral,apple spiced coffee cake,7,g,15,mg,210,g,33,g,2,g,1,g,0,g,1,g,21,g
400,golden corral,apple topping,0,g,0,mg,40,g,12,g,0,g,0,g,0,g,0,g,10,g
401,golden corral,apple topped wathe,10,g,20,mg,360,g,25,g,3,g,2.5,g,0,g,0,g,11,g
402,golden corral,apples,0,g,0,mg,0,g,4,g,0,g,0,g,0,g,1,g,3,g
403,golden corral,applesauce,0,g,0,mg,15,g,23,g,0,g,0,g,0,g,2,g,18,g
404,golden corral,artichoke hearts,0,g,0,mg,150,g,2,g,1,g,0,g,0,g,1,g,1,g
405,golden corral,asian stir fry vegetables,2.5,g,0,mg,620,g,22,g,3,g,0,g,0,g,2,g,15,g
406,golden corral,asparagus steamed,7,g,0,mg,280,g,2,g,2,g,3,g,0,g,1,g,1,g
407,golden corral,au jus gravy,2.5,g,5,mg,380,g,2,g,0,g,1,g,0,g,0,g,0,g
408,golden corral,baby back pork ribs,13,g,55,mg,350,g,3,g,15,g,4.5,g,0,g,0,g,2,g
409,golden corral,baby carrots,0,g,0,mg,40,g,4,g,0,g,0,g,0,g,1,g,2,g
410,golden corral,baby lima beans,5,g,0,mg,420,g,19,g,6,g,2,g,0,g,5,g,2,g
411,golden corral,bacon,4.5,g,15,mg,170,g,0,g,4,g,2,g,0,g,0,g,0,g
412,golden corral,bacon bits,3.5,g,15,mg,240,g,0,g,5,g,1.5,g,0,g,0,g,0,g
413,golden corral,bacon dressing,14,g,0,mg,300,g,5,g,0,g,2,g,0,g,0,g,5,g
414,golden corral,bacon quiche,21,g,90,mg,620,g,15,g,10,g,8,g,0,g,1,g,1,g
415,golden corral,bacon wrapped sirloin filet,12,g,70,mg,630,g,1,g,20,g,5,g,0.5,g,0,g,0,g
416,golden corral,baked bbq chicken legs,7,g,100,mg,610,g,5,g,16,g,2,g,0,g,0,g,4,g
417,golden corral,baked honey teriyaki chicken legs,7,g,100,mg,740,g,7,g,16,g,2,g,0,g,0,g,6,g
418,golden corral,baked mandarin orange chicken legs,7,g,100,mg,610,g,9,g,16,g,2,g,0,g,0,g,8,g
419,golden corral,baked potatoes,0,g,0,mg,15,g,37,g,4,g,0,g,0,g,4,g,2,g
420,golden corral,baked spaghetti,10,g,20,mg,310,g,9,g,9,g,4,g,0,g,1,g,2,g
421,golden corral,baked sweet potatoes,0,g,0,mg,70,g,26,g,2,g,0,g,0,g,4,g,5,g
422,golden corral,baked teriyaki chicken legs,7,g,100,mg,840,g,7,g,16,g,2,g,0,g,0,g,5,g
423,golden corral,balsamic vinaigrette,0,g,0,mg,260,g,5,g,0,g,0,g,0,g,0,g,2,g
424,golden corral,balsamic vinegar,0,g,0,mg,0,g,3,g,0,g,0,g,0,g,0,g,2,g
425,golden corral,banana nut bread,4,g,5,mg,240,g,40,g,2,g,0.5,g,0,g,1,g,25,g
426,golden corral,banana nut french toast,10,g,100,mg,290,g,48,g,6,g,2,g,0,g,2,g,32,g
427,golden corral,banana pecan oatmeal cookies no sugar added,4,g,15,mg,125,g,17,g,2,g,1.5,g,0,g,1,g,1,g
428,golden corral,banana pudding,10,g,0,mg,190,g,35,g,2,g,7,g,0,g,0,g,21,g
429,golden corral,bananas,0,g,0,mg,0,g,23,g,1,g,0,g,0,g,3,g,12,g
430,golden corral,barbacoa,23,g,90,mg,490,g,0,g,18,g,12,g,0,g,0,g,0,g
431,golden corral,barqs root beere 12 oz,0,g,0,mg,55,g,44,g,0,g,0,g,0,g,0,g,44,g
432,golden corral,barqs root beere 16 oz,0,g,0,mg,70,g,58,g,0,g,0,g,0,g,0,g,58,g
433,golden corral,barqs root beere 32 oz,0,g,0,mg,140,g,116,g,0,g,0,g,0,g,0,g,116,g
434,golden corral,basil parmesan flatbread,4,g,0,mg,110,g,6,g,2,g,1,g,0,g,0,g,1,g
435,golden corral,bbq baked beans,1,g,0,mg,640,g,35,g,5,g,0,g,0,g,4,g,20,g
436,golden corral,bbq beef,5,g,50,mg,160,g,0,g,18,g,1.5,g,0,g,0,g,0,g
437,golden corral,bbq beef ribs boneless,8,g,60,mg,920,g,9,g,23,g,3.5,g,0,g,0,g,7,g
438,golden corral,bbq chicken breasts baked bone in,12,g,190,mg,150,g,5,g,55,g,4,g,0,g,1,g,4,g
439,golden corral,bbq chicken legs,7,g,90,mg,340,g,4,g,18,g,1.5,g,0,g,0,g,4,g
440,golden corral,bbq chicken thighs baked bone in,24,g,185,mg,1280,g,6,g,28,g,8,g,0,g,1,g,5,g
441,golden corral,bbq chicken wings,12,g,95,mg,190,g,3,g,15,g,3,g,0,g,0,g,3,g
442,golden corral,bbq pork,8,g,75,mg,100,g,5,g,18,g,2.5,g,0,g,1,g,4,g
443,golden corral,bbq pork loin,7,g,45,mg,740,g,9,g,17,g,2.5,g,0,g,1,g,7,g
444,golden corral,bbq pork ribs,12,g,75,mg,440,g,5,g,23,g,4,g,0,g,0,g,4,g
445,golden corral,bbq pork ribs boneless,7,g,30,mg,210,g,3,g,10,g,2.5,g,0,g,0,g,3,g
446,golden corral,bbq sauce,0,g,0,mg,320,g,9,g,0,g,0,g,0,g,0,g,7,g
447,golden corral,beef enchiladas,12,g,40,mg,560,g,11,g,11,g,4,g,0,g,1,g,1,g
448,golden corral,beef liver and onions,11,g,225,mg,280,g,8,g,20,g,2.5,g,1,g,2,g,3,g
449,golden corral,beef pot pie,10,g,40,mg,460,g,15,g,11,g,4.5,g,0,g,1,g,2,g
450,golden corral,beef quesadillas,9,g,15,mg,200,g,9,g,5,g,3,g,0,g,1,g,1,g
451,golden corral,beet and onion salad,0,g,0,mg,260,g,11,g,1,g,0,g,0,g,2,g,7,g
452,golden corral,beets,0,g,0,mg,125,g,4,g,1,g,0,g,0,g,1,g,3,g
453,golden corral,berry berry wathe,20,g,45,mg,380,g,28,g,4,g,4.5,g,0,g,0,g,14,g
454,golden corral,berry cheese blintz,25,g,60,mg,190,g,25,g,3,g,6,g,0,g,0,g,19,g
455,golden corral,billionaires pie,17,g,25,mg,280,g,24,g,2,g,8,g,0,g,0,g,12,g
456,golden corral,black beans seasoned,5,g,0,mg,770,g,26,g,8,g,0.5,g,0,g,6,g,3,g
457,golden corral,black olives,4,g,0,mg,220,g,2,g,0,g,2,g,0,g,0,g,0,g
458,golden corral,black eyed peas,2.5,g,0,mg,570,g,14,g,5,g,0.5,g,0,g,3,g,0,g
459,golden corral,black eyed peas southern style,7,g,15,mg,1560,g,20,g,8,g,2.5,g,0,g,5,g,4,g
460,golden corral,blt salad,6,g,10,mg,230,g,4,g,3,g,1.5,g,0,g,1,g,2,g
461,golden corral,blue cheese crumbles,4,g,15,mg,190,g,0,g,3,g,2.5,g,0,g,0,g,0,g
462,golden corral,blue cheese dressing,16,g,10,mg,230,g,1,g,1,g,3,g,0,g,0,g,1,g
463,golden corral,blueberries,0,g,0,mg,0,g,5,g,0,g,0,g,0,g,1,g,4,g
464,golden corral,blueberry muffins,14,g,30,mg,420,g,54,g,3,g,4,g,0,g,1,g,29,g
465,golden corral,blueberry pancakes,4,g,10,mg,35,g,10,g,2,g,1,g,0,g,1,g,3,g
466,golden corral,blueberry pie no sugar added,8,g,0,mg,380,g,49,g,5,g,3,g,0,g,4,g,6,g
467,golden corral,blueberry syrup,0,g,0,mg,30,g,28,g,0,g,0,g,0,g,0,g,26,g
468,golden corral,boneless bbq chicken wings,6,g,55,mg,830,g,13,g,20,g,1.5,g,0,g,1,g,7,g
469,golden corral,boneless buffalo chicken wings,7,g,65,mg,1060,g,8,g,22,g,1.5,g,0,g,3,g,0,g
470,golden corral,boneless franks red hot chicken wings,7,g,60,mg,1450,g,6,g,22,g,1.5,g,0,g,1,g,0,g
471,golden corral,boneless nashville chicken wings,6,g,60,mg,1170,g,13,g,19,g,1,g,0,g,2,g,4,g
472,golden corral,bourbon street chicken,9,g,95,mg,350,g,4,g,19,g,2.5,g,0,g,1,g,4,g
473,golden corral,bourbon street chicken wings,12,g,100,mg,330,g,3,g,16,g,3.5,g,0,g,0,g,2,g
474,golden corral,bread pudding,13,g,95,mg,130,g,33,g,5,g,8,g,0,g,0,g,23,g
475,golden corral,breaded chicken wings,19,g,110,mg,410,g,7,g,18,g,4.5,g,0,g,0,g,0,g
476,golden corral,breaded ravioli,22,g,20,mg,800,g,36,g,8,g,6,g,0,g,2,g,3,g
477,golden corral,breakfast pizza,24,g,135,mg,810,g,25,g,20,g,12,g,0,g,1,g,2,g
478,golden corral,broccoli,0,g,0,mg,0,g,1,g,1,g,0,g,0,g,0,g,0,g
479,golden corral,broccoli and cheese soup,12,g,35,mg,1030,g,13,g,8,g,7,g,0,g,0,g,8,g
480,golden corral,broccoli and rice casserole,6,g,5,mg,560,g,16,g,4,g,2.5,g,0,g,1,g,1,g
481,golden corral,broccoli salad,8,g,10,mg,85,g,9,g,2,g,1.5,g,0,g,1,g,6,g
482,golden corral,broccoli salad southern style,15,g,15,mg,105,g,10,g,1,g,2,g,0,g,1,g,6,g
483,golden corral,broccoli steamed,0,g,0,mg,85,g,6,g,2,g,0,g,0,g,3,g,1,g
484,golden corral,brown gravy,0.5,g,0,mg,310,g,4,g,0,g,0,g,0,g,0,g,1,g
485,golden corral,brown sugar,0,g,0,mg,0,g,14,g,0,g,0,g,0,g,0,g,13,g
486,golden corral,brunswick stew,2.5,g,20,mg,620,g,18,g,9,g,1,g,0,g,4,g,7,g
487,golden corral,bruschetta bread,8,g,0,mg,240,g,11,g,2,g,1.5,g,0,g,1,g,1,g
488,golden corral,brussels sprouts,6,g,0,mg,240,g,4,g,3,g,2.5,g,0,g,3,g,2,g
489,golden corral,brussels sprouts with lemon herb butter sauce,8,g,5,mg,125,g,4,g,2,g,3.5,g,0,g,2,g,2,g
490,golden corral,buffalo chicken sandwich,10,g,30,mg,620,g,20,g,9,g,3,g,0,g,1,g,5,g
491,golden corral,buffalo meatballs,15,g,70,mg,1350,g,15,g,15,g,6,g,0,g,4,g,1,g
492,golden corral,buffalo wings with franks redhot sauce,12,g,100,mg,340,g,0,g,16,g,3.5,g,0,g,0,g,0,g
493,golden corral,butter pecan ice cream,9,g,25,mg,120,g,16,g,2,g,4,g,0,g,0,g,12,g
494,golden corral,buttered noodles,9,g,30,mg,75,g,25,g,5,g,1,g,0,g,2,g,1,g
495,golden corral,buttermilk biscuits,13,g,0,mg,620,g,24,g,4,g,7,g,0,g,1,g,2,g
496,golden corral,cabbage,5,g,0,mg,200,g,4,g,1,g,2,g,0,g,2,g,2,g
497,golden corral,cabbage kettle cooked,2.5,g,5,mg,180,g,4,g,2,g,0.5,g,0,g,1,g,2,g
498,golden corral,caesar dressing,15,g,25,mg,340,g,2,g,1,g,2.5,g,0,g,0,g,1,g
499,golden corral,caesar salad,8,g,15,mg,290,g,8,g,3,g,2,g,0,g,1,g,1,g
500,golden corral,cajun chicken soup,1,g,10,mg,750,g,10,g,5,g,0,g,0,g,1,g,2,g
501,golden corral,cajun double smoked sausage,21,g,50,mg,640,g,2,g,12,g,9,g,0,g,1,g,1,g
502,golden corral,campre vegetable medley,5,g,0,mg,500,g,9,g,2,g,2,g,0,g,2,g,2,g
503,golden corral,candy corn,0,g,0,mg,30,g,16,g,0,g,0,g,0,g,0,g,13,g
504,golden corral,cantaloupe,0,g,0,mg,15,g,7,g,1,g,0,g,0,g,1,g,6,g
505,golden corral,captains wafers,5,g,0,mg,210,g,18,g,2,g,0,g,0,g,0,g,2,g
506,golden corral,caramel pecan shooter,10,g,5,mg,90,g,38,g,1,g,3.5,g,0,g,0,g,31,g
507,golden corral,caramel pecan sticky rolls,9,g,0,mg,320,g,52,g,4,g,1.5,g,0,g,1,g,27,g
508,golden corral,carne guisada,6,g,50,mg,390,g,4,g,17,g,1.5,g,0,g,1,g,2,g
509,golden corral,carrot cake,12,g,15,mg,200,g,34,g,1,g,4.5,g,0,g,1,g,27,g
510,golden corral,carrot raisin salad,7,g,5,mg,75,g,11,g,1,g,1,g,0,g,1,g,7,g
511,golden corral,carrot southe,8,g,35,mg,135,g,25,g,2,g,3.5,g,0,g,2,g,20,g
512,golden corral,carrots,0,g,0,mg,20,g,3,g,0,g,0,g,0,g,1,g,1,g
513,golden corral,carved turkey dark meat,9,g,115,mg,160,g,0,g,23,g,2.5,g,0,g,0,g,0,g
514,golden corral,carved turkey white meat,7,g,65,mg,125,g,0,g,24,g,2,g,0,g,0,g,0,g
515,golden corral,carved turkey breast,6,g,45,mg,640,g,2,g,15,g,2,g,0,g,0,g,0,g
516,golden corral,catalina dressing,11,g,0,mg,370,g,7,g,0,g,1.5,g,0,g,0,g,7,g
517,golden corral,catalina fat free dressing,0,g,0,mg,300,g,10,g,0,g,0,g,0,g,1,g,6,g
518,golden corral,cauliower,0,g,0,mg,10,g,1,g,1,g,0,g,0,g,1,g,1,g
519,golden corral,cauliower steamed,0,g,0,mg,65,g,3,g,1,g,0,g,0,g,2,g,2,g
520,golden corral,celery sticks,0,g,0,mg,15,g,1,g,0,g,0,g,0,g,0,g,0,g
521,golden corral,charro beans,2.5,g,0,mg,490,g,16,g,5,g,0,g,0,g,5,g,2,g
522,golden corral,cheddar cheese,4.5,g,15,mg,90,g,0,g,4,g,2.5,g,0,g,0,g,0,g
523,golden corral,cheddar stuffed potatoes,7,g,20,mg,530,g,35,g,8,g,3,g,0,g,2,g,3,g
524,golden corral,cheese enchiladas,17,g,40,mg,620,g,10,g,10,g,8,g,0,g,1,g,0,g
525,golden corral,cheese grits,9,g,20,mg,310,g,16,g,7,g,4.5,g,0,g,0,g,0,g
526,golden corral,cheese pizza,7,g,15,mg,540,g,26,g,9,g,4.5,g,0,g,1,g,2,g
527,golden corral,cheese sauce,8,g,10,mg,450,g,3,g,3,g,3,g,0,g,0,g,0,g
528,golden corral,cherry cobbler,5,g,5,mg,220,g,37,g,2,g,2,g,0,g,1,g,25,g
529,golden corral,cherry peppers,0,g,0,mg,740,g,2,g,0,g,0,g,0,g,0,g,0,g
530,golden corral,cherry pie,10,g,0,mg,230,g,40,g,2,g,4.5,g,0,g,1,g,20,g
531,golden corral,cherry tomatoes,0,g,0,mg,0,g,3,g,1,g,0,g,0,g,1,g,2,g
532,golden corral,cherry topping,0,g,0,mg,25,g,12,g,0,g,0,g,0,g,0,g,10,g
533,golden corral,chicken and noodle dumplings,7,g,45,mg,1100,g,25,g,13,g,2,g,0,g,1,g,2,g
534,golden corral,chicken bistro melt,16,g,60,mg,590,g,12,g,17,g,7,g,0,g,0,g,1,g
535,golden corral,chicken cacciatore,19,g,140,mg,970,g,6,g,23,g,5,g,0,g,2,g,4,g
536,golden corral,chicken enchiladas,11,g,40,mg,670,g,11,g,11,g,3.5,g,0,g,1,g,1,g
537,golden corral,chicken fajitas,3,g,30,mg,230,g,3,g,10,g,0.5,g,0,g,0,g,3,g
538,golden corral,chicken fried chicken,14,g,60,mg,710,g,14,g,21,g,2.5,g,0,g,1,g,0,g
539,golden corral,chicken fried steak,8,g,15,mg,370,g,10,g,7,g,2,g,0,g,0,g,0,g
540,golden corral,chicken fried steak made from scratch,6,g,25,mg,1250,g,31,g,14,g,2,g,0,g,1,g,3,g
541,golden corral,chicken gizzards,10,g,90,mg,310,g,10,g,9,g,2,g,0,g,1,g,0,g
542,golden corral,chicken lemonata,6,g,35,mg,1220,g,4,g,15,g,2.5,g,0,g,1,g,1,g
543,golden corral,chicken machaca,6,g,60,mg,470,g,2,g,15,g,1.5,g,0,g,1,g,1,g
544,golden corral,chicken noodle soup,1.5,g,20,mg,900,g,12,g,6,g,0,g,0,g,0,g,1,g
545,golden corral,chicken parmesan,12,g,40,mg,570,g,16,g,17,g,3.5,g,0,g,1,g,1,g
546,golden corral,chicken piccata,13,g,50,mg,640,g,6,g,19,g,4.5,g,0,g,1,g,1,g
547,golden corral,chicken pot pie,7,g,20,mg,340,g,14,g,6,g,2.5,g,0,g,1,g,2,g
548,golden corral,chicken quesadillas,8,g,15,mg,230,g,9,g,5,g,3,g,0,g,1,g,1,g
549,golden corral,chicken salad,22,g,105,mg,320,g,3,g,10,g,3,g,0,g,0,g,1,g
550,golden corral,chicken salad southern style,24,g,55,mg,290,g,8,g,9,g,3,g,0,g,0,g,5,g
551,golden corral,chicken strips,1,g,35,mg,190,g,0,g,11,g,0,g,0,g,0,g,0,g
552,golden corral,chicken stuffed burritos,18,g,60,mg,740,g,18,g,17,g,9,g,0,g,1,g,1,g
553,golden corral,chicken tortilla soup,4.5,g,15,mg,420,g,8,g,4,g,1.5,g,0,g,2,g,2,g
554,golden corral,chickpeas,1,g,0,mg,180,g,9,g,3,g,0,g,0,g,4,g,2,g
555,golden corral,chocolate cake with cherries,8,g,20,mg,190,g,23,g,1,g,2,g,0,g,0,g,17,g
556,golden corral,chocolate cake with chocolate chips,11,g,20,mg,180,g,29,g,1,g,4,g,0,g,0,g,22,g
557,golden corral,chocolate chess pie,19,g,50,mg,180,g,49,g,3,g,10,g,0,g,0,g,42,g
558,golden corral,chocolate chip cookie crumbles,4,g,0,mg,40,g,11,g,1,g,2,g,0,g,0,g,7,g
559,golden corral,chocolate chip cookies,3,g,0,mg,30,g,8,g,1,g,1.5,g,0,g,0,g,5,g
560,golden corral,chocolate chip muffins,19,g,30,mg,420,g,65,g,3,g,8,g,0,g,1,g,39,g
561,golden corral,chocolate chip pancakes,8,g,10,mg,35,g,18,g,2,g,3.5,g,0,g,0,g,11,g
562,golden corral,chocolate chips,8,g,0,mg,0,g,18,g,0,g,5,g,0,g,0,g,16,g
563,golden corral,chocolate cookie sugar free,3.5,g,5,mg,45,g,12,g,1,g,1,g,0,g,1,g,0,g
564,golden corral,chocolate cookie crumbles,2,g,0,mg,55,g,9,g,1,g,0.5,g,0,g,0,g,4,g
565,golden corral,chocolate covered raisins,6,g,0,mg,10,g,15,g,1,g,6,g,0,g,0,g,13,g
566,golden corral,chocolate crinkle cookies,2.5,g,5,mg,70,g,9,g,1,g,0.5,g,0,g,0,g,6,g
567,golden corral,chocolate cupcakes,9,g,20,mg,210,g,28,g,2,g,2.5,g,0,g,1,g,21,g
568,golden corral,chocolate fountain,15,g,0,mg,65,g,20,g,1,g,9,g,0,g,2,g,17,g
569,golden corral,chocolate fudge,4.5,g,0,mg,50,g,22,g,0,g,2,g,0,g,0,g,19,g
570,golden corral,chocolate milk,2.5,g,15,mg,240,g,34,g,10,g,1.5,g,0,g,0,g,32,g
571,golden corral,chocolate pudding no sugar added,4.5,g,10,mg,230,g,16,g,3,g,3,g,0,g,0,g,6,g
572,golden corral,chocolate soft serve,2,g,5,mg,55,g,20,g,1,g,1.5,g,0,g,0,g,15,g
573,golden corral,chocolate sprinkle cookies,3,g,5,mg,75,g,10,g,1,g,1,g,0,g,0,g,7,g
574,golden corral,chocolate syrup,0,g,0,mg,5,g,17,g,0,g,0,g,0,g,0,g,14,g
575,golden corral,chocolate white chip cookies,3,g,5,mg,40,g,8,g,1,g,1.5,g,0,g,0,g,5,g
576,golden corral,chopped peanuts,9,g,0,mg,0,g,4,g,4,g,1.5,g,0,g,2,g,1,g
577,golden corral,chorizo and egg burrito,18,g,105,mg,760,g,22,g,16,g,7,g,0,g,1,g,1,g
578,golden corral,chorizo and eggs,16,g,205,mg,370,g,2,g,13,g,6,g,0,g,0,g,1,g
579,golden corral,chuck tips,5,g,65,mg,250,g,0,g,21,g,1.5,g,0,g,0,g,0,g
580,golden corral,cinnamon apples,2.5,g,0,mg,50,g,15,g,0,g,1,g,0,g,1,g,13,g
581,golden corral,cinnamon imperials,0,g,0,mg,0,g,6,g,0,g,0,g,0,g,0,g,5,g
582,golden corral,cinnamon rolls,7,g,0,mg,300,g,33,g,3,g,2,g,0,g,1,g,13,g
583,golden corral,cinnamon spice shooter,8,g,5,mg,45,g,22,g,0,g,3,g,0,g,0,g,20,g
584,golden corral,clam chowder,5,g,15,mg,730,g,18,g,8,g,2.5,g,0,g,1,g,9,g
585,golden corral,coca cola 12 oz,0,g,0,mg,40,g,40,g,0,g,0,g,0,g,0,g,40,g
586,golden corral,coca cola 16 oz,0,g,0,mg,50,g,53,g,0,g,0,g,0,g,0,g,53,g
587,golden corral,coca cola 32 oz,0,g,0,mg,100,g,107,g,0,g,0,g,0,g,0,g,107,g
588,golden corral,coca cola cherry 12 oz,0,g,0,mg,40,g,42,g,0,g,0,g,0,g,0,g,42,g
589,golden corral,coca cola cherry 16 oz,0,g,0,mg,55,g,56,g,0,g,0,g,0,g,0,g,56,g
590,golden corral,coca cola cherry 32 oz,0,g,0,mg,110,g,112,g,0,g,0,g,0,g,0,g,112,g
591,golden corral,coca cola zero sugare 12 oz,0,g,0,mg,40,g,0,g,0,g,0,g,0,g,0,g,0,g
592,golden corral,coca cola zero sugare 16 oz,0,g,0,mg,55,g,0,g,0,g,0,g,0,g,0,g,0,g
593,golden corral,coca cola zero sugare 32 oz,0,g,0,mg,105,g,0,g,0,g,0,g,0,g,0,g,0,g
594,golden corral,cocktail sauce,0.5,g,0,mg,320,g,7,g,1,g,0,g,0,g,0,g,6,g
595,golden corral,cocoa krispies cereal,1,g,0,mg,135,g,28,g,1,g,0.5,g,0,g,0,g,12,g
596,golden corral,cocoa sugar cookies,2.5,g,5,mg,70,g,8,g,1,g,0.5,g,0,g,0,g,5,g
597,golden corral,coconut cake,14,g,5,mg,300,g,35,g,2,g,8,g,0,g,0,g,24,g
598,golden corral,coconut cherry macaroon cookies,5,g,0,mg,45,g,15,g,1,g,5,g,0,g,2,g,12,g
599,golden corral,coconut cookies,3.5,g,5,mg,35,g,10,g,1,g,2,g,0,g,0,g,6,g
600,golden corral,coconut macaroon cookies,5,g,0,mg,45,g,13,g,1,g,5,g,0,g,1,g,10,g
601,golden corral,coconut meringue pie,12,g,0,mg,190,g,39,g,3,g,6,g,0,g,0,g,22,g
602,golden corral,coleslaw,9,g,10,mg,240,g,6,g,1,g,1.5,g,0,g,1,g,5,g
603,golden corral,collard greens seasoned,1,g,0,mg,330,g,4,g,1,g,0,g,0,g,2,g,0,g
604,golden corral,collards kettle cooked,3,g,5,mg,370,g,9,g,4,g,1,g,0,g,3,g,5,g
605,golden corral,cookies n cream,5,g,0,mg,20,g,7,g,0,g,4,g,0,g,0,g,6,g
606,golden corral,cookies and cream ice cream,9,g,30,mg,75,g,20,g,3,g,5,g,0,g,0,g,15,g
607,golden corral,corn muffins,5,g,20,mg,500,g,39,g,4,g,1,g,0,g,1,g,17,g
608,golden corral,corn pops cereal,0,g,0,mg,75,g,19,g,1,g,0,g,0,g,2,g,7,g
609,golden corral,corn steamed,6,g,0,mg,190,g,19,g,3,g,2,g,0,g,1,g,5,g
610,golden corral,corn on the cob,0.5,g,0,mg,90,g,13,g,2,g,0,g,0,g,2,g,3,g
611,golden corral,corn on the cob fresh,2,g,0,mg,60,g,9,g,2,g,0,g,0,g,1,g,3,g
612,golden corral,corned beef hash,15,g,35,mg,810,g,14,g,11,g,7,g,1,g,2,g,1,g
613,golden corral,cottage cheese,2.5,g,15,mg,460,g,5,g,12,g,1.5,g,0,g,0,g,5,g
614,golden corral,cottage fries,15,g,0,mg,260,g,36,g,4,g,2.5,g,0,g,3,g,4,g
615,golden corral,cotton candy,0,g,0,mg,10,g,25,g,0,g,0,g,0,g,0,g,18,g
616,golden corral,country rope sausage,15,g,50,mg,380,g,0,g,12,g,4.5,g,0,g,0,g,0,g
617,golden corral,country style steak,12,g,35,mg,460,g,8,g,10,g,5,g,0.5,g,1,g,3,g
618,golden corral,crabmeat surimi,1,g,0,mg,170,g,2,g,1,g,0,g,0,g,0,g,1,g
619,golden corral,cranberry juice,0,g,0,mg,0,g,28,g,0,g,0,g,0,g,0,g,28,g
620,golden corral,cranberry sauce,0,g,0,mg,5,g,13,g,0,g,0,g,0,g,1,g,11,g
621,golden corral,creamed chipped beef,12,g,15,mg,500,g,8,g,7,g,2.5,g,0,g,0,g,4,g
622,golden corral,creamed spinach,12,g,5,mg,590,g,10,g,5,g,3,g,0,g,2,g,5,g
623,golden corral,croutons,0.5,g,0,mg,85,g,4,g,1,g,0,g,0,g,0,g,0,g
624,golden corral,cucumbers,0,g,0,mg,0,g,1,g,0,g,0,g,0,g,0,g,1,g
625,golden corral,deviled eggs,5,g,95,mg,70,g,1,g,3,g,1,g,0,g,0,g,0,g
626,golden corral,diced eggs,3.5,g,125,mg,40,g,0,g,4,g,1,g,0,g,0,g,0,g
627,golden corral,diced ham,4,g,45,mg,1030,g,4,g,14,g,1.5,g,0,g,0,g,2,g
628,golden corral,diced onions,0,g,0,mg,0,g,4,g,0,g,0,g,0,g,1,g,2,g
629,golden corral,diced sauteed green peppers,5,g,0,mg,40,g,2,g,0,g,0.5,g,0,g,1,g,1,g
630,golden corral,diced sauteed onions,6,g,0,mg,50,g,5,g,1,g,0.5,g,0,g,1,g,2,g
631,golden corral,diced tomatoes,0,g,0,mg,0,g,2,g,0,g,0,g,0,g,1,g,1,g
632,golden corral,diet coke 12 oz,0,g,0,mg,50,g,0,g,0,g,0,g,0,g,0,g,0,g
633,golden corral,diet coke 16 oz,0,g,0,mg,65,g,0,g,0,g,0,g,0,g,0,g,0,g
634,golden corral,diet coke 32 oz,0,g,0,mg,130,g,0,g,0,g,0,g,0,g,0,g,0,g
635,golden corral,diet dr peppere 12 oz,0,g,0,mg,75,g,0,g,0,g,0,g,0,g,0,g,0,g
636,golden corral,diet dr peppere 16 oz,0,g,0,mg,100,g,0,g,0,g,0,g,0,g,0,g,0,g
637,golden corral,diet dr peppere 32 oz,0,g,0,mg,200,g,0,g,0,g,0,g,0,g,0,g,0,g
638,golden corral,dill pickle spears,0,g,0,mg,320,g,0,g,0,g,0,g,0,g,0,g,0,g
639,golden corral,dill pickles,0,g,0,mg,180,g,0,g,0,g,0,g,0,g,0,g,0,g
640,golden corral,down home fried bacon,10,g,15,mg,350,g,4,g,4,g,2.5,g,0,g,1,g,0,g
641,golden corral,dr peppere 12 oz,0,g,0,mg,45,g,39,g,0,g,0,g,0,g,0,g,39,g
642,golden corral,dr peppere 16 oz,0,g,0,mg,60,g,52,g,0,g,0,g,0,g,0,g,52,g
643,golden corral,dr peppere 32 oz,0,g,0,mg,120,g,104,g,0,g,0,g,0,g,0,g,104,g
644,golden corral,dried cranberries,0,g,0,mg,0,g,17,g,0,g,0,g,0,g,1,g,15,g
645,golden corral,dried onions,3.5,g,0,mg,60,g,3,g,0,g,1.5,g,0,g,0,g,0,g
646,golden corral,egg and sausage breakfast skillet,8,g,95,mg,210,g,7,g,8,g,3.5,g,0,g,0,g,2,g
647,golden corral,egg and sausage casserole,16,g,185,mg,370,g,11,g,14,g,7,g,0,g,0,g,4,g
648,golden corral,egg salad,17,g,260,mg,280,g,3,g,8,g,3.5,g,0,g,0,g,2,g
649,golden corral,eggs benedict,23,g,135,mg,760,g,15,g,9,g,10,g,0,g,1,g,1,g
650,golden corral,fanta orange 12 oz,0,g,0,mg,40,g,40,g,0,g,0,g,0,g,0,g,40,g
651,golden corral,fanta orange 16 oz,0,g,0,mg,55,g,54,g,0,g,0,g,0,g,0,g,53,g
652,golden corral,fanta orange 32 oz,0,g,0,mg,105,g,108,g,0,g,0,g,0,g,0,g,106,g
653,golden corral,fanta strawberry 12 oz,0,g,0,mg,85,g,43,g,0,g,0,g,0,g,0,g,43,g
654,golden corral,fanta strawberry 16 oz,0,g,0,mg,110,g,57,g,0,g,0,g,0,g,0,g,57,g
655,golden corral,fanta strawberry 32 oz,0,g,0,mg,220,g,115,g,0,g,0,g,0,g,0,g,113,g
656,golden corral,fatback,17,g,20,mg,970,g,1,g,6,g,5,g,0,g,0,g,0,g
657,golden corral,flour tortillas,3,g,0,mg,160,g,15,g,2,g,1.5,g,0,g,1,g,0,g
658,golden corral,french dressing,11,g,0,mg,180,g,5,g,0,g,1.5,g,0,g,0,g,5,g
659,golden corral,french toast,8,g,135,mg,200,g,30,g,8,g,2,g,0,g,1,g,13,g
660,golden corral,fresh grapefruit,0,g,0,mg,0,g,16,g,1,g,0,g,0,g,6,g,10,g
661,golden corral,fresh onion strips,0,g,0,mg,0,g,3,g,0,g,0,g,0,g,0,g,1,g
662,golden corral,fresh pineapple,0,g,0,mg,0,g,11,g,0,g,0,g,0,g,1,g,8,g
663,golden corral,fresh tomato pizza,11,g,20,mg,690,g,26,g,10,g,5,g,0,g,1,g,3,g
664,golden corral,fried chicken,15,g,85,mg,460,g,6,g,19,g,3.5,g,0,g,1,g,0,g
665,golden corral,fried chicken legs,12,g,80,mg,220,g,3,g,18,g,3,g,0,g,0,g,0,g
666,golden corral,fried chicken livers,12,g,325,mg,370,g,9,g,21,g,3,g,0,g,1,g,0,g
667,golden corral,fried green tomatoes,11,g,0,mg,660,g,18,g,2,g,2,g,0,g,2,g,3,g
668,golden corral,fried jalapenos,1.5,g,0,mg,0,g,2,g,0,g,0,g,0,g,1,g,1,g
669,golden corral,fried mushrooms,9,g,0,mg,680,g,17,g,4,g,1.5,g,0,g,1,g,2,g
670,golden corral,fried pickles,9,g,0,mg,700,g,16,g,2,g,1.5,g,0,g,1,g,0,g
671,golden corral,fries seasoned wedge,12,g,0,mg,520,g,21,g,3,g,1.5,g,0,g,1,g,1,g
672,golden corral,fries steakhouse,12,g,0,mg,270,g,14,g,1,g,2,g,0,g,2,g,1,g
673,golden corral,frosted flakes cereal,0,g,0,mg,140,g,25,g,1,g,0,g,0,g,0,g,10,g
674,golden corral,frozen vanilla yogurt no sugar added,0,g,0,mg,70,g,14,g,4,g,0,g,0,g,0,g,5,g
675,golden corral,fruit cocktail,0,g,0,mg,15,g,18,g,0,g,0,g,0,g,1,g,16,g
676,golden corral,fruit loops cereal,0.5,g,0,mg,100,g,18,g,1,g,0,g,0,g,2,g,9,g
677,golden corral,fruit salad,0,g,0,mg,10,g,9,g,1,g,0,g,0,g,1,g,7,g
678,golden corral,fruit shaped candy,0,g,0,mg,0,g,15,g,0,g,0,g,0,g,0,g,14,g
679,golden corral,fudgy brownies,7,g,55,mg,1030,g,22,g,3,g,1.5,g,0,g,1,g,10,g
680,golden corral,fuze raspberry tea 12 oz,0,g,0,mg,50,g,23,g,0,g,0,g,0,g,0,g,22,g
681,golden corral,fuze raspberry tea 16 oz,0,g,0,mg,65,g,31,g,0,g,0,g,0,g,0,g,30,g
682,golden corral,fuze raspberry tea 32 oz,0,g,0,mg,135,g,61,g,0,g,0,g,0,g,0,g,59,g
683,golden corral,garlic cheese biscuits,17,g,20,mg,570,g,21,g,6,g,8,g,0,g,0,g,3,g
684,golden corral,garlic cheese knots,7,g,25,mg,230,g,25,g,5,g,3,g,0,g,1,g,7,g
685,golden corral,garlic cheese sticks,5,g,10,mg,290,g,14,g,5,g,2,g,0,g,1,g,1,g
686,golden corral,garlic herb butter sirloin,9,g,55,mg,360,g,1,g,14,g,3.5,g,0,g,0,g,0,g
687,golden corral,garlic parmesan sirloin,5,g,50,mg,600,g,1,g,20,g,1.5,g,0,g,0,g,0,g
688,golden corral,german chocolate brownies,7,g,55,mg,1030,g,21,g,3,g,2,g,0,g,1,g,9,g
689,golden corral,german chocolate cake,11,g,20,mg,220,g,29,g,2,g,4,g,0,g,1,g,21,g
690,golden corral,german chocolate crisp bars,13,g,0,mg,65,g,36,g,2,g,7,g,0,g,2,g,25,g
691,golden corral,ginger dressing,12,g,0,mg,220,g,4,g,0,g,2,g,0,g,0,g,3,g
692,golden corral,gingerbread cookies,2.5,g,5,mg,85,g,11,g,1,g,0,g,0,g,0,g,6,g
693,golden corral,glaceau vitamin watere 12 oz,0,g,0,mg,40,g,19,g,0,g,0,g,0,g,0,g,19,g
694,golden corral,glaceau vitamin watere 16 oz,0,g,0,mg,50,g,26,g,0,g,0,g,0,g,0,g,25,g
695,golden corral,glaceau vitamin watere 32 oz,0,g,0,mg,105,g,51,g,0,g,0,g,0,g,0,g,49,g
696,golden corral,glazed donuts,7,g,5,mg,180,g,24,g,2,g,3,g,0,g,1,g,11,g
697,golden corral,glazed ham,3.5,g,35,mg,620,g,10,g,13,g,1.5,g,0,g,0,g,9,g
698,golden corral,gold peak tea sweetened 12 oz,0,g,0,mg,10,g,33,g,0,g,0,g,0,g,0,g,32,g
699,golden corral,gold peak tea sweetened 16 oz,0,g,0,mg,15,g,44,g,0,g,0,g,0,g,0,g,43,g
700,golden corral,gold peak tea sweetened 32 oz,0,g,0,mg,25,g,88,g,0,g,0,g,0,g,0,g,85,g
701,golden corral,gold peak tea unsweetened 12 oz,0,g,0,mg,40,g,0,g,0,g,0,g,0,g,0,g,0,g
702,golden corral,gold peak tea unsweetened 16 oz,0,g,0,mg,55,g,0,g,0,g,0,g,0,g,0,g,0,g
703,golden corral,gold peak tea unsweetened 32 oz,0,g,0,mg,110,g,0,g,0,g,0,g,0,g,0,g,0,g
704,golden corral,golden roasted chicken dark meat,9,g,105,mg,330,g,0,g,19,g,3,g,0,g,0,g,0,g
705,golden corral,golden roasted chicken white meat,6,g,75,mg,310,g,0,g,22,g,2,g,0,g,0,g,0,g
706,golden corral,grape jelly,0,g,0,mg,0,g,9,g,0,g,0,g,0,g,0,g,6,g
707,golden corral,grapefruit juice,0,g,0,mg,30,g,28,g,0,g,0,g,0,g,0,g,28,g
708,golden corral,grapefruit sections,0,g,0,mg,0,g,7,g,1,g,0,g,0,g,1,g,7,g
709,golden corral,green bean casserole,4.5,g,0,mg,650,g,8,g,2,g,1,g,0,g,2,g,2,g
710,golden corral,green beans,1.5,g,0,mg,520,g,4,g,1,g,0,g,0,g,2,g,2,g
711,golden corral,green beans fresh,6,g,0,mg,250,g,3,g,1,g,2.5,g,0,g,1,g,2,g
712,golden corral,green chili stew,11,g,50,mg,570,g,13,g,18,g,4,g,0,g,1,g,3,g
713,golden corral,green chilies,0,g,0,mg,70,g,2,g,0,g,0,g,0,g,0,g,0,g
714,golden corral,green grapes,0,g,0,mg,0,g,9,g,0,g,0,g,0,g,0,g,8,g
715,golden corral,green olives,4,g,0,mg,580,g,0,g,1,g,0,g,0,g,0,g,0,g
716,golden corral,green peppers,0,g,0,mg,0,g,1,g,0,g,0,g,0,g,1,g,1,g
717,golden corral,grilled bbq chicken,2.5,g,65,mg,730,g,12,g,17,g,0.5,g,0,g,0,g,11,g
718,golden corral,grilled bbq pork,15,g,65,mg,600,g,3,g,21,g,5,g,0,g,0,g,3,g
719,golden corral,grilled bbq pork loin,7,g,40,mg,610,g,3,g,18,g,2.5,g,0,g,0,g,3,g
720,golden corral,grilled bbq pork steaks,13,g,70,mg,750,g,5,g,17,g,5,g,0,g,0,g,3,g
721,golden corral,grilled cajun sausage with apples,18,g,30,mg,320,g,5,g,6,g,7,g,0,g,1,g,4,g
722,golden corral,grilled cheese sandwich,14,g,15,mg,440,g,10,g,4,g,7,g,0,g,0,g,1,g
723,golden corral,grilled chicken and avocado sandwich,16,g,25,mg,430,g,12,g,9,g,6,g,0,g,2,g,1,g
724,golden corral,grilled chicken livers,4.5,g,260,mg,620,g,23,g,18,g,1.5,g,0,g,1,g,1,g
725,golden corral,grilled chopped steaks,20,g,80,mg,450,g,2,g,25,g,8,g,1.5,g,0,g,0,g
726,golden corral,grilled corn on the cob,4,g,0,mg,300,g,14,g,2,g,0,g,0,g,2,g,3,g
727,golden corral,grilled ham steaks,4.5,g,40,mg,870,g,5,g,11,g,1.5,g,0,g,0,g,5,g
728,golden corral,grilled hickory bourbon chicken,6,g,80,mg,930,g,30,g,21,g,2.5,g,0,g,1,g,27,g
729,golden corral,grilled hickory bourbon pork,15,g,65,mg,560,g,7,g,21,g,5,g,0,g,0,g,7,g
730,golden corral,grilled hickory bourbon pork loin,6,g,40,mg,570,g,7,g,18,g,2.5,g,0,g,0,g,7,g
731,golden corral,grilled hickory bourbon pork steaks,13,g,70,mg,710,g,9,g,17,g,5,g,0,g,0,g,7,g
732,golden corral,grilled honey teriyaki chicken breast,3,g,90,mg,1170,g,18,g,24,g,1,g,0,g,1,g,17,g
733,golden corral,grilled mandarin orange chicken,3,g,65,mg,710,g,25,g,17,g,0.5,g,0,g,0,g,23,g
734,golden corral,grilled peach cobbler,1.5,g,5,mg,70,g,22,g,0,g,0,g,0,g,0,g,18,g
735,golden corral,grilled street corn,11,g,10,mg,280,g,13,g,5,g,3,g,0,g,2,g,3,g
736,golden corral,grilled sweet buffalo chicken,3,g,65,mg,840,g,23,g,18,g,0.5,g,0,g,2,g,19,g
737,golden corral,grilled teriyaki chicken,2.5,g,65,mg,1420,g,18,g,18,g,0.5,g,0,g,0,g,14,g
738,golden corral,grilled teriyaki pineapple pork,15,g,65,mg,710,g,5,g,21,g,5,g,0,g,0,g,5,g
739,golden corral,grilled teriyaki pineapple pork loin,6,g,40,mg,720,g,5,g,18,g,2.5,g,0,g,0,g,5,g
740,golden corral,grilled teriyaki pineapple pork steaks,13,g,70,mg,860,g,7,g,17,g,5,g,0,g,0,g,5,g
741,golden corral,grilled teriyaki pork,15,g,65,mg,790,g,5,g,21,g,5,g,0,g,0,g,4,g
742,golden corral,grilled teriyaki pork loin,6,g,40,mg,800,g,5,g,18,g,2.5,g,0,g,0,g,4,g
743,golden corral,grilled teriyaki pork steaks,13,g,70,mg,940,g,6,g,17,g,5,g,0,g,0,g,4,g
744,golden corral,grilled turkey and cheese sandwich,19,g,50,mg,690,g,13,g,19,g,7,g,0,g,0,g,2,g
745,golden corral,grits,2.5,g,0,mg,210,g,19,g,2,g,1,g,0,g,1,g,0,g
746,golden corral,guacamole,7,g,0,mg,90,g,5,g,1,g,1,g,0,g,3,g,1,g
747,golden corral,gummy bears,0,g,0,mg,5,g,19,g,2,g,0,g,0,g,0,g,13,g
748,golden corral,ham and cheese bistro melt,18,g,40,mg,970,g,10,g,13,g,8,g,0,g,0,g,1,g
749,golden corral,hand breaded chicken tenders,8,g,50,mg,510,g,7,g,13,g,1.5,g,0,g,0,g,0,g
750,golden corral,hashbrown casserole,3.5,g,5,mg,410,g,14,g,3,g,1.5,g,0,g,1,g,1,g
751,golden corral,hi c flashin fruit punch 12 oz,0,g,0,mg,75,g,42,g,0,g,0,g,0,g,0,g,41,g
752,golden corral,hi c flashin fruit punch 16 oz,0,g,0,mg,100,g,57,g,0,g,0,g,0,g,0,g,55,g
753,golden corral,hi c flashin fruit punch 32 oz,0,g,0,mg,200,g,113,g,0,g,0,g,0,g,0,g,110,g
754,golden corral,hi c poppin pink lemonade 12 oz,0,g,0,mg,100,g,37,g,0,g,0,g,0,g,0,g,35,g
755,golden corral,hi c poppin pink lemonade 16 oz,0,g,0,mg,130,g,49,g,0,g,0,g,0,g,0,g,47,g
756,golden corral,hi c poppin pink lemonade 32 oz,0,g,0,mg,260,g,98,g,0,g,0,g,0,g,0,g,94,g
757,golden corral,hickory bourbon chicken legs,7,g,90,mg,290,g,9,g,18,g,1.5,g,0,g,0,g,9,g
758,golden corral,home fries,3,g,0,mg,125,g,18,g,2,g,0,g,0,g,1,g,0,g
759,golden corral,homestyle stu ng,5,g,0,mg,530,g,15,g,2,g,2,g,0,g,1,g,2,g
760,golden corral,hominy,4.5,g,0,mg,760,g,14,g,1,g,1.5,g,0,g,4,g,0,g
761,golden corral,honey,0,g,0,mg,0,g,10,g,0,g,0,g,0,g,0,g,10,g
762,golden corral,honey butter,8,g,0,mg,35,g,3,g,0,g,3,g,0,g,0,g,3,g
763,golden corral,honey mustard dressing,11,g,15,mg,180,g,7,g,0,g,1.5,g,0,g,0,g,6,g
764,golden corral,honey sesame chicken,16,g,65,mg,1130,g,25,g,27,g,3,g,0,g,1,g,15,g
765,golden corral,honey sesame glazed wings,13,g,100,mg,130,g,4,g,16,g,3.5,g,0,g,0,g,3,g
766,golden corral,honey teriyaki carved sirloin,4,g,60,mg,620,g,2,g,22,g,1.5,g,0,g,0,g,2,g
767,golden corral,honey teriyaki chicken breasts baked bone in,12,g,190,mg,280,g,7,g,55,g,4,g,0,g,1,g,6,g
768,golden corral,honey teriyaki chicken thighs,24,g,185,mg,1410,g,8,g,28,g,8,g,0,g,1,g,7,g
769,golden corral,honey teriyaki pineapple chicken legs,7,g,90,mg,470,g,7,g,18,g,1.5,g,0,g,0,g,6,g
770,golden corral,honeydew melon,0,g,0,mg,15,g,8,g,0,g,0,g,0,g,1,g,7,g
771,golden corral,horchata 12 oz,4.5,g,20,mg,140,g,43,g,5,g,3,g,0,g,0,g,36,g
772,golden corral,horchata 16 oz,6,g,25,mg,190,g,58,g,6,g,4,g,0,g,0,g,48,g
773,golden corral,horchata 32 oz,12,g,50,mg,370,g,115,g,12,g,8,g,0,g,0,g,96,g
774,golden corral,horseradish sauce,10,g,15,mg,150,g,2,g,1,g,2.5,g,0,g,0,g,1,g
775,golden corral,hot buffalo chicken legs,7,g,90,mg,400,g,2,g,18,g,1.5,g,0,g,1,g,0,g
776,golden corral,hot buffalo chicken wings,12,g,100,mg,210,g,1,g,16,g,3.5,g,0,g,1,g,0,g
777,golden corral,hot caramel,1,g,5,mg,50,g,20,g,1,g,0.5,g,0,g,0,g,13,g
778,golden corral,hot chocolate,2.5,g,0,mg,190,g,16,g,0,g,2,g,0,g,0,g,12,g
779,golden corral,hot dogs with onions and peppers,22,g,30,mg,600,g,21,g,9,g,6,g,1,g,4,g,8,g
780,golden corral,hot fudge,3,g,0,mg,65,g,15,g,1,g,3,g,0,g,0,g,14,g
781,golden corral,hot tea,0,g,0,mg,5,g,1,g,0,g,0,g,0,g,0,g,0,g
782,golden corral,hushpuppies,13,g,0,mg,430,g,30,g,3,g,2.5,g,0,g,2,g,5,g
783,golden corral,ice cream cones,0,g,0,mg,10,g,4,g,0,g,0,g,0,g,0,g,0,g
784,golden corral,iceberg lettuce,0,g,0,mg,5,g,2,g,1,g,0,g,0,g,1,g,1,g
785,golden corral,italian meatballs with marinara,16,g,60,mg,660,g,11,g,12,g,5,g,0,g,2,g,4,g
786,golden corral,italian red sauce,3,g,0,mg,170,g,3,g,1,g,0,g,0,g,1,g,2,g
787,golden corral,italian sausage,15,g,50,mg,470,g,0,g,14,g,6,g,0,g,0,g,0,g
788,golden corral,italian sausage with onions and peppers,16,g,35,mg,350,g,2,g,9,g,4.5,g,0,g,0,g,1,g
789,golden corral,italian vegetable medley,5,g,0,mg,80,g,4,g,1,g,2.5,g,0,g,1,g,2,g
790,golden corral,jalapeno corn muffins,13,g,60,mg,370,g,26,g,5,g,2.5,g,0,g,1,g,11,g
791,golden corral,jamaica 12 oz,0,g,0,mg,25,g,38,g,0,g,0,g,0,g,0,g,36,g
792,golden corral,jamaica 16 oz,0,g,0,mg,35,g,50,g,0,g,0,g,0,g,0,g,48,g
793,golden corral,jamaica 32 oz,0,g,0,mg,70,g,100,g,0,g,0,g,0,g,0,g,97,g
794,golden corral,jelly reduced sugar,0,g,0,mg,0,g,3,g,0,g,0,g,0,g,0,g,1,g
795,golden corral,jellybeans,0,g,0,mg,10,g,27,g,0,g,0,g,0,g,0,g,18,g
796,golden corral,kidney bean salad,10,g,10,mg,390,g,16,g,5,g,1.5,g,0,g,4,g,4,g
797,golden corral,kidney beans,0,g,0,mg,180,g,8,g,4,g,0,g,0,g,3,g,1,g
798,golden corral,kiwi,0,g,0,mg,0,g,13,g,1,g,0,g,0,g,3,g,8,g
799,golden corral,large marshmallows,0,g,0,mg,25,g,18,g,0,g,0,g,0,g,0,g,13,g
800,golden corral,lasagna,11,g,30,mg,750,g,20,g,13,g,4.5,g,0,g,2,g,5,g
801,golden corral,lemon bars,4.5,g,30,mg,105,g,31,g,2,g,2,g,0,g,0,g,22,g
802,golden corral,lemon herb chicken,9,g,55,mg,125,g,12,g,14,g,2.5,g,0,g,1,g,1,g
803,golden corral,lemon rosemary sirloin,12,g,55,mg,690,g,1,g,18,g,4,g,0.5,g,0,g,1,g
804,golden corral,lemon vinaigrette,11,g,0,mg,260,g,5,g,0,g,1.5,g,0,g,0,g,4,g
805,golden corral,lemon wedges,0,g,0,mg,0,g,1,g,0,g,0,g,0,g,0,g,0,g
806,golden corral,lettuce,0,g,0,mg,5,g,2,g,1,g,0,g,0,g,1,g,1,g
807,golden corral,lettuce wedge,0,g,0,mg,5,g,2,g,1,g,0,g,0,g,1,g,1,g
808,golden corral,lima beans kettle cooked,3,g,5,mg,570,g,24,g,9,g,1,g,0,g,6,g,3,g
809,golden corral,lima beans southern style,4,g,10,mg,810,g,26,g,11,g,1,g,0,g,8,g,1,g
810,golden corral,lime,0,g,0,mg,0,g,1,g,0,g,0,g,0,g,0,g,0,g
811,golden corral,linguini,7,g,0,mg,0,g,40,g,7,g,1,g,0,g,2,g,1,g
812,golden corral,linguini with lemon butter sauce,16,g,10,mg,200,g,22,g,6,g,6,g,0,g,2,g,2,g
813,golden corral,lite olive oil vinaigrette,6,g,0,mg,230,g,3,g,0,g,1,g,0,g,0,g,2,g
814,golden corral,lo mein,6,g,0,mg,350,g,32,g,4,g,1,g,0,g,3,g,11,g
815,golden corral,louisiana style dirty rice,8,g,10,mg,470,g,15,g,3,g,3.5,g,0,g,1,g,1,g
816,golden corral,macaroni and cheese,10,g,10,mg,540,g,19,g,5,g,3,g,0,g,1,g,2,g
817,golden corral,macaroni and cheese down home,17,g,40,mg,820,g,14,g,13,g,7,g,0,g,0,g,2,g
818,golden corral,macaroni salad,11,g,10,mg,490,g,41,g,5,g,1,g,0,g,1,g,12,g
819,golden corral,machaca beans,0,g,0,mg,370,g,15,g,5,g,0,g,0,g,5,g,0,g
820,golden corral,machaca beef,8,g,55,mg,230,g,2,g,15,g,3,g,0,g,0,g,1,g
821,golden corral,made to order eggs,11,g,170,mg,125,g,1,g,6,g,2.5,g,0,g,0,g,1,g
822,golden corral,mandarin orange chicken breasts baked bone in,12,g,190,mg,140,g,9,g,55,g,4,g,0,g,1,g,8,g
823,golden corral,mandarin orange chicken thighs baked bone in,24,g,185,mg,1270,g,10,g,28,g,8,g,0,g,1,g,9,g
824,golden corral,mandarin orange pork,18,g,65,mg,1110,g,30,g,24,g,4.5,g,0,g,0,g,24,g
825,golden corral,mandarin oranges,0,g,0,mg,5,g,7,g,0,g,0,g,0,g,0,g,6,g
826,golden corral,mango,0,g,0,mg,0,g,6,g,0,g,0,g,0,g,1,g,6,g
827,golden corral,maple syrup,0,g,0,mg,0,g,30,g,0,g,0,g,0,g,0,g,30,g
828,golden corral,margarine,11,g,0,mg,105,g,0,g,0,g,5,g,0,g,0,g,0,g
829,golden corral,marinated garden salad,6,g,0,mg,230,g,7,g,1,g,1,g,0,g,1,g,4,g
830,golden corral,marinated mushroom salad,6,g,0,mg,240,g,5,g,1,g,1,g,0,g,0,g,3,g
831,golden corral,marinated vegetable salad,2,g,0,mg,90,g,3,g,1,g,0,g,0,g,1,g,2,g
832,golden corral,mashed potatoes,8,g,0,mg,330,g,20,g,2,g,1.5,g,0,g,1,g,2,g
833,golden corral,mashed potatoes garlic,8,g,0,mg,340,g,19,g,3,g,1.5,g,0,g,2,g,2,g
834,golden corral,meatloaf,11,g,40,mg,670,g,10,g,13,g,4,g,0,g,0,g,1,g
835,golden corral,mello yello 12 oz,0,g,0,mg,50,g,44,g,0,g,0,g,0,g,0,g,44,g
836,golden corral,mello yello 16 oz,0,g,0,mg,65,g,58,g,0,g,0,g,0,g,0,g,58,g
837,golden corral,mello yello 32 oz,0,g,0,mg,135,g,116,g,0,g,0,g,0,g,0,g,116,g
838,golden corral,menudo,3.5,g,35,mg,220,g,11,g,7,g,1,g,0,g,2,g,0,g
839,golden corral,mexican rice,7,g,5,mg,590,g,18,g,2,g,2.5,g,0,g,1,g,1,g
840,golden corral,mild buffalo chicken legs,7,g,90,mg,450,g,2,g,18,g,1.5,g,0,g,1,g,0,g
841,golden corral,mild buffalo chicken wings,12,g,100,mg,240,g,1,g,16,g,3.5,g,0,g,1,g,0,g
842,golden corral,milk,5,g,20,mg,150,g,14,g,10,g,3,g,0,g,0,g,13,g
843,golden corral,mini bacon and cheese quiche,18,g,60,mg,530,g,15,g,7,g,6,g,0,g,0,g,2,g
844,golden corral,mini bacon steakburger,16,g,15,mg,450,g,16,g,19,g,7,g,1,g,1,g,5,g
845,golden corral,mini bbq brisket sandwich,7,g,10,mg,260,g,18,g,4,g,2.5,g,0,g,0,g,6,g
846,golden corral,mini bbq pork sandwich,11,g,50,mg,260,g,20,g,14,g,4,g,0,g,1,g,8,g
847,golden corral,mini blueberry muffins,5,g,10,mg,150,g,19,g,1,g,1.5,g,0,g,0,g,10,g
848,golden corral,mini chicken pot pie,24,g,40,mg,1140,g,34,g,11,g,8,g,0,g,5,g,4,g
849,golden corral,mini chicken sandwich,10,g,30,mg,450,g,19,g,9,g,3,g,0,g,1,g,5,g
850,golden corral,mini chocolate chip muffins,7,g,10,mg,150,g,23,g,1,g,2.5,g,0,g,0,g,14,g
851,golden corral,mini corn dogs,13,g,40,mg,440,g,22,g,9,g,3,g,0,g,1,g,5,g
852,golden corral,mini hot dog,8,g,20,mg,360,g,17,g,6,g,2.5,g,0.5,g,0,g,4,g
853,golden corral,mini spinach quiche,17,g,60,mg,460,g,15,g,5,g,6,g,0,g,0,g,1,g
854,golden corral,mini steakburger,14,g,10,mg,380,g,16,g,17,g,6,g,1,g,1,g,5,g
855,golden corral,mini yeast rolls,1,g,5,mg,95,g,16,g,3,g,0,g,0,g,0,g,4,g
856,golden corral,minute maid lemonade 12 oz,0,g,0,mg,95,g,38,g,0,g,0,g,0,g,0,g,36,g
857,golden corral,minute maid lemonade 16 oz,0,g,0,mg,130,g,50,g,0,g,0,g,0,g,0,g,48,g
858,golden corral,minute maid lemonade 32 oz,0,g,0,mg,260,g,101,g,0,g,0,g,0,g,0,g,96,g
859,golden corral,minute maid light lemonade 12 oz,0,g,0,mg,45,g,2,g,0,g,0,g,0,g,0,g,0,g
860,golden corral,minute maid light lemonade 16 oz,0,g,0,mg,55,g,3,g,0,g,0,g,0,g,0,g,0,g
861,golden corral,minute maid light lemonade 32 oz,0,g,0,mg,115,g,5,g,0,g,0,g,0,g,0,g,0,g
862,golden corral,mongolian beef,11,g,60,mg,1380,g,24,g,25,g,2.5,g,0,g,1,g,17,g
863,golden corral,mozzarella cheese,8,g,30,mg,280,g,1,g,7,g,5,g,0,g,0,g,0,g
864,golden corral,mushroom gravy,0.5,g,0,mg,290,g,4,g,1,g,0,g,0,g,0,g,1,g
865,golden corral,mushrooms,0,g,0,mg,0,g,1,g,0,g,0,g,0,g,0,g,0,g
866,golden corral,nashville hot fried chicken thighs,29,g,100,mg,1670,g,42,g,20,g,7,g,0,g,1,g,17,g
867,golden corral,northern beans seasoned,2.5,g,0,mg,570,g,15,g,6,g,0.5,g,0,g,4,g,2,g
868,golden corral,northern beans southern style,4,g,10,mg,780,g,24,g,11,g,1.5,g,0,g,8,g,1,g
869,golden corral,oatmeal,2.5,g,0,mg,10,g,21,g,4,g,0,g,0,g,3,g,1,g
870,golden corral,okra and tomato stew,2.5,g,0,mg,530,g,7,g,1,g,1,g,0,g,2,g,2,g
871,golden corral,okra fried,7,g,0,mg,310,g,10,g,1,g,1,g,0,g,2,g,1,g
872,golden corral,olive oil,14,g,0,mg,0,g,0,g,0,g,2,g,0,g,0,g,0,g
873,golden corral,omelet,23,g,350,mg,220,g,3,g,12,g,6,g,0,g,0,g,1,g
874,golden corral,onion rings,11,g,0,mg,180,g,10,g,2,g,2,g,0,g,1,g,2,g
875,golden corral,onion rings fresh battered,7,g,0,mg,900,g,17,g,1,g,1.5,g,0,g,1,g,1,g
876,golden corral,onions,0,g,0,mg,0,g,1,g,0,g,0,g,0,g,0,g,1,g
877,golden corral,onions and peppers sauteed,1.5,g,0,mg,15,g,4,g,1,g,0,g,0,g,1,g,2,g
878,golden corral,orange chicken,15,g,60,mg,860,g,40,g,25,g,2.5,g,0,g,1,g,29,g
879,golden corral,orange guava juice,0,g,0,mg,0,g,30,g,0,g,0,g,0,g,0,g,28,g
880,golden corral,orange juice,0,g,0,mg,0,g,27,g,2,g,0,g,0,g,0,g,24,g
881,golden corral,orange slices,0,g,0,mg,0,g,11,g,1,g,0,g,0,g,2,g,8,g
882,golden corral,oriental pepper beef,11,g,60,mg,1400,g,24,g,24,g,2.5,g,0,g,1,g,18,g
883,golden corral,oyster crackers,1.5,g,0,mg,135,g,10,g,2,g,0,g,0,g,0,g,0,g
884,golden corral,pagoda rice,6,g,0,mg,600,g,21,g,3,g,2,g,0,g,1,g,3,g
885,golden corral,pancakes,4,g,10,mg,35,g,9,g,2,g,1,g,0,g,0,g,3,g
886,golden corral,papaya,0,g,0,mg,0,g,4,g,0,g,0,g,0,g,1,g,3,g
887,golden corral,parmesan cheese,4,g,10,mg,110,g,0,g,3,g,2,g,0,g,0,g,0,g
888,golden corral,pasta salad,6,g,0,mg,220,g,20,g,4,g,1,g,0,g,2,g,4,g
889,golden corral,patty melt,22,g,55,mg,1140,g,13,g,16,g,10,g,1,g,0,g,2,g
890,golden corral,pea salad,14,g,50,mg,410,g,16,g,7,g,3,g,0,g,5,g,7,g
891,golden corral,peach topping,0,g,0,mg,30,g,10,g,0,g,0,g,0,g,0,g,8,g
892,golden corral,peach topped wathe,10,g,20,mg,350,g,24,g,3,g,2.5,g,0,g,0,g,10,g
893,golden corral,peaches,0,g,0,mg,10,g,17,g,0,g,0,g,0,g,1,g,16,g
894,golden corral,pears,0,g,0,mg,0,g,19,g,0,g,0,g,0,g,2,g,15,g
895,golden corral,peas steamed,4.5,g,0,mg,200,g,11,g,4,g,2,g,0,g,5,g,3,g
896,golden corral,pecan pieces,10,g,0,mg,0,g,2,g,1,g,1,g,0,g,1,g,1,g
897,golden corral,pecan pralines,4.5,g,0,mg,25,g,7,g,0,g,0,g,0,g,0,g,7,g
898,golden corral,pecan syrup,0,g,0,mg,15,g,20,g,0,g,0,g,0,g,0,g,13,g
899,golden corral,penne pasta,2,g,0,mg,0,g,40,g,7,g,0,g,0,g,2,g,1,g
900,golden corral,pepperjack cheese,13,g,40,mg,300,g,0,g,12,g,8,g,0,g,0,g,0,g
901,golden corral,pepperoncinis,0,g,0,mg,600,g,2,g,0,g,0,g,0,g,1,g,0,g
902,golden corral,pepperoni,4.5,g,10,mg,190,g,0,g,2,g,2,g,0,g,0,g,0,g
903,golden corral,pepperoni pizza,11,g,25,mg,680,g,26,g,11,g,6,g,0,g,1,g,2,g
904,golden corral,philly cheesesteak meatballs,15,g,60,mg,670,g,9,g,12,g,6,g,0,g,1,g,1,g
905,golden corral,philly steak sandwich,20,g,60,mg,740,g,12,g,19,g,8,g,0,g,0,g,2,g
906,golden corral,pickled beets,0,g,0,mg,85,g,14,g,0,g,0,g,0,g,0,g,13,g
907,golden corral,pico de gallo,0,g,0,mg,0,g,3,g,1,g,0,g,0,g,1,g,2,g
908,golden corral,pineapple tidbits,0,g,0,mg,0,g,10,g,0,g,0,g,0,g,1,g,9,g
909,golden corral,pineapple topping,0,g,0,mg,20,g,8,g,0,g,0,g,0,g,0,g,7,g
910,golden corral,pinto beans seasoned,2.5,g,0,mg,570,g,15,g,6,g,0.5,g,0,g,5,g,0,g
911,golden corral,pinto beans southern style,4,g,10,mg,810,g,29,g,12,g,1.5,g,0,g,10,g,1,g
912,golden corral,plantains fried,6,g,0,mg,0,g,23,g,1,g,1.5,g,0,g,2,g,2,g
913,golden corral,pork enchiladas,13,g,35,mg,610,g,11,g,12,g,4,g,0,g,1,g,1,g
914,golden corral,pork fillets,17,g,75,mg,790,g,1,g,22,g,6,g,0,g,0,g,0,g
915,golden corral,pork liver mush,8,g,55,mg,310,g,9,g,5,g,1.5,g,0,g,2,g,0,g
916,golden corral,pork loin,7,g,45,mg,440,g,1,g,17,g,2.5,g,0,g,1,g,0,g
917,golden corral,pork loin with poultry gravy,7,g,45,mg,590,g,3,g,17,g,2.5,g,0,g,1,g,0,g
918,golden corral,pork machaca,10,g,50,mg,340,g,2,g,18,g,3,g,0,g,1,g,1,g
919,golden corral,pork posole,5,g,20,mg,1150,g,13,g,6,g,1.5,g,0,g,4,g,1,g
920,golden corral,pork pot roast,12,g,55,mg,510,g,5,g,17,g,4.5,g,0,g,1,g,2,g
921,golden corral,pork quesadillas,9,g,15,mg,210,g,9,g,6,g,3,g,0,g,1,g,1,g
922,golden corral,pork steaks,13,g,55,mg,1070,g,17,g,17,g,4.5,g,0,g,0,g,14,g
923,golden corral,portobello mushroom carved sirloin,10,g,50,mg,490,g,0,g,16,g,4,g,1,g,0,g,0,g
924,golden corral,pot roast,7,g,55,mg,310,g,8,g,15,g,3,g,0,g,1,g,2,g
925,golden corral,potato chips homemade,10,g,0,mg,190,g,6,g,1,g,1.5,g,0,g,1,g,0,g
926,golden corral,potato chips homemade bbq,10,g,0,mg,180,g,6,g,1,g,1.5,g,0,g,1,g,1,g
927,golden corral,potato chips homemade seasoned,10,g,0,mg,180,g,6,g,1,g,1.5,g,0,g,1,g,0,g
928,golden corral,potato salad,5,g,5,mg,460,g,26,g,2,g,0.5,g,0,g,1,g,9,g
929,golden corral,potato soup with bacon,9,g,20,mg,870,g,22,g,7,g,4,g,0,g,1,g,8,g
930,golden corral,potatoes french fried,9,g,0,mg,210,g,11,g,1,g,1.5,g,0,g,2,g,1,g
931,golden corral,potatoes fried cubed,9,g,0,mg,160,g,19,g,2,g,1.5,g,0,g,2,g,2,g
932,golden corral,poultry gravy,0,g,0,mg,310,g,4,g,0,g,0,g,0,g,0,g,1,g
933,golden corral,powerade mountain berry blast 12 oz,0,g,0,mg,110,g,22,g,0,g,0,g,0,g,0,g,22,g
934,golden corral,powerade mountain berry blast 16 oz,0,g,0,mg,150,g,29,g,0,g,0,g,0,g,0,g,29,g
935,golden corral,powerade mountain berry blast 32 oz,0,g,0,mg,300,g,58,g,0,g,0,g,0,g,0,g,58,g
936,golden corral,prime rib,22,g,65,mg,350,g,1,g,18,g,9,g,0,g,0,g,0,g
937,golden corral,pulled bbq chicken,1.5,g,40,mg,450,g,10,g,14,g,0,g,0,g,0,g,9,g
938,golden corral,pulled chicken in poultry gravy,1.5,g,40,mg,280,g,3,g,14,g,0.5,g,0,g,0,g,0,g
939,golden corral,queso cheese sauce,6,g,10,mg,390,g,3,g,2,g,2,g,0,g,0,g,1,g
940,golden corral,radishes,0,g,0,mg,10,g,1,g,0,g,0,g,0,g,0,g,1,g
941,golden corral,raisin bran cereal,0.5,g,0,mg,125,g,27,g,3,g,0,g,0,g,4,g,10,g
942,golden corral,raisins,0,g,0,mg,0,g,16,g,1,g,0,g,0,g,1,g,12,g
943,golden corral,ranch dressing,12,g,10,mg,240,g,2,g,1,g,2,g,0,g,0,g,1,g
944,golden corral,ranch fat free dressing,0,g,0,mg,300,g,9,g,0,g,0,g,0,g,0,g,5,g
945,golden corral,ranch potatoes,7,g,0,mg,620,g,21,g,3,g,1,g,0,g,1,g,1,g
946,golden corral,ranch style beans,2.5,g,5,mg,550,g,21,g,6,g,0.5,g,0,g,7,g,2,g
947,golden corral,red bliss potatoes,2,g,0,mg,80,g,13,g,2,g,1,g,0,g,1,g,1,g
948,golden corral,red bliss potatoes roasted,9,g,0,mg,540,g,12,g,2,g,1,g,0,g,1,g,1,g
949,golden corral,red grapes,0,g,0,mg,0,g,4,g,0,g,0,g,0,g,0,g,4,g
950,golden corral,red wine vinegar,0,g,0,mg,0,g,0,g,0,g,0,g,0,g,0,g,0,g
951,golden corral,refried beans,12,g,10,mg,610,g,10,g,3,g,4.5,g,0,g,3,g,0,g
952,golden corral,ribeye,9,g,50,mg,440,g,0,g,23,g,4,g,1,g,0,g,0,g
953,golden corral,rice krispies cereal,0,g,0,mg,190,g,29,g,2,g,0,g,0,g,0,g,4,g
954,golden corral,rice noodles,1,g,0,mg,90,g,5,g,1,g,0,g,0,g,0,g,0,g
955,golden corral,rice pilaf,4.5,g,0,mg,520,g,18,g,2,g,2,g,0,g,0,g,0,g
956,golden corral,roast beef beef at,10,g,65,mg,280,g,1,g,22,g,3.5,g,1,g,0,g,0,g
957,golden corral,roast beef inside round,3,g,50,mg,115,g,0,g,19,g,1,g,0,g,0,g,0,g
958,golden corral,roast beef stacker,22,g,65,mg,960,g,27,g,25,g,5,g,1,g,1,g,3,g
959,golden corral,roasted peppers,8,g,0,mg,210,g,5,g,1,g,1.5,g,0,g,1,g,2,g
960,golden corral,romaine lettuce,0,g,0,mg,0,g,2,g,1,g,0,g,0,g,1,g,1,g
961,golden corral,rotisserie chicken,15,g,175,mg,1070,g,1,g,43,g,4.5,g,0,g,1,g,1,g
962,golden corral,salisbury steak,8,g,25,mg,520,g,7,g,8,g,3,g,0,g,0,g,1,g
963,golden corral,salsa,0,g,0,mg,200,g,2,g,0,g,0,g,0,g,0,g,1,g
964,golden corral,saltines,0.5,g,0,mg,55,g,4,g,1,g,0,g,0,g,0,g,0,g
965,golden corral,san francisco chicken,18,g,70,mg,1240,g,31,g,21,g,8,g,0,g,4,g,2,g
966,golden corral,sauce portobello mushroom,1.5,g,0,mg,230,g,2,g,1,g,0.5,g,0,g,1,g,0,g
967,golden corral,sauerkraut,0,g,0,mg,600,g,4,g,1,g,0,g,0,g,3,g,1,g
968,golden corral,sausage and egg burrito,19,g,110,mg,760,g,22,g,16,g,8,g,0,g,1,g,1,g
969,golden corral,sausage and egg skillet,19,g,145,mg,430,g,8,g,10,g,7,g,0,g,1,g,1,g
970,golden corral,sausage gravy,7,g,15,mg,230,g,4,g,2,g,2,g,0,g,0,g,0,g
971,golden corral,sausage links,11,g,15,mg,250,g,1,g,5,g,4,g,0,g,0,g,0,g
972,golden corral,sausage pizza,13,g,25,mg,670,g,26,g,11,g,6,g,0,g,1,g,2,g
973,golden corral,sausage skillet,21,g,35,mg,450,g,11,g,7,g,8,g,0,g,1,g,1,g
974,golden corral,sauteed mushrooms,5,g,0,mg,260,g,3,g,2,g,0.5,g,0,g,0,g,1,g
975,golden corral,sauteed onions,6,g,0,mg,50,g,5,g,1,g,0.5,g,0,g,1,g,2,g
976,golden corral,sauteed sliced mushrooms,5,g,0,mg,260,g,3,g,2,g,0.5,g,0,g,0,g,1,g
977,golden corral,savory dill vegetables,5,g,0,mg,420,g,7,g,2,g,1,g,0,g,2,g,4,g
978,golden corral,scalloped potatoes,8,g,25,mg,470,g,17,g,5,g,4.5,g,0,g,1,g,1,g
979,golden corral,scrambled eggs,14,g,330,mg,150,g,2,g,11,g,4.5,g,0,g,0,g,1,g
980,golden corral,seafood salad,10,g,10,mg,680,g,9,g,5,g,1.5,g,0,g,2,g,4,g
981,golden corral,seagrams ginger ale 12 oz,0,g,0,mg,45,g,35,g,0,g,0,g,0,g,0,g,35,g
982,golden corral,seagrams ginger ale 16 oz,0,g,0,mg,60,g,47,g,0,g,0,g,0,g,0,g,46,g
983,golden corral,seagrams ginger ale 32 oz,0,g,0,mg,115,g,94,g,0,g,0,g,0,g,0,g,92,g
984,golden corral,sesame sticks,8,g,0,mg,320,g,10,g,2,g,1.5,g,0,g,1,g,0,g
985,golden corral,shepherds pie,15,g,60,mg,720,g,25,g,19,g,5,g,0,g,3,g,4,g
986,golden corral,shrimp salad topping,0,g,80,mg,180,g,0,g,5,g,0,g,0,g,0,g,0,g
987,golden corral,shrimp jambalaya,11,g,185,mg,1130,g,8,g,21,g,4,g,0,g,2,g,4,g
988,golden corral,sirloin steak,8,g,55,mg,350,g,1,g,14,g,3,g,0,g,0,g,0,g
989,golden corral,sirloin steak strips,8,g,55,mg,350,g,1,g,14,g,3,g,0,g,0,g,0,g
990,golden corral,sirloin tips,8,g,70,mg,250,g,0,g,23,g,3,g,0,g,0,g,0,g
991,golden corral,skillet cornbread,5,g,20,mg,320,g,23,g,3,g,2,g,0,g,0,g,8,g
992,golden corral,skillet hashbrowns,19,g,0,mg,350,g,13,g,1,g,2,g,0,g,2,g,1,g
993,golden corral,skillet potatoes and onions,3.5,g,0,mg,95,g,19,g,2,g,0,g,0,g,2,g,1,g
994,golden corral,skillet vegetables,8,g,0,mg,250,g,5,g,1,g,1,g,0,g,1,g,3,g
995,golden corral,sliced almonds,6,g,0,mg,0,g,2,g,2,g,0,g,0,g,1,g,1,g
996,golden corral,sliced ham,4.5,g,45,mg,670,g,3,g,15,g,1.5,g,0,g,0,g,3,g
997,golden corral,sliced jalapenos,0,g,0,mg,410,g,2,g,0,g,0,g,0,g,0,g,1,g
998,golden corral,smoked bbq pork,12,g,75,mg,160,g,0,g,25,g,5,g,0,g,0,g,0,g
999,golden corral,smoked bbq sausage,19,g,40,mg,820,g,8,g,8,g,7,g,0,g,0,g,6,g
