,Restaurant Name,Food Name,Total Fat Amount,Total Fat Unit,Cholesterol Amount,Cholesterol Unit,Sodium Amount,Sodium Unit,Total Carbohydrate Amount,Total Carbohydrate Unit,Protein Amount,Protein Unit,Saturated Fat Amount,Saturated Fat Unit,Trans Fat Amount,Trans Fat Unit,Dietary Fiber Amount,Dietary Fiber Unit,Sugars Amount,Sugars Unit,Monounsaturated Fat Amount,Monounsaturated Fat Unit,Polyunsaturated Fat Amount,Polyunsaturated Fat Unit
0,greenz salads,champagne vinaigrette,14,g,0,mg,0,g,2,g,0,g,0,g,0,g,0,g,0,g,,,,
1,greenz salads,chicken pesto sandwich,5,g,0,mg,0,g,71,g,27,g,0,g,0,g,5,g,0,g,,,,
2,greenz salads,chipotle chicken salad,55,g,0,mg,0,g,21,g,43,g,0,g,0,g,6,g,0,g,,,,
3,greenz salads,chipotle dressing,20,g,0,mg,0,g,1,g,1,g,0,g,0,g,0,g,0,g,,,,
4,greenz salads,chipotle pinwheels without salsa,28,g,0,mg,0,g,21,g,21,g,0,g,0,g,2,g,0,g,,,,
5,greenz salads,cilantro lime vinaigrette,23,g,0,mg,0,g,9,g,0,g,0,g,0,g,1,g,0,g,,,,
6,greenz salads,cinnamon yogurt sauce,0,g,0,mg,0,g,14,g,0,g,0,g,0,g,0,g,0,g,,,,
7,greenz salads,classic caesar dressing,15,g,0,mg,0,g,1,g,1,g,0,g,0,g,0,g,0,g,,,,
8,greenz salads,classic greenz salad,11,g,0,mg,0,g,12,g,15,g,0,g,0,g,5,g,0,g,,,,
9,greenz salads,creamy asparagus soup bowl,44,g,0,mg,0,g,8,g,10,g,0,g,0,g,3,g,0,g,,,,
10,greenz salads,creamy asparagus soup cup,32,g,0,mg,0,g,5,g,9,g,0,g,0,g,2,g,0,g,,,,
11,greenz salads,enchilada soup bowl,21,g,0,mg,0,g,27,g,13,g,0,g,0,g,4,g,0,g,,,,
12,greenz salads,enchilada soup cup,16,g,0,mg,0,g,20,g,10,g,0,g,0,g,3,g,0,g,,,,
13,greenz salads,flour wrap,8,g,0,mg,0,g,49,g,8,g,0,g,0,g,3,g,0,g,,,,
14,greenz salads,fresh fruit without sauce,0.5,g,0,mg,0,g,8,g,1,g,0,g,0,g,4,g,0,g,,,,
15,greenz salads,grilled chicken riviera salad,12,g,0,mg,0,g,21,g,29,g,0,g,0,g,5,g,0,g,,,,
16,greenz salads,grilled southwestern shrimp salad,25,g,0,mg,0,g,22,g,7,g,0,g,0,g,6,g,0,g,,,,
17,greenz salads,hawaiian tuna salad,12,g,0,mg,0,g,51,g,34,g,0,g,0,g,7,g,0,g,,,,
18,greenz salads,jack cheese and chicken soup bowl,38,g,0,mg,0,g,19,g,26,g,0,g,0,g,1,g,0,g,,,,
19,greenz salads,jack cheese and chicken soup cup,25,g,0,mg,0,g,13,g,17,g,0,g,0,g,1,g,0,g,,,,
20,greenz salads,panko shrimp skewers without sauce,4.5,g,0,mg,0,g,44,g,16,g,0,g,0,g,1,g,0,g,,,,
21,greenz salads,pear and pumpkin soup bowl,27,g,0,mg,0,g,68,g,10,g,0,g,0,g,5,g,0,g,,,,
22,greenz salads,pear and pumpkin soup cup,11,g,0,mg,0,g,45,g,7,g,0,g,0,g,3,g,0,g,,,,
23,greenz salads,pesto soup soup bowl,4.5,g,0,mg,0,g,31,g,12,g,0,g,0,g,8,g,0,g,,,,
24,greenz salads,pesto soup soup cup,4,g,0,mg,0,g,21,g,9,g,0,g,0,g,6,g,0,g,,,,
25,greenz salads,ranch dressing,22,g,0,mg,0,g,2,g,0,g,0,g,0,g,0,g,0,g,,,,
26,greenz salads,roquefort cheese dressing,13,g,0,mg,0,g,2,g,1,g,0,g,0,g,0,g,0,g,,,,
27,greenz salads,sesame ginger vinaigrette,3.5,g,0,mg,0,g,3,g,0,g,0,g,0,g,0,g,0,g,,,,
28,greenz salads,slaw dressing,19,g,0,mg,0,g,3,g,1,g,0,g,0,g,0,g,0,g,,,,
29,greenz salads,spicy asian vinaigrette,12,g,0,mg,0,g,3,g,0,g,0,g,0,g,0,g,0,g,,,,
30,greenz salads,spicy lemongrass vinaigrette,13,g,0,mg,0,g,6,g,0,g,0,g,0,g,0,g,0,g,,,,
31,greenz salads,spicy panko shrimp salad,15,g,0,mg,0,g,60,g,24,g,0,g,0,g,4,g,0,g,,,,
32,greenz salads,spinach pinwheels,16,g,0,mg,0,g,18,g,7,g,0,g,0,g,3,g,0,g,,,,
33,greenz salads,strawberry balsamic vinaigrette,3,g,0,mg,0,g,5,g,0,g,0,g,0,g,0,g,0,g,,,,
34,greenz salads,the mediterranean salad with salmon,17,g,0,mg,0,g,13,g,33,g,0,g,0,g,7,g,0,g,,,,
35,greenz salads,the wedge salad,18,g,0,mg,0,g,8,g,15,g,0,g,0,g,4,g,0,g,,,,
36,greenz salads,tofu salad,21,g,0,mg,0,g,26,g,22,g,0,g,0,g,7,g,0,g,,,,
37,greenz salads,tomato basil wrap,8,g,0,mg,0,g,49,g,7,g,0,g,0,g,3,g,0,g,,,,
38,greenz salads,tortilla soup soup bowl,15,g,0,mg,0,g,24,g,7,g,0,g,0,g,4,g,0,g,,,,
39,greenz salads,tortilla soup soup cup,13,g,0,mg,0,g,18,g,6,g,0,g,0,g,3,g,0,g,,,,
40,greenz salads,tuna salad sandwich,5,g,0,mg,0,g,59,g,19,g,0,g,0,g,6,g,0,g,,,,
41,greenz salads,turkey chili soup bowl,5,g,0,mg,0,g,50,g,23,g,0,g,0,g,14,g,0,g,,,,
42,greenz salads,turkey chili soup cup,2,g,0,mg,0,g,38,g,14,g,0,g,0,g,11,g,0,g,,,,
43,greenz salads,turkey club sandwich,27,g,0,mg,0,g,73,g,32,g,0,g,0,g,8,g,0,g,,,,
44,greenz salads,tzatziki dressing,3,g,0,mg,0,g,6,g,1,g,0,g,0,g,0,g,0,g,,,,
45,greenz salads,veggie delight sandwich,9,g,0,mg,0,g,67,g,13,g,0,g,0,g,9,g,0,g,,,,
46,greenz salads,warm herb vinaigrette,1.5,g,0,mg,0,g,1,g,0,g,0,g,0,g,0,g,0,g,,,,
47,greenz salads,warm pear and goat cheese salad,34,g,0,mg,0,g,39,g,15,g,0,g,0,g,9,g,0,g,,,,
48,greenz salads,wheat beer vinaigrette,12,g,0,mg,0,g,3,g,0,g,0,g,0,g,0,g,0,g,,,,
49,greenz salads,wheat wrap,0.5,g,0,mg,0,g,20,g,3,g,0,g,0,g,3,g,0,g,,,,
50,grk fresh greek,aegean slaw,7,g,0,mg,1230,g,11,g,2,g,1,g,0,g,4,g,6,g,,,,
51,grk fresh greek,almonds,8,g,0,mg,5,g,4,g,4,g,1,g,0,g,2,g,1,g,,,,
52,grk fresh greek,apple honey dressing,21,g,0,mg,0,g,5,g,0,g,3,g,0,g,0,g,5,g,,,,
53,grk fresh greek,blackberries,0,g,0,mg,0,g,3,g,1,g,0,g,0,g,2,g,2,g,,,,
54,grk fresh greek,blueberries,0,g,0,mg,0,g,4,g,0,g,0,g,0,g,1,g,3,g,,,,
55,grk fresh greek,brown rice,2,g,0,mg,1160,g,59,g,6,g,0,g,0,g,3,g,1,g,,,,
56,grk fresh greek,chicken soup,7,g,55,mg,600,g,30,g,17,g,2,g,0,g,4,g,0,g,,,,
57,grk fresh greek,chicken soup with white pita,11,g,55,mg,960,g,70,g,24,g,3,g,0,g,6,g,3,g,,,,
58,grk fresh greek,chicken soup with whole wheat pita,11,g,55,mg,1160,g,78,g,26,g,3,g,0,g,9,g,6,g,,,,
59,grk fresh greek,chocolate sauce,12,g,0,mg,10,g,13,g,1,g,3,g,0,g,1,g,13,g,,,,
60,grk fresh greek,coconut shredded,7,g,0,mg,5,g,7,g,1,g,6,g,0,g,0,g,5,g,,,,
61,grk fresh greek,corfu,13,g,15,mg,1220,g,30,g,22,g,4,g,0,g,4,g,23,g,,,,
62,grk fresh greek,dill vinaigrette,15,g,0,mg,220,g,1,g,0,g,2,g,0,g,0,g,1,g,,,,
63,grk fresh greek,figs dry,0,g,0,mg,5,g,20,g,1,g,0,g,0,g,3,g,15,g,,,,
64,grk fresh greek,fresh yogurt without toppings,4,g,15,mg,75,g,9,g,23,g,3,g,0,g,0,g,9,g,,,,
65,grk fresh greek,frozen yogurt large,6,g,15,mg,85,g,31,g,7,g,3,g,0,g,0,g,29,g,,,,
66,grk fresh greek,frozen yogurt medium,3,g,5,mg,35,g,14,g,3,g,1,g,0,g,0,g,13,g,,,,
67,grk fresh greek,frozen yogurt small,2,g,5,mg,30,g,10,g,2,g,1,g,0,g,0,g,9,g,,,,
68,grk fresh greek,granola,5,g,0,mg,120,g,21,g,3,g,1,g,0,g,2,g,9,g,,,,
69,grk fresh greek,greek salad with white pita,57,g,30,mg,2440,g,62,g,17,g,12,g,0,g,14,g,12,g,,,,
70,grk fresh greek,greek salad with whole wheat pita,57,g,30,mg,2640,g,70,g,19,g,12,g,0,g,17,g,15,g,,,,
71,grk fresh greek,greek salad without pita,53,g,30,mg,2080,g,22,g,10,g,11,g,0,g,12,g,9,g,,,,
72,grk fresh greek,grk dressing,24,g,0,mg,135,g,0,g,0,g,3,g,0,g,0,g,0,g,,,,
73,grk fresh greek,honey attica,0,g,0,mg,0,g,11,g,0,g,0,g,0,g,0,g,11,g,,,,
74,grk fresh greek,hot sauce,0,g,0,mg,230,g,3,g,0,g,0,g,0,g,2,g,1,g,,,,
75,grk fresh greek,kale salad with white pita,40,g,0,mg,2210,g,104,g,30,g,6,g,0,g,20,g,16,g,,,,
76,grk fresh greek,kale salad with whole wheat pita,40,g,0,mg,2410,g,112,g,32,g,6,g,0,g,23,g,19,g,,,,
77,grk fresh greek,kale salad without pita,36,g,0,mg,1850,g,64,g,23,g,5,g,0,g,18,g,13,g,,,,
78,grk fresh greek,kiwi,0,g,0,mg,0,g,5,g,0,g,0,g,0,g,1,g,3,g,,,,
79,grk fresh greek,lemon vinaigrette,19,g,0,mg,210,g,2,g,0,g,3,g,0,g,0,g,1,g,,,,
80,grk fresh greek,lentil salad with white pita,44,g,0,mg,2880,g,136,g,40,g,7,g,0,g,34,g,13,g,,,,
81,grk fresh greek,lentil salad with whole wheat pita,44,g,0,mg,3080,g,144,g,42,g,7,g,0,g,37,g,16,g,,,,
82,grk fresh greek,lentil salad without pita,40,g,0,mg,2520,g,96,g,33,g,6,g,0,g,32,g,10,g,,,,
83,grk fresh greek,lentil soup,4,g,0,mg,930,g,43,g,16,g,1,g,0,g,7,g,2,g,,,,
84,grk fresh greek,lentil soup with white pita,8,g,0,mg,1290,g,83,g,23,g,2,g,0,g,9,g,5,g,,,,
85,grk fresh greek,lentil soup with whole wheat pita,8,g,0,mg,1490,g,91,g,25,g,2,g,0,g,12,g,8,g,,,,
86,grk fresh greek,mango,0,g,0,mg,0,g,5,g,0,g,0,g,0,g,0,g,4,g,,,,
87,grk fresh greek,pineapple,0,g,0,mg,0,g,5,g,0,g,0,g,0,g,1,g,4,g,,,,
88,grk fresh greek,pita yeero chicken with white pita,22,g,100,mg,1000,g,49,g,35,g,6,g,0,g,8,g,4,g,,,,
89,grk fresh greek,pita yeero chicken with whole wheat pita,22,g,100,mg,1200,g,57,g,37,g,6,g,0,g,11,g,7,g,,,,
90,grk fresh greek,pita yeero lamb and beef whole wheat pita,23,g,70,mg,1250,g,60,g,39,g,8,g,1,g,10,g,7,g,,,,
91,grk fresh greek,pita yeero lamb and beef with white pita,23,g,70,mg,1050,g,52,g,37,g,8,g,1,g,7,g,4,g,,,,
92,grk fresh greek,pita yeero pork whole wheat pita,47,g,65,mg,1430,g,59,g,33,g,15,g,0,g,14,g,7,g,,,,
93,grk fresh greek,pita yeero pork with white pita,47,g,65,mg,1230,g,51,g,31,g,15,g,0,g,11,g,4,g,,,,
94,grk fresh greek,pita yeero portabello whole wheat pita,42,g,60,mg,1360,g,58,g,31,g,14,g,0,g,13,g,7,g,,,,
95,grk fresh greek,pita yeero portabello with white pita,42,g,60,mg,1160,g,50,g,29,g,14,g,0,g,10,g,4,g,,,,
96,grk fresh greek,plate chicken with white pita,30,g,115,mg,1350,g,54,g,40,g,8,g,0,g,11,g,5,g,,,,
97,grk fresh greek,plate chicken with whole wheat pita,30,g,115,mg,1550,g,62,g,42,g,8,g,0,g,14,g,8,g,,,,
98,grk fresh greek,plate lamb and beef whole wheat pita,32,g,85,mg,1610,g,65,g,45,g,11,g,1,g,12,g,8,g,,,,
99,grk fresh greek,plate lamb and beef with white pita,32,g,85,mg,1410,g,57,g,43,g,11,g,1,g,9,g,5,g,,,,
100,grk fresh greek,plate pork whole wheat pita,58,g,80,mg,1810,g,64,g,39,g,18,g,0,g,17,g,8,g,,,,
101,grk fresh greek,plate pork with white pita,58,g,80,mg,1610,g,56,g,37,g,18,g,0,g,14,g,5,g,,,,
102,grk fresh greek,plate portabello whole wheat pita,30,g,5,mg,1080,g,60,g,15,g,5,g,0,g,9,g,12,g,,,,
103,grk fresh greek,plate portabello with white pita,30,g,5,mg,880,g,52,g,13,g,5,g,0,g,6,g,9,g,,,,
104,grk fresh greek,raspberries,0,g,0,mg,0,g,4,g,0,g,0,g,0,g,2,g,1,g,,,,
105,grk fresh greek,sarantis fig preserves,0,g,0,mg,20,g,63,g,0,g,0,g,0,g,1,g,38,g,,,,
106,grk fresh greek,sarantis grape,0,g,0,mg,5,g,36,g,0,g,0,g,0,g,5,g,26,g,,,,
107,grk fresh greek,sarantis quince,0,g,0,mg,5,g,35,g,0,g,0,g,0,g,5,g,24,g,,,,
108,grk fresh greek,sarantis rose petal,0,g,0,mg,15,g,47,g,0,g,0,g,0,g,0,g,28,g,,,,
109,grk fresh greek,sarantis sour cherry,0,g,0,mg,5,g,36,g,0,g,0,g,0,g,5,g,26,g,,,,
110,grk fresh greek,sarantis sweet cherry,0,g,0,mg,10,g,32,g,0,g,0,g,0,g,1,g,20,g,,,,
111,grk fresh greek,seasoned chips,15,g,0,mg,115,g,59,g,4,g,2,g,0,g,4,g,0,g,,,,
112,grk fresh greek,seasoned chips side,8,g,0,mg,60,g,30,g,2,g,1,g,0,g,2,g,0,g,,,,
113,grk fresh greek,side greek salad,26,g,15,mg,1040,g,10,g,5,g,5,g,0,g,5,g,4,g,,,,
114,grk fresh greek,side kale salad,18,g,0,mg,910,g,24,g,9,g,2,g,0,g,7,g,6,g,,,,
115,grk fresh greek,side lentil salad,26,g,0,mg,1100,g,43,g,14,g,4,g,0,g,14,g,5,g,,,,
116,grk fresh greek,side of feta,14,g,50,mg,540,g,0,g,10,g,10,g,0,g,0,g,0,g,,,,
117,grk fresh greek,side yeero chicken,13,g,100,mg,460,g,7,g,27,g,4,g,0,g,6,g,0,g,,,,
118,grk fresh greek,side yeero lamb and beef,15,g,70,mg,520,g,10,g,29,g,6,g,1,g,4,g,0,g,,,,
119,grk fresh greek,side yeero pork,38,g,65,mg,690,g,9,g,24,g,13,g,0,g,9,g,0,g,,,,
120,grk fresh greek,side yeero portabello,14,g,0,mg,50,g,6,g,3,g,2,g,0,g,2,g,4,g,,,,
121,grk fresh greek,simi,19,g,15,mg,480,g,32,g,22,g,4,g,0,g,4,g,23,g,,,,
122,grk fresh greek,strawberries,0,g,0,mg,0,g,3,g,0,g,0,g,0,g,1,g,2,g,,,,
123,grk fresh greek,tzatziki grk,10,g,5,mg,310,g,2,g,1,g,2,g,0,g,0,g,1,g,,,,
124,grk fresh greek,tzatziki kaftero,2,g,5,mg,470,g,3,g,2,g,1,g,0,g,1,g,2,g,,,,
125,grk fresh greek,tzatziki prassino,14,g,5,mg,280,g,2,g,1,g,3,g,0,g,0,g,1,g,,,,
126,grk fresh greek,tzatziki sampler with 2 white pitas,35,g,10,mg,1780,g,87,g,18,g,8,g,0,g,6,g,10,g,,,,
127,grk fresh greek,tzatziki sampler with 2 whole wheat pitas,35,g,10,mg,2180,g,103,g,22,g,8,g,0,g,12,g,16,g,,,,
128,grk fresh greek,walnuts,22,g,0,mg,0,g,5,g,5,g,2,g,0,g,2,g,1,g,,,,
129,grotto pizza,1 2lb burger,58,g,250,mg,1190,g,49,g,43,g,26,g,3,g,3,g,6,g,,,,
130,grotto pizza,1 4lb burger,33,g,175,mg,910,g,47,g,25,g,16,g,1.5,g,3,g,6,g,,,,
131,grotto pizza,app combo,37,g,10,mg,720,g,30,g,9,g,7,g,0,g,2,g,2,g,,,,
132,grotto pizza,applesauce side,0,g,0,mg,0,g,24,g,0,g,0,g,0,g,1,g,22,g,,,,
133,grotto pizza,basil olive oil,26,g,0,mg,40,g,0,g,0,g,3.5,g,0,g,0,g,0,g,,,,
134,grotto pizza,beach fries sub,48,g,0,mg,1480,g,62,g,6,g,8,g,0,g,5,g,1,g,,,,
135,grotto pizza,beach fries large,42,g,0,mg,920,g,55,g,5,g,7,g,0,g,5,g,1,g,,,,
136,grotto pizza,beach fries large with cheese,46,g,5,mg,1300,g,58,g,7,g,7,g,0,g,5,g,1,g,,,,
137,grotto pizza,beach fries small,41,g,0,mg,1070,g,55,g,5,g,7,g,0,g,5,g,1,g,,,,
138,grotto pizza,beach fries small with cheese,46,g,5,mg,1450,g,58,g,7,g,7,g,0,g,5,g,1,g,,,,
139,grotto pizza,boli buffalo chicken,19,g,95,mg,1330,g,37,g,35,g,10,g,0,g,0,g,1,g,,,,
140,grotto pizza,boli cheesesteak,29,g,85,mg,550,g,37,g,27,g,15,g,0,g,0,g,1,g,,,,
141,grotto pizza,boli chicken cheesesteak,18,g,85,mg,550,g,37,g,30,g,10,g,0,g,0,g,1,g,,,,
142,grotto pizza,boli grotto,27,g,95,mg,740,g,41,g,34,g,13,g,0,g,1,g,3,g,,,,
143,grotto pizza,boli pepperoni,24,g,65,mg,820,g,37,g,21,g,12,g,0,g,0,g,1,g,,,,
144,grotto pizza,boli sante fe,26,g,110,mg,720,g,47,g,37,g,13,g,0,g,1,g,5,g,,,,
145,grotto pizza,boli stromboli,25,g,85,mg,1270,g,38,g,28,g,12,g,0,g,0,g,2,g,,,,
146,grotto pizza,boli verdi,21,g,45,mg,1010,g,39,g,19,g,10,g,0,g,1,g,2,g,,,,
147,grotto pizza,bread pd,1,g,0,mg,85,g,12,g,3,g,0,g,0,g,0,g,1,g,,,,
148,grotto pizza,breadsticks,9,g,0,mg,250,g,29,g,5,g,1.5,g,0,g,0,g,1,g,,,,
149,grotto pizza,breadsticks with cheese,18,g,30,mg,430,g,29,g,12,g,8,g,0,g,0,g,1,g,,,,
150,grotto pizza,broccoli bites,29,g,10,mg,490,g,20,g,5,g,7,g,0,g,4,g,4,g,,,,
151,grotto pizza,brownie sundae,30,g,70,mg,260,g,81,g,9,g,15,g,0,g,2,g,57,g,,,,
152,grotto pizza,bruschetta,18,g,0,mg,280,g,16,g,3,g,2.5,g,0,g,1,g,1,g,,,,
153,grotto pizza,burger black andblue,72,g,305,mg,1540,g,52,g,67,g,30,g,0,g,4,g,7,g,,,,
154,grotto pizza,calzone cheese,41,g,85,mg,930,g,38,g,26,g,19,g,0,g,0,g,1,g,,,,
155,grotto pizza,calzone grotto,55,g,115,mg,1440,g,44,g,36,g,25,g,0,g,2,g,4,g,,,,
156,grotto pizza,calzone pepperoni,51,g,110,mg,1330,g,38,g,32,g,22,g,0,g,0,g,1,g,,,,
157,grotto pizza,calzone roasted veggie,45,g,85,mg,1350,g,41,g,27,g,20,g,0,g,1,g,2,g,,,,
158,grotto pizza,calzone verdi,45,g,85,mg,1420,g,40,g,29,g,20,g,0,g,1,g,2,g,,,,
159,grotto pizza,chicken florentine,71,g,105,mg,2140,g,18,g,44,g,12,g,0,g,8,g,7,g,,,,
160,grotto pizza,chicken parmesan,66,g,175,mg,2590,g,115,g,60,g,19,g,0,g,5,g,10,g,,,,
161,grotto pizza,chicken sandwich,12,g,190,mg,880,g,47,g,43,g,6,g,0,g,3,g,6,g,,,,
162,grotto pizza,chicken tenders,31,g,40,mg,840,g,17,g,21,g,5,g,0,g,0,g,0,g,,,,
163,grotto pizza,cilantro lime vinaigrette,9,g,5,mg,100,g,2,g,0,g,2.5,g,0,g,0,g,1,g,,,,
164,grotto pizza,clam sauce,23,g,40,mg,1400,g,9,g,21,g,3.5,g,0,g,1,g,0,g,,,,
165,grotto pizza,dressing arugula salad,40,g,5,mg,125,g,1,g,1,g,6,g,0,g,0,g,0,g,,,,
166,grotto pizza,dressing maple walnut,35,g,0,mg,100,g,9,g,1,g,5,g,0,g,0,g,7,g,,,,
167,grotto pizza,egg hard boiled,5,g,185,mg,60,g,1,g,6,g,1.5,g,0,g,0,g,1,g,,,,
168,grotto pizza,fried mozzerella,48,g,10,mg,1340,g,34,g,16,g,11,g,0,g,2,g,5,g,,,,
169,grotto pizza,fries sidewinder with cheese large,50,g,5,mg,1110,g,39,g,5,g,9,g,0,g,3,g,0,g,,,,
170,grotto pizza,fries sidewinder with cheese regular,49,g,5,mg,1110,g,39,g,5,g,9,g,0,g,3,g,0,g,,,,
171,grotto pizza,fries sidewinder large,45,g,0,mg,740,g,36,g,3,g,8,g,0,g,3,g,0,g,,,,
172,grotto pizza,fries sidewinder regular,45,g,0,mg,740,g,36,g,3,g,8,g,0,g,3,g,0,g,,,,
173,grotto pizza,greek salad dressing,40,g,10,mg,490,g,6,g,3,g,7,g,0,g,2,g,1,g,,,,
174,grotto pizza,honey bbq wing sauce,0,g,0,mg,85,g,7,g,0,g,0,g,0,g,0,g,7,g,,,,
175,grotto pizza,kids brownie sundae,37,g,85,mg,280,g,93,g,11,g,20,g,0,g,2,g,66,g,,,,
176,grotto pizza,kids chix fingers,59,g,40,mg,1390,g,56,g,25,g,9,g,0,g,3,g,0,g,,,,
177,grotto pizza,kids grilled cheese,69,g,30,mg,1510,g,66,g,13,g,15,g,0,g,4,g,4,g,,,,
178,grotto pizza,kids hotdog,53,g,40,mg,1530,g,63,g,16,g,14,g,0,g,4,g,4,g,,,,
179,grotto pizza,kids mac and cheese,9,g,15,mg,570,g,45,g,11,g,20,g,0,g,2,g,8,g,,,,
180,grotto pizza,kids spag and meatball,11,g,60,mg,480,g,45,g,14,g,3.5,g,0,g,2,g,5,g,,,,
181,grotto pizza,linguini pasta,3,g,95,mg,15,g,71,g,15,g,0,g,0,g,0,g,0,g,,,,
182,grotto pizza,linguini with clam sauce,37,g,140,mg,720,g,107,g,38,g,6,g,0,g,1,g,1,g,,,,
183,grotto pizza,loaded sidewinder fries large,54,g,35,mg,1710,g,41,g,11,g,12,g,0,g,4,g,1,g,,,,
184,grotto pizza,loaded sidewinder fries small,58,g,45,mg,1720,g,41,g,12,g,15,g,0,g,4,g,2,g,,,,
185,grotto pizza,milano oil mix,41,g,0,mg,1930,g,4,g,1,g,6,g,0,g,1,g,1,g,,,,
186,grotto pizza,mild wing sauce,5,g,0,mg,150,g,1,g,0,g,1,g,0,g,0,g,1,g,,,,
187,grotto pizza,onion rings,19,g,0,mg,140,g,13,g,2,g,3,g,0,g,1,g,0,g,,,,
188,grotto pizza,panini italian,62,g,85,mg,1790,g,49,g,31,g,15,g,0,g,3,g,6,g,,,,
189,grotto pizza,panini pesto chicken,49,g,140,mg,2410,g,51,g,56,g,12,g,0,g,4,g,4,g,,,,
190,grotto pizza,panini steak and gorgonzola,37,g,120,mg,1720,g,49,g,45,g,14,g,0,g,3,g,4,g,,,,
191,grotto pizza,panini turkey,34,g,90,mg,2150,g,62,g,35,g,11,g,0,g,2,g,18,g,,,,
192,grotto pizza,panini veggie,91,g,95,mg,2500,g,51,g,35,g,25,g,0,g,3,g,6,g,,,,
193,grotto pizza,pasta pasta pomodoro,57,g,110,mg,1580,g,154,g,62,g,11,g,0,g,8,g,16,g,,,,
194,grotto pizza,pasta with meatballs,39,g,140,mg,1410,g,119,g,37,g,11,g,0,g,5,g,12,g,,,,
195,grotto pizza,pizza junior bakers choice,30,g,80,mg,1180,g,49,g,27,g,15,g,0,g,2,g,7,g,,,,
196,grotto pizza,pizza junior bianco,15,g,35,mg,330,g,19,g,11,g,8,g,0,g,0,g,1,g,,,,
197,grotto pizza,pizza junior buffalo chicken,20,g,65,mg,1140,g,38,g,25,g,10,g,0,g,0,g,1,g,,,,
198,grotto pizza,pizza junior cheesesteak,19,g,70,mg,670,g,45,g,27,g,10,g,0,g,1,g,6,g,,,,
199,grotto pizza,pizza junior grand fiesta,24,g,70,mg,890,g,50,g,27,g,10,g,0,g,1,g,8,g,,,,
200,grotto pizza,pizza junior grande,32,g,85,mg,1160,g,64,g,31,g,18,g,0,g,1,g,7,g,,,,
201,grotto pizza,pizza junior hawaiian,18,g,50,mg,640,g,41,g,20,g,10,g,0,g,0,g,5,g,,,,
202,grotto pizza,pizza junior margherita,11,g,20,mg,570,g,43,g,13,g,4.5,g,0,g,1,g,5,g,,,,
203,grotto pizza,pizza junior meatlovers,29,g,80,mg,1110,g,45,g,29,g,14,g,0,g,1,g,6,g,,,,
204,grotto pizza,pizza junior milano,15,g,20,mg,620,g,39,g,12,g,5,g,0,g,1,g,2,g,,,,
205,grotto pizza,pizza junior pep extravanga nza,28,g,70,mg,1100,g,44,g,24,g,13,g,0,g,1,g,6,g,,,,
206,grotto pizza,pizza junior plain,8,g,25,mg,330,g,22,g,9,g,5,g,0,g,1,g,3,g,,,,
207,grotto pizza,pizza junior veg bianco,27,g,45,mg,780,g,41,g,18,g,11,g,0,g,1,g,2,g,,,,
208,grotto pizza,pizza junior veggie milano,18,g,20,mg,900,g,41,g,13,g,6,g,0,g,1,g,3,g,,,,
209,grotto pizza,pizza sauce,0,g,0,mg,70,g,1,g,0,g,0,g,0,g,0,g,1,g,,,,
210,grotto pizza,pizza large bakers choice,31,g,85,mg,1080,g,36,g,26,g,16,g,0,g,2,g,6,g,,,,
211,grotto pizza,pizza large bianco,25,g,65,mg,550,g,27,g,20,g,14,g,0,g,0,g,1,g,,,,
212,grotto pizza,pizza large buffalo chicken,20,g,75,mg,790,g,26,g,26,g,11,g,0,g,0,g,1,g,,,,
213,grotto pizza,pizza large cheesesteak,19,g,65,mg,490,g,29,g,21,g,10,g,0,g,1,g,3,g,,,,
214,grotto pizza,pizza large grand fiesta,23,g,70,mg,810,g,38,g,25,g,10,g,0,g,1,g,8,g,,,,
215,grotto pizza,pizza large grande,28,g,80,mg,910,g,41,g,26,g,16,g,0,g,1,g,6,g,,,,
216,grotto pizza,pizza large hawaiian,19,g,60,mg,590,g,29,g,19,g,11,g,0,g,0,g,4,g,,,,
217,grotto pizza,pizza large margherita,14,g,35,mg,580,g,32,g,14,g,7,g,0,g,1,g,5,g,,,,
218,grotto pizza,pizza large meatlovers,26,g,75,mg,940,g,33,g,25,g,13,g,0,g,1,g,5,g,,,,
219,grotto pizza,pizza large milano,14,g,20,mg,540,g,29,g,10,g,5,g,0,g,1,g,2,g,,,,
220,grotto pizza,pizza large pep extravanga nza,29,g,80,mg,1060,g,32,g,24,g,15,g,0,g,1,g,5,g,,,,
221,grotto pizza,pizza large plain,15,g,40,mg,540,g,32,g,15,g,9,g,0,g,1,g,5,g,,,,
222,grotto pizza,pizza large veg bianco,25,g,55,mg,750,g,29,g,18,g,12,g,0,g,1,g,2,g,,,,
223,grotto pizza,pizza large veggie milano,17,g,20,mg,830,g,30,g,11,g,6,g,0,g,2,g,3,g,,,,
224,grotto pizza,pizza regular bianco,15,g,35,mg,300,g,16,g,11,g,8,g,0,g,0,g,1,g,,,,
225,grotto pizza,pizza regular buffalo chicken,11,g,40,mg,770,g,16,g,14,g,6,g,0,g,0,g,1,g,,,,
226,grotto pizza,pizza regular cheesesteak,10,g,30,mg,310,g,19,g,12,g,5,g,0,g,1,g,3,g,,,,
227,grotto pizza,pizza regular grande,18,g,50,mg,580,g,29,g,17,g,10,g,0,g,1,g,3,g,,,,
228,grotto pizza,pizza regular hawaiian,10,g,30,mg,310,g,17,g,10,g,6,g,0,g,0,g,2,g,,,,
229,grotto pizza,pizza regular margherita,7,g,15,mg,300,g,18,g,7,g,3,g,0,g,1,g,2,g,,,,
230,grotto pizza,pizza regular meatlovers,14,g,40,mg,520,g,20,g,14,g,7,g,0,g,1,g,3,g,,,,
231,grotto pizza,pizza regular milano,7,g,10,mg,290,g,17,g,5,g,2.5,g,0,g,0,g,1,g,,,,
232,grotto pizza,pizza regular pep extravanga nza,16,g,45,mg,590,g,19,g,14,g,9,g,0,g,1,g,3,g,,,,
233,grotto pizza,pizza regular veg bianco,16,g,30,mg,440,g,17,g,10,g,7,g,0,g,1,g,1,g,,,,
234,grotto pizza,pizza regular veggie milano,9,g,10,mg,430,g,18,g,6,g,3,g,0,g,1,g,2,g,,,,
235,grotto pizza,pizza regularular bakers choice,16,g,45,mg,590,g,22,g,14,g,9,g,0,g,1,g,4,g,,,,
236,grotto pizza,pizza regularular grand fiesta,12,g,35,mg,420,g,22,g,13,g,5,g,0,g,1,g,4,g,,,,
237,grotto pizza,pizza regularular plain,8,g,25,mg,310,g,19,g,9,g,5,g,0,g,1,g,3,g,,,,
238,grotto pizza,ravioli,37,g,100,mg,1470,g,96,g,33,g,15,g,0,g,5,g,13,g,,,,
239,grotto pizza,roasted red peppers,3,g,0,mg,580,g,1,g,0,g,0,g,0,g,0,g,0,g,,,,
240,grotto pizza,roasted vegetables,3,g,0,mg,320,g,2,g,1,g,0,g,0,g,1,g,1,g,,,,
241,grotto pizza,salad antipasto small,17,g,230,mg,1800,g,14,g,23,g,6,g,0,g,4,g,6,g,,,,
242,grotto pizza,salad arugula,48,g,15,mg,560,g,9,g,6,g,9,g,0,g,3,g,4,g,,,,
243,grotto pizza,salad caesar,41,g,30,mg,1170,g,17,g,7,g,8,g,0,g,5,g,4,g,,,,
244,grotto pizza,salad greek,48,g,35,mg,1360,g,22,g,10,g,11,g,0,g,7,g,8,g,,,,
245,grotto pizza,salad maple walnut,67,g,45,mg,950,g,44,g,21,g,13,g,0,g,6,g,30,g,,,,
246,grotto pizza,salad wedge,43,g,240,mg,1040,g,11,g,21,g,9,g,0,g,4,g,6,g,,,,
247,grotto pizza,salad regular tossed,5,g,0,mg,310,g,22,g,4,g,1.5,g,0,g,4,g,5,g,,,,
248,grotto pizza,saladantipa stolg,14,g,125,mg,1130,g,9,g,15,g,5,g,0,g,3,g,4,g,,,,
249,grotto pizza,salads w chicken,63,g,205,mg,1300,g,48,g,65,g,24,g,0,g,8,g,13,g,,,,
250,grotto pizza,sante fe mix,2,g,0,mg,290,g,14,g,2,g,0,g,0,g,3,g,5,g,,,,
251,grotto pizza,sauce honey bbq,0,g,0,mg,85,g,7,g,0,g,0,g,0,g,0,g,7,g,,,,
252,grotto pizza,sauce hot wing,0,g,0,mg,380,g,0,g,0,g,0,g,0,g,0,g,0,g,,,,
253,grotto pizza,sauce inferno,2.5,g,0,mg,135,g,3,g,0,g,0,g,0,g,0,g,2,g,,,,
254,grotto pizza,sauce sweet chili,0,g,0,mg,140,g,7,g,0,g,0,g,0,g,0,g,6,g,,,,
255,grotto pizza,soup basil and tomato bisque,24,g,40,mg,950,g,22,g,3,g,9,g,9,g,2,g,17,g,,,,
256,grotto pizza,soup cream of potato with bacon,35,g,50,mg,2250,g,46,g,10,g,13,g,0,g,3,g,8,g,,,,
257,grotto pizza,soup cream style,36,g,50,mg,2310,g,50,g,11,g,13,g,0,g,3,g,8,g,,,,
258,grotto pizza,soup french onion,28,g,70,mg,1450,g,19,g,26,g,15,g,0,g,0,g,5,g,,,,
259,grotto pizza,soup italian wedding soup,4.5,g,10,mg,1170,g,19,g,8,g,2.5,g,0,g,1,g,2,g,,,,
260,grotto pizza,soup maryland crab,1.5,g,25,mg,2100,g,33,g,10,g,0,g,0,g,8,g,13,g,,,,
261,grotto pizza,sub chicken parm large,49,g,50,mg,1520,g,65,g,29,g,10,g,0,g,4,g,5,g,,,,
262,grotto pizza,sub chicken parm small,54,g,55,mg,1640,g,67,g,32,g,13,g,0,g,4,g,6,g,,,,
263,grotto pizza,subs cheesesteak sub large,28,g,120,mg,950,g,45,g,42,g,12,g,0,g,2,g,3,g,,,,
264,grotto pizza,subs cheesesteak sub small,30,g,130,mg,1060,g,45,g,43,g,13,g,0,g,2,g,4,g,,,,
265,grotto pizza,subs cheesy cheesesteak large,38,g,150,mg,1220,g,46,g,51,g,18,g,0,g,2,g,4,g,,,,
266,grotto pizza,subs cheesy cheesesteak small,43,g,160,mg,1400,g,46,g,54,g,21,g,0,g,2,g,4,g,,,,
267,grotto pizza,subs cheesy chix cheesesteak large,24,g,145,mg,1250,g,46,g,56,g,12,g,0,g,2,g,4,g,,,,
268,grotto pizza,subs cheesy chix cheesesteak small,28,g,160,mg,1430,g,46,g,59,g,14,g,0,g,2,g,4,g,,,,
269,grotto pizza,subs chix cheesesteak large,13,g,120,mg,970,g,45,g,47,g,5,g,0,g,2,g,3,g,,,,
270,grotto pizza,subs chix cheesesteak small,15,g,125,mg,1090,g,45,g,48,g,7,g,0,g,2,g,4,g,,,,
271,grotto pizza,subs italian sub large,33,g,65,mg,2270,g,50,g,30,g,9,g,0,g,3,g,7,g,,,,
272,grotto pizza,subs italian sub small,51,g,75,mg,2480,g,51,g,33,g,13,g,0,g,3,g,7,g,,,,
273,grotto pizza,subs meatball sub large,30,g,65,mg,1370,g,47,g,29,g,13,g,0,g,3,g,3,g,,,,
274,grotto pizza,subs meatball sub small,35,g,80,mg,1530,g,47,g,33,g,16,g,0,g,3,g,3,g,,,,
275,grotto pizza,subs tuna sub large,41,g,35,mg,1570,g,49,g,27,g,9,g,0,g,3,g,6,g,,,,
276,grotto pizza,subs tuna sub small,43,g,40,mg,1630,g,51,g,29,g,10,g,0,g,4,g,7,g,,,,
277,grotto pizza,subs turkey sub large,21,g,60,mg,1850,g,50,g,28,g,6,g,0,g,3,g,7,g,,,,
278,grotto pizza,subs turkey sub small,23,g,70,mg,2090,g,52,g,33,g,7,g,0,g,4,g,8,g,,,,
279,grotto pizza,topping large anchovies,0,g,5,mg,290,g,0,g,1,g,0,g,0,g,0,g,0,g,,,,
280,grotto pizza,topping large artichoke hearts,0.5,g,0,mg,50,g,1,g,0,g,0,g,0,g,0,g,1,g,,,,
281,grotto pizza,topping large bacon,3,g,15,mg,210,g,0,g,4,g,1,g,0,g,0,g,0,g,,,,
282,grotto pizza,topping large black olives,1.5,g,0,mg,65,g,1,g,0,g,0,g,0,g,0,g,0,g,,,,
283,grotto pizza,topping large broccoli,0,g,0,mg,0,g,1,g,0,g,0,g,0,g,0,g,0,g,,,,
284,grotto pizza,topping large caramelized onions,2,g,0,mg,0,g,1,g,0,g,0,g,0,g,0,g,0,g,,,,
285,grotto pizza,topping large extra cheese,7,g,25,mg,140,g,0,g,6,g,5,g,0,g,0,g,0,g,,,,
286,grotto pizza,topping large feta cheese,3,g,15,mg,130,g,1,g,2,g,2,g,0,g,0,g,1,g,,,,
287,grotto pizza,topping large ground beef,2,g,15,mg,15,g,0,g,4,g,1,g,0,g,0,g,0,g,,,,
288,grotto pizza,topping large ham,0.5,g,5,mg,1440,g,0,g,2,g,0,g,0,g,0,g,0,g,,,,
289,grotto pizza,topping large jalapenos,0,g,0,mg,160,g,1,g,0,g,0,g,0,g,0,g,1,g,,,,
290,grotto pizza,topping large marinated spinach,2,g,0,mg,240,g,1,g,1,g,0,g,0,g,1,g,0,g,,,,
291,grotto pizza,topping large mushrooms,0,g,0,mg,90,g,1,g,0,g,0,g,0,g,1,g,0,g,,,,
292,grotto pizza,topping large peperoni,3.5,g,10,mg,150,g,0,g,2,g,1.5,g,0,g,0,g,0,g,,,,
293,grotto pizza,topping large pineapple,0,g,0,mg,0,g,3,g,0,g,0,g,0,g,0,g,2,g,,,,
294,grotto pizza,topping large prosciutto,2,g,15,mg,260,g,1,g,4,g,1,g,0,g,0,g,1,g,,,,
295,grotto pizza,topping large roasted red peppers,1,g,0,mg,200,g,0,g,0,g,0,g,0,g,0,g,0,g,,,,
296,grotto pizza,topping large sausage,5,g,10,mg,210,g,1,g,3,g,2,g,0,g,0,g,0,g,,,,
297,grotto pizza,topping large sweet peppers,0,g,0,mg,45,g,3,g,0,g,0,g,0,g,0,g,2,g,,,,
298,grotto pizza,topping regular anchovies,0,g,5,mg,180,g,0,g,1,g,0,g,0,g,0,g,0,g,,,,
299,grotto pizza,topping regular artichoke hearts,0,g,0,mg,25,g,0,g,0,g,0,g,0,g,0,g,0,g,,,,
300,grotto pizza,topping regular bacon,1.5,g,5,mg,90,g,0,g,2,g,0,g,0,g,0,g,0,g,,,,
301,grotto pizza,topping regular black olives,1,g,0,mg,35,g,0,g,0,g,0,g,0,g,0,g,0,g,,,,
302,grotto pizza,topping regular caramelized onions,1,g,0,mg,0,g,1,g,0,g,0,g,0,g,0,g,0,g,,,,
303,grotto pizza,topping regular extra cheese,2.5,g,10,mg,55,g,0,g,2,g,2,g,0,g,0,g,0,g,,,,
304,grotto pizza,topping regular feta cheese,1.5,g,5,mg,65,g,0,g,1,g,1,g,0,g,0,g,0,g,,,,
305,grotto pizza,topping regular ground beef,1,g,5,mg,5,g,0,g,2,g,0,g,0,g,0,g,0,g,,,,
306,grotto pizza,topping regular ham,0,g,5,mg,580,g,0,g,1,g,0,g,0,g,0,g,0,g,,,,
307,grotto pizza,topping regular jalapenos,0,g,0,mg,100,g,0,g,0,g,0,g,0,g,0,g,0,g,,,,
308,grotto pizza,topping regular marinated spinach,1,g,0,mg,120,g,0,g,1,g,0,g,0,g,0,g,0,g,,,,
309,grotto pizza,topping regular mushrooms,0,g,0,mg,45,g,1,g,0,g,0,g,0,g,0,g,0,g,,,,
310,grotto pizza,topping regular pepperoni,2,g,5,mg,75,g,0,g,1,g,0.5,g,0,g,0,g,0,g,,,,
311,grotto pizza,topping regular pineapple,0,g,0,mg,0,g,1,g,0,g,0,g,0,g,0,g,1,g,,,,
312,grotto pizza,topping regular prosciutto,1,g,5,mg,130,g,0,g,2,g,0,g,0,g,0,g,0,g,,,,
313,grotto pizza,topping regular roasted red peppers,0.5,g,0,mg,135,g,0,g,0,g,0,g,0,g,0,g,0,g,,,,
314,grotto pizza,topping regular sausage,5,g,10,mg,210,g,1,g,3,g,2,g,0,g,0,g,0,g,,,,
315,grotto pizza,topping regular sweet peppers,0,g,0,mg,25,g,2,g,0,g,0,g,0,g,0,g,1,g,,,,
316,grotto pizza,tuna mix,40,g,35,mg,480,g,1,g,18,g,6,g,0,g,0,g,0,g,,,,
317,grotto pizza,turkey burger,20,g,225,mg,1360,g,49,g,38,g,8,g,0,g,3,g,6,g,,,,
318,grotto pizza,veggies sauteed,42,g,0,mg,400,g,8,g,1,g,6,g,0,g,3,g,4,g,,,,
319,grotto pizza,verdi mix,5,g,0,mg,590,g,2,g,2,g,1,g,0,g,1,g,0,g,,,,
320,grotto pizza,wings 16 ct,32,g,110,mg,480,g,1,g,20,g,7,g,0,g,0,g,0,g,,,,
321,grotto pizza,wings 24 ct,31,g,110,mg,480,g,1,g,20,g,7,g,0,g,0,g,0,g,,,,
322,grotto pizza,wings 50 ct,31,g,110,mg,480,g,1,g,20,g,7,g,0,g,0,g,0,g,,,,
323,grotto pizza,wings 8 ct,32,g,110,mg,480,g,1,g,20,g,7,g,0,g,0,g,0,g,,,,
324,grotto pizza,wings boneless 16,17,g,15,mg,260,g,7,g,6,g,2.5,g,0,g,0,g,0,g,,,,
325,grotto pizza,wings boneless 24,16,g,15,mg,260,g,7,g,6,g,2.5,g,0,g,0,g,0,g,,,,
326,grotto pizza,wings boneless 50,17,g,15,mg,270,g,7,g,6,g,2.5,g,0,g,0,g,0,g,,,,
327,grotto pizza,wings boneless 8,17,g,15,mg,260,g,7,g,6,g,2.5,g,0,g,0,g,0,g,,,,
328,grotto pizza,ziti baked marinara,65,g,195,mg,2020,g,107,g,50,g,28,g,0,g,5,g,14,g,,,,
329,grouchos deli,12 inch wheat wrap,8,g,0,mg,560,g,49,g,8,g,2,g,0,g,4,g,4,g,,,,
330,grouchos deli,angel salad,8,g,75,mg,90,g,10,g,27,g,2,g,0,g,3,g,3,g,,,,
331,grouchos deli,angel salad lapin variation with feta,16,g,105,mg,830,g,12,g,37,g,7,g,0,g,3,g,3,g,,,,
332,grouchos deli,apollo dipper,18,g,90,mg,1470,g,41,g,36,g,8,g,0,g,1,g,4,g,,,,
333,grouchos deli,apollo dipper all ham,18,g,85,mg,2070,g,43,g,32,g,8,g,0,g,1,g,6,g,,,,
334,grouchos deli,apollo dipper all turkey,17,g,100,mg,870,g,40,g,40,g,8,g,0,g,1,g,3,g,,,,
335,grouchos deli,arcadian chicken pita,23,g,120,mg,1420,g,22,g,40,g,8,g,0,g,2,g,1,g,,,,
336,grouchos deli,arcadian chicken salad,15,g,120,mg,1440,g,8,g,37,g,7,g,0,g,1,g,2,g,,,,
337,grouchos deli,baby bella melt pita,46,g,120,mg,840,g,18,g,32,g,23,g,0,g,1,g,0,g,,,,
338,grouchos deli,baby bella salad,16,g,30,mg,980,g,18,g,15,g,6,g,0,g,4,g,4,g,,,,
339,grouchos deli,baby bellas cremini 4oz sliced,2,g,0,mg,0,g,5,g,3,g,0,g,0,g,1,g,0,g,,,,
340,grouchos deli,baby sub,64,g,190,mg,4420,g,71,g,59,g,26,g,0,g,3,g,24,g,,,,
341,grouchos deli,bacon and turkey club,31,g,145,mg,2330,g,107,g,74,g,8,g,0,g,12,g,4,g,,,,
342,grouchos deli,bacon bits 2oz,18,g,100,mg,1280,g,0,g,20,g,8,g,0,g,0,g,0,g,,,,
343,grouchos deli,bacon strips 2oz,17,g,70,mg,1240,g,0,g,24,g,6,g,0,g,0,g,0,g,,,,
344,grouchos deli,big dipper,16,g,80,mg,1560,g,43,g,37,g,8,g,0,g,1,g,5,g,,,,
345,grouchos deli,big dipper all ham,18,g,85,mg,2070,g,43,g,32,g,8,g,0,g,1,g,6,g,,,,
346,grouchos deli,big dipper all roast beef,13,g,75,mg,1210,g,43,g,40,g,8,g,0,g,1,g,4,g,,,,
347,grouchos deli,caprese salad,21,g,60,mg,400,g,23,g,21,g,14,g,0,g,2,g,14,g,,,,
348,grouchos deli,caprese sandwich pumpernickel,21,g,60,mg,870,g,74,g,32,g,14,g,0,g,6,g,18,g,,,,
349,grouchos deli,cheese american 2 slices,8,g,25,mg,480,g,2,g,5,g,5,g,0,g,0,g,1,g,,,,
350,grouchos deli,cheese cheddar 4oz shredded,36,g,120,mg,720,g,0,g,28,g,24,g,0,g,0,g,0,g,,,,
351,grouchos deli,cheese colby jack 4oz cubed,36,g,120,mg,680,g,4,g,28,g,20,g,0,g,0,g,0,g,,,,
352,grouchos deli,cheese feta 4oz,16,g,60,mg,1480,g,4,g,20,g,10,g,0,g,0,g,0,g,,,,
353,grouchos deli,cheese meunster 2 slices,18,g,60,mg,360,g,0,g,14,g,12,g,0,g,0,g,0,g,,,,
354,grouchos deli,cheese mozzarella 2 slices,10,g,30,mg,170,g,0,g,10,g,7,g,0,g,0,g,0,g,,,,
355,grouchos deli,cheese provolone 2 slices,16,g,50,mg,500,g,2,g,14,g,10,g,0,g,0,g,2,g,,,,
356,grouchos deli,cheese swiss 2 slices,7,g,25,mg,400,g,0,g,6,g,5,g,0,g,0,g,0,g,,,,
357,grouchos deli,chicken chili 12oz,8,g,55,mg,2690,g,66,g,22,g,3,g,0,g,7,g,59,g,,,,
358,grouchos deli,chicken noodle soup 12oz,6,g,45,mg,2260,g,29,g,12,g,1,g,0,g,0,g,3,g,,,,
359,grouchos deli,chicken power pita,27,g,120,mg,1450,g,25,g,41,g,8,g,0,g,2,g,3,g,,,,
360,grouchos deli,chicken power salad,18,g,120,mg,1370,g,16,g,39,g,7,g,0,g,3,g,4,g,,,,
361,grouchos deli,chicken salad plate,37,g,120,mg,1840,g,25,g,29,g,8,g,0,g,4,g,10,g,,,,
362,grouchos deli,chicken salad sandwich,40,g,120,mg,2490,g,84,g,43,g,8,g,0,g,7,g,9,g,,,,
363,grouchos deli,chicken sandwich,6,g,105,mg,640,g,39,g,34,g,2,g,0,g,2,g,3,g,,,,
364,grouchos deli,chips baked lays,2,g,0,mg,160,g,20,g,2,g,0,g,0,g,2,g,2,g,,,,
365,grouchos deli,chips bbq baked lays,3,g,0,mg,140,g,19,g,2,g,0,g,0,g,1,g,3,g,,,,
366,grouchos deli,chips grouchos,11,g,0,mg,160,g,15,g,2,g,3,g,0,g,0,g,0,g,,,,
367,grouchos deli,chips pretzels,0,g,0,mg,470,g,32,g,4,g,0,g,0,g,1,g,2,g,,,,
368,grouchos deli,chips sco baked lays,3,g,0,mg,190,g,19,g,2,g,0,g,0,g,2,g,3,g,,,,
369,grouchos deli,cole special dipper,23,g,125,mg,1340,g,52,g,46,g,10,g,0,g,3,g,4,g,,,,
370,grouchos deli,cookie chocolate chip,10,g,25,mg,190,g,24,g,2,g,6,g,0,g,1,g,16,g,,,,
371,grouchos deli,cookie oatmeal raisen,7,g,25,mg,200,g,24,g,3,g,5,g,0,g,1,g,14,g,,,,
372,grouchos deli,cookie snickerdoodle,7,g,30,mg,190,g,25,g,3,g,4,g,0,g,0,g,13,g,,,,
373,grouchos deli,cookie white chocolate macadamia nut,12,g,20,mg,190,g,25,g,2,g,6,g,0,g,0,g,17,g,,,,
374,grouchos deli,corned beef sandwich rye,9,g,60,mg,1240,g,58,g,44,g,2,g,0,g,4,g,2,g,,,,
375,grouchos deli,country white bread per slice,1,g,0,mg,220,g,21,g,5,g,1,g,0,g,1,g,1,g,,,,
376,grouchos deli,crackers captain wafers 2 pack,3,g,0,mg,105,g,9,g,1,g,1,g,0,g,0,g,1,g,,,,
377,grouchos deli,crackers goldfish,4,g,0,mg,170,g,14,g,2,g,1,g,0,g,1,g,0,g,,,,
378,grouchos deli,crackers saltines 2 pack,2,g,0,mg,105,g,8,g,1,g,0,g,0,g,0,g,0,g,,,,
379,grouchos deli,cream of broccoli soup 12oz,14,g,25,mg,2320,g,38,g,11,g,7,g,0,g,8,g,11,g,,,,
380,grouchos deli,cream of potato soup 12oz,31,g,70,mg,1210,g,36,g,18,g,14,g,1,g,3,g,3,g,,,,
381,grouchos deli,danish bleu dressing 2 tbsp,8,g,15,mg,220,g,2,g,3,g,3,g,0,g,0,g,2,g,,,,
382,grouchos deli,dr browns black cherry soda,0,g,0,mg,25,g,45,g,0,g,0,g,0,g,0,g,45,g,,,,
383,grouchos deli,dr browns cream soda,0,g,0,mg,30,g,45,g,0,g,0,g,0,g,0,g,45,g,,,,
384,grouchos deli,dr browns diet black cherry soda,0,g,0,mg,55,g,0,g,0,g,0,g,0,g,0,g,0,g,,,,
385,grouchos deli,dr browns diet cream soda,0,g,0,mg,25,g,0,g,0,g,0,g,0,g,0,g,0,g,,,,
386,grouchos deli,dr browns root beer,0,g,0,mg,0,g,42,g,0,g,0,g,0,g,0,g,42,g,,,,
387,grouchos deli,dshs hogie sub bernstein davies,26,g,100,mg,880,g,40,g,40,g,9,g,0,g,1,g,3,g,,,,
388,grouchos deli,dshs hogie sub ham,29,g,85,mg,2170,g,51,g,32,g,10,g,0,g,3,g,8,g,,,,
389,grouchos deli,dshs hogie sub turkey,28,g,100,mg,970,g,48,g,40,g,10,g,0,g,3,g,6,g,,,,
390,grouchos deli,fiesta power blend 4oz,7,g,0,mg,180,g,8,g,2,g,1,g,0,g,2,g,3,g,,,,
391,grouchos deli,fiesta power blend 4 oz,7,g,0,mg,180,g,8,g,2,g,1,g,0,g,2,g,3,g,,,,
392,grouchos deli,folded pita ham,28,g,90,mg,1590,g,21,g,28,g,10,g,0,g,1,g,3,g,,,,
393,grouchos deli,folded pita pastrami,21,g,80,mg,1110,g,20,g,35,g,8,g,0,g,1,g,1,g,,,,
394,grouchos deli,folded pita roast beef,22,g,80,mg,890,g,20,g,35,g,9,g,0,g,1,g,1,g,,,,
395,grouchos deli,folded pita turkey,26,g,105,mg,390,g,18,g,35,g,10,g,0,g,1,g,1,g,,,,
396,grouchos deli,formula inch45 inch dressing 2 tbsp,13,g,5,mg,190,g,5,g,0,g,2,g,0,g,0,g,5,g,,,,
397,grouchos deli,formula inch95 inch dressing 2 tbsp,0,g,0,mg,140,g,11,g,0,g,0,g,0,g,0,g,11,g,,,,
398,grouchos deli,fountain drink diet dr pepper 20oz,0,g,0,mg,75,g,0,g,0,g,0,g,0,g,0,g,0,g,,,,
399,grouchos deli,fountain drink diet dr pepper 32oz,0,g,0,mg,120,g,0,g,0,g,0,g,0,g,0,g,0,g,,,,
400,grouchos deli,fountain drink diet mountain dew 20oz,0,g,0,mg,60,g,0,g,0,g,0,g,0,g,0,g,0,g,,,,
401,grouchos deli,fountain drink diet mountain dew 32oz,0,g,0,mg,90,g,0,g,0,g,0,g,0,g,0,g,0,g,,,,
402,grouchos deli,fountain drink diet pepsi 20oz,0,g,0,mg,60,g,0,g,0,g,0,g,0,g,0,g,0,g,,,,
403,grouchos deli,fountain drink diet pepsi 32oz,0,g,0,mg,95,g,0,g,0,g,0,g,0,g,0,g,0,g,,,,
404,grouchos deli,fountain drink dr pepper 20oz,0,g,0,mg,45,g,41,g,0,g,0,g,0,g,0,g,41,g,,,,
405,grouchos deli,fountain drink dr pepper 32oz,0,g,0,mg,75,g,65,g,0,g,0,g,0,g,1,g,64,g,,,,
406,grouchos deli,fountain drink lemonade 20oz,0,g,0,mg,160,g,42,g,0,g,0,g,0,g,0,g,40,g,,,,
407,grouchos deli,fountain drink lemonade 32oz,0,g,0,mg,260,g,67,g,0,g,0,g,0,g,0,g,70,g,,,,
408,grouchos deli,fountain drink mountain dew 20oz,0,g,0,mg,55,g,46,g,0,g,0,g,0,g,0,g,50,g,,,,
409,grouchos deli,fountain drink mountain dew 32oz,0,g,0,mg,85,g,73,g,0,g,0,g,0,g,0,g,70,g,,,,
410,grouchos deli,fountain drink pepsi 20oz,0,g,0,mg,35,g,43,g,0,g,0,g,0,g,0,g,43,g,,,,
411,grouchos deli,fountain drink pepsi 32oz,0,g,0,mg,55,g,69,g,0,g,0,g,0,g,0,g,70,g,,,,
412,grouchos deli,fountain drink sierra mist 20oz,0,g,0,mg,35,g,42,g,0,g,0,g,0,g,0,g,40,g,,,,
413,grouchos deli,fountain drink sierra mist 32oz,0,g,0,mg,55,g,68,g,0,g,0,g,0,g,0,g,70,g,,,,
414,grouchos deli,grainy mustard 2oz,6,g,0,mg,840,g,0,g,0,g,0,g,0,g,0,g,0,g,,,,
415,grouchos deli,greek olives 2oz,16,g,0,mg,1040,g,0,g,0,g,2,g,0,g,0,g,0,g,,,,
416,grouchos deli,green combo salad large,0,g,0,mg,20,g,10,g,2,g,0,g,0,g,3,g,3,g,,,,
417,grouchos deli,green combo salad small,0,g,0,mg,10,g,7,g,1,g,0,g,0,g,2,g,2,g,,,,
418,grouchos deli,grouchos blt,31,g,110,mg,2880,g,105,g,61,g,9,g,0,g,11,g,4,g,,,,
419,grouchos deli,grouchos famous sweet tea 20oz,0,g,0,mg,0,g,35,g,0,g,0,g,0,g,0,g,35,g,,,,
420,grouchos deli,grouchos famous sweet tea 32oz,0,g,0,mg,0,g,56,g,0,g,0,g,0,g,0,g,56,g,,,,
421,grouchos deli,grouchos salads bacon and cheddar,36,g,160,mg,1660,g,10,g,36,g,20,g,0,g,3,g,3,g,,,,
422,grouchos deli,grouchos salads feta cheese,16,g,60,mg,1500,g,14,g,22,g,10,g,0,g,3,g,3,g,,,,
423,grouchos deli,grouchos salads just bacon,36,g,200,mg,2580,g,10,g,42,g,16,g,0,g,3,g,3,g,,,,
424,grouchos deli,grouchos salads just cheese,27,g,90,mg,550,g,11,g,23,g,17,g,0,g,3,g,3,g,,,,
425,grouchos deli,grouchos salads pasta and green,0,g,0,mg,620,g,74,g,8,g,0,g,0,g,5,g,37,g,,,,
426,grouchos deli,grouchos salads turkey and bacon,26,g,175,mg,1370,g,10,g,47,g,10,g,0,g,3,g,3,g,,,,
427,grouchos deli,grouchos salads turkey and cheese,26,g,135,mg,450,g,10,g,41,g,14,g,0,g,3,g,3,g,,,,
428,grouchos deli,ham sandwich,13,g,60,mg,1950,g,74,g,34,g,3,g,0,g,8,g,6,g,,,,
429,grouchos deli,ham sub,65,g,185,mg,3800,g,55,g,59,g,25,g,0,g,2,g,12,g,,,,
430,grouchos deli,herb slaw 4oz,8,g,5,mg,640,g,18,g,1,g,2,g,0,g,2,g,12,g,,,,
431,grouchos deli,honey mustard dressing 2 tbsp,13,g,5,mg,160,g,5,g,0,g,2,g,0,g,0,g,5,g,,,,
432,grouchos deli,hot dog all beef,24,g,40,mg,1120,g,42,g,18,g,10,g,1,g,1,g,3,g,,,,
433,grouchos deli,i s m chicken critter,14,g,110,mg,1400,g,64,g,35,g,4,g,0,g,3,g,25,g,,,,
434,grouchos deli,i s m turkey international,17,g,100,mg,1070,g,61,g,42,g,8,g,0,g,3,g,14,g,,,,
435,grouchos deli,i s m white moose,17,g,100,mg,1100,g,62,g,42,g,8,g,0,g,3,g,14,g,,,,
436,grouchos deli,international dip ham,18,g,90,mg,1970,g,57,g,36,g,9,g,0,g,4,g,9,g,,,,
437,grouchos deli,international dip roast beef,12,g,80,mg,1260,g,56,g,43,g,8,g,0,g,4,g,6,g,,,,
438,grouchos deli,international dip tukey,17,g,105,mg,770,g,54,g,44,g,8,g,0,g,4,g,6,g,,,,
439,grouchos deli,italian dressing 2 tbsp,19,g,0,mg,25,g,0,g,0,g,3,g,0,g,0,g,0,g,,,,
440,grouchos deli,jewish rye per slice,2,g,0,mg,290,g,28,g,8,g,0,g,0,g,2,g,1,g,,,,
441,grouchos deli,junior apollo,9,g,45,mg,810,g,29,g,20,g,4,g,0,g,1,g,3,g,,,,
442,grouchos deli,junior apollo all ham,10,g,45,mg,1110,g,29,g,18,g,4,g,0,g,1,g,3,g,,,,
443,grouchos deli,junior apollo all turkey,9,g,50,mg,510,g,28,g,22,g,4,g,0,g,1,g,2,g,,,,
444,grouchos deli,junior dipper,12,g,55,mg,990,g,30,g,24,g,7,g,0,g,1,g,4,g,,,,
445,grouchos deli,junior dipper all ham,14,g,55,mg,1160,g,30,g,22,g,7,g,0,g,1,g,4,g,,,,
446,grouchos deli,junior dipper all roast beef,12,g,50,mg,930,g,42,g,28,g,7,g,0,g,1,g,4,g,,,,
447,grouchos deli,junior stp,12,g,70,mg,960,g,29,g,27,g,6,g,0,g,1,g,2,g,,,,
448,grouchos deli,junior stp all roast beef,11,g,65,mg,1080,g,29,g,26,g,6,g,0,g,1,g,2,g,,,,
449,grouchos deli,junior stp all turkey,13,g,75,mg,830,g,28,g,27,g,6,g,0,g,1,g,2,g,,,,
450,grouchos deli,lettuce 1 crown,0,g,0,mg,10,g,1,g,0,g,0,g,0,g,0,g,1,g,,,,
451,grouchos deli,marinated chicken salad,3,g,90,mg,550,g,21,g,28,g,1,g,0,g,3,g,13,g,,,,
452,grouchos deli,meat bologna 4oz,30,g,60,mg,1400,g,8,g,12,g,12,g,0,g,0,g,2,g,,,,
453,grouchos deli,meat chicken breast 4oz,3,g,90,mg,390,g,0,g,26,g,1,g,0,g,0,g,0,g,,,,
454,grouchos deli,meat corned beef 4oz,6,g,60,mg,660,g,2,g,28,g,2,g,0,g,0,g,0,g,,,,
455,grouchos deli,meat ham 4oz,9,g,60,mg,1270,g,3,g,17,g,3,g,0,g,0,g,3,g,,,,
456,grouchos deli,meat pastrami 4oz,2,g,50,mg,780,g,2,g,24,g,1,g,0,g,0,g,0,g,,,,
457,grouchos deli,meat roast beef 4oz,3,g,50,mg,560,g,2,g,24,g,2,g,0,g,0,g,0,g,,,,
458,grouchos deli,meat salami 4oz,18,g,60,mg,1220,g,6,g,16,g,6,g,0,g,0,g,4,g,,,,
459,grouchos deli,meat turkey 4oz,8,g,75,mg,65,g,0,g,25,g,2,g,0,g,0,g,0,g,,,,
460,grouchos deli,megasize,47,g,285,mg,2790,g,56,g,95,g,24,g,0,g,4,g,6,g,,,,
461,grouchos deli,mid east special,58,g,175,mg,3300,g,53,g,65,g,24,g,0,g,1,g,9,g,,,,
462,grouchos deli,multigram wheat bread per slice,2,g,0,mg,330,g,33,g,8,g,0,g,0,g,3,g,1,g,,,,
463,grouchos deli,my wifes salad bowl,54,g,255,mg,2500,g,13,g,64,g,27,g,0,g,3,g,4,g,,,,
464,grouchos deli,organic harvest salad large,0,g,0,mg,55,g,6,g,1,g,0,g,0,g,1,g,2,g,,,,
465,grouchos deli,organic harvest salad small,0,g,0,mg,30,g,5,g,1,g,0,g,0,g,1,g,1,g,,,,
466,grouchos deli,pasta salad 4oz,0,g,0,mg,300,g,32,g,3,g,0,g,0,g,1,g,17,g,,,,
467,grouchos deli,pasta green and feta,8,g,30,mg,1060,g,44,g,15,g,5,g,0,g,4,g,20,g,,,,
468,grouchos deli,pastrami sandwich rye,5,g,50,mg,1360,g,58,g,40,g,1,g,0,g,4,g,2,g,,,,
469,grouchos deli,peanut butter and jelly,34,g,0,mg,780,g,108,g,26,g,9,g,0,g,6,g,56,g,,,,
470,grouchos deli,pickle,0,g,0,mg,330,g,1,g,0,g,0,g,0,g,1,g,1,g,,,,
471,grouchos deli,pita,0,g,0,mg,130,g,15,g,3,g,0,g,0,g,0,g,0,g,,,,
472,grouchos deli,potato salad 4oz,2,g,5,mg,350,g,21,g,1,g,0,g,0,g,1,g,8,g,,,,
473,grouchos deli,pretzel crusted salted caramel brownie,24,g,45,mg,480,g,75,g,6,g,11,g,0,g,3,g,57,g,,,,
474,grouchos deli,pumpernickel bread per slice,0,g,0,mg,260,g,27,g,6,g,0,g,0,g,2,g,3,g,,,,
475,grouchos deli,ranch dressing 2 tbsp,11,g,5,mg,270,g,3,g,1,g,2,g,0,g,0,g,2,g,,,,
476,grouchos deli,raspberry vinaigrette dressing 2 tbsp,0,g,0,mg,250,g,8,g,0,g,0,g,0,g,0,g,7,g,,,,
477,grouchos deli,red pepper gouda bisque 12oz,32,g,55,mg,1260,g,25,g,10,g,12,g,1,g,4,g,18,g,,,,
478,grouchos deli,reuben variation rye,14,g,80,mg,2140,g,62,g,47,g,7,g,0,g,8,g,2,g,,,,
479,grouchos deli,reuben variation rye herb slaw,16,g,85,mg,1700,g,63,g,47,g,7,g,0,g,4,g,5,g,,,,
480,grouchos deli,reuben variation rye turkey,20,g,105,mg,1430,g,60,g,48,g,8,g,0,g,8,g,2,g,,,,
481,grouchos deli,roast beef marinate,6,g,65,mg,1070,g,59,g,32,g,3,g,0,g,1,g,24,g,,,,
482,grouchos deli,roast beef sandwich,6,g,50,mg,1240,g,72,g,40,g,2,g,0,g,7,g,3,g,,,,
483,grouchos deli,salami rye sandwich,21,g,60,mg,1820,g,66,g,32,g,6,g,0,g,5,g,7,g,,,,
484,grouchos deli,seeded roll,3,g,15,mg,230,g,35,g,8,g,1,g,0,g,1,g,3,g,,,,
485,grouchos deli,stp dipper,19,g,110,mg,1430,g,41,g,44,g,10,g,0,g,1,g,3,g,,,,
486,grouchos deli,stp dipper all roast beef,17,g,100,mg,1680,g,42,g,44,g,10,g,0,g,1,g,3,g,,,,
487,grouchos deli,stp dipper all turkey,21,g,125,mg,1190,g,40,g,45,g,10,g,0,g,1,g,3,g,,,,
488,grouchos deli,the blc chicken critter,19,g,155,mg,1340,g,48,g,46,g,9,g,0,g,1,g,15,g,,,,
489,grouchos deli,the brown moose,14,g,90,mg,1050,g,39,g,39,g,8,g,0,g,1,g,5,g,,,,
490,grouchos deli,the cheese sandwich wheat american,15,g,35,mg,1400,g,73,g,24,g,8,g,0,g,7,g,4,g,,,,
491,grouchos deli,the cheese sandwich wheat cheddar,21,g,60,mg,1040,g,70,g,30,g,12,g,0,g,7,g,3,g,,,,
492,grouchos deli,the cheese sandwich wheat muesnter,30,g,90,mg,1220,g,70,g,37,g,18,g,0,g,7,g,3,g,,,,
493,grouchos deli,the cheese sandwich wheat provolone,27,g,75,mg,1430,g,73,g,37,g,15,g,0,g,7,g,6,g,,,,
494,grouchos deli,the cheese sandwich wheat swiss,14,g,40,mg,1280,g,70,g,25,g,7,g,0,g,7,g,3,g,,,,
495,grouchos deli,the deli club,31,g,140,mg,2930,g,108,g,70,g,9,g,0,g,12,g,6,g,,,,
496,grouchos deli,the deli club for 2,49,g,240,mg,4220,g,109,g,103,g,14,g,0,g,12,g,7,g,,,,
497,grouchos deli,the pink moose,20,g,100,mg,1760,g,40,g,33,g,9,g,0,g,1,g,7,g,,,,
498,grouchos deli,the white moose,19,g,115,mg,560,g,37,g,40,g,8,g,0,g,1,g,5,g,,,,
499,grouchos deli,toasted cheese american,18,g,50,mg,1400,g,46,g,20,g,12,g,0,g,2,g,4,g,,,,
500,grouchos deli,tomato basil bisque soup 12oz,28,g,40,mg,1190,g,28,g,6,g,8,g,0,g,4,g,22,g,,,,
501,grouchos deli,tomato slices 2,0,g,0,mg,0,g,3,g,0,g,0,g,0,g,1,g,0,g,,,,
502,grouchos deli,tuna cheese melt club,36,g,100,mg,2230,g,116,g,57,g,14,g,0,g,12,g,11,g,,,,
503,grouchos deli,tuna salad plate,13,g,40,mg,870,g,19,g,21,g,2,g,0,g,3,g,10,g,,,,
504,grouchos deli,tuna sandwich,16,g,40,mg,1520,g,79,g,35,g,2,g,0,g,7,g,10,g,,,,
505,grouchos deli,turkey sandwich,11,g,75,mg,740,g,70,g,41,g,2,g,0,g,7,g,3,g,,,,
506,grouchos deli,turkey sub,64,g,200,mg,2600,g,57,g,67,g,25,g,0,g,3,g,11,g,,,,
507,grouchos deli,turkey cheddar and bacon,44,g,235,mg,1730,g,10,g,61,g,22,g,0,g,3,g,3,g,,,,
508,grouchos deli,turkey pasta and green,8,g,75,mg,390,g,42,g,30,g,2,g,0,g,4,g,20,g,,,,
509,grouchos deli,udis gluten free subroll 1 2 roll,7,g,0,mg,450,g,38,g,6,g,1,g,0,g,4,g,4,g,,,,
510,grouchos deli,vegan baby bella salad,8,g,0,mg,240,g,15,g,4,g,1,g,0,g,4,g,4,g,,,,
511,grouchos deli,veggie italian sub,36,g,80,mg,1300,g,47,g,29,g,18,g,0,g,3,g,6,g,,,,
512,grouchos deli,veggies baby bella salad,16,g,30,mg,980,g,18,g,15,g,6,g,0,g,4,g,4,g,,,,
513,grouchos deli,wheat roll 5 roll,3,g,0,mg,470,g,50,g,11,g,1,g,0,g,3,g,3,g,,,,
514,grouchos deli,white roll 5 roll,2,g,0,mg,400,g,40,g,9,g,1,g,0,g,1,g,3,g,,,,
515,ground round,10 oz ribeye,89,g,0,mg,1640,g,32,g,0,g,30,g,0,g,2,g,0,g,,,,
516,ground round,12 oz grilled asparagus bearnaise,59,g,0,mg,2540,g,18,g,0,g,24,g,0,g,1,g,0,g,,,,
517,ground round,12 oz sirloin steak,51,g,0,mg,2530,g,14,g,0,g,19,g,0,g,1,g,0,g,,,,
518,ground round,7 oz grilled asparagus bearnaise,41,g,0,mg,2020,g,18,g,0,g,17,g,0,g,1,g,0,g,,,,
519,ground round,7 oz sirloin steak,34,g,0,mg,2010,g,14,g,0,g,12,g,0,g,1,g,0,g,,,,
520,ground round,8 chicken wings hot,68,g,0,mg,4040,g,11,g,0,g,18,g,0,g,3,g,0,g,,,,
521,ground round,8 chicken wings medium,68,g,0,mg,3220,g,10,g,0,g,18,g,0,g,2,g,0,g,,,,
522,ground round,8 chicken wings mild,68,g,0,mg,2370,g,9,g,0,g,18,g,0,g,2,g,0,g,,,,
523,ground round,8 wings honey bbq,32,g,0,mg,2470,g,67,g,0,g,11,g,0,g,2,g,0,g,,,,
524,ground round,8 wings sweet chili sauce,50,g,0,mg,3020,g,75,g,0,g,11,g,0,g,2,g,0,g,,,,
525,ground round,adult coke,0,g,0,mg,0,g,38,g,0,g,0,g,0,g,0,g,0,g,,,,
526,ground round,adult lemonade,0,g,0,mg,0,g,37,g,0,g,0,g,0,g,0,g,0,g,,,,
527,ground round,adult orange soda,0,g,0,mg,0,g,43,g,0,g,0,g,0,g,0,g,0,g,,,,
528,ground round,adult raspberry iced tea,0,g,0,mg,0,g,23,g,0,g,0,g,0,g,0,g,0,g,,,,
529,ground round,adult root beer,0,g,0,mg,0,g,43,g,0,g,0,g,0,g,0,g,0,g,,,,
530,ground round,adult sprite,0,g,0,mg,0,g,37,g,0,g,0,g,0,g,0,g,0,g,,,,
531,ground round,asian cole slaw,9,g,0,mg,360,g,29,g,0,g,1,g,0,g,6,g,0,g,,,,
532,ground round,asparagus,7,g,0,mg,310,g,8,g,0,g,1,g,0,g,4,g,0,g,,,,
533,ground round,baby back ribs,64,g,0,mg,3830,g,165,g,0,g,24,g,0,g,4,g,0,g,,,,
534,ground round,baby back ribs 1 2 rack,32,g,0,mg,1910,g,82,g,0,g,12,g,0,g,2,g,0,g,,,,
535,ground round,bacon and cheese burger,63,g,0,mg,2330,g,41,g,0,g,24,g,0,g,3,g,0,g,,,,
536,ground round,bacon and cheese burger 1 4 lb,46,g,0,mg,2260,g,41,g,0,g,18,g,0,g,3,g,0,g,,,,
537,ground round,baja tacos fish,58,g,0,mg,2740,g,95,g,0,g,13,g,0,g,9,g,0,g,,,,
538,ground round,baja tacos fish lunch portion,45,g,0,mg,2040,g,68,g,0,g,11,g,0,g,6,g,0,g,,,,
539,ground round,baja tacos shrimp,59,g,0,mg,3440,g,85,g,0,g,13,g,0,g,9,g,0,g,,,,
540,ground round,baja tacos shrimp lunch portion,42,g,0,mg,2370,g,61,g,0,g,10,g,0,g,6,g,0,g,,,,
541,ground round,baked cod,22,g,0,mg,480,g,26,g,0,g,3.5,g,0,g,1,g,0,g,,,,
542,ground round,baked potato butter,11,g,0,mg,15,g,31,g,0,g,7,g,0,g,3,g,0,g,,,,
543,ground round,baked potato plain,0,g,0,mg,15,g,31,g,0,g,0,g,0,g,3,g,0,g,,,,
544,ground round,baked potato sour cream,6,g,0,mg,30,g,33,g,0,g,35,g,0,g,3,g,0,g,,,,
545,ground round,baked potato sour cream and butter,17,g,0,mg,30,g,33,g,0,g,10,g,0,g,3,g,0,g,,,,
546,ground round,big daddy quesadilla burger,84,g,0,mg,3330,g,38,g,0,g,27,g,0,g,1,g,0,g,,,,
547,ground round,black and bleu burger,68,g,0,mg,2550,g,41,g,0,g,28,g,0,g,3,g,0,g,,,,
548,ground round,black and bleu burger 1 4 lb,51,g,0,mg,2480,g,41,g,0,g,22,g,0,g,3,g,0,g,,,,
549,ground round,black and white cookie delight,36,g,0,mg,1050,g,128,g,0,g,11,g,0,g,4,g,0,g,,,,
550,ground round,blt burger,137,g,0,mg,2850,g,27,g,0,g,40,g,0,g,2,g,0,g,,,,
551,ground round,boneless chicken wings honey bbq,27,g,0,mg,1400,g,107,g,0,g,5,g,0,g,5,g,0,g,,,,
552,ground round,boneless chicken wings hot,64,g,0,mg,2970,g,51,g,0,g,12,g,0,g,6,g,0,g,,,,
553,ground round,boneless chicken wings medium,64,g,0,mg,2150,g,50,g,0,g,12,g,0,g,5,g,0,g,,,,
554,ground round,boneless chicken wings mild,64,g,0,mg,1330,g,49,g,0,g,12,g,0,g,5,g,0,g,,,,
555,ground round,boneless chicken wings sweet chili,27,g,0,mg,1820,g,110,g,0,g,5,g,0,g,5,g,0,g,,,,
556,ground round,boom boom shrimp,59,g,0,mg,2440,g,66,g,0,g,9,g,0,g,8,g,0,g,,,,
557,ground round,broccoli,6,g,0,mg,90,g,6,g,0,g,3.5,g,0,g,3,g,0,g,,,,
558,ground round,bruschetta burger,63,g,0,mg,1850,g,44,g,0,g,23,g,0,g,4,g,0,g,,,,
559,ground round,buffalo chicken salad,84,g,0,mg,2760,g,36,g,0,g,25,g,0,g,5,g,0,g,,,,
560,ground round,buffalo chicken wrap,46,g,0,mg,3700,g,35,g,0,g,13,g,0,g,4,g,0,g,,,,
561,ground round,caesar salad small,17,g,0,mg,550,g,15,g,0,g,3.5,g,0,g,2,g,0,g,,,,
562,ground round,cajun chicken florentine pasta,45,g,0,mg,3440,g,189,g,0,g,17,g,0,g,20,g,0,g,,,,
563,ground round,cajun chicken florentine pasta lunch portion,31,g,0,mg,2520,g,107,g,0,g,12,g,0,g,11,g,0,g,,,,
564,ground round,caribbean sizzling steak tips,61,g,0,mg,3510,g,120,g,0,g,23,g,0,g,10,g,0,g,,,,
565,ground round,cheese burger,53,g,0,mg,2090,g,41,g,0,g,20,g,0,g,3,g,0,g,,,,
566,ground round,cheese burger 1 4 lb,36,g,0,mg,2030,g,41,g,0,g,14,g,0,g,3,g,0,g,,,,
567,ground round,cheese sticks,52,g,0,mg,2330,g,68,g,0,g,15,g,0,g,10,g,0,g,,,,
568,ground round,cheesecake bites,53,g,0,mg,1040,g,142,g,0,g,25,g,0,g,4,g,0,g,,,,
569,ground round,chicken alfredo pasta,45,g,0,mg,3580,g,185,g,0,g,17,g,0,g,18,g,0,g,,,,
570,ground round,chicken alfredo pasta lunch portion,31,g,0,mg,2670,g,103,g,0,g,12,g,0,g,9,g,0,g,,,,
571,ground round,chicken broccoli alfredo pasta,46,g,0,mg,3710,g,194,g,0,g,17,g,0,g,22,g,0,g,,,,
572,ground round,chicken broccoli alfredo pasta lunch portion,31,g,0,mg,2730,g,108,g,0,g,12,g,0,g,12,g,0,g,,,,
573,ground round,chicken club salad fried,66,g,0,mg,1860,g,50,g,0,g,21,g,0,g,5,g,0,g,,,,
574,ground round,chicken club salad grilled,62,g,0,mg,1480,g,50,g,0,g,21,g,0,g,5,g,0,g,,,,
575,ground round,chicken dinner balsamic,31,g,0,mg,1180,g,26,g,0,g,10,g,0,g,1,g,0,g,,,,
576,ground round,chicken dinner balsamic lunch portion,20,g,0,mg,720,g,20,g,0,g,6,g,0,g,1,g,0,g,,,,
577,ground round,chicken dinner bbq,19,g,0,mg,1860,g,42,g,0,g,5,g,0,g,1,g,0,g,,,,
578,ground round,chicken dinner bbq lunch portion,14,g,0,mg,1260,g,28,g,0,g,35,g,0,g,1,g,0,g,,,,
579,ground round,chicken dinner cajun,19,g,0,mg,2000,g,14,g,0,g,5,g,0,g,1,g,0,g,,,,
580,ground round,chicken dinner cajun lunch portion,14,g,0,mg,1760,g,14,g,0,g,3.5,g,0,g,1,g,0,g,,,,
581,ground round,chicken dinner plain,19,g,0,mg,1130,g,14,g,0,g,5,g,0,g,1,g,0,g,,,,
582,ground round,chicken dinner plain lunch portion,14,g,0,mg,890,g,14,g,0,g,3.5,g,0,g,1,g,0,g,,,,
583,ground round,chicken quesadilla,69,g,0,mg,2270,g,42,g,0,g,35,g,0,g,5,g,0,g,,,,
584,ground round,chicken tenderloin buffalo,47,g,0,mg,2670,g,4,g,0,g,8,g,0,g,1,g,0,g,,,,
585,ground round,chicken tenderloin plain,38,g,0,mg,1360,g,17,g,0,g,4,g,0,g,1,g,0,g,,,,
586,ground round,chicken wonton nachos,24,g,0,mg,2350,g,132,g,0,g,3,g,0,g,5,g,0,g,,,,
587,ground round,chicken sticks and rings,44,g,0,mg,2320,g,79,g,0,g,8,g,0,g,4,g,0,g,,,,
588,ground round,chimichanga beef,55,g,0,mg,2680,g,97,g,0,g,22,g,0,g,10,g,0,g,,,,
589,ground round,chimichanga chicken,60,g,0,mg,2230,g,86,g,0,g,24,g,0,g,10,g,0,g,,,,
590,ground round,chocolate lovin spoonful cake,51,g,0,mg,420,g,115,g,0,g,30,g,0,g,8,g,0,g,,,,
591,ground round,cinnamon dippers,15,g,0,mg,990,g,149,g,0,g,9,g,0,g,7,g,0,g,,,,
592,ground round,clubhouse burger,92,g,0,mg,2670,g,31,g,0,g,31,g,0,g,2,g,0,g,,,,
593,ground round,cole slaw,12,g,0,mg,430,g,11,g,0,g,1.5,g,0,g,2,g,0,g,,,,
594,ground round,cranberry walnut chicken salad,53,g,0,mg,1580,g,97,g,0,g,19,g,0,g,9,g,0,g,,,,
595,ground round,double burger buster,112,g,0,mg,2920,g,68,g,0,g,44,g,0,g,4,g,0,g,,,,
596,ground round,egg rolls,28,g,0,mg,1840,g,79,g,0,g,6,g,0,g,5,g,0,g,,,,
597,ground round,fajita chicken,57,g,0,mg,4030,g,120,g,0,g,22,g,0,g,12,g,0,g,,,,
598,ground round,fajita combo,63,g,0,mg,4170,g,123,g,0,g,25,g,0,g,12,g,0,g,,,,
599,ground round,fajita steak,68,g,0,mg,4310,g,125,g,0,g,27,g,0,g,12,g,0,g,,,,
600,ground round,fajita triple,64,g,0,mg,6270,g,124,g,0,g,25,g,0,g,13,g,0,g,,,,
601,ground round,french dip sandwich,16,g,0,mg,2980,g,81,g,0,g,4.5,g,0,g,4,g,0,g,,,,
602,ground round,french fries,12,g,0,mg,1550,g,49,g,0,g,3,g,0,g,5,g,0,g,,,,
603,ground round,fried shrimp,33,g,0,mg,1640,g,67,g,0,g,4,g,0,g,6,g,0,g,,,,
604,ground round,grilled chicken citrus salad,62,g,0,mg,1110,g,53,g,0,g,16,g,0,g,5,g,0,g,,,,
605,ground round,ground rounder,46,g,0,mg,1890,g,40,g,0,g,16,g,0,g,3,g,0,g,,,,
606,ground round,ground rounder 1 4 lb,29,g,0,mg,1660,g,39,g,0,g,10,g,0,g,3,g,0,g,,,,
607,ground round,haystack burger,69,g,0,mg,2450,g,53,g,0,g,22,g,0,g,4,g,0,g,,,,
608,ground round,haystack burger 1 4 lb,52,g,0,mg,2390,g,53,g,0,g,16,g,0,g,4,g,0,g,,,,
609,ground round,healthy baked cod,34,g,0,mg,680,g,49,g,0,g,19,g,0,g,7,g,0,g,,,,
610,ground round,healthy choice 7 oz choice sirloin,34,g,0,mg,2280,g,38,g,0,g,14,g,0,g,6,g,0,g,,,,
611,ground round,healthy choice balsamic chicken,32,g,0,mg,1440,g,42,g,0,g,12,g,0,g,7,g,0,g,,,,
612,ground round,healthy choice balsamic chicken lunch portion,21,g,0,mg,990,g,40,g,0,g,8,g,0,g,6,g,0,g,,,,
613,ground round,healthy choice chicken breast dinner,20,g,0,mg,1400,g,38,g,0,g,7,g,0,g,6,g,0,g,,,,
614,ground round,healthy choice chicken breast dinner lunch portion,15,g,0,mg,1160,g,38,g,0,g,6,g,0,g,6,g,0,g,,,,
615,ground round,healthy choice chicken breast sandwich,27,g,0,mg,1570,g,24,g,0,g,7,g,0,g,6,g,0,g,,,,
616,ground round,healthy choice grilled salmon,29,g,0,mg,1380,g,38,g,0,g,8,g,0,g,6,g,0,g,,,,
617,ground round,healthy choice mango grilled tilapia,19,g,0,mg,670,g,52,g,0,g,6,g,0,g,8,g,0,g,,,,
618,ground round,healthy choice quinoa salad,25,g,0,mg,470,g,102,g,0,g,2.5,g,0,g,19,g,0,g,,,,
619,ground round,healthy choice veggie burger,29,g,0,mg,1990,g,67,g,0,g,6,g,0,g,9,g,0,g,,,,
620,ground round,hickory bbq chicken sandwich,35,g,0,mg,2990,g,41,g,0,g,13,g,0,g,1,g,0,g,,,,
621,ground round,hickory burger,63,g,0,mg,2690,g,55,g,0,g,24,g,0,g,3,g,0,g,,,,
622,ground round,hickory burger 1 4 lb,46,g,0,mg,2630,g,55,g,0,g,18,g,0,g,3,g,0,g,,,,
623,ground round,hot sicilian sandwich,59,g,0,mg,3170,g,83,g,0,g,16,g,0,g,6,g,0,g,,,,
624,ground round,house salad,25,g,0,mg,680,g,17,g,0,g,8,g,0,g,2,g,0,g,,,,
625,ground round,house vegetable,8,g,0,mg,70,g,13,g,0,g,3,g,0,g,5,g,0,g,,,,
626,ground round,italian nachos,57,g,0,mg,3310,g,114,g,0,g,23,g,0,g,11,g,0,g,,,,
627,ground round,kettle chips,23,g,0,mg,850,g,43,g,0,g,5,g,0,g,4,g,0,g,,,,
628,ground round,kid burger,32,g,0,mg,960,g,34,g,0,g,10,g,0,g,2,g,0,g,,,,
629,ground round,kid cheese burger,35,g,0,mg,1140,g,35,g,0,g,12,g,0,g,2,g,0,g,,,,
630,ground round,kid chicken breast,5,g,0,mg,840,g,0,g,0,g,2,g,0,g,2,g,0,g,,,,
631,ground round,kid chicken tenderloin,27,g,0,mg,900,g,26,g,0,g,4.5,g,0,g,2,g,0,g,,,,
632,ground round,kid coke,0,g,0,mg,0,g,19,g,0,g,0,g,0,g,0,g,0,g,,,,
633,ground round,kid corn dog,15,g,0,mg,650,g,31,g,0,g,5,g,0,g,1,g,0,g,,,,
634,ground round,kid diet coke,0,g,0,mg,0,g,0,g,0,g,0,g,0,g,0,g,0,g,,,,
635,ground round,kid extreme combo,35,g,0,mg,1200,g,32,g,0,g,8,g,0,g,2,g,0,g,,,,
636,ground round,kid grill cheese,20,g,0,mg,1070,g,50,g,0,g,8,g,0,g,2,g,0,g,,,,
637,ground round,kid hound dog mac n cheese,21,g,0,mg,960,g,65,g,0,g,6,g,0,g,3,g,0,g,,,,
638,ground round,kid lemonade,0,g,0,mg,0,g,18,g,0,g,0,g,0,g,0,g,0,g,,,,
639,ground round,kid mac n cheese,9,g,0,mg,550,g,45,g,0,g,25,g,0,g,2,g,0,g,,,,
640,ground round,kid orange soda,0,g,0,mg,0,g,21,g,0,g,0,g,0,g,0,g,0,g,,,,
641,ground round,kid pizza,14,g,0,mg,660,g,40,g,0,g,4,g,0,g,2,g,0,g,,,,
642,ground round,kid pizza pepperoni,27,g,0,mg,1130,g,40,g,0,g,8,g,0,g,2,g,0,g,,,,
643,ground round,kid raspberry ice tea,0,g,0,mg,0,g,11,g,0,g,0,g,0,g,0,g,0,g,,,,
644,ground round,kid root beer,0,g,0,mg,0,g,21,g,0,g,0,g,0,g,0,g,0,g,,,,
645,ground round,kid sketti,5,g,0,mg,220,g,44,g,0,g,0,g,0,g,3,g,0,g,,,,
646,ground round,kid sprite,0,g,0,mg,0,g,18,g,0,g,0,g,0,g,0,g,0,g,,,,
647,ground round,kids steak bites,22,g,0,mg,240,g,0,g,0,g,9,g,0,g,0,g,0,g,,,,
648,ground round,lemon herb chicken pasta,87,g,0,mg,2590,g,114,g,0,g,40,g,0,g,6,g,0,g,,,,
649,ground round,lemon herb chicken pasta lunch portion,62,g,0,mg,1900,g,72,g,0,g,28,g,0,g,4,g,0,g,,,,
650,ground round,loaded baked potato,31,g,0,mg,710,g,29,g,0,g,16,g,0,g,2,g,0,g,,,,
651,ground round,loaded mashed potato,37,g,0,mg,710,g,24,g,0,g,18,g,0,g,2,g,0,g,,,,
652,ground round,lunch 1 2 chicken ranch grille,19,g,0,mg,600,g,23,g,0,g,8,g,0,g,3,g,0,g,,,,
653,ground round,lunch 1 2 hot sicilian sandwich,28,g,0,mg,1510,g,34,g,0,g,7,g,0,g,2,g,0,g,,,,
654,ground round,lunch 1 2 turkey grille,19,g,0,mg,840,g,11,g,0,g,7,g,0,g,1,g,0,g,,,,
655,ground round,lunch chicken club fried,79,g,0,mg,1890,g,65,g,0,g,24,g,0,g,5,g,0,g,,,,
656,ground round,lunch chicken club grilled,71,g,0,mg,1520,g,48,g,0,g,23,g,0,g,4,g,0,g,,,,
657,ground round,lunch chicken ranch grille,37,g,0,mg,1100,g,48,g,0,g,15,g,0,g,6,g,0,g,,,,
658,ground round,lunch chicken stir fry,30,g,0,mg,1660,g,77,g,0,g,5,g,0,g,11,g,0,g,,,,
659,ground round,lunch cranberry walnut chicken,44,g,0,mg,1340,g,69,g,0,g,16,g,0,g,7,g,0,g,,,,
660,ground round,lunch grilled chicken citrus salad,41,g,0,mg,1000,g,34,g,0,g,11,g,0,g,4,g,0,g,,,,
661,ground round,lunch hot sicilian sandwich,59,g,0,mg,3170,g,83,g,0,g,16,g,0,g,6,g,0,g,,,,
662,ground round,lunch margherita flatbread pizza,39,g,0,mg,630,g,31,g,0,g,18,g,0,g,1,g,0,g,,,,
663,ground round,lunch southwest fiesta chicken,45,g,0,mg,1640,g,53,g,0,g,10,g,0,g,8,g,0,g,,,,
664,ground round,lunch taco salad beef,30,g,0,mg,1910,g,48,g,0,g,17,g,0,g,8,g,0,g,,,,
665,ground round,lunch taco salad chicken,35,g,0,mg,1580,g,39,g,0,g,18,g,0,g,8,g,0,g,,,,
666,ground round,mango grilled tilapia,9,g,0,mg,790,g,14,g,0,g,2,g,0,g,1,g,0,g,,,,
667,ground round,mashed potato,9,g,0,mg,450,g,25,g,0,g,8,g,0,g,3,g,0,g,,,,
668,ground round,mini cinnamon dippers,17,g,0,mg,520,g,80,g,0,g,9,g,0,g,4,g,0,g,,,,
669,ground round,mushroom and swiss burger,55,g,0,mg,1870,g,43,g,0,g,21,g,0,g,4,g,0,g,,,,
670,ground round,mushroom and swiss burger 1 4 lb,38,g,0,mg,1810,g,43,g,0,g,15,g,0,g,4,g,0,g,,,,
671,ground round,onion ring,15,g,0,mg,600,g,48,g,0,g,2,g,0,g,1,g,0,g,,,,
672,ground round,orange grilled salmon,48,g,0,mg,1590,g,35,g,0,g,8,g,0,g,1,g,0,g,,,,
673,ground round,oreo smoothie,15,g,0,mg,290,g,66,g,0,g,10,g,0,g,2,g,0,g,,,,
674,ground round,outrageous nachos beef,81,g,0,mg,4360,g,154,g,0,g,43,g,0,g,15,g,0,g,,,,
675,ground round,outrageous nachos chicken,86,g,0,mg,3690,g,139,g,0,g,44,g,0,g,15,g,0,g,,,,
676,ground round,patty melt,52,g,0,mg,1840,g,35,g,0,g,20,g,0,g,3,g,0,g,,,,
677,ground round,potato skins,50,g,0,mg,1290,g,54,g,0,g,28,g,0,g,7,g,0,g,,,,
678,ground round,quinoa salad,25,g,0,mg,470,g,102,g,0,g,25,g,0,g,19,g,0,g,,,,
679,ground round,rice pilaf,3,g,0,mg,460,g,27,g,0,g,1.5,g,0,g,2,g,0,g,,,,
680,ground round,rueben,49,g,0,mg,2320,g,21,g,0,g,17,g,0,g,2,g,0,g,,,,
681,ground round,sizzling apple pie,10,g,0,mg,470,g,113,g,0,g,5,g,0,g,7,g,0,g,,,,
682,ground round,slider sundae,12,g,0,mg,105,g,59,g,0,g,8,g,0,g,1,g,0,g,,,,
683,ground round,soft pretzels,24,g,0,mg,2850,g,154,g,0,g,4,g,0,g,4,g,0,g,,,,
684,ground round,soup bowl chicken tortilla,22,g,0,mg,1330,g,40,g,0,g,12,g,0,g,5,g,0,g,,,,
685,ground round,soup crock chicken tortilla,11,g,0,mg,660,g,20,g,0,g,6,g,0,g,2,g,0,g,,,,
686,ground round,soup crock french onion,18,g,0,mg,490,g,24,g,0,g,9,g,0,g,1,g,0,g,,,,
687,ground round,spinach dip,49,g,0,mg,3640,g,132,g,0,g,11,g,0,g,22,g,0,g,,,,
688,ground round,steak and shrimp,36,g,0,mg,3190,g,49,g,0,g,12,g,0,g,3,g,0,g,,,,
689,ground round,steak bomb sandwich,44,g,0,mg,1440,g,46,g,0,g,17,g,0,g,4,g,0,g,,,,
690,ground round,stuffed baked potato chicken ranch,42,g,0,mg,1110,g,56,g,0,g,13,g,0,g,4,g,0,g,,,,
691,ground round,stuffed baked potato mexican,28,g,0,mg,1540,g,81,g,0,g,12,g,0,g,6,g,0,g,,,,
692,ground round,stuffed baked potato texas,45,g,0,mg,1480,g,88,g,0,g,10,g,0,g,6,g,0,g,,,,
693,ground round,sw fiesta salad,55,g,0,mg,2000,g,60,g,0,g,12,g,0,g,10,g,0,g,,,,
694,ground round,sweet potato fries,21,g,0,mg,70,g,51,g,0,g,3.5,g,0,g,7,g,0,g,,,,
695,ground round,taco salad beef,41,g,0,mg,2730,g,80,g,0,g,22,g,0,g,12,g,0,g,,,,
696,ground round,taco salad chicken,46,g,0,mg,2050,g,65,g,0,g,24,g,0,g,12,g,0,g,,,,
697,ground round,tasty trio sampler,56,g,0,mg,1330,g,207,g,0,g,23,g,0,g,10,g,0,g,,,,
698,ground round,tater tots,24,g,0,mg,860,g,46,g,0,g,2,g,0,g,4,g,0,g,,,,
699,ground round,texas tangler flatbread pizza,51,g,0,mg,2730,g,56,g,0,g,16,g,0,g,9,g,0,g,,,,
700,ground round,texas tangler salad,51,g,0,mg,2730,g,56,g,0,g,16,g,0,g,9,g,0,g,,,,
701,ground round,tortilla burger,59,g,0,mg,1670,g,60,g,0,g,23,g,0,g,5,g,0,g,,,,
702,ground round,tower o rings,24,g,0,mg,2860,g,158,g,0,g,3,g,0,g,3,g,0,g,,,,
703,ground round,traditional club sandwich,46,g,0,mg,1850,g,25,g,0,g,14,g,0,g,1,g,0,g,,,,
704,ground round,triple sampler buffalo,86,g,0,mg,5040,g,82,g,0,g,31,g,0,g,14,g,0,g,,,,
705,ground round,triple sampler plain,86,g,0,mg,3400,g,79,g,0,g,31,g,0,g,13,g,0,g,,,,
706,ground round,turkey burger,56,g,0,mg,900,g,42,g,0,g,12,g,0,g,3,g,0,g,,,,
707,ground round,turkey grille,40,g,0,mg,1730,g,22,g,0,g,15,g,0,g,1,g,0,g,,,,
708,ground round,turkey pretzel,56,g,0,mg,2120,g,60,g,0,g,17,g,0,g,2,g,0,g,,,,
709,ground round,tuscan seafood pasta,48,g,0,mg,2370,g,129,g,0,g,19,g,0,g,12,g,0,g,,,,
710,ground round,tuscan seafood pasta lunch portion,36,g,0,mg,1550,g,82,g,0,g,15,g,0,g,7,g,0,g,,,,
711,ground round,tuscan turkey panini,57,g,0,mg,1560,g,26,g,0,g,14,g,0,g,1,g,0,g,,,,
712,ground round,veggie burger,22,g,0,mg,1920,g,56,g,0,g,3.5,g,0,g,5,g,0,g,,,,
713,ground round,whiskey peppercorn tips,17,g,0,mg,7030,g,99,g,0,g,6,g,0,g,9,g,0,g,,,,
714,haagen dazs,wildberry low fat frozen yogurt,4,g,70,mg,80,g,68,g,14,g,2,g,0,g,0,g,54,g,,,,
715,haagen dazs,vanilla low fat frozen yogurt,5,g,90,mg,90,g,58,g,18,g,2,g,0,g,0,g,42,g,,,,
716,haagen dazs,chocolate almond frozen yogurt,10,g,80,mg,130,g,54,g,18,g,2,g,0,g,2,g,38,g,,,,
717,haagen dazs,coffee low fat frozen yogurt,9,g,130,mg,100,g,62,g,16,g,5,g,0,g,0,g,40,g,,,,
718,haagen dazs,dulce de leche low fat frozen yogurt,5,g,10,mg,150,g,70,g,12,g,4,g,0,g,0,g,50,g,,,,
719,haagen dazs,peach low fat frozen yogurt,4,g,80,mg,80,g,62,g,16,g,2,g,0,g,0,g,46,g,,,,
720,haagen dazs,vanilla raspberry swirl low fat frozen yogurt,5,g,50,mg,70,g,64,g,8,g,3,g,0,g,0,g,48,g,,,,
721,haagen dazs,vanilla ice cream,17,g,90,mg,65,g,21,g,4,g,10,g,0,g,0,g,20,g,,,,
722,haagen dazs,coffee ice cream,17,g,85,mg,50,g,20,g,4,g,10,g,0,g,0,g,19,g,,,,
723,haagen dazs,dulce de leche ice cream,16,g,75,mg,70,g,28,g,4,g,10,g,0,g,0,g,25,g,,,,
724,haagen dazs,belgian chocolate ice cream,21,g,75,mg,35,g,30,g,5,g,12,g,0,g,3,g,25,g,,,,
725,haagen dazs,chocolate chip cookie dough ice cream,20,g,95,mg,125,g,29,g,4,g,12,g,0,g,0,g,24,g,,,,
726,haagen dazs,butter pecan ice cream,22,g,80,mg,105,g,20,g,5,g,10,g,0,g,1,g,17,g,,,,
727,haagen dazs,chocolate peanut butter ice cream,22,g,75,mg,75,g,25,g,7,g,10,g,0,g,2,g,22,g,,,,
728,haagen dazs,mango sorbet,0,g,0,mg,0,g,38,g,0,g,0,g,0,g,1,g,34,g,,,,
729,haagen dazs,caramel cone ice cream,20,g,75,mg,120,g,28,g,4,g,14,g,0,g,1,g,24,g,,,,
730,haagen dazs,raspberry sorbet,0,g,0,mg,0,g,31,g,0,g,0,g,0,g,0,g,28,g,,,,
731,haagen dazs,vanilla bean ice cream,17,g,95,mg,70,g,25,g,4,g,10,g,0,g,0,g,25,g,,,,
732,haagen dazs,vanilla swiss almond ice cream,40,g,210,mg,150,g,48,g,10,g,22,g,1,g,1,g,42,g,,,,
733,haagen dazs,vanilla chocolate chip ice cream,19,g,85,mg,65,g,25,g,4,g,11,g,0,g,1,g,22,g,,,,
734,haagen dazs,banana peanut butter chip ice cream,23,g,55,mg,95,g,25,g,7,g,11,g,0,g,1,g,22,g,,,,
735,haagen dazs,white chocolate raspberry truffle ice cream,36,g,210,mg,130,g,64,g,10,g,20,g,0,g,2,g,56,g,,,,
736,haagen dazs,lemon sorbet,0,g,0,mg,0,g,30,g,0,g,0,g,0,g,1,g,27,g,,,,
737,haagen dazs,cherry vanilla ice cream,17,g,75,mg,110,g,29,g,5,g,11,g,0,g,1,g,24,g,,,,
738,haagen dazs,triple chocolate trio crispy layers ice cream,19,g,70,mg,50,g,26,g,4,g,13,g,0,g,1,g,24,g,,,,
739,haagen dazs,chocolate ice cream,17,g,90,mg,45,g,22,g,5,g,10,g,0,g,1,g,19,g,,,,
740,haagen dazs,dark chocolate ice cream,34,g,180,mg,140,g,42,g,10,g,20,g,0,g,4,g,32,g,,,,
741,haagen dazs,salted caramel chocolate trio crispy layers ice cream,20,g,75,mg,80,g,26,g,5,g,13,g,0,g,0,g,24,g,,,,
742,haagen dazs,creme brulee ice cream,38,g,240,mg,150,g,46,g,8,g,24,g,1,g,0,g,44,g,,,,
743,haagen dazs,coconut caramel non dairy ice cream,11,g,0,mg,100,g,34,g,1,g,11,g,0,g,0,g,19,g,,,,
744,haagen dazs,vanilla caramel white chocolate trio crispy layers ice cream,19,g,70,mg,120,g,26,g,4,g,12,g,5,g,0,g,25,g,,,,
745,haagen dazs,vanilla blackberry chocolate trio crispy layer ice cream,19,g,65,mg,50,g,24,g,4,g,13,g,0,g,0,g,22,g,,,,
746,haagen dazs,coconut caramel chocolate trio crispy layers ice cream,19,g,65,mg,90,g,26,g,4,g,12,g,5,g,1,g,24,g,,,,
747,haagen dazs,coffee vanilla chocolate trio crispy layers ice cream,19,g,70,mg,55,g,23,g,4,g,13,g,0,g,0,g,22,g,,,,
748,haagen dazs,chocolate salted fudge truffle non dairy ice cream,11,g,0,mg,135,g,40,g,2,g,5,g,0,g,3,g,28,g,,,,
749,haagen dazs,bourbon praline pecan ice cream,16,g,65,mg,80,g,32,g,4,g,9,g,0,g,0,g,30,g,,,,
750,haagen dazs,peach sorbet,0,g,0,mg,0,g,34,g,0,g,0,g,0,g,1,g,31,g,,,,
751,haagen dazs,mocha chocolate cookie non dairy ice cream,9,g,0,mg,115,g,38,g,2,g,4,g,0,g,3,g,24,g,,,,
752,haagen dazs,lemon raspberry white chocolate trio crispy layers ice cream,18,g,65,mg,60,g,28,g,4,g,11,g,5,g,0,g,28,g,,,,
753,haagen dazs,coconut cookies and creme non dairy trio crispy layers ice cream,12,g,0,mg,95,g,35,g,2,g,10,g,0,g,2,g,21,g,,,,
754,haagen dazs,crunchy peanut butter non dairy trio crispy layers ice cream,12,g,0,mg,110,g,34,g,3,g,6,g,0,g,2,g,23,g,,,,
755,haagen dazs,toasted coconut caramel ice cream,16,g,60,mg,70,g,26,g,4,g,11,g,0,g,0,g,25,g,,,,
756,haagen dazs,vanilla milk chocolate ice cream bar,19,g,60,mg,50,g,22,g,4,g,13,g,0,g,1,g,20,g,,,,
757,haagen dazs,vanilla and almonds bar,22,g,65,mg,40,g,22,g,5,g,13,g,0,g,0.5,g,20,g,,,,
758,haagen dazs,vanilla milk chocolate almonds bar,21,g,55,mg,40,g,21,g,5,g,13,g,0,g,1,g,19,g,,,,
759,haagen dazs,chocolate dark chocolate ice cream bar,20,g,55,mg,30,g,22,g,4,g,12,g,0,g,2,g,19,g,,,,
760,haagen dazs,coffee and almond crunch ice cream bar,21,g,55,mg,50,g,22,g,4,g,13,g,0,g,1,g,20,g,,,,
761,haagen dazs,coconut caramel dark chocolate non dairy ice cream bar,17,g,0,mg,60,g,31,g,2,g,14,g,0,g,1,g,19,g,,,,
762,haagen dazs,vanilla chocolate sundae cone,10,g,35,mg,35,g,17,g,3,g,6,g,0,g,0,g,13,g,,,,
763,haagen dazs,peanut butter chocolate fudge non dairy ice cream bar,18,g,0,mg,125,g,31,g,3,g,9,g,0,g,2,g,21,g,,,,
764,haagen dazs,vanilla dark chocolate ice cream bar,20,g,40,mg,70,g,26,g,4,g,12,g,0,g,2,g,20,g,,,,
765,haagen dazs,white chocolate raspberry ice cream bar,18,g,45,mg,45,g,26,g,3,g,13,g,0,g,0,g,24,g,,,,
766,haagen dazs,peppermint bark bar,18,g,50,mg,30,g,26,g,3,g,12,g,0,g,1,g,23,g,,,,
767,haagen dazs,vanilla caramel sundae cone,9,g,35,mg,40,g,18,g,3,g,5,g,0,g,0,g,14,g,,,,
768,haagen dazs,dulce de leche cookie ice cream squares,18,g,30,mg,120,g,34,g,4,g,13,g,0,g,1,g,26,g,,,,
769,haagen dazs,coconut dark chocolate caramel ice cream bar,20,g,40,mg,110,g,28,g,3,g,13,g,0,g,2,g,24,g,,,,
770,haagen dazs,caramel pizzelle ice cream bar,19,g,45,mg,95,g,25,g,4,g,13,g,0,g,0,g,22,g,,,,
771,haagen dazs,vanilla cookie ice cream squares,18,g,30,mg,120,g,34,g,4,g,13,g,0,g,1,g,26,g,,,,
772,haagen dazs,cookies and cream ice cream,16,g,80,mg,70,g,22,g,4,g,10,g,0,g,0,g,19,g,,,,
773,haagen dazs,strawberry ice cream,15,g,75,mg,45,g,22,g,4,g,9,g,0,g,1,g,20,g,,,,
774,haagen dazs,green tea ice cream,17,g,85,mg,50,g,20,g,4,g,10,g,0,g,0,g,19,g,,,,
775,haagen dazs,pralines and cream ice cream,17,g,75,mg,150,g,27,g,4,g,9,g,0,g,0,g,24,g,,,,
776,haagen dazs,chocolate chocolate chip ice cream,19,g,85,mg,40,g,26,g,5,g,11,g,0,g,2,g,22,g,,,,
777,haagen dazs,rocky road ice cream,17,g,70,mg,55,g,29,g,5,g,8,g,0,g,1,g,22,g,,,,
778,haagen dazs,midnight cookies and cream ice cream,16,g,70,mg,120,g,30,g,5,g,10,g,0,g,1,g,26,g,,,,
779,haagen dazs,mint chip ice cream,18,g,85,mg,80,g,25,g,4,g,12,g,0,g,1,g,22,g,,,,
780,haagen dazs,pineapple coconut ice cream,13,g,70,mg,50,g,25,g,3,g,8,g,0,g,0,g,24,g,,,,
781,haagen dazs,pistachio ice cream,19,g,85,mg,75,g,22,g,5,g,10,g,0,g,1,g,19,g,,,,
782,haagen dazs,rum raisin ice cream,16,g,85,mg,55,g,22,g,4,g,10,g,0,g,0,g,21,g,,,,
783,haagen dazs,java chip ice cream,17,g,75,mg,50,g,30,g,4,g,11,g,0,g,1,g,28,g,,,,
784,haagen dazs,sea salt caramel truffle ice cream,17,g,60,mg,170,g,32,g,4,g,11,g,0,g,0,g,29,g,,,,
785,haagen dazs,espresso chocolate cookie crumble ice cream,21,g,65,mg,95,g,25,g,4,g,11,g,0,g,0,g,22,g,,,,
786,haagen dazs,honey salted caramel almond ice cream,18,g,65,mg,180,g,26,g,5,g,9,g,0,g,0,g,24,g,,,,
787,haagen dazs,peppermint bark ice cream,16,g,75,mg,40,g,30,g,4,g,10,g,0,g,0,g,236,g,,,,
788,haagen dazs,mango ice cream,13,g,65,mg,40,g,29,g,3,g,8,g,0,g,0,g,27,g,,,,
789,haagen dazs,peanut butter salted fudge ice cream,23,g,60,mg,150,g,26,g,6,g,11,g,0,g,1,g,24,g,,,,
790,haagen dazs,all natural ice cream bar coffee and almond crunch,19,g,45,mg,50,g,22,g,4,g,13,g,0,g,0.5,g,19,g,,,,
791,haagen dazs,artisan collection ice cream spiced pecan turtle,19,g,75,mg,125,g,29,g,5,g,11,g,0,g,2,g,24,g,,,,
792,haagen dazs,bars ice cream vanille amandes,22,g,50,mg,40,g,21,g,4,g,12,g,0.3,g,1,g,19,g,,,,
793,haagen dazs,caramel almond crunch ice cream bar,21,g,55,mg,115,g,26,g,4,g,12,g,0.3,g,1,g,23,g,,,,
794,haagen dazs,caramel biscuit and cream,15.8,g,0,mg,116,g,21.7,g,4,g,9.6,g,0,g,0.1,g,15.9,g,,,,
795,haagen dazs,caramel cone ice cream,25,g,80,mg,170,g,38,g,5,g,18,g,0.5,g,0,g,32,g,,,,
796,haagen dazs,caramel frozen bar,19,g,55,mg,135,g,28,g,3,g,11,g,0.3,g,1,g,25,g,,,,
797,haagen dazs,caramel ice cream bars,18,g,45,mg,110,g,24,g,3,g,9,g,0,g,1,g,20,g,,,,
798,haagen dazs,caramel sale,19,g,55,mg,115,g,27,g,3,g,11,g,0.3,g,1,g,24,g,,,,
799,haagen dazs,cherry vanilla ice cream,18,g,80,mg,60,g,29,g,4,g,11,g,0.5,g,0,g,28,g,,,,
800,haagen dazs,cho ice creamcolate peanut butter,23,g,65,mg,85,g,27,g,7,g,11,g,0.5,g,2,g,24,g,,,,
801,haagen dazs,chocolate choc almond ice cream bar,18.5,g,0,mg,28,g,17.3,g,3.9,g,10.5,g,0,g,1.9,g,16.2,g,,,,
802,haagen dazs,chocolate chocolate chip ice cream,17,g,70,mg,45,g,23,g,4,g,11,g,0,g,1,g,21,g,,,,
803,haagen dazs,chocolate chocolate chunk ice cream,20,g,95,mg,55,g,28,g,5,g,10,g,0.5,g,2,g,25,g,,,,
804,haagen dazs,chocolate fudge frozen dessert bar,14,g,0,mg,95,g,33,g,2,g,8,g,0,g,3,g,24,g,,,,
805,haagen dazs,chocolate ice cream,18,g,105,mg,45,g,23,g,5,g,11,g,0.5,g,1,g,21,g,,,,
806,haagen dazs,chocolate ice cream bars soft dipped,18,g,45,mg,30,g,21,g,4,g,9,g,0,g,2,g,18,g,,,,
807,haagen dazs,chocolate peanut butter ice cream,26,g,80,mg,170,g,30,g,8,g,11,g,0.4,g,2,g,26,g,,,,
808,haagen dazs,chocolate salted caramel,16.1,g,0,mg,160,g,26.3,g,3.4,g,10.2,g,0,g,1.2,g,25.3,g,,,,
809,haagen dazs,coconut and chocolate ice cream,19,g,65,mg,90,g,26,g,4,g,12,g,0.5,g,1,g,24,g,,,,
810,haagen dazs,coffee ice cream,17,g,85,mg,50,g,20,g,4,g,10,g,0.5,g,0,g,19,g,,,,
811,haagen dazs,cookies and cream ice cream,20,g,85,mg,115,g,29,g,5,g,13,g,0.5,g,0,g,25,g,,,,
812,haagen dazs,cookies and cream ice cream,16,g,70,mg,80,g,23,g,4,g,10,g,0.4,g,0,g,20,g,,,,
813,haagen dazs,dark chocolate almond ice cream bar,22,g,45,mg,45,g,24,g,5,g,13,g,0,g,2,g,21,g,,,,
814,haagen dazs,dark chocolate crunchy peanut butter ice cream,12,g,0,mg,110,g,34,g,3,g,6,g,0,g,2,g,23,g,,,,
815,haagen dazs,divine chocolate chunk brownie,8,g,50,mg,85,g,26,g,5,g,5,g,0.2,g,1,g,15,g,,,,
816,haagen dazs,double chocolate almond,21,g,50,mg,55,g,21,g,4,g,11,g,0.3,g,1,g,19,g,,,,
817,haagen dazs,double chocolate almond ice cream bars,21,g,50,mg,55,g,21,g,4,g,11,g,0.3,g,1,g,19,g,,,,
818,haagen dazs,dulce de leche,17,g,90,mg,75,g,29,g,5,g,11,g,0.5,g,0,g,29,g,,,,
819,haagen dazs,frozen dessert bar coconut caramel dark chocolate,17,g,0,mg,60,g,31,g,2,g,14,g,0,g,1,g,19,g,,,,
820,haagen dazs,frozen dessert bars peanut butter chocolate fudge non dairy,18,g,0,mg,125,g,31,g,3,g,9,g,0,g,2,g,21,g,,,,
821,haagen dazs,frozen dessert amaretto black cherry almond toffee,12,g,0,mg,210,g,49,g,3,g,2,g,0,g,2,g,32,g,,,,
822,haagen dazs,frozen dessert chocolate salted fudge truffle,11,g,0,mg,135,g,40,g,2,g,4.5,g,0,g,3,g,28,g,,,,
823,haagen dazs,frozen dessert coconut caramel non dairy,11,g,0,mg,100,g,34,g,1,g,11,g,0,g,0,g,19,g,,,,
824,haagen dazs,frozen dessert dark chocolate coconut cookies and creme,12,g,0,mg,95,g,35,g,2,g,10,g,0,g,2,g,21,g,,,,
825,haagen dazs,frozen dessert mocha chocolate cookie,9,g,0,mg,115,g,38,g,2,g,3.5,g,0,g,3,g,24,g,,,,
826,haagen dazs,frozen dessert peanut butter chocolate fudge,14,g,0,mg,220,g,36,g,4,g,3,g,0,g,2,g,22,g,,,,
827,haagen dazs,frozen yogurt strawberry cheesecake,6,g,65,mg,130,g,36,g,7,g,4,g,0,g,1,g,26,g,,,,
828,haagen dazs,gelato bar strawberry dark chocolate,16,g,50,mg,25,g,24,g,3,g,10,g,0,g,1,g,20,g,,,,
829,haagen dazs,gelato bar vanilla caramel pizzelle,17,g,55,mg,85,g,27,g,3,g,10,g,0.2,g,0,g,20,g,,,,
830,haagen dazs,gelato frozen dessert bar vanilla caramel pizzelle,17,g,60,mg,85,g,28,g,4,g,11,g,0,g,0,g,22,g,,,,
831,haagen dazs,gelato italian style frozen dessert pistachio,13,g,85,mg,40,g,30,g,6,g,6,g,0,g,0.5,g,22,g,,,,
832,haagen dazs,gelato tiramisu frozen dessert,11,g,90,mg,55,g,35,g,4,g,6,g,0,g,0,g,25,g,,,,
833,haagen dazs,gelato vanilla caramel pizzelle,17,g,60,mg,85,g,28,g,4,g,11,g,0,g,0,g,22,g,,,,
834,haagen dazs,gelato caramelized banana chip,12,g,75,mg,55,g,35,g,4,g,7,g,0,g,0.5,g,26,g,,,,
835,haagen dazs,gelato cerise noire et amaretto,11,g,95,mg,40,g,36,g,3,g,7,g,0.4,g,0,g,24,g,,,,
836,haagen dazs,gelato dark chocolate chip,13,g,60,mg,85,g,38,g,5,g,9,g,0.4,g,2,g,26,g,,,,
837,haagen dazs,gelato honey milk chocolate graham,16,g,55,mg,75,g,30,g,3,g,11,g,0,g,0.5,g,24,g,,,,
838,haagen dazs,gelato salted caramel,13,g,100,mg,150,g,40,g,4,g,8,g,0.4,g,0,g,27,g,,,,
839,haagen dazs,gelato tiramisu,10,g,80,mg,50,g,32,g,4,g,6,g,0,g,0,g,22,g,,,,
840,haagen dazs,gelato vanilla caramel pizzelle,17,g,55,mg,85,g,27,g,3,g,10,g,0.2,g,0,g,20,g,,,,
841,haagen dazs,ginger molasses cookie ice cream,18,g,80,mg,75,g,25,g,4,g,11,g,0.5,g,0,g,22,g,,,,
842,haagen dazs,green tea ice cream,17,g,85,mg,50,g,20,g,5,g,10,g,0.5,g,0,g,19,g,,,,
843,haagen dazs,heaven light ice cream chocolate sea salt caramel,8,g,55,mg,115,g,30,g,9,g,5,g,0,g,1,g,22,g,,,,
844,haagen dazs,heaven light ice cream cold brew espresso chip,9,g,55,mg,40,g,27,g,9,g,6,g,0,g,0,g,18,g,,,,
845,haagen dazs,heaven light ice cream peanut butter chip,10,g,55,mg,55,g,26,g,10,g,4.5,g,0,g,0.5,g,18,g,,,,
846,haagen dazs,honey salted caramel almond ice cream,18,g,65,mg,180,g,26,g,5,g,9,g,0.5,g,0.5,g,24,g,,,,
847,haagen dazs,ice cream bar,22,g,50,mg,40,g,21,g,4,g,12,g,0.3,g,1,g,19,g,,,,
848,haagen dazs,ice cream bar cacao ruby,13,g,40,mg,30,g,21,g,3,g,8,g,0.2,g,0,g,17,g,,,,
849,haagen dazs,ice cream bar chocolate dark chocolate,20,g,55,mg,30,g,22,g,4,g,12,g,0,g,2,g,19,g,,,,
850,haagen dazs,ice cream bar coffee almond crunch,21,g,55,mg,50,g,22,g,4,g,13,g,0,g,0.5,g,20,g,,,,
851,haagen dazs,ice cream bar double chocolate almond,21,g,50,mg,55,g,21,g,4,g,11,g,0.3,g,1,g,19,g,,,,
852,haagen dazs,ice cream bar peppermint bark,18,g,50,mg,30,g,26,g,3,g,12,g,0,g,1,g,23,g,,,,
853,haagen dazs,ice cream bar vanilla milk chocolate,19,g,60,mg,50,g,22,g,4,g,13,g,0,g,0.5,g,20,g,,,,
854,haagen dazs,ice cream bar vanilla milk chocolate almond,19,g,40,mg,40,g,20,g,4,g,12,g,0,g,1,g,18,g,,,,
855,haagen dazs,ice cream bar white chocolate and almond,18.8,g,0,mg,68,g,17.7,g,3.6,g,10.9,g,0,g,0.3,g,17.2,g,,,,
856,haagen dazs,ice cream bar white chocolate raspberry,18,g,45,mg,45,g,26,g,3,g,13,g,0,g,0.5,g,24,g,,,,
857,haagen dazs,ice cream bars chocolate and dark chocolate,20,g,55,mg,30,g,22,g,4,g,12,g,0,g,2,g,19,g,,,,
858,haagen dazs,ice cream bars chocolate dark chocolate,20,g,65,mg,30,g,22,g,4,g,13,g,0,g,2,g,20,g,,,,
859,haagen dazs,ice cream bars coconut dark chocolate caramel,20,g,40,mg,110,g,28,g,3,g,13,g,0,g,2,g,24,g,,,,
860,haagen dazs,ice cream bars coffee almond,21,g,45,mg,35,g,20,g,4,g,11,g,0.3,g,1,g,18,g,,,,
861,haagen dazs,ice cream bars cookie dough dnamo,16,g,35,mg,55,g,21,g,3,g,10,g,0.2,g,0,g,17,g,,,,
862,haagen dazs,ice cream bars cookies and cream,15,g,30,mg,70,g,19,g,3,g,10,g,0.3,g,0,g,16,g,,,,
863,haagen dazs,ice cream bars vanilla almonds,14,g,30,mg,30,g,14,g,3,g,8,g,0.2,g,1,g,13,g,,,,
864,haagen dazs,ice cream bars vanilla dark,12,g,30,mg,15,g,13,g,2,g,8,g,0.2,g,1,g,12,g,,,,
865,haagen dazs,ice cream bars vanilla milk chocolate almond,19,g,40,mg,40,g,20,g,4,g,12,g,0,g,1,g,18,g,,,,
866,haagen dazs,ice cream cookie squares,18,g,30,mg,120,g,34,g,4,g,13,g,0,g,1,g,26,g,,,,
867,haagen dazs,ice cream cookie squares dulce de leche,18,g,30,mg,120,g,34,g,4,g,13,g,0,g,1,g,26,g,,,,
868,haagen dazs,ice cream cookie squares vanilla,19,g,30,mg,100,g,31,g,3,g,12,g,0,g,1,g,22,g,,,,
869,haagen dazs,ice cream banana peanut butter chip,23,g,55,mg,95,g,25,g,7,g,11,g,0,g,1,g,22,g,,,,
870,haagen dazs,ice cream belgian chocolate,17.7,g,0,mg,56,g,22.9,g,3.8,g,10.7,g,0,g,1.6,g,18.7,g,,,,
871,haagen dazs,ice cream bourbon praline pecan,16,g,65,mg,80,g,32,g,4,g,9,g,0.5,g,0,g,30,g,,,,
872,haagen dazs,ice cream brownies and cookie dough,18,g,75,mg,60,g,32,g,5,g,11,g,0.5,g,1,g,26,g,,,,
873,haagen dazs,ice cream brownies a la mode,16,g,75,mg,130,g,28,g,5,g,10,g,0,g,0.5,g,24,g,,,,
874,haagen dazs,ice cream butter pecan,22,g,80,mg,105,g,20,g,5,g,10,g,0.5,g,0.5,g,17,g,,,,
875,haagen dazs,ice cream caramel biscuit and cream,19.6,g,0,mg,137,g,26.7,g,4.8,g,12.3,g,0,g,0,g,20,g,,,,
876,haagen dazs,ice cream caramel cone,20,g,75,mg,120,g,28,g,4,g,14,g,0,g,0.5,g,24,g,,,,
877,haagen dazs,ice cream chocolate,17,g,95,mg,60,g,22,g,5,g,10,g,0.5,g,1,g,20,g,,,,
878,haagen dazs,ice cream chocolate caramelized oat,18,g,80,mg,65,g,29,g,5,g,11,g,0.5,g,0.5,g,25,g,,,,
879,haagen dazs,ice cream chocolate chip cookie dough,18,g,75,mg,90,g,30,g,4,g,11,g,0.5,g,0,g,23,g,,,,
880,haagen dazs,ice cream chocolate chocolate chip,17,g,75,mg,35,g,23,g,4,g,10,g,0,g,2,g,20,g,,,,
881,haagen dazs,ice cream chocolate peanut butter,29,g,85,mg,115,g,36,g,10,g,14,g,0.5,g,3,g,31,g,,,,
882,haagen dazs,ice cream coffee,16,g,95,mg,65,g,21,g,4,g,10,g,0.5,g,0,g,20,g,,,,
883,haagen dazs,ice cream cookies and cream,14.7,g,0,mg,72,g,19.6,g,3.8,g,9.3,g,0.4,g,0,g,13.1,g,4.7,g,0.6,g
884,haagen dazs,ice cream cookies and cream crunch,18.4,g,0,mg,65,g,20.5,g,3.4,g,11.1,g,0.4,g,0,g,15.9,g,4.9,g,2.3,g
885,haagen dazs,ice cream crispy trio layers white chocolate and raspberry sauce lemon and raspberry,18,g,65,mg,60,g,28,g,4,g,11,g,0.5,g,0,g,28,g,,,,
886,haagen dazs,ice cream dulce de leche,15.6,g,0,mg,84,g,26.7,g,4.4,g,9.8,g,0,g,0.1,g,26.2,g,,,,
887,haagen dazs,ice cream dulce de leche caramel,16,g,75,mg,70,g,28,g,4,g,10,g,0.5,g,0,g,25,g,,,,
888,haagen dazs,ice cream explosion caramel,22,g,95,mg,95,g,29,g,5,g,14,g,0.4,g,1,g,26,g,,,,
889,haagen dazs,ice cream layers of crispy belgian chocolate coffee and vanilla,19,g,70,mg,55,g,23,g,4,g,13,g,0.5,g,0,g,22,g,,,,
890,haagen dazs,ice cream layers of crispy belgian chocolate salted caramel and chocolate,20,g,75,mg,80,g,26,g,5,g,13,g,0.5,g,0.5,g,24,g,,,,
891,haagen dazs,ice cream layers of crispy belgian chocolate vanilla and blackberry,19,g,65,mg,50,g,24,g,4,g,13,g,0.5,g,0.5,g,22,g,,,,
892,haagen dazs,ice cream macadamia nut brittle,19,g,105,mg,110,g,24,g,4,g,11,g,0.5,g,0,g,24,g,,,,
893,haagen dazs,ice cream mango,13,g,65,mg,40,g,29,g,3,g,8,g,0,g,0.5,g,27,g,,,,
894,haagen dazs,ice cream midnight cookies and cream,16,g,70,mg,120,g,30,g,5,g,10,g,0.5,g,1,g,26,g,,,,
895,haagen dazs,ice cream mint chip,18,g,80,mg,80,g,25,g,4,g,11,g,0.5,g,0.5,g,22,g,,,,
896,haagen dazs,ice cream peanut butter crunch,21,g,0,mg,112,g,18.7,g,7.2,g,9,g,0,g,1.4,g,13.1,g,,,,
897,haagen dazs,ice cream peanut butter salted fudge,23,g,60,mg,150,g,26,g,6,g,11,g,0.5,g,1,g,24,g,,,,
898,haagen dazs,ice cream pralines and cream,13.9,g,0,mg,100,g,24.2,g,3.4,g,7.7,g,0,g,0.2,g,19.3,g,,,,
899,haagen dazs,ice cream rose and cream,18,g,80,mg,70,g,34,g,4,g,11,g,0.5,g,0,g,33,g,,,,
900,haagen dazs,ice cream salted caramel,14.9,g,0,mg,164,g,24.1,g,3.4,g,9.5,g,0,g,0,g,19.4,g,,,,
901,haagen dazs,ice cream speculoos caramel biscuit and cream,18.4,g,0,mg,140,g,25.5,g,4.6,g,11.4,g,0,g,0.1,g,17.8,g,,,,
902,haagen dazs,ice cream spirits bourbon vanilla bean truffle,20,g,80,mg,50,g,36,g,4,g,12,g,0.5,g,0,g,34,g,,,,
903,haagen dazs,ice cream spirits irish cream brownie,21,g,80,mg,140,g,37,g,5,g,11,g,0.5,g,1,g,31,g,,,,
904,haagen dazs,ice cream strawberries and cream,13.9,g,0,mg,48,g,20.2,g,3.5,g,8.6,g,0,g,0.4,g,14.2,g,,,,
905,haagen dazs,ice cream strawberry,17,g,85,mg,45,g,24,g,4,g,10,g,0,g,1,g,23,g,,,,
906,haagen dazs,ice cream strawberry cheesecake,12.4,g,0,mg,96,g,25,g,3.3,g,7.7,g,0,g,0.3,g,18.5,g,,,,
907,haagen dazs,ice cream sweet cream coffee caramel,17,g,85,mg,65,g,24,g,4,g,10,g,0.5,g,0,g,20,g,,,,
908,haagen dazs,ice cream toasted coconut caramel,16,g,60,mg,70,g,26,g,4,g,11,g,0.5,g,0,g,25,g,,,,
909,haagen dazs,ice cream toasted sesame brittle,18,g,75,mg,85,g,26,g,4,g,10,g,0.5,g,0,g,23,g,,,,
910,haagen dazs,ice cream tres leches brigadeiro,14,g,70,mg,60,g,25,g,4,g,8,g,0,g,0,g,24,g,,,,
911,haagen dazs,ice cream trio crispy belgian chocolate white and milk chocolate,19,g,70,mg,50,g,26,g,4,g,13,g,0.5,g,1,g,24,g,,,,
912,haagen dazs,ice cream vanilla,20,g,95,mg,65,g,25,g,5,g,13,g,1,g,0,g,24,g,,,,
913,haagen dazs,ice cream vanilla and caramel,19,g,70,mg,120,g,26,g,4,g,12,g,0.5,g,0,g,25,g,,,,
914,haagen dazs,ice cream vanilla bean,21,g,95,mg,75,g,32,g,6,g,13,g,1,g,0,g,32,g,,,,
915,haagen dazs,ice cream vanilla caramel almond,18,g,55,mg,70,g,18,g,4,g,10,g,0,g,1,g,17,g,,,,
916,haagen dazs,ice cream vanilla caramel brownie,17,g,105,mg,80,g,27,g,4,g,10,g,0.5,g,0,g,24,g,,,,
917,haagen dazs,ice cream vanilla chocolate chip,17,g,75,mg,60,g,23,g,4,g,10,g,0,g,0.5,g,20,g,,,,
918,haagen dazs,ice cream vanilla swiss almond,22,g,95,mg,65,g,25,g,4,g,12,g,0.5,g,1,g,21,g,,,,
919,haagen dazs,ice cream whiskey trufle au chocolat,19,g,75,mg,60,g,30,g,5,g,11,g,0.4,g,1,g,24,g,,,,
920,haagen dazs,ice cream white chocolate raspberry truffle,17,g,70,mg,60,g,33,g,4,g,10,g,0.4,g,1,g,27,g,,,,
921,haagen dazs,italian style frozen dessert gelato pomegrante swirl,9,g,85,mg,40,g,34,g,4,g,5,g,0,g,0,g,26,g,,,,
922,haagen dazs,light ice cream heaven peanut butter chip,10,g,55,mg,55,g,26,g,10,g,4.5,g,0,g,0.5,g,18,g,,,,
923,haagen dazs,light ice cream strawberry waffle cone,6,g,45,mg,35,g,33,g,7,g,4.5,g,0,g,0.5,g,25,g,,,,
924,haagen dazs,matcha green tea,13.7,g,0,mg,53,g,19.4,g,3.9,g,8.2,g,0,g,0,g,18.7,g,,,,
925,haagen dazs,mayan chocolate ice cream,20,g,75,mg,65,g,29,g,5,g,12,g,0,g,2,g,25,g,,,,
926,haagen dazs,mini ice cream bars coffee almond crunch,13,g,25,mg,35,g,13,g,2,g,8,g,0,g,0,g,12,g,,,,
927,haagen dazs,mint chip ice cream,16,g,70,mg,70,g,23,g,4,g,10,g,0,g,0.5,g,20,g,,,,
928,haagen dazs,non dairy coconut caramel dark chocolate frozen dessert bars,17,g,0,mg,60,g,31,g,2,g,13,g,0,g,2,g,19,g,,,,
929,haagen dazs,non dairy frozen dessert chocolate salted fudge truffle,12,g,0,mg,140,g,42,g,3,g,4.5,g,0.1,g,4,g,30,g,,,,
930,haagen dazs,peanut butter ice cream cookie squares,21,g,30,mg,135,g,31,g,5,g,13,g,0,g,2,g,22,g,,,,
931,haagen dazs,peanut butter pie ice cream,22,g,70,mg,150,g,23,g,7,g,10,g,0,g,1,g,19,g,,,,
932,haagen dazs,peppermint bark ice cream bars,17,g,40,mg,25,g,26,g,3,g,11,g,0,g,1,g,24,g,,,,
933,haagen dazs,peppermint dark cookie squares,18,g,20,mg,90,g,32,g,3,g,11,g,0,g,2,g,23,g,,,,
934,haagen dazs,pineapple coconut ice cream,16,g,75,mg,55,g,32,g,4,g,10,g,0.5,g,0,g,31,g,,,,
935,haagen dazs,pistachio and sweet cream ice cream,23,g,80,mg,65,g,28,g,5,g,14,g,0.5,g,0,g,27,g,,,,
936,haagen dazs,pistachio ice cream,19,g,85,mg,65,g,22,g,5,g,10,g,0.5,g,1,g,19,g,,,,
937,haagen dazs,pomegranate dark chocolate ice cream bars,18,g,45,mg,25,g,25,g,3,g,11,g,0,g,1,g,24,g,,,,
938,haagen dazs,pralines and cream ice cream,16,g,75,mg,140,g,28,g,4,g,9,g,0,g,0,g,25,g,,,,
939,haagen dazs,rafale de pate a biscuits,21,g,90,mg,100,g,31,g,4,g,13,g,0.5,g,0,g,29,g,,,,
940,haagen dazs,rocky road chocolate ice cream,17,g,60,mg,65,g,29,g,5,g,8,g,0.4,g,2,g,23,g,,,,
941,haagen dazs,rum raisin ice cream,20,g,85,mg,65,g,29,g,5,g,1.3,g,0.5,g,0,g,26,g,,,,
942,haagen dazs,soft dipped caramel ice cream bars,18,g,45,mg,110,g,24,g,3,g,9,g,0,g,1,g,20,g,,,,
943,haagen dazs,soft dipped coffee ice cream bars,18,g,40,mg,45,g,20,g,3,g,9,g,0,g,0.5,g,19,g,,,,
944,haagen dazs,soft dipped vanilla ice cream bars,18,g,45,mg,30,g,19,g,3,g,9,g,0,g,1,g,17,g,,,,
945,haagen dazs,speculoos caramel biscuit and cream,19,g,120,mg,140,g,26,g,5,g,12,g,0.5,g,0,g,19,g,,,,
946,haagen dazs,spirits ice cream ice cream cookie squares,19,g,25,mg,125,g,34,g,3,g,11,g,0,g,2,g,24,g,,,,
947,haagen dazs,spirits irish cream brownie ice cream,21,g,80,mg,140,g,37,g,5,g,11,g,0.5,g,1,g,31,g,,,,
948,haagen dazs,spirits stout ice cream chocolate pretzel crunch,19,g,80,mg,130,g,41,g,6,g,13,g,0.5,g,2,g,32,g,,,,
949,haagen dazs,spirits whiskey hazelnut latte ice cream,25,g,80,mg,60,g,32,g,5,g,14,g,0.5,g,0.5,g,29,g,,,,
950,haagen dazs,spirits rum tres leches ice cream,21,g,85,mg,105,g,38,g,5,g,13,g,0.5,g,0,g,35,g,,,,
951,haagen dazs,strawberry cheesecake,14,g,35,mg,30,g,23,g,2,g,10,g,0.2,g,0,g,19,g,,,,
952,haagen dazs,tres leches brigadeiro ice cream,15,g,75,mg,65,g,28,g,5,g,9,g,0.5,g,0,g,26,g,,,,
953,haagen dazs,vanilla and milk chocolate,17.8,g,0,mg,46,g,18.1,g,3.3,g,10.6,g,0.4,g,0,g,14.8,g,5.1,g,2.1,g
954,haagen dazs,vanilla almonds,22,g,50,mg,40,g,21,g,4,g,12,g,0.3,g,1,g,19,g,,,,
955,haagen dazs,vanilla caramel pizzelle gelato,17,g,60,mg,85,g,28,g,4,g,11,g,0,g,0,g,22,g,,,,
956,haagen dazs,vanilla dark ice cream bars,20,g,50,mg,30,g,23,g,4,g,13,g,0.3,g,1,g,20,g,,,,
957,haagen dazs,vanilla ice cream,18,g,110,mg,50,g,21,g,5,g,11,g,0.5,g,0,g,21,g,,,,
958,haagen dazs,vanilla ice cream bars soft dipped,18,g,45,mg,30,g,19,g,3,g,9,g,0,g,1,g,17,g,,,,
959,haagen dazs,vanilla ice cream cookie squares,19,g,30,mg,100,g,31,g,3,g,12,g,0,g,1,g,22,g,,,,
960,haagen dazs,vanilla milk,19,g,50,mg,40,g,20,g,3,g,12,g,0.3,g,1,g,19,g,,,,
961,haagen dazs,vanilla milk chocolate almond ice cream bar,19,g,40,mg,40,g,20,g,4,g,12,g,0,g,1,g,18,g,,,,
962,haagen dazs,vanilla milk chocolate almond ice cream bars,21,g,55,mg,40,g,21,g,5,g,13,g,0,g,0.5,g,19,g,,,,
963,haagen dazs,vanilla milk chocolate ice cream bars,18,g,45,mg,40,g,20,g,3,g,13,g,0,g,0.5,g,19,g,,,,
964,haagen dazs,vanilla tangerine and shortbread ice cream,18,g,120,mg,80,g,26,g,5,g,10,g,0.5,g,0,g,22,g,,,,
965,haagen dazs,white chocolate and almond ice cream,19,g,60,mg,70,g,18,g,4,g,11,g,0.5,g,0,g,17,g,,,,
966,hardees,vanilla hand scooped ice cream shake,35,g,105,mg,240,g,86,g,12,g,24,g,1.5,g,0,g,65,g,,,,
967,hardees,chocolate hand scooped ice cream shake,36,g,105,mg,300,g,84,g,12,g,24,g,1.5,g,1,g,59,g,,,,
968,hardees,strawberry hand scooped ice cream shake,35,g,105,mg,250,g,83,g,12,g,24,g,1.5,g,0,g,64,g,,,,
969,hardees,biscuit n gravy,38,g,10,mg,1580,g,54,g,10,g,14,g,0.5,g,2,g,5,g,,,,
970,hardees,low carb breakfast bowl,68,g,540,mg,1490,g,0,g,33,g,21,g,0.5,g,0,g,1,g,,,,
971,hardees,sausage biscuit,45,g,30,mg,1320,g,42,g,13,g,17,g,0,g,2,g,4,g,,,,
972,hardees,bacon egg and cheese biscuit,40,g,225,mg,1520,g,44,g,20,g,6,g,0,g,2,g,4,g,,,,
973,hardees,chicken fillet biscuit,43,g,40,mg,1440,g,50,g,19,g,13,g,0,g,2,g,4,g,,,,
974,hardees,frisco breakfast sandwich,19,g,235,mg,1280,g,42,g,24,g,8,g,0.5,g,2,g,5,g,,,,
975,hardees,hash rounds breakfast side,22,g,0,mg,460,g,33,g,3,g,4.5,g,0,g,4,g,1,g,,,,
976,hardees,sausage and egg biscuit,50,g,225,mg,1400,g,44,g,19,g,18,g,0,g,2,g,4,g,,,,
977,hardees,country fried steak biscuit,44,g,25,mg,1350,g,49,g,14,g,15,g,0.5,g,2,g,4,g,,,,
978,hardees,breakfast platter with bacon,68,g,430,mg,2420,g,76,g,31,g,21,g,2,g,12,g,5,g,,,,
979,hardees,loaded omelet biscuit,41,g,230,mg,1480,g,46,g,19,g,16,g,0,g,2,g,4,g,,,,
980,hardees,loaded breakfast burrito,30,g,445,mg,1320,g,46,g,30,g,12,g,1,g,3,g,2,g,,,,
981,hardees,cinnamon n raisin biscuit,14,g,0,mg,630,g,46,g,3,g,7,g,0,g,1,g,23,g,,,,
982,hardees,smoked sausage egg and cheese biscuit,48,g,250,mg,1920,g,45,g,23,g,22,g,0,g,2,g,6,g,,,,
983,hardees,breakfast platter with sausage,79,g,435,mg,2420,g,76,g,30,g,26,g,2,g,12,g,5,g,,,,
984,hardees,monster biscuit,63,g,280,mg,2480,g,45,g,35,g,25,g,0.5,g,2,g,6,g,,,,
985,hardees,country ham biscuit,32,g,35,mg,1780,g,42,g,16,g,12,g,0,g,2,g,4,g,,,,
986,hardees,made from scratch biscuit,28,g,0,mg,950,g,41,g,6,g,11,g,0,g,2,g,4,g,,,,
987,hardees,grits breakfast side,3,g,0,mg,320,g,17,g,2,g,0,g,0,g,0,g,0,g,,,,
988,hardees,loaded hash round bowl,36,g,220,mg,1060,g,30,g,16,g,10,g,1,g,3,g,1,g,,,,
989,hardees,pork chop n gravy biscuit,34,g,20,mg,1230,g,48,g,13,g,12,g,0.5,g,2,g,4,g,,,,
990,hardees,bacon sunrise croissant,26,g,230,mg,770,g,29,g,18,g,10,g,0.5,g,0,g,4,g,,,,
991,hardees,ham sunrise croissant,23,g,225,mg,860,g,29,g,18,g,9,g,1,g,0,g,4,g,,,,
992,hardees,breakfast platter with country ham,61,g,425,mg,2600,g,75,g,32,g,19,g,3,g,4,g,6,g,,,,
993,hardees,beyond sausage burrito,41,g,475,mg,1170,g,51,g,36,g,16,g,0,g,0,g,1,g,,,,
994,hardees,southwest omelet biscuit,45,g,210,mg,1770,g,42,g,20,g,18,g,0,g,2,g,4,g,,,,
995,hardees,sausage sunrise croissant,40,g,240,mg,870,g,30,g,18,g,15,g,0.5,g,0,g,4,g,,,,
996,hardees,beyond sausage and egg biscuit,35,g,240,mg,1440,g,47,g,25,g,17,g,0,g,3,g,4,g,,,,
997,hardees,southwest omelet burrito,41,g,505,mg,1920,g,44,g,35,g,16,g,1.5,g,3,g,2,g,,,,
998,hardees,beyond sausage biscuit,26,g,5,mg,1140,g,44,g,16,g,13,g,0,g,3,g,4,g,,,,
999,hardees,apple turnover without cinnamon sugar topping,13,g,5,mg,260,g,35,g,3,g,3.5,g,0,g,1,g,11,g,,,,
