,Restaurant Name,Food Name,Total Fat Amount,Total Fat Unit,Cholesterol Amount,Cholesterol Unit,Sodium Amount,Sodium Unit,Total Carbohydrate Amount,Total Carbohydrate Unit,Protein Amount,Protein Unit,Saturated Fat Amount,Saturated Fat Unit,Trans Fat Amount,Trans Fat Unit,Dietary Fiber Amount,Dietary Fiber Unit,Sugars Amount,Sugars Unit
0,hardees,chocolate chip cookie,10,g,10,mg,180,g,26,g,2,g,5,g,0,g,0,g,15,g
1,hardees,jumbo chili dog,26,g,50,mg,1300,g,23,g,15,g,9,g,0,g,1,g,5,g
2,hardees,natural cut french fries,11.9,g,0,mg,480,g,31.1,g,2.8,g,2,g,0,g,2.8,g,0,g
3,hardees,kids chicken tenders 2 without sauce or drink,9,g,45,mg,520,g,9,g,16,g,2,g,0,g,1,g,0,g
4,hardees,kids cheeseburger meal without drink,22,g,65,mg,1200,g,55,g,27,g,11,g,1,g,0,g,13,g
5,hardees,kids hamburger meal without drink,18,g,50,mg,930,g,54,g,24,g,8,g,0.5,g,0,g,12,g
6,hardees,kids hot dog meal without drink,38,g,45,mg,1670,g,60,g,16,g,11,g,0,g,4,g,5,g
7,hardees,hand breaded chicken tenders without sauce,4.2,g,23,mg,258,g,4.2,g,8.2,g,0.9,g,0,g,0.6,g,0,g
8,hardees,three piece chicken tenders all star meal,35,g,80,mg,1440,g,70,g,29,g,10,g,0,g,5,g,15,g
9,hardees,two ham n cheese sandwiches all star meal,44,g,85,mg,2930,g,114,g,39,g,15,g,0,g,5,g,26,g
10,hardees,side salad without dressing,7,g,20,mg,140,g,7,g,7,g,4.5,g,0,g,2,g,1,g
11,hardees,mushroom and swiss thickburger,33,g,90,mg,1310,g,52,g,31,g,13,g,1.5,g,3,g,10,g
12,hardees,big chicken fillet sandwich,29,g,50,mg,1060,g,61,g,21,g,6,g,0,g,7,g,9,g
13,hardees,monster double thickburger,97,g,295,mg,2780,g,53,g,86,g,35,g,4.5,g,4,g,13,g
14,hardees,big hot ham n cheese sandwich,20,g,75,mg,2190,g,51,g,34,g,8,g,0,g,2,g,10,g
15,hardees,big roast beef sandwich,22,g,65,mg,1350,g,49,g,30,g,7,g,1.5,g,3,g,9,g
16,hardees,bacon cheese thickburger,49,g,110,mg,1400,g,54,g,38,g,15,g,1.5,g,3,g,11,g
17,hardees,charbroiled chicken club sandwich,29,g,155,mg,1870,g,53,g,43,g,7,g,0,g,0,g,5,g
18,hardees,double cheeseburger,26,g,75,mg,1470,g,56,g,25,g,11,g,1,g,2,g,11,g
19,hardees,famous star burger with cheese,37,g,75,mg,1270,g,55,g,28,g,13,g,1,g,0,g,12,g
20,hardees,small cheeseburger,14,g,35,mg,790,g,33,g,13,g,4,g,0,g,1,g,8,g
21,hardees,original angus burger,51,g,125,mg,1440,g,56,g,39,g,16,g,2.5,g,4,g,14,g
22,hardees,frisco thickburger,50,g,120,mg,1550,g,43,g,38,g,17,g,2,g,3,g,7,g
23,hardees,regular roast beef sandwich,0.1,g,0.0001,mg,7,g,0.2,g,0.1,g,0.0001,g,0.0001,g,0.0001,g,0.0001,g
24,hardees,big cheeseburger,23,g,65,mg,1240,g,56,g,28,g,11,g,1,g,0,g,13,g
25,hardees,superstar burger with cheese,56,g,140,mg,1530,g,59,g,48,g,23,g,2,g,3,g,13,g
26,hardees,the big hardee burger,58,g,145,mg,1380,g,55,g,47,g,23,g,2,g,0,g,12,g
27,hardees,western bacon cheeseburger,38,g,85,mg,1750,g,80,g,38,g,14,g,1,g,0,g,16,g
28,hardees,double original beyond thickburger,70,g,45,mg,2140,g,66,g,56,g,22,g,1,g,7,g,14,g
29,hardees,original beyond thickburger,46,g,25,mg,1450,g,61,g,33,g,13,g,0.5,g,5,g,13,g
30,hardees,small hamburger,9,g,25,mg,570,g,32,g,11,g,3.5,g,0,g,1,g,7,g
31,hardees,double western bacon cheeseburger,57,g,150,mg,2080,g,81,g,58,g,24,g,2,g,0,g,17,g
32,hardees,single slider,11,g,30,mg,360,g,21,g,10,g,4,g,0,g,1,g,7,g
33,hardees,double slider,24,g,70,mg,700,g,22,g,19,g,10,g,1,g,1,g,8,g
34,hardees,onion rings,35,g,0,mg,750,g,77,g,10,g,6,g,0,g,0,g,7,g
35,hardees,crispy curls,15.4,g,0,mg,770,g,38.9,g,3.7,g,3.7,g,0.7,g,2.9,g,0,g
36,hardees,two crunchy tacos,9,g,13,mg,362,g,16,g,6,g,3,g,0,g,2,g,1,g
37,hardees,1 3 lb bacon cheese thickburger,54,g,130,mg,1700,g,54,g,42,g,17,g,0,g,3,g,12,g
38,hardees,1 3 lb cheeseburger,33,g,100,mg,1640,g,56,g,33,g,12,g,0,g,2,g,14,g
39,hardees,1 3 lb mushroom and swiss thickburger,38,g,110,mg,1660,g,53,g,36,g,15,g,0,g,2,g,10,g
40,hardees,1 3 lb original thickburger,48,g,110,mg,1660,g,56,g,34,g,15,g,0,g,3,g,14,g
41,hardees,1 4 lb cheeseburger,23,g,75,mg,1320,g,37,g,23,g,9,g,0,g,2,g,12,g
42,hardees,1 4 lb thickburger,35,g,85,mg,1180,g,34,g,23,g,11,g,0,g,3,g,8,g
43,hardees,2 3 lb monster thickburger,90,g,265,mg,3140,g,53,g,76,g,33,g,0,g,2,g,13,g
44,hardees,3 piece hand breaded chicken tenders,13,g,70,mg,770,g,13,g,25,g,2.5,g,0,g,2,g,0,g
45,hardees,5 piece hand breaded chicken tenders,21,g,115,mg,1290,g,21,g,41,g,4.5,g,0,g,3,g,0,g
46,hardees,apple turnover,13,g,5,mg,260,g,35,g,3,g,3.5,g,0,g,1,g,1,g
47,hardees,bacon double cheeseburger,8,g,15,mg,1380,g,36,g,23,g,8,g,0,g,1,g,8,g
48,hardees,bacon egg and cheese biscuit,38,g,225,mg,1530,g,46,g,21,g,15,g,0,g,3,g,3,g
49,hardees,beef grilled burrito,31,g,85,mg,1800,g,71,g,36,g,14,g,0,g,8,g,5,g
50,hardees,beef soft taco,11,g,35,mg,580,g,17,g,12,g,5,g,0,g,0,g,1,g
51,hardees,beef super nachos,29,g,35,mg,1390,g,57,g,17,g,8,g,0,g,9,g,5,g
52,hardees,beef taco,13,g,30,mg,290,g,13,g,11,g,5,g,0,g,2,g,1,g
53,hardees,beef taco salad,56,g,70,mg,1920,g,72,g,35,g,17,g,0,g,8,g,5,g
54,hardees,beer battered onion rings,24,g,0,mg,470,g,45,g,3,g,45,g,0,g,3,g,5,g
55,hardees,big hot ham n cheese,20,g,75,mg,2190,g,51,g,34,g,8,g,0,g,2,g,10,g
56,hardees,big roast beef sandwich,25,g,85,mg,1580,g,16,g,35,g,9,g,0,g,3,g,9,g
57,hardees,biscuit n gravy,39,g,15,mg,1670,g,57,g,10,g,14,g,0,g,10,g,3,g
58,hardees,breakfast sliders,26,g,0,mg,960,g,43,g,7,g,10,g,0,g,3,g,2,g
59,hardees,buttermilk ranch dipping sauce,10,g,10,mg,220,g,2,g,0,g,1.5,g,0,g,0,g,2,g
60,hardees,charbroiled bbq chicken sandwich,6,g,55,mg,1210,g,46,g,27,g,1,g,0,g,2,g,19,g
61,hardees,charbroiled chicken club sandwich,28,g,100,mg,1680,g,38,g,37,g,8,g,0,g,2,g,13,g
62,hardees,cheese quesadilla,32,g,80,mg,110,g,40,g,25,g,18,g,0,g,2,g,1,g
63,hardees,cherry coke,0,g,0,mg,20,g,70,g,0,g,0,g,0,g,0,g,70,g
64,hardees,chicken biscuit,41,g,40,mg,1440,g,53,g,19,g,13,g,0,g,4,g,3,g
65,hardees,chicken grilled burrito,23,g,80,mg,1650,g,70,g,36,g,11,g,0,g,7,g,4,g
66,hardees,chicken quesadilla,34,g,120,mg,1410,g,43,g,39,g,19,g,0,g,2,g,1,g
67,hardees,chicken soft taco,90,g,55,mg,620,g,18,g,20,g,4.5,g,0,g,0,g,0,g
68,hardees,chicken super nachos,27,g,55,mg,1550,g,58,g,25,g,7,g,0,g,9,g,5,g
69,hardees,chicken taco salad,51,g,110,mg,2080,g,74,g,50,g,15,g,0,g,7,g,5,g
70,hardees,chips and salsa,17,g,0,mg,380,g,37,g,4,g,3.5,g,0,g,5,g,2,g
71,hardees,chocolate chip cookies,15,g,0,mg,170,g,35,g,2,g,8,g,0,g,1,g,17,g
72,hardees,chocolate hand scooped ice cream shake,33,g,100,mg,240,g,87,g,14,g,24,g,0,g,0,g,73,g
73,hardees,coca cola,0,g,0,mg,15,g,69,g,0,g,0,g,0,g,0,g,68,g
74,hardees,coca cola zero,0,g,0,mg,15,g,0,g,0,g,0,g,0,g,0,g,0,g
75,hardees,country ham biscuit,30,g,35,mg,1790,g,44,g,16,g,12,g,0,g,3,g,2,g
76,hardees,crispy curls large,28,g,0,mg,1420,g,72,g,7,g,7,g,0,g,6,g,0,g
77,hardees,crispy curls medium,23,g,0,mg,1180,g,60,g,6,g,6,g,0,g,5,g,0,g
78,hardees,crispy curls small,18,g,0,mg,910,g,46,g,5,g,4.5,g,0,g,4,g,0,g
79,hardees,diet coke,0,g,0,mg,35,g,0,g,0,g,0,g,0,g,0,g,0,g
80,hardees,double charbroiled slider,20,g,70,mg,600,g,20,g,19,g,9,g,0,g,1,g,4,g
81,hardees,dr pepper,0,g,0,mg,85,g,65,g,0,g,0,g,0,g,0,g,65,g
82,hardees,frisco breakfast sandwich,19,g,230,mg,1570,g,45,g,24,g,8,g,0,g,2,g,5,g
83,hardees,frisco thickburger,55,g,145,mg,2140,g,46,g,43,g,19,g,0,g,3,g,7,g
84,hardees,fuze raspberry iced tea,0,g,0,mg,30,g,40,g,0,g,0,g,0,g,0,g,38,g
85,hardees,gluten sensitive 1 3 lb low carb thickburger,36,g,90,mg,1170,g,9,g,22,g,13,g,0,g,1,g,5,g
86,hardees,gluten sensitive side salad,7,g,20,mg,160,g,7,g,7,g,4.5,g,0,g,2,g,4,g
87,hardees,hardee brekafast platter with bacon,45,g,215,mg,1670,g,51,g,19,g,12,g,0,g,6,g,2,g
88,hardees,hardees classic double cheeseburger,40,g,90,mg,1050,g,38,g,28,g,14,g,0,g,2,g,10,g
89,hardees,hardees double cheeseburger,19,g,60,mg,810,g,33,g,18,g,5,g,0,g,1,g,8,g
90,hardees,hash rounds large,30,g,0,mg,630,g,45,g,4,g,6,g,0,g,5,g,2,g
91,hardees,hash rounds medium,22,g,0,mg,460,g,33,g,3,g,4.5,g,0,g,4,g,1,g
92,hardees,hash rounds small,15,g,0,mg,320,g,23,g,2,g,3,g,0,g,3,g,1,g
93,hardees,hi c orange lava burst,0,g,0,mg,10,g,75,g,0,g,0,g,0,g,0,g,75,g
94,hardees,honey mustard dipping sauce,12,g,10,mg,130,g,4,g,0,g,2,g,0,g,0,g,3,g
95,hardees,hot chocolate,3,g,15,mg,180,g,18,g,14,g,2,g,0,g,0,g,18,g
96,hardees,hot sauce,0,g,0,mg,200,g,0,g,0,g,0,g,0,g,0,g,0,g
97,hardees,jumbo chili dog,26,g,50,mg,1300,g,23,g,15,g,9,g,0,g,1,g,5,g
98,hardees,loaded breakfast burrito,30,g,445,mg,1320,g,46,g,30,g,12,g,0,g,3,g,2,g
99,hardees,loaded omelet biscuit,39,g,230,mg,1490,g,48,g,19,g,16,g,0,g,3,g,3,g
100,hardees,low carb it 1 3 lb low carb thickburger,36,g,90,mg,1170,g,9,g,22,g,13,g,0,g,1,g,5,g
101,hardees,low carb it charbroiled chicken club sandwich,22,g,75,mg,1230,g,13,g,24,g,7,g,0,g,1,g,8,g
102,hardees,mello yello,0,g,0,mg,30,g,72,g,0,g,0,g,0,g,0,g,72,g
103,hardees,minute maid lemonade,0,g,0,mg,115,g,65,g,0,g,0,g,0,g,0,g,65,g
104,hardees,monster biscuit,61,g,280,mg,2490,g,48,g,35,g,24,g,0,g,3,g,4,g
105,hardees,natural cut french fries kids,12,g,0,mg,480,g,31,g,3,g,2,g,0,g,3,g,0,g
106,hardees,natural cut french fries large,26,g,0,mg,1060,g,69,g,6,g,4.5,g,0,g,6,g,1,g
107,hardees,natural cut french fries medium,24,g,0,mg,980,g,63,g,5,g,4.5,g,0,g,6,g,0,g
108,hardees,natural cut french fries small,15,g,0,mg,730,g,47,g,4,g,3,g,0,g,4,g,0,g
109,hardees,pork chop n gravy biscuit,33,g,35,mg,1280,g,49,g,2,g,7,g,0,g,4,g,3,g
110,hardees,powerade mountain blast,0,g,0,mg,140,g,38,g,0,g,0,g,0,g,0,g,38,g
111,hardees,red burrito chicken bowl,11,g,60,mg,1370,g,55,g,27,g,3,g,0,g,5,g,4,g
112,hardees,rise and shine coffee,0,g,5,mg,10,g,1,g,0,g,0,g,0,g,3,g,3,g
113,hardees,roast beef sandwich,11,g,40,mg,1080,g,50,g,21,g,4.5,g,0,g,2,g,8,g
114,hardees,sausage and egg biscuit,48,g,225,mg,1410,g,46,g,19,g,18,g,0,g,3,g,3,g
115,hardees,sausage biscuit,43,g,30,mg,1330,g,44,g,13,g,17,g,0,g,3,g,3,g
116,hardees,side salad,7,g,0,mg,470,g,45,g,3,g,4.5,g,0,g,3,g,5,g
117,hardees,single charbroiled slider,11,g,35,mg,450,g,20,g,11,g,4.5,g,0,g,1,g,4,g
118,hardees,smoked sausage biscuit with egg and cheese,57,g,250,mg,2040,g,48,g,23,g,24,g,0,g,3,g,5,g
119,hardees,southern style tender sandwich,23,g,55,mg,1230,g,58,g,24,g,4.5,g,0,g,3,g,8,g
120,hardees,spicy chicken sandwich,23,g,30,mg,1290,g,21,g,41,g,4,g,0,g,3,g,0,g
121,hardees,sprite,0,g,0,mg,65,g,69,g,0,g,0,g,0,g,0,g,69,g
122,hardees,steak bowl,14,g,65,mg,1130,g,55,g,24,g,7,g,0,g,2,g,3,g
123,hardees,steak quesadilla,45,g,125,mg,1890,g,81,g,45,g,23,g,0,g,4,g,2,g
124,hardees,strawberry hand scooped ice cream shake,33,g,100,mg,240,g,87,g,14,g,24,g,0,g,0,g,73,g
125,hardees,sunrise croissant,28,g,240,mg,1120,g,30,g,20,g,12,g,0,g,2,g,5,g
126,hardees,sweet and bold bbq sauce,0,g,0,mg,190,g,13,g,0,g,0,g,0,g,0,g,5,g
127,hardees,sweet tea,0,g,0,mg,25,g,99,g,0,g,0,g,0,g,0,g,97,g
128,hardees,the big chicken filet sandwich,36,g,80,mg,1510,g,64,g,35,g,6,g,0,g,4,g,10,g
129,hardees,trim it 1 4 lb low carb little thickburger,15,g,55,mg,590,g,6,g,15,g,6,g,0,g,3,g,4,g
130,hardees,trim it big hot ham sandwich,6,g,50,mg,1570,g,31,g,26,g,2,g,0,g,3,g,6,g
131,hardees,trim it charbroiled bbq chicken sandwich,3.5,g,45,mg,910,g,24,g,18,g,1,g,0,g,1,g,11,g
132,hardees,trim it frisco breakfast sandwich,11,g,210,mg,1100,g,44,g,19,g,36,g,0,g,2,g,4,g
133,hardees,vanilla hand scooped ice cream shake,33,g,100,mg,240,g,87,g,14,g,24,g,0,g,0,g,73,g
134,hardees,veg it egg and cheese biscuit,23,g,205,mg,1080,g,38,g,13,g,8,g,0,g,3,g,2,g
135,hardees,veg it side salad,7,g,20,mg,160,g,7,g,7,g,4.5,g,0,g,2,g,4,g
136,hardees,veg it thickburger hold the patty,33,g,35,mg,1190,g,56,g,11,g,8,g,0,g,3,g,14,g
137,www.menuwithnutrition.com,hardees menu,,,,,,,,,,,,,,,,,,
138,harveys,grilled chicken wrap,13,g,75,mg,980,g,53,g,34,g,4,g,0.2,g,2,g,3,g
139,harveys,buffalo crispy chicken wrap,29,g,50,mg,2640,g,85,g,31,g,6,g,0.5,g,4,g,16,g
140,harveys,crispy chicken wrap,24,g,50,mg,1490,g,70,g,31,g,5,g,0.4,g,4,g,3,g
141,harveys,chocolate milkshake large,21,g,75,mg,610,g,161,g,21,g,10,g,0.5,g,3,g,137,g
142,harveys,oreo milkshake large,26,g,75,mg,580,g,138,g,16,g,13,g,0.5,g,1,g,110,g
143,harveys,chocolate milkshake regular,16,g,60,mg,440,g,114,g,16,g,8,g,0.4,g,1,g,96,g
144,harveys,strawberry milkshake regular,16,g,60,mg,380,g,112,g,16,g,8,g,0.4,g,0,g,95,g
145,harveys,orange milkshake large,20,g,75,mg,520,g,217,g,20,g,10,g,0.5,g,0,g,184,g
146,harveys,slushie with nerds regular,0,g,0,mg,60,g,88,g,0,g,0,g,0,g,0,g,88,g
147,harveys,blue raspberry slushie large,0,g,0,mg,70,g,92,g,0,g,0,g,0,g,0,g,92,g
148,harveys,vanilla milkshake regular,16,g,60,mg,380,g,96,g,16,g,8,g,0.4,g,0,g,80,g
149,harveys,frozen lemonade regular,0,g,0,mg,60,g,74,g,0,g,0,g,0,g,0,g,74,g
150,harveys,vanilla milkshake large,20,g,75,mg,470,g,120,g,20,g,10,g,0.5,g,0,g,100,g
151,harveys,coffee,0,g,0,mg,5,g,2,g,0,g,0,g,0,g,0,g,0,g
152,harveys,apple juice box,0,g,0,mg,7,g,23.6,g,0.4,g,0,g,0,g,0,g,20.3,g
153,harveys,cherry slushie regular,0,g,0,mg,85,g,82,g,0,g,0,g,0,g,0,g,82,g
154,harveys,orange milkshake regular,16,g,60,mg,400,g,158,g,16,g,8,g,0.4,g,0,g,133,g
155,harveys,strawberry milkshake large,20,g,75,mg,490,g,157,g,20,g,10,g,0.5,g,0,g,135,g
156,harveys,oreo milkshake regular,15,g,45,mg,350,g,84,g,13,g,8,g,0.3,g,0,g,67,g
157,harveys,2 partially skimmed milk,5,g,20,mg,100,g,11,g,8,g,3,g,0.2,g,0,g,11,g
158,harveys,slushie with nerds large,0,g,0,mg,70,g,112,g,0,g,0,g,0,g,0,g,112,g
159,harveys,orange slushie regular,0,g,0,mg,60,g,75,g,0,g,0,g,0,g,0,g,75,g
160,harveys,blue raspberry slushie regular,0,g,0,mg,60,g,74,g,0,g,0,g,0,g,0,g,74,g
161,harveys,orange juice,0,g,0,mg,20,g,35,g,1.3,g,0,g,0,g,0,g,29,g
162,harveys,cherry slushie large,0,g,0,mg,115,g,111,g,0,g,0,g,0,g,0,g,111,g
163,harveys,tea,0,g,0,mg,0,g,1,g,0,g,0,g,0,g,0,g,0,g
164,harveys,orange slushie large,0,g,0,mg,70,g,93,g,0,g,0,g,0,g,0,g,93,g
165,harveys,frozen lemonade large,0,g,0,mg,85,g,109,g,0,g,0,g,0,g,0,g,108,g
166,harveys,whole wheat toast,2,g,0,mg,320,g,32,g,7,g,0.2,g,0,g,3,g,2,g
167,harveys,homefries,19,g,5,mg,530,g,29,g,3,g,2.5,g,0,g,3,g,0,g
168,harveys,bacon strips,3.5,g,10,mg,160,g,0,g,3,g,1,g,0,g,0,g,0,g
169,harveys,white toast,2,g,0,mg,320,g,35,g,6,g,0,g,0,g,1,g,2,g
170,harveys,breakfast club sandwich,19,g,245,mg,750,g,36,g,21,g,8,g,0,g,2,g,4,g
171,harveys,breakfast club deluxe sandwich,28,g,280,mg,1030,g,39,g,30,g,11,g,0,g,2,g,4,g
172,harveys,extra egg,6,g,175,mg,70,g,0,g,12,g,1.5,g,0,g,0,g,0,g
173,harveys,chicken strips 4 pieces,21,g,85,mg,1070,g,26,g,36,g,2,g,0.1,g,2,g,0,g
174,harveys,garlic mayo,4,g,0,mg,140,g,1,g,0,g,0.5,g,0.1,g,0,g,0,g
175,harveys,onions,0,g,0,mg,2,g,5,g,1,g,0,g,0,g,0,g,2,g
176,harveys,mustard,0.5,g,0,mg,180,g,1,g,1,g,0,g,0,g,0,g,0,g
177,harveys,ketchup,0,g,0,mg,140,g,5,g,0.3,g,0,g,0,g,0,g,4,g
178,harveys,relish,0,g,0,mg,80,g,3,g,0.1,g,0,g,0,g,0,g,3,g
179,harveys,lettuce,0,g,0,mg,1,g,0,g,0.1,g,0,g,0,g,0,g,0,g
180,harveys,mayonnaise,0.3,g,0,mg,9,g,0.0001,g,0,g,0.0001,g,0,g,0,g,0,g
181,harveys,tartar sauce,3.5,g,5,mg,170,g,2,g,0,g,0.5,g,0,g,0,g,1,g
182,harveys,ranch,5,g,5,mg,115,g,1,g,0,g,1,g,0,g,0,g,1,g
183,harveys,tomato,0,g,0,mg,1,g,1,g,0.1,g,0,g,0,g,0,g,0,g
184,harveys,chipotle,7,g,5,mg,160,g,1,g,0,g,1,g,0,g,0,g,0,g
185,harveys,apple pie,15,g,0,mg,290,g,34,g,2,g,4,g,0.1,g,1,g,11,g
186,harveys,donuts,16,g,0,mg,410,g,44,g,5,g,2,g,0.1,g,2,g,19,g
187,harveys,grilled hot dog,13,g,50,mg,730,g,30,g,15,g,4.5,g,0.3,g,2,g,2,g
188,harveys,french fries,19,g,0,mg,760,g,59,g,5,g,1.5,g,0.1,g,4,g,0,g
189,harveys,kids burger,11,g,30,mg,460,g,27,g,12,g,4.5,g,0.3,g,0,g,3,g
190,harveys,kids burger with cheese,13,g,35,mg,590,g,28,g,14,g,6,g,0.3,g,0,g,3,g
191,harveys,jr burger patty by itself,10,g,30,mg,260,g,2,g,7,g,4,g,0.3,g,0,g,0,g
192,harveys,kids strawberry or banana juice box,0,g,0,mg,25,g,22,g,0.2,g,0,g,0,g,0,g,20,g
193,harveys,kids apple sauce,0,g,0,mg,0,g,12,g,0,g,0,g,0,g,1,g,11,g
194,harveys,kids burger with cheese and bacon,14,g,35,mg,650,g,28,g,15,g,6,g,0.3,g,0,g,3,g
195,harveys,lite italian dressing,7,g,0,mg,287,g,2,g,0,g,1,g,0,g,0,g,1,g
196,harveys,garlic peppercorn ranch dressing,11,g,5,mg,220,g,1,g,0,g,1.5,g,0.2,g,0,g,1,g
197,harveys,balsamic vinaigrette,7,g,0,mg,306,g,3,g,0,g,1,g,0,g,0,g,3,g
198,harveys,creamy caesar dressing,11,g,8,mg,216,g,0.8,g,0,g,2,g,0,g,0,g,0,g
199,harveys,grilled chicken salad,3.5,g,75,mg,520,g,18,g,29,g,0.5,g,0,g,6,g,10,g
200,harveys,side garden salad,0.3,g,0,mg,30,g,9,g,2,g,0,g,0,g,3,g,5,g
201,harveys,warm grilled chicken blt salad,7,g,90,mg,760,g,9,g,33,g,2.5,g,0,g,4,g,4,g
202,harveys,whole wheat bun for grilled chicken or veggie burger,2.5,g,0,mg,280,g,27,g,6,g,0.5,g,0,g,3,g,5,g
203,harveys,hot dog by itself,11,g,55,mg,410,g,2,g,8,g,4,g,0,g,1,g,0,g
204,harveys,multigrain bun,2,g,0,mg,310,g,32,g,7,g,0.4,g,0,g,2,g,3,g
205,harveys,great canadian patty by itself,23,g,80,mg,640,g,6,g,24,g,10,g,0,g,1,g,0,g
206,harveys,hot peppers,0,g,0,mg,200,g,1,g,0.2,g,0,g,0,g,0,g,0,g
207,harveys,veggie patty by itself,7,g,0,mg,300,g,6,g,12,g,1,g,0,g,3,g,0,g
208,harveys,cheese,4,g,15,mg,260,g,2,g,3,g,2.5,g,0,g,0,g,1,g
209,harveys,hot dog bun,1.5,g,0,mg,320,g,29,g,6,g,0.3,g,0,g,1,g,2,g
210,harveys,pickle,0,g,0,mg,210,g,0,g,0.2,g,0,g,0,g,0,g,0,g
211,harveys,crispy chicken for sandwich,14,g,50,mg,970,g,18,g,22,g,1,g,0,g,0,g,0,g
212,harveys,grilled chicken by itself,2.5,g,80,mg,530,g,1,g,28,g,1,g,0,g,1,g,0,g
213,harveys,great canadian bistro bun,2.5,g,0,mg,480,g,46,g,9,g,0.5,g,0,g,2,g,3,g
214,harveys,bun for original hamburger,2.5,g,0,mg,350,g,33,g,7,g,0.4,g,0,g,2,g,3,g
215,harveys,black olives,2,g,0,mg,65,g,1,g,0.1,g,0.3,g,0,g,1,g,0,g
216,harveys,jalapenos,0,g,0,mg,230,g,1,g,0,g,0,g,0,g,1,g,0,g
217,harveys,cucumbers,0,g,0,mg,0,g,0,g,0.1,g,0,g,0,g,0,g,0,g
218,harveys,angus patty by itself,18,g,55,mg,460,g,6,g,17,g,8,g,1,g,1,g,0,g
219,harveys,shredded cheese,9,g,25,mg,230,g,0,g,8,g,6,g,0.3,g,0,g,0,g
220,harveys,original patty by itself,15,g,50,mg,650,g,5,g,13,g,7,g,0.5,g,1,g,0,g
221,harveys,bun for crispy chicken sandwich,2.5,g,0,mg,350,g,33,g,7,g,0.4,g,0,g,2,g,3,g
222,harveys,original cheeseburger,21,g,60,mg,1230,g,37,g,22,g,9,g,0.5,g,2,g,3,g
223,harveys,grilled chicken sandwich with bun,5,g,75,mg,780,g,31,g,30,g,1,g,0,g,1,g,2,g
224,harveys,angus burger,20,g,55,mg,780,g,36,g,22,g,8,g,1,g,2,g,2,g
225,harveys,crispy chicken sandwich,16,g,50,mg,1280,g,48,g,27,g,2,g,0.2,g,2,g,2,g
226,harveys,veggie burger with bun,10,g,0,mg,700,g,40,g,24,g,1.5,g,0.1,g,6,g,3,g
227,harveys,double original burger,30,g,90,mg,1560,g,39,g,30,g,13,g,1,g,2,g,2,g
228,harveys,buffalo chicken sandwich,23,g,50,mg,2780,g,60,g,27,g,3.5,g,0.3,g,3,g,12,g
229,harveys,double angus cheeseburger,42,g,130,mg,1500,g,45,g,42,g,19,g,2,g,3,g,3,g
230,harveys,original bacon cheeseburger,24,g,70,mg,1390,g,37,g,24,g,11,g,0.5,g,2,g,3,g
231,harveys,angus burger with cheese and bacon,27,g,80,mg,1200,g,39,g,28,g,12,g,1,g,2,g,3,g
232,harveys,grilled chicken sandwich with multigrain bun,5,g,75,mg,770,g,33,g,32,g,1,g,0,g,2,g,3,g
233,harveys,angus burger with cheese,24,g,70,mg,1040,g,38,g,25,g,11,g,1,g,2,g,3,g
234,harveys,original hamburger,17,g,50,mg,970,g,35,g,18,g,7,g,0.5,g,2,g,2,g
235,harveys,hot dog with bun,12,g,55,mg,730,g,31,g,14,g,4.5,g,0,g,2,g,2,g
236,harveys,double angus burger,38,g,115,mg,1240,g,43,g,39,g,17,g,2,g,3,g,2,g
237,harveys,double original bacon cheeseburger,37,g,115,mg,1980,g,41,g,37,g,17,g,1.5,g,2,g,3,g
238,harveys,great canadian burger with cheese and bacon,35,g,110,mg,1430,g,54,g,40,g,16,g,0,g,3,g,3,g
239,harveys,double original cheeseburger,34,g,105,mg,1820,g,41,g,34,g,15,g,1.5,g,2,g,3,g
240,harveys,great canadian burger,25,g,80,mg,1120,g,53,g,32,g,11,g,0,g,3,g,3,g
241,harveys,double angus bacon cheeseburger,45,g,135,mg,1670,g,45,g,45,g,20,g,2,g,3,g,3,g
242,harveys,great canadian burger with cheese,31,g,105,mg,1270,g,54,g,38,g,15,g,0,g,3,g,3,g
243,harveys,honey mustard dipping sauce,12,g,15,mg,250,g,13,g,1,g,2,g,0.1,g,0,g,12,g
244,harveys,harv sauce,5,g,5,mg,180,g,3,g,0,g,1,g,0,g,0,g,2,g
245,harveys,hot sauce,1.5,g,0,mg,610,g,1,g,0,g,0.3,g,0,g,0,g,1,g
246,harveys,barbecue sauce,0,g,0,mg,150,g,9,g,0,g,0,g,0,g,0,g,6,g
247,harveys,barbecue dipping sauce,0,g,0,mg,715,g,21,g,1,g,0,g,0,g,1,g,19,g
248,harveys,sweet n sour dipping sauce,0.5,g,0,mg,190,g,17,g,0.1,g,0,g,0,g,0,g,16,g
249,harveys,tzatziki sauce,2.5,g,0,mg,40,g,2,g,1,g,0,g,0,g,0,g,1,g
250,harveys,plum dipping sauce,0,g,0,mg,430,g,21,g,0,g,0,g,0,g,0,g,16,g
251,harveys,fish sandwich,14,g,25,mg,690,g,51,g,14,g,1.5,g,0.1,g,2,g,3,g
252,harveys,classic poutine large,42,g,60,mg,2660,g,91,g,23,g,13,g,1,g,7,g,0,g
253,harveys,onion rings,14.5,g,0,mg,555,g,32.5,g,3,g,1.3,g,0.2,g,2,g,2.5,g
254,harveys,deep fried pickles,12,g,0,mg,1280,g,31,g,4,g,1,g,0.1,g,2,g,2,g
255,harveys,sides classic poutine regular,41,g,80,mg,1390,g,65,g,24,g,15,g,1,g,5,g,0,g
256,harveys,bacon double cheese poutine,61,g,110,mg,3340,g,93,g,39,g,22,g,1,g,7,g,1,g
257,harveys,spicy chicken poutine,67,g,120,mg,5050,g,136,g,50,g,16,g,1,g,10,g,11,g
258,harveys,gravy,0.5,g,0,mg,580,g,6,g,1,g,0,g,0,g,0,g,0,g
259,harveys,frings,25.9,g,0,mg,1211,g,66.8,g,5.8,g,2.1,g,0.3,g,4.2,g,2.5,g
260,harveys,meat lovers poutine,71,g,145,mg,4210,g,105,g,48,g,25,g,1.5,g,8,g,5,g
261,harveys,2 partially skimmed chocolate milk,5,g,20,mg,130,g,14,g,8,g,3,g,0,g,0,g,13,g
262,harveys,2 partially skimmed milk,5,g,20,mg,100,g,11,g,8,g,3,g,0,g,0,g,11,g
263,harveys,7 up large,0,g,0,mg,170,g,106,g,0,g,0,g,0,g,0,g,105,g
264,harveys,7 up medium,0,g,0,mg,105,g,66,g,0,g,0,g,0,g,0,g,66,g
265,harveys,7 up small,0,g,0,mg,85,g,53,g,0,g,0,g,0,g,0,g,52,g
266,harveys,angus burger,20,g,55,mg,780,g,36,g,22,g,8,g,1,g,2,g,2,g
267,harveys,angus burger with cheese,24,g,70,mg,1040,g,38,g,25,g,11,g,1,g,2,g,3,g
268,harveys,angus burger with cheese and bacon,27,g,80,mg,1200,g,39,g,28,g,12,g,1,g,2,g,3,g
269,harveys,angus patty by itself,18,g,55,mg,460,g,6,g,17,g,8,g,1,g,1,g,0,g
270,harveys,apple juice,0,g,0,mg,10,g,35,g,1,g,0,g,0,g,0,g,30,g
271,harveys,apple pie,15,g,0,mg,290,g,34,g,2,g,4,g,0,g,1,g,11,g
272,harveys,bacon,3.5,g,10,mg,160,g,0,g,3,g,1,g,0,g,0,g,0,g
273,harveys,bacon double cheese poutine,61,g,110,mg,3340,g,93,g,39,g,22,g,1,g,7,g,1,g
274,harveys,balsamic vinaigrette dressing,7,g,0,mg,310,g,3,g,0,g,1,g,0,g,0,g,3,g
275,harveys,barbecue dipping sauce,0,g,0,mg,720,g,21,g,1,g,0,g,0,g,1,g,19,g
276,harveys,barbecue sauce,0,g,0,mg,150,g,9,g,0,g,0,g,0,g,0,g,6,g
277,harveys,black olives,2,g,0,mg,65,g,1,g,0,g,0,g,0,g,1,g,0,g
278,harveys,blue raspberry slushie large,0,g,0,mg,70,g,92,g,0,g,0,g,0,g,0,g,92,g
279,harveys,blue raspberry slushie regular,0,g,0,mg,60,g,74,g,0,g,0,g,0,g,0,g,74,g
280,harveys,buffalo chicken sandwich,23,g,50,mg,2780,g,60,g,27,g,3.5,g,0,g,3,g,12,g
281,harveys,buffalo crispy chicken wrap,29,g,50,mg,2640,g,85,g,31,g,6,g,0.5,g,4,g,16,g
282,harveys,cheese slice,4,g,15,mg,260,g,2,g,3,g,2.5,g,0,g,0,g,1,g
283,harveys,cherry slushie large,0,g,0,mg,115,g,111,g,0,g,0,g,0,g,0,g,111,g
284,harveys,cherry slushie regular,0,g,0,mg,85,g,82,g,0,g,0,g,0,g,0,g,82,g
285,harveys,chicken strips 4 piece,21,g,85,mg,1070,g,26,g,36,g,2,g,0,g,2,g,0,g
286,harveys,chipotle,7,g,5,mg,160,g,1,g,0,g,1,g,0,g,0,g,0,g
287,harveys,chocolate milkshake large,21,g,75,mg,610,g,161,g,21,g,10,g,0.5,g,3,g,137,g
288,harveys,chocolate milkshake regular,16,g,60,mg,440,g,114,g,16,g,8,g,0,g,1,g,96,g
289,harveys,classic poutine,41,g,80,mg,1390,g,65,g,24,g,15,g,1,g,5,g,0,g
290,harveys,classic poutine large,42,g,60,mg,2660,g,91,g,23,g,13,g,1,g,7,g,0,g
291,harveys,coffee,0,g,0,mg,5,g,2,g,0,g,0,g,0,g,0,g,0,g
292,harveys,creamy caesar dressing,11,g,10,mg,220,g,1,g,0,g,2,g,0,g,0,g,0,g
293,harveys,crispy chicken sandwich,16,g,50,mg,1280,g,48,g,27,g,2,g,0,g,2,g,2,g
294,harveys,crispy chicken wrap,24,g,50,mg,1490,g,70,g,31,g,5,g,0,g,4,g,3,g
295,harveys,cucumbers,0,g,0,mg,0,g,1,g,0,g,0,g,0,g,0,g,0,g
296,harveys,deep fried pickles,12,g,0,mg,1280,g,31,g,4,g,1,g,0,g,2,g,2,g
297,harveys,diet pepsi large,0,g,0,mg,280,g,0,g,0,g,0,g,0,g,0,g,0,g
298,harveys,diet pepsi medium,0,g,0,mg,180,g,0,g,0,g,0,g,0,g,0,g,0,g
299,harveys,diet pepsi small,0,g,0,mg,140,g,0,g,0,g,0,g,0,g,0,g,0,g
300,harveys,donuts 4 piece,16,g,0,mg,410,g,44,g,5,g,2,g,0,g,2,g,19,g
301,harveys,donuts 8 piece,32,g,0,mg,810,g,87,g,9,g,4.5,g,0,g,4,g,38,g
302,harveys,double angus bacon cheeseburger,45,g,135,mg,1670,g,45,g,45,g,20,g,2,g,3,g,3,g
303,harveys,double angus burger,38,g,115,mg,1240,g,43,g,39,g,17,g,2,g,3,g,2,g
304,harveys,double angus cheeseburger,42,g,130,mg,1500,g,45,g,42,g,19,g,2,g,3,g,3,g
305,harveys,double original bacon cheeseburger,37,g,115,mg,1980,g,41,g,37,g,17,g,1.5,g,2,g,3,g
306,harveys,double original burger,30,g,90,mg,1560,g,39,g,30,g,13,g,1,g,2,g,2,g
307,harveys,double original cheeseburger,34,g,105,mg,1820,g,41,g,34,g,15,g,1.5,g,2,g,3,g
308,harveys,dr pepper large,0,g,0,mg,140,g,104,g,0,g,0,g,0,g,0,g,95,g
309,harveys,dr pepper medium,0,g,0,mg,90,g,65,g,0,g,0,g,0,g,0,g,59,g
310,harveys,dr pepper small,0,g,0,mg,70,g,52,g,0,g,0,g,0,g,0,g,47,g
311,harveys,fish sandwich,14,g,25,mg,690,g,51,g,14,g,1.5,g,0,g,2,g,3,g
312,harveys,fries large,25,g,0,mg,970,g,75,g,7,g,2,g,0,g,5,g,0,g
313,harveys,fries regular,19,g,0,mg,760,g,59,g,5,g,1.5,g,0,g,4,g,0,g
314,harveys,frings,31,g,0,mg,1450,g,80,g,7,g,2.5,g,0,g,5,g,3,g
315,harveys,frozen lemonade large,0,g,0,mg,85,g,109,g,0,g,0,g,0,g,0,g,108,g
316,harveys,frozen lemonade regular,0,g,0,mg,60,g,74,g,0,g,0,g,0,g,0,g,74,g
317,harveys,garlic mayo,4,g,0,mg,140,g,1,g,0,g,0.5,g,0,g,0,g,0,g
318,harveys,garlic peppercorn ranch dressing,11,g,5,mg,220,g,1,g,0,g,1.5,g,0,g,0,g,1,g
319,harveys,ginger ale large,0,g,0,mg,140,g,95,g,0,g,0,g,0,g,0,g,95,g
320,harveys,ginger ale medium,0,g,0,mg,90,g,59,g,0,g,0,g,0,g,0,g,59,g
321,harveys,ginger ale small,0,g,0,mg,70,g,47,g,0,g,0,g,0,g,0,g,47,g
322,harveys,gravy,0.5,g,0,mg,580,g,6,g,1,g,0,g,0,g,0,g,0,g
323,harveys,grilled chicken multigrain bun,5,g,75,mg,770,g,33,g,32,g,1,g,0,g,2,g,3,g
324,harveys,grilled chicken salad,3.5,g,75,mg,520,g,18,g,29,g,0.5,g,0,g,6,g,10,g
325,harveys,grilled chicken with bun,5,g,75,mg,780,g,31,g,30,g,1,g,0,g,1,g,2,g
326,harveys,grilled chicken wrap,13,g,75,mg,980,g,53,g,34,g,4,g,0,g,2,g,3,g
327,harveys,grilled hot dog,13,g,50,mg,730,g,30,g,15,g,4.5,g,0,g,2,g,2,g
328,harveys,harv sauce,5,g,5,mg,180,g,3,g,0,g,1,g,0,g,0,g,2,g
329,harveys,honey mustard dipping sauce,12,g,15,mg,250,g,13,g,1,g,2,g,0,g,0,g,12,g
330,harveys,hot peppers,0,g,0,mg,200,g,1,g,0,g,0,g,0,g,0,g,0,g
331,harveys,hot sauce,1.5,g,0,mg,610,g,1,g,0,g,0,g,0,g,0,g,1,g
332,harveys,jalapenos,0,g,0,mg,230,g,1,g,0,g,0,g,0,g,1,g,0,g
333,harveys,jr burger,11,g,30,mg,460,g,27,g,12,g,4.5,g,0,g,0,g,3,g
334,harveys,jr burger patty by itself,10,g,30,mg,260,g,2,g,7,g,4,g,0,g,0,g,0,g
335,harveys,jr burger with cheese,13,g,35,mg,590,g,28,g,14,g,6,g,0,g,0,g,3,g
336,harveys,jr burger with cheese and bacon,14,g,35,mg,650,g,28,g,15,g,6,g,0,g,0,g,3,g
337,harveys,ketchup,0,g,0,mg,140,g,5,g,0,g,0,g,0,g,0,g,4,g
338,harveys,kids apple juice box,0,g,0,mg,20,g,22,g,0,g,0,g,0,g,0,g,21,g
339,harveys,kids apple sauce,0,g,0,mg,0,g,12,g,0,g,0,g,0,g,1,g,11,g
340,harveys,kids fries value,14,g,0,mg,560,g,43,g,4,g,1,g,0,g,3,g,0,g
341,harveys,kids strawberry and banana juice box,0,g,0,mg,25,g,22,g,0,g,0,g,0,g,0,g,20,g
342,harveys,lettuce,0,g,0,mg,0,g,0,g,0,g,0,g,0,g,0,g,0,g
343,harveys,lightlife burger with bun,13,g,0,mg,670,g,38,g,19,g,2,g,0,g,14,g,3,g
344,harveys,lipton lemon brisk iced tea large,0,g,0,mg,55,g,81,g,0,g,0,g,0,g,0,g,81,g
345,harveys,lipton lemon brisk iced tea medium,0,g,0,mg,35,g,51,g,0,g,0,g,0,g,0,g,51,g
346,harveys,lipton lemon brisk iced tea small,0,g,0,mg,25,g,41,g,0,g,0,g,0,g,0,g,41,g
347,harveys,lite italian dressing,7,g,0,mg,290,g,2,g,0,g,1,g,0,g,0,g,1,g
348,harveys,mayonnaise,4,g,0,mg,130,g,1,g,0,g,0.5,g,0,g,0,g,0,g
349,harveys,meat lovers poutine,71,g,145,mg,4210,g,105,g,48,g,25,g,1.5,g,8,g,5,g
350,harveys,mountain dew large,0,g,0,mg,120,g,124,g,0,g,0,g,0,g,0,g,123,g
351,harveys,mountain dew medium,0,g,0,mg,75,g,78,g,0,g,0,g,0,g,0,g,77,g
352,harveys,mountain dew small,0,g,0,mg,60,g,62,g,0,g,0,g,0,g,0,g,62,g
353,harveys,mug root beer large,0,g,0,mg,70,g,104,g,0,g,0,g,0,g,0,g,104,g
354,harveys,mug root beer medium,0,g,0,mg,45,g,65,g,0,g,0,g,0,g,0,g,65,g
355,harveys,mug root beer small,0,g,0,mg,35,g,52,g,0,g,0,g,0,g,0,g,52,g
356,harveys,multigrain bun,2,g,0,mg,310,g,32,g,7,g,0,g,0,g,2,g,3,g
357,harveys,mustard,0.5,g,0,mg,180,g,1,g,1,g,0,g,0,g,0,g,0,g
358,harveys,onion rings large,29,g,0,mg,1110,g,65,g,6,g,2.5,g,0,g,4,g,5,g
359,harveys,onion rings regular,15,g,0,mg,550,g,33,g,3,g,1.5,g,0,g,2,g,3,g
360,harveys,orange crush large,0,g,0,mg,115,g,114,g,0,g,0,g,0,g,0,g,110,g
361,harveys,orange crush medium,0,g,0,mg,70,g,71,g,0,g,0,g,0,g,0,g,69,g
362,harveys,orange crush small,0,g,0,mg,55,g,57,g,0,g,0,g,0,g,0,g,55,g
363,harveys,orange juice,0,g,0,mg,20,g,35,g,1,g,0,g,0,g,0,g,29,g
364,harveys,orange milkshake large,20,g,75,mg,520,g,217,g,20,g,10,g,0.5,g,0,g,184,g
365,harveys,orange milkshake regular,16,g,60,mg,400,g,158,g,16,g,8,g,0,g,0,g,133,g
366,harveys,orange slushie large,0,g,0,mg,70,g,93,g,0,g,0,g,0,g,0,g,93,g
367,harveys,orange slushie regular,0,g,0,mg,60,g,75,g,0,g,0,g,0,g,0,g,75,g
368,harveys,oreo milkshake large,26,g,75,mg,580,g,138,g,1,g,13,g,0.5,g,1,g,110,g
369,harveys,oreo milkshake regular,15,g,45,mg,350,g,84,g,13,g,8,g,0,g,0,g,67,g
370,harveys,original bacon cheeseburger,24,g,70,mg,1390,g,37,g,24,g,11,g,0.5,g,2,g,3,g
371,harveys,original cheeseburger,21,g,60,mg,1230,g,37,g,22,g,9,g,0.5,g,2,g,3,g
372,harveys,original hamburger,17,g,50,mg,970,g,35,g,18,g,7,g,0.5,g,2,g,2,g
373,harveys,original patty by itself,15,g,50,mg,650,g,5,g,13,g,7,g,0.5,g,1,g,0,g
374,harveys,pepsi large,0,g,0,mg,140,g,107,g,0,g,0,g,0,g,0,g,107,g
375,harveys,pepsi medium,0,g,0,mg,90,g,67,g,0,g,0,g,0,g,0,g,67,g
376,harveys,pepsi small,0,g,0,mg,70,g,53,g,0,g,0,g,0,g,0,g,53,g
377,harveys,pickle,0,g,0,mg,210,g,0,g,0,g,0,g,0,g,0,g,0,g
378,harveys,plum sauce,0,g,0,mg,430,g,21,g,0,g,0,g,0,g,0,g,16,g
379,harveys,ranch,5,g,5,mg,115,g,1,g,0,g,1,g,0,g,0,g,1,g
380,harveys,relish,0,g,0,mg,80,g,3,g,0,g,0,g,0,g,0,g,3,g
381,harveys,shredded cheese,9,g,25,mg,230,g,0,g,8,g,6,g,0,g,0,g,0,g
382,harveys,side garden salad,0,g,0,mg,30,g,9,g,2,g,0,g,0,g,3,g,5,g
383,harveys,slushie with nerds large,0,g,0,mg,70,g,112,g,0,g,0,g,0,g,0,g,111,g
384,harveys,slushie with nerds regular,0,g,0,mg,60,g,88,g,0,g,0,g,0,g,0,g,88,g
385,harveys,spicy chicken poutine,67,g,120,mg,5050,g,136,g,50,g,16,g,1,g,10,g,11,g
386,harveys,sriracha ranch sauce,5,g,5,mg,0,g,13,g,3,g,0,g,0,g,0,g,0,g
387,harveys,strawberry milkshake large,20,g,75,mg,490,g,157,g,20,g,10,g,0.5,g,0,g,135,g
388,harveys,strawberry milkshake regular,16,g,60,mg,380,g,112,g,16,g,8,g,0,g,0,g,95,g
389,harveys,sweet n sour sauce,0.5,g,0,mg,190,g,17,g,0,g,0,g,0,g,0,g,16,g
390,harveys,tartar sauce,3.5,g,5,mg,170,g,2,g,0,g,0.5,g,0,g,0,g,1,g
391,harveys,tea,0,g,0,mg,0,g,1,g,0,g,0,g,0,g,0,g,0,g
392,harveys,tomato,0,g,0,mg,0,g,1,g,0,g,0,g,0,g,0,g,0,g
393,harveys,tzatziki sauce,2.5,g,0,mg,40,g,2,g,1,g,0,g,0,g,0,g,1,g
394,harveys,vanilla milkshake large,20,g,75,mg,470,g,120,g,20,g,10,g,0.5,g,0,g,100,g
395,harveys,vanilla milkshake regular,16,g,60,mg,380,g,96,g,16,g,8,g,0,g,0,g,80,g
396,harveys,veggie burger with bun,10,g,0,mg,700,g,40,g,24,g,1.5,g,0,g,6,g,3,g
397,heavenly ham,croissant,12,g,30,mg,250,g,27,g,5,g,7,g,0,g,1,g,5,g
398,heavenly ham,focaccia bread,4,g,0,mg,480,g,40,g,7,g,1,g,0,g,2,g,2,g
399,heavenly ham,onion roll,5,g,5,mg,400,g,39,g,8,g,1,g,0,g,1,g,4,g
400,heavenly ham,french batard,0.5,g,0,mg,470,g,46,g,7,g,0,g,0,g,1,g,1,g
401,heavenly ham,sliced wheat bread,5,g,0,mg,0,g,54,g,12,g,0,g,0,g,4,g,8,g
402,heavenly ham,multigrain batard,3.5,g,0,mg,460,g,46,g,10,g,0,g,0,g,5,g,5,g
403,heavenly ham,swiss cheese slices,8,g,25,mg,55,g,2,g,8,g,5,g,0,g,0,g,0,g
404,heavenly ham,that mustard,0,g,0,mg,210,g,30,g,0,g,0,g,0,g,0,g,30,g
405,heavenly ham,cheddar cheese slices,9,g,30,mg,180,g,0,g,7,g,6,g,0,g,0,g,0,g
406,heavenly ham,havarti cheese,10,g,25,mg,150,g,0,g,5,g,7,g,0,g,0,g,0,g
407,heavenly ham,sweet cafe spread,10,g,5,mg,240,g,4,g,0,g,1.5,g,0,g,0,g,4,g
408,heavenly ham,mayonnaise,24,g,20,mg,170,g,0,g,0,g,3,g,0,g,0,g,0,g
409,heavenly ham,spicy brown mustard,0,g,0,mg,280,g,0,g,0,g,0,g,0,g,0,g,0,g
410,heavenly ham,spinach dip,14,g,10,mg,110,g,2,g,1,g,3.5,g,0,g,0,g,0,g
411,heavenly ham,peanut butter cookie,18,g,35,mg,170,g,29,g,7,g,8,g,0,g,2,g,19,g
412,heavenly ham,chocolate chip cookie,12,g,35,mg,95,g,40,g,3,g,8,g,0,g,1,g,25,g
413,heavenly ham,health bar crunch cookie,14,g,40,mg,160,g,37,g,2,g,9,g,0,g,1,g,24,g
414,heavenly ham,white chocolate macadamia nut cookie,15,g,40,mg,120,g,35,g,3,g,8,g,0,g,1,g,21,g
415,heavenly ham,oatmeal raisin nut cookie,12,g,30,mg,100,g,35,g,3,g,6,g,0,g,2,g,20,g
416,heavenly ham,fudge brownie,23,g,0,mg,210,g,50,g,5,g,5,g,0,g,2,g,30,g
417,heavenly ham,glazed bone in ham,11,g,47,mg,860,g,4,g,17,g,4,g,0,g,0,g,0,g
418,heavenly ham,whole smoked turkey,8,g,56,mg,566,g,1,g,18,g,0,g,0,g,0,g,0,g
419,heavenly ham,lean and no glaze boneless ham,1,g,42,mg,855,g,4,g,17,g,0.5,g,0,g,0,g,0,g
420,heavenly ham,glazed boneless ham,4,g,42,mg,860,g,4,g,17,g,1,g,0,g,0,g,0,g
421,heavenly ham,whole roasted turkey,10,g,60,mg,280,g,0,g,17,g,0,g,0,g,0,g,0,g
422,heavenly ham,boneless roasted turkey breast,0,g,30,mg,540,g,3,g,12,g,0,g,0,g,0,g,0,g
423,heavenly ham,glazed boneless smoked turkey breast,0,g,30,mg,540,g,3,g,12,g,0,g,0,g,0,g,0,g
424,heavenly ham,bbq heaven special,19,g,80,mg,1100,g,55,g,27,g,6,g,0,g,1,g,15,g
425,heavenly ham,pot roast n cheddar special,27.5,g,100,mg,1400,g,53,g,41,g,14,g,0,g,3,g,2,g
426,heavenly ham,cranberry turkey temptation special,29,g,107,mg,1052,g,46.5,g,24.5,g,18.5,g,0,g,1,g,20,g
427,heavenly ham,tomato and cucumber salad,4.5,g,0,mg,550,g,5,g,1,g,0.5,g,0,g,1,g,3,g
428,heavenly ham,chicken salad,17,g,35,mg,795,g,14,g,14,g,2.5,g,0,g,3,g,5,g
429,heavenly ham,ham salad,7,g,45,mg,1075,g,36,g,18,g,1,g,0,g,3,g,28,g
430,heavenly ham,heavenly chef salad,5.5,g,50,mg,850,g,12,g,20,g,3.5,g,0,g,3,g,2,g
431,heavenly ham,turkey salad,25,g,35,mg,805,g,15,g,12,g,3,g,0,g,3,g,2,g
432,heavenly ham,tuna salad,29,g,40,mg,555,g,7,g,18,g,4,g,0,g,3,g,2,g
433,heavenly ham,garden delight salad,0,g,0,mg,35,g,8,g,2,g,0,g,0,g,3,g,2,g
434,heavenly ham,taste of italy salad,20,g,70,mg,1155,g,14,g,21,g,10,g,0,g,3,g,4,g
435,heavenly ham,heavenlys famous ham salad classic sandwich,12,g,45,mg,1040,g,86,g,28,g,1,g,0,g,4,g,35,g
436,heavenly ham,paradise club signature sandwich,52.5,g,120,mg,1780,g,65,g,28,g,19,g,0,g,1,g,36,g
437,heavenly ham,heavenly original classic sandwich,47,g,120,mg,1690,g,63,g,28,g,17,g,0,g,1,g,36,g
438,heavenly ham,veggie heaven classic sandwich,40,g,70,mg,925,g,49,g,23,g,16.5,g,0,g,3,g,5,g
439,heavenly ham,swiss philly classic sandwich,45.5,g,115,mg,1425,g,49,g,36,g,13.5,g,0,g,3,g,6,g
440,heavenly ham,dill ectable tuna classic sandwich,53,g,55,mg,730,g,59,g,29,g,8.5,g,0,g,4,g,10,g
441,heavenly ham,zesty roast beef signature sandwich,30.5,g,95,mg,1575,g,54,g,35,g,12,g,0,g,3,g,8,g
442,heavenly ham,perfect turkey salad classic sandwich,36.5,g,60,mg,1285,g,59,g,28,g,8,g,0,g,5,g,6,g
443,heavenly ham,turkey ranch wrangler signature sandwich,38.5,g,80,mg,1910,g,59,g,31,g,11.5,g,0,g,2,g,6,g
444,heavenly ham,divine chicken salad classic sandwich,63,g,110,mg,1330,g,35,g,22,g,19.5,g,0,g,1,g,8,g
445,heavenly ham,smokehouse signature sandwich,47,g,100,mg,2170,g,54,g,36,g,12.5,g,0,g,2,g,10,g
446,heavenly ham,turkey bistro signature sandwich,49,g,85,mg,1285,g,51,g,28,g,11,g,0,g,3,g,5,g
447,heavenly ham,roasted turkey sensation classic sandwich,28.5,g,95,mg,1730,g,54,g,34,g,10.5,g,0,g,1,g,2,g
448,heavenly ham,turkey classic classic sandwich,35.5,g,75,mg,1475,g,86,g,31,g,8,g,0,g,6,g,37,g
449,heavenly ham,classic roast beef classic sandwich,36,g,105,mg,1880,g,50,g,33,g,10,g,0,g,1,g,2,g
450,heavenly ham,ranch sauce,23,g,10,mg,420,g,2,g,1,g,3.5,g,0,g,0,g,2,g
451,heavenly ham,dili sauce,19,g,15,mg,210,g,1,g,1,g,4.5,g,0,g,0,g,0,g
452,heavenly ham,bistro sauce,13,g,10,mg,0,g,1,g,0,g,2,g,0,g,0,g,1,g
453,heavenly ham,bbq sauce,26,g,10,mg,420,g,4,g,0,g,3.5,g,0,g,0,g,4,g
454,heavenly ham,horseradish sauce,6,g,10,mg,20,g,1,g,1,g,3.5,g,0,g,0,g,0,g
455,heavenly ham,heavenly seven bean soup,2,g,5,mg,1500,g,24,g,9,g,0,g,0,g,5,g,6,g
456,hissho sushi,spicy mayo,4.5,g,5,mg,40,g,0,g,0,g,1,g,0,g,0,g,0,g
457,hissho sushi,ginger,0,g,0,mg,0,g,3,g,0,g,0,g,0,g,1,g,0,g
458,hissho sushi,wasabi mayo,2,g,5,mg,20,g,2,g,0,g,0.5,g,0,g,0,g,1,g
459,hissho sushi,wasabi pea,1.5,g,0,mg,30,g,6,g,1,g,0.5,g,0,g,0,g,1,g
460,hissho sushi,pork gyoza,14,g,15,mg,1030,g,31,g,12,g,5,g,0,g,2,g,2,g
461,hissho sushi,spring roll,5,g,100,mg,700,g,54,g,10,g,0.5,g,0,g,6,g,0,g
462,hissho sushi,baby octopus salad,2.5,g,0,mg,1000,g,20,g,19,g,0,g,0,g,1,g,13,g
463,hissho sushi,chicken gyoza,2.5,g,0,mg,1000,g,20,g,19,g,0,g,0,g,1,g,13,g
464,hissho sushi,squid salad,3,g,120,mg,1090,g,20,g,12,g,0,g,0,g,4,g,16,g
465,hissho sushi,tuna poke,31,g,60,mg,920,g,18,g,26,g,6,g,0,g,5,g,8,g
466,hissho sushi,veggie gyoza,10,g,0,mg,990,g,37,g,13,g,2.5,g,0,g,3,g,2,g
467,hissho sushi,edamame pack,11,g,0,mg,15,g,21,g,24,g,0,g,0,g,22,g,16,g
468,hissho sushi,seawood salad,0,g,0,mg,930,g,16,g,1,g,1.5,g,0,g,11,g,5,g
469,hissho sushi,fried onions,4.5,g,0,mg,40,g,4,g,0,g,1.5,g,0,g,0,g,1,g
470,hissho sushi,salmon slices,2,g,10,mg,15,g,0,g,5,g,0,g,0.5,g,0,g,0,g
471,hissho sushi,tuna slice,0,g,10,mg,10,g,0,g,6,g,0,g,0,g,0,g,0,g
472,hissho sushi,shrimp,0,g,50,mg,55,g,0,g,5,g,0,g,0,g,0,g,0,g
473,hissho sushi,eel slicei,1,g,5,mg,15,g,0,g,1,g,0,g,0,g,0,g,0,g
474,hissho sushi,tempura,4,g,0,mg,60,g,5,g,1,g,0,g,0,g,1,g,5,g
475,hissho sushi,yellowtail slice,4.5,g,20,mg,10,g,0,g,5,g,1,g,0,g,0,g,0,g
476,hissho sushi,tonkotsu ramen pork belly,48,g,155,mg,5600,g,134,g,40,g,15,g,0,g,4,g,21,g
477,hissho sushi,spicy ramen pork belly,48,g,155,mg,5810,g,137,g,41,g,15,g,0,g,4,g,21,g
478,hissho sushi,tonkotsu ramen chicken,18,g,170,mg,5460,g,132,g,56,g,4.5,g,0,g,4,g,19,g
479,hissho sushi,teriyaki chicken rice bowl,7,g,65,mg,4140,g,114,g,33,g,1,g,0,g,3,g,53,g
480,hissho sushi,spicy ramen chicken,18,g,170,mg,5670,g,136,g,56,g,4.5,g,0,g,4,g,19,g
481,hissho sushi,vegetable lo mein,6,g,20,mg,6780,g,52,g,21,g,0.5,g,0,g,3,g,4,g
482,hissho sushi,vegetable fried rice,7,g,0,mg,530,g,49,g,6,g,1,g,0,g,3,g,3,g
483,hissho sushi,sriracha orange chicken rice bowl,15,g,35,mg,3700,g,135,g,18,g,2.5,g,0,g,5,g,63,g
484,hissho sushi,szechuan beef rice bowl,11,g,30,mg,4040,g,117,g,20,g,2,g,0,g,4,g,53,g
485,hissho sushi,sesame asian greens,3,g,0,mg,600,g,5,g,3,g,0,g,0,g,2,g,1,g
486,hissho sushi,soy sauce,0,g,0,mg,340,g,0,g,1,g,0,g,0,g,0,g,0,g
487,hissho sushi,gluten free soy sauce,0,g,0,mg,544,g,8,g,9,g,0,g,0,g,1,g,2,g
488,hissho sushi,japanes bbq sauce,0,g,0,mg,115,g,3,g,0,g,0,g,0,g,0,g,3,g
489,hissho sushi,crunchy roll sushi,21,g,105,mg,1480,g,61,g,17,g,3,g,0,g,3,g,16,g
490,hissho sushi,crispy crab roll sushi,20,g,10,mg,1250,g,56,g,10,g,4,g,0,g,3,g,13,g
491,hissho sushi,boston roll sushi,10,g,85,mg,970,g,66,g,11,g,1.5,g,0,g,5,g,10,g
492,hissho sushi,sunset roll sushi,18,g,25,mg,1160,g,51,g,19,g,3.5,g,0.5,g,3,g,10,g
493,hissho sushi,tempura shrimp roll sushi,13,g,30,mg,850,g,55,g,11,g,5,g,0,g,3,g,7,g
494,hissho sushi,philadelphia crab roll sushi,22,g,150,mg,1210,g,68,g,14,g,10,g,0,g,5,g,11,g
495,hissho sushi,veggie roll sushi,89.7,g,0,mg,5479,g,627.6,g,79.7,g,10,g,0,g,59.8,g,109.6,g
496,hissho sushi,sushicado salmon roll sushi,16,g,40,mg,580,g,59,g,26,g,2.5,g,2,g,5,g,9,g
497,hissho sushi,dynamite spicy shrimp roll sushi,15,g,150,mg,1250,g,63,g,17,g,2,g,0,g,4,g,9,g
498,hissho sushi,blazing california roll,17,g,5,mg,1410,g,68,g,13,g,2.5,g,0,g,4,g,10,g
499,hissho sushi,salmon lover sushi,26,g,70,mg,690,g,44,g,27,g,7,g,2,g,3,g,9,g
500,hissho sushi,eel roll sushi,6,g,20,mg,690,g,59,g,10,g,1,g,0,g,3,g,13,g
501,hissho sushi,tokyo fantasy salmon roll sushi,15,g,40,mg,670,g,56,g,22,g,3,g,1.5,g,2,g,10,g
502,hissho sushi,dynamite spicy tuna roll sushi,13,g,105,mg,1020,g,63,g,22,g,2,g,0,g,4,g,10,g
503,hissho sushi,wasabi crunch sushi,9,g,80,mg,1080,g,47,g,14,g,1.5,g,0,g,3,g,8,g
504,hissho sushi,tokyo fantasy tuna roll sushi,10,g,35,mg,650,g,56,g,24,g,2,g,0,g,2,g,10,g
505,hissho sushi,living color salmon and shrimp roll sushi,11,g,90,mg,870,g,46,g,19,g,1.5,g,1,g,4,g,8,g
506,hissho sushi,tnt shrimp sushi,14,g,180,mg,1150,g,48,g,21,g,2,g,0,g,3,g,8,g
507,hissho sushi,dynamite salmon roll sushi,17,g,110,mg,1040,g,64,g,21,g,3,g,1,g,4,g,10,g
508,hissho sushi,southern charm spicy salmon roll sushi,22,g,30,mg,760,g,49,g,16,g,4.5,g,1,g,3,g,12,g
509,hissho sushi,veggie and brown rice roll sushi,11,g,0,mg,490,g,56,g,7,g,15,g,0,g,6,g,11,g
510,hissho sushi,southern charm spicy shrimp roll sushi,20,g,70,mg,1240,g,46,g,11,g,4,g,0,g,3,g,11,g
511,hissho sushi,tokyo fantasy yellowtail roll sushi,23,g,60,mg,660,g,56,g,21,g,4.5,g,0,g,2,g,10,g
512,hissho sushi,dynamite spicy yellowtail roll sushi,22,g,125,mg,1030,g,63,g,20,g,3.5,g,0,g,4,g,10,g
513,hissho sushi,sushicado tuna and brown rice roll sushi,12,g,40,mg,500,g,50,g,28,g,2,g,0,g,5,g,8,g
514,hissho sushi,tokyo fantasy yellowtail and brown rice roll sushi,25,g,60,mg,600,g,48,g,21,g,5,g,0,g,2,g,10,g
515,hissho sushi,outer banks roll sushi,17,g,50,mg,700,g,57,g,25,g,3,g,0.5,g,4,g,10,g
516,hissho sushi,maui bento with eel roll and shrimp nigiri,6,g,160,mg,1010,g,54,g,24,g,1,g,0,g,6,g,12,g
517,hissho sushi,rising sun spicy salmon roll sushi,17,g,40,mg,890,g,56,g,15,g,6,g,0.5,g,3,g,8,g
518,hissho sushi,maui bento with philadelphial roll and yellowtail nigiri,31,g,120,mg,1660,g,54,g,35,g,10,g,0,g,5,g,10,g
519,hissho sushi,sriracha party roll sushi,12,g,80,mg,1040,g,53,g,20,g,2.5,g,0,g,3,g,11,g
520,hissho sushi,rising sun spicy shrimp roll sushi,16,g,60,mg,980,g,56,g,14,g,5,g,0,g,3,g,8,g
521,hissho sushi,california brown rice roll sushi,12,g,85,mg,880,g,57,g,10,g,1.5,g,0,g,5,g,10,g
522,hissho sushi,rising sun spicy yellowtail roll sushi,19,g,50,mg,880,g,56,g,15,g,6,g,0,g,3,g,8,g
523,hissho sushi,tokyo fantasy cooked shrimp roll sushi,13,g,100,mg,990,g,56,g,17,g,2,g,0,g,2,g,9,g
524,hissho sushi,tokyo fantasy tuna and brown rice roll sushi,12,g,35,mg,590,g,48,g,24,g,2.5,g,0,g,2,g,10,g
525,hissho sushi,living color tuna and eel roll sushi,8,g,70,mg,770,g,47,g,15,g,1,g,0,g,4,g,8,g
526,hissho sushi,special cooked combo with crunsh shrimp tempura shrimp and wasabi crunch,19,g,90,mg,1290,g,72,g,18,g,4.5,g,0,g,4,g,14,g
527,hissho sushi,special cooked combo with crunsh shrimp tempura shrimp and crispy crab,25,g,55,mg,1360,g,74,g,16,g,5,g,0,g,4,g,15,g
528,hissho sushi,tnt yellowtail sushi,25,g,120,mg,860,g,48,g,23,g,4.5,g,0,g,3,g,9,g
529,hissho sushi,living color yellowtail tuna eel and shrimp roll sushi,9,g,100,mg,800,g,47,g,17,g,1,g,0,g,4,g,8,g
530,hissho sushi,tnt salmon sushi,18,g,95,mg,870,g,49,g,11,g,3,g,1.5,g,3,g,9,g
531,hissho sushi,living color salmon and eel roll sushi,10,g,75,mg,770,g,47,g,14,g,1.5,g,0.5,g,4,g,9,g
532,hissho sushi,nagano special with salmon fish sauce,17,g,95,mg,540,g,30,g,45,g,3.5,g,4,g,2,g,7,g
533,hissho sushi,sushicado shrimp and brown rice roll sushi,11,g,175,mg,660,g,50,g,26,g,1.5,g,0,g,5,g,8,g
534,hissho sushi,nagano twilight salmon,13,g,70,mg,490,g,25,g,35,g,2.5,g,3,g,2,g,7,g
535,hissho sushi,southern charm spicy real crab roll sushi,20,g,65,mg,1190,g,46,g,16,g,4,g,0,g,3,g,11,g
536,hissho sushi,living color yellowtail and shrimp roll sushi,11,g,100,mg,780,g,46,g,16,g,1.5,g,0,g,4,g,8,g
537,hissho sushi,living color yellowtail salmon eel and shrimp roll sushi,12,g,90,mg,780,g,47,g,16,g,2,g,0,g,4,g,8,g
538,hissho sushi,living color tuna eel and shrimp roll sushi,8,g,100,mg,790,g,47,g,16,g,1,g,0,g,4,g,8,g
539,hissho sushi,living color salmon eel and shrimp roll sushi,10,g,80,mg,780,g,47,g,15,g,1.5,g,0.5,g,4,g,9,g
540,hissho sushi,sushicado salmon and brown rice roll sushi,18,g,40,mg,520,g,51,g,25,g,3,g,2,g,5,g,9,g
541,hissho sushi,tnt tuna sushi,12,g,90,mg,860,g,48,g,27,g,2,g,0,g,3,g,9,g
542,hissho sushi,nagano twilight tuna,1.5,g,60,mg,460,g,24,g,41,g,0,g,0,g,2,g,6,g
543,hissho sushi,nagano special with tuna fish sauce,2,g,80,mg,510,g,29,g,53,g,0,g,0,g,2,g,6,g
544,hissho sushi,hissho spicy combo with shrimp,23,g,165,mg,1540,g,69,g,25,g,4,g,0,g,4,g,13,g
545,hissho sushi,living color yellowtail eel and shrimp roll sushi,12,g,90,mg,780,g,47,g,15,g,2,g,0,g,4,g,8,g
546,hissho sushi,nagano eel special,10,g,50,mg,540,g,30,g,10,g,2,g,0,g,4,g,9,g
547,hissho sushi,nagano special with shrimp slice,2,g,390,mg,870,g,29,g,46,g,0,g,0,g,2,g,6,g
548,hissho sushi,southern charm spicy tuna roll sushi,18,g,30,mg,1020,g,46,g,16,g,4,g,0,g,3,g,11,g
549,hissho sushi,living color tuna and shrimp roll sushi,7,g,80,mg,770,g,46,g,20,g,1,g,0,g,4,g,8,g
550,hissho sushi,living color salmon tuna and shrimp roll sushi,9,g,85,mg,780,g,47,g,20,g,1,g,0.5,g,4,g,8,g
551,hissho sushi,nagano twilight yellowtail,28,g,115,mg,460,g,24,g,33,g,5,g,0,g,2,g,6,g
552,hissho sushi,southern charm spicy yellowtail roll sushi,26,g,45,mg,1020,g,46,g,14,g,6,g,0,g,3,g,11,g
553,hissho sushi,living color yellowtail and eel roll sushi,12,g,80,mg,770,g,47,g,14,g,2,g,0,g,4,g,8,g
554,hissho sushi,nagano twilight shrimp,2,g,290,mg,730,g,24,g,35,g,0,g,0,g,2,g,6,g
555,hissho sushi,rising sun spicy tuna roll sushi,16,g,40,mg,880,g,56,g,16,g,5,g,0,g,3,g,8,g
556,hissho sushi,tokyo fantasy salmon and brown rice roll sushi,18,g,40,mg,610,g,49,g,22,g,3.5,g,1.5,g,2,g,10,g
557,hissho sushi,tokyo fantasy cooked shrimp and brown rice roll sushi,15,g,100,mg,930,g,48,g,16,g,2.5,g,0,g,2,g,10,g
558,hissho sushi,sushicado shrimp roll sushi,9,g,175,mg,720,g,58,g,26,g,1,g,0,g,5,g,8,g
559,hissho sushi,bagel roll,26,g,110,mg,1860,g,57,g,31,g,11,g,0,g,3,g,5,g
560,hissho sushi,blazing california roll,16,g,10,mg,1060,g,66,g,11,g,2.5,g,0,g,4,g,8,g
561,hissho sushi,blazing california roll spicy cooked,16,g,10,mg,1100,g,66,g,12,g,2.5,g,0,g,5,g,9,g
562,hissho sushi,boston roll capelin roe,7,g,20,mg,1040,g,61,g,10,g,1,g,0,g,4,g,8,g
563,hissho sushi,california roll,9,g,5,mg,750,g,51,g,9,g,1.5,g,0,g,4,g,6,g
564,hissho sushi,caterpillar roll,11,g,0,mg,840,g,48,g,8,g,1.5,g,0,g,6,g,8,g
565,hissho sushi,chef special,9,g,70,mg,1040,g,60,g,28,g,0.8,g,0,g,3,g,7,g
566,hissho sushi,chef special hissho sushi,8,g,68,mg,580,g,29,g,36,g,0.8,g,0,g,1,g,3,g
567,hissho sushi,chef special sushi,22,g,35,mg,1080,g,51,g,0,g,9,g,0,g,3,g,0,g
568,hissho sushi,chef special cooked,4,g,0,mg,690,g,36,g,5,g,0.5,g,0,g,3,g,5,g
569,hissho sushi,chicken gyoza,4,g,40,mg,340,g,40,g,15,g,0,g,0,g,0,g,2,g
570,hissho sushi,classic favorites combo box,14,g,50,mg,990,g,68,g,24,g,3,g,0,g,2,g,9,g
571,hissho sushi,classic hawaiian poke,5,g,55,mg,900,g,66,g,29,g,0,g,0,g,5,g,10,g
572,hissho sushi,crab salad roll,13,g,15,mg,1040,g,66,g,12,g,2,g,0,g,4,g,7,g
573,hissho sushi,crispy crab roll,19,g,10,mg,1080,g,53,g,9,g,4,g,0,g,3,g,11,g
574,hissho sushi,crunchy shrimp roll,16,g,70,mg,1080,g,44,g,12,g,2,g,0,g,2,g,11,g
575,hissho sushi,dazzling dragon roll raw spicy,22,g,45,mg,1010,g,51,g,29,g,3,g,0,g,4,g,11,g
576,hissho sushi,dynamite roll,15,g,45,mg,940,g,60,g,29,g,3,g,0,g,3,g,7,g
577,hissho sushi,earth fare california roll,0,g,0,mg,670,g,42,g,6,g,0,g,0,g,1,g,9,g
578,hissho sushi,edamame soybeans,4,g,0,mg,5,g,8,g,9,g,1,g,0,g,4,g,6,g
579,hissho sushi,gyoza vegetable,8,g,0,mg,340,g,37,g,9,g,3,g,0,g,0,g,3,g
580,hissho sushi,hissh chef special,9,g,69,mg,1110,g,66,g,15,g,1.5,g,0,g,3,g,9,g
581,hissho sushi,hissho chef special,15,g,145,mg,1260,g,59,g,39,g,2.5,g,0,g,1,g,7,g
582,hissho sushi,hissho special combo crab,15,g,60,mg,980,g,85,g,37,g,2.5,g,0,g,3,g,10,g
583,hissho sushi,hissho spicy combo,26,g,55,mg,1140,g,68,g,31,g,6,g,0,g,3,g,12,g
584,hissho sushi,japanese bbq sauce,0,g,0,mg,350,g,9,g,1,g,0,g,0,g,0,g,8,g
585,hissho sushi,kobe meri,9,g,35,mg,1410,g,88,g,27,g,1,g,0,g,5,g,12,g
586,hissho sushi,krispy krab roll,19,g,10,mg,1080,g,53,g,9,g,4,g,0,g,3,g,11,g
587,hissho sushi,mango salmon poke bowl,12,g,55,mg,750,g,64,g,26,g,2.5,g,0,g,3,g,15,g
588,hissho sushi,mango tango,8,g,60,mg,770,g,45,g,13,g,1,g,0,g,3,g,8,g
589,hissho sushi,maui bento,9,g,68,mg,1350,g,73,g,42,g,0.5,g,0,g,4,g,12,g
590,hissho sushi,miso soup,0.5,g,0,mg,930,g,3,g,1,g,0,g,0,g,0,g,1,g
591,hissho sushi,nagano special,14,g,90,mg,750,g,86,g,47,g,0,g,0,g,1,g,13,g
592,hissho sushi,nippon favorite salmon tuna,3,g,20,mg,670,g,56,g,19,g,0,g,0,g,1,g,5,g
593,hissho sushi,ocean spring roll,9,g,35,mg,420,g,57,g,21,g,1.5,g,0,g,7,g,14,g
594,hissho sushi,oceans delight roll,17,g,60,mg,610,g,27,g,34,g,3,g,0,g,6,g,3,g
595,hissho sushi,outer banks roll tuna and salmon,15,g,40,mg,800,g,56,g,25,g,2.5,g,0,g,3,g,5,g
596,hissho sushi,philadelphia roll imitation krab,13,g,30,mg,800,g,45,g,9,g,6,g,0,g,3,g,6,g
597,hissho sushi,salmon lover poke bowl,15,g,55,mg,720,g,70,g,30,g,3,g,0,g,3,g,21,g
598,hissho sushi,southern charm roll spicy real crab,20,g,40,mg,940,g,46,g,9,g,4.5,g,0,g,2,g,8,g
599,hissho sushi,spicy inari,15,g,90,mg,1210,g,47,g,17,g,2,g,0,g,0,g,15,g
600,hissho sushi,spicy roll,2.5,g,0,mg,280,g,59,g,5,g,0,g,0,g,2,g,5,g
601,hissho sushi,spicy roll shrimp,9,g,35,mg,750,g,53,g,23,g,2,g,0,g,1,g,5,g
602,hissho sushi,spicy tuna,19,g,30,mg,880,g,49,g,16,g,4,g,0,g,3,g,9,g
603,hissho sushi,spring roll cooked,9,g,60,mg,760,g,64,g,13,g,1,g,0,g,7,g,16,g
604,hissho sushi,squid salad,4,g,205,mg,930,g,17,g,20,g,0,g,0,g,1,g,16,g
605,hissho sushi,sriracha party roll,12,g,35,mg,1010,g,51,g,19,g,3,g,0,g,2,g,11,g
606,hissho sushi,sunset roll,18,g,4.5,mg,1070,g,46,g,19,g,3.5,g,0,g,3,g,7,g
607,hissho sushi,sushi dynamite roll,9,g,65,mg,880,g,43,g,13,g,1.5,g,0,g,3,g,4,g
608,hissho sushi,sushi living color roll,7,g,55,mg,300,g,37,g,24,g,0.5,g,0,g,2,g,3,g
609,hissho sushi,tempura shrimp roll,23,g,30,mg,970,g,69,g,11,g,8,g,0,g,6,g,8,g
610,hissho sushi,tokyo fantasy w brown rice,18,g,45,mg,700,g,45,g,23,g,3,g,0,g,0,g,7,g
611,hissho sushi,tuna sushicado,7,g,40,mg,660,g,55,g,28,g,1,g,0,g,4,g,5,g
612,hissho sushi,veggie roll white rice,7,g,0,mg,690,g,60,g,7,g,1,g,0,g,5,g,8,g
613,hissho sushi,wasabi crunch,16,g,10,mg,1100,g,66,g,12,g,2.5,g,0,g,5,g,9,g
614,hogi yogi,watermelon wave smoothie,0,g,0,mg,0,g,70.6,g,0.8,g,0,g,0,g,2.5,g,0,g
615,hogi yogi,jungle mist smoothie,0,g,0,mg,0,g,72.8,g,0.6,g,0,g,0,g,3.8,g,0,g
616,hogi yogi,raspberry razzle smoothie,0,g,0,mg,0,g,56.6,g,0.5,g,0,g,0,g,2.1,g,0,g
617,hogi yogi,chocolate soft serve frozen yogurt without mix in,0,g,0,mg,0,g,45.1,g,9,g,0,g,0,g,0,g,0,g
618,hogi yogi,house salad with turkey without dressing or cheese,12,g,0,mg,0,g,18.1,g,21.8,g,1.5,g,0,g,3,g,0,g
619,hogi yogi,ham sandwich without dressing or cheese,1.8,g,0,mg,0,g,29.6,g,10.4,g,0.3,g,0,g,2.4,g,0,g
620,hogi yogi,chicken salad sandwich without dressing or cheese,29.7,g,0,mg,0,g,64.1,g,29.8,g,5.3,g,0,g,3.3,g,0,g
621,hogi yogi,philly cheese steak sandwich without dressing or cheese,16,g,0,mg,0,g,70.1,g,32.9,g,6.5,g,0,g,8.1,g,0,g
622,hogi yogi,bbq chicken sandwich without dressing or cheese,2.3,g,0,mg,0,g,52.6,g,18.6,g,0.5,g,0,g,3.5,g,0,g
623,hogi yogi,veggie sandwich without dressing or cheese,1.8,g,0,mg,0,g,43.9,g,6.2,g,0.5,g,0,g,4.2,g,0,g
624,hogi yogi,turkey sandwich without dressing or cheese,2.4,g,0,mg,0,g,43.8,g,17.4,g,0.5,g,0,g,3.6,g,0,g
625,hogi yogi,roast beef sandwich without dressing or cheese,3.3,g,0,mg,0,g,43,g,12.5,g,1.1,g,0,g,3.5,g,0,g
626,hogi yogi,stacked club sandwich without dressing or cheese,16.6,g,0,mg,0,g,95.8,g,44.3,g,4.9,g,0,g,4.3,g,0,g
627,hogi yogi,blt sandwich without dressing or cheese,18,g,0,mg,0,g,64.6,g,27.8,g,6,g,0,g,3.6,g,0,g
628,hogi yogi,homestyle turkey sandwich without dressing or cheese,8.1,g,0,mg,0,g,58.2,g,28.7,g,2.5,g,0,g,3.4,g,0,g
629,honeybaked ham and cafe,ham and cheddar croissant,27,g,100,mg,1450,g,33,g,26,g,14,g,0,g,1,g,8,g
630,honeybaked ham and cafe,cinnamon walnut coffee cake,15,g,40,mg,280,g,32,g,3,g,4.5,g,0,g,0.5,g,22,g
631,honeybaked ham and cafe,bacon and cheddar croissant,30,g,90,mg,810,g,28,g,21,g,15,g,0,g,1,g,4,g
632,honeybaked ham and cafe,bacon egg and cheddar croissant,31,g,190,mg,790,g,28,g,21,g,15,g,0,g,1,g,4,g
633,honeybaked ham and cafe,sweet glaze bacon,3.5,g,10,mg,150,g,0.5,g,3,g,1.3,g,0,g,0,g,0.5,g
634,honeybaked ham and cafe,pepper bacon,7,g,5,mg,260,g,0,g,4,g,2.5,g,0,g,0,g,0,g
635,honeybaked ham and cafe,buttermilk pancake mix,1,g,0,mg,780,g,32,g,4,g,0,g,0,g,2,g,10,g
636,honeybaked ham and cafe,maple syrup,0,g,0,mg,0,g,53,g,0,g,0,g,0,g,0,g,53,g
637,honeybaked ham and cafe,english muffin,1,g,0,mg,240,g,25,g,5,g,0,g,0,g,2,g,2,g
638,honeybaked ham and cafe,turkey gravy,2.5,g,5,mg,430,g,3,g,3,g,0.5,g,0,g,0,g,1,g
639,honeybaked ham and cafe,baked brie cheese,17,g,23,mg,86,g,10,g,6,g,8,g,0,g,1,g,1,g
640,honeybaked ham and cafe,honey mustard,0,g,0,mg,50,g,1,g,0,g,0,g,0,g,0,g,1,g
641,honeybaked ham and cafe,smoked gouda cheese,9,g,30,mg,260,g,0,g,7,g,6,g,0,g,0,g,0,g
642,honeybaked ham and cafe,three pepper mayonnaise,11,g,5,mg,85,g,0.5,g,0,g,1.5,g,0,g,0,g,0,g
643,honeybaked ham and cafe,white cheddar cheese,10,g,30,mg,220,g,0,g,6,g,6,g,0,g,0,g,0,g
644,honeybaked ham and cafe,dijon mustard,0,g,0,mg,120,g,1,g,0,g,0,g,0,g,0,g,0,g
645,honeybaked ham and cafe,cranberry chutney,0,g,0,mg,10,g,13,g,0,g,0,g,0,g,0,g,13,g
646,honeybaked ham and cafe,baby swiss cheese,10.1,g,30,mg,122,g,0,g,6.1,g,6.1,g,0,g,0,g,0,g
647,honeybaked ham and cafe,cheddar cheese,10,g,30,mg,190,g,0,g,6,g,6,g,0,g,0,g,0,g
648,honeybaked ham and cafe,colby jack cheese,9,g,30,mg,190,g,0,g,6,g,6,g,0,g,0,g,0,g
649,honeybaked ham and cafe,chocolate chunk cookie,15,g,35,mg,290,g,42,g,4,g,9,g,0,g,2,g,26,g
650,honeybaked ham and cafe,snickerdoodle cookie,11,g,55,mg,330,g,43,g,5,g,7,g,0,g,1,g,22,g
651,honeybaked ham and cafe,oatmeal raisin cookie,13,g,45,mg,350,g,42,g,5,g,7,g,0,g,2,g,25,g
652,honeybaked ham and cafe,carrot cake,21,g,40,mg,300,g,35,g,3,g,6,g,1,g,1,g,27,g
653,honeybaked ham and cafe,southern pecan pie,21,g,70,mg,280,g,66,g,6,g,5,g,1,g,1,g,31,g
654,honeybaked ham and cafe,white chocolate macadamia nut cookie,20,g,40,mg,330,g,39,g,4,g,11,g,0,g,1,g,26,g
655,honeybaked ham and cafe,brownies,21,g,65,mg,380,g,56,g,6,g,12,g,1,g,2,g,35,g
656,honeybaked ham and cafe,tuxedo mousse cake,40,g,65,mg,350,g,73,g,2,g,18,g,0,g,2,g,62,g
657,honeybaked ham and cafe,bear claws grab basket,21,g,15,mg,30,g,23,g,4,g,7,g,0,g,2,g,18,g
658,honeybaked ham and cafe,vanilla rum cake sampler,13,g,15,mg,240,g,35,g,3,g,4.5,g,0,g,0,g,26,g
659,honeybaked ham and cafe,triple chocolate cake,15,g,10,mg,250,g,44,g,3,g,4.5,g,3,g,2,g,34,g
660,honeybaked ham and cafe,rocky road cookie,16,g,40,mg,340,g,42,g,4,g,11,g,0,g,1,g,27,g
661,honeybaked ham and cafe,coconut rum cake sampler,13,g,15,mg,220,g,33,g,3,g,4.5,g,0,g,0,g,24,g
662,honeybaked ham and cafe,chocolate rum cake sampler,18,g,5,mg,300,g,32,g,4,g,3.5,g,0,g,1,g,19,g
663,honeybaked ham and cafe,key lime pie,21,g,60,mg,260,g,49,g,5,g,12,g,2,g,1,g,34,g
664,honeybaked ham and cafe,red velvet cake,38,g,75,mg,500,g,75,g,7,g,16,g,1,g,1,g,55,g
665,honeybaked ham and cafe,mini key lime pie,15,g,20,mg,240,g,65,g,1,g,6,g,2.5,g,0.5,g,51,g
666,honeybaked ham and cafe,cinnamon pecan streusel rum cake sampler,14,g,15,mg,220,g,36,g,3,g,4.5,g,0,g,1,g,27,g
667,honeybaked ham and cafe,apple walnut pie,22,g,0,mg,500,g,54,g,3,g,8,g,0,g,3,g,30,g
668,honeybaked ham and cafe,chocolate pecan fudge,6,g,5,mg,55,g,25,g,1,g,3,g,0,g,1,g,20,g
669,honeybaked ham and cafe,milk chocolate turtles,21,g,15,mg,30,g,23,g,4,g,7,g,0,g,2,g,18,g
670,honeybaked ham and cafe,chocolate turtle pound cake,32,g,155,mg,75,g,55,g,6,g,18,g,1,g,2,g,38,g
671,honeybaked ham and cafe,maple nut fudge,8,g,5,mg,55,g,24,g,1,g,5,g,0,g,0,g,22,g
672,honeybaked ham and cafe,mini strawberry lemonade pie,13,g,60,mg,216,g,45,g,6,g,6,g,0,g,0.5,g,34,g
673,honeybaked ham and cafe,nutty favorites chocolate covered almonds,13,g,10,mg,10,g,22,g,3,g,6,g,0,g,2,g,19,g
674,honeybaked ham and cafe,nutty favorites salted cashew,14,g,0,mg,91,g,9,g,5,g,3,g,0,g,0.5,g,2,g
675,honeybaked ham and cafe,old fashioned pound cake,19,g,132,mg,70,g,66,g,6,g,11,g,0.5,g,0.5,g,44,g
676,honeybaked ham and cafe,praline pound cake,30,g,145,mg,75,g,60,g,6,g,17,g,1,g,1,g,42,g
677,honeybaked ham and cafe,nutty favorites chocolate covered peanuts,14,g,5,mg,20,g,21,g,4,g,6,g,0,g,1,g,16,g
678,honeybaked ham and cafe,pralines grab basket,12,g,15,mg,20,g,25,g,2,g,3.5,g,0,g,1,g,23,g
679,honeybaked ham and cafe,pecan pie,18,g,75,mg,310,g,69,g,5,g,6,g,0,g,1,g,29,g
680,honeybaked ham and cafe,mini chocolate silk pie,28,g,20,mg,240,g,44,g,5,g,17,g,0,g,0.5,g,29,g
681,honeybaked ham and cafe,lemon cream cake,28,g,70,mg,290,g,48,g,4,g,13,g,0.5,g,1,g,33,g
682,honeybaked ham and cafe,nutty favorites red pistachios,14,g,0,mg,220,g,9,g,6,g,2,g,0,g,3,g,3,g
683,honeybaked ham and cafe,glazed pecans,10,g,0,mg,35,g,16,g,1,g,1,g,0,g,1,g,12,g
684,honeybaked ham and cafe,georgia peach pound cake,17,g,87,mg,66,g,37,g,6,g,10,g,1,g,1,g,26,g
685,honeybaked ham and cafe,nutty favorites chocolate covered pecans,14,g,5,mg,115,g,13,g,2,g,3.5,g,0,g,1,g,10,g
686,honeybaked ham and cafe,vanilla fudge,6,g,5,mg,65,g,26,g,0,g,5,g,0,g,0,g,22,g
687,honeybaked ham and cafe,chocolate fudge,4,g,5,mg,60,g,27,g,1,g,3,g,0,g,1,g,22,g
688,honeybaked ham and cafe,nutty favorites salted pecan,20,g,0,mg,47,g,7,g,3,g,2,g,0,g,2,g,1,g
689,honeybaked ham and cafe,glazed pecans grab basket,12,g,0,mg,0,g,15,g,2,g,1,g,0,g,2,g,12,g
690,honeybaked ham and cafe,nutty favorites salted peanuts,12,g,0,mg,70,g,8,g,7,g,2,g,0,g,4,g,1,g
691,honeybaked ham and cafe,glazed honeybaked ham,5,g,55,mg,1020,g,3,g,18,g,2,g,0,g,0,g,3,g
692,honeybaked ham and cafe,glazed honeybaked boneless ham,5,g,55,mg,1020,g,3,g,18,g,2,g,0,g,0,g,3,g
693,honeybaked ham and cafe,glazed honeybaked smoked or roasted turkey breast,1.7,g,35,mg,840,g,6,g,17,g,1,g,0,g,0,g,6,g
694,honeybaked ham and cafe,whole smoked turkey,5,g,50,mg,650,g,1,g,13,g,1.5,g,0,g,0,g,1,g
695,honeybaked ham and cafe,sliced beef brisket,19,g,70,mg,560,g,0,g,21,g,7,g,0.5,g,0,g,0,g
696,honeybaked ham and cafe,beef wellington,30,g,50,mg,270,g,22,g,17,g,10,g,0,g,2,g,2,g
697,honeybaked ham and cafe,ribeye steak,21,g,80,mg,55,g,0,g,19,g,9,g,0,g,0,g,0,g
698,honeybaked ham and cafe,whole roasted turkey,5,g,50,mg,800,g,1,g,13,g,1.5,g,0,g,0,g,1,g
699,honeybaked ham and cafe,filet mignon,20,g,95,mg,55,g,0,g,22,g,8,g,0,g,0,g,0,g
700,honeybaked ham and cafe,whole cajun turkey,7,g,50,mg,1090,g,3,g,19,g,2,g,0,g,0,g,0,g
701,honeybaked ham and cafe,cornish hens stuffed with wild rice,22,g,162,mg,570,g,7,g,40,g,7,g,0,g,0,g,0,g
702,honeybaked ham and cafe,whole roasted chicken,8,g,95,mg,600,g,1,g,16,g,2,g,0,g,0,g,0,g
703,honeybaked ham and cafe,country ham boneless,5,g,60,mg,1490,g,1,g,15,g,1.5,g,0,g,0,g,0,g
704,honeybaked ham and cafe,apple cranberry stuffed pork loin,8,g,35,mg,630,g,9,g,14,g,2,g,0,g,1,g,1,g
705,honeybaked ham and cafe,prime rib,11,g,60,mg,490,g,0,g,21,g,4,g,0,g,0,g,0,g
706,honeybaked ham and cafe,peppercorn beef tenderloin,20,g,135,mg,940,g,3,g,42,g,8,g,0,g,0,g,0,g
707,honeybaked ham and cafe,seasoned roast pork with mojo style sauce,9,g,40,mg,1080,g,1,g,36,g,2.5,g,0,g,0,g,0,g
708,honeybaked ham and cafe,new york strip,17,g,90,mg,60,g,0,g,23,g,7,g,0,g,0,g,0,g
709,honeybaked ham and cafe,cobb salad,32,g,265,mg,1480,g,37,g,34,g,11,g,0,g,2,g,19,g
710,honeybaked ham and cafe,veggie cobb salad,18,g,205,mg,450,g,31,g,16,g,6,g,0,g,2,g,14,g
711,honeybaked ham and cafe,chef salad,27,g,115,mg,1620,g,18,g,38,g,13,g,0,g,4,g,11,g
712,honeybaked ham and cafe,garden salad,7,g,20,mg,140,g,6,g,5,g,4.5,g,0,g,3,g,2,g
713,honeybaked ham and cafe,honeybaked turkey classic sandwich,40,g,105,mg,2150,g,89,g,38,g,15,g,0,g,2,g,25,g
714,honeybaked ham and cafe,chicken salad sandwich,38,g,100,mg,1020,g,38,g,20,g,10,g,0,g,2,g,11,g
715,honeybaked ham and cafe,tavern club sandwich,57,g,165,mg,2870,g,76,g,59,g,19,g,0,g,3,g,22,g
716,honeybaked ham and cafe,ham salad sandwich,40,g,75,mg,1910,g,72,g,31,g,8,g,0,g,3,g,16,g
717,honeybaked ham and cafe,turkey bacon ranch sandwich,35,g,110,mg,2210,g,73,g,49,g,11,g,0,g,3,g,20,g
718,honeybaked ham and cafe,roasted tomato and cheddar sandwich,38,g,35,mg,1240,g,69,g,21,g,10,g,0,g,1,g,20,g
719,honeybaked ham and cafe,bbq smoke stacker sandwich,27,g,95,mg,2420,g,63,g,40,g,11,g,0,g,2,g,23,g
720,honeybaked ham and cafe,classic ham sandwich,38,g,110,mg,1560,g,45,g,27,g,14,g,0,g,2,g,21,g
721,honeybaked ham and cafe,classic roasted turkey sandwich,23,g,80,mg,1620,g,60,g,35,g,7,g,0,g,2,g,28,g
722,honeybaked ham and cafe,classic smoked turkey sandwich,24,g,85,mg,1780,g,62,g,35,g,7,g,0,g,2,g,27,g
723,honeybaked ham and cafe,hickory honey mustard,0,g,0,mg,30,g,4,g,0,g,0,g,0,g,0,g,4,g
724,honeybaked ham and cafe,dukes dijon honey mustard dressing,11,g,15,mg,180,g,7,g,0,g,2,g,0,g,0,g,5,g
725,honeybaked ham and cafe,dukes mayonnaise,12,g,10,mg,70,g,0,g,0,g,2,g,0,g,0,g,0,g
726,honeybaked ham and cafe,tantalizing bar b q sauce,0,g,0,mg,430,g,13,g,0.5,g,0,g,0,g,0,g,12,g
727,honeybaked ham and cafe,horseradish sauce,1.5,g,5,mg,30,g,1,g,0,g,0,g,0,g,0,g,0.5,g
728,honeybaked ham and cafe,dukes buttermilk ranch sauce,11,g,10,mg,210,g,2,g,1,g,2,g,0,g,0,g,1,g
729,honeybaked ham and cafe,chef finishing sauce,0,g,0,mg,0,g,11,g,0,g,0,g,0,g,0,g,4,g
730,honeybaked ham and cafe,bbq sauce,0,g,0,mg,430,g,13,g,1,g,0,g,0,g,0,g,12,g
731,honeybaked ham and cafe,hatch chili jalapeno spread,0,g,0,mg,5,g,6,g,0,g,0,g,0,g,0,g,6,g
732,honeybaked ham and cafe,green bean casserole,5,g,15,mg,490,g,9,g,3,g,2.5,g,0,g,2,g,2,g
733,honeybaked ham and cafe,macaroni and cheese,10,g,20,mg,580,g,20,g,9,g,4.5,g,0,g,1,g,2,g
734,honeybaked ham and cafe,sweet potato souffle,14,g,20,mg,310,g,45,g,5,g,3.5,g,0,g,2,g,26,g
735,honeybaked ham and cafe,potatoes au gratin,9,g,25,mg,630,g,20,g,6,g,4.5,g,0,g,2,g,2,g
736,honeybaked ham and cafe,broccoli rice casserole,14,g,30,mg,980,g,56,g,12,g,6,g,0,g,4,g,4,g
737,honeybaked ham and cafe,yukon mashed potatoes,5,g,15,mg,560,g,19,g,3,g,3,g,0,g,2,g,3,g
738,honeybaked ham and cafe,cornbread dressing,7,g,10,mg,430,g,14,g,3,g,1,g,0,g,1,g,3,g
739,honeybaked ham and cafe,bacon wrapped chicken appetizers,2.9,g,12,mg,83,g,0.1,g,3.1,g,1.1,g,0.1,g,0,g,0,g
740,honeybaked ham and cafe,sweet potato puff,14,g,25,mg,0,g,27,g,4,g,2,g,0,g,1,g,7,g
741,honeybaked ham and cafe,spinach artichoke dip,1.8,g,5,mg,95,g,1.5,g,1,g,1,g,0,g,0,g,0.5,g
742,honeybaked ham and cafe,cinnamon apples,7,g,0,mg,150,g,42,g,0,g,1,g,0,g,2,g,30,g
743,honeybaked ham and cafe,signature ham and bean soup,2.5,g,10,mg,660,g,27,g,10,g,0.5,g,0,g,6,g,7,g
744,honeybaked ham and cafe,roasted turkey noodle soup,2,g,25,mg,1290,g,15,g,8,g,0,g,0,g,1,g,5,g
745,honeybaked ham and cafe,12 oz roasted turkey noodle soup,3,g,35,mg,1940,g,22,g,11,g,0,g,0,g,1,g,8,g
746,honeybaked ham and cafe,12 oz signature ham and bean soup,4,g,20,mg,1000,g,41,g,15,g,1,g,0,g,10,g,10,g
747,honeybaked ham and cafe,8 oz roasted turkey noodle soup,2,g,25,mg,1290,g,15,g,8,g,0,g,0,g,1,g,5,g
748,honeybaked ham and cafe,8 oz signature ham and bean soup,2.5,g,10,mg,660,g,27,g,10,g,0.5,g,0,g,6,g,7,g
749,honeybaked ham and cafe,apple cranberry stuffed pork loin,8,g,35,mg,630,g,9,g,14,g,2,g,0,g,1,g,1,g
750,honeybaked ham and cafe,baby field greens,0,g,0,mg,10,g,1,g,0,g,0,g,0,g,1,g,0,g
751,honeybaked ham and cafe,baby swiss cheese,10,g,30,mg,120,g,0,g,6,g,6,g,0,g,0,g,0,g
752,honeybaked ham and cafe,bacon,8,g,25,mg,300,g,1,g,7,g,3,g,0,g,0,g,1,g
753,honeybaked ham and cafe,bacon and cheddar croissant,30,g,90,mg,810,g,28,g,21,g,15,g,0,g,1,g,4,g
754,honeybaked ham and cafe,bacon wrapped chicken appetizers,23,g,95,mg,660,g,1,g,25,g,9,g,1,g,0,g,5,g
755,honeybaked ham and cafe,bacon egg and cheddar croissant,31,g,190,mg,790,g,28,g,21,g,15,g,0,g,1,g,4,g
756,honeybaked ham and cafe,bakers roll,3.5,g,0,mg,410,g,37,g,7,g,0.5,g,0,g,1,g,4,g
757,honeybaked ham and cafe,barbecue pork ribs,20,g,95,mg,530,g,10,g,18,g,7,g,0,g,0,g,7,g
758,honeybaked ham and cafe,bbq pork roast,6,g,60,mg,640,g,16,g,14,g,2,g,0,g,0,g,4,g
759,honeybaked ham and cafe,bbq pork sandwich,23,g,80,mg,1720,g,63,g,24,g,5,g,0,g,1,g,15,g
760,honeybaked ham and cafe,bbq sauce,0,g,0,mg,430,g,13,g,1,g,0,g,0,g,0,g,12,g
761,honeybaked ham and cafe,bbq smoked stacker,27,g,95,mg,2420,g,63,g,40,g,11,g,0,g,2,g,23,g
762,honeybaked ham and cafe,beef pot roast,6,g,95,mg,790,g,5,g,29,g,3,g,0,g,0,g,0,g
763,honeybaked ham and cafe,blueberry coffee cake,10,g,40,mg,150,g,29,g,3,g,2.5,g,0,g,1,g,19,g
764,honeybaked ham and cafe,blueberry preserves,0,g,0,mg,0,g,14,g,0,g,0,g,0,g,0,g,13,g
765,honeybaked ham and cafe,bone in ham,9,g,50,mg,1090,g,7,g,16,g,3,g,0,g,0,g,6,g
766,honeybaked ham and cafe,boneless ham,4.5,g,40,mg,1170,g,5,g,17,g,2,g,0,g,0,g,6,g
767,honeybaked ham and cafe,brown sugar garlic butter,29,g,75,mg,240,g,54,g,1,g,18,g,1,g,1,g,49,g
768,honeybaked ham and cafe,carrot cake,26,g,60,mg,190,g,44,g,3,g,8,g,0,g,1,g,33,g
769,honeybaked ham and cafe,champagne mustard,0,g,0,mg,120,g,0,g,0,g,0,g,0,g,0,g,0,g
770,honeybaked ham and cafe,cheddar,7,g,20,mg,140,g,1,g,5,g,4.5,g,0,g,0,g,0,g
771,honeybaked ham and cafe,cheddar cheese,7,g,20,mg,140,g,1,g,5,g,4.5,g,0,g,0,g,0,g
772,honeybaked ham and cafe,chef salad full,27,g,115,mg,1620,g,18,g,38,g,13,g,0,g,4,g,11,g
773,honeybaked ham and cafe,chef salad half,14,g,55,mg,810,g,10,g,19,g,7,g,0,g,2,g,6,g
774,honeybaked ham and cafe,chocolate chip chunk cookie,13,g,40,mg,100,g,37,g,2,g,8,g,0,g,1,g,22,g
775,honeybaked ham and cafe,chocolate chip cookie,12,g,35,mg,95,g,40,g,2,g,8,g,0,g,1,g,25,g
776,honeybaked ham and cafe,chocolate chunk cookie,18,g,35,mg,300,g,39,g,5,g,11,g,0,g,3,g,22,g
777,honeybaked ham and cafe,chocolate rum cake,18,g,5,mg,300,g,32,g,4,g,3.5,g,0,g,1,g,19,g
778,honeybaked ham and cafe,ciabatta,3,g,0,mg,460,g,38,g,10,g,0,g,0,g,1,g,2,g
779,honeybaked ham and cafe,cinnamon pecan streusel rum cake,14,g,15,mg,220,g,36,g,3,g,4.5,g,0,g,1,g,27,g
780,honeybaked ham and cafe,cinnamon rolls,4.5,g,10,mg,85,g,26,g,1,g,1.5,g,0,g,0,g,18,g
781,honeybaked ham and cafe,cinnamon walnut coffee cake,14,g,40,mg,150,g,29,g,4,g,3,g,0,g,1,g,18,g
782,honeybaked ham and cafe,classic cranberry chicken salad,21,g,55,mg,810,g,14,g,16,g,3.5,g,0,g,0,g,12,g
783,honeybaked ham and cafe,classic cranberry chicken salad sandwich,32,g,85,mg,1030,g,41,g,21,g,10,g,0,g,2,g,15,g
784,honeybaked ham and cafe,classic potato salad,18,g,15,mg,740,g,25,g,3,g,3,g,0,g,3,g,4,g
785,honeybaked ham and cafe,cobb salad full,32,g,265,mg,1480,g,37,g,34,g,11,g,0,g,2,g,19,g
786,honeybaked ham and cafe,cobb salad half,16,g,135,mg,740,g,19,g,17,g,5,g,0,g,1,g,10,g
787,honeybaked ham and cafe,coconut cake,18,g,25,mg,290,g,40,g,3,g,7,g,0,g,0,g,28,g
788,honeybaked ham and cafe,coconut rum cake,13,g,15,mg,220,g,33,g,3,g,4.5,g,0,g,0,g,24,g
789,honeybaked ham and cafe,cornbread croutons,1,g,0,mg,60,g,4,g,1,g,0,g,0,g,0,g,0,g
790,honeybaked ham and cafe,craisins,0,g,0,mg,0,g,33,g,0,g,0,g,0,g,0,g,29,g
791,honeybaked ham and cafe,cranberry walnut chutney,0,g,0,mg,10,g,13,g,0,g,0,g,0,g,0,g,13,g
792,honeybaked ham and cafe,crispy onions,3.5,g,0,mg,60,g,3,g,0,g,2,g,0,g,0,g,0,g
793,honeybaked ham and cafe,croissant,11,g,30,mg,220,g,25,g,5,g,6,g,0,g,1,g,2,g
794,honeybaked ham and cafe,dinner rolls,4,g,10,mg,75,g,11,g,1,g,1.5,g,0,g,0,g,3,g
795,honeybaked ham and cafe,double chocolate caramel cookie,15,g,35,mg,105,g,37,g,3,g,8,g,0,g,1,g,24,g
796,honeybaked ham and cafe,dukes buttermilk ranch,11,g,10,mg,210,g,2,g,1,g,2,g,0,g,0,g,1,g
797,honeybaked ham and cafe,dukes dijon honey mustard dressing,11,g,15,mg,180,g,7,g,0,g,2,g,0,g,0,g,5,g
798,honeybaked ham and cafe,dukes mayonnaise,12,g,10,mg,70,g,0,g,0,g,2,g,0,g,0,g,0,g
799,honeybaked ham and cafe,farm house berry preserves,0,g,0,mg,0,g,12,g,0,g,0,g,0,g,0,g,12,g
800,honeybaked ham and cafe,fudge brownie with chocolate chips,16,g,10,mg,130,g,44,g,4,g,5,g,0,g,2,g,34,g
801,honeybaked ham and cafe,garden salad full,7,g,20,mg,140,g,6,g,5,g,4.5,g,0,g,3,g,2,g
802,honeybaked ham and cafe,garden salad half,3.5,g,10,mg,70,g,3,g,3,g,2,g,0,g,2,g,1,g
803,honeybaked ham and cafe,ham and cheddar croissant,27,g,100,mg,1450,g,33,g,26,g,14,g,0,g,1,g,8,g
804,honeybaked ham and cafe,ham and cheese bites,5,g,40,mg,360,g,24,g,9,g,3,g,0,g,0,g,7,g
805,honeybaked ham and cafe,ham bacon and swiss lettuce wrap lto,37,g,110,mg,1840,g,10,g,30,g,12,g,0,g,0,g,8,g
806,honeybaked ham and cafe,ham bone mixed bean soup mix,1,g,0,mg,410,g,32,g,11,g,0,g,0,g,10,g,3,g
807,honeybaked ham and cafe,ham classic,38,g,110,mg,1570,g,45,g,27,g,14,g,0,g,2,g,21,g
808,honeybaked ham and cafe,ham salad,21,g,65,mg,1460,g,16,g,17,g,5,g,0,g,0,g,9,g
809,honeybaked ham and cafe,ham salad sandwich,40,g,75,mg,1910,g,72,g,31,g,8,g,0,g,3,g,16,g
810,honeybaked ham and cafe,ham bacon and cheddar croissant,35,g,125,mg,1750,g,34,g,33,g,17,g,0,g,1,g,9,g
811,honeybaked ham and cafe,ham bacon egg and cheddar croissant,36,g,215,mg,1340,g,32,g,29,g,17,g,0,g,1,g,7,g
812,honeybaked ham and cafe,ham egg and cheddar croissant,28,g,190,mg,1040,g,31,g,22,g,14,g,0,g,1,g,6,g
813,honeybaked ham and cafe,hard boiled egg,5,g,190,mg,55,g,1,g,6,g,1.5,g,0,g,0,g,1,g
814,honeybaked ham and cafe,hatch chili jalapeno spread,0,g,0,mg,5,g,6,g,0,g,0,g,0,g,0,g,6,g
815,honeybaked ham and cafe,heath crunch cookie,14,g,40,mg,160,g,37,g,2,g,8,g,0,g,0,g,24,g
816,honeybaked ham and cafe,hickory honey mustard,0,g,0,mg,30,g,4,g,0,g,0,g,0,g,0,g,4,g
817,honeybaked ham and cafe,hickory smoked bacon,7,g,20,mg,300,g,0,g,6,g,2.5,g,0,g,0,g,0,g
818,honeybaked ham and cafe,homestyle potato salad,12,g,10,mg,580,g,27,g,3,g,2,g,0,g,3,g,6,g
819,honeybaked ham and cafe,honey baked beans,5,g,10,mg,540,g,22,g,6,g,1.5,g,0,g,3,g,10,g
820,honeybaked ham and cafe,honey baked ham cheesy potatoes au gratin,15,g,45,mg,640,g,20,g,10,g,9,g,0,g,1,g,2,g
821,honeybaked ham and cafe,honey baked ham cinnamon apples,2,g,5,mg,210,g,18,g,0,g,1,g,0,g,1,g,15,g
822,honeybaked ham and cafe,honey baked ham country cornbread stuffing,15,g,25,mg,460,g,24,g,4,g,6,g,0,g,1,g,5,g
823,honeybaked ham and cafe,honey baked ham creamy russet mashed potatoes,27,g,90,mg,530,g,25,g,3,g,17,g,1,g,2,g,2,g
824,honeybaked ham and cafe,honey baked ham double chedder macaroni and cheese,22,g,60,mg,960,g,31,g,16,g,13,g,1,g,0,g,3,g
825,honeybaked ham and cafe,honey baked ham green bean casserole with crispy onion,10,g,20,mg,440,g,8,g,3,g,5,g,0,g,2,g,2,g
826,honeybaked ham and cafe,honey baked ham loaded smashed potatoes,20,g,60,mg,450,g,21,g,8,g,12,g,0.5,g,2,g,1,g
827,honeybaked ham and cafe,honey baked ham maple sweet potato souffle with pecans,9,g,40,mg,330,g,40,g,3,g,4.5,g,0,g,3,g,23,g
828,honeybaked ham and cafe,honey baked ham turkey gravy,1.5,g,0,mg,340,g,2,g,3,g,0,g,0,g,0,g,0,g
829,honeybaked ham and cafe,honey baked ham tuscan style broccoli,13,g,5,mg,540,g,6,g,5,g,2.5,g,0,g,3,g,1,g
830,honeybaked ham and cafe,honey mustard,0,g,0,mg,50,g,1,g,0,g,0,g,0,g,0,g,1,g
831,honeybaked ham and cafe,horseradish sauce,1.5,g,5,mg,30,g,1,g,0,g,0.5,g,0,g,0,g,1,g
832,honeybaked ham and cafe,hot fudge cheesecake,22,g,70,mg,200,g,29,g,4,g,13,g,0.5,g,1,g,23,g
833,honeybaked ham and cafe,hot fudge sundae cheesecake catalog,34,g,90,mg,450,g,58,g,8,g,21,g,1,g,2,g,46,g
834,honeybaked ham and cafe,kids sandwich roasted turkey classic test market,26,g,55,mg,1110,g,60,g,30,g,8,g,0,g,2,g,12,g
835,honeybaked ham and cafe,kids sandwich ham classic test market,31,g,55,mg,1170,g,59,g,28,g,9,g,0,g,2,g,9,g
836,honeybaked ham and cafe,kids sandwich smoked turkey classic test market,27,g,55,mg,1180,g,61,g,30,g,8,g,0,g,2,g,11,g
837,honeybaked ham and cafe,kings hawaiian original hawaiian sweet rolls,2,g,15,mg,80,g,16,g,3,g,1,g,0,g,0,g,5,g
838,honeybaked ham and cafe,lemon cream cake,27,g,65,mg,240,g,50,g,4,g,12,g,0,g,0,g,33,g
839,honeybaked ham and cafe,lettuce leaf,0,g,0,mg,0,g,0,g,0,g,0,g,0,g,0,g,0,g
840,honeybaked ham and cafe,macadamia white and chocolate chunk cookie,16,g,35,mg,105,g,36,g,3,g,8,g,0,g,1,g,21,g
841,honeybaked ham and cafe,macaroni and cheese bakes,29,g,110,mg,620,g,19,g,21,g,17,g,0,g,1,g,1,g
842,honeybaked ham and cafe,mini twist roll,2,g,0,mg,210,g,19,g,4,g,0,g,0,g,1,g,2,g
843,honeybaked ham and cafe,mustard potato salad,7,g,5,mg,810,g,24,g,3,g,1,g,0,g,3,g,4,g
844,honeybaked ham and cafe,new broccoli bacon bliss,11,g,15,mg,600,g,16,g,4,g,2,g,0,g,2,g,12,g
845,honeybaked ham and cafe,new roasted tomato cheddar,41,g,40,mg,1080,g,66,g,19,g,10,g,0,g,1,g,17,g
846,honeybaked ham and cafe,ny style cheesecake,15,g,75,mg,200,g,15,g,4,g,9,g,0,g,0,g,12,g
847,honeybaked ham and cafe,oatmeal raisin cookie,13,g,40,mg,340,g,42,g,5,g,7,g,0,g,2,g,23,g
848,honeybaked ham and cafe,oatmeal raisin nut cookie,12,g,30,mg,95,g,38,g,3,g,6,g,0,g,2,g,20,g
849,honeybaked ham and cafe,pecan pie,18,g,75,mg,310,g,69,g,5,g,6,g,0,g,1,g,29,g
850,honeybaked ham and cafe,pepper bacon,7,g,20,mg,300,g,0,g,6,g,2.5,g,0,g,0,g,0,g
851,honeybaked ham and cafe,peppercorn beef tenderloin,20,g,135,mg,940,g,3,g,42,g,8,g,0,g,0,g,0,g
852,honeybaked ham and cafe,pickle chips,0,g,0,mg,390,g,1,g,0,g,0,g,0,g,0,g,0,g
853,honeybaked ham and cafe,pickled red onion,0,g,0,mg,0,g,7,g,0,g,0,g,0,g,0,g,6,g
854,honeybaked ham and cafe,potato chips jalapeno,9,g,0,mg,190,g,17,g,2,g,1,g,0,g,1,g,1,g
855,honeybaked ham and cafe,potato chips mesquite bbq,8,g,0,mg,160,g,17,g,2,g,0.5,g,0,g,1,g,3,g
856,honeybaked ham and cafe,potato chips original,9,g,0,mg,95,g,17,g,2,g,1,g,0,g,1,g,1,g
857,honeybaked ham and cafe,potato chips sweet maui onion,8,g,0,mg,250,g,17,g,2,g,0.5,g,0,g,1,g,3,g
858,honeybaked ham and cafe,potato salad with mustard,12,g,15,mg,470,g,29,g,2,g,1.5,g,0,g,2,g,10,g
859,honeybaked ham and cafe,prime rib,11,g,60,mg,490,g,0,g,21,g,4,g,0,g,0,g,0,g
860,honeybaked ham and cafe,provolone,7,g,20,mg,240,g,1,g,7,g,4.5,g,0,g,0,g,0,g
861,honeybaked ham and cafe,pumpkin pie,13,g,30,mg,450,g,42,g,4,g,5,g,0,g,1,g,22,g
862,honeybaked ham and cafe,red onion,0,g,0,mg,0,g,2,g,0,g,0,g,0,g,0,g,1,g
863,honeybaked ham and cafe,red pepper jelly,0,g,0,mg,0,g,9,g,0,g,0,g,0,g,0,g,9,g
864,honeybaked ham and cafe,red velvet cake,17,g,20,mg,310,g,42,g,3,g,8,g,0,g,0,g,31,g
865,honeybaked ham and cafe,regular original potato salad,12,g,10,mg,570,g,28,g,3,g,2,g,0,g,3,g,7,g
866,honeybaked ham and cafe,roasted red pepper mayo,11,g,5,mg,80,g,1,g,0,g,1.5,g,0,g,0,g,1,g
867,honeybaked ham and cafe,roasted tomatoes,5,g,0,mg,130,g,3,g,2,g,0,g,0,g,0,g,0,g
868,honeybaked ham and cafe,roasted turkey bacon ranch lettuce wrap lto,21,g,100,mg,1560,g,14,g,34,g,9,g,0,g,1,g,13,g
869,honeybaked ham and cafe,roasted turkey classic,23,g,80,mg,1620,g,60,g,35,g,7,g,0,g,2,g,28,g
870,honeybaked ham and cafe,romaine lettuce,0,g,0,mg,10,g,4,g,1,g,0,g,0,g,2,g,1,g
871,honeybaked ham and cafe,rum cake sampler,18,g,5,mg,300,g,32,g,4,g,3.5,g,0,g,1,g,19,g
872,honeybaked ham and cafe,sandwich high five test market,35,g,135,mg,2750,g,77,g,54,g,14,g,0,g,1,g,26,g
873,honeybaked ham and cafe,sandwich turkey bac test market,37,g,110,mg,1960,g,73,g,49,g,12,g,0,g,2,g,24,g
874,honeybaked ham and cafe,savory mayo,10,g,5,mg,110,g,1,g,0,g,1.5,g,0,g,0,g,1,g
875,honeybaked ham and cafe,shredded cheddar cheese,9,g,25,mg,170,g,1,g,6,g,6,g,0,g,0,g,0,g
876,honeybaked ham and cafe,sliced beef brisket,19,g,70,mg,560,g,0,g,21,g,7,g,0.5,g,0,g,0,g
877,honeybaked ham and cafe,sliced multigrain,7,g,0,mg,380,g,54,g,14,g,1,g,0,g,2,g,6,g
878,honeybaked ham and cafe,smoked turkey bacon ranch lettuce wrap lto,22,g,105,mg,1720,g,17,g,34,g,9,g,0,g,1,g,12,g
879,honeybaked ham and cafe,smoked turkey classic,24,g,80,mg,1710,g,62,g,33,g,7,g,0,g,2,g,26,g
880,honeybaked ham and cafe,snickerdoodle,11,g,50,mg,330,g,43,g,5,g,7,g,0,g,1,g,22,g
881,honeybaked ham and cafe,split pea ham bone soup mix,1,g,0,mg,160,g,33,g,11,g,0,g,0,g,18,g,1,g
882,honeybaked ham and cafe,strawberry cheesecake,22,g,80,mg,230,g,26,g,4,g,12,g,1,g,1,g,18,g
883,honeybaked ham and cafe,strawberry swirl cheesecake catalog,33,g,105,mg,370,g,50,g,8,g,18,g,1.5,g,1,g,39,g
884,honeybaked ham and cafe,sugar cookie,12,g,50,mg,115,g,38,g,2,g,8,g,0,g,0,g,20,g
885,honeybaked ham and cafe,sweet glaze bacon catalog,7,g,20,mg,300,g,1,g,6,g,2.5,g,0,g,0,g,1,g
886,honeybaked ham and cafe,sweet hbh glaze,0,g,0,mg,15,g,16,g,0,g,0,g,0,g,0,g,6,g
887,honeybaked ham and cafe,sweet potato crunch,19,g,25,mg,410,g,47,g,4,g,9,g,0,g,2,g,24,g
888,honeybaked ham and cafe,sweet potato puff,14,g,25,mg,0,g,27,g,4,g,2,g,0,g,1,g,7,g
889,honeybaked ham and cafe,swiss,7,g,20,mg,40,g,0,g,6,g,4,g,0,g,0,g,0,g
890,honeybaked ham and cafe,take and bake slider tray ham,10,g,45,mg,560,g,22,g,12,g,5,g,0,g,0,g,10,g
891,honeybaked ham and cafe,take and bake slider tray roasted turkey,7,g,45,mg,520,g,23,g,13,g,4,g,0,g,0,g,11,g
892,honeybaked ham and cafe,take and bake slider tray smoked turkey,8,g,45,mg,570,g,23,g,13,g,4.5,g,0,g,0,g,11,g
893,honeybaked ham and cafe,tavern club,57,g,165,mg,2870,g,76,g,59,g,19,g,0,g,3,g,22,g
894,honeybaked ham and cafe,the honeybaked,41,g,105,mg,2160,g,89,g,38,g,15,g,0,g,2,g,26,g
895,honeybaked ham and cafe,thin sliced ham and cheddar croissant,23,g,90,mg,1530,g,31,g,27,g,13,g,0,g,1,g,8,g
896,honeybaked ham and cafe,thin sliced ham egg and cheddar croissant,25,g,185,mg,1080,g,30,g,23,g,13,g,0,g,1,g,6,g
897,honeybaked ham and cafe,three pepper mayonaise,11,g,5,mg,85,g,1,g,0,g,1.5,g,0,g,0,g,1,g
898,honeybaked ham and cafe,tomato slices,0,g,0,mg,0,g,2,g,0,g,0,g,0,g,1,g,1,g
899,honeybaked ham and cafe,triple chocolate cake,17,g,35,mg,130,g,31,g,2,g,8,g,0,g,0,g,24,g
900,honeybaked ham and cafe,turkey and cheddar croissant,19,g,90,mg,1220,g,34,g,26,g,11,g,0,g,1,g,9,g
901,honeybaked ham and cafe,turkey bacon ranch,35,g,110,mg,2210,g,73,g,49,g,11,g,0,g,3,g,20,g
902,honeybaked ham and cafe,turkey breast roasted,0.5,g,45,mg,950,g,9,g,20,g,0,g,0,g,0,g,10,g
903,honeybaked ham and cafe,turkey breast smoked,1.5,g,50,mg,1100,g,11,g,20,g,0.5,g,0,g,0,g,9,g
904,honeybaked ham and cafe,turkey gravy,3,g,5,mg,240,g,3,g,5,g,1,g,0,g,0,g,0,g
905,honeybaked ham and cafe,turkey egg and cheddar croissant,24,g,185,mg,920,g,31,g,22,g,12,g,0,g,1,g,7,g
906,honeybaked ham and cafe,turtle cheesecake catalog,37,g,95,mg,380,g,56,g,8,g,21,g,1,g,2,g,44,g
907,honeybaked ham and cafe,tuxedo mousse cake,37,g,50,mg,550,g,72,g,6,g,17,g,0,g,0,g,54,g
908,honeybaked ham and cafe,vanilla cheesecake,25,g,100,mg,270,g,23,g,5,g,14,g,1,g,1,g,18,g
909,honeybaked ham and cafe,vanilla cheesecake catalog,41,g,135,mg,430,g,43,g,10,g,23,g,2,g,1,g,34,g
910,honeybaked ham and cafe,vanilla rum cake,13,g,15,mg,240,g,35,g,3,g,4.5,g,0,g,0,g,26,g
911,honeybaked ham and cafe,veggie cobb full,18,g,205,mg,450,g,31,g,16,g,6,g,0,g,2,g,14,g
912,honeybaked ham and cafe,veggie cobb half,12,g,200,mg,260,g,16,g,11,g,3.5,g,0,g,1,g,8,g
913,honeybaked ham and cafe,wheat dinner roll,1.5,g,0,mg,170,g,19,g,3,g,0,g,0,g,1,g,4,g
914,honeybaked ham and cafe,white bean ham bone soup mix,1,g,0,mg,470,g,31,g,11,g,0,g,0,g,8,g,3,g
915,honeybaked ham and cafe,white chocolate hbh spice cookie,16,g,50,mg,290,g,53,g,5,g,10,g,0,g,1,g,35,g
916,honeybaked ham and cafe,white chocolate macademia nut cookie,20,g,35,mg,320,g,38,g,4,g,9,g,0,g,1,g,25,g
917,honeybaked ham and cafe,white mountain dinner roll,1.5,g,0,mg,180,g,17,g,3,g,0,g,0,g,1,g,2,g
918,honeybaked ham and cafe,whole cajun style turkey,7,g,50,mg,1090,g,3,g,19,g,2,g,0,g,0,g,0,g
919,honeybaked ham and cafe,whole roasted turkey,5,g,50,mg,800,g,1,g,13,g,1.5,g,0,g,0,g,1,g
920,honeybaked ham and cafe,whole smoked turkey,5,g,50,mg,650,g,1,g,13,g,1.5,g,0,g,0,g,1,g
921,hooters,fried pickles,85,g,15,mg,4620,g,87,g,12,g,14,g,1,g,8,g,9,g
922,hooters,mozzarella sticks,35,g,60,mg,1560,g,50,g,26,g,14,g,0.5,g,4,g,8,g
923,hooters,ground beef sliders,67,g,170,mg,3810,g,116,g,59,g,22,g,2.5,g,6,g,20,g
924,hooters,buffalo chicken dip,67,g,140,mg,3780,g,83,g,45,g,27,g,0,g,6,g,12,g
925,hooters,chicken breast strips without sauce,24,g,80,mg,480,g,49,g,33,g,4.5,g,0,g,3,g,0,g
926,hooters,lots a tots,93,g,70,mg,3140,g,95,g,23,g,22,g,0,g,8,g,1,g
927,hooters,tex mex nachos with chili,94,g,105,mg,4460,g,108,g,30,g,27,g,1.5,g,15,g,11,g
928,hooters,chicken chips without sauce or dressing,36,g,120,mg,700,g,31,g,40,g,10,g,0,g,4,g,2,g
929,hooters,buffalo chicken sliders without sauce,37,g,115,mg,1780,g,122,g,47,g,7,g,0,g,6,g,16,g
930,hooters,queso and chips,48,g,70,mg,2020,g,78,g,23,g,17,g,0,g,6,g,10,g
931,hooters,tex mex nachos with grilled chicken,89,g,150,mg,4960,g,98,g,52,g,23,g,0.5,g,12,g,8,g
932,hooters,buffalo shrimp 24 pieces without sauce,43,g,420,mg,1630,g,49,g,58,g,8,g,0,g,4,g,4,g
933,hooters,buffalo platter without sauce,69,g,350,mg,1240,g,88,g,74,g,15,g,0,g,6,g,1,g
934,hooters,cheese quesadillas,67,g,125,mg,2040,g,64,g,37,g,29,g,1.5,g,6,g,4,g
935,hooters,fajita steak quesadillas,89,g,260,mg,3160,g,78,g,73,g,43,g,3,g,7,g,9,g
936,hooters,lemonade,0,g,0,mg,40,g,66,g,2,g,0,g,0,g,0,g,63,g
937,hooters,iced sweet tea,0,g,0,mg,0,g,38,g,0,g,0,g,0,g,0,g,38,g
938,hooters,chocolate mousse cake,53,g,125,mg,530,g,151,g,10,g,30,g,1,g,7,g,116,g
939,hooters,strawberry shooters,11,g,15,mg,55,g,25,g,2,g,7,g,0,g,0,g,20,g
940,hooters,key lime pie,25,g,230,mg,230,g,121,g,12,g,16,g,0,g,2,g,97,g
941,hooters,caramel fudge cheesecake,46,g,175,mg,500,g,112,g,13,g,25,g,1.5,g,4,g,89,g
942,hooters,brownie shooter,15,g,70,mg,95,g,27,g,3,g,7,g,0,g,1,g,19,g
943,hooters,peanut butter shooter,19,g,25,mg,190,g,36,g,5,g,11,g,0,g,1,g,31,g
944,hooters,heath bar shooter,15,g,35,mg,220,g,31,g,2,g,9,g,0,g,0,g,23,g
945,hooters,caramel latte shooter,11,g,35,mg,95,g,23,g,1,g,7,g,0,g,0,g,12,g
946,hooters,curly fries,32,g,0,mg,580,g,80,g,9,g,6,g,0,g,9,g,0,g
947,hooters,big dipper fries,13,g,0,mg,1990,g,86,g,9,g,1,g,0,g,7,g,0,g
948,hooters,big dipper chili cheese fries,42,g,55,mg,3320,g,103,g,21,g,12,g,1,g,9,g,5,g
949,hooters,boneless wings 10 piece,20,g,120,mg,350,g,22,g,47,g,4,g,0,g,2,g,0,g
950,hooters,smoked wings 6 pieces without sauce or dressing,22,g,180,mg,2080,g,8,g,31,g,6,g,0,g,1,g,6,g
951,hooters,naked wings 6 pieces without sauce or dressing,31,g,320,mg,390,g,2,g,67,g,7,g,0,g,1,g,0,g
952,hooters,original hooters style wings 20 pieces without sauce or dressing,172,g,675,mg,1870,g,149,g,148,g,38,g,1,g,8,g,0,g
953,hooters,roasted wings 6 pieces without sauce or dressing,21,g,180,mg,2100,g,6,g,30,g,6,g,0,g,0,g,6,g
954,hooters,buffalo shrimp 12 pieces without sauce,22,g,210,mg,820,g,25,g,29,g,4,g,0,g,2,g,2,g
955,hooters,steamed shrimp 1 lb as served,46,g,700,mg,1400,g,17,g,99,g,29,g,2,g,1,g,10,g
956,hooters,daytona beach style wings 6 pieces,45,g,200,mg,1400,g,65,g,41,g,11,g,0,g,4,g,15,g
957,hooters,daytona beach style wings 10 pieces without dressing,75,g,335,mg,2180,g,106,g,68,g,18,g,0,g,6,g,22,g
958,hooters,boneless wings 20 piece,41,g,240,mg,700,g,45,g,93,g,8,g,0,g,4,g,0,g
959,hooters,boneless wings 6 piece,12,g,70,mg,210,g,13,g,28,g,2.5,g,0,g,1,g,0,g
960,hooters,unreal wings 10 pieces,43,g,5,mg,1390,g,65,g,42,g,8,g,0,g,20,g,2,g
961,hooters,naked wings 10 pieces without dressing,51,g,535,mg,650,g,4,g,112,g,12,g,0,g,2,g,1,g
962,hooters,wise choice grilled blackened shrimp as served,31,g,105,mg,1610,g,46,g,24,g,5,g,0,g,11,g,6,g
963,hooters,boneless wings 15 piece,31,g,180,mg,520,g,33,g,70,g,6,g,0,g,3,g,0,g
964,hooters,bacon wrapped wings 10 piece without sauce,69,g,380,mg,2830,g,35,g,99,g,19,g,0,g,1,g,30,g
965,hooters,original hooters style wings 10 pieces without sauce or dressing,86,g,335,mg,930,g,74,g,74,g,19,g,0,g,4,g,0,g
966,hooters,original style wings 15 pieces without sauce or dressing,129,g,505,mg,1400,g,112,g,111,g,29,g,0.5,g,6,g,0,g
967,hooters,unreal wings 6 pieces without sauce or dressing,26,g,5,mg,840,g,39,g,25,g,5,g,0,g,12,g,1,g
968,hooters,smoked wings re thermed in fryer,50,g,425,mg,1970,g,5,g,94,g,13,g,0,g,0,g,4,g
969,hooters,naked wings 15 pieces without dressing,77,g,805,mg,970,g,6,g,169,g,19,g,0,g,2,g,1,g
970,hooters,smoked wings 15 pieces without sauce or dressing,55,g,445,mg,5210,g,20,g,76,g,16,g,0,g,2,g,16,g
971,hooters,daytona beach style wings 20 pieces,149,g,665,mg,3910,g,203,g,136,g,35,g,0,g,12,g,36,g
972,hooters,boneless wings 50 piece,102,g,600,mg,1740,g,111,g,233,g,20,g,0,g,10,g,0,g
973,hooters,roasted wings 15 pieces without sauce or dressing,52.5,g,450,mg,5250,g,15,g,75,g,15,g,0,g,0,g,15,g
974,hooters,smoked wings 10 pieces without sauce or dressing,36,g,300,mg,3470,g,13,g,51,g,11,g,0,g,1,g,11,g
975,hooters,daytona beach style wings 15 pieces,111,g,495,mg,2580,g,143,g,100,g,26,g,0,g,9,g,22,g
976,hooters,naked wings 20 pieces without dressing,103,g,1070,mg,1290,g,7,g,225,g,25,g,0,g,3,g,2,g
977,hooters,daytona beach style wings 50 pieces,372,g,1670,mg,7760,g,468,g,337,g,88,g,1,g,29,g,58,g
978,hooters,original hootes style wings 50 pieces without sauce or dressing,429,g,1685,mg,4670,g,372,g,369,g,95,g,2,g,20,g,0,g
979,hooters,bacon wrapped wings 6 piece without dressing,42,g,225,mg,1790,g,23,g,59,g,11,g,0,g,1,g,19,g
980,hooters,bacon wrapped wings 15 piece without dressing,104,g,565,mg,4020,g,48,g,148,g,28,g,0,g,2,g,41,g
981,hooters,smoked wings 50 pieces without sauce or dressing,182,g,1490,mg,17360,g,67,g,255,g,53,g,1,g,5,g,54,g
982,hooters,original hooters style wings 6 pieces without sauce or dressing,51,g,200,mg,560,g,45,g,44,g,11,g,0,g,2,g,0,g
983,hooters,roasted wings 20 pieces without sauce or dressing,70,g,600,mg,7000,g,20,g,100,g,20,g,0,g,0,g,20,g
984,hooters,wise choice chili as served,17,g,55,mg,1380,g,26,g,20,g,6,g,0.5,g,6,g,7,g
985,hooters,naked wings 50 pieces without dressing,257,g,2680,mg,3230,g,18,g,562,g,62,g,1,g,8,g,4,g
986,hooters,bacon wrapped wings 20 piece without dressing,138,g,755,mg,5210,g,61,g,197,g,38,g,0.5,g,2,g,52,g
987,hooters,fajita chicken quesadilla,108,g,250,mg,4650,g,76,g,65,g,45,g,3,g,8,g,9,g
988,hooters,balsamic vinaigrette,24,g,0,mg,470,g,8,g,0,g,3.5,g,0,g,0,g,4,g
989,hooters,caesar dressing,35,g,30,mg,570,g,1,g,2,g,6,g,0,g,0,g,0,g
990,hooters,balsamic vinaigrette for wise choice side salad,12,g,0,mg,240,g,4,g,0,g,2,g,0,g,0,g,2,g
991,hooters,fried buffalo chicken salad without dressing or sauce,22,g,105,mg,570,g,24,g,41,g,8,g,0,g,5,g,4,g
992,hooters,grilled buffalo chicken salad without dressing or sauce,21,g,105,mg,750,g,28,g,33,g,8,g,0,g,5,g,4,g
993,hooters,fried chicken caesar salad,77,g,125,mg,2630,g,19,g,35,g,14,g,1,g,4,g,3,g
994,hooters,chopped cobb salad without dressing,26,g,290,mg,1340,g,18,g,42,g,12,g,0.5,g,4,g,9,g
995,hooters,blackened mahi mahi salad without dressing or sauce,22,g,180,mg,1100,g,18,g,43,g,13,g,0,g,4,g,4,g
996,hooters,grilled shrimp caesar salad,63,g,195,mg,1320,g,19,g,30,g,14,g,1,g,4,g,3,g
997,hooters,fried chicken garden salad without dressing,34,g,135,mg,850,g,36,g,49,g,13,g,0.5,g,5,g,4,g
998,hooters,caesar salad,57,g,50,mg,1130,g,18,g,8,g,10,g,1,g,4,g,3,g
999,hooters,grilled shrimp garden salad without dressing,40,g,280,mg,1050,g,37,g,71,g,16,g,1,g,6,g,4,g
