,Restaurant Name,Food Name,Total Fat Amount,Total Fat Unit,Cholesterol Amount,Cholesterol Unit,Sodium Amount,Sodium Unit,Total Carbohydrate Amount,Total Carbohydrate Unit,Protein Amount,Protein Unit,Saturated Fat Amount,Saturated Fat Unit,Trans Fat Amount,Trans Fat Unit,Dietary Fiber Amount,Dietary Fiber Unit,Sugars Amount,Sugars Unit
0,happy joes,taco joe pan crust pizza 6 inch,10,g,10,mg,270,g,21,g,6,g,3,g,1,g,2,g,2,g
1,happy joes,taco joe pan crust pizza 9 inch,10,g,10,mg,280,g,19,g,7,g,3,g,1,g,2,g,2,g
2,happy joes,taco party pasta,13,g,25,mg,810,g,36,g,14,g,5,g,0,g,4,g,6,g
3,happy joes,taco pasta,51,g,30,mg,2260,g,95,g,41,g,18,g,1,g,10,g,10,g
4,happy joes,taco sauce,0,g,0,mg,125,g,2,g,0,g,0,g,0,g,0,g,2,g
5,happy joes,taco sauce packet,0,g,0,mg,95,g,1,g,0,g,0,g,0,g,0,g,1,g
6,happy joes,taco supreme calzone,44,g,75,mg,2970,g,152,g,57,g,23,g,2.5,g,11,g,18,g
7,happy joes,taco supreme cauliflower pizza,7,g,0,mg,350,g,10,g,7,g,4,g,0,g,1,g,2,g
8,happy joes,taco supreme gluten free pizza,6,g,20,mg,430,g,13,g,7,g,4,g,0,g,1,g,2,g
9,happy joes,taco supreme original crust pizza 12 inch,10,g,15,mg,440,g,26,g,14,g,7,g,1,g,2,g,3,g
10,happy joes,taco supreme original crust pizza 15 inch,12,g,20,mg,540,g,31,g,16,g,8,g,1,g,3,g,4,g
11,happy joes,taco supreme original crust pizza 6 inch,6,g,10,mg,300,g,19,g,9,g,4,g,0,g,2,g,2,g
12,happy joes,taco supreme original crust pizza 9 inch,7,g,15,mg,310,g,17,g,9,g,4,g,0,g,1,g,2,g
13,happy joes,taco supreme pan crust pizza 12 inch,16,g,15,mg,430,g,28,g,14,g,8,g,1,g,3,g,3,g
14,happy joes,taco supreme pan crust pizza 15 inch,19,g,20,mg,520,g,32,g,16,g,9,g,1,g,3,g,3,g
15,happy joes,taco supreme pan crust pizza 6 inch,10,g,10,mg,280,g,21,g,9,g,5,g,1,g,2,g,2,g
16,happy joes,taco supreme pan crust pizza 9 inch,11,g,15,mg,320,g,20,g,9,g,5,g,1,g,2,g,2,g
17,happy joes,taco supreme pasta,35,g,85,mg,2340,g,96,g,51,g,26,g,1,g,11,g,11,g
18,happy joes,toasted almond fudge ice cream,9,g,25,mg,70,g,17,g,3,g,4,g,0,g,0,g,14,g
19,happy joes,toffee crunch ice cream,7,g,30,mg,60,g,18,g,2,g,4,g,0,g,0,g,14,g
20,happy joes,tomato original crust pizza 12 inch,6,g,15,mg,220,g,21,g,8,g,3,g,0,g,2,g,2,g
21,happy joes,tomato original crust pizza 15 inch,7,g,15,mg,250,g,24,g,9,g,3,g,1,g,2,g,3,g
22,happy joes,tomato original crust pizza 6 inch,4,g,10,mg,135,g,16,g,5,g,2,g,0,g,1,g,2,g
23,happy joes,tomato original crust pizza 9 inch,4,g,10,mg,150,g,16,g,6,g,2,g,0,g,1,g,2,g
24,happy joes,tomato pan crust pizza 12 inch,14,g,15,mg,240,g,23,g,9,g,4,g,1,g,2,g,2,g
25,happy joes,tomato pan crust pizza 15 inch,15,g,20,mg,260,g,26,g,10,g,4,g,1,g,2,g,2,g
26,happy joes,tomato pan crust pizza 6 inch,9,g,10,mg,140,g,17,g,6,g,2,g,1,g,1,g,1,g
27,happy joes,tomato pan crust pizza 9 inch,9,g,10,mg,160,g,16,g,6,g,3,g,1,g,1,g,2,g
28,happy joes,tropicana fruit punch,0,g,0,mg,5,g,4,g,0,g,0,g,0,g,0,g,4,g
29,happy joes,tropicana lemonade,0,g,0,mg,15,g,3,g,0,g,0,g,0,g,0,g,3,g
30,happy joes,tropicana pink lemonade,0,g,0,mg,15,g,3,g,0,g,0,g,0,g,0,g,3,g
31,happy joes,tropicana twister soda orange,0,g,0,mg,5,g,4,g,0,g,0,g,0,g,0,g,4,g
32,happy joes,tuna casserole fargo nd,4.5,g,45,mg,540,g,24,g,27,g,1,g,0,g,1,g,1,g
33,happy joes,turkey and cheese sandwich,32,g,55,mg,1590,g,53,g,29,g,11,g,0.5,g,3,g,2,g
34,happy joes,turkey bistro panini,42,g,85,mg,3540,g,44,g,44,g,12,g,0,g,6,g,9,g
35,happy joes,turkey reuben panini,42,g,85,mg,4580,g,47,g,45,g,12,g,0,g,9,g,10,g
36,happy joes,turkey reuben panini with no sides,24,g,85,mg,2980,g,10,g,40,g,10,g,0,g,5,g,7,g
37,happy joes,vanilla fountain ice cream,7,g,30,mg,75,g,18,g,4,g,4,g,0,g,0,g,14,g
38,happy joes,vanilla french ice cream,7,g,50,mg,55,g,17,g,2,g,4,g,0,g,0,g,13,g
39,happy joes,vanilla ice cream,6,g,30,mg,50,g,16,g,2,g,4,g,0,g,0,g,12,g
40,happy joes,vanilla new york ice cream,6,g,30,mg,50,g,16,g,2,g,4,g,0,g,0,g,12,g
41,happy joes,vanilla nsa ice cream,4.5,g,20,mg,55,g,11,g,3,g,3,g,0,g,3,g,3,g
42,happy joes,vanilla premium ice cream,12,g,45,mg,45,g,18,g,2,g,8,g,0,g,0,g,15,g
43,happy joes,vegetarian calzone,32,g,55,mg,2460,g,138,g,40,g,12,g,2.5,g,10,g,14,g
44,happy joes,vegetarian gluten free pizza,4,g,20,mg,350,g,13,g,5,g,2,g,0,g,1,g,2,g
45,happy joes,vegetarian original crust pizza 12 inch,6,g,15,mg,310,g,22,g,8,g,3,g,0,g,2,g,2,g
46,happy joes,vegetarian original crust pizza 15 inch,7,g,15,mg,370,g,25,g,9,g,3,g,1,g,2,g,3,g
47,happy joes,vegetarian original crust pizza 6 inch,4,g,10,mg,210,g,16,g,5,g,2,g,0,g,1,g,2,g
48,happy joes,vegetarian original crust pizza 9 inch,5,g,10,mg,230,g,17,g,6,g,2,g,0,g,2,g,2,g
49,happy joes,vegetarian pan crust pizza 12 inch,10,g,15,mg,340,g,24,g,9,g,4,g,1,g,2,g,2,g
50,happy joes,vegetarian pan crust pizza 15 inch,15,g,20,mg,380,g,27,g,10,g,4,g,1,g,2,g,3,g
51,happy joes,vegetarian pan crust pizza 6 inch,10,g,10,mg,210,g,18,g,6,g,2,g,1,g,2,g,1,g
52,happy joes,vegetarian pan crust pizza 9 inch,10,g,10,mg,230,g,17,g,6,g,3,g,1,g,1,g,2,g
53,happy joes,waffle,1.5,g,0,mg,450,g,31,g,5,g,0,g,0,g,1,g,6,g
54,happy joes,waffle cones,7,g,0,mg,20,g,20,g,1,g,6,g,0,g,0,g,20,g
55,happy joes,waffle syrup,0,g,0,mg,0,g,28,g,0,g,0,g,0,g,0,g,0,g
56,happy joes,western scrambler,28,g,360,mg,1920,g,45,g,29,g,9,g,1,g,4,g,8,g
57,happy joes,white chocolate dessert sauce,0,g,0,mg,40,g,23,g,0,g,0,g,0,g,0,g,18,g
58,happy joes,white chocolate raspberry ice cream,6,g,25,mg,50,g,19,g,2,g,4,g,0,g,0,g,15,g
59,happy joes,yogurt chips,7,g,0,mg,20,g,20,g,1,g,6,g,0,g,0,g,20,g
60,hero certified burgers,ancho chipotle,4,g,5,mg,140,g,1,g,0,g,1,g,0,g,0,g,3,g
61,hero certified burgers,beef bacon,17,g,35,mg,290,g,1,g,8,g,6,g,0,g,0,g,0,g
62,hero certified burgers,blue cheese,0,g,0,mg,0,g,0,g,0,g,0,g,0,g,0,g,0,g
63,hero certified burgers,canadian cheddar,7,g,25,mg,140,g,1,g,5,g,4,g,0,g,0,g,0,g
64,hero certified burgers,caramel sundae topping,2,g,0,mg,65,g,56,g,1,g,0,g,0,g,0,g,28,g
65,hero certified burgers,caramelized onion cheddar,9,g,30,mg,210,g,1,g,7,g,6,g,0,g,0,g,0,g
66,hero certified burgers,chocolate sundae topping,0.5,g,0,mg,55,g,52,g,2,g,0,g,0,g,2,g,37,g
67,hero certified burgers,ciabatta bun,0,g,0,mg,430,g,42,g,6,g,0,g,0,g,2,g,2,g
68,hero certified burgers,cranberry sauce,0,g,0,mg,5,g,9,g,0,g,0,g,0,g,1,g,5,g
69,hero certified burgers,creamy caesar dressing,17,g,20,mg,550,g,4,g,2,g,3,g,0,g,0,g,0,g
70,hero certified burgers,crispy chicken breast,12,g,50,mg,640,g,3,g,20,g,1.5,g,0,g,1,g,5,g
71,hero certified burgers,crispy onions,1,g,0,mg,35,g,3,g,0,g,0,g,0,g,0,g,0,g
72,hero certified burgers,crunchy chicken strips,10,g,35,mg,450,g,13,g,14,g,1,g,0,g,1,g,2,g
73,hero certified burgers,fire roasted peppers,0,g,0,mg,60,g,2,g,0,g,2,g,0,g,0,g,0,g
74,hero certified burgers,fresh cut fries,10,g,0,mg,440,g,43,g,6,g,0,g,0,g,3,g,3,g
75,hero certified burgers,fried egg,5,g,195,mg,65,g,1,g,6,g,1.5,g,0,g,0,g,0,g
76,hero certified burgers,gluten free bun,7,g,0,mg,530,g,41,g,4,g,1,g,0,g,4,g,9,g
77,hero certified burgers,goat cheese,6,g,20,mg,170,g,0,g,4,g,4,g,0,g,0,g,0,g
78,hero certified burgers,green salad,0,g,0,mg,5,g,3,g,1,g,0,g,0,g,1,g,1,g
79,hero certified burgers,grilled chicken breast,3,g,60,mg,440,g,1,g,29,g,0,g,0,g,0,g,0,g
80,hero certified burgers,guacamole,2,g,0,mg,55,g,1,g,0,g,0,g,0,g,1,g,1,g
81,hero certified burgers,hero 4 oz burger patty,25,g,65,mg,360,g,1,g,16,g,11,g,1,g,0,g,0,g
82,hero certified burgers,hero 6 oz burger patty,38,g,100,mg,540,g,1,g,24,g,16,g,1.5,g,1,g,0,g
83,hero certified burgers,hero onion rings,9,g,0,mg,340,g,20,g,2,g,1.5,g,0,g,2,g,3,g
84,hero certified burgers,hero sauce,9,g,10,mg,85,g,0,g,1,g,1,g,0,g,0,g,0,g
85,hero certified burgers,honey dijon,0,g,0,mg,55,g,0,g,0,g,0,g,0,g,0,g,0,g
86,hero certified burgers,hot dog,18,g,55,mg,840,g,4,g,14,g,7,g,0.5,g,0,g,2,g
87,hero certified burgers,hot sauce,0,g,0,mg,45,g,0,g,0,g,0,g,0,g,0,g,0,g
88,hero certified burgers,jalapeno peppers,0,g,0,mg,290,g,1,g,0,g,0,g,0,g,1,g,0,g
89,hero certified burgers,ketchup,0,g,0,mg,140,g,5,g,0,g,0,g,0,g,0,g,4,g
90,hero certified burgers,low fat mayonnaise,3.5,g,5,mg,130,g,1,g,0,g,0.5,g,0,g,0,g,0,g
91,hero certified burgers,mango sauce,0,g,0,mg,35,g,7,g,0,g,0,g,0,g,0,g,6,g
92,hero certified burgers,maple chipotle bbq,0,g,0,mg,250,g,18,g,0,g,0,g,0,g,0,g,16,g
93,hero certified burgers,multigrain bun,10,g,15,mg,410,g,41,g,6,g,1,g,0,g,4,g,4,g
94,hero certified burgers,mustard,0,g,0,mg,65,g,0,g,0,g,0,g,0,g,0,g,0,g
95,hero certified burgers,non gmo poutine gravy,0,g,0,mg,280,g,4,g,0,g,0,g,0,g,0,g,0,g
96,hero certified burgers,portobello mushrooms,0,g,0,mg,0,g,1,g,0,g,0,g,0,g,0,g,0,g
97,hero certified burgers,pro 1 7 oz burger patty,11,g,30,mg,170,g,1,g,7,g,5,g,0,g,0,g,0,g
98,hero certified burgers,pro burger bun no seeds,2.5,g,0,mg,210,g,25,g,4,g,0,g,0,g,1,g,2,g
99,hero certified burgers,relish,0,g,0,mg,170,g,3,g,0,g,0,g,0,g,0,g,3,g
100,hero certified burgers,sauteed onions,0,g,0,mg,0,g,0,g,0,g,0,g,0,g,0,g,0,g
101,hero certified burgers,sesame poppy bun,3.5,g,0,mg,290,g,35,g,5,g,0,g,0,g,2,g,3,g
102,hero certified burgers,slawsa,0,g,0,mg,100,g,3,g,0,g,0,g,0,g,0,g,3,g
103,hero certified burgers,sliced pickles,0,g,0,mg,920,g,2,g,1,g,0,g,0,g,1,g,0,g
104,hero certified burgers,smoked white cheddar,7,g,0,mg,0,g,0,g,6,g,0,g,0,g,0,g,0,g
105,hero certified burgers,soul burger patty,13,g,0,mg,400,g,4,g,18,g,1,g,0,g,5,g,0,g
106,hero certified burgers,strawberry sundae topping,0,g,0,mg,30,g,39,g,0,g,0,g,0,g,1,g,28,g
107,hero certified burgers,strip bacon,7,g,15,mg,240,g,0,g,5,g,3,g,0,g,0,g,0,g
108,hero certified burgers,sweet potato fries,6,g,0,mg,260,g,20,g,2,g,0,g,0,g,2,g,7,g
109,hero certified burgers,swiss cheese,1,g,0,mg,140,g,9,g,1,g,0,g,0,g,0,g,0,g
110,hero certified burgers,tempura zucchini,9,g,0,mg,380,g,18,g,3,g,1.5,g,0,g,1,g,3,g
111,hero certified burgers,turkey burger patty,9,g,60,mg,70,g,3,g,21,g,3,g,0,g,0,g,0,g
112,hero certified burgers,vanilla soft serve,7,g,25,mg,130,g,28,g,5,g,4.5,g,0,g,0,g,26,g
113,hero certified burgers,whole wheat flat,1.5,g,0,mg,250,g,33,g,6,g,0.5,g,0,g,4,g,3,g
114,hero certified burgers,wild alaskan salmon fillet,3.5,g,35,mg,210,g,0,g,17,g,0.5,g,0,g,0,g,0,g
115,hilton garden inn,12 oz ribeye steak,51,g,300,mg,590,g,1,g,93,g,22,g,2.5,g,0,g,0,g
116,hilton garden inn,14 hands cabernet 5 oz,0,g,0,mg,0,g,0,g,0,g,0,g,0,g,0,g,0,g
117,hilton garden inn,14 hands cabernet bottle,0,g,0,mg,0,g,0,g,0,g,0,g,0,g,0,g,0,g
118,hilton garden inn,alabama slammer,0,g,0,mg,0,g,13,g,0,g,0,g,0,g,0,g,12,g
119,hilton garden inn,almonds 1 tbsp,4.5,g,0,mg,45,g,2,g,2,g,0,g,0,g,1,g,0,g
120,hilton garden inn,amaretto sour,0,g,0,mg,0,g,47,g,0,g,0,g,0,g,0,g,43,g
121,hilton garden inn,american cheese add on,7,g,20,mg,360,g,1,g,4,g,4,g,0,g,0,g,0,g
122,hilton garden inn,apple,0,g,0,mg,0,g,25,g,0,g,0,g,0,g,4,g,19,g
123,hilton garden inn,apple tini,0,g,0,mg,0,g,9,g,0,g,0,g,0,g,0,g,8,g
124,hilton garden inn,apple cheddar salad kens,46,g,45,mg,480,g,37,g,15,g,12,g,0,g,5,g,22,g
125,hilton garden inn,apple cheddar salad t marzetti,43,g,40,mg,440,g,38,g,15,g,12,g,0,g,5,g,23,g
126,hilton garden inn,artisan cheese tasting board,54,g,140,mg,1180,g,58,g,33,g,28,g,0.5,g,4,g,37,g
127,hilton garden inn,asian sweet chili chicken salad,42,g,80,mg,1920,g,45,g,33,g,4,g,0,g,5,g,31,g
128,hilton garden inn,austin street tacos,38,g,130,mg,2040,g,65,g,43,g,15,g,1,g,5,g,10,g
129,hilton garden inn,b 52,1.5,g,0,mg,0,g,9,g,0,g,1,g,0,g,0,g,9,g
130,hilton garden inn,bacon bits 1 tbsp,2,g,0,mg,125,g,2,g,2,g,0,g,0,g,1,g,0,g
131,hilton garden inn,bagel cinnamon raisin,1,g,0,mg,320,g,50,g,7,g,0,g,0,g,2,g,9,g
132,hilton garden inn,bagel everything,1.5,g,0,mg,660,g,48,g,8,g,0,g,0,g,2,g,6,g
133,hilton garden inn,bagel plain,1,g,0,mg,350,g,49,g,8,g,0,g,0,g,2,g,6,g
134,hilton garden inn,bagel poppy,1,g,0,mg,350,g,48,g,8,g,0,g,0,g,2,g,6,g
135,hilton garden inn,bagel sesame seed,1,g,0,mg,350,g,48,g,8,g,0,g,0,g,2,g,6,g
136,hilton garden inn,bagel whole wheat,1,g,0,mg,350,g,48,g,8,g,0,g,0,g,5,g,5,g
137,hilton garden inn,bahama mama,0,g,0,mg,0,g,23,g,0,g,0,g,0,g,0,g,18,g
138,hilton garden inn,ballast point sculpin 12 oz,0,g,0,mg,0,g,0,g,0,g,0,g,0,g,0,g,0,g
139,hilton garden inn,banana,0,g,0,mg,0,g,27,g,1,g,0,g,0,g,3,g,14,g
140,hilton garden inn,bay breeze,0,g,0,mg,0,g,16,g,0,g,0,g,0,g,0,g,12,g
141,hilton garden inn,bbq chicken flatbread,27,g,105,mg,2220,g,79,g,39,g,12,g,0,g,1,g,18,g
142,hilton garden inn,bbq chicken salad,28,g,155,mg,1730,g,41,g,32,g,6,g,0,g,3,g,9,g
143,hilton garden inn,bel pastry mini danish apple crown,9,g,20,mg,40,g,13,g,2,g,4,g,0,g,0,g,3,g
144,hilton garden inn,bel pastry mini danish maple pecan,10,g,20,mg,45,g,14,g,2,g,4,g,0,g,0,g,4,g
145,hilton garden inn,bel pastry mini danish mini cinnamon whirl,9,g,20,mg,45,g,15,g,2,g,4,g,0,g,1,g,5,g
146,hilton garden inn,bel pastry mini danish raspberry crown,9,g,20,mg,40,g,14,g,2,g,4,g,0,g,0,g,5,g
147,hilton garden inn,bel pastry mini danish vanilla crown,9,g,20,mg,40,g,12,g,2,g,4,g,0,g,0,g,2,g
148,hilton garden inn,bellini,0,g,0,mg,0,g,25,g,0,g,0,g,0,g,0,g,25,g
149,hilton garden inn,beyond burger flatbread,39,g,60,mg,1720,g,69,g,32,g,13,g,0,g,5,g,7,g
150,hilton garden inn,beyond burger upgrade,20,g,0,mg,390,g,6,g,20,g,6,g,0,g,2,g,0,g
151,hilton garden inn,bistro chicken sandwich no sides,44,g,150,mg,1840,g,69,g,49,g,12,g,0,g,1,g,18,g
152,hilton garden inn,bistro chicken sandwich with fries,50,g,150,mg,2610,g,105,g,53,g,13,g,0,g,1,g,19,g
153,hilton garden inn,bistro chicken sandwich with fruit,44,g,150,mg,1860,g,82,g,51,g,12,g,0,g,3,g,28,g
154,hilton garden inn,bitter mai tai,0,g,0,mg,0,g,17,g,0,g,0,g,0,g,0,g,15,g
155,hilton garden inn,blackberries 1 4 cup,0,g,0,mg,0,g,3,g,1,g,0,g,0,g,2,g,2,g
156,hilton garden inn,bleu cheese add on,2.5,g,5,mg,105,g,0,g,2,g,2,g,0,g,0,g,0,g
157,hilton garden inn,bloody mary,0,g,0,mg,410,g,8,g,1,g,0,g,0,g,0,g,6,g
158,hilton garden inn,blueberries 1 4 cup,0,g,0,mg,0,g,5,g,0,g,0,g,0,g,1,g,4,g
159,hilton garden inn,bourbon sour,0,g,0,mg,0,g,23,g,0,g,0,g,0,g,0,g,19,g
160,hilton garden inn,boursin cheese add on,9,g,20,mg,130,g,1,g,1,g,6,g,0,g,0,g,1,g
161,hilton garden inn,braised short ribs,59,g,265,mg,1190,g,35,g,88,g,23,g,0,g,3,g,4,g
162,hilton garden inn,brandy alexander,8,g,25,mg,5,g,7,g,1,g,5,g,0,g,0,g,7,g
163,hilton garden inn,brisket grilled cheese no sides,67,g,155,mg,1910,g,45,g,47,g,26,g,0.5,g,2,g,5,g
164,hilton garden inn,brisket grilled cheese with fries,74,g,155,mg,2530,g,81,g,51,g,27,g,0.5,g,6,g,7,g
165,hilton garden inn,brisket grilled cheese with fruit,67,g,155,mg,1920,g,58,g,49,g,26,g,0.5,g,4,g,15,g
166,hilton garden inn,bud light 12 oz,0,g,0,mg,10,g,7,g,1,g,0,g,0,g,0,g,0,g
167,hilton garden inn,budweiser 12 oz,0,g,0,mg,10,g,11,g,1,g,0,g,0,g,0,g,0,g
168,hilton garden inn,buffalo chicken pretzel,75,g,165,mg,2140,g,42,g,33,g,24,g,0,g,0,g,4,g
169,hilton garden inn,caesar salad no dressing,32,g,50,mg,770,g,25,g,10,g,5,g,0,g,2,g,1,g
170,hilton garden inn,cantaloupe 3 4 cup,0,g,0,mg,20,g,10,g,1,g,0,g,0,g,1,g,10,g
171,hilton garden inn,cape codder,0,g,0,mg,5,g,18,g,0,g,0,g,0,g,0,g,14,g
172,hilton garden inn,caramel apple granny,33,g,155,mg,270,g,79,g,8,g,17,g,0,g,0,g,58,g
173,hilton garden inn,chateau ste michelle reisling 5 oz,0,g,0,mg,0,g,0,g,0,g,0,g,0,g,0,g,0,g
174,hilton garden inn,chateau ste michelle reisling bottle,0,g,0,mg,0,g,0,g,0,g,0,g,0,g,0,g,0,g
175,hilton garden inn,chateau ste michelle rose 5 oz,0,g,0,mg,0,g,0,g,0,g,0,g,0,g,0,g,0,g
176,hilton garden inn,chateau ste michelle rose bottle,0,g,0,mg,0,g,0,g,0,g,0,g,0,g,0,g,0,g
177,hilton garden inn,cheddar cheese 1 tbsp,2.5,g,10,mg,50,g,0,g,2,g,1.5,g,0,g,0,g,0,g
178,hilton garden inn,cheddar cheese add on,7,g,20,mg,140,g,1,g,5,g,4,g,0,g,0,g,0,g
179,hilton garden inn,cheese omelet filling,9,g,30,mg,180,g,0,g,7,g,5,g,0,g,0,g,0,g
180,hilton garden inn,cheeseburger flatbread,41,g,115,mg,2230,g,67,g,38,g,15,g,0.5,g,1,g,7,g
181,hilton garden inn,cherry blossom,0,g,0,mg,0,g,14,g,0,g,0,g,0,g,0,g,10,g
182,hilton garden inn,chia seeds 1 tbsp,3.5,g,0,mg,0,g,5,g,2,g,0,g,0,g,4,g,0,g
183,hilton garden inn,chicken breast add on,4.5,g,80,mg,530,g,2,g,26,g,1,g,0,g,0,g,0,g
184,hilton garden inn,chicken tenders n fries,24,g,35,mg,1690,g,78,g,25,g,3.5,g,0,g,0,g,22,g
185,hilton garden inn,chipotle blt flatbread,25,g,65,mg,1470,g,64,g,25,g,10,g,0,g,1,g,7,g
186,hilton garden inn,chocolate chips milk 1 tbsp,3.5,g,0,mg,0,g,7,g,0,g,2,g,0,g,1,g,6,g
187,hilton garden inn,chocolate chips semisweet 1 tbsp,3.5,g,0,mg,0,g,7,g,0,g,2,g,0,g,1,g,6,g
188,hilton garden inn,citrus grilled salmon bowl path of life,44,g,125,mg,1550,g,104,g,65,g,4.5,g,0,g,8,g,9,g
189,hilton garden inn,citrus grilled salmon bowl simplot,45,g,125,mg,1860,g,73,g,60,g,4.5,g,0,g,7,g,11,g
190,hilton garden inn,citrus peach juice nestle vitality 1 cup,0,g,0,mg,25,g,32,g,0,g,0,g,0,g,0,g,32,g
191,hilton garden inn,classic pepperoni flatbread,29,g,75,mg,1850,g,66,g,30,g,14,g,0,g,0,g,5,g
192,hilton garden inn,clementines,0,g,0,mg,0,g,9,g,1,g,0,g,0,g,1,g,7,g
193,hilton garden inn,coconut shredded 1 tbsp,2,g,0,mg,15,g,3,g,0,g,2,g,0,g,0,g,3,g
194,hilton garden inn,colby cheese 1 tbsp,2.5,g,5,mg,45,g,0,g,2,g,1.5,g,0,g,0,g,0,g
195,hilton garden inn,columbia crest grand estates merlot 5 oz,0,g,0,mg,0,g,4,g,0,g,0,g,0,g,0,g,0,g
196,hilton garden inn,columbia crest grand estates merlot bottle,0,g,0,mg,0,g,20,g,0,g,0,g,0,g,0,g,0,g
197,hilton garden inn,corona extra 12 oz,0,g,0,mg,15,g,13,g,0,g,0,g,0,g,0,g,0,g
198,hilton garden inn,cosmopolitan,0,g,0,mg,0,g,13,g,1,g,0,g,0,g,0,g,7,g
199,hilton garden inn,crispy chicken cobb,33,g,150,mg,1170,g,40,g,33,g,7,g,0,g,6,g,5,g
200,hilton garden inn,crispy green beans,19,g,0,mg,2370,g,78,g,13,g,3.5,g,0,g,0,g,30,g
201,hilton garden inn,crispy green beans with artisan sauce,33,g,10,mg,1730,g,54,g,12,g,6,g,0,g,6,g,9,g
202,hilton garden inn,crispy green beans with chili sauce,18,g,0,mg,2100,g,72,g,13,g,3.5,g,0,g,6,g,24,g
203,hilton garden inn,crispy green beans with ranch,39,g,5,mg,1710,g,55,g,12,g,7,g,0,g,6,g,9,g
204,hilton garden inn,crispy hoisin glazed pork belly,128,g,140,mg,2180,g,75,g,30,g,41,g,0,g,7,g,22,g
205,hilton garden inn,crunchy avocado wedges,46,g,15,mg,1500,g,49,g,7,g,7,g,0,g,4,g,5,g
206,hilton garden inn,cuba libre,0,g,0,mg,20,g,20,g,0,g,0,g,0,g,0,g,19,g
207,hilton garden inn,cutie clementine,0,g,0,mg,0,g,12,g,1,g,0,g,0,g,2,g,9,g
208,hilton garden inn,daiquiri,0,g,0,mg,0,g,13,g,0,g,0,g,0,g,0,g,11,g
209,hilton garden inn,dark n stormy,0,g,0,mg,0,g,15,g,0,g,0,g,0,g,0,g,13,g
210,hilton garden inn,deviled egg toast,34,g,365,mg,860,g,39,g,18,g,6,g,0,g,0,g,4,g
211,hilton garden inn,dill pickle fries,44,g,15,mg,2230,g,29,g,4,g,7,g,0,g,4,g,5,g
212,hilton garden inn,domaine ste michelle sparkling 5 oz,0,g,0,mg,0,g,0,g,0,g,0,g,0,g,0,g,0,g
213,hilton garden inn,domaine ste michelle sparkling bottle,0,g,0,mg,0,g,0,g,0,g,0,g,0,g,0,g,0,g
214,hilton garden inn,double oink burger no sides hormel,80,g,245,mg,1790,g,52,g,76,g,24,g,1.5,g,1,g,17,g
215,hilton garden inn,double oink burger no sides richs,74,g,225,mg,1760,g,51,g,73,g,21,g,1.5,g,1,g,16,g
216,hilton garden inn,double oink burger with fries hormel,87,g,245,mg,2560,g,88,g,80,g,26,g,1.5,g,1,g,19,g
217,hilton garden inn,double oink burger with fries richs,81,g,225,mg,2530,g,87,g,77,g,23,g,1.5,g,1,g,18,g
218,hilton garden inn,double oink burger with fruit hormel,81,g,245,mg,1810,g,65,g,78,g,24,g,1.5,g,3,g,27,g
219,hilton garden inn,double oink burger with fruit richs,74,g,225,mg,1780,g,64,g,75,g,22,g,1.5,g,3,g,26,g
220,hilton garden inn,dragonfire pork belly flatbread,64,g,100,mg,2470,g,88,g,28,g,21,g,0,g,5,g,22,g
221,hilton garden inn,dried berry blend 1 tbsp,0,g,0,mg,0,g,4,g,0,g,0,g,0,g,0,g,4,g
222,hilton garden inn,dried cranberries 1 tbsp,0,g,0,mg,0,g,8,g,0,g,0,g,0,g,1,g,7,g
223,hilton garden inn,english muffin cinnamon raisin,1,g,0,mg,300,g,30,g,5,g,0,g,0,g,1,g,7,g
224,hilton garden inn,english muffin plain,1,g,0,mg,240,g,25,g,5,g,0,g,0,g,1,g,1,g
225,hilton garden inn,english muffin whole wheat,1.5,g,0,mg,180,g,21,g,6,g,0,g,0,g,3,g,1,g
226,hilton garden inn,fat free fruited yogurt 1 2 cup,0,g,5,mg,65,g,22,g,5,g,0,g,0,g,0,g,22,g
227,hilton garden inn,fat free greek yogurt plain 1 2 cup,0,g,5,mg,40,g,4,g,12,g,0,g,0,g,0,g,4,g
228,hilton garden inn,fat free greek yogurt vanilla 1 2 cup,0,g,5,mg,35,g,14,g,9,g,0,g,0,g,1,g,13,g
229,hilton garden inn,fat free vanilla yogurt 1 2 cup,1.5,g,5,mg,75,g,16,g,6,g,1,g,0,g,0,g,16,g
230,hilton garden inn,filled croissant pastridor,8,g,15,mg,125,g,18,g,3,g,4,g,0,g,1,g,6,g
231,hilton garden inn,firecracker shrimp,14,g,150,mg,1530,g,60,g,19,g,2,g,0,g,3,g,13,g
232,hilton garden inn,firecracker shrimp tacos,20,g,130,mg,2080,g,100,g,22,g,3.5,g,0,g,5,g,13,g
233,hilton garden inn,flaxseed 1 tbsp,3.5,g,0,mg,0,g,3,g,2,g,0,g,0,g,2,g,0,g
234,hilton garden inn,flourless chocolate torte,33,g,115,mg,15,g,42,g,6,g,19,g,0,g,1,g,32,g
235,hilton garden inn,french fries kids side,4.5,g,0,mg,550,g,24,g,2,g,1,g,0,g,0,g,1,g
236,hilton garden inn,french fries regular side,7,g,0,mg,770,g,36,g,3,g,1.5,g,0,g,0,g,2,g
237,hilton garden inn,french toast 2 slices,38,g,145,mg,740,g,51,g,5,g,6,g,1,g,2,g,10,g
238,hilton garden inn,fried eggs 2 eggs,24,g,370,mg,250,g,1,g,13,g,4.5,g,0,g,0,g,0,g
239,hilton garden inn,fruit compote 2 tbsp,0,g,0,mg,0,g,7,g,0,g,0,g,0,g,1,g,6,g
240,hilton garden inn,fruit side,0,g,0,mg,0,g,19,g,1,g,0,g,0,g,2,g,15,g
241,hilton garden inn,fusilli carbonara,28,g,190,mg,780,g,68,g,23,g,7,g,0,g,1,g,6,g
242,hilton garden inn,fusilli carbonara cs,83,g,100,mg,1560,g,68,g,33,g,29,g,0,g,4,g,6,g
243,hilton garden inn,fusilli carbonara sysco,81,g,95,mg,1640,g,69,g,32,g,28,g,0,g,4,g,6,g
244,hilton garden inn,garden burger no sides,32,g,5,mg,1010,g,55,g,25,g,4.5,g,0,g,3,g,9,g
245,hilton garden inn,garden burger with fries,38,g,5,mg,1770,g,91,g,29,g,6,g,0,g,3,g,11,g
246,hilton garden inn,garden burger with fruit,32,g,5,mg,1020,g,68,g,26,g,4.5,g,0,g,5,g,19,g
247,hilton garden inn,gin and tonic,0,g,0,mg,15,g,11,g,0,g,0,g,0,g,0,g,10,g
248,hilton garden inn,gin fizz,1.5,g,5,mg,15,g,15,g,1,g,1,g,0,g,1,g,14,g
249,hilton garden inn,goose island ipa 6 12 oz,0,g,0,mg,10,g,21,g,2,g,0,g,0,g,0,g,0,g
250,hilton garden inn,grapefruit half,0,g,0,mg,0,g,13,g,1,g,0,g,0,g,2,g,12,g
251,hilton garden inn,grapes 1 2 cup,0,g,0,mg,0,g,14,g,1,g,0,g,0,g,1,g,12,g
252,hilton garden inn,grilled cheese,30,g,40,mg,640,g,25,g,17,g,10,g,0,g,0,g,3,g
253,hilton garden inn,grilled vegetable pasta primavera,23,g,5,mg,750,g,70,g,17,g,5,g,0,g,3,g,9,g
254,hilton garden inn,gruyere cheese add on,7,g,25,mg,150,g,0,g,6,g,4,g,0,g,0,g,0,g
255,hilton garden inn,haagen daz vanilla ice cream 2 5 oz,18,g,110,mg,50,g,21,g,5,g,10,g,0.5,g,0,g,20,g
256,hilton garden inn,heineken 12 oz,0,g,0,mg,10,g,11,g,0,g,0,g,0,g,0,g,0,g
257,hilton garden inn,heineken non alc 12 oz,0,g,0,mg,0,g,15,g,0,g,0,g,0,g,0,g,0,g
258,hilton garden inn,honey roasted almonds 1 tbsp,3,g,0,mg,20,g,3,g,1,g,0,g,0,g,1,g,2,g
259,hilton garden inn,honeydew 3 4 cup,0,g,0,mg,25,g,12,g,1,g,0,g,0,g,1,g,11,g
260,hilton garden inn,hot tea decaffeinated 12 oz,0,g,0,mg,10,g,1,g,0,g,0,g,0,g,0,g,0,g
261,hilton garden inn,house salad,4.5,g,0,mg,360,g,27,g,6,g,0,g,0,g,2,g,3,g
262,hilton garden inn,hummus platter,32,g,15,mg,1330,g,70,g,21,g,2,g,0,g,3,g,8,g
263,hilton garden inn,iced tea 16 oz,0,g,0,mg,15,g,1,g,0,g,0,g,0,g,0,g,0,g
264,hilton garden inn,irish coffee,2.5,g,10,mg,0,g,7,g,0,g,1.5,g,0,g,0,g,7,g
265,hilton garden inn,kamikaze,0,g,0,mg,0,g,12,g,0,g,0,g,0,g,0,g,9,g
266,hilton garden inn,kendall jackson chardonnay 5 oz,0,g,0,mg,0,g,4,g,0,g,0,g,0,g,0,g,0,g
267,hilton garden inn,kendall jackson chardonnay bottle,0,g,0,mg,0,g,20,g,0,g,0,g,0,g,0,g,0,g
268,hilton garden inn,korean bbq mixed grains,7,g,0,mg,580,g,37,g,6,g,1,g,0,g,0,g,2,g
269,hilton garden inn,korean bbq mixed grains simplot,5,g,0,mg,230,g,22,g,5,g,0.5,g,0,g,0,g,4,g
270,hilton garden inn,korean style steak bowl path of life grains,60,g,125,mg,1930,g,69,g,50,g,12,g,0,g,2,g,8,g
271,hilton garden inn,lemon drop,0,g,0,mg,0,g,17,g,0,g,0,g,0,g,0,g,14,g
272,hilton garden inn,light brown sugar 1 tbsp,0,g,0,mg,0,g,9,g,0,g,0,g,0,g,0,g,9,g
273,hilton garden inn,long island iced tea,0,g,0,mg,10,g,28,g,0,g,0,g,0,g,0,g,26,g
274,hilton garden inn,low fat greek yogurt vanilla 1 2 cup,2,g,10,mg,40,g,4,g,11,g,1.5,g,0,g,0,g,4,g
275,hilton garden inn,low fat vanilla yogurt 1 2 cup,1.5,g,5,mg,75,g,16,g,6,g,1,g,0,g,0,g,16,g
276,hilton garden inn,mandms 1 tbsp,3,g,5,mg,10,g,9,g,1,g,1.5,g,0,g,0,g,8,g
277,hilton garden inn,madras,0,g,0,mg,5,g,18,g,0,g,0,g,0,g,0,g,14,g
278,hilton garden inn,manhattan,0,g,0,mg,0,g,6,g,0,g,0,g,0,g,0,g,4,g
279,hilton garden inn,margherita flatbread,40,g,50,mg,1610,g,65,g,24,g,11,g,0,g,1,g,5,g
280,hilton garden inn,martini,0,g,0,mg,45,g,1,g,0,g,0,g,0,g,0,g,0,g
281,hilton garden inn,mason jar chocolate fudge cake,50,g,60,mg,660,g,148,g,11,g,38,g,0,g,0,g,112,g
282,hilton garden inn,menage a trois red blend 5 oz,0,g,0,mg,0,g,3,g,0,g,0,g,0,g,0,g,0,g
283,hilton garden inn,menage a trois red blend bottle,0,g,0,mg,0,g,15,g,0,g,0,g,0,g,0,g,0,g
284,hilton garden inn,michelob ultra 12 oz,0,g,0,mg,15,g,3,g,1,g,0,g,0,g,0,g,0,g
285,hilton garden inn,milk 2 1 cup,4.5,g,20,mg,105,g,11,g,7,g,3,g,0,g,0,g,11,g
286,hilton garden inn,milk half and half 1 2 fl oz,0,g,0,mg,10,g,1,g,1,g,0,g,0,g,0,g,0,g
287,hilton garden inn,milk skim 1 cup,0,g,5,mg,95,g,11,g,8,g,0,g,0,g,0,g,11,g
288,hilton garden inn,milk whole 1 cup,8,g,25,mg,105,g,12,g,8,g,4.5,g,0,g,0,g,12,g
289,hilton garden inn,minty fresh mule,0,g,0,mg,0,g,16,g,1,g,0,g,0,g,0,g,8,g
290,hilton garden inn,mobley jr plain no sides,25,g,80,mg,1150,g,25,g,24,g,9,g,1.5,g,2,g,5,g
291,hilton garden inn,mojito,0,g,0,mg,0,g,17,g,0,g,0,g,0,g,0,g,15,g
292,hilton garden inn,murphy goode pinot noir 5 oz,0,g,0,mg,0,g,4,g,0,g,0,g,0,g,0,g,0,g
293,hilton garden inn,murphy goode pinot noir bottle,0,g,0,mg,0,g,20,g,1,g,0,g,0,g,0,g,0,g
294,hilton garden inn,murphy goode sauvignon blanc 5 oz,0,g,0,mg,0,g,2,g,0,g,0,g,0,g,0,g,0,g
295,hilton garden inn,murphy goode sauvignon blanc bottle,0,g,0,mg,0,g,10,g,1,g,0,g,0,g,0,g,0,g
296,hilton garden inn,mushroom and brie bisque,39,g,60,mg,1340,g,26,g,12,g,13,g,0,g,0,g,3,g
297,hilton garden inn,nashville hot chicken,70,g,50,mg,2620,g,80,g,24,g,22,g,0,g,4,g,8,g
298,hilton garden inn,nectarine,0,g,0,mg,0,g,15,g,2,g,0,g,0,g,2,g,11,g
299,hilton garden inn,negroni,0,g,0,mg,0,g,25,g,0,g,0,g,0,g,0,g,10,g
300,hilton garden inn,new york style cheesecake,35,g,150,mg,360,g,51,g,8,g,19,g,0,g,0,g,34,g
301,hilton garden inn,nut medley 1 tbsp,4.5,g,0,mg,0,g,1,g,1,g,0,g,0,g,1,g,0,g
302,hilton garden inn,ny strip,34,g,265,mg,550,g,1,g,83,g,15,g,0,g,0,g,0,g
303,hilton garden inn,open face caprese no sides,45,g,35,mg,970,g,33,g,16,g,12,g,0,g,1,g,6,g
304,hilton garden inn,open face caprese with fries,52,g,35,mg,1740,g,69,g,20,g,13,g,0,g,1,g,8,g
305,hilton garden inn,open face caprese with fruit,45,g,35,mg,990,g,46,g,18,g,12,g,0,g,3,g,16,g
306,hilton garden inn,orange,0,g,0,mg,0,g,16,g,1,g,0,g,0,g,3,g,13,g
307,hilton garden inn,pan fried dumplings,20,g,25,mg,1560,g,55,g,12,g,2,g,0,g,2,g,20,g
308,hilton garden inn,pasta jr,13,g,25,mg,1130,g,36,g,13,g,5,g,0,g,0,g,5,g
309,hilton garden inn,peach,0,g,0,mg,0,g,14,g,1,g,0,g,0,g,2,g,12,g
310,hilton garden inn,peanut butter and jelly no sides,27,g,0,mg,480,g,64,g,18,g,6,g,0,g,2,g,28,g
311,hilton garden inn,peanut butter chips 1 tbsp,3,g,0,mg,25,g,5,g,2,g,1.5,g,0,g,1,g,4,g
312,hilton garden inn,pear,0,g,0,mg,0,g,35,g,1,g,0,g,0,g,7,g,22,g
313,hilton garden inn,pecans 1 tbsp,4.5,g,0,mg,0,g,1,g,1,g,0,g,0,g,1,g,0,g
314,hilton garden inn,pepperoni pizza 16 inch,115,g,230,mg,7580,g,379,g,140,g,63,g,1,g,0,g,32,g
315,hilton garden inn,pineapple 3 4 cup,0,g,0,mg,0,g,16,g,1,g,0,g,0,g,2,g,12,g
316,hilton garden inn,plain croissant,5,g,20,mg,95,g,9,g,2,g,3,g,0,g,0,g,1,g
317,hilton garden inn,plain yogurt whole milk 1 2 cup,3.5,g,15,mg,50,g,5,g,4,g,2.5,g,0,g,0,g,5,g
318,hilton garden inn,plum,0,g,0,mg,0,g,8,g,0,g,0,g,0,g,1,g,7,g
319,hilton garden inn,pork belly tacos,85,g,100,mg,2260,g,75,g,19,g,27,g,0,g,4,g,19,g
320,hilton garden inn,pulled pork poutine,45,g,135,mg,2500,g,98,g,44,g,19,g,0,g,7,g,12,g
321,hilton garden inn,pulled pork sliders,26,g,100,mg,1890,g,86,g,37,g,14,g,0,g,3,g,36,g
322,hilton garden inn,raisins 1 tbsp,0,g,0,mg,0,g,8,g,0,g,0,g,0,g,0,g,6,g
323,hilton garden inn,raspberries 1 4 cup,0,g,0,mg,0,g,4,g,0,g,0,g,0,g,2,g,1,g
324,hilton garden inn,redskin mashed potatoes,6,g,5,mg,460,g,26,g,2,g,1.5,g,0,g,0,g,3,g
325,hilton garden inn,redskin potatoes 4 oz,11,g,0,mg,250,g,15,g,2,g,1,g,0,g,2,g,2,g
326,hilton garden inn,rockslide brownie,52,g,180,mg,350,g,87,g,8,g,24,g,0.5,g,0,g,71,g
327,hilton garden inn,salad dressing balsamic 1 5 oz,7,g,0,mg,270,g,6,g,0,g,0.5,g,0,g,0,g,6,g
328,hilton garden inn,salad dressing bleu cheese 1 5 oz,25,g,20,mg,380,g,3,g,3,g,5,g,0,g,0,g,1,g
329,hilton garden inn,salad dressing caesar 1 5 oz,25,g,45,mg,280,g,1,g,1,g,3.5,g,0,g,0,g,0,g
330,hilton garden inn,salad dressing french 1 5 oz,19,g,5,mg,250,g,10,g,0,g,2.5,g,0,g,0,g,8,g
331,hilton garden inn,salad dressing honey mustard dijon 1 5 oz,20,g,20,mg,210,g,7,g,0,g,3,g,0,g,0,g,6,g
332,hilton garden inn,salad dressing raspberry vinaigrette 1 5 oz,0,g,0,mg,330,g,11,g,0,g,0,g,0,g,0,g,11,g
333,hilton garden inn,salad dressing red wine vinaigrette 1 5 oz,12,g,0,mg,400,g,4,g,0,g,1.5,g,0,g,0,g,4,g
334,hilton garden inn,salad dressing thousand island 1 5 oz,21,g,20,mg,300,g,5,g,0,g,3.5,g,0,g,0,g,5,g
335,hilton garden inn,salmon filet add on,23,g,95,mg,390,g,0,g,35,g,5,g,0,g,0,g,0,g
336,hilton garden inn,salsa red 1 tbsp,0,g,0,mg,120,g,1,g,0,g,0,g,0,g,0,g,1,g
337,hilton garden inn,salsa verde 1 tbsp,0,g,0,mg,90,g,1,g,0,g,0,g,0,g,0,g,1,g
338,hilton garden inn,salted caramel vanilla crunch cake,39,g,165,mg,380,g,78,g,6,g,23,g,0,g,1,g,53,g
339,hilton garden inn,schulstad mini danish pastry apple coronet,8,g,10,mg,50,g,18,g,2,g,4.5,g,0,g,0,g,8,g
340,hilton garden inn,schulstad mini danish pastry cinnamon swirl,10,g,10,mg,65,g,19,g,2,g,6,g,0,g,0,g,8,g
341,hilton garden inn,schulstad mini danish pastry maple pecan plait,11,g,10,mg,70,g,18,g,2,g,6,g,0,g,0,g,8,g
342,hilton garden inn,schulstad mini danish pastry raspberry crown,8,g,10,mg,55,g,18,g,2,g,5,g,0,g,1,g,8,g
343,hilton garden inn,schulstad mini danish pastry vanilla crown,8,g,5,mg,65,g,15,g,2,g,5,g,0,g,0,g,6,g
344,hilton garden inn,scrambled egg whites pasteurized liquid eggs 4 oz,14,g,0,mg,300,g,1,g,12,g,1.5,g,0,g,0,g,0,g
345,hilton garden inn,scrambled eggs low cholesterol pasteurized liquid eggs 4 oz,14,g,0,mg,340,g,2,g,11,g,1.5,g,0,g,0,g,2,g
346,hilton garden inn,scrambled eggs pasteurized liquid eggs 4 oz,25,g,420,mg,260,g,1,g,14,g,5,g,0,g,0,g,0,g
347,hilton garden inn,scrambled eggs pasteurized shell eggs 2 eggs,24,g,370,mg,250,g,1,g,13,g,4.5,g,0,g,0,g,0,g
348,hilton garden inn,screwdriver,0,g,0,mg,5,g,20,g,0,g,0,g,0,g,0,g,17,g
349,hilton garden inn,sea glass pinot noir 5 oz,0,g,0,mg,0,g,4,g,0,g,0,g,0,g,0,g,0,g
350,hilton garden inn,sea glass pinot noir bottle,0,g,0,mg,0,g,20,g,0,g,0,g,0,g,0,g,0,g
351,hilton garden inn,seagrams ginger ale 16 oz,0,g,0,mg,60,g,47,g,0,g,0,g,0,g,0,g,46,g
352,hilton garden inn,seasonal vegetable medley,1,g,0,mg,45,g,5,g,1,g,0,g,0,g,2,g,3,g
353,hilton garden inn,shakin donut holes chocolate truffle,32,g,20,mg,740,g,65,g,6,g,14,g,0,g,2,g,30,g
354,hilton garden inn,shakin donut holes sweet n spicy chile cinnamon,31,g,20,mg,740,g,65,g,6,g,14,g,0,g,2,g,30,g
355,hilton garden inn,short rib and balsamic onion flatbread,36,g,115,mg,1720,g,77,g,41,g,14,g,0,g,3,g,14,g
356,hilton garden inn,short rib grilled cheese no sides,67,g,165,mg,1350,g,40,g,51,g,26,g,0,g,2,g,1,g
357,hilton garden inn,short rib grilled cheese with fries,74,g,165,mg,1970,g,76,g,55,g,28,g,0,g,5,g,2,g
358,hilton garden inn,short rib grilled cheese with fruit,67,g,165,mg,1370,g,52,g,53,g,27,g,0,g,4,g,11,g
359,hilton garden inn,short rib tacos,31,g,120,mg,1330,g,65,g,46,g,12,g,0,g,4,g,12,g
360,hilton garden inn,sidecar,0,g,0,mg,0,g,17,g,0,g,0,g,0,g,0,g,15,g
361,hilton garden inn,sierra nevada brewing company pale ale 12 oz,0,g,0,mg,0,g,15,g,2,g,0,g,0,g,0,g,0,g
362,hilton garden inn,simply grilled chicken,16,g,105,mg,620,g,3,g,26,g,7,g,0,g,0,g,0,g
363,hilton garden inn,simply grilled salmon,33,g,120,mg,480,g,1,g,35,g,11,g,0,g,0,g,0,g
364,hilton garden inn,sliced sirloin cold add on,19,g,125,mg,730,g,0,g,39,g,7,g,0,g,0,g,0,g
365,hilton garden inn,sliced sirloin hot add on,19,g,125,mg,490,g,0,g,39,g,7,g,0,g,0,g,0,g
366,hilton garden inn,smoked brisket flatbread,35,g,120,mg,2430,g,78,g,41,g,15,g,0,g,3,g,18,g
367,hilton garden inn,smoked gouda add on,6,g,25,mg,170,g,0,g,5,g,4,g,0,g,0,g,0,g
368,hilton garden inn,soft pretzels with house made pimento cheese,73,g,110,mg,3410,g,72,g,23,g,23,g,0,g,0,g,3,g
369,hilton garden inn,sour cream 1 tbsp,2.5,g,10,mg,0,g,1,g,0,g,1.5,g,0,g,0,g,0,g
370,hilton garden inn,sourdough bread 1 slice,3.5,g,0,mg,840,g,72,g,15,g,0.5,g,0,g,3,g,6,g
371,hilton garden inn,spicy meatballs and fresh mozzarella,51,g,195,mg,930,g,23,g,47,g,17,g,1,g,1,g,3,g
372,hilton garden inn,steak sandwich no sides,56,g,155,mg,1350,g,50,g,48,g,16,g,0,g,0,g,4,g
373,hilton garden inn,steak sandwich with fries,63,g,155,mg,2120,g,86,g,52,g,18,g,0,g,0,g,6,g
374,hilton garden inn,steak sandwich with fruit,56,g,155,mg,1370,g,62,g,49,g,16,g,0,g,2,g,15,g
375,hilton garden inn,stella artois 12 oz,0,g,0,mg,45,g,12,g,1,g,0,g,0,g,0,g,0,g
376,hilton garden inn,sticky finger ribs entree,68,g,275,mg,2270,g,46,g,79,g,24,g,0.5,g,0,g,34,g
377,hilton garden inn,sticky finger ribs shareable,39,g,155,mg,1400,g,30,g,45,g,14,g,0,g,0,g,22,g
378,hilton garden inn,strawberries 1 4 cup,0,g,0,mg,0,g,3,g,0,g,0,g,0,g,1,g,2,g
379,hilton garden inn,strawberry mojito,0,g,0,mg,105,g,30,g,1,g,0,g,0,g,1,g,26,g
380,hilton garden inn,street tacos,47,g,135,mg,1690,g,66,g,44,g,12,g,0,g,9,g,7,g
381,hilton garden inn,summer shandy,0,g,0,mg,0,g,11,g,0,g,0,g,0,g,0,g,10,g
382,hilton garden inn,sutter home white zinfandel 5 oz,0,g,0,mg,0,g,8,g,0,g,0,g,0,g,0,g,0,g
383,hilton garden inn,sutter home white zinfandel bottle,0,g,0,mg,0,g,40,g,0,g,0,g,0,g,0,g,0,g
384,hilton garden inn,swiss cheese 1 tbsp,2.5,g,5,mg,15,g,0,g,2,g,1.5,g,0,g,0,g,0,g
385,hilton garden inn,swiss cheese add on,7,g,20,mg,40,g,0,g,6,g,4,g,0,g,0,g,0,g
386,hilton garden inn,tangerine,0,g,0,mg,0,g,12,g,1,g,0,g,0,g,2,g,9,g
387,hilton garden inn,tenders and fries,33,g,50,mg,2020,g,93,g,34,g,6,g,0,g,5,g,20,g
388,hilton garden inn,texas style chili con carne,36,g,90,mg,1510,g,61,g,33,g,13,g,1.5,g,0,g,6,g
389,hilton garden inn,the colada shiver,1.5,g,0,mg,15,g,24,g,0,g,1.5,g,0,g,0,g,16,g
390,hilton garden inn,tom collins,0,g,0,mg,0,g,31,g,0,g,0,g,0,g,1,g,26,g
391,hilton garden inn,tomato and basil bisque,37,g,50,mg,1020,g,29,g,9,g,9,g,0,g,0,g,15,g
392,hilton garden inn,tomato juice 1 cup,0.5,g,0,mg,610,g,9,g,2,g,0,g,0,g,1,g,6,g
393,hilton garden inn,trinity oaks chardonnay 5 oz,0,g,0,mg,0,g,4,g,0,g,0,g,0,g,0,g,0,g
394,hilton garden inn,trinity oaks chardonnay bottle,0,g,0,mg,0,g,20,g,0,g,0,g,0,g,0,g,0,g
395,hilton garden inn,trinity oaks pinot grigio 5 oz,0,g,0,mg,0,g,3,g,0,g,0,g,0,g,0,g,0,g
396,hilton garden inn,trinity oaks pinot grigio bottle,0,g,0,mg,0,g,15,g,0,g,0,g,0,g,0,g,0,g
397,hilton garden inn,turbinado sugar 1 tsp,0,g,0,mg,0,g,4,g,0,g,0,g,0,g,0,g,4,g
398,hilton garden inn,vodka and tonic,0,g,0,mg,10,g,16,g,0,g,0,g,0,g,0,g,15,g
399,hilton garden inn,walnuts 1 tbsp,4.5,g,0,mg,0,g,1,g,1,g,0,g,0,g,0,g,0,g
400,hilton garden inn,watermelon 3 4 cup,0,g,0,mg,0,g,9,g,1,g,0,g,0,g,0,g,7,g
401,hilton garden inn,wheat germ 1 tbsp,0.5,g,0,mg,0,g,4,g,2,g,0,g,0,g,1,g,0,g
402,hilton garden inn,whiskey sour,0,g,0,mg,0,g,29,g,0,g,0,g,0,g,0,g,25,g
403,hilton garden inn,white granulated sugar 1 tsp,0,g,0,mg,0,g,4,g,0,g,0,g,0,g,0,g,4,g
404,hilton garden inn,white russian,2,g,5,mg,15,g,17,g,1,g,1,g,0,g,0,g,14,g
405,hilton garden inn,wings your way buffalo 12 pc,144,g,395,mg,4420,g,32,g,106,g,36,g,0,g,7,g,12,g
406,hilton garden inn,wings your way buffalo 6 pc,72,g,195,mg,2860,g,16,g,53,g,18,g,0,g,4,g,6,g
407,hilton garden inn,wings your way buffalo 9 pc,96,g,280,mg,3390,g,19,g,78,g,24,g,0,g,4,g,6,g
408,hilton garden inn,wings your way carolina gold 12 pc,96,g,335,mg,3250,g,57,g,103,g,25,g,0,g,3,g,39,g
409,hilton garden inn,wings your way carolina gold 6 pc,48,g,165,mg,1630,g,28,g,52,g,13,g,0,g,2,g,20,g
410,hilton garden inn,wings your way carolina gold 9 pc,72,g,250,mg,2340,g,39,g,77,g,19,g,0,g,2,g,26,g
411,hilton garden inn,wings your way sweet chili 12 pc,102,g,335,mg,3750,g,53,g,102,g,26,g,0,g,1,g,33,g
412,hilton garden inn,wings your way sweet chili 6 pc,51,g,165,mg,1880,g,26,g,51,g,13,g,0,g,0,g,16,g
413,hilton garden inn,wings your way sweet chili 9 pc,76,g,250,mg,2680,g,36,g,77,g,19,g,0,g,1,g,22,g
414,hilton garden inn,wings your way whiskey soy 12 pc,95,g,335,mg,3100,g,44,g,102,g,25,g,0,g,0,g,27,g
415,hilton garden inn,wings your way whiskey soy 6 pc,47,g,165,mg,1550,g,22,g,51,g,13,g,0,g,0,g,14,g
416,hilton garden inn,wings your way whiskey soy 9 pc,71,g,250,mg,2240,g,30,g,76,g,19,g,0,g,0,g,18,g
417,honey dew donuts,apple cider donut,16,g,30,mg,390,g,56,g,4,g,6,g,0,g,1,g,30,g
418,honey dew donuts,apple cider donut with cinnamon sugar,15,g,30,mg,390,g,50,g,4,g,6,g,0,g,1,g,26,g
419,honey dew donuts,apple filled donut,11,g,0,mg,340,g,40,g,5,g,4,g,0,g,1,g,10,g
420,honey dew donuts,apple fritter,21,g,0,mg,360,g,65,g,6,g,10,g,0,g,2,g,36,g
421,honey dew donuts,apple n spice muffin,31,g,105,mg,480,g,77,g,7,g,4,g,0,g,1,g,42,g
422,honey dew donuts,apple stick,18,g,20,mg,640,g,58,g,6,g,7,g,0,g,1,g,23,g
423,honey dew donuts,apple turnover,24,g,0,mg,290,g,45,g,6,g,8,g,0,g,0,g,10,g
424,honey dew donuts,asiago bagel,3.5,g,0,mg,760,g,73,g,13,g,1,g,0,g,2,g,9,g
425,honey dew donuts,bacon cage free egg and cheese croissant sandwich,30,g,185,mg,860,g,39,g,18,g,14,g,0,g,1,g,5,g
426,honey dew donuts,bagel asiago,3,g,5,mg,760,g,69,g,13,g,2,g,0,g,4,g,8,g
427,honey dew donuts,bagel blueberry,1,g,0,mg,710,g,66,g,11,g,0,g,0,g,4,g,8,g
428,honey dew donuts,bagel cinnamon rasin,1,g,0,mg,680,g,70,g,11,g,0,g,0,g,5,g,11,g
429,honey dew donuts,bagel everything,1,g,0,mg,720,g,70,g,12,g,1,g,0,g,5,g,8,g
430,honey dew donuts,bagel french toast,1,g,0,mg,690,g,70,g,11,g,0,g,0,g,4,g,11,g
431,honey dew donuts,bagel jalapeno cheddar,2,g,0,mg,740,g,68,g,12,g,0,g,0,g,4,g,8,g
432,honey dew donuts,bagel multigrain,2,g,0,mg,670,g,69,g,12,g,0,g,0,g,5,g,8,g
433,honey dew donuts,bagel onion,1,g,0,mg,730,g,71,g,12,g,0,g,0,g,4,g,8,g
434,honey dew donuts,bagel plain,1,g,0,mg,720,g,68,g,11,g,0,g,0,g,4,g,8,g
435,honey dew donuts,bagel sesame,2,g,0,mg,720,g,69,g,12,g,0,g,0,g,5,g,8,g
436,honey dew donuts,bagel whole wheat,1,g,0,mg,640,g,68,g,12,g,0,g,0,g,6,g,8,g
437,honey dew donuts,banana nut muffin,37,g,105,mg,470,g,79,g,8,g,6,g,0,g,0,g,44,g
438,honey dew donuts,banana smoothie,0,g,0,mg,0,g,78,g,0,g,0,g,0,g,2,g,64,g
439,honey dew donuts,banana smoothie with ice cream,4,g,15,mg,20,g,67,g,1,g,3,g,0,g,0,g,54,g
440,honey dew donuts,banana split latte hot,10,g,30,mg,115,g,36,g,9,g,5,g,0,g,0,g,36,g
441,honey dew donuts,banana split latte iced,13,g,40,mg,160,g,46,g,12,g,7,g,0,g,0,g,46,g
442,honey dew donuts,bavarian cream donut,12,g,0,mg,350,g,38,g,5,g,4.5,g,0,g,1,g,8,g
443,honey dew donuts,blueberry cake donut,21,g,15,mg,500,g,51,g,4,g,8,g,0,g,1,g,26,g
444,honey dew donuts,blueberry dew drops donuts,4,g,5,mg,90,g,10,g,1,g,1.5,g,0,g,0,g,5,g
445,honey dew donuts,blueberry muffin,29,g,100,mg,440,g,75,g,7,g,5,g,0,g,0,g,41,g
446,honey dew donuts,boston cream donut,13,g,0,mg,360,g,44,g,5,g,5,g,0,g,1,g,16,g
447,honey dew donuts,bread choice croissant,14,g,35,mg,360,g,38,g,7,g,9,g,0,g,1,g,5,g
448,honey dew donuts,bread choice multigrain croissant,18,g,45,mg,310,g,40,g,8,g,1,g,1,g,2,g,4,g
449,honey dew donuts,breakfast burrito,27,g,275,mg,1420,g,50,g,21,g,11,g,0,g,3,g,2,g
450,honey dew donuts,breakfast cup,17,g,255,mg,780,g,18,g,14,g,6,g,0,g,2,g,0,g
451,honey dew donuts,buttermilk biscuit,21,g,0,mg,730,g,40,g,7,g,14,g,0,g,1,g,5,g
452,honey dew donuts,butternut donut,21,g,15,mg,480,g,51,g,4,g,8,g,0,g,1,g,28,g
453,honey dew donuts,cage free egg,8,g,120,mg,105,g,1,g,5,g,2,g,0,g,0,g,0,g
454,honey dew donuts,cappuccino,3,g,10,mg,80,g,8,g,5,g,1,g,0,g,0,g,8,g
455,honey dew donuts,caramel chai,2,g,0,mg,55,g,18,g,1,g,2,g,0,g,0,g,16,g
456,honey dew donuts,caramel latte,6,g,20,mg,140,g,34,g,9,g,3.5,g,0,g,0,g,32,g
457,honey dew donuts,carrot cake muffin with nuts,30,g,95,mg,530,g,77,g,7,g,5,g,0,g,2,g,40,g
458,honey dew donuts,cheese danish,19,g,25,mg,300,g,32,g,5,g,7,g,0,g,0,g,14,g
459,honey dew donuts,cheeses american cheese,6,g,20,mg,300,g,1,g,3,g,4,g,0,g,0,g,0,g
460,honey dew donuts,cheeses cheddar cheese,5,g,20,mg,280,g,0,g,3,g,3,g,0,g,0,g,0,g
461,honey dew donuts,chive cream cheese,16,g,60,mg,280,g,4,g,2,g,9,g,0,g,0,g,2,g
462,honey dew donuts,chocolate avalanche croissant,17,g,30,mg,320,g,46,g,7,g,11,g,0,g,2,g,17,g
463,honey dew donuts,chocolate chip muffin,36,g,105,mg,460,g,86,g,8,g,9,g,0,g,0,g,52,g
464,honey dew donuts,chocolate chunk cookie,22,g,50,mg,310,g,77,g,6,g,12,g,0,g,3,g,52,g
465,honey dew donuts,chocolate covered strawberry latte hot 12 oz,10,g,30,mg,115,g,39,g,9,g,5,g,0,g,0,g,38,g
466,honey dew donuts,chocolate covered strawberry latte iced 16 oz,13,g,40,mg,160,g,44,g,12,g,7,g,0,g,0,g,44,g
467,honey dew donuts,chocolate dew drops donuts,4.5,g,5,mg,85,g,10,g,1,g,1.5,g,0,g,0,g,5,g
468,honey dew donuts,chocolate frosted donut,12,g,0,mg,340,g,39,g,5,g,3.5,g,0,g,1,g,12,g
469,honey dew donuts,chocolate frosted donut with sprinkles,13,g,0,mg,340,g,42,g,5,g,3.5,g,0,g,1,g,14,g
470,honey dew donuts,chocolate honey dip donut,22,g,20,mg,430,g,45,g,5,g,9,g,0,g,2,g,24,g
471,honey dew donuts,chocolate iced donut,23,g,15,mg,470,g,44,g,4,g,8,g,0,g,1,g,23,g
472,honey dew donuts,chocolate raspberry stick,29,g,0,mg,290,g,55,g,6,g,9,g,0,g,0,g,22,g
473,honey dew donuts,ciabatta roll,4,g,0,mg,460,g,42,g,8,g,1,g,0,g,2,g,0,g
474,honey dew donuts,cinnamon coffee cake muffin,37,g,105,mg,470,g,86,g,7,g,9,g,0,g,0,g,52,g
475,honey dew donuts,cinnamon dew drops donuts,4,g,5,mg,90,g,8,g,1,g,1.5,g,0,g,0,g,4,g
476,honey dew donuts,cinnamon donut,21,g,15,mg,460,g,33,g,4,g,8,g,0,g,1,g,13,g
477,honey dew donuts,cinnamon maple sausage sandwich,38,g,455,mg,1490,g,77,g,31,g,13,g,0,g,2,g,26,g
478,honey dew donuts,cinnamon raisin bagel,1,g,0,mg,680,g,77,g,13,g,0.5,g,0,g,3,g,15,g
479,honey dew donuts,cinnamon stick,28,g,0,mg,290,g,52,g,6,g,9,g,0,g,0,g,19,g
480,honey dew donuts,cinnamon stick with white drizzle,28,g,0,mg,290,g,56,g,6,g,9,g,0,g,0,g,23,g
481,honey dew donuts,coconut donut,24,g,15,mg,460,g,47,g,4,g,11,g,0,g,1,g,25,g
482,honey dew donuts,coffee roll,23,g,0,mg,440,g,62,g,6,g,11,g,0,g,1,g,31,g
483,honey dew donuts,coffee roll frosted,25,g,0,mg,450,g,80,g,6,g,11,g,0,g,1,g,48,g
484,honey dew donuts,cold brew and nitro cold brew with soft whip topping,8,g,0,mg,35,g,24,g,5,g,6,g,0,g,0,g,3,g
485,honey dew donuts,cold brew mocha,1,g,0,mg,60,g,13,g,1,g,1,g,0,g,1,g,11,g
486,honey dew donuts,cold brew smores,1,g,0,mg,45,g,19,g,1,g,0.5,g,0,g,0,g,17,g
487,honey dew donuts,cold brew sea salt caramel toffee,3,g,5,mg,190,g,36,g,6,g,1,g,0,g,0,g,16,g
488,honey dew donuts,condiments garlic and herb spread,7,g,30,mg,135,g,1,g,2,g,5,g,0,g,0,g,0,g
489,honey dew donuts,condiments ketchup,0,g,0,mg,85,g,3,g,0,g,0,g,0,g,0,g,2,g
490,honey dew donuts,condiments siracha sauce,0,g,0,mg,190,g,1,g,0,g,0,g,0,g,0,g,1,g
491,honey dew donuts,corn muffin,31,g,105,mg,470,g,88,g,8,g,5,g,0,g,0,g,41,g
492,honey dew donuts,country breakfast burger,37,g,185,mg,1010,g,40,g,26,g,16,g,0,g,1,g,4,g
493,honey dew donuts,croissant,10,g,25,mg,260,g,28,g,5,g,6,g,0,g,1,g,5,g
494,honey dew donuts,double chocolate donut,25,g,20,mg,430,g,50,g,5,g,9,g,0,g,2,g,28,g
495,honey dew donuts,egg,7,g,130,mg,130,g,1,g,4,g,1,g,0,g,0,g,0,g
496,honey dew donuts,egg and cheese wrap,15,g,175,mg,820,g,26,g,12,g,6,g,0,g,1,g,2,g
497,honey dew donuts,egg bites sausage,16,g,220,mg,680,g,4,g,16,g,7,g,0,g,0,g,2,g
498,honey dew donuts,egg bites three cheese,14,g,240,mg,620,g,6,g,16,g,7,g,0,g,0,g,2,g
499,honey dew donuts,egg white,0,g,5,mg,160,g,2,g,4,g,0,g,0,g,0,g,0,g
500,honey dew donuts,egg white and cheese flatbread sandwich,8,g,20,mg,730,g,32,g,15,g,3.5,g,0,g,4,g,2,g
501,honey dew donuts,egg white and cheese wrap,8,g,25,mg,810,g,25,g,12,g,4,g,0,g,1,g,1,g
502,honey dew donuts,eggs garden veggie egg white,1,g,5,mg,120,g,2,g,5,g,1,g,0,g,0,g,0,g
503,honey dew donuts,eggs western omelet egg,6,g,120,mg,290,g,1,g,6,g,2,g,0,g,0,g,0,g
504,honey dew donuts,electric blue lemonade,0,g,0,mg,0,g,78,g,0,g,0,g,0,g,0,g,75,g
505,honey dew donuts,espresso single shot,0,g,0,mg,0,g,0,g,0,g,0,g,0,g,0,g,0,g
506,honey dew donuts,everything bagel,6,g,0,mg,620,g,73,g,18,g,2,g,0,g,3,g,8,g
507,honey dew donuts,figure 8 danish,14,g,5,mg,240,g,35,g,3,g,4.5,g,0,g,0,g,17,g
508,honey dew donuts,french cruller,14,g,35,mg,85,g,20,g,1,g,6,g,0,g,0,g,12,g
509,honey dew donuts,french toast,5,g,130,mg,390,g,35,g,9,g,1,g,0,g,1,g,11,g
510,honey dew donuts,french toast bagel,3,g,15,mg,710,g,77,g,13,g,2,g,0,g,2,g,14,g
511,honey dew donuts,frozen caramel latte,23,g,85,mg,115,g,81,g,8,g,19,g,0,g,8,g,67,g
512,honey dew donuts,frozen fudgcicle,7,g,5,mg,290,g,78,g,3,g,4.5,g,0,g,3,g,72,g
513,honey dew donuts,frozen minty madness,26,g,85,mg,170,g,69,g,9,g,18,g,0,g,0,g,63,g
514,honey dew donuts,frozen mocha madness,19,g,60,mg,210,g,108,g,9,g,12,g,0,g,2,g,73,g
515,honey dew donuts,frozen oreo cookie coffee,10,g,25,mg,260,g,69,g,6,g,6,g,0,g,0,g,38,g
516,honey dew donuts,garden veggie egg white and cheese on whole grain english muffin,7,g,20,mg,510,g,26,g,10,g,3,g,0,g,1,g,3,g
517,honey dew donuts,garden veggie egg white wrap with cheese,10,g,25,mg,720,g,22,g,12,g,5,g,0,g,3,g,1,g
518,honey dew donuts,hash browns,13,g,0,mg,560,g,23,g,3,g,2,g,0,g,3,g,0,g
519,honey dew donuts,heart shaped donut,16,g,0,mg,340,g,61,g,5,g,7,g,0,g,2,g,31,g
520,honey dew donuts,homecut donut,21,g,15,mg,460,g,33,g,4,g,8,g,0,g,1,g,13,g
521,honey dew donuts,honey dew donut,21,g,15,mg,460,g,46,g,4,g,8,g,0,g,1,g,25,g
522,honey dew donuts,honey dew drops donuts,4,g,5,mg,90,g,9,g,1,g,1.5,g,0,g,1,g,5,g
523,honey dew donuts,honey dip dew drops donuts,3,g,0,mg,85,g,10,g,1,g,0,g,0,g,0,g,3,g
524,honey dew donuts,honey dip donut,10,g,0,mg,330,g,50,g,5,g,3.5,g,0,g,1,g,14,g
525,honey dew donuts,hot chocolate,2,g,5,mg,180,g,41,g,2,g,0,g,0,g,1,g,35,g
526,honey dew donuts,hot coffee extra large,0,g,0,mg,15,g,0,g,0,g,0,g,0,g,0,g,0,g
527,honey dew donuts,hot coffee large,0,g,0,mg,10,g,0,g,0,g,0,g,0,g,0,g,0,g
528,honey dew donuts,hot coffee medium,0,g,0,mg,10,g,0,g,0,g,0,g,0,g,0,g,0,g
529,honey dew donuts,hot coffee small,0,g,0,mg,15,g,1,g,0,g,0,g,0,g,0,g,0,g
530,honey dew donuts,iced cappuccino,3,g,15,mg,300,g,32,g,4,g,2.5,g,0,g,0,g,31,g
531,honey dew donuts,iced chai tea,6,g,20,mg,125,g,42,g,6,g,3.5,g,0,g,0,g,37,g
532,honey dew donuts,iced coffee extra large,0,g,0,mg,10,g,0,g,0,g,0,g,0,g,0,g,0,g
533,honey dew donuts,iced coffee large,0,g,0,mg,10,g,0,g,0,g,0,g,0,g,0,g,0,g
534,honey dew donuts,iced coffee medium,0,g,0,mg,10,g,0,g,0,g,0,g,0,g,0,g,0,g
535,honey dew donuts,iced coffee small,0,g,0,mg,15,g,1,g,0,g,0,g,0,g,0,g,0,g
536,honey dew donuts,iced latte,5,g,20,mg,115,g,13,g,9,g,3.5,g,0,g,0,g,14,g
537,honey dew donuts,iced latte with skim milk,0,g,5,mg,120,g,14,g,9,g,0,g,0,g,0,g,14,g
538,honey dew donuts,iced mocha cappuccino,2.5,g,35,mg,260,g,32,g,3,g,2,g,0,g,0,g,31,g
539,honey dew donuts,iced mocha latte,6,g,20,mg,130,g,35,g,10,g,4,g,0,g,1,g,35,g
540,honey dew donuts,iced mocha madness,1,g,5,mg,90,g,20,g,1,g,0,g,0,g,1,g,18,g
541,honey dew donuts,jalapeno cheddar bagel,3.5,g,5,mg,900,g,65,g,13,g,2,g,0,g,5,g,8,g
542,honey dew donuts,jelly donut,11,g,0,mg,340,g,55,g,5,g,4,g,0,g,1,g,21,g
543,honey dew donuts,jelly filled dew drops donuts,3,g,0,mg,85,g,14,g,1,g,0,g,0,g,0,g,6,g
544,honey dew donuts,jelly sticks,18,g,20,mg,640,g,67,g,6,g,7,g,0,g,1,g,29,g
545,honey dew donuts,latte,0,g,5,mg,95,g,11,g,7,g,0,g,0,g,0,g,11,g
546,honey dew donuts,lemon filled donut,12,g,0,mg,400,g,41,g,5,g,4.5,g,0,g,1,g,10,g
547,honey dew donuts,lemon poppy muffin,35,g,115,mg,500,g,81,g,8,g,6,g,0,g,1,g,44,g
548,honey dew donuts,lemonade,0,g,0,mg,0,g,60,g,0,g,0,g,0,g,0,g,56,g
549,honey dew donuts,lemonade smoothie,0,g,0,mg,10,g,74,g,0,g,0,g,0,g,6,g,58,g
550,honey dew donuts,lemonade smoothie with red bull,0,g,0,mg,220,g,139,g,1,g,0,g,0,g,9,g,114,g
551,honey dew donuts,lemonade with bursting pearls,0,g,0,mg,5,g,63,g,0,g,0,g,0,g,0,g,57,g
552,honey dew donuts,light multigrain english muffin,1,g,0,mg,140,g,21,g,5,g,0,g,0,g,2,g,4,g
553,honey dew donuts,light plain cream cheese 1 oz,8,g,30,mg,190,g,2,g,4,g,5,g,0,g,0,g,2,g
554,honey dew donuts,light plain cream cheese 2 oz,8,g,30,mg,190,g,2,g,4,g,5,g,0,g,0,g,2,g
555,honey dew donuts,low fat blueberry muffin,9,g,0,mg,690,g,80,g,8,g,2,g,0,g,0,g,46,g
556,honey dew donuts,mac n cheese,17,g,30,mg,730,g,41,g,14,g,6,g,0.5,g,2,g,9,g
557,honey dew donuts,maple pancake sausage sandwich,32,g,195,mg,1030,g,38,g,15,g,11,g,0,g,0,g,16,g
558,honey dew donuts,meats bacon,3,g,10,mg,115,g,0,g,3,g,1,g,0,g,0,g,0,g
559,honey dew donuts,meats chorizo,14,g,30,mg,360,g,1,g,6,g,5,g,0,g,0,g,0,g
560,honey dew donuts,meats ham,3,g,25,mg,660,g,0,g,9,g,1,g,0,g,0,g,0,g
561,honey dew donuts,meats linguica,9,g,40,mg,510,g,1,g,11,g,4,g,0,g,0,g,0,g
562,honey dew donuts,meats sausage,22,g,45,mg,380,g,0,g,9,g,8,g,0,g,0,g,0,g
563,honey dew donuts,meats steak,4,g,35,mg,810,g,3,g,14,g,2,g,0,g,0,g,2,g
564,honey dew donuts,meats turkey sausage,6,g,35,mg,270,g,0,g,7,g,2,g,0,g,0,g,0,g
565,honey dew donuts,meats willow tree chicken salad,35,g,75,mg,390,g,4,g,22,g,5,g,0,g,0,g,2,g
566,honey dew donuts,mocha espresso,2,g,5,mg,210,g,45,g,2,g,0.5,g,0,g,1,g,39,g
567,honey dew donuts,mocha latte,5,g,15,mg,105,g,32,g,8,g,3,g,0,g,1,g,32,g
568,honey dew donuts,mocha madness,1,g,0,mg,90,g,14,g,1,g,0,g,0,g,0,g,12,g
569,honey dew donuts,mocha muffin,24,g,35,mg,270,g,62,g,7,g,7,g,0,g,0,g,34,g
570,honey dew donuts,mocha muffin top,11,g,15,mg,120,g,27,g,3,g,3,g,0,g,0,g,15,g
571,honey dew donuts,multigrain bagel,3.5,g,0,mg,660,g,70,g,13,g,0.5,g,0,g,6,g,9,g
572,honey dew donuts,multigrain croissant,17,g,45,mg,300,g,41,g,6,g,10,g,0,g,2,g,4,g
573,honey dew donuts,multigrain wrap,5,g,0,mg,340,g,23,g,5,g,1,g,0,g,3,g,1,g
574,honey dew donuts,oatmeal raisin cookie,15,g,50,mg,260,g,78,g,7,g,8,g,0,g,5,g,50,g
575,honey dew donuts,onion bagel,1,g,0,mg,630,g,83,g,12,g,0,g,0,g,6,g,8,g
576,honey dew donuts,oreo cookie blast smoothie,29,g,85,mg,270,g,85,g,10,g,18,g,0,g,1,g,73,g
577,honey dew donuts,original english muffin,2,g,0,mg,240,g,23,g,4,g,0,g,0,g,1,g,1,g
578,honey dew donuts,peach iced tea,0,g,0,mg,0,g,24,g,0,g,0,g,0,g,0,g,24,g
579,honey dew donuts,peanut butter cookie,31,g,20,mg,240,g,72,g,7,g,9,g,0,g,2,g,53,g
580,honey dew donuts,peppermint mocha latte hot,10,g,30,mg,115,g,43,g,9,g,5,g,0,g,0,g,39,g
581,honey dew donuts,peppermint mocha madness,10,g,30,mg,115,g,43,g,9,g,5,g,0,g,0,g,39,g
582,honey dew donuts,pina colada smoothie,5,g,0,mg,20,g,74,g,2,g,5,g,0,g,4,g,66,g
583,honey dew donuts,pistachio nut muffin,37,g,110,mg,490,g,79,g,8,g,6,g,0,g,0,g,43,g
584,honey dew donuts,plain bagel,0,g,0,mg,730,g,75,g,13,g,0.5,g,0,g,2,g,10,g
585,honey dew donuts,plain cream cheese,12,g,50,mg,170,g,2,g,2,g,7,g,0,g,0,g,2,g
586,honey dew donuts,plain dew drops donuts,4,g,5,mg,90,g,7,g,1,g,1.5,g,0,g,1,g,3,g
587,honey dew donuts,plain stick,18,g,20,mg,620,g,47,g,1,g,7,g,0,g,1,g,16,g
588,honey dew donuts,powdered donut,21,g,15,mg,460,g,38,g,4,g,8,g,0,g,1,g,17,g
589,honey dew donuts,pumpkin chai,2,g,0,mg,40,g,18,g,1,g,2,g,0,g,0,g,15,g
590,honey dew donuts,pumpkin iced cappuccino,3,g,15,mg,300,g,40,g,4,g,2.5,g,0,g,0,g,39,g
591,honey dew donuts,pumpkin muffin,32,g,110,mg,480,g,79,g,7,g,6,g,0,g,1,g,43,g
592,honey dew donuts,raisin bran muffin,29,g,100,mg,440,g,89,g,8,g,5,g,0,g,0,g,43,g
593,honey dew donuts,raspberry iced tea,0,g,0,mg,0,g,25,g,0,g,0,g,0,g,0,g,24,g
594,honey dew donuts,raspberry lemonade,0,g,0,mg,0,g,60,g,0,g,0,g,0,g,0,g,56,g
595,honey dew donuts,raspberry red bull iced,0,g,0,mg,200,g,53,g,1,g,0,g,0,g,0,g,51,g
596,honey dew donuts,raspberry stick,28,g,0,mg,290,g,52,g,6,g,9,g,0,g,0,g,19,g
597,honey dew donuts,raspberry sugarfree red bull iced,0,g,0,mg,200,g,28,g,1,g,0,g,0,g,0,g,24,g
598,honey dew donuts,sea salt caramel toffee hot latte,10,g,30,mg,290,g,30,g,9,g,6,g,0,g,0,g,28,g
599,honey dew donuts,sea salt caramel toffee iced latte,15,g,45,mg,420,g,45,g,13,g,8,g,0,g,0,g,43,g
600,honey dew donuts,sesame bagel,4,g,0,mg,620,g,65,g,18,g,2.5,g,0,g,2,g,8,g
601,honey dew donuts,sparkling water,0,g,0,mg,20,g,8,g,0,g,0,g,0,g,0,g,12,g
602,honey dew donuts,spinach and feta pastry pocket,19,g,65,mg,420,g,32,g,7,g,11,g,0,g,1,g,5,g
603,honey dew donuts,strawberry frosted donut,11,g,0,mg,360,g,42,g,5,g,4,g,0,g,1,g,15,g
604,honey dew donuts,strawberry frosted donut with sprinkles,12,g,0,mg,360,g,47,g,5,g,4.5,g,0,g,1,g,15,g
605,honey dew donuts,strawberry fruit smoothie,0,g,0,mg,0,g,74,g,0,g,0,g,0,g,4,g,62,g
606,honey dew donuts,strawberry fruit smoothie with ice cream,4,g,15,mg,20,g,81,g,1,g,3,g,0,g,4,g,69,g
607,honey dew donuts,strawberry iced tea,0,g,0,mg,0,g,25,g,0,g,0,g,0,g,0,g,25,g
608,honey dew donuts,strawberry iced tea with bursting pearls,0,g,0,mg,20,g,43,g,0,g,0,g,0,g,0,g,38,g
609,honey dew donuts,strawberry lemonade,0,g,0,mg,0,g,62,g,0,g,0,g,0,g,0,g,58,g
610,honey dew donuts,strawberry red bull iced,0,g,0,mg,200,g,53,g,1,g,0,g,0,g,0,g,52,g
611,honey dew donuts,strawberry smoothie made with red bull,0,g,0,mg,200,g,139,g,1,g,0,g,0,g,6,g,120,g
612,honey dew donuts,strawberry sugarfree red bull iced,0,g,0,mg,200,g,28,g,1,g,0,g,0,g,0,g,25,g
613,honey dew donuts,strawberry yogurt parfait,6,g,5,mg,200,g,51,g,16,g,1.5,g,0,g,3,g,31,g
614,honey dew donuts,sugar free raspberry red bull iced,0,g,0,mg,200,g,32,g,1,g,0,g,0,g,0,g,27,g
615,honey dew donuts,sugar jelly stick,18,g,20,mg,640,g,67,g,6,g,7,g,0,g,1,g,29,g
616,honey dew donuts,sugar raised donut,10,g,0,mg,330,g,31,g,5,g,3.5,g,0,g,1,g,5,g
617,honey dew donuts,sugar stick,18,g,20,mg,620,g,53,g,6,g,7,g,0,g,1,g,22,g
618,honey dew donuts,toffee nut latte iced,13,g,45,mg,230,g,40,g,13,g,7,g,0,g,0,g,39,g
619,honey dew donuts,triple double sandwich,59,g,680,mg,2270,g,78,g,47,g,22,g,0,g,2,g,25,g
620,honey dew donuts,turkey sausage sandwich,13,g,25,mg,780,g,26,g,17,g,5,g,0,g,1,g,3,g
621,honey dew donuts,vanilla caramel latte,9,g,30,mg,140,g,30,g,9,g,5,g,0,g,0,g,30,g
622,honey dew donuts,vanilla caramel latte iced,14,g,45,mg,190,g,38,g,13,g,8,g,0,g,0,g,38,g
623,honey dew donuts,vanilla chai,2,g,0,mg,35,g,13,g,1,g,2,g,0,g,0,g,10,g
624,honey dew donuts,vanilla frosted donut,11,g,0,mg,340,g,40,g,5,g,3.5,g,0,g,1,g,13,g
625,honey dew donuts,vanilla yogurt parfait,6,g,5,mg,200,g,51,g,16,g,1.5,g,0,g,3,g,31,g
626,honey dew donuts,veggie cream cheese,12,g,25,mg,300,g,26,g,2,g,8,g,0,g,0,g,2,g
627,honey dew donuts,watermelon lemonade,0,g,0,mg,0,g,53,g,0,g,0,g,0,g,0,g,50,g
628,honey dew donuts,wheat bagel,1.5,g,0,mg,660,g,75,g,13,g,0.5,g,0,g,3,g,11,g
629,honey dew donuts,white hot chocolate,8,g,0,mg,280,g,29,g,1,g,6,g,0,g,0,g,23,g
630,honey dew donuts,white wrap,4,g,0,mg,330,g,22,g,4,g,1,g,0,g,1,g,1,g
631,hosss family steak and sea house,2 milk,5,g,20,mg,125,g,12,g,8,g,3,g,0,g,0,g,12,g
632,hosss family steak and sea house,3 5oz burger,15,g,35,mg,320,g,14,g,13,g,4.5,g,0.5,g,1,g,3,g
633,hosss family steak and sea house,a 1 steak sauce,0,g,0,mg,280,g,3,g,0,g,0,g,0,g,0,g,2,g
634,hosss family steak and sea house,amish macaroni salad,3.5,g,10,mg,90,g,7,g,1,g,0.5,g,0,g,0,g,3,g
635,hosss family steak and sea house,amish potato salad,3,g,5,mg,70,g,6,g,1,g,0,g,0,g,1,g,2,g
636,hosss family steak and sea house,apple butter,0,g,0,mg,0,g,5,g,0,g,0,g,0,g,0,g,5,g
637,hosss family steak and sea house,apple crisp,0,g,0,mg,25,g,12,g,0,g,0,g,0,g,0,g,10,g
638,hosss family steak and sea house,apple juice box,0,g,0,mg,10,g,24,g,0,g,0,g,0,g,0,g,23,g
639,hosss family steak and sea house,apple pie,7,g,5,mg,150,g,74,g,2,g,3,g,0,g,0,g,50,g
640,hosss family steak and sea house,applesauce,0,g,0,mg,10,g,20,g,0,g,0,g,0,g,2,g,16,g
641,hosss family steak and sea house,asian chopped chicken salad,1,g,5,mg,5,g,1,g,2,g,0,g,0,g,0,g,0,g
642,hosss family steak and sea house,au jus,0,g,0,mg,380,g,0,g,0,g,0,g,0,g,0,g,0,g
643,hosss family steak and sea house,bacon bits,1,g,0,mg,125,g,2,g,3,g,0,g,0,g,0,g,0,g
644,hosss family steak and sea house,baked potato with margarine,11,g,0,mg,130,g,37,g,4,g,2,g,3,g,4,g,2,g
645,hosss family steak and sea house,baked sweet potato with margarine,12,g,0,mg,135,g,71,g,4,g,2,g,3,g,10,g,1,g
646,hosss family steak and sea house,baked whitefish,11,g,90,mg,550,g,0,g,32,g,2,g,0,g,0,g,0,g
647,hosss family steak and sea house,balsamic vinegar,0,g,0,mg,0,g,2,g,0,g,0,g,0,g,0,g,2,g
648,hosss family steak and sea house,banana cake,4,g,0,mg,210,g,27,g,2,g,1.5,g,0,g,0,g,17,g
649,hosss family steak and sea house,banana grenadine,0,g,0,mg,0,g,7,g,0,g,0,g,0,g,1,g,5,g
650,hosss family steak and sea house,basil tomato bisque,4,g,0,mg,300,g,10,g,2,g,4,g,0,g,0,g,6,g
651,hosss family steak and sea house,bbq beans,0,g,0,mg,140,g,6,g,1,g,0,g,0,g,1,g,4,g
652,hosss family steak and sea house,bbq chicken sandwich w fries,42,g,115,mg,980,g,63,g,43,g,6,g,0,g,4,g,9,g
653,hosss family steak and sea house,beef barley soup,3.5,g,10,mg,410,g,8,g,4,g,1,g,0,g,1,g,0,g
654,hosss family steak and sea house,beef vegetable soup,2.5,g,5,mg,710,g,6,g,3,g,1,g,0,g,1,g,2,g
655,hosss family steak and sea house,beefaroni,6,g,10,mg,830,g,31,g,8,g,1.5,g,0,g,4,g,15,g
656,hosss family steak and sea house,beets,0,g,0,mg,60,g,2,g,0,g,0,g,0,g,0,g,1,g
657,hosss family steak and sea house,black n blue topping,32,g,30,mg,670,g,2,g,2,g,7,g,0,g,0,g,2,g
658,hosss family steak and sea house,black olives,4.5,g,0,mg,250,g,0,g,0,g,0,g,0,g,0,g,0,g
659,hosss family steak and sea house,blackberry flavored iced tea,0,g,0,mg,0,g,39,g,0,g,0,g,0,g,0,g,38,g
660,hosss family steak and sea house,blackberry flavored lemonade,0,g,0,mg,90,g,48,g,0,g,0,g,0,g,0,g,47,g
661,hosss family steak and sea house,blt salad,7,g,10,mg,90,g,7,g,2,g,1.5,g,0,g,0,g,0,g
662,hosss family steak and sea house,blueberry pie,7,g,5,mg,150,g,64,g,2,g,3,g,0,g,0,g,30,g
663,hosss family steak and sea house,boston clam chowder,4,g,10,mg,380,g,9,g,4,g,1.5,g,0,g,0,g,3,g
664,hosss family steak and sea house,bread pudding,1,g,5,mg,35,g,11,g,1,g,0.5,g,0,g,0,g,8,g
665,hosss family steak and sea house,breaded chicken sandwich,8,g,20,mg,560,g,22,g,0,g,4.5,g,0,g,0,g,0,g
666,hosss family steak and sea house,broccoli florets,0,g,0,mg,10,g,1,g,1,g,0,g,0,g,1,g,0,g
667,hosss family steak and sea house,broccoli salad,3.5,g,5,mg,45,g,5,g,1,g,0.5,g,0,g,1,g,4,g
668,hosss family steak and sea house,brown sugar and cinnamon topping,0,g,0,mg,0,g,31,g,0,g,0,g,0,g,0,g,31,g
669,hosss family steak and sea house,brownies,6,g,0,mg,130,g,28,g,2,g,0,g,1,g,1,g,18,g
670,hosss family steak and sea house,buffalo chicken filet,39,g,40,mg,1720,g,32,g,19,g,6,g,0,g,1,g,0,g
671,hosss family steak and sea house,buffalo chicken salad,4,g,10,mg,100,g,6,g,3,g,1,g,0,g,0,g,0,g
672,hosss family steak and sea house,buffalo chicken sandwich w fries,72,g,50,mg,2650,g,95,g,31,g,10,g,0,g,5,g,4,g
673,hosss family steak and sea house,buffalo chicken soup,8,g,15,mg,520,g,14,g,5,g,5,g,0,g,0,g,2,g
674,hosss family steak and sea house,buffalo chicken tenders,50,g,55,mg,1350,g,34,g,24,g,7,g,0,g,2,g,0,g
675,hosss family steak and sea house,burgundy steak 8 oz,20,g,80,mg,1020,g,5,g,41,g,5,g,0,g,0,g,2,g
676,hosss family steak and sea house,burgundy tips 6 ounce,17,g,60,mg,770,g,3,g,31,g,4.5,g,0,g,0,g,2,g
677,hosss family steak and sea house,butter pcs,4,g,10,mg,30,g,0,g,0,g,2.5,g,0,g,0,g,0,g
678,hosss family steak and sea house,butter scotch pudding,1,g,0,mg,55,g,6,g,0,g,0,g,0,g,0,g,3,g
679,hosss family steak and sea house,buttered mushrooms,27,g,0,mg,430,g,3,g,2,g,5,g,7,g,1,g,1,g
680,hosss family steak and sea house,caesar dressing,13,g,10,mg,320,g,1,g,1,g,2,g,0,g,0,g,0,g
681,hosss family steak and sea house,caesar salad,5,g,10,mg,590,g,20,g,10,g,2.5,g,0,g,4,g,2,g
682,hosss family steak and sea house,candy buttons,1.5,g,0,mg,0,g,5,g,0,g,1.5,g,0,g,0,g,4,g
683,hosss family steak and sea house,cantaloupe,0,g,0,mg,10,g,6,g,1,g,0,g,0,g,1,g,6,g
684,hosss family steak and sea house,caramel topping,1,g,5,mg,125,g,22,g,0,g,0.5,g,0,g,0,g,17,g
685,hosss family steak and sea house,carrot cake w cream cheese icing,17,g,0,mg,230,g,33,g,3,g,2.5,g,0,g,1,g,22,g
686,hosss family steak and sea house,carrots,0,g,0,mg,20,g,3,g,0,g,0,g,0,g,1,g,1,g
687,hosss family steak and sea house,cauliflower,0,g,0,mg,10,g,1,g,1,g,0,g,0,g,1,g,1,g
688,hosss family steak and sea house,cheddar bay cheese soup,8,g,10,mg,460,g,7,g,3,g,4,g,1,g,0,g,2,g
689,hosss family steak and sea house,cheese cake,4.5,g,5,mg,160,g,13,g,2,g,3,g,0,g,0,g,10,g
690,hosss family steak and sea house,cheese flavored guppies crackers,6,g,5,mg,360,g,18,g,3,g,3.5,g,0,g,0,g,1,g
691,hosss family steak and sea house,cheese sauce,0,g,0,mg,140,g,4,g,0,g,0,g,0,g,0,g,1,g
692,hosss family steak and sea house,cheeseburger soup,8,g,20,mg,460,g,8,g,5,g,5,g,0,g,0,g,2,g
693,hosss family steak and sea house,cheez it crackers,8,g,0,mg,250,g,17,g,3,g,2,g,0,g,0,g,0,g
694,hosss family steak and sea house,cherry gelatin,0,g,0,mg,85,g,15,g,1,g,0,g,0,g,0,g,15,g
695,hosss family steak and sea house,cherry pie,7,g,5,mg,150,g,60,g,2,g,3,g,0,g,2,g,20,g
696,hosss family steak and sea house,chick peas,0,g,0,mg,85,g,4,g,1,g,0,g,0,g,2,g,1,g
697,hosss family steak and sea house,chicken corn rivel soup,1,g,10,mg,440,g,7,g,3,g,0,g,0,g,1,g,2,g
698,hosss family steak and sea house,chicken filet bbq,13,g,95,mg,330,g,6,g,30,g,2.5,g,0,g,0,g,5,g
699,hosss family steak and sea house,chicken filet italian marinated,8,g,115,mg,180,g,1,g,35,g,1.5,g,0,g,0,g,1,g
700,hosss family steak and sea house,chicken noodle soup,1,g,15,mg,570,g,9,g,4,g,0,g,0,g,1,g,1,g
701,hosss family steak and sea house,chicken parmesan and pasta,45,g,45,mg,1150,g,135,g,36,g,8,g,0,g,5,g,14,g
702,hosss family steak and sea house,chicken pot pie,1,g,10,mg,450,g,40,g,4,g,0,g,0,g,0,g,1,g
703,hosss family steak and sea house,chicken tenders with tater tots,51,g,35,mg,970,g,38,g,18,g,8,g,0,g,3,g,0,g
704,hosss family steak and sea house,chicken tortilla soup,1.5,g,15,mg,650,g,5,g,5,g,0,g,0,g,1,g,3,g
705,hosss family steak and sea house,chili,2,g,5,mg,420,g,11,g,5,g,0.5,g,0,g,3,g,3,g
706,hosss family steak and sea house,chili powder,0,g,0,mg,55,g,2,g,0,g,0,g,0,g,0,g,1,g
707,hosss family steak and sea house,chocolate chip cookie,4,g,5,mg,50,g,12,g,1,g,1.5,g,0,g,0,g,6,g
708,hosss family steak and sea house,chocolate milk,8,g,25,mg,190,g,26,g,8,g,4.5,g,0,g,0,g,27,g
709,hosss family steak and sea house,chocolate milk shake,18,g,50,mg,460,g,130,g,12,g,10,g,0,g,2,g,88,g
710,hosss family steak and sea house,chocolate pudding,2,g,0,mg,30,g,6,g,0,g,3,g,1,g,0,g,5,g
711,hosss family steak and sea house,chocolate pudding w splenda,1,g,0,mg,45,g,4,g,0,g,0,g,0,g,0,g,0,g
712,hosss family steak and sea house,chocolate syrup,0,g,0,mg,80,g,23,g,1,g,0,g,0,g,1,g,16,g
713,hosss family steak and sea house,chopped eggs,3,g,105,mg,35,g,0,g,4,g,1,g,0,g,0,g,0,g
714,hosss family steak and sea house,chow mein noodles,5,g,0,mg,230,g,19,g,3,g,1.5,g,1.5,g,0,g,0,g
715,hosss family steak and sea house,chunky blue cheese dressing,17,g,15,mg,270,g,1,g,1,g,3.5,g,0,g,0,g,1,g
716,hosss family steak and sea house,cinnamon bread,1.5,g,0,mg,110,g,12,g,2,g,0.5,g,0,g,1,g,2,g
717,hosss family steak and sea house,cinnamon granola,1,g,0,mg,0,g,5,g,1,g,0,g,0,g,0,g,1,g
718,hosss family steak and sea house,cinnamon honey spread,7,g,0,mg,75,g,4,g,0,g,1.5,g,2,g,0,g,4,g
719,hosss family steak and sea house,cleaver cut steak 9 oz,34,g,165,mg,1470,g,0,g,48,g,12,g,0,g,0,g,0,g
720,hosss family steak and sea house,cocktail sauce,0,g,0,mg,380,g,5,g,1,g,0,g,0,g,1,g,5,g
721,hosss family steak and sea house,coffee,0,g,0,mg,0,g,0,g,0,g,0,g,0,g,0,g,0,g
722,hosss family steak and sea house,cole slaw,3.5,g,5,mg,50,g,5,g,0,g,0,g,0,g,1,g,4,g
723,hosss family steak and sea house,cookies and cream,1,g,0,mg,35,g,5,g,0,g,0,g,0,g,0,g,2,g
724,hosss family steak and sea house,cool cucumber pasta salad,0,g,0,mg,75,g,12,g,2,g,0,g,0,g,1,g,4,g
725,hosss family steak and sea house,cottage cheese,1.5,g,15,mg,480,g,6,g,14,g,1,g,0,g,0,g,4,g
726,hosss family steak and sea house,crab cake,14,g,70,mg,710,g,6,g,17,g,1.5,g,0,g,0,g,0,g
727,hosss family steak and sea house,crab cake sandwich w fries,43,g,75,mg,1660,g,71,g,26,g,5,g,0,g,5,g,8,g
728,hosss family steak and sea house,crab leg salad,4,g,5,mg,160,g,2,g,1,g,0.5,g,0,g,0,g,1,g
729,hosss family steak and sea house,cream of broccoli soup,3.5,g,0,mg,730,g,9,g,1,g,2.5,g,0,g,1,g,2,g
730,hosss family steak and sea house,cream of chicken soup,7,g,15,mg,530,g,10,g,4,g,4,g,0,g,0,g,3,g
731,hosss family steak and sea house,cream of crab soup,6,g,20,mg,330,g,10,g,3,g,4.5,g,0,g,0,g,2,g
732,hosss family steak and sea house,cream of mushroom soup,4.5,g,0,mg,710,g,10,g,1,g,3.5,g,0,g,0,g,2,g
733,hosss family steak and sea house,cream of potato soup,3.5,g,5,mg,360,g,13,g,2,g,3,g,0,g,1,g,2,g
734,hosss family steak and sea house,cream of tomato soup,5,g,0,mg,370,g,10,g,2,g,2,g,1,g,1,g,6,g
735,hosss family steak and sea house,creamy cucumber salad,0,g,0,mg,5,g,2,g,0,g,0,g,0,g,0,g,2,g
736,hosss family steak and sea house,creamy peanut butter,8,g,0,mg,65,g,4,g,3,g,2,g,0,g,1,g,2,g
737,hosss family steak and sea house,crispy chicken sandwich w fries,72,g,50,mg,1880,g,84,g,31,g,10,g,0,g,5,g,4,g
738,hosss family steak and sea house,crispy fried chicken filet,39,g,40,mg,810,g,21,g,19,g,6,g,0,g,1,g,0,g
739,hosss family steak and sea house,crispy fried chicken tenders,50,g,55,mg,900,g,29,g,24,g,7,g,0,g,2,g,0,g
740,hosss family steak and sea house,crispy rice treats,6,g,0,mg,180,g,37,g,1,g,1,g,1.5,g,0,g,18,g
741,hosss family steak and sea house,croutons,1,g,0,mg,85,g,5,g,1,g,0,g,0,g,0,g,0,g
742,hosss family steak and sea house,diced cucumbers,0,g,0,mg,0,g,1,g,0,g,0,g,0,g,0,g,0,g
743,hosss family steak and sea house,diced green peppers,0,g,0,mg,0,g,1,g,0,g,0,g,0,g,0,g,1,g
744,hosss family steak and sea house,diced peaches,0,g,0,mg,10,g,12,g,0,g,0,g,0,g,0,g,10,g
745,hosss family steak and sea house,diced tomato,0,g,0,mg,0,g,1,g,0,g,0,g,0,g,0,g,1,g
746,hosss family steak and sea house,diet dr pepper,0,g,0,mg,75,g,0,g,0,g,0,g,0,g,0,g,0,g
747,hosss family steak and sea house,diet pepsi,0,g,0,mg,40,g,0,g,0,g,0,g,0,g,0,g,0,g
748,hosss family steak and sea house,dijon horseradish,13,g,10,mg,250,g,6,g,0,g,2,g,0,g,0,g,5,g
749,hosss family steak and sea house,dill sauce,17,g,20,mg,120,g,1,g,0,g,3,g,0,g,0,g,0,g
750,hosss family steak and sea house,dr pepper,0,g,0,mg,20,g,40,g,0,g,0,g,0,g,0,g,38,g
751,hosss family steak and sea house,drawn butter,45,g,120,mg,360,g,0,g,0,g,28,g,0,g,0,g,0,g
752,hosss family steak and sea house,drive in burger,111,g,235,mg,3500,g,35,g,45,g,43,g,1.5,g,0,g,14,g
753,hosss family steak and sea house,extra virgin olive oil,14,g,0,mg,0,g,0,g,0,g,2,g,0,g,0,g,0,g
754,hosss family steak and sea house,fat free italian dressing,0,g,0,mg,490,g,3,g,0,g,0,g,0,g,0,g,2,g
755,hosss family steak and sea house,filet mignon steak 7 oz,21,g,120,mg,1210,g,0,g,40,g,6,g,0,g,0,g,0,g
756,hosss family steak and sea house,flat iron steak,43,g,140,mg,1460,g,1,g,36,g,15,g,2,g,0,g,0,g
757,hosss family steak and sea house,french fries,34,g,0,mg,650,g,35,g,3,g,4,g,0,g,3,g,0,g
758,hosss family steak and sea house,french onion soup,3,g,0,mg,390,g,4,g,0,g,0.5,g,1,g,0,g,2,g
759,hosss family steak and sea house,fried cheese,72,g,50,mg,1630,g,46,g,16,g,11,g,0,g,4,g,5,g
760,hosss family steak and sea house,fried shrimp and fries,55,g,35,mg,1140,g,49,g,12,g,6,g,0,g,4,g,2,g
761,hosss family steak and sea house,fried whitefish,58,g,85,mg,1130,g,38,g,26,g,15,g,0,g,1,g,0,g
762,hosss family steak and sea house,fried whitefish sandwich w fries,88,g,85,mg,2260,g,121,g,40,g,19,g,0,g,8,g,5,g
763,hosss family steak and sea house,fruit salad,0,g,0,mg,15,g,21,g,1,g,0,g,0,g,2,g,18,g
764,hosss family steak and sea house,garlic bread,2.5,g,0,mg,160,g,13,g,2,g,0,g,0.5,g,0,g,0,g
765,hosss family steak and sea house,granulated peanuts,3.5,g,0,mg,0,g,2,g,2,g,0,g,0,g,1,g,0,g
766,hosss family steak and sea house,grapes,0,g,0,mg,10,g,14,g,0,g,0,g,0,g,1,g,13,g
767,hosss family steak and sea house,grated parmesan cheese,4.5,g,15,mg,340,g,0,g,6,g,3,g,0,g,0,g,0,g
768,hosss family steak and sea house,green olives,1.5,g,0,mg,170,g,0,g,0,g,0,g,0,g,0,g,0,g
769,hosss family steak and sea house,green peas,0,g,0,mg,30,g,4,g,2,g,0,g,0,g,1,g,1,g
770,hosss family steak and sea house,grilled cheese with tater tots,36,g,40,mg,1590,g,63,g,18,g,11,g,1,g,2,g,2,g
771,hosss family steak and sea house,grilled chicken filet,20,g,115,mg,450,g,0,g,35,g,2.5,g,0,g,0,g,0,g
772,hosss family steak and sea house,grilled chicken sandwich w fries,42,g,125,mg,1220,g,58,g,46,g,6,g,0,g,4,g,4,g
773,hosss family steak and sea house,grilled peppers and onions,1,g,0,mg,20,g,4,g,0,g,0,g,0,g,1,g,2,g
774,hosss family steak and sea house,ground sirloin meal w baked potato,57,g,130,mg,1170,g,37,g,36,g,18,g,5,g,4,g,2,g
775,hosss family steak and sea house,gummy bears,0,g,0,mg,0,g,5,g,1,g,0,g,0,g,0,g,4,g
776,hosss family steak and sea house,half and half,0,g,0,mg,55,g,22,g,0,g,0,g,0,g,0,g,22,g
777,hosss family steak and sea house,ham and bean soup,1,g,5,mg,400,g,7,g,2,g,0,g,0,g,2,g,1,g
778,hosss family steak and sea house,ham pot pie,1,g,10,mg,460,g,9,g,2,g,0,g,0,g,1,g,1,g
779,hosss family steak and sea house,ham cabbage and potato soup,1,g,5,mg,350,g,5,g,1,g,0,g,0,g,1,g,1,g
780,hosss family steak and sea house,ham green beans and potato soup,0.5,g,5,mg,300,g,6,g,1,g,0,g,0,g,1,g,1,g
781,hosss family steak and sea house,hamburger stroganoff soup,4.5,g,10,mg,560,g,15,g,4,g,2.5,g,0,g,1,g,2,g
782,hosss family steak and sea house,hawaiian delight,1.5,g,0,mg,15,g,6,g,1,g,1,g,0,g,0,g,4,g
783,hosss family steak and sea house,heinz 57 sauce,0,g,0,mg,180,g,4,g,0,g,0,g,0,g,0,g,4,g
784,hosss family steak and sea house,heinz worcestershire sauce,0,g,0,mg,180,g,0,g,0,g,0,g,0,g,0,g,0,g
785,hosss family steak and sea house,honey corn muffin,3.5,g,10,mg,150,g,16,g,1,g,0.5,g,0,g,0,g,6,g
786,hosss family steak and sea house,honey french,12,g,0,mg,210,g,7,g,0,g,2,g,0,g,0,g,6,g
787,hosss family steak and sea house,honey mustard sauce,1.5,g,0,mg,140,g,11,g,0,g,0,g,0,g,0,g,10,g
788,hosss family steak and sea house,honeydew melon,0,g,0,mg,15,g,8,g,1,g,0,g,0,g,1,g,7,g
789,hosss family steak and sea house,horseradish,0,g,0,mg,25,g,1,g,0,g,0,g,0,g,0,g,0,g
790,hosss family steak and sea house,hosm hot dog with tater tots,35,g,35,mg,1090,g,40,g,11,g,8,g,0,g,2,g,3,g
791,hosss family steak and sea house,hosss bbq sauce,0,g,0,mg,390,g,15,g,0,g,0,g,0,g,0,g,14,g
792,hosss family steak and sea house,hosss beef gravy,1,g,0,mg,430,g,3,g,1,g,0,g,0,g,0,g,0,g
793,hosss family steak and sea house,hosss famous stuffed chicken breast,40,g,145,mg,1750,g,40,g,59,g,8,g,7,g,1,g,1,g
794,hosss family steak and sea house,hosss signature steak sandwich w fries,57,g,95,mg,2610,g,85,g,40,g,12,g,0,g,7,g,6,g
795,hosss family steak and sea house,hosss steak sauce,0,g,0,mg,280,g,3,g,0,g,0,g,0,g,0,g,2,g
796,hosss family steak and sea house,hot bacon dressing,1,g,30,mg,35,g,7,g,1,g,0,g,0,g,0,g,7,g
797,hosss family steak and sea house,hot chocolate,3.5,g,0,mg,170,g,15,g,1,g,2,g,0,g,1,g,12,g
798,hosss family steak and sea house,hot fudge topping,5,g,0,mg,55,g,19,g,0,g,4.5,g,0,g,1,g,13,g
799,hosss family steak and sea house,hot tea,0,g,0,mg,0,g,0,g,0,g,0,g,0,g,0,g,0,g
800,hosss family steak and sea house,house burger w fries,95,g,190,mg,3180,g,79,g,58,g,30,g,2,g,5,g,17,g
801,hosss family steak and sea house,house made brownies,3,g,0,mg,110,g,22,g,0,g,1,g,0,g,0,g,15,g
802,hosss family steak and sea house,ice cream cone,0,g,0,mg,5,g,4,g,0,g,0,g,0,g,0,g,0,g
803,hosss family steak and sea house,iceberg lettuce,0,g,0,mg,10,g,3,g,1,g,0,g,0,g,1,g,2,g
804,hosss family steak and sea house,icing,0,g,0,mg,0,g,0,g,0,g,0,g,0,g,0,g,0,g
805,hosss family steak and sea house,imitation shredded cheddar cheese,8,g,0,mg,420,g,0,g,1,g,2,g,2,g,0,g,1,g
806,hosss family steak and sea house,italian chicken rice soup,1,g,5,mg,440,g,7,g,4,g,0,g,0,g,2,g,1,g
807,hosss family steak and sea house,italian marinated chicken sandwich w fries,37,g,115,mg,940,g,59,g,43,g,4.5,g,0,g,4,g,5,g
808,hosss family steak and sea house,italian wedding soup,4.5,g,20,mg,660,g,7,g,5,g,1.5,g,0,g,1,g,1,g
809,hosss family steak and sea house,jalapeno peppers,0,g,0,mg,460,g,1,g,0,g,0,g,0,g,0,g,0,g
810,hosss family steak and sea house,kale,0,g,0,mg,30,g,7,g,2,g,0,g,0,g,1,g,1,g
811,hosss family steak and sea house,kansas city strip steak 16 oz,64,g,340,mg,2160,g,0,g,86,g,27,g,0,g,0,g,0,g
812,hosss family steak and sea house,ketchup,0,g,0,mg,160,g,5,g,0,g,0,g,0,g,0,g,4,g
813,hosss family steak and sea house,kids cheeseburger with tater tots,54,g,85,mg,1370,g,52,g,28,g,16,g,1,g,3,g,2,g
814,hosss family steak and sea house,koko bits,16,g,0,mg,0,g,5,g,0,g,2,g,0,g,0,g,5,g
815,hosss family steak and sea house,lasagna soup,6,g,15,mg,470,g,13,g,5,g,1.5,g,0,g,0,g,5,g
816,hosss family steak and sea house,lemon bars,7,g,30,mg,170,g,17,g,3,g,3.5,g,0,g,0,g,11,g
817,hosss family steak and sea house,lemon gelatin,0,g,0,mg,100,g,15,g,1,g,0,g,0,g,0,g,15,g
818,hosss family steak and sea house,lemon pie,4,g,35,mg,35,g,15,g,2,g,2.5,g,0,g,0,g,13,g
819,hosss family steak and sea house,lime gelatin,0,g,0,mg,100,g,15,g,1,g,0,g,0,g,0,g,15,g
820,hosss family steak and sea house,lite ranch dressing,8,g,10,mg,270,g,2,g,1,g,1,g,0,g,0,g,1,g
821,hosss family steak and sea house,lite red wine vinaigrette,5,g,0,mg,290,g,3,g,0,g,0,g,0,g,0,g,2,g
822,hosss family steak and sea house,loaded baked potato,21,g,35,mg,390,g,41,g,11,g,8,g,3,g,4,g,3,g
823,hosss family steak and sea house,loaded baked sweet potato,12,g,5,mg,240,g,93,g,4,g,2.5,g,3,g,10,g,18,g
824,hosss family steak and sea house,loaded potato soup,3,g,5,mg,440,g,11,g,2,g,1.5,g,0,g,1,g,1,g
825,hosss family steak and sea house,macaroni and cheese,2,g,5,mg,160,g,5,g,2,g,1,g,0,g,0,g,1,g
826,hosss family steak and sea house,marinara sauce,2,g,0,mg,230,g,6,g,1,g,0,g,0,g,0,g,5,g
827,hosss family steak and sea house,maryland crab soup,0,g,5,mg,360,g,6,g,3,g,0,g,0,g,1,g,2,g
828,hosss family steak and sea house,maryland style crab cakes,17,g,90,mg,790,g,7,g,22,g,2,g,0,g,1,g,1,g
829,hosss family steak and sea house,mashed potatoes,10,g,15,mg,560,g,27,g,4,g,4,g,0,g,3,g,1,g
830,hosss family steak and sea house,mayonnaise,11,g,5,mg,95,g,0,g,0,g,1.5,g,0,g,0,g,0,g
831,hosss family steak and sea house,meatloaf w stuffing and mashed potatoes,36,g,105,mg,1640,g,53,g,24,g,9,g,6,g,0,g,4,g
832,hosss family steak and sea house,mild pepper rings,0,g,0,mg,280,g,1,g,0,g,0,g,0,g,1,g,0,g
833,hosss family steak and sea house,mild salsa,0,g,0,mg,135,g,2,g,0,g,0,g,0,g,1,g,2,g
834,hosss family steak and sea house,mist twist,0,g,0,mg,30,g,41,g,0,g,0,g,0,g,0,g,41,g
835,hosss family steak and sea house,mountain dew,0,g,0,mg,55,g,44,g,0,g,0,g,0,g,0,g,44,g
836,hosss family steak and sea house,mug root beer,0,g,0,mg,25,g,39,g,0,g,0,g,0,g,0,g,39,g
837,hosss family steak and sea house,mushroom swiss burger w fries,97,g,160,mg,2080,g,60,g,51,g,27,g,6,g,4,g,5,g
838,hosss family steak and sea house,new england tarter sauce,14,g,10,mg,200,g,3,g,0,g,2,g,0,g,0,g,3,g
839,hosss family steak and sea house,oatmeal raisin cookie,4,g,5,mg,70,g,12,g,1,g,1.5,g,0,g,1,g,6,g
840,hosss family steak and sea house,onion loaf,111,g,0,mg,2280,g,112,g,8,g,11,g,0,g,16,g,12,g
841,hosss family steak and sea house,onion rings,11,g,0,mg,1020,g,50,g,4,g,3,g,0,g,7,g,5,g
842,hosss family steak and sea house,orange gelatin,0,g,0,mg,100,g,15,g,1,g,0,g,0,g,0,g,15,g
843,hosss family steak and sea house,oyster crackers,3,g,0,mg,150,g,10,g,1,g,0,g,0,g,1,g,0,g
844,hosss family steak and sea house,parmesan crusted tilapia and rice pilaf,41,g,100,mg,1440,g,35,g,25,g,15,g,6,g,1,g,1,g
845,hosss family steak and sea house,parmesan peppercorn dressing,16,g,10,mg,290,g,2,g,1,g,3,g,0,g,0,g,1,g
846,hosss family steak and sea house,peach crisp,0,g,0,mg,20,g,10,g,0,g,0,g,0,g,0,g,6,g
847,hosss family steak and sea house,peach flavored iced tea,0,g,0,mg,0,g,39,g,0,g,0,g,0,g,0,g,39,g
848,hosss family steak and sea house,peach flavored lemonade,0,g,0,mg,90,g,48,g,0,g,0,g,0,g,0,g,48,g
849,hosss family steak and sea house,peach pie,7,g,5,mg,140,g,62,g,2,g,3,g,0,g,2,g,30,g
850,hosss family steak and sea house,peanut butter pie,7,g,0,mg,75,g,8,g,3,g,2,g,0,g,1,g,5,g
851,hosss family steak and sea house,peanut butter sauce,16,g,0,mg,210,g,8,g,6,g,2,g,0,g,2,g,3,g
852,hosss family steak and sea house,peanutbutter cookie,7,g,5,mg,60,g,15,g,2,g,2,g,0,g,1,g,8,g
853,hosss family steak and sea house,pepperoncini,0,g,0,mg,330,g,1,g,0,g,0,g,0,g,0,g,0,g
854,hosss family steak and sea house,pepperoni and meatball pasta soup,4.5,g,10,mg,370,g,23,g,6,g,2,g,0,g,1,g,6,g
855,hosss family steak and sea house,pepperoni slices,13,g,30,mg,530,g,1,g,6,g,4.5,g,0,g,0,g,0,g
856,hosss family steak and sea house,pepsi,0,g,0,mg,30,g,42,g,0,g,0,g,0,g,0,g,42,g
857,hosss family steak and sea house,pepsi wild cherry,0,g,0,mg,30,g,42,g,0,g,0,g,0,g,0,g,42,g
858,hosss family steak and sea house,philly cheesesteak sandwich w fries,60,g,95,mg,1950,g,90,g,42,g,13,g,1,g,8,g,8,g
859,hosss family steak and sea house,pickled beet salad,0,g,0,mg,50,g,5,g,0,g,0,g,0,g,0,g,5,g
860,hosss family steak and sea house,pickled eggs,3.5,g,185,mg,35,g,6,g,4,g,1,g,0,g,1,g,3,g
861,hosss family steak and sea house,pina colada dipping sauce,7,g,25,mg,85,g,19,g,0,g,4.5,g,0,g,0,g,18,g
862,hosss family steak and sea house,pineapple tidbits,0,g,0,mg,0,g,4,g,0,g,0,g,0,g,0,g,3,g
863,hosss family steak and sea house,pizza soup,7,g,10,mg,430,g,8,g,4,g,2,g,0,g,1,g,5,g
864,hosss family steak and sea house,plain baked potato,0,g,0,mg,15,g,37,g,4,g,0,g,0,g,4,g,2,g
865,hosss family steak and sea house,plain sweet potato,0,g,0,mg,25,g,71,g,4,g,0,g,0,g,10,g,1,g
866,hosss family steak and sea house,pork and saurkraut,0,g,10,mg,150,g,1,g,2,g,0.5,g,0,g,1,g,0,g
867,hosss family steak and sea house,potato sticks,9,g,0,mg,75,g,15,g,2,g,4.5,g,0,g,1,g,0,g
868,hosss family steak and sea house,pretzel bites,45,g,10,mg,3080,g,99,g,16,g,9,g,5,g,3,g,4,g
869,hosss family steak and sea house,pretzel nuggets,1,g,0,mg,470,g,23,g,3,g,0,g,0,g,1,g,1,g
870,hosss family steak and sea house,pumpkin pie,7,g,35,mg,110,g,55,g,6,g,3.5,g,0,g,2,g,40,g
871,hosss family steak and sea house,radishes,0,g,0,mg,10,g,1,g,0,g,0,g,0,g,0,g,1,g
872,hosss family steak and sea house,rainbow sprinkles,1.5,g,0,mg,0,g,6,g,0,g,0.5,g,0.5,g,0,g,4,g
873,hosss family steak and sea house,raisins,0,g,0,mg,0,g,6,g,0,g,0,g,0,g,0,g,4,g
874,hosss family steak and sea house,ranch,11,g,10,mg,250,g,1,g,0,g,1.5,g,0,g,0,g,1,g
875,hosss family steak and sea house,raspberry gelatin,0,g,0,mg,85,g,15,g,1,g,0,g,0,g,0,g,15,g
876,hosss family steak and sea house,red onion rings,0,g,0,mg,0,g,3,g,0,g,0,g,0,g,0,g,1,g
877,hosss family steak and sea house,red wine vinegar and oil,12,g,0,mg,360,g,2,g,0,g,2,g,0,g,0,g,2,g
878,hosss family steak and sea house,ribeye steak 12 oz,29,g,220,mg,1770,g,0,g,71,g,9,g,0,g,0,g,0,g
879,hosss family steak and sea house,rice pilaf,1.5,g,0,mg,710,g,33,g,1,g,0,g,1.5,g,1,g,1,g
880,hosss family steak and sea house,roquefort dressing,11,g,0,mg,390,g,10,g,0,g,1.5,g,0,g,0,g,9,g
881,hosss family steak and sea house,smores pie,47,g,10,mg,105,g,30,g,1,g,11,g,0,g,0,g,20,g
882,hosss family steak and sea house,salmon blackened,20,g,95,mg,480,g,0,g,34,g,3.5,g,0,g,0,g,0,g
883,hosss family steak and sea house,salmon grilled,20,g,95,mg,790,g,1,g,34,g,3.5,g,0,g,0,g,0,g
884,hosss family steak and sea house,salmon sweet chili,20,g,95,mg,1250,g,18,g,34,g,3.5,g,0,g,0,g,14,g
885,hosss family steak and sea house,saltine crackers,0.5,g,0,mg,80,g,5,g,0,g,0,g,0,g,0,g,0,g
886,hosss family steak and sea house,sausage potato chowder,5,g,10,mg,400,g,8,g,4,g,2.5,g,0,g,1,g,2,g
887,hosss family steak and sea house,savannah shrimp salad,8,g,20,mg,260,g,5,g,2,g,1,g,0,g,0,g,1,g
888,hosss family steak and sea house,scallop medallions broiled,9,g,30,mg,790,g,0,g,23,g,2,g,0,g,0,g,0,g
889,hosss family steak and sea house,scallop medallions scampi,49,g,95,mg,1030,g,3,g,23,g,20,g,7,g,0,g,0,g
890,hosss family steak and sea house,seasoned croutons,1,g,0,mg,100,g,5,g,1,g,0,g,0,g,0,g,0,g
891,hosss family steak and sea house,shredded mozzarella cheese,6,g,15,mg,170,g,1,g,7,g,3.5,g,0,g,0,g,0,g
892,hosss family steak and sea house,shrimp broiled,9,g,195,mg,750,g,0,g,18,g,2,g,0,g,0,g,0,g
893,hosss family steak and sea house,shrimp fried,57,g,55,mg,1030,g,34,g,16,g,6,g,0,g,1,g,3,g
894,hosss family steak and sea house,shrimp scampi,49,g,260,mg,1450,g,3,g,18,g,20,g,7,g,0,g,0,g
895,hosss family steak and sea house,side salad,1,g,0,mg,100,g,11,g,3,g,0,g,0,g,2,g,4,g
896,hosss family steak and sea house,sliced apples,0,g,0,mg,0,g,6,g,0,g,0,g,0,g,1,g,5,g
897,hosss family steak and sea house,sliced mushrooms,0,g,0,mg,0,g,1,g,1,g,0,g,0,g,0,g,0,g
898,hosss family steak and sea house,sliced pears,0,g,0,mg,0,g,13,g,1,g,0,g,0,g,2,g,9,g
899,hosss family steak and sea house,sour cream,5,g,20,mg,45,g,2,g,0,g,3.5,g,0,g,0,g,1,g
900,hosss family steak and sea house,southwest chicken rice soup,3.5,g,5,mg,430,g,9,g,3,g,2.5,g,0,g,0,g,1,g
901,hosss family steak and sea house,spinach,0,g,0,mg,70,g,3,g,3,g,0,g,0,g,3,g,0,g
902,hosss family steak and sea house,steak salad,4.5,g,10,mg,120,g,5,g,2,g,1,g,0,g,0,g,1,g
903,hosss family steak and sea house,steak tips with tater tots,37,g,75,mg,1180,g,20,g,24,g,9,g,0,g,2,g,0,g
904,hosss family steak and sea house,steamed broccoli,0,g,0,mg,55,g,8,g,5,g,0,g,0,g,5,g,3,g
905,hosss family steak and sea house,strawberry gelatin,0,g,0,mg,85,g,15,g,1,g,0,g,0,g,0,g,15,g
906,hosss family steak and sea house,strawberry puree topping,0,g,0,mg,10,g,15,g,0,g,0,g,0,g,1,g,14,g
907,hosss family steak and sea house,stuffed cabbage soup,2.5,g,10,mg,660,g,9,g,4,g,1,g,0,g,1,g,4,g
908,hosss family steak and sea house,stuffed pepper soup,2.5,g,10,mg,620,g,8,g,3,g,1,g,0,g,1,g,4,g
909,hosss family steak and sea house,sugar cookie,3.5,g,5,mg,65,g,11,g,1,g,0,g,0,g,0,g,5,g
910,hosss family steak and sea house,sunflower seeds,3,g,0,mg,0,g,2,g,1,g,0,g,0,g,1,g,0,g
911,hosss family steak and sea house,sweet chili shrimp,26,g,225,mg,890,g,39,g,20,g,3.5,g,0,g,0,g,11,g
912,hosss family steak and sea house,sweet dried cranberries,0,g,0,mg,0,g,6,g,0,g,0,g,0,g,1,g,5,g
913,hosss family steak and sea house,sweet yeasty roll,2,g,0,mg,85,g,21,g,4,g,0,g,0,g,1,g,4,g
914,hosss family steak and sea house,sweetened iced tea,0,g,0,mg,0,g,17,g,0,g,0,g,0,g,0,g,17,g
915,hosss family steak and sea house,t bone steak 16 oz,77,g,255,mg,2140,g,10,g,80,g,29,g,0,g,0,g,1,g
916,hosss family steak and sea house,tabasco sauce,0,g,0,mg,15,g,0,g,0,g,0,g,0,g,0,g,0,g
917,hosss family steak and sea house,taco salad,5,g,10,mg,140,g,4,g,2,g,1.5,g,0,g,0,g,1,g
918,hosss family steak and sea house,tapioca pudding,4,g,0,mg,190,g,25,g,2,g,1,g,0,g,0,g,17,g
919,hosss family steak and sea house,tender tips 10 ounce,113,g,145,mg,1300,g,0,g,52,g,11,g,0,g,0,g,0,g
920,hosss family steak and sea house,tender tips 6 oz,26,g,110,mg,1090,g,0,g,32,g,9,g,0,g,0,g,0,g
921,hosss family steak and sea house,texas petal sauce,32,g,30,mg,300,g,2,g,0,g,6,g,0,g,0,g,2,g
922,hosss family steak and sea house,thick cut sirloin steak 10 oz,36,g,175,mg,1460,g,0,g,52,g,13,g,0,g,0,g,0,g
923,hosss family steak and sea house,thick cut sirloin steak 6 oz,26,g,110,mg,1090,g,0,g,32,g,9,g,0,g,0,g,0,g
924,hosss family steak and sea house,thousand island,12,g,5,mg,240,g,5,g,0,g,2,g,0,g,0,g,3,g
925,hosss family steak and sea house,three bean chicken vegetable soup,0.5,g,10,mg,310,g,12,g,6,g,0,g,0,g,4,g,2,g
926,hosss family steak and sea house,three bean salad,0,g,0,mg,50,g,4,g,0,g,0,g,0,g,0,g,3,g
927,hosss family steak and sea house,tomato florentine soup,0.5,g,0,mg,340,g,11,g,2,g,0,g,0,g,1,g,4,g
928,hosss family steak and sea house,tortilla chips,6,g,0,mg,110,g,19,g,2,g,1,g,0,g,1,g,0,g
929,hosss family steak and sea house,tropicana lemonade,0,g,0,mg,105,g,27,g,0,g,0,g,0,g,0,g,27,g
930,hosss family steak and sea house,tuna supreme salad,4.5,g,5,mg,140,g,7,g,3,g,0.5,g,0,g,0,g,1,g
931,hosss family steak and sea house,turkey ham cubes,4.5,g,25,mg,340,g,1,g,4,g,1.5,g,0,g,0,g,0,g
932,hosss family steak and sea house,vanilla cupcake w buttercream icing,8,g,0,mg,200,g,35,g,2,g,2,g,1,g,0,g,27,g
933,hosss family steak and sea house,vanilla cupcake w peanutbutter icing,9,g,0,mg,210,g,33,g,3,g,2.5,g,0.5,g,0,g,25,g
934,hosss family steak and sea house,vanilla milk shake,16,g,45,mg,310,g,93,g,11,g,9,g,0,g,1,g,58,g
935,hosss family steak and sea house,vanilla pudding,2,g,0,mg,40,g,6,g,0,g,0,g,0.5,g,0,g,4,g
936,hosss family steak and sea house,vanilla pudding w splenda,1,g,0,mg,40,g,3,g,0,g,0,g,0,g,0,g,0,g
937,hosss family steak and sea house,vanilla soft serve,2,g,10,mg,70,g,22,g,2,g,1,g,0,g,0,g,13,g
938,hosss family steak and sea house,wheat dinner roll,1.5,g,0,mg,160,g,21,g,4,g,0,g,0,g,1,g,3,g
939,hosss family steak and sea house,whipped margarine,11,g,0,mg,110,g,0,g,0,g,2,g,3,g,0,g,0,g
940,hosss family steak and sea house,whipped topping,6,g,0,mg,0,g,6,g,0,g,6,g,0,g,0,g,6,g
941,hosss family steak and sea house,white chicken chili soup,2,g,10,mg,490,g,8,g,4,g,1.5,g,0,g,1,g,2,g
942,hosss family steak and sea house,white fish haddock 8oz,0,g,120,mg,480,g,0,g,36,g,0,g,0,g,0,g,0,g
943,hosss family steak and sea house,willie burger w fries,83,g,155,mg,2310,g,59,g,44,g,24,g,2,g,4,g,5,g
944,hosss family steak and sea house,wisconsin cheese soup,7,g,15,mg,380,g,9,g,3,g,3,g,0,g,0,g,6,g
945,hosss family steak and sea house,yellow mustard,0,g,0,mg,65,g,0,g,0,g,0,g,0,g,0,g,0,g
946,houlihans,12oz prime rib ny and nj only,127,g,325,mg,2560,g,44,g,68,g,49,g,0,g,7,g,11,g
947,houlihans,3 way mixed grill limited locations only,54,g,360,mg,900,g,5,g,77,g,16,g,0,g,1,g,1,g
948,houlihans,612 burger with gluten free bun,64,g,185,mg,2390,g,46,g,46,g,20,g,0,g,4,g,4,g
949,houlihans,612 burger with toasted bun,65,g,195,mg,2180,g,46,g,52,g,22,g,0,g,3,g,9,g
950,houlihans,8 oz filet steak limited locations only,50,g,150,mg,1480,g,0,g,46,g,20,g,0,g,0,g,0,g
951,houlihans,9 oz steak and wedge salad without dressing limited locations only,79,g,210,mg,2740,g,28,g,68,g,31,g,0,g,7,g,9,g
952,houlihans,achiote grilled shrimp tacos without side limited locations only,37,g,255,mg,1580,g,56,g,39,g,7,g,0,g,6,g,9,g
953,houlihans,add american cheese,9,g,30,mg,530,g,2,g,8,g,6,g,0,g,0,g,2,g
954,houlihans,add bacon strips,7,g,15,mg,270,g,0,g,4,g,3,g,0,g,0,g,0,g
955,houlihans,add bbq sauce,0,g,0,mg,320,g,12,g,0,g,0,g,0,g,0,g,6,g
956,houlihans,add bleu cheese limited locations only,0,g,10,mg,100,g,0,g,0,g,0,g,0,g,0,g,0,g
957,houlihans,add cheddar cheese,12,g,40,mg,280,g,0,g,10,g,8,g,0,g,0,g,0,g
958,houlihans,add gorgonzola cheese,8,g,30,mg,280,g,0,g,6,g,5,g,0,g,0,g,0,g
959,houlihans,add gouda cheese,16,g,55,mg,490,g,1,g,14,g,11,g,0,g,0,g,0,g
960,houlihans,add grilled chicken to salad,16,g,110,mg,810,g,0,g,37,g,4,g,0,g,0,g,0,g
961,houlihans,add grilled salmon to salad,19,g,90,mg,460,g,0,g,28,g,5,g,0,g,0,g,0,g
962,houlihans,add provolone,12,g,35,mg,370,g,1,g,11,g,7,g,0,g,0,g,0,g
963,houlihans,add sauteed mushrooms,2,g,0,mg,220,g,5,g,2,g,0,g,0,g,1,g,1,g
964,houlihans,add sesame ginger soy sauce limited locations only,0,g,0,mg,1420,g,3,g,2,g,0,g,0,g,0,g,1,g
965,houlihans,add swiss cheese,12,g,40,mg,85,g,1,g,12,g,7,g,0,g,0,g,0,g
966,houlihans,add zucchini and basil pesto salad limited locations only,45,g,5,mg,1000,g,13,g,5,g,6,g,0,g,4,g,4,g
967,houlihans,alfredo pasta with chicken and breadsticks ny and nj only,73,g,475,mg,1690,g,104,g,64,g,38,g,0,g,5,g,6,g
968,houlihans,almond crusted tilapia without side limited locations only,55,g,215,mg,1030,g,34,g,56,g,23,g,0,g,7,g,8,g
969,houlihans,almond crusted tilapia without side small limited locations only,43,g,145,mg,710,g,19,g,29,g,21,g,0,g,4,g,5,g
970,houlihans,asian chop chop wrap without side limited locations only,30,g,110,mg,2610,g,80,g,50,g,10,g,0,g,0,g,30,g
971,houlihans,atlantic salmon 5 oz without dill caper sauce,19,g,90,mg,460,g,3,g,29,g,5,g,0,g,1,g,1,g
972,houlihans,atlantic salmon dill caper sauce,15,g,15,mg,220,g,2,g,0,g,2,g,0,g,0,g,0,g
973,houlihans,atlantic salmon mustard encrusted limited locations only,85,g,275,mg,1510,g,36,g,47,g,31,g,0,g,3,g,6,g
974,houlihans,avocado toast,61,g,80,mg,1340,g,62,g,32,g,21,g,0,g,12,g,3,g
975,houlihans,bacon wrapped potato wedges,33,g,80,mg,1140,g,28,g,13,g,16,g,0,g,1,g,19,g
976,houlihans,bag o donuts,23,g,0,mg,360,g,40,g,4,g,11,g,0,g,0,g,24,g
977,houlihans,balsamic vinaigrette 2 fl oz,23,g,0,mg,180,g,5,g,0,g,3,g,0,g,0,g,4,g
978,houlihans,banana ginger vinaigrette 1 fl oz,14,g,0,mg,160,g,3,g,0,g,2,g,0,g,0,g,1,g
979,houlihans,banana ginger vinaigrette 2 fl oz,28,g,0,mg,330,g,5,g,0,g,4,g,0,g,0,g,2,g
980,houlihans,barrel cut filet mignon 6 oz,38,g,115,mg,1450,g,1,g,34,g,15,g,0,g,0,g,0,g
981,houlihans,barrel cut petite filet mignon 4 oz,25,g,75,mg,740,g,0,g,23,g,10,g,0,g,0,g,0,g
982,houlihans,bbq baby back ribs full slab without sides,91,g,315,mg,2210,g,72,g,62,g,34,g,0,g,0,g,36,g
983,houlihans,bbq baby back ribs half slab without sides,46,g,155,mg,1110,g,36,g,31,g,17,g,0,g,0,g,18,g
984,houlihans,bbq chicken flatbread limited locations only,28,g,90,mg,1690,g,92,g,35,g,13,g,0,g,3,g,11,g
985,houlihans,bbq chicken flatbread on gluten free crust limited locations only,26,g,90,mg,1590,g,89,g,28,g,13,g,0,g,2,g,17,g
986,houlihans,bbq salmon salad limited locations only,36,g,85,mg,860,g,54,g,35,g,5,g,0,g,9,g,23,g
987,houlihans,best ever apple pie with vanilla ice cream,64,g,85,mg,850,g,145,g,11,g,31,g,0,g,4,g,99,g
988,houlihans,black and bleu burger without side limited locations only,50,g,255,mg,1730,g,51,g,51,g,18,g,0,g,4,g,8,g
989,houlihans,black angus burger on gluten free bun,41,g,120,mg,1750,g,46,g,37,g,13,g,0,g,4,g,5,g
990,houlihans,black angus burger on toasted bun,41,g,130,mg,1540,g,46,g,43,g,15,g,0,g,3,g,10,g
991,houlihans,black angus mini burger slider single,21,g,105,mg,520,g,20,g,21,g,8,g,0,g,1,g,3,g
992,houlihans,blackened chicken and caramelized onion quesadilla limited locations only,63,g,175,mg,1650,g,51,g,48,g,29,g,0,g,7,g,10,g
993,houlihans,bleu cheese dressing 3 fl oz,49,g,55,mg,650,g,5,g,4,g,9,g,0,g,0,g,1,g
994,houlihans,brentwood chicken sandwich on gluten free bun without aioli,74,g,190,mg,2190,g,57,g,50,g,20,g,0,g,3,g,16,g
995,houlihans,brentwood chicken sandwich without aioli,75,g,200,mg,1980,g,57,g,56,g,22,g,0,g,2,g,21,g
996,houlihans,brentwood chicken sandwich peppercorn aioli,24,g,30,mg,220,g,12,g,0,g,4,g,0,g,0,g,12,g
997,houlihans,brownie batter cake,28,g,70,mg,300,g,80,g,6,g,16,g,0,g,4,g,51,g
998,houlihans,bruschetta and shrimp limited locations only,96,g,340,mg,1980,g,64,g,52,g,24,g,0,g,5,g,24,g
999,houlihans,bruschetta without shrimp limited locations only,93,g,75,mg,520,g,64,g,11,g,23,g,0,g,5,g,2,g
