,Restaurant Name,Food Name,Total Fat Amount,Total Fat Unit,Cholesterol Amount,Cholesterol Unit,Sodium Amount,Sodium Unit,Total Carbohydrate Amount,Total Carbohydrate Unit,Protein Amount,Protein Unit,Saturated Fat Amount,Saturated Fat Unit,Trans Fat Amount,Trans Fat Unit,Dietary Fiber Amount,Dietary Fiber Unit,Sugars Amount,Sugars Unit
0,houlihans,buffalo bleu salad with grilled chicken without bread limited locations only,92,g,215,mg,2460,g,28,g,64,g,27,g,0,g,6,g,9,g
1,houlihans,buffalo bleu salad without dressing,63,g,195,mg,2260,g,35,g,59,g,23,g,0,g,7,g,10,g
2,houlihans,buffalo bleu salad small without dressing,34,g,110,mg,1270,g,22,g,34,g,11,g,0,g,4,g,6,g
3,houlihans,buffalo chicken biscuit without side limited locations only,140,g,210,mg,4570,g,100,g,60,g,40,g,0,g,0,g,10,g
4,houlihans,buffalo chicken sandwich limited locations only,31,g,250,mg,2080,g,84,g,47,g,9,g,0,g,4,g,13,g
5,houlihans,burger 72 without side limited locations only,61,g,270,mg,2010,g,68,g,49,g,19,g,0,g,3,g,9,g
6,houlihans,butternut squash kale and sausage lasagna limited locations only,30,g,75,mg,1190,g,19,g,24,g,14,g,0,g,4,g,7,g
7,houlihans,butterscotch bourbon brulee,5,g,0,mg,85,g,10,g,2,g,3,g,0,g,0,g,8,g
8,houlihans,caesar dressing 3 fl oz,54,g,45,mg,660,g,3,g,0,g,9,g,0,g,0,g,0,g
9,houlihans,caesar salad entree ny and nj only,69,g,55,mg,1280,g,49,g,14,g,12,g,0,g,6,g,4,g
10,houlihans,cajun chicken grill sandwich ny and nj only,55,g,125,mg,2520,g,49,g,42,g,15,g,0,g,4,g,9,g
11,houlihans,calamari,29,g,450,mg,2260,g,65,g,38,g,5,g,0,g,5,g,14,g
12,houlihans,calamari salad ahi tuna style full limited locations only,60,g,440,mg,2550,g,110,g,40,g,10,g,0,g,10,g,30,g
13,houlihans,calamari salad ahi tuna style small limited locations only,40,g,440,mg,2230,g,90,g,40,g,10,g,0,g,10,g,20,g
14,houlihans,caramel nut crunch pie limited locations only,60,g,145,mg,510,g,135,g,13,g,32,g,1,g,2,g,110,g
15,houlihans,carnitas biscuit without side limited locations only,90,g,70,mg,3290,g,100,g,20,g,30,g,0,g,10,g,20,g
16,houlihans,carrot cake jar ny and nj only,102,g,240,mg,1040,g,152,g,15,g,29,g,0,g,6,g,110,g
17,houlihans,cavatappi adult mac and cheese,88,g,275,mg,2650,g,71,g,77,g,37,g,0,g,4,g,6,g
18,houlihans,char crusted ahi tuna,19,g,60,mg,1140,g,24,g,30,g,3,g,0,g,2,g,10,g
19,houlihans,char crusted ahi tuna salad without dressing,27,g,60,mg,1250,g,61,g,37,g,8,g,0,g,6,g,25,g
20,houlihans,char crusted ahi tuna salad small without dressing,17,g,40,mg,830,g,42,g,24,g,5,g,0,g,3,g,15,g
21,houlihans,cheese fries ny and nj only,98,g,175,mg,4400,g,64,g,41,g,36,g,0,g,6,g,3,g
22,houlihans,cheeseburger flatbread limited locations only,34,g,110,mg,2300,g,94,g,41,g,15,g,0,g,5,g,21,g
23,houlihans,cheeseburger flatbread on gluten free crust limited locations only,33,g,110,mg,2190,g,91,g,34,g,14,g,0,g,3,g,27,g
24,houlihans,cheesecake limited locations only,75,g,290,mg,680,g,76,g,18,g,38,g,0,g,4,g,60,g
25,houlihans,chicken and biscuit limited locations only,79,g,185,mg,3080,g,87,g,56,g,41,g,0,g,5,g,10,g
26,houlihans,chicken and italian suasage rigatoni limited locations only,50,g,360,mg,3530,g,100,g,70,g,10,g,0,g,10,g,10,g
27,houlihans,chicken asian chop chop without dressing,24,g,75,mg,1770,g,80,g,32,g,5,g,0,g,9,g,48,g
28,houlihans,chicken caesar salad without dressing,35,g,160,mg,1460,g,24,g,49,g,15,g,0,g,6,g,5,g
29,houlihans,chicken fettuccine alfredo,67,g,290,mg,1920,g,86,g,62,g,34,g,0,g,4,g,4,g
30,houlihans,chicken lettuce wraps,34,g,75,mg,2330,g,103,g,29,g,6,g,0,g,4,g,63,g
31,houlihans,chicken parmesan,54,g,190,mg,2680,g,131,g,65,g,19,g,0,g,10,g,15,g
32,houlihans,chicken parmesan sandwich ny and nj only,48,g,190,mg,4030,g,148,g,70,g,12,g,0,g,10,g,21,g
33,houlihans,chicken tender platter without fries and honey mustard,17,g,230,mg,1090,g,36,g,77,g,4,g,0,g,2,g,17,g
34,houlihans,chicken tender platter honey mustard sauce,24,g,30,mg,220,g,12,g,0,g,4,g,0,g,0,g,12,g
35,houlihans,chicken tenders with dip sauces,30,g,190,mg,2090,g,60,g,57,g,6,g,0,g,2,g,40,g
36,houlihans,chicken tenders buffalo style with dip sauce,50,g,195,mg,1940,g,35,g,58,g,10,g,0,g,2,g,8,g
37,houlihans,chicken tortilla soup,13,g,45,mg,1790,g,18,g,14,g,5,g,0,g,2,g,6,g
38,houlihans,chicken wings buffalo style with dip sauce,95,g,300,mg,2630,g,18,g,48,g,18,g,0,g,0,g,5,g
39,houlihans,chicken wings thai chile style with dip sauce,48,g,260,mg,5510,g,95,g,49,g,9,g,0,g,2,g,80,g
40,houlihans,chipotle chicken nachos with dips and sauce,135,g,360,mg,4320,g,96,g,90,g,64,g,0,g,11,g,9,g
41,houlihans,chipotle chicken sandwich with gluten free bun limited locations only,30,g,130,mg,1480,g,50,g,50,g,10,g,0,g,10,g,10,g
42,houlihans,chipotle chicken sandwich with toasted bun limited locations only,30,g,140,mg,1270,g,50,g,60,g,10,g,0,g,0,g,10,g
43,houlihans,chocolate rhubarb brulee,6,g,0,mg,40,g,13,g,2,g,3,g,0,g,0,g,12,g
44,houlihans,crab melt sandwich ny and nj only,42,g,160,mg,1290,g,45,g,35,g,11,g,0,g,7,g,6,g
45,houlihans,creamy garlic ranch dressing 1 fl oz,15,g,10,mg,200,g,3,g,0,g,3,g,0,g,0,g,2,g
46,houlihans,creamy garlic ranch dressing 2 fl oz,30,g,20,mg,400,g,6,g,0,g,5,g,0,g,0,g,4,g
47,houlihans,creamy horseradish,27,g,25,mg,320,g,3,g,2,g,4,g,0,g,0,g,2,g
48,houlihans,creamy spinach dip limited locations only,58,g,170,mg,1510,g,69,g,30,g,33,g,0,g,5,g,10,g
49,houlihans,crispy carnitas lettuce wraps limited locations only,16,g,70,mg,1880,g,58,g,34,g,4,g,0,g,6,g,28,g
50,houlihans,crme brulee limited locations only,44,g,525,mg,45,g,51,g,5,g,27,g,0,g,0,g,50,g
51,houlihans,dill caper sauce limited locations only,30,g,30,mg,440,g,0,g,0,g,0,g,0,g,0,g,0,g
52,houlihans,disco fries limited locations only,79,g,195,mg,2580,g,65,g,52,g,43,g,0,g,7,g,3,g
53,houlihans,dos carne burger with gluten free bun limited locations only,90,g,470,mg,2990,g,50,g,70,g,30,g,0,g,0,g,10,g
54,houlihans,dos carne burger with toasted bun limited locations only,90,g,480,mg,2780,g,50,g,80,g,40,g,0,g,0,g,10,g
55,houlihans,down home pot roast,56,g,280,mg,3070,g,67,g,55,g,32,g,0,g,9,g,9,g
56,houlihans,down home pot roast limited locations only,60,g,280,mg,3230,g,70,g,62,g,30,g,0,g,9,g,10,g
57,houlihans,down home pot roast lunch limited locations only,30,g,160,mg,1870,g,40,g,31,g,23,g,0,g,5,g,4,g
58,houlihans,fettucine alfredo without chicken without bread limited locations only,50,g,175,mg,740,g,86,g,23,g,30,g,0,g,4,g,3,g
59,houlihans,fire grilled bbq salmon salad ny and nj only,67,g,90,mg,1910,g,101,g,40,g,12,g,0,g,11,g,39,g
60,houlihans,firecracker cauliflower,49,g,115,mg,2130,g,118,g,23,g,7,g,0,g,10,g,26,g
61,houlihans,firecracker shrimp,41,g,245,mg,980,g,28,g,32,g,6,g,0,g,2,g,11,g
62,houlihans,firecracker shrimp add on,41,g,245,mg,980,g,28,g,32,g,6,g,0,g,2,g,11,g
63,houlihans,fish and chips with slaw and without fries,9,g,75,mg,1180,g,31,g,33,g,1,g,0,g,3,g,4,g
64,houlihans,fish and chips dill caper sauce,15,g,30,mg,220,g,2,g,0,g,2,g,0,g,0,g,0,g
65,houlihans,fishermans wharf ravioli limited locations only,10,g,70,mg,1880,g,68,g,24,g,3,g,0,g,9,g,7,g
66,houlihans,focaccia bread limited locations only,6,g,5,mg,360,g,27,g,4,g,2,g,0,g,1,g,2,g
67,houlihans,focaccia roll,5,g,5,mg,360,g,27,g,4,g,2,g,0,g,1,g,4,g
68,houlihans,focaccia roll limited locations only,6,g,5,mg,360,g,27,g,4,g,2,g,0,g,1,g,2,g
69,houlihans,french dip with au jus and without creamy horseradish,25,g,125,mg,3970,g,75,g,68,g,11,g,0,g,2,g,6,g
70,houlihans,french fried asparagus with dip sauce limited locations only,19,g,80,mg,1250,g,54,g,17,g,9,g,0,g,6,g,12,g
71,houlihans,french fried asparagus with lemon horseradish limited locations only,19,g,115,mg,1250,g,54,g,17,g,9,g,0,g,6,g,12,g
72,houlihans,french fries,15,g,0,mg,880,g,56,g,5,g,4,g,0,g,5,g,0,g
73,houlihans,french onion soup with provolone and croutons,20,g,55,mg,1580,g,13,g,18,g,11,g,0,g,1,g,4,g
74,houlihans,fresh fruit,1,g,0,mg,0,g,15,g,1,g,0,g,0,g,5,g,9,g
75,houlihans,fried fish sandwich limited locations only,63,g,90,mg,4080,g,168,g,42,g,12,g,0,g,11,g,18,g
76,houlihans,fried shrimp 5 add on with cocktail sauce limited locations only,9,g,215,mg,1260,g,41,g,32,g,2,g,0,g,1,g,13,g
77,houlihans,frito burger without side limited locations only,70,g,260,mg,2410,g,68,g,51,g,23,g,0,g,5,g,8,g
78,houlihans,garlic green beans,4,g,0,mg,280,g,5,g,1,g,1,g,0,g,2,g,2,g
79,houlihans,goat cheese and artichoke poppers limited locations only,49,g,165,mg,1860,g,59,g,27,g,17,g,0,g,4,g,12,g
80,houlihans,gorgonzola burger without side limited locations only,57,g,195,mg,2320,g,50,g,61,g,23,g,0,g,5,g,11,g
81,houlihans,grande cappuccino cake limited locations only,55,g,155,mg,980,g,188,g,12,g,27,g,0,g,3,g,145,g
82,houlihans,grilled asparagus,2,g,0,mg,170,g,3,g,2,g,0,g,0,g,2,g,2,g
83,houlihans,grilled asparagus limited locations only,2,g,0,mg,170,g,3,g,2,g,0,g,0,g,2,g,2,g
84,houlihans,grilled cheese sandwich limited locations only,54,g,125,mg,2210,g,67,g,46,g,28,g,0,g,2,g,9,g
85,houlihans,grilled chicken wings limited locations only,47,g,210,mg,1410,g,12,g,35,g,9,g,0,g,1,g,3,g
86,houlihans,grilled mediterranean chicken limited locations only,47,g,90,mg,890,g,13,g,26,g,12,g,0,g,4,g,1,g
87,houlihans,grilled rosemary chicken limited locations only,43,g,180,mg,1700,g,35,g,42,g,19,g,0,g,8,g,4,g
88,houlihans,grilled shrimp and jalapeno sausage mojo limited locations only,38,g,315,mg,1470,g,48,g,53,g,9,g,0,g,6,g,7,g
89,houlihans,grilled shrimp 5 add on limited locations only,10,g,190,mg,280,g,2,g,26,g,1,g,0,g,0,g,0,g
90,houlihans,grilled shrimp caeser salad ny and nj only,78,g,245,mg,1560,g,51,g,40,g,13,g,0,g,6,g,4,g
91,houlihans,grilled vegetable pizza limited locations only,40,g,65,mg,1350,g,65,g,32,g,16,g,0,g,6,g,10,g
92,houlihans,happy hour 5 the big cheeseburger,58,g,170,mg,1910,g,50,g,50,g,22,g,0,g,2,g,14,g
93,houlihans,happy hour add horseradish sauce,36,g,30,mg,420,g,4,g,2,g,5,g,0,g,0,g,2,g
94,houlihans,happy hour avocado toast,31,g,40,mg,670,g,31,g,16,g,10,g,0,g,6,g,2,g
95,houlihans,happy hour bacon wrapped potato wedges,33,g,80,mg,1140,g,28,g,13,g,16,g,0,g,1,g,19,g
96,houlihans,happy hour bbq chicken flatbread limited locations only,14,g,45,mg,850,g,46,g,17,g,7,g,0,g,1,g,5,g
97,houlihans,happy hour black angus mini burger slider 2,42,g,210,mg,1040,g,40,g,41,g,16,g,0,g,2,g,7,g
98,houlihans,happy hour char crusted ahi tuna,13,g,40,mg,690,g,14,g,19,g,2,g,0,g,1,g,6,g
99,houlihans,happy hour cheeseburger flatbread limited locations only,17,g,55,mg,1150,g,47,g,20,g,7,g,0,g,2,g,10,g
100,houlihans,happy hour chicken lettuce wraps,26,g,40,mg,1250,g,53,g,15,g,4,g,0,g,2,g,33,g
101,houlihans,happy hour chicken wings add bleu cheese dressing,25,g,30,mg,320,g,2,g,2,g,5,g,0,g,0,g,0,g
102,houlihans,happy hour chicken wings add sesame ginger soy sauce,1,g,0,mg,970,g,7,g,1,g,0,g,0,g,0,g,5,g
103,houlihans,happy hour chicken wings buffalo style without dip,31,g,130,mg,1100,g,7,g,21,g,6,g,0,g,0,g,2,g
104,houlihans,happy hour chicken wings thai chile style without dip,23,g,130,mg,2110,g,43,g,23,g,4,g,0,g,1,g,37,g
105,houlihans,happy hour hog wild flatbread limited locations only,26,g,55,mg,1010,g,39,g,22,g,10,g,0,g,2,g,2,g
106,houlihans,happy hour italian sausage flatbread limited locations only,20,g,50,mg,900,g,39,g,19,g,9,g,0,g,3,g,3,g
107,houlihans,happy hour jumbo stuffed shrooms small,21,g,70,mg,620,g,34,g,11,g,10,g,0,g,2,g,4,g
108,houlihans,happy hour loaded guacamole,15,g,10,mg,680,g,45,g,9,g,3,g,0,g,8,g,5,g
109,houlihans,happy hour margherita flatbread,18,g,35,mg,610,g,49,g,11,g,7,g,0,g,5,g,5,g
110,houlihans,happy hour meatloaf bites w brooklyn ketchup,28,g,85,mg,990,g,13,g,20,g,12,g,0,g,1,g,7,g
111,houlihans,happy hour six cheese and roasted garlic flatbread limited locations only,39,g,125,mg,1010,g,37,g,30,g,23,g,0,g,1,g,1,g
112,houlihans,happy hour spinach and artichooke flatbread limited locations only,27,g,65,mg,1030,g,55,g,15,g,11,g,0,g,6,g,5,g
113,houlihans,happy hour spinach dip mini with tortilla chips,34,g,100,mg,1060,g,49,g,17,g,18,g,0,g,4,g,4,g
114,houlihans,happy hour white bean and artichoke hummus with pita limited locations only,32,g,5,mg,1690,g,82,g,18,g,5,g,0,g,11,g,3,g
115,houlihans,heartland fried chicken salad without dressing,41,g,150,mg,1250,g,31,g,50,g,13,g,0,g,7,g,8,g
116,houlihans,heartland fried chicken salad small without dressing,23,g,95,mg,730,g,19,g,31,g,8,g,0,g,4,g,4,g
117,houlihans,heartland grilled chicken salad without dressing,50,g,155,mg,1580,g,16,g,54,g,16,g,0,g,6,g,5,g
118,houlihans,heartland grilled chicken salad small without dressing,27,g,80,mg,820,g,9,g,27,g,9,g,0,g,3,g,3,g
119,houlihans,hog wild flatbread limited locations only,52,g,120,mg,2010,g,78,g,45,g,20,g,0,g,5,g,5,g
120,houlihans,hog wild flatbread on gluten free crust limited locations only,51,g,120,mg,1910,g,75,g,38,g,20,g,0,g,3,g,11,g
121,houlihans,holy grail of bacon limited locations only,26,g,75,mg,1860,g,14,g,23,g,11,g,0,g,0,g,13,g
122,houlihans,houlihans chocolate chunk cookie lunch only,10,g,25,mg,140,g,25,g,2,g,6,g,0,g,1,g,14,g
123,houlihans,houlihans queso,61,g,150,mg,2590,g,52,g,23,g,31,g,1,g,4,g,6,g
124,houlihans,housemade vanilla bean creme brulee,45,g,665,mg,50,g,41,g,7,g,26,g,0,g,1,g,39,g
125,houlihans,huge panko fried shrimp 5,31,g,330,mg,3540,g,209,g,60,g,7,g,0,g,13,g,33,g
126,houlihans,huge panko fried shrimp 7,36,g,465,mg,4240,g,259,g,81,g,9,g,0,g,15,g,38,g
127,houlihans,italian sausage flatbread limited locations only,41,g,100,mg,1800,g,79,g,38,g,18,g,0,g,5,g,6,g
128,houlihans,italian sausage flatbread on gluten free crust limited locations only,40,g,110,mg,1690,g,76,g,31,g,18,g,0,g,3,g,12,g
129,houlihans,jalapeno popper stuffed chicken,56,g,285,mg,3120,g,130,g,55,g,27,g,0,g,8,g,30,g
130,houlihans,jambalaya ny and nj only,105,g,280,mg,3070,g,138,g,56,g,15,g,0,g,7,g,10,g
131,houlihans,jumbo stuffed shrooms with dip sauce,85,g,190,mg,1840,g,82,g,27,g,28,g,0,g,5,g,11,g
132,houlihans,kamikaze brownie ny and nj only,50,g,145,mg,400,g,128,g,8,g,27,g,1,g,2,g,95,g
133,houlihans,kansas city strip 12 oz,61,g,200,mg,1540,g,1,g,70,g,24,g,0,g,0,g,0,g
134,houlihans,ketchup,0,g,0,mg,480,g,15,g,1,g,0,g,0,g,1,g,12,g
135,houlihans,kid glazed chicken and rice,11,g,40,mg,1560,g,54,g,15,g,2,g,0,g,3,g,30,g
136,houlihans,kid pasta marinara limited locations only,8,g,0,mg,360,g,55,g,10,g,1,g,0,g,4,g,5,g
137,houlihans,kids applesauce,0,g,0,mg,0,g,23,g,0,g,0,g,0,g,1,g,21,g
138,houlihans,kids carrot sticks with ranch dressing,15,g,10,mg,450,g,12,g,2,g,2,g,0,g,2,g,1,g
139,houlihans,kids cheese pizza,21,g,45,mg,1450,g,68,g,27,g,10,g,0,g,3,g,5,g
140,houlihans,kids cheeseburger,16,g,95,mg,530,g,19,g,17,g,6,g,0,g,1,g,3,g
141,houlihans,kids chicken tenders with ranch,30,g,115,mg,780,g,20,g,33,g,5,g,0,g,1,g,5,g
142,houlihans,kids french fries,6,g,0,mg,300,g,21,g,2,g,1,g,0,g,2,g,0,g
143,houlihans,kids fresh fruit,0,g,0,mg,0,g,4,g,0,g,0,g,0,g,1,g,2,g
144,houlihans,kids green beans,0,g,0,mg,10,g,2,g,1,g,0,g,0,g,1,g,1,g
145,houlihans,kids grilled asparagus,2,g,0,mg,170,g,3,g,2,g,0,g,0,g,2,g,2,g
146,houlihans,kids grilled cheese,20,g,45,mg,1100,g,45,g,20,g,10,g,0,g,0,g,3,g
147,houlihans,kids grilled chicken breast with green beans,5,g,55,mg,400,g,2,g,19,g,1,g,0,g,1,g,1,g
148,houlihans,kids ice cream,17,g,60,mg,60,g,24,g,4,g,10,g,1,g,0,g,24,g
149,houlihans,kids jr french dip,11,g,65,mg,1630,g,36,g,34,g,5,g,0,g,1,g,2,g
150,houlihans,kids mac n cheese,11,g,25,mg,830,g,48,g,12,g,3,g,0,g,2,g,11,g
151,houlihans,kids mashed potatoes,11,g,35,mg,300,g,13,g,2,g,7,g,0,g,2,g,1,g
152,houlihans,kids pasta salad,21,g,5,mg,470,g,22,g,6,g,3,g,0,g,3,g,1,g
153,houlihans,kids pepperoni pizza,49,g,65,mg,3200,g,101,g,36,g,16,g,0,g,14,g,25,g
154,houlihans,kids pineapple brown rice,1,g,0,mg,300,g,21,g,2,g,0,g,0,g,2,g,4,g
155,houlihans,kids popcorn shrimp,32,g,125,mg,1360,g,47,g,18,g,6,g,0,g,3,g,16,g
156,houlihans,kids side salad with ranch,5,g,10,mg,370,g,9,g,1,g,1,g,0,g,1,g,2,g
157,houlihans,kids sweet potato fries,41,g,25,mg,550,g,48,g,3,g,11,g,0,g,4,g,12,g
158,houlihans,kids taco bowl,42,g,120,mg,1600,g,61,g,35,g,17,g,0,g,7,g,7,g
159,houlihans,kids tortilla chips with salsa,1,g,0,mg,100,g,11,g,2,g,0,g,0,g,1,g,0,g
160,houlihans,korean fried chicken,30,g,125,mg,4100,g,88,g,49,g,6,g,0,g,7,g,31,g
161,houlihans,korean grilled chicken,25,g,105,mg,3780,g,76,g,46,g,5,g,0,g,6,g,29,g
162,houlihans,large caeser salad without chicken or dressing,19,g,50,mg,650,g,24,g,13,g,11,g,0,g,6,g,5,g
163,houlihans,large cappuccino cake ny and nj only,55,g,155,mg,980,g,188,g,12,g,27,g,0,g,3,g,145,g
164,houlihans,large caramel nut crunch pie ny and nj only,60,g,145,mg,510,g,135,g,13,g,32,g,1,g,2,g,110,g
165,houlihans,large strawberry cheesecake ny and nj only,75,g,300,mg,680,g,75,g,18,g,38,g,0,g,4,g,60,g
166,houlihans,lemon herb grilled chicken limited locations only,26,g,110,mg,2210,g,32,g,49,g,5,g,0,g,12,g,3,g
167,houlihans,lemon pasta with grilled chicken limited locations only,33,g,120,mg,2570,g,94,g,54,g,7,g,0,g,11,g,6,g
168,houlihans,lemon pasta with spiral cut zucchini and yellow s limited locations only,22,g,15,mg,1810,g,98,g,19,g,5,g,0,g,12,g,7,g
169,houlihans,loaded baked potato,38,g,85,mg,1130,g,71,g,20,g,21,g,0,g,5,g,4,g
170,houlihans,loaded guacamole,43,g,45,mg,2270,g,85,g,18,g,15,g,0,g,15,g,13,g
171,houlihans,loaded mashed cauliflower ny and nj only,16,g,45,mg,540,g,8,g,6,g,9,g,0,g,3,g,3,g
172,houlihans,lobster corn dog limited locations only,41,g,170,mg,2300,g,54,g,31,g,6,g,0,g,3,g,17,g
173,houlihans,low fat ranch 1 fl oz,5,g,10,mg,370,g,7,g,0,g,1,g,0,g,0,g,1,g
174,houlihans,lunch combo add parmesan garlic sauce,29,g,30,mg,290,g,3,g,2,g,5,g,0,g,0,g,0,g
175,houlihans,lunch combo caesar salad,33,g,35,mg,500,g,8,g,5,g,8,g,0,g,3,g,2,g
176,houlihans,lunch combo chicken tender combo without honey mustard,12,g,165,mg,780,g,26,g,55,g,3,g,0,g,2,g,16,g
177,houlihans,lunch combo chicken tender combo honey mustard dressing,24,g,30,mg,220,g,12,g,0,g,4,g,0,g,0,g,12,g
178,houlihans,lunch combo chicken tortilla soup,13,g,45,mg,1790,g,18,g,14,g,5,g,0,g,2,g,6,g
179,houlihans,lunch combo fish tacos,19,g,55,mg,1150,g,58,g,20,g,5,g,0,g,5,g,8,g
180,houlihans,lunch combo french dip sandwich,40,g,85,mg,3310,g,45,g,36,g,9,g,0,g,1,g,6,g
181,houlihans,lunch combo french fries,8,g,0,mg,400,g,28,g,3,g,2,g,0,g,3,g,0,g
182,houlihans,lunch combo french onion soup with provolone and croutons,20,g,55,mg,1580,g,13,g,18,g,11,g,0,g,1,g,4,g
183,houlihans,lunch combo grilled asparagus,2,g,0,mg,170,g,3,g,2,g,0,g,0,g,2,g,2,g
184,houlihans,lunch combo house chop salad with bleu cheese,15,g,30,mg,470,g,15,g,9,g,7,g,0,g,3,g,3,g
185,houlihans,lunch combo house chop salad with cheddar cheese,15,g,30,mg,420,g,16,g,9,g,7,g,0,g,3,g,3,g
186,houlihans,lunch combo house chop salad add balsamic vinaigrette dressing,23,g,0,mg,180,g,5,g,0,g,3,g,0,g,0,g,4,g
187,houlihans,lunch combo house chop salad add ranch dressing,23,g,15,mg,300,g,5,g,0,g,4,g,0,g,0,g,2,g
188,houlihans,lunch combo mini burgers 2,42,g,210,mg,1040,g,40,g,41,g,16,g,0,g,2,g,7,g
189,houlihans,lunch combo original baked potato soup with saltines,33,g,90,mg,1780,g,35,g,15,g,18,g,0,g,4,g,4,g
190,houlihans,lunch combo petite filet mignon 4 oz,25,g,75,mg,740,g,0,g,23,g,10,g,0,g,0,g,0,g
191,houlihans,lunch combo signature tuscan salad,22,g,15,mg,620,g,25,g,9,g,6,g,0,g,5,g,4,g
192,houlihans,lunch combo southwest chicken wrap,26,g,25,mg,710,g,25,g,8,g,7,g,0,g,3,g,5,g
193,houlihans,lunch combo tomato soup with cheese fritters,21,g,55,mg,2150,g,29,g,9,g,10,g,0,g,3,g,14,g
194,houlihans,lunch combo tortilla chips with salsa,2,g,0,mg,200,g,21,g,3,g,0,g,0,g,2,g,1,g
195,houlihans,mac and cheese entree limited locations only,61,g,170,mg,1070,g,50,g,32,g,36,g,1,g,2,g,5,g
196,houlihans,mango dressing limited locations only,26,g,0,mg,260,g,9,g,0,g,4,g,0,g,0,g,9,g
197,houlihans,margherita flatbread,35,g,65,mg,1360,g,98,g,31,g,15,g,0,g,11,g,4,g
198,houlihans,margherita flatbread with gluten free crust,34,g,65,mg,1250,g,95,g,24,g,15,g,0,g,9,g,10,g
199,houlihans,marinated grilled shrimp 5 add on limited locations only,10,g,190,mg,970,g,17,g,27,g,1,g,0,g,0,g,11,g
200,houlihans,mashed potato,22,g,75,mg,940,g,26,g,3,g,15,g,0,g,4,g,3,g
201,houlihans,meatloaf no 9,67,g,210,mg,4870,g,80,g,56,g,30,g,0,g,10,g,20,g
202,houlihans,meatloaf sandwich limited locations only,37,g,135,mg,3660,g,112,g,55,g,14,g,0,g,7,g,20,g
203,houlihans,mediterranean black bean dip limited locations only,62,g,5,mg,1270,g,53,g,17,g,8,g,0,g,13,g,9,g
204,houlihans,melty cheesy cheeseburger without fries,66,g,195,mg,2960,g,68,g,60,g,28,g,0,g,3,g,20,g
205,houlihans,mini burger slider double fries limited locations only,28,g,105,mg,1430,g,63,g,25,g,0,g,0,g,5,g,15,g
206,houlihans,miniature burger threesome limited locations only,71,g,320,mg,1950,g,88,g,66,g,26,g,0,g,6,g,9,g
207,houlihans,miso grilled salmon limited locations only,23,g,85,mg,2330,g,40,g,40,g,4,g,0,g,6,g,13,g
208,houlihans,mushroom swiss burger without side limited locations only,53,g,190,mg,1860,g,51,g,63,g,22,g,0,g,5,g,11,g
209,houlihans,navajo chicken pasta ny and nj only,76,g,185,mg,1370,g,120,g,45,g,27,g,0,g,8,g,10,g
210,houlihans,onion straws add on limited locations only,2,g,5,mg,440,g,21,g,3,g,0,g,0,g,2,g,3,g
211,houlihans,organic edamame limited locations only,9,g,0,mg,500,g,21,g,18,g,0,g,0,g,10,g,0,g
212,houlihans,organic steamed potstickers with dip sauce,20,g,30,mg,2130,g,43,g,14,g,5,g,0,g,3,g,11,g
213,houlihans,original baked potato soup with saltines,33,g,90,mg,1780,g,35,g,15,g,18,g,0,g,4,g,4,g
214,houlihans,original fajitas beef,73,g,180,mg,3630,g,111,g,80,g,29,g,0,g,11,g,31,g
215,houlihans,original fajitas chicken,64,g,180,mg,4170,g,112,g,64,g,23,g,0,g,12,g,31,g
216,houlihans,original fajitas combo,68,g,180,mg,3900,g,111,g,72,g,26,g,0,g,11,g,31,g
217,houlihans,pan roasted chicken and spiral sweet potato limited locations only,50,g,105,mg,1800,g,40,g,40,g,10,g,0,g,10,g,10,g
218,houlihans,panko shrimp dinner limited locations only,31,g,300,mg,2400,g,114,g,51,g,7,g,0,g,10,g,17,g
219,houlihans,parmesan frites with dip sauce limited locations only,54,g,40,mg,1780,g,70,g,7,g,9,g,0,g,6,g,9,g
220,houlihans,pasta provencal limited locations only,90,g,190,mg,1950,g,100,g,60,g,20,g,0,g,10,g,10,g
221,houlihans,pasta salad,21,g,5,mg,470,g,22,g,6,g,3,g,0,g,3,g,1,g
222,houlihans,peanut ginger dressing 1 fl oz,27,g,0,mg,250,g,6,g,1,g,4,g,0,g,0,g,5,g
223,houlihans,pecan chicken salad ny and nj only,117,g,185,mg,3150,g,116,g,57,g,18,g,0,g,19,g,52,g
224,houlihans,pecan pie limited locations only,57,g,200,mg,440,g,98,g,9,g,26,g,0,g,3,g,52,g
225,houlihans,pesto roasted brussel sprouts limited locations only,131,g,25,mg,250,g,10,g,4,g,5,g,0,g,4,g,2,g
226,houlihans,pickle fries with sauce limited locations only,42,g,125,mg,3420,g,82,g,32,g,11,g,0,g,6,g,15,g
227,houlihans,pickle planks,0,g,0,mg,520,g,1,g,0,g,0,g,0,g,1,g,0,g
228,houlihans,pineapple brown rice,2,g,0,mg,590,g,41,g,4,g,0,g,0,g,4,g,9,g
229,houlihans,pineapple brown rice limited locations only,1,g,0,mg,300,g,21,g,2,g,0,g,0,g,2,g,4,g
230,houlihans,poppyseed dressing 2 fl oz,24,g,0,mg,210,g,18,g,0,g,3,g,0,g,0,g,17,g
231,houlihans,portobello burger on gluten free bun limited locations only,39,g,45,mg,1680,g,50,g,15,g,13,g,0,g,5,g,8,g
232,houlihans,portobello burger on toasted bun limited locations only,39,g,55,mg,1470,g,50,g,21,g,14,g,0,g,4,g,13,g
233,houlihans,pot roast slider single limited locations only,11,g,70,mg,490,g,22,g,13,g,4,g,0,g,1,g,3,g
234,houlihans,potato skins ny and nj only,70,g,195,mg,3150,g,64,g,48,g,39,g,0,g,5,g,2,g
235,houlihans,power greens salad without dressing,11,g,10,mg,330,g,20,g,11,g,3,g,0,g,9,g,7,g
236,houlihans,prime meatloaf 9 limited locations only,67,g,210,mg,2450,g,76,g,38,g,34,g,0,g,10,g,18,g
237,houlihans,prime steak and wedge salad without dressing,55,g,145,mg,1730,g,22,g,44,g,23,g,0,g,5,g,7,g
238,houlihans,pulled smoked pork slider single limited locations only,16,g,100,mg,650,g,26,g,24,g,6,g,0,g,1,g,4,g
239,houlihans,quiche o day limited locations only,40,g,80,mg,920,g,30,g,20,g,20,g,0,g,0,g,0,g
240,houlihans,ranchouse steak salad ny and nj only,89,g,150,mg,1800,g,58,g,47,g,28,g,0,g,7,g,10,g
241,houlihans,raspberry sorbet ny and nj only,0,g,0,mg,30,g,66,g,0,g,0,g,0,g,0,g,66,g
242,houlihans,reuben limited locations only,76,g,145,mg,3270,g,66,g,44,g,26,g,0,g,7,g,7,g
243,houlihans,ribs and shrimp combo ny and nj only,59,g,275,mg,4360,g,112,g,65,g,16,g,0,g,9,g,35,g
244,houlihans,roasted cobb salad limited locations only,60,g,50,mg,1140,g,50,g,10,g,20,g,0,g,10,g,10,g
245,houlihans,salmon blt without side limited locations only,65,g,135,mg,2280,g,82,g,52,g,13,g,0,g,3,g,21,g
246,houlihans,salmon caeser salad ny and nj only,88,g,180,mg,1930,g,53,g,60,g,15,g,0,g,8,g,5,g
247,houlihans,salty caramel gooey buttercake,35,g,110,mg,600,g,99,g,7,g,19,g,1,g,0,g,75,g
248,houlihans,scallop only add on limited locations only,3,g,40,mg,510,g,3,g,19,g,0,g,0,g,0,g,0,g
249,houlihans,seafood mixed grill,81,g,205,mg,1400,g,73,g,58,g,15,g,0,g,10,g,6,g
250,houlihans,seared ahi tuna tacos limited locations only,37,g,255,mg,1580,g,56,g,39,g,7,g,0,g,6,g,9,g
251,houlihans,seared georges bank scallops,22,g,85,mg,1940,g,30,g,44,g,4,g,0,g,2,g,3,g
252,houlihans,seared georges bank scallops small,15,g,45,mg,1400,g,27,g,25,g,3,g,0,g,2,g,3,g
253,houlihans,seared mahi with citrus crab salad limited locations only,24,g,245,mg,3280,g,66,g,66,g,4,g,0,g,4,g,28,g
254,houlihans,seared mahi with citrus crab salad small limited locations only,12,g,125,mg,1640,g,33,g,33,g,2,g,0,g,2,g,14,g
255,houlihans,serious brownie sundae,86,g,145,mg,860,g,235,g,18,g,35,g,1,g,6,g,186,g
256,houlihans,shrimp cocktail with cocktail sauce limited locations only,18,g,345,mg,1270,g,41,g,50,g,3,g,0,g,3,g,17,g
257,houlihans,shrimp pasta alfredo without bread limited locations only,68,g,390,mg,1180,g,84,g,58,g,36,g,0,g,4,g,5,g
258,houlihans,shrimp scampi,41,g,190,mg,2230,g,113,g,49,g,10,g,0,g,5,g,4,g
259,houlihans,side caesar salad,33,g,35,mg,500,g,8,g,5,g,8,g,0,g,3,g,2,g
260,houlihans,side choice broccoli limited locations only,1,g,0,mg,100,g,12,g,7,g,0,g,0,g,4,g,3,g
261,houlihans,side house chop salad with bleu cheese without dressing,15,g,30,mg,470,g,15,g,9,g,7,g,0,g,3,g,3,g
262,houlihans,side house chop salad with cheddar cheese without dressing,15,g,30,mg,420,g,16,g,9,g,7,g,0,g,3,g,3,g
263,houlihans,side house chop salad add balsamic vinaigrette dressing,23,g,0,mg,180,g,5,g,0,g,3,g,0,g,0,g,4,g
264,houlihans,side house chop salad add ranch dressing,23,g,15,mg,300,g,5,g,0,g,4,g,0,g,0,g,2,g
265,houlihans,side of parmesan garlic sauce,29,g,30,mg,290,g,3,g,2,g,5,g,0,g,0,g,0,g
266,houlihans,signature tuscan salad,22,g,15,mg,620,g,25,g,9,g,6,g,0,g,5,g,4,g
267,houlihans,six cheese and roasted garlic flatbread limited locations only,78,g,250,mg,2020,g,74,g,61,g,47,g,0,g,3,g,1,g
268,houlihans,six cheese and roasted garlic flatbread on gluten free crust limited locations only,77,g,250,mg,1910,g,71,g,54,g,47,g,0,g,2,g,8,g
269,houlihans,sizzling fajitas chicken limited locations only,60,g,185,mg,3080,g,115,g,74,g,23,g,0,g,13,g,37,g
270,houlihans,sizzling fajitas combo limited locations only,66,g,190,mg,3160,g,117,g,73,g,25,g,0,g,13,g,37,g
271,houlihans,sizzling fajitas steak limited locations only,73,g,190,mg,3080,g,119,g,73,g,28,g,0,g,13,g,37,g
272,houlihans,sizzling fajitas vegetable limited locations only,44,g,55,mg,2430,g,114,g,34,g,15,g,0,g,12,g,36,g
273,houlihans,smores fondue crock limited locations only,21,g,20,mg,390,g,155,g,6,g,10,g,2,g,2,g,113,g
274,houlihans,so cal fish tacos,38,g,115,mg,2300,g,115,g,41,g,9,g,0,g,10,g,16,g
275,houlihans,southwest grilled chicken wrap,58,g,95,mg,1840,g,48,g,31,g,15,g,0,g,5,g,8,g
276,houlihans,spicy chicken and avocado eggrolls with dips and sauce,29,g,80,mg,1520,g,64,g,28,g,11,g,0,g,3,g,16,g
277,houlihans,spicy sausage biscuit without side limited locations only,110,g,180,mg,3720,g,110,g,50,g,50,g,0,g,0,g,20,g
278,houlihans,spinach and artichoke flatbread limited locations only,54,g,130,mg,2060,g,111,g,31,g,23,g,0,g,12,g,9,g
279,houlihans,spinach and artichoke flatbread on gluten free crust limited locations only,53,g,130,mg,1960,g,108,g,24,g,23,g,0,g,10,g,15,g
280,houlihans,spinach dip with lavosh crackers,65,g,190,mg,2230,g,89,g,40,g,35,g,0,g,5,g,14,g
281,houlihans,spiralized beet chips limited locations only,30,g,30,mg,720,g,49,g,4,g,6,g,0,g,5,g,13,g
282,houlihans,steak and grilled romaine salad limited locations only,70,g,80,mg,870,g,60,g,30,g,20,g,0,g,10,g,40,g
283,houlihans,steak and wedge salad,109,g,205,mg,2650,g,32,g,49,g,33,g,0,g,7,g,10,g
284,houlihans,steak enchiladas with mexican street corn limited locations only,84,g,170,mg,2130,g,102,g,53,g,31,g,0,g,8,g,15,g
285,houlihans,steamed mussels with andouille limited locations only,27,g,125,mg,2000,g,22,g,43,g,10,g,0,g,3,g,4,g
286,houlihans,stir fry chicken limited locations only,34,g,60,mg,2490,g,151,g,40,g,6,g,0,g,7,g,40,g
287,houlihans,stir fry shrimp limited locations only,30,g,190,mg,2240,g,152,g,45,g,5,g,0,g,7,g,40,g
288,houlihans,stir fry vegetable limited locations only,28,g,0,mg,2150,g,159,g,22,g,5,g,0,g,10,g,43,g
289,houlihans,stuffed chicken breast with mashed potato,53,g,240,mg,2290,g,63,g,45,g,26,g,0,g,6,g,6,g
290,houlihans,sweet potato fries,41,g,25,mg,550,g,48,g,3,g,11,g,0,g,4,g,12,g
291,houlihans,teriyaki ribeye ny and nj only,72,g,465,mg,1640,g,94,g,103,g,31,g,0,g,9,g,16,g
292,houlihans,thai grilled chicken limited locations only,11,g,105,mg,1530,g,21,g,38,g,3,g,0,g,1,g,18,g
293,houlihans,thai noodle salad limited locations only,30,g,0,mg,690,g,58,g,19,g,7,g,0,g,11,g,21,g
294,houlihans,thai noodle salad add grilled chicken limited locations only,16,g,110,mg,810,g,0,g,37,g,4,g,0,g,0,g,0,g
295,houlihans,thai noodle salad add grilled salmon limited locations only,19,g,90,mg,460,g,0,g,28,g,5,g,0,g,0,g,0,g
296,houlihans,thai noodle salad chicken with dressing and roll limited locations only,77,g,110,mg,2820,g,114,g,75,g,18,g,0,g,22,g,44,g
297,houlihans,thai noodle salad salmon with dressing and roll limited locations only,79,g,90,mg,2470,g,114,g,66,g,19,g,0,g,22,g,44,g
298,houlihans,the kansas city burger on gluten free bun,65,g,205,mg,3200,g,87,g,65,g,26,g,0,g,5,g,22,g
299,houlihans,the kansas city burger on toasted bun,66,g,215,mg,2990,g,87,g,71,g,27,g,0,g,4,g,27,g
300,houlihans,tomato soup with cheese fritters,21,g,55,mg,2150,g,29,g,9,g,10,g,0,g,3,g,14,g
301,houlihans,top sirloin 5 oz,24,g,75,mg,750,g,0,g,28,g,9,g,0,g,0,g,0,g
302,houlihans,top sirloin 9 oz,44,g,140,mg,1490,g,1,g,51,g,17,g,0,g,0,g,0,g
303,houlihans,tortilla chips with salsa,2,g,0,mg,200,g,21,g,3,g,0,g,0,g,2,g,1,g
304,houlihans,turkey burger ny and nj only,37,g,140,mg,1760,g,42,g,36,g,8,g,0,g,3,g,6,g
305,houlihans,twin lobster tails with drawn butter ny and nj only,54,g,380,mg,1000,g,0,g,68,g,32,g,2,g,0,g,0,g
306,houlihans,ultimate chili stack nacho ny and nj only,109,g,280,mg,4310,g,177,g,88,g,55,g,0,g,19,g,8,g
307,houlihans,vanilla ginger brulee,5,g,0,mg,45,g,10,g,2,g,3,g,0,g,0,g,9,g
308,houlihans,veggie burger,44,g,0,mg,1940,g,68,g,23,g,16,g,0,g,12,g,0,g
309,houlihans,veggie burger on gluten free bun,20,g,5,mg,2080,g,71,g,8,g,4,g,0,g,9,g,7,g
310,houlihans,veggie burger on gluten free bun without side limited locations only,29,g,40,mg,1680,g,50,g,14,g,8,g,0,g,12,g,5,g
311,houlihans,veggie burger on toasted bun,20,g,15,mg,1870,g,71,g,14,g,5,g,0,g,8,g,12,g
312,houlihans,veggie burger without side limited locations only,30,g,50,mg,1490,g,50,g,20,g,10,g,0,g,10,g,10,g
313,houlihans,veggie burger black bean house made limited locations only,30,g,50,mg,1490,g,30,g,20,g,10,g,0,g,10,g,10,g
314,houlihans,veggie club sandwich ny and nj only,35,g,45,mg,1190,g,53,g,24,g,12,g,0,g,10,g,6,g
315,houlihans,veggie mini burger slider single limited locations only,16,g,50,mg,610,g,33,g,10,g,4,g,0,g,5,g,2,g
316,houlihans,veggie slider black bean house made limited locations only,50,g,160,mg,1750,g,90,g,30,g,10,g,0,g,10,g,10,g
317,houlihans,walleye dinner without side limited locations only,50,g,260,mg,1250,g,50,g,40,g,30,g,0,g,0,g,10,g
318,houlihans,walleye sandwich without side limited locations only,30,g,170,mg,2270,g,110,g,50,g,10,g,0,g,10,g,10,g
319,houlihans,white bean and artichoke hummus limited locations only,44,g,5,mg,2210,g,99,g,22,g,7,g,0,g,12,g,6,g
320,houlihans,whole grain farmhouse club sandwich without side limited locations only,25,g,115,mg,2120,g,41,g,38,g,9,g,0,g,2,g,6,g
321,houlihans,wild mushroom and arugula flatbread limited locations only,32,g,80,mg,1480,g,79,g,30,g,17,g,0,g,5,g,4,g
322,houlihans,wild mushroom and arugula flatbread gf crust limited locations only,31,g,80,mg,1370,g,76,g,22,g,16,g,0,g,3,g,10,g
323,houlihans,wings and things appetizer combo ny and nj only,138,g,410,mg,4680,g,170,g,80,g,51,g,0,g,11,g,12,g
324,houlihans,yellow mustard,0,g,0,mg,180,g,0,g,0,g,0,g,0,g,0,g,0,g
325,houlihans,yum yum burger without side limited locations only,72,g,285,mg,2630,g,57,g,55,g,26,g,0,g,3,g,15,g
326,houlihans,zucchini and basil pesto salad limited locations only,45,g,5,mg,1000,g,13,g,5,g,6,g,0,g,4,g,3,g
327,houlihans,zucchini marinara limited locations only,29,g,25,mg,1660,g,60,g,10,g,7,g,0,g,17,g,8,g
328,houlihans,zucchini marinara add bread limited locations only,6,g,5,mg,360,g,27,g,4,g,2,g,0,g,1,g,2,g
329,houlihans,zucchini marinara add grilled chicken limited locations only,16,g,110,mg,810,g,0,g,37,g,4,g,0,g,0,g,0,g
330,huddle house,5 combos add hashbrowns,8,g,0,mg,35,g,30,g,3,g,2.5,g,0,g,3,g,0,g
331,huddle house,5 combos add homestyle grits,6,g,0,mg,70,g,14,g,2,g,1,g,1,g,0,g,0,g
332,huddle house,5 combos add lightly seasoned french fries,22,g,0,mg,300,g,68,g,6,g,4,g,0,g,5,g,0,g
333,huddle house,3 biscuit sliders add \tator tots double order,59,g,5,mg,1350,g,89,g,6,g,12,g,2,g,8,g,1,g
334,huddle house,3 blueberry pancakes 3 eggs and 4 country sausage,74,g,850,mg,2530,g,87,g,56,g,24,g,3,g,6,g,29,g
335,huddle house,3 blueberry pancakes 3 eggs and 4 turkey sausage,55,g,850,mg,2080,g,84,g,52,g,16,g,3,g,5,g,28,g
336,huddle house,3 blueberry pancakes 3 eggs and 6 smokehouse bacon,59,g,805,mg,2200,g,85,g,46,g,19,g,3,g,5,g,28,g
337,huddle house,3 butter pecan praline pancakes 3 eggs and 4 country sausage,110,g,850,mg,2600,g,104,g,61,g,27,g,3,g,7,g,39,g
338,huddle house,3 butter pecan praline pancakes 3 eggs and 4 turkey sausage,91,g,850,mg,2160,g,101,g,57,g,20,g,3,g,7,g,38,g
339,huddle house,3 butter pecan praline pancakes 3 eggs and 6 smokehouse bacon,95,g,805,mg,2280,g,102,g,51,g,22,g,3,g,7,g,38,g
340,huddle house,3 buttermilk pancakes 3 eggs and 4 country sausage,74,g,850,mg,2530,g,79,g,55,g,24,g,3,g,4,g,23,g
341,huddle house,3 buttermilk pancakes 3 eggs and 4 turkey sausage,55,g,850,mg,2080,g,76,g,52,g,16,g,3,g,3,g,22,g
342,huddle house,3 buttermilk pancakes 3 eggs and 6 smokehouse bacon,59,g,805,mg,2200,g,77,g,46,g,19,g,3,g,4,g,22,g
343,huddle house,3 chocolate chips pancakes 3 eggs and 4 country sausage,97,g,860,mg,2530,g,137,g,59,g,38,g,3,g,10,g,68,g
344,huddle house,3 chocolate chips pancakes 3 eggs and 4 turkey sausage,78,g,855,mg,2080,g,133,g,55,g,30,g,3,g,9,g,67,g
345,huddle house,3 chocolate chips pancakes 3 eggs and 6 smokehouse bacon,82,g,810,mg,2210,g,135,g,50,g,33,g,3,g,9,g,68,g
346,huddle house,3 oreo cookie crunch pancakes 3 eggs and 4 country sausage,89,g,850,mg,2820,g,162,g,60,g,35,g,1,g,7,g,75,g
347,huddle house,3 oreo cookie crunch pancakes 3 eggs and 4 turkey sausage,70,g,845,mg,2370,g,159,g,56,g,27,g,1,g,7,g,74,g
348,huddle house,3 oreo cookie crunch pancakes 3 eggs and 6 smokehouse bacon,74,g,805,mg,2490,g,160,g,50,g,30,g,1,g,7,g,75,g
349,huddle house,3 pecan pancakes 3 eggs and 4 country sausage,110,g,850,mg,2530,g,86,g,61,g,27,g,3,g,7,g,25,g
350,huddle house,3 pecan pancakes 3 eggs and 4 turkey sausage,91,g,850,mg,2080,g,83,g,57,g,20,g,3,g,7,g,23,g
351,huddle house,3 pecan pancakes 3 eggs and 6 smokehouse bacon,95,g,805,mg,2200,g,84,g,51,g,22,g,3,g,7,g,24,g
352,huddle house,3 slices of plain french toast,28,g,540,mg,910,g,95,g,27,g,9,g,0,g,4,g,40,g
353,huddle house,3 slices of strawberry french toast,21,g,540,mg,760,g,122,g,27,g,7,g,0,g,4,g,64,g
354,huddle house,3 strawberry pancakes 3 eggs and 4 country sausage,82,g,850,mg,2530,g,105,g,56,g,31,g,3.5,g,4,g,46,g
355,huddle house,3 strawberry pancakes 3 eggs and 4 turkey sausage,63,g,850,mg,2090,g,102,g,52,g,23,g,3,g,3,g,45,g
356,huddle house,3 strawberry pancakes 3 eggs and 6 smokehouse bacon,67,g,805,mg,2210,g,103,g,46,g,26,g,3,g,4,g,45,g
357,huddle house,5 star chili,14,g,60,mg,1040,g,21,g,21,g,5,g,0,g,5,g,7,g
358,huddle house,add american cheese,4.5,g,15,mg,200,g,1,g,2,g,3,g,0,g,0,g,0,g
359,huddle house,add cheddar cheese,9,g,30,mg,160,g,1,g,7,g,6,g,0,g,0,g,0,g
360,huddle house,add cheddar cheese sauce,4.5,g,15,mg,310,g,4,g,5,g,2.5,g,0,g,0,g,3,g
361,huddle house,add chopped bacon bits,9,g,25,mg,460,g,1,g,8,g,3,g,0,g,0,g,1,g
362,huddle house,add diced green peppers,0,g,0,mg,0,g,2,g,0,g,0,g,0,g,1,g,1,g
363,huddle house,add diced ham,1,g,20,mg,470,g,1,g,6,g,0,g,0,g,0,g,1,g
364,huddle house,add diced tomato,0,g,0,mg,0,g,2,g,0,g,0,g,0,g,0,g,0,g
365,huddle house,add golden waffle,17,g,35,mg,840,g,61,g,9,g,6,g,0,g,3,g,20,g
366,huddle house,add grilled diced onions,0,g,0,mg,0,g,3,g,0,g,0,g,0,g,1,g,1,g
367,huddle house,add grilled mushrooms,0,g,0,mg,100,g,1,g,0,g,0,g,0,g,0,g,0,g
368,huddle house,add jalapenos,0,g,0,mg,1020,g,6,g,0,g,0,g,0,g,3,g,3,g
369,huddle house,add on american cheese,4.5,g,15,mg,200,g,1,g,2,g,3,g,0,g,0,g,0,g
370,huddle house,add on baked potato,11,g,15,mg,110,g,61,g,8,g,4.5,g,1,g,6,g,4,g
371,huddle house,add on biscuit,17,g,0,mg,700,g,24,g,4,g,8,g,1,g,1,g,2,g
372,huddle house,add on biscuits with sausage gravy,50,g,15,mg,2390,g,66,g,11,g,20,g,7,g,2,g,7,g
373,huddle house,add on cheddar cheese slice,6,g,20,mg,115,g,0,g,4,g,3.5,g,0,g,0,g,0,g
374,huddle house,add on chicken and dumplings,5,g,45,mg,1670,g,36,g,15,g,1.5,g,0,g,1,g,2,g
375,huddle house,add on chicken pot pie with biscuit,37,g,110,mg,3390,g,69,g,34,g,16,g,0,g,6,g,9,g
376,huddle house,add on double chopped steak platter,66,g,250,mg,1780,g,14,g,63,g,30,g,3.5,g,5,g,2,g
377,huddle house,add on double stack crispy chicken sandwich with american cheese,49,g,140,mg,2310,g,77,g,50,g,16,g,6,g,5,g,12,g
378,huddle house,add on double stack crispy chicken sandwich with cheddar cheese,54,g,155,mg,2040,g,75,g,56,g,18,g,6,g,5,g,10,g
379,huddle house,add on double stack grilled sandwich with american cheese,24,g,155,mg,2010,g,48,g,63,g,10,g,2,g,2,g,11,g
380,huddle house,add on double stack grilled sandwich with cheddar cheese,28,g,170,mg,1750,g,45,g,68,g,13,g,1.5,g,2,g,10,g
381,huddle house,add on double stack grilled sandwich with swiss cheese,23,g,170,mg,2010,g,48,g,62,g,10,g,2,g,2,g,12,g
382,huddle house,add on green beans,0,g,0,mg,570,g,4,g,1,g,0,g,0,g,3,g,0,g
383,huddle house,add on grilled diced onions,0,g,0,mg,0,g,3,g,0,g,0,g,0,g,1,g,1,g
384,huddle house,add on grilled mushrooms,0,g,0,mg,100,g,1,g,0,g,0,g,0,g,0,g,0,g
385,huddle house,add on lightly seasoned french fries,22,g,0,mg,300,g,68,g,6,g,4,g,3,g,5,g,0,g
386,huddle house,add on lightly seasoned french fries double order,44,g,5,mg,590,g,135,g,11,g,8,g,6,g,11,g,1,g
387,huddle house,add on loaded baked potato,15,g,30,mg,270,g,61,g,11,g,6,g,1,g,6,g,5,g
388,huddle house,add on mashed potatoes,5,g,5,mg,630,g,21,g,2,g,1.5,g,0.5,g,1,g,1,g
389,huddle house,add on mega country fried steak platter,87,g,130,mg,2870,g,72,g,44,g,24,g,13,g,5,g,4,g
390,huddle house,add on onion rings,40,g,0,mg,1400,g,66,g,7,g,7,g,5,g,4,g,13,g
391,huddle house,add on pinto beans with garlic,0,g,0,mg,310,g,23,g,8,g,0,g,0,g,7,g,0,g
392,huddle house,add on pot roast with mashed potatoes,36,g,195,mg,1720,g,53,g,65,g,9,g,1.5,g,4,g,4,g
393,huddle house,add on stuffedhash browns,49,g,135,mg,2310,g,78,g,50,g,15,g,6,g,5,g,12,g
394,huddle house,add on sweet potato fries,25,g,0,mg,300,g,44,g,3,g,4,g,3,g,5,g,19,g
395,huddle house,add on swiss cheese,4,g,15,mg,200,g,1,g,2,g,2.5,g,0,g,0,g,0,g
396,huddle house,add on tator tots,29,g,0,mg,670,g,45,g,3,g,6,g,1,g,4,g,0,g
397,huddle house,add on tator tots double order,59,g,5,mg,1350,g,89,g,6,g,12,g,2,g,8,g,1,g
398,huddle house,add on texas toast,6,g,0,mg,230,g,19,g,3,g,1,g,1,g,1,g,2,g
399,huddle house,add on vegetable of the day blackeye peas,0,g,0,mg,125,g,15,g,5,g,0,g,0,g,4,g,0,g
400,huddle house,add on vegetable of the day corn,1,g,0,mg,125,g,16,g,3,g,0,g,0,g,2,g,4,g
401,huddle house,add on vegetable of the day lima beans,0,g,0,mg,125,g,18,g,5,g,0,g,0,g,4,g,1,g
402,huddle house,add on vegetable of the day turnip greens,0,g,0,mg,380,g,5,g,2,g,0,g,0,g,2,g,2,g
403,huddle house,add sausage gravy,6,g,5,mg,500,g,10,g,2,g,2.5,g,0,g,0,g,0,g
404,huddle house,add swiss cheese,4,g,15,mg,200,g,1,g,2,g,2.5,g,0,g,0,g,0,g
405,huddle house,all te way hashbrowns with 2 eggs,27,g,460,mg,650,g,37,g,21,g,11,g,0,g,3,g,3,g
406,huddle house,ancho and morita smokey tamarind sauce,0,g,0,mg,60,g,2,g,0,g,0,g,0,g,0,g,2,g
407,huddle house,bacon cheeseburger,31,g,80,mg,940,g,33,g,26,g,12,g,1,g,2,g,6,g
408,huddle house,bacon egg cheese biscuit,31,g,245,mg,1260,g,32,g,18,g,14,g,0,g,1,g,2,g
409,huddle house,bacon egg and cheese melt,38,g,475,mg,1210,g,42,g,28,g,13,g,2,g,2,g,5,g
410,huddle house,bacon sausage sausage gravy stuffed hashbrowns,64,g,530,mg,1810,g,75,g,42,g,24,g,0,g,5,g,3,g
411,huddle house,batter dipped cod add tarter sauce,10,g,15,mg,280,g,4,g,0,g,1.5,g,0,g,0,g,3,g
412,huddle house,batter dipped cod,17,g,45,mg,820,g,28,g,19,g,3,g,3,g,4,g,0,g
413,huddle house,big house blt,50,g,70,mg,1450,g,51,g,25,g,13,g,0,g,4,g,2,g
414,huddle house,big house breakfast platters 3 eggs,16,g,645,mg,210,g,3,g,18,g,4.5,g,0,g,0,g,0,g
415,huddle house,big house breakfast platters add biscuits with sausage gravy,21,g,5,mg,1210,g,34,g,5,g,11,g,0,g,1,g,2,g
416,huddle house,big house breakfast platters add homestyle grits,4,g,0,mg,75,g,15,g,2,g,1,g,0,g,0,g,0,g
417,huddle house,big house breakfast platters add raisin toast with butter blend,8,g,0,mg,390,g,32,g,4,g,1.5,g,0,g,2,g,12,g
418,huddle house,big house breakfast platters add texas toast with butter blend,8,g,0,mg,470,g,38,g,6,g,1.5,g,0,g,2,g,4,g
419,huddle house,big house breakfast platters add wheat toast with butter blend,7,g,0,mg,340,g,24,g,4,g,1.5,g,0,g,1,g,2,g
420,huddle house,big house breakfast platters add white toast with butter blend,8,g,0,mg,350,g,24,g,4,g,1.5,g,0,g,1,g,3,g
421,huddle house,big house breakfast platters hashbrowns,8,g,0,mg,35,g,30,g,3,g,2.5,g,0,g,3,g,0,g
422,huddle house,big house burgers and melts add lightly seasoned french fries,22,g,0,mg,300,g,68,g,6,g,4,g,0,g,5,g,0,g
423,huddle house,big pancake breakfast add syrup,0,g,0,mg,25,g,55,g,0,g,0,g,0,g,0,g,53,g
424,huddle house,black bean burger,20,g,20,mg,1080,g,66,g,20,g,3,g,0,g,10,g,10,g
425,huddle house,blt,34,g,45,mg,760,g,27,g,13,g,8,g,0,g,2,g,4,g
426,huddle house,breaded pork cutlet with white pepper gravy,29,g,80,mg,1700,g,40,g,34,g,6,g,5,g,3,g,2,g
427,huddle house,buffalo shrimp and chicken basket,50,g,100,mg,3160,g,105,g,27,g,9,g,0,g,7,g,1,g
428,huddle house,buffalo shrimp and chicken basket add ranch dressing,22,g,10,mg,320,g,2,g,0,g,3.5,g,0,g,0,g,1,g
429,huddle house,butter pecan praline,37,g,95,mg,1060,g,73,g,12,g,8,g,0,g,3,g,29,g
430,huddle house,cheddar cheese,9,g,30,mg,160,g,1,g,7,g,6,g,0,g,0,g,0,g
431,huddle house,cheeseburger,24,g,65,mg,730,g,33,g,21,g,10,g,1,g,2,g,6,g
432,huddle house,cheesy bacon tots,80,g,70,mg,1850,g,100,g,24,g,23,g,0,g,8,g,8,g
433,huddle house,chicken and dumplings,5,g,45,mg,1670,g,36,g,15,g,1.5,g,0,g,1,g,2,g
434,huddle house,chicken biscuit,28,g,65,mg,1580,g,44,g,27,g,10,g,0,g,2,g,2,g
435,huddle house,chicken fried chicken with white pepper gravy,22,g,80,mg,1220,g,32,g,28,g,4.5,g,5,g,2,g,2,g
436,huddle house,chicken pot pie with biscuit,24,g,55,mg,2020,g,46,g,19,g,12,g,0,g,3,g,6,g
437,huddle house,chicken tenders,21,g,50,mg,1090,g,28,g,20,g,3.5,g,0,g,2,g,0,g
438,huddle house,chicken tenders basket add ranch dressing,22,g,10,mg,320,g,2,g,0,g,3.5,g,0,g,0,g,1,g
439,huddle house,chicken tenders basket bbq sauce with fries,43,g,50,mg,1770,g,111,g,26,g,8,g,0,g,7,g,14,g
440,huddle house,chicken tenders basket buffalo sauce with fries,43,g,50,mg,2480,g,97,g,25,g,8,g,0,g,7,g,1,g
441,huddle house,chicken wings with bbq sauce large,63,g,565,mg,3580,g,53,g,116,g,16,g,0,g,3,g,41,g
442,huddle house,chicken wings with bbq sauce small,32,g,285,mg,1790,g,27,g,58,g,8,g,0,g,2,g,21,g
443,huddle house,chicken wings with buffalo sauce large,64,g,565,mg,5730,g,11,g,115,g,17,g,0,g,2,g,2,g
444,huddle house,chicken wings with buffalo sauce small,32,g,285,mg,2860,g,5,g,58,g,8,g,0,g,1,g,1,g
445,huddle house,chili cheese fries large,58,g,55,mg,1720,g,155,g,29,g,15,g,0,g,14,g,11,g
446,huddle house,chili cheese fries small,38,g,60,mg,980,g,79,g,23,g,12,g,0,g,8,g,4,g
447,huddle house,chocolate chip fix with butter blend,29,g,100,mg,980,g,89,g,11,g,15,g,0,g,5,g,44,g
448,huddle house,chocolate covered strawberry waffle sundae,26,g,85,mg,460,g,104,g,9,g,15,g,0,g,3,g,66,g
449,huddle house,chocolate milk,2.5,g,10,mg,220,g,30,g,8,g,1.5,g,0,g,1,g,29,g
450,huddle house,classic patty melt,59,g,150,mg,1760,g,45,g,37,g,21,g,2,g,3,g,8,g
451,huddle house,crispy chicken club,54,g,100,mg,1690,g,61,g,36,g,13,g,0,g,4,g,9,g
452,huddle house,crispy chicken salad,20,g,80,mg,820,g,17,g,26,g,8,g,0,g,3,g,3,g
453,huddle house,diet pepsi,0,g,0,mg,30,g,0,g,0,g,0,g,0,g,0,g,0,g
454,huddle house,dinner platters 5 star chili,14,g,60,mg,1040,g,21,g,21,g,5,g,0,g,5,g,7,g
455,huddle house,dinner platters add baked potato,8,g,15,mg,115,g,60,g,8,g,4,g,0,g,6,g,4,g
456,huddle house,dinner platters add cocktail sauce,0,g,0,mg,340,g,6,g,1,g,0,g,0,g,1,g,4,g
457,huddle house,dinner platters add green beans,0,g,0,mg,570,g,4,g,1,g,0,g,0,g,3,g,0,g
458,huddle house,dinner platters add loaded baked potato,15,g,35,mg,540,g,65,g,14,g,7,g,0,g,6,g,7,g
459,huddle house,dinner platters add mashed potatoes,3.5,g,5,mg,580,g,19,g,2,g,1,g,0,g,1,g,1,g
460,huddle house,dinner platters add onion rings,40,g,0,mg,1400,g,66,g,7,g,7,g,0,g,4,g,13,g
461,huddle house,dinner platters add sliced tomatoes,0,g,0,mg,5,g,3,g,1,g,0,g,0,g,1,g,2,g
462,huddle house,dinner platters add texas toast,4,g,0,mg,230,g,19,g,3,g,1,g,0,g,1,g,2,g
463,huddle house,dinner platters cheddar cheese,9,g,30,mg,160,g,1,g,7,g,6,g,0,g,0,g,0,g
464,huddle house,dinner platters chopped steak with mushroom gravy,33,g,125,mg,890,g,7,g,31,g,15,g,2,g,2,g,1,g
465,huddle house,dinner platters country fried steak with white pepper country gravy,41,g,65,mg,1320,g,34,g,22,g,12,g,0,g,2,g,0,g
466,huddle house,dinner platters crispy southern fried chicken tenders bbq sauce,28,g,65,mg,1890,g,55,g,27,g,5,g,0,g,3,g,15,g
467,huddle house,dinner platters crispy southern fried chicken tenders buffalo sauce,28,g,65,mg,2690,g,39,g,27,g,5,g,0,g,2,g,1,g
468,huddle house,dinner platters grilled chicken,2.5,g,75,mg,400,g,0,g,24,g,1,g,0,g,0,g,0,g
469,huddle house,dinner platters lightly seasoned french fries,22,g,0,mg,300,g,68,g,6,g,4,g,0,g,5,g,0,g
470,huddle house,dinner platters loaded 5 star chili,23,g,85,mg,1720,g,26,g,28,g,11,g,0,g,6,g,10,g
471,huddle house,dinner platters pinto beans with garlic,0,g,0,mg,310,g,23,g,8,g,0,g,0,g,7,g,0,g
472,huddle house,dinner platters ranch dressing,22,g,10,mg,320,g,2,g,0,g,3.5,g,0,g,0,g,1,g
473,huddle house,dinner platters ribeye steak 10 oz,41,g,115,mg,1620,g,1,g,45,g,18,g,3,g,1,g,1,g
474,huddle house,dinner platters ribeye steak 10 oz and shrimp,64,g,230,mg,2450,g,30,g,59,g,23,g,3,g,2,g,1,g
475,huddle house,dinner platters ribeye steak 6 oz,25,g,80,mg,760,g,2,g,28,g,12,g,1,g,0,g,1,g
476,huddle house,dinner platters ribeye steak 6 oz and shrimp,48,g,195,mg,1590,g,31,g,41,g,16,g,1,g,2,g,1,g
477,huddle house,dinner platters saltine crackers,0.5,g,0,mg,90,g,4,g,1,g,0,g,0,g,0,g,0,g
478,huddle house,dinner platters shrimp,46,g,230,mg,1650,g,58,g,27,g,8,g,0,g,2,g,1,g
479,huddle house,dinner platters side salad,0,g,0,mg,10,g,4,g,1,g,0,g,0,g,1,g,1,g
480,huddle house,dinner platters sweet potato fries,25,g,0,mg,300,g,44,g,3,g,4,g,0,g,5,g,19,g
481,huddle house,dinner platters tator tots,29,g,0,mg,670,g,45,g,3,g,6,g,0,g,4,g,0,g
482,huddle house,dinner platters vegetable of the day blackeye peas,0,g,0,mg,125,g,15,g,5,g,0,g,0,g,4,g,0,g
483,huddle house,dinner platters vegetable of the day corn,1,g,0,mg,125,g,16,g,3,g,0,g,0,g,2,g,4,g
484,huddle house,dinner platters vegetable of the day lima beans,0,g,0,mg,125,g,18,g,5,g,0,g,0,g,4,g,1,g
485,huddle house,dinner platters vegetable of the day turnip greens,0,g,0,mg,380,g,5,g,2,g,0,g,0,g,2,g,2,g
486,huddle house,double mushroom swiss burger,73,g,160,mg,2230,g,70,g,41,g,23,g,2,g,5,g,15,g
487,huddle house,dr pepper,0,g,0,mg,40,g,33,g,0,g,0,g,0,g,0,g,33,g
488,huddle house,famous philly cheesesteak,20,g,65,mg,1230,g,45,g,22,g,8,g,0,g,3,g,6,g
489,huddle house,farmhouse burger,30,g,280,mg,800,g,34,g,27,g,11,g,1,g,2,g,6,g
490,huddle house,french toast platter 2 french toast 2 eggs and applewood smoked bacon,41,g,815,mg,1120,g,67,g,38,g,13,g,0,g,3,g,28,g
491,huddle house,french toast platter 2 french toast 2 eggs and country sausage,49,g,840,mg,1280,g,68,g,42,g,16,g,0,g,3,g,28,g
492,huddle house,french toast platter 2 french toast 2 eggs and turkey sausage,39,g,835,mg,1060,g,66,g,41,g,12,g,0,g,2,g,28,g
493,huddle house,french toast add syrup,0,g,0,mg,25,g,55,g,0,g,0,g,0,g,0,g,53,g
494,huddle house,fried pickles basket with fries,51,g,5,mg,2170,g,122,g,12,g,9,g,0,g,9,g,3,g
495,huddle house,garden omelet with american cheese,37,g,355,mg,660,g,10,g,17,g,14,g,0,g,2,g,4,g
496,huddle house,garden omelet with cheddar cheese,37,g,360,mg,420,g,9,g,20,g,15,g,0,g,2,g,3,g
497,huddle house,garden omelet with swiss cheese,36,g,355,mg,660,g,10,g,17,g,14,g,0,g,2,g,4,g
498,huddle house,golden waffle and applewood smoked bacon,26,g,60,mg,1160,g,62,g,17,g,10,g,0,g,3,g,20,g
499,huddle house,golden waffle and country sausage,34,g,80,mg,1320,g,63,g,22,g,12,g,0,g,3,g,20,g
500,huddle house,golden waffle platter 2 eggs and applewood smoked bacon,37,g,490,mg,1300,g,64,g,29,g,13,g,0,g,3,g,20,g
501,huddle house,golden waffle platter 2 eggs and country sausage,44,g,510,mg,1460,g,65,g,34,g,15,g,0,g,3,g,20,g
502,huddle house,grilled chicken club,42,g,105,mg,1540,g,46,g,42,g,10,g,0,g,3,g,9,g
503,huddle house,grilled chicken salad,12,g,105,mg,590,g,7,g,32,g,7,g,0.5,g,2,g,3,g
504,huddle house,grown up grilled cheese,48,g,115,mg,1940,g,50,g,35,g,24,g,0,g,2,g,2,g
505,huddle house,ham and cheese omelet with american cheese,38,g,375,mg,1030,g,5,g,22,g,14,g,0,g,1,g,2,g
506,huddle house,ham and cheese omelet with cheddar cheese,38,g,375,mg,790,g,4,g,24,g,14,g,0,g,1,g,2,g
507,huddle house,ham and cheese omelet with swiss cheese,37,g,375,mg,1030,g,5,g,22,g,14,g,0,g,1,g,2,g
508,huddle house,ham and cheese stuffed hashbrowns,37,g,495,mg,1570,g,66,g,35,g,14,g,0,g,5,g,4,g
509,huddle house,hometown blend coffee,0,g,0,mg,0,g,1,g,0,g,0,g,0,g,0,g,0,g
510,huddle house,hometown blend coffee large to go,0,g,0,mg,0,g,3,g,0,g,0,g,0,g,0,g,0,g
511,huddle house,hometown blend coffee large decaf to go,0,g,0,mg,0,g,3,g,0,g,0,g,0,g,0,g,0,g
512,huddle house,hometown blend coffee decaf,0,g,0,mg,0,g,1,g,0,g,0,g,0,g,0,g,0,g
513,huddle house,honey mustard dressing,0,g,0,mg,150,g,10,g,0,g,0,g,0,g,0,g,10,g
514,huddle house,hot chocolate,5,g,0,mg,150,g,20,g,1,g,5,g,0,g,1,g,11,g
515,huddle house,hot tea,0,g,0,mg,0,g,0,g,0,g,0,g,0,g,0,g,0,g
516,huddle house,huddle up sampler basket,57,g,35,mg,2190,g,130,g,22,g,14,g,0,g,9,g,4,g
517,huddle house,huddle up sampler basket marinara sauce,1,g,0,mg,240,g,7,g,1,g,0,g,0,g,2,g,4,g
518,huddle house,huddle up sampler basket ranch dressing,22,g,10,mg,320,g,2,g,0,g,3.5,g,0,g,0,g,1,g
519,huddle house,huddleburger,46,g,140,mg,1250,g,45,g,42,g,20,g,1.5,g,3,g,8,g
520,huddle house,huddleburger with bacon,53,g,155,mg,1280,g,45,g,47,g,22,g,1.5,g,3,g,8,g
521,huddle house,jalapeno poppers basket with fries,39,g,25,mg,1350,g,103,g,14,g,10,g,0,g,8,g,5,g
522,huddle house,jalapeno poppers basket add ranch dressing,22,g,10,mg,320,g,2,g,0,g,3.5,g,0,g,0,g,1,g
523,huddle house,kids cheeseburger sesame bun,24,g,65,mg,730,g,33,g,21,g,10,g,1,g,2,g,6,g
524,huddle house,kids chicken tenders,14,g,35,mg,730,g,19,g,13,g,2.5,g,0,g,1,g,0,g
525,huddle house,kids french toast with bacon,17,g,375,mg,610,g,64,g,21,g,6,g,0,g,3,g,27,g
526,huddle house,kids french toast with sausage,23,g,390,mg,750,g,64,g,24,g,8,g,0,g,3,g,27,g
527,huddle house,kids golden waffle with bacon,13,g,40,mg,800,g,61,g,12,g,6,g,0,g,3,g,20,g
528,huddle house,kids golden waffle with sausage,18,g,60,mg,930,g,62,g,16,g,7,g,0,g,3,g,20,g
529,huddle house,kids golden waffle with whipped topping,15,g,35,mg,690,g,67,g,10,g,10,g,0,g,3,g,25,g
530,huddle house,kids grilled cheese,17,g,25,mg,950,g,40,g,11,g,7,g,0,g,2,g,5,g
531,huddle house,kids hamburger sesame bun,20,g,50,mg,520,g,32,g,19,g,7,g,0.5,g,2,g,6,g
532,huddle house,kids lightly seasoned french fries,22,g,0,mg,300,g,68,g,6,g,4,g,0,g,5,g,0,g
533,huddle house,kids strawberry french toast with whipped topping,12,g,120,mg,400,g,62,g,10,g,7,g,0,g,2,g,26,g
534,huddle house,kids tator tots,29,g,0,mg,670,g,45,g,3,g,6,g,0,g,4,g,0,g
535,huddle house,kids two eggs with grits and raisin toast,19,g,430,mg,410,g,33,g,16,g,5,g,0,g,1,g,6,g
536,huddle house,kids two eggs with grits and texas toast,19,g,430,mg,450,g,36,g,17,g,5,g,0,g,1,g,2,g
537,huddle house,kids two eggs with grits and wheat toast,18,g,430,mg,380,g,29,g,16,g,5,g,0,g,1,g,1,g
538,huddle house,kids two eggs with grits and white toast,18,g,430,mg,390,g,29,g,16,g,5,g,0,g,1,g,2,g
539,huddle house,kids waffles and french toast add syrup,0,g,0,mg,25,g,55,g,0,g,0,g,0,g,0,g,53,g
540,huddle house,lemonade,0,g,0,mg,0,g,39,g,0,g,0,g,0,g,0,g,36,g
541,huddle house,loaded 5 star chili,23,g,85,mg,1720,g,26,g,28,g,11,g,0,g,6,g,10,g
542,huddle house,make it bacon cheddar grits,22,g,55,mg,710,g,17,g,16,g,10,g,0,g,0,g,2,g
543,huddle house,meat lovers omelet with american cheese,53,g,415,mg,1480,g,9,g,34,g,20,g,0,g,1,g,4,g
544,huddle house,meat lovers omelet with swiss cheese,52,g,415,mg,1480,g,9,g,34,g,19,g,0,g,1,g,4,g
545,huddle house,mega bacon cheeseburger,57,g,165,mg,1690,g,50,g,53,g,23,g,1.5,g,3,g,11,g
546,huddle house,mega bacon omelet with american cheese,55,g,405,mg,1340,g,6,g,32,g,21,g,0,g,1,g,2,g
547,huddle house,milk 2,5,g,20,mg,125,g,13,g,8,g,3,g,0,g,0,g,12,g
548,huddle house,minute made orange juice kids,0,g,0,mg,0,g,35,g,3,g,0,g,0,g,0,g,30,g
549,huddle house,minute made orange juice regular,0,g,0,mg,0,g,54,g,4,g,0,g,0,g,0,g,48,g
550,huddle house,mountain dew,0,g,0,mg,45,g,36,g,0,g,0,g,0,g,0,g,36,g
551,huddle house,mozzarella cheese sticks 12,47,g,75,mg,1710,g,70,g,38,g,18,g,0,g,4,g,1,g
552,huddle house,mozzarella cheese sticks 6,24,g,35,mg,860,g,35,g,19,g,9,g,0,g,2,g,0,g
553,huddle house,mozzarella cheese sticks add marinara sauce,1,g,0,mg,240,g,7,g,1,g,0,g,0,g,2,g,4,g
554,huddle house,mst twst,0,g,0,mg,25,g,33,g,0,g,0,g,0,g,0,g,33,g
555,huddle house,mvp breakfast platter 2 eggs,11,g,430,mg,140,g,2,g,12,g,3,g,0,g,0,g,0,g
556,huddle house,mvp breakfast platter add applewood smoked bacon,10,g,25,mg,320,g,1,g,8,g,3.5,g,0,g,0,g,0,g
557,huddle house,mvp breakfast platter add country sausage,17,g,50,mg,480,g,2,g,12,g,6,g,0,g,0,g,1,g
558,huddle house,mvp breakfast platter add turkey sausage,8,g,45,mg,260,g,0,g,11,g,2.5,g,0,g,0,g,0,g
559,huddle house,mvp breakfast platter hashbrowns,8,g,0,mg,35,g,30,g,3,g,2.5,g,0,g,3,g,0,g
560,huddle house,mvp breakfast platters add biscuits with sausage gravy,21,g,5,mg,1210,g,34,g,5,g,11,g,0,g,1,g,2,g
561,huddle house,mvp breakfast platters add golden waffle,17,g,35,mg,840,g,61,g,9,g,6,g,0,g,3,g,20,g
562,huddle house,mvp breakfast platters add homestyle grits,4,g,0,mg,75,g,15,g,2,g,1,g,0,g,0,g,0,g
563,huddle house,mvp breakfast platters add old fashioned buttermilk with butter blend,10,g,45,mg,570,g,25,g,4,g,3.5,g,0,g,1,g,7,g
564,huddle house,mvp breakfast platters add raisin toast with butter blend,8,g,0,mg,390,g,32,g,4,g,1.5,g,0,g,2,g,12,g
565,huddle house,mvp breakfast platters add syrup,0,g,0,mg,25,g,55,g,0,g,0,g,0,g,0,g,53,g
566,huddle house,mvp breakfast platters add texas toast with butter blend,8,g,0,mg,470,g,38,g,6,g,1.5,g,0,g,2,g,4,g
567,huddle house,mvp breakfast platters add wheat toast with butter blend,7,g,0,mg,340,g,24,g,4,g,1.5,g,0,g,1,g,2,g
568,huddle house,mvp breakfast platters add white toast with butter blend,8,g,0,mg,350,g,24,g,4,g,1.5,g,0,g,1,g,3,g
569,huddle house,old fashioned buttermilk with butter blend,14,g,95,mg,980,g,51,g,9,g,5,g,0,g,1,g,14,g
570,huddle house,omeletes add hashbrowns,8,g,0,mg,35,g,30,g,3,g,2.5,g,0,g,3,g,0,g
571,huddle house,omeletes add homestyle grits,4,g,0,mg,75,g,15,g,2,g,1,g,0,g,0,g,0,g
572,huddle house,omeletes add raisin toast with butter blend,8,g,0,mg,390,g,32,g,4,g,1.5,g,0,g,2,g,12,g
573,huddle house,omeletes add texas toast with butter blend,8,g,0,mg,470,g,38,g,6,g,1.5,g,0,g,2,g,4,g
574,huddle house,omeletes add wheat toast with butter blend,7,g,0,mg,340,g,24,g,4,g,1.5,g,0,g,1,g,2,g
575,huddle house,omeletes add white toast with butter blend,8,g,0,mg,350,g,24,g,4,g,1.5,g,0,g,1,g,3,g
576,huddle house,open faced sausage biscuit sausage gravy with 2 eggs,47,g,485,mg,1890,g,43,g,31,g,19,g,0,g,1,g,3,g
577,huddle house,oreo cookie crunch,28,g,95,mg,1120,g,116,g,12,g,16,g,0,g,4,g,57,g
578,huddle house,oreo waffle sundae,30,g,85,mg,590,g,119,g,10,g,15,g,0,g,4,g,72,g
579,huddle house,original big house platter bacon,10,g,25,mg,320,g,1,g,8,g,3.5,g,0,g,0,g,0,g
580,huddle house,original big house platter country sausage,17,g,50,mg,480,g,2,g,12,g,6,g,0,g,0,g,1,g
581,huddle house,pancakes add syrup,0,g,0,mg,25,g,55,g,0,g,0,g,0,g,0,g,53,g
582,huddle house,peach tea,0,g,0,mg,0,g,35,g,0,g,0,g,0,g,0,g,35,g
583,huddle house,pepsi,0,g,0,mg,25,g,35,g,0,g,0,g,0,g,0,g,35,g
584,huddle house,philly cheesesteak omelet with american cheese,40,g,395,mg,840,g,10,g,28,g,16,g,0,g,2,g,2,g
585,huddle house,philly cheesesteak omelet with cheddar cheese,40,g,400,mg,600,g,9,g,30,g,16,g,0.5,g,2,g,2,g
586,huddle house,philly cheesesteak omelet with swiss cheese,40,g,395,mg,840,g,11,g,28,g,15,g,0,g,2,g,3,g
587,huddle house,plain golden waffle,17,g,35,mg,840,g,61,g,9,g,6,g,0,g,3,g,20,g
588,huddle house,pot roast served over mashed potatoes,19,g,130,mg,910,g,19,g,43,g,5,g,0.5,g,1,g,1,g
589,huddle house,premium breakfast platter add grape jelly,0,g,0,mg,0,g,9,g,0,g,0,g,0,g,0,g,6,g
590,huddle house,premium breakfast platter add hashbrowns,8,g,0,mg,35,g,30,g,3,g,2.5,g,0,g,3,g,0,g
591,huddle house,premium breakfast platter add homestyle grits,4,g,0,mg,75,g,15,g,2,g,1,g,0,g,0,g,0,g
592,huddle house,premium breakfast platter add mixed fruit jelly,0,g,0,mg,0,g,9,g,0,g,0,g,0,g,0,g,6,g
593,huddle house,premium breakfast platter add plain golden waffle,17,g,35,mg,840,g,61,g,9,g,6,g,0,g,3,g,20,g
594,huddle house,premium breakfast platter add raisin toast with butter blend,8,g,0,mg,390,g,32,g,4,g,1.5,g,0,g,2,g,12,g
595,huddle house,premium breakfast platter add strawberry jelly,0,g,0,mg,0,g,8,g,0,g,0,g,0,g,0,g,6,g
596,huddle house,premium breakfast platter add texas toast with butter blend,8,g,0,mg,470,g,38,g,6,g,1.5,g,0,g,2,g,4,g
597,huddle house,premium breakfast platter add wheat toast with butter blend,7,g,0,mg,340,g,24,g,4,g,1.5,g,0,g,1,g,2,g
598,huddle house,premium breakfast platter add white toast with butter blend,8,g,0,mg,350,g,24,g,4,g,1.5,g,0,g,1,g,3,g
599,huddle house,premium breakfast platter applewood smoked bacon,10,g,25,mg,320,g,1,g,8,g,4,g,0,g,0,g,0,g
600,huddle house,premium breakfast platter country fried steak with white pepper country gravy,41,g,65,mg,1320,g,34,g,22,g,12,g,0,g,2,g,0,g
601,huddle house,premium breakfast platter country sausage,17,g,50,mg,480,g,2,g,12,g,6,g,0,g,0,g,1,g
602,huddle house,premium breakfast platter hashbrowns all the way with american cheese,17,g,30,mg,560,g,34,g,9,g,8,g,0,g,3,g,2,g
603,huddle house,premium breakfast platter hashbrowns all the way with cheddar cheese,17,g,35,mg,320,g,32,g,11,g,8,g,0,g,3,g,2,g
604,huddle house,premium breakfast platter hashbrowns all the way with swiss cheese,17,g,30,mg,560,g,34,g,9,g,8,g,0,g,3,g,2,g
605,huddle house,premium breakfast platter ribeye steak 10 oz,41,g,115,mg,1620,g,1,g,45,g,18,g,3,g,1,g,1,g
606,huddle house,premium breakfast platter ribeye steak 6 oz,25,g,80,mg,760,g,2,g,28,g,12,g,1,g,0,g,1,g
607,huddle house,premium breakfast platter slow cured country ham,48,g,120,mg,2380,g,0,g,28,g,18,g,0,g,0,g,0,g
608,huddle house,premium breakfast platter sugar cured ham,5,g,55,mg,1230,g,3,g,16,g,2,g,0,g,0,g,3,g
609,huddle house,premium breakfast platter turkey sausage,8,g,45,mg,260,g,0,g,11,g,3,g,0,g,0,g,0,g
610,huddle house,premium breakfast platter two eggs,11,g,430,mg,140,g,2,g,12,g,3,g,0,g,0,g,0,g
611,huddle house,pride of the south and house specials add baked potato,11,g,15,mg,110,g,61,g,8,g,4.5,g,1,g,6,g,4,g
612,huddle house,pride of the south and house specials add biscuit,17,g,0,mg,700,g,24,g,4,g,8,g,1,g,1,g,2,g
613,huddle house,pride of the south and house specials add breaded okra,16,g,0,mg,490,g,23,g,3,g,2.5,g,2,g,4,g,2,g
614,huddle house,pride of the south and house specials add lightly seasoned french fries,22,g,0,mg,300,g,68,g,6,g,4,g,3,g,5,g,0,g
615,huddle house,pride of the south and house specials add macaroni and cheese,16,g,25,mg,840,g,28,g,11,g,5,g,2.5,g,2,g,3,g
616,huddle house,pride of the south and house specials add mashed potatoes,5,g,5,mg,630,g,21,g,2,g,1.5,g,0.5,g,1,g,1,g
617,huddle house,pride of the south and house specials add sweet potato fries,25,g,0,mg,300,g,44,g,3,g,4,g,3,g,5,g,19,g
618,huddle house,pride of the south and house specials add texas toast,6,g,0,mg,230,g,19,g,3,g,1,g,1,g,1,g,2,g
619,huddle house,puya and pasilla salsita roja cremost,0,g,0,mg,40,g,1,g,0,g,0,g,0,g,0,g,0,g
620,huddle house,ranch platter country fried steak with white pepper country gravy,41,g,65,mg,1320,g,34,g,22,g,12,g,0,g,2,g,0,g
621,huddle house,ranch platter slow cured country ham,48,g,120,mg,2380,g,0,g,28,g,18,g,0,g,0,g,0,g
622,huddle house,ranch platter sugar cured ham,4.5,g,55,mg,1230,g,3,g,16,g,1.5,g,0,g,0,g,3,g
623,huddle house,roasted prime rib tip,21,g,30,mg,1710,g,44,g,30,g,4,g,0,g,4,g,11,g
624,huddle house,root beer,0,g,0,mg,20,g,33,g,0,g,0,g,0,g,0,g,33,g
625,huddle house,salads add ranch dressing,53,g,20,mg,770,g,4,g,0,g,9,g,0,g,0,g,4,g
626,huddle house,salads add ranch dressing 1 packet,22,g,10,mg,320,g,2,g,0,g,3.5,g,0,g,0,g,1,g
627,huddle house,salads add saltine crackers,0.5,g,0,mg,90,g,4,g,1,g,0,g,0,g,0,g,0,g
628,huddle house,saltine crackers,0.5,g,0,mg,90,g,4,g,1,g,0,g,0,g,0,g,0,g
629,huddle house,sausage egg cheese biscuit,35,g,260,mg,1370,g,33,g,22,g,15,g,0,g,1,g,2,g
630,huddle house,shrimp basket with fries,36,g,70,mg,790,g,85,g,14,g,6,g,0,g,6,g,1,g
631,huddle house,shrimp basket add cocktail sauce,0,g,0,mg,340,g,6,g,1,g,0,g,0,g,1,g,4,g
632,huddle house,shrimp basket buffalo sauce with fries,36,g,70,mg,1610,g,85,g,14,g,6,g,0,g,6,g,1,g
633,huddle house,side applewood smoked bacon,10,g,25,mg,320,g,1,g,8,g,3.5,g,0,g,0,g,0,g
634,huddle house,side bacon cheddar grits,22,g,55,mg,710,g,17,g,16,g,10,g,0,g,0,g,2,g
635,huddle house,side bacon cheese hashbrowns,26,g,55,mg,670,g,32,g,18,g,12,g,0,g,3,g,2,g
636,huddle house,side biscuits with sausage gravy,41,g,15,mg,2410,g,67,g,11,g,21,g,0,g,2,g,4,g
637,huddle house,side country sausage,17,g,50,mg,480,g,2,g,12,g,6,g,0,g,0,g,1,g
638,huddle house,side double hashbrowns,16,g,0,mg,70,g,60,g,6,g,5,g,0,g,5,g,1,g
639,huddle house,side fresh fruit,0,g,0,mg,5,g,15,g,1,g,0,g,0,g,1,g,10,g
640,huddle house,side golden waffle,17,g,35,mg,840,g,61,g,9,g,6,g,0,g,3,g,20,g
641,huddle house,side hashbrowns,8,g,0,mg,35,g,30,g,3,g,2.5,g,0,g,3,g,0,g
642,huddle house,side homestyle grits,4,g,0,mg,75,g,15,g,2,g,1,g,0,g,0,g,0,g
643,huddle house,side raisin toast with butter blend,8,g,0,mg,390,g,32,g,4,g,1.5,g,0,g,2,g,12,g
644,huddle house,side slow cured country ham,48,g,120,mg,2380,g,0,g,28,g,18,g,0,g,0,g,0,g
645,huddle house,side sugar cured ham,4.5,g,55,mg,1230,g,3,g,16,g,1.5,g,0,g,0,g,3,g
646,huddle house,side texas toast with butter blend,8,g,0,mg,470,g,38,g,6,g,1.5,g,0,g,2,g,4,g
647,huddle house,side turkey sausage,8,g,45,mg,260,g,0,g,11,g,2.5,g,0,g,0,g,0,g
648,huddle house,side wheat toast with butter blend,7,g,0,mg,340,g,24,g,4,g,1.5,g,0,g,1,g,2,g
649,huddle house,side white toast with butter blend,8,g,0,mg,350,g,24,g,4,g,1.5,g,0,g,1,g,3,g
650,huddle house,small tossed salad,5,g,0,mg,100,g,4,g,1,g,0,g,0,g,1,g,1,g
651,huddle house,small tossed salad add ranch dressing,26,g,10,mg,390,g,2,g,0,g,4.5,g,0,g,0,g,2,g
652,huddle house,smokehouse platter bacon and country sausage,27,g,70,mg,800,g,2,g,20,g,10,g,0,g,0,g,1,g
653,huddle house,smokehouse platter bacon and turkey sausage,17,g,70,mg,570,g,1,g,18,g,6,g,0,g,0,g,0,g
654,huddle house,southern pecan waffle,37,g,35,mg,840,g,65,g,12,g,8,g,0,g,5,g,21,g
655,huddle house,southern pecan with butter blend,37,g,95,mg,980,g,55,g,12,g,8,g,0,g,3,g,15,g
656,huddle house,southern smothered biscuit platter with chicken and bacon,65,g,450,mg,1860,g,42,g,32,g,25,g,0,g,2,g,2,g
657,huddle house,southern smothered biscuit platter with eggs and bacon,64,g,505,mg,2230,g,68,g,40,g,28,g,0.5,g,4,g,4,g
658,huddle house,southern smothered biscuit platter with eggs and country sausage,65,g,515,mg,2030,g,68,g,40,g,28,g,0.5,g,4,g,3,g
659,huddle house,southern smothered biscuit platter with eggs and turkey sausage,56,g,510,mg,1810,g,66,g,38,g,24,g,0.5,g,3,g,3,g
660,huddle house,southern smothered biscuit platter without eggs and bacon,53,g,75,mg,2090,g,66,g,28,g,24,g,0,g,4,g,4,g
661,huddle house,southern smothered biscuit platter without eggs and country sausage,55,g,85,mg,1890,g,66,g,28,g,25,g,0.5,g,4,g,3,g
662,huddle house,southern smothered biscuit platter without eggs and turkey sausage,45,g,80,mg,1670,g,64,g,26,g,21,g,0,g,3,g,3,g
663,huddle house,southern smothered biscuit platter hashbrowns,8,g,0,mg,35,g,30,g,3,g,2.5,g,0,g,3,g,0,g
664,huddle house,southern smothered biscuit platter homestyle grits,4,g,0,mg,75,g,15,g,2,g,1,g,0,g,0,g,0,g
665,huddle house,strawberries and cream,13,g,95,mg,830,g,76,g,9,g,10,g,0,g,1,g,37,g
666,huddle house,strawberry lemonade,0,g,0,mg,0,g,59,g,0,g,0,g,0,g,0,g,57,g
667,huddle house,strawberry topped waffle with whipped topping,15,g,35,mg,690,g,94,g,10,g,10,g,0,g,3,g,49,g
668,huddle house,stuffed hashbrowns,0,g,0,mg,570,g,4,g,1,g,0,g,0,g,3,g,0,g
669,huddle house,stuffed hashbrowns add raisin toast with butter blend,8,g,0,mg,390,g,32,g,4,g,1.5,g,0,g,2,g,12,g
670,huddle house,stuffed hashbrowns add texas toast with butter blend,8,g,0,mg,470,g,38,g,6,g,1.5,g,0,g,2,g,4,g
671,huddle house,stuffed hashbrowns add wheat toast with butter blend,7,g,0,mg,340,g,24,g,4,g,1.5,g,0,g,1,g,2,g
672,huddle house,stuffed hashbrowns add white toast with butter blend,8,g,0,mg,350,g,24,g,4,g,1.5,g,0,g,1,g,3,g
673,huddle house,stuffed hashbrowns pinto beans with garlic,0,g,0,mg,310,g,23,g,8,g,0,g,0,g,7,g,0,g
674,huddle house,stuffed hashbrowns sliced tomatoes,0,g,0,mg,5,g,3,g,1,g,0,g,0,g,1,g,2,g
675,huddle house,stuffed hashbrowns vegetable of the day blackeye peas,0,g,0,mg,125,g,15,g,5,g,0,g,0,g,4,g,0,g
676,huddle house,stuffed hashbrowns vegetable of the day corn,1,g,0,mg,125,g,16,g,3,g,0,g,0,g,2,g,4,g
677,huddle house,stuffed hashbrowns vegetable of the day lima beans,0,g,0,mg,125,g,18,g,5,g,0,g,0,g,4,g,1,g
678,huddle house,stuffed hashbrowns vegetable of the day turnip greens,0,g,0,mg,380,g,5,g,2,g,0,g,0,g,2,g,2,g
679,huddle house,sundae with caramel sauce,19,g,70,mg,300,g,89,g,4,g,12,g,0,g,0,g,68,g
680,huddle house,sundae with chocolate sauce,19,g,70,mg,130,g,89,g,4,g,12,g,0,g,2,g,68,g
681,huddle house,sundae with strawberry sauce,19,g,70,mg,90,g,59,g,4,g,12,g,0,g,0,g,46,g
682,huddle house,sweet cakes 2 eggs,11,g,430,mg,140,g,2,g,12,g,3,g,0,g,0,g,0,g
683,huddle house,sweet cakes applewood smoked bacon,10,g,25,mg,320,g,1,g,8,g,3.5,g,0,g,0,g,0,g
684,huddle house,sweet cakes country fried steak with white pepper country gravy,41,g,65,mg,1320,g,34,g,22,g,12,g,0,g,2,g,0,g
685,huddle house,sweet cakes country sausage,17,g,50,mg,480,g,2,g,12,g,6,g,0,g,0,g,1,g
686,huddle house,sweet cakes slow cured country ham,48,g,120,mg,2380,g,0,g,28,g,18,g,0,g,0,g,0,g
687,huddle house,sweet cakes sugar cured ham,4.5,g,55,mg,1230,g,3,g,16,g,1.5,g,0,g,0,g,3,g
688,huddle house,sweet cakes turkey sausage,8,g,45,mg,260,g,0,g,11,g,2.5,g,0,g,0,g,0,g
689,huddle house,sweet tea,0,g,0,mg,0,g,35,g,0,g,0,g,0,g,0,g,35,g
690,huddle house,tator tots double order,59,g,5,mg,1350,g,89,g,6,g,12,g,2,g,8,g,1,g
691,huddle house,triple huddleburger,60,g,190,mg,1240,g,45,g,54,g,25,g,2,g,3,g,8,g
692,huddle house,tropicana fruit punch,0,g,0,mg,30,g,38,g,0,g,0,g,0,g,0,g,38,g
693,huddle house,turkey bacon ranch sourdough,39,g,95,mg,2270,g,54,g,43,g,12,g,0,g,3,g,5,g
694,huddle house,turkey chef salad,22,g,305,mg,1330,g,11,g,38,g,10,g,0,g,2,g,7,g
695,huddle house,turkey chef salad add ranch dressing,45,g,15,mg,660,g,3,g,0,g,8,g,0,g,0,g,3,g
696,huddle house,turnpike breakfast burger with american cheese,59,g,370,mg,1050,g,48,g,51,g,24,g,3.5,g,3,g,11,g
697,huddle house,turnpike breakfast burger with cheddar cheese,60,g,375,mg,960,g,47,g,53,g,25,g,3.5,g,3,g,11,g
698,huddle house,turnpike breakfast burger with swiss cheese,59,g,370,mg,1050,g,48,g,51,g,24,g,3.5,g,3,g,11,g
699,huddle house,turtle sundae,24,g,70,mg,280,g,115,g,5,g,12,g,0,g,2,g,89,g
700,huddle house,turtle waffle sundae,36,g,85,mg,590,g,136,g,10,g,16,g,0,g,4,g,90,g
701,huddle house,two hand sandwiches add lightly seasoned french fries,22,g,0,mg,300,g,68,g,6,g,4,g,0,g,5,g,0,g
702,huddle house,waffle breakfast stack add syrup,0,g,0,mg,25,g,55,g,0,g,0,g,0,g,0,g,53,g
703,huddle house,waffles add syrup,0,g,0,mg,25,g,55,g,0,g,0,g,0,g,0,g,53,g
704,huddle house,warm brownie a la mode,44,g,115,mg,250,g,121,g,9,g,21,g,0,g,2,g,89,g
705,huddle house,western omelet with american cheese,37,g,365,mg,800,g,8,g,20,g,14,g,0,g,2,g,4,g
706,huddle house,western omelet with cheddar cheese,38,g,370,mg,560,g,8,g,22,g,15,g,0,g,2,g,4,g
707,huddle house,western omelet with swiss cheese,37,g,365,mg,800,g,8,g,20,g,14,g,0,g,2,g,4,g
708,huddle house,whole milk,8,g,35,mg,125,g,12,g,8,g,5,g,0,g,0,g,12,g
709,huddle house,wild blueberry with butter blend,14,g,95,mg,980,g,56,g,9,g,5,g,0,g,2,g,18,g
710,huddle house,zesty crispy chicken,36,g,70,mg,1500,g,65,g,29,g,9,g,0,g,4,g,13,g
711,huddle house,zesty grilled chicken,23,g,80,mg,1350,g,50,g,35,g,6,g,0,g,3,g,13,g
712,huhot mongolian grill,asian salad,9,g,5,mg,350,g,23,g,2,g,2,g,0,g,2,g,15,g
713,huhot mongolian grill,asparagus,0,g,0,mg,0,g,1,g,1,g,0,g,0,g,1,g,0,g
714,huhot mongolian grill,baby corn,0,g,0,mg,70,g,1,g,1,g,0,g,0,g,1,g,0,g
715,huhot mongolian grill,bamboo shoots,0,g,0,mg,10,g,1,g,1,g,0,g,0,g,0,g,0,g
716,huhot mongolian grill,bean sprouts,0,g,0,mg,0,g,1,g,1,g,0,g,0,g,0,g,1,g
717,huhot mongolian grill,beef,6,g,35,mg,35,g,0,g,11,g,2,g,0,g,0,g,0,g
718,huhot mongolian grill,bekters ginger sauce,0,g,0,mg,200,g,5,g,0,g,0,g,0,g,0,g,4,g
719,huhot mongolian grill,black beans,0,g,0,mg,150,g,10,g,3,g,0,g,0,g,5,g,0,g
720,huhot mongolian grill,black thai peanut sauce,4.5,g,0,mg,230,g,11,g,1,g,0,g,0,g,0,g,2,g
721,huhot mongolian grill,breaded chicken,6,g,20,mg,490,g,13,g,7,g,1,g,0,g,1,g,1,g
722,huhot mongolian grill,brown rice,0,g,0,mg,0,g,11,g,1,g,0,g,0,g,0,g,0,g
723,huhot mongolian grill,brussels sprouts,0,g,0,mg,5,g,2,g,1,g,0,g,0,g,1,g,0,g
724,huhot mongolian grill,burn your village bbq sauce,0,g,0,mg,620,g,8,g,1,g,0,g,0,g,0,g,6,g
725,huhot mongolian grill,cabbage,0,g,0,mg,0,g,1,g,0,g,0,g,0,g,0,g,1,g
726,huhot mongolian grill,calamari,1,g,130,mg,25,g,2,g,9,g,0,g,0,g,0,g,0,g
727,huhot mongolian grill,carrots,0,g,0,mg,10,g,2,g,0,g,0,g,0,g,0,g,1,g
728,huhot mongolian grill,celery,0,g,0,mg,30,g,1,g,0,g,0,g,0,g,1,g,0,g
729,huhot mongolian grill,cheesecake rangoons with caramel topping,64,g,175,mg,1060,g,138,g,19,g,24,g,0,g,3,g,61,g
730,huhot mongolian grill,cheesecake rangoons with chocolate topping,64,g,170,mg,1000,g,132,g,20,g,24,g,0,g,4,g,60,g
731,huhot mongolian grill,cheesecake rangoons with raspberry topping,64,g,170,mg,1020,g,128,g,19,g,24,g,0,g,3,g,58,g
732,huhot mongolian grill,cheesecake rangoons with white chocolate topping,64,g,170,mg,1030,g,133,g,19,g,24,g,0,g,3,g,58,g
733,huhot mongolian grill,cheesecake with caramel topping,58,g,295,mg,910,g,131,g,14,g,32,g,0,g,2,g,99,g
734,huhot mongolian grill,cheesecake with chocolate topping,58,g,290,mg,780,g,120,g,16,g,32,g,0,g,4,g,96,g
735,huhot mongolian grill,cheesecake with raspberry topping,57,g,290,mg,820,g,110,g,14,g,32,g,0,g,2,g,92,g
736,huhot mongolian grill,cheesecake with white chocolate topping,57,g,290,mg,840,g,121,g,14,g,32,g,0,g,2,g,93,g
737,huhot mongolian grill,chicken,4.5,g,35,mg,160,g,0,g,9,g,1.5,g,0,g,0,g,0,g
738,huhot mongolian grill,chili garlic sauce,0,g,0,mg,115,g,0,g,0,g,0,g,0,g,0,g,0,g
739,huhot mongolian grill,chinese noodles,2,g,0,mg,70,g,8,g,1,g,0,g,0,g,0,g,0,g
740,huhot mongolian grill,chopped peanuts,4,g,0,mg,0,g,1,g,2,g,0.5,g,0,g,1,g,0,g
741,huhot mongolian grill,chow mein noodles,2,g,0,mg,110,g,9,g,2,g,0,g,0,g,0,g,0,g
742,huhot mongolian grill,coconut,2,g,0,mg,15,g,3,g,0,g,2,g,0,g,0,g,2,g
743,huhot mongolian grill,coconut shrimp,47,g,80,mg,2440,g,111,g,34,g,10,g,0,g,5,g,41,g
744,huhot mongolian grill,cod,0,g,25,mg,30,g,0,g,10,g,0,g,0,g,0,g,0,g
745,huhot mongolian grill,corn,0,g,0,mg,5,g,7,g,1,g,0,g,0,g,1,g,2,g
746,huhot mongolian grill,cranberries,0,g,0,mg,0,g,2,g,0,g,0,g,0,g,1,g,1,g
747,huhot mongolian grill,crushed red pepper,1,g,0,mg,0,g,3,g,1,g,0,g,0,g,1,g,1,g
748,huhot mongolian grill,edamame,1.5,g,0,mg,15,g,5,g,5,g,0,g,0,g,2,g,1,g
749,huhot mongolian grill,egg,4,g,165,mg,60,g,0,g,6,g,1.5,g,0,g,0,g,0,g
750,huhot mongolian grill,egg drop soup,2,g,65,mg,900,g,7,g,2,g,0,g,0,g,0,g,3,g
751,huhot mongolian grill,egg roll 4,43,g,20,mg,1880,g,88,g,14,g,9,g,0,g,4,g,31,g
752,huhot mongolian grill,egg roll 7,76,g,35,mg,2560,g,120,g,24,g,16,g,0,g,7,g,34,g
753,huhot mongolian grill,feed the hordes hoisin sauce,0,g,0,mg,260,g,7,g,0,g,0,g,0,g,0,g,5,g
754,huhot mongolian grill,five village fire szechuan sauce,0,g,0,mg,280,g,3,g,0,g,0,g,0,g,0,g,2,g
755,huhot mongolian grill,fried potsticker 4,20,g,15,mg,1540,g,82,g,2,g,3,g,0,g,2,g,29,g
756,huhot mongolian grill,fried potsticker 7,36,g,30,mg,1950,g,109,g,3,g,6,g,0,g,3,g,30,g
757,huhot mongolian grill,garbanzo beans,1,g,0,mg,140,g,9,g,3,g,0,g,0,g,2,g,1,g
758,huhot mongolian grill,garden salad with ranch,14,g,10,mg,420,g,11,g,4,g,2,g,0,g,1,g,2,g
759,huhot mongolian grill,garlic chili sauce,0,g,0,mg,115,g,0,g,0,g,0,g,0,g,0,g,0,g
760,huhot mongolian grill,garlic oil,12,g,0,mg,0,g,0,g,0,g,1.5,g,0,g,0,g,0,g
761,huhot mongolian grill,green beans,0,g,0,mg,0,g,2,g,0,g,0,g,0,g,1,g,0,g
762,huhot mongolian grill,green onions,0,g,0,mg,5,g,1,g,0,g,0,g,0,g,1,g,1,g
763,huhot mongolian grill,hot chili oil,12,g,0,mg,0,g,1,g,0,g,2,g,0,g,1,g,0,g
764,huhot mongolian grill,hot sausage,14,g,35,mg,540,g,1,g,7,g,5,g,0,g,0,g,0,g
765,huhot mongolian grill,huhot and sour soup,1,g,15,mg,1330,g,13,g,1,g,0,g,0,g,0,g,9,g
766,huhot mongolian grill,jalapeno juice,0,g,0,mg,360,g,0,g,0,g,0,g,0,g,0,g,0,g
767,huhot mongolian grill,jalapenos,0,g,0,mg,710,g,1,g,0,g,0,g,0,g,1,g,0,g
768,huhot mongolian grill,kale,0,g,0,mg,5,g,2,g,1,g,0,g,0,g,0,g,0,g
769,huhot mongolian grill,khans cake,50,g,150,mg,150,g,83,g,7,g,29,g,0,g,4,g,60,g
770,huhot mongolian grill,khans favorite sauce,0,g,0,mg,340,g,3,g,0,g,0,g,0,g,0,g,2,g
771,huhot mongolian grill,khans revenge sauce,0.5,g,0,mg,570,g,7,g,1,g,0,g,0,g,0,g,6,g
772,huhot mongolian grill,kids chicken fingers with fries,53,g,30,mg,1940,g,58,g,23,g,9,g,0,g,4,g,14,g
773,huhot mongolian grill,kids chicken fingers with fruit cup,35,g,30,mg,1750,g,54,g,20,g,5,g,0,g,2,g,30,g
774,huhot mongolian grill,kids macaroni and cheese with fries,27,g,15,mg,740,g,66,g,14,g,6,g,0,g,5,g,8,g
775,huhot mongolian grill,kids macaroni and cheese with fruit cup,9,g,15,mg,560,g,62,g,11,g,2.5,g,0,g,3,g,24,g
776,huhot mongolian grill,kids mozzarella sticks with fries,29,g,45,mg,2050,g,70,g,17,g,10,g,0,g,6,g,17,g
777,huhot mongolian grill,kids mozzarella sticks with fruit cup,11,g,45,mg,1870,g,66,g,14,g,6,g,0,g,4,g,33,g
778,huhot mongolian grill,krab,0,g,5,mg,440,g,8,g,4,g,0,g,0,g,0,g,2,g
779,huhot mongolian grill,krab rangoon 4,47,g,80,mg,1810,g,99,g,14,g,16,g,0,g,2,g,30,g
780,huhot mongolian grill,krab rangoon 7,83,g,140,mg,2440,g,139,g,24,g,28,g,0,g,3,g,32,g
781,huhot mongolian grill,kung pao yow sauce,0.5,g,0,mg,510,g,7,g,1,g,0,g,0,g,0,g,6,g
782,huhot mongolian grill,mandarin oranges,0,g,0,mg,0,g,7,g,0,g,0,g,0,g,0,g,7,g
783,huhot mongolian grill,mangos,0,g,0,mg,0,g,8,g,0,g,0,g,0,g,1,g,7,g
784,huhot mongolian grill,meatballs,10,g,30,mg,550,g,3,g,9,g,4,g,0,g,1,g,1,g
785,huhot mongolian grill,meso garlic sauce,0,g,0,mg,430,g,4,g,1,g,0,g,0,g,0,g,2,g
786,huhot mongolian grill,mild sausage,16,g,35,mg,540,g,3,g,6,g,6,g,0,g,0,g,1,g
787,huhot mongolian grill,molten muffin,47,g,275,mg,125,g,83,g,11,g,28,g,0,g,4,g,64,g
788,huhot mongolian grill,mongol mustard sauce,0,g,0,mg,330,g,8,g,0,g,0,g,0,g,0,g,6,g
789,huhot mongolian grill,mussels,1.5,g,15,mg,160,g,2,g,7,g,0,g,0,g,0,g,0,g
790,huhot mongolian grill,nomads green curry sauce,3,g,0,mg,240,g,3,g,1,g,2.5,g,0,g,0,g,1,g
791,huhot mongolian grill,not so sweet and sour sauce,0,g,0,mg,280,g,10,g,0,g,0,g,0,g,0,g,9,g
792,huhot mongolian grill,onions,0,g,0,mg,0,g,2,g,0,g,0,g,0,g,0,g,1,g
793,huhot mongolian grill,pad thai noodles,0,g,0,mg,10,g,15,g,1,g,0,g,0,g,1,g,0,g
794,huhot mongolian grill,peppers,0,g,0,mg,0,g,1,g,0,g,0,g,0,g,0,g,1,g
795,huhot mongolian grill,pineapple,0,g,0,mg,0,g,6,g,0,g,0,g,0,g,1,g,6,g
796,huhot mongolian grill,pollock,0.5,g,40,mg,50,g,0,g,11,g,0,g,0,g,0,g,0,g
797,huhot mongolian grill,pork,5,g,30,mg,150,g,0,g,10,g,1.5,g,0,g,0,g,0,g
798,huhot mongolian grill,red potatoes,0,g,0,mg,15,g,6,g,0,g,0,g,0,g,0,g,0,g
799,huhot mongolian grill,roasted corn medley,1.5,g,0,mg,50,g,8,g,1,g,0,g,0,g,1,g,3,g
800,huhot mongolian grill,smores,40,g,20,mg,610,g,172,g,14,g,20,g,0,g,6,g,100,g
801,huhot mongolian grill,salmon,3.5,g,30,mg,25,g,0,g,11,g,0.5,g,0,g,0,g,0,g
802,huhot mongolian grill,samurai teriyaki sauce,0,g,0,mg,610,g,7,g,1,g,0,g,0,g,0,g,6,g
803,huhot mongolian grill,scallops,0,g,15,mg,220,g,2,g,7,g,0,g,0,g,0,g,0,g
804,huhot mongolian grill,seafood medley,1,g,165,mg,55,g,2,g,7,g,0,g,0,g,0,g,0,g
805,huhot mongolian grill,sesame oil,13,g,0,mg,0,g,0,g,0,g,2,g,0,g,0,g,0,g
806,huhot mongolian grill,sesame seeds,5,g,0,mg,20,g,1,g,2,g,0,g,0,g,1,g,0,g
807,huhot mongolian grill,sherry,0,g,0,mg,160,g,2,g,0,g,0,g,0,g,0,g,1,g
808,huhot mongolian grill,shrimp,0,g,45,mg,125,g,0,g,8,g,0,g,0,g,0,g,0,g
809,huhot mongolian grill,shrimp wontons 4,46,g,95,mg,1700,g,96,g,15,g,16,g,0,g,2,g,30,g
810,huhot mongolian grill,shrimp wontons 7,83,g,165,mg,2240,g,224,g,29,g,28,g,0,g,12,g,88,g
811,huhot mongolian grill,snow peas,0,g,0,mg,0,g,1,g,1,g,0,g,0,g,0,g,1,g
812,huhot mongolian grill,soy sauce,0,g,0,mg,920,g,0,g,2,g,0,g,0,g,0,g,0,g
813,huhot mongolian grill,sunflower seeds,6,g,0,mg,60,g,2,g,2,g,1,g,0,g,1,g,0,g
814,huhot mongolian grill,sweet chili sauce,0,g,0,mg,95,g,4,g,0,g,0,g,0,g,0,g,3,g
815,huhot mongolian grill,taste of the bounty potstickers egg rolls and krab rangoons,91,g,95,mg,3200,g,154,g,25,g,24,g,0,g,7,g,35,g
816,huhot mongolian grill,teriyaki chicken salad,59,g,120,mg,4070,g,124,g,39,g,13,g,0,g,8,g,84,g
817,huhot mongolian grill,tilapia,1,g,30,mg,30,g,0,g,11,g,0,g,0,g,0,g,0,g
818,huhot mongolian grill,tofu,3.5,g,0,mg,0,g,2,g,7,g,0.5,g,0,g,1,g,0,g
819,huhot mongolian grill,tomatoes,0,g,0,mg,0,g,2,g,0,g,0,g,0,g,1,g,1,g
820,huhot mongolian grill,tortilla wrap,2,g,0,mg,220,g,15,g,3,g,1,g,0,g,1,g,0,g
821,huhot mongolian grill,turtle cheesecake,49,g,150,mg,540,g,77,g,9,g,28,g,0,g,2,g,56,g
822,huhot mongolian grill,wasabi,0,g,0,mg,0,g,2,g,0,g,0,g,0,g,0,g,0,g
823,huhot mongolian grill,water chestnuts,0,g,0,mg,0,g,3,g,0,g,0,g,0,g,0,g,1,g
824,huhot mongolian grill,yakisoba noodles,0,g,0,mg,70,g,11,g,2,g,0,g,0,g,0,g,0,g
825,huhot mongolian grill,yellow squash,0,g,0,mg,0,g,1,g,0,g,0,g,0,g,1,g,1,g
826,humdingers,alaskan rockfish,4,g,70,mg,230,g,0,g,37,g,1,g,0,g,0,g,0,g
827,humdingers,alaskan rockfish sandwich,21,g,70,mg,680,g,33,g,38,g,3.5,g,0,g,2,g,2,g
828,humdingers,asian dressing,0,g,0,mg,950,g,0,g,2,g,0,g,0,g,0,g,0,g
829,humdingers,black bean and corn salsa,5,g,0,mg,420,g,16,g,5,g,0,g,0,g,5,g,2,g
830,humdingers,blue cheese dressing,13,g,140,mg,260,g,0,g,0,g,3,g,0,g,0,g,0,g
831,humdingers,boneless breast extra hot,10,g,110,mg,1220,g,5,g,41,g,1.5,g,0,g,0,g,3,g
832,humdingers,boneless breast hot,10,g,110,mg,1230,g,5,g,41,g,1.5,g,0,g,0,g,3,g
833,humdingers,boneless breast lemon and herb,10,g,110,mg,1290,g,7,g,41,g,1.5,g,0,g,0,g,5,g
834,humdingers,boneless breast medium,10,g,110,mg,1270,g,6,g,41,g,1.5,g,0,g,0,g,4,g
835,humdingers,chicken breast sandwich extra hot,27,g,120,mg,1690,g,37,g,47,g,4.5,g,0,g,2,g,5,g
836,humdingers,chicken breast sandwich hot,27,g,120,mg,1700,g,37,g,47,g,4.5,g,0,g,2,g,5,g
837,humdingers,chicken breast sandwich lemon and herb,27,g,120,mg,1760,g,39,g,47,g,4.5,g,0,g,2,g,7,g
838,humdingers,chicken breast sandwich medium,27,g,120,mg,1740,g,38,g,47,g,4.5,g,0,g,2,g,6,g
839,humdingers,chicken salad,18,g,90,mg,1620,g,22,g,29,g,6,g,0,g,2,g,11,g
840,humdingers,chicken salad sandwich,18,g,75,mg,1030,g,17,g,24,g,4.5,g,0,g,1,g,5,g
841,humdingers,chicken taco,11,g,40,mg,670,g,22,g,18,g,3,g,0,g,3,g,5,g
842,humdingers,chocolate chunk cookie,8,g,10,mg,125,g,23,g,2,g,4,g,0,g,1,g,14,g
843,humdingers,clam chowder,12,g,25,mg,780,g,20,g,8,g,4.5,g,1.5,g,1,g,1,g
844,humdingers,classic caesar salad,30,g,30,mg,780,g,17,g,10,g,7,g,0,g,3,g,5,g
845,humdingers,corn on the cob,3.5,g,5,mg,30,g,40,g,5,g,1.5,g,0,g,0,g,0,g
846,humdingers,crispy calamari,16,g,200,mg,550,g,31,g,17,g,2.5,g,0,g,1,g,2,g
847,humdingers,crispy fish,23,g,120,mg,640,g,26,g,31,g,3.5,g,0,g,1,g,0,g
848,humdingers,cucumber and lime yogurt,0,g,0,mg,210,g,3,g,2,g,0,g,0,g,0,g,2,g
849,humdingers,extra hot wings,48,g,140,mg,570,g,2,g,36,g,11,g,0,g,0,g,1,g
850,humdingers,fries,2.5,g,5,mg,350,g,21,g,1,g,0.5,g,0,g,1,g,0,g
851,humdingers,greek salad,46,g,15,mg,990,g,19,g,7,g,9,g,0,g,6,g,9,g
852,humdingers,grilled shrimp,4,g,275,mg,870,g,2,g,35,g,0,g,0,g,0,g,0,g
853,humdingers,half chicken extra hot,70,g,230,mg,4230,g,13,g,68,g,16,g,0,g,1,g,9,g
854,humdingers,half chicken hot,70,g,230,mg,4240,g,13,g,68,g,16,g,0,g,1,g,9,g
855,humdingers,half chicken lemon and herb,70,g,230,mg,4320,g,16,g,68,g,16,g,0,g,1,g,12,g
856,humdingers,half chicken medium,70,g,230,mg,4290,g,15,g,68,g,16,g,0,g,1,g,10,g
857,humdingers,hot wings,48,g,140,mg,580,g,2,g,36,g,11,g,0,g,0,g,2,g
858,humdingers,house salad,20,g,30,mg,1010,g,52,g,10,g,9,g,0,g,8,g,37,g
859,humdingers,humdingers sauce,8,g,30,mg,85,g,3,g,2,g,5,g,0,g,0,g,3,g
860,humdingers,humdingers shrimp,33,g,120,mg,770,g,30,g,18,g,5,g,0,g,1,g,3,g
861,humdingers,kids chicken breast,3.5,g,55,mg,420,g,2,g,21,g,1,g,0,g,0,g,1,g
862,humdingers,kids chicken tenders,5,g,70,mg,1530,g,57,g,32,g,1,g,0,g,2,g,4,g
863,humdingers,kids fish nuggets,2,g,0,mg,540,g,28,g,16,g,0,g,0,g,1,g,2,g
864,humdingers,kids shrimp,19,g,110,mg,610,g,28,g,17,g,3,g,0,g,1,g,2,g
865,humdingers,lemon herb wings,48,g,140,mg,610,g,3,g,36,g,11,g,0,g,0,g,1,g
866,humdingers,macadamia nut cookie,9,g,10,mg,125,g,22,g,2,g,3.5,g,0,g,1,g,14,g
867,humdingers,mahi mahi,1.5,g,75,mg,200,g,0,g,19,g,0,g,0,g,0,g,0,g
868,humdingers,medium wings,48,g,140,mg,600,g,2,g,36,g,11,g,0,g,0,g,2,g
869,humdingers,oatmeal raisin cookie,6,g,10,mg,115,g,23,g,2,g,2.5,g,0,g,1,g,12,g
870,humdingers,pineapple salsa,0,g,0,mg,50,g,5,g,0,g,0,g,0,g,0,g,4,g
871,humdingers,piri piri mushrooms,10,g,0,mg,250,g,3,g,1,g,1.5,g,0,g,1,g,1,g
872,humdingers,portobello sandwich,26,g,35,mg,880,g,46,g,14,g,7,g,0,g,4,g,5,g
873,humdingers,remoulade sauce,21,g,15,mg,320,g,2,g,0,g,3.5,g,0,g,0,g,1,g
874,humdingers,rice,1.5,g,0,mg,190,g,18,g,2,g,0,g,0,g,1,g,0,g
875,humdingers,salmon,16,g,150,mg,190,g,0,g,36,g,2.5,g,0,g,0,g,0,g
876,humdingers,shrimp taco,10,g,80,mg,600,g,22,g,14,g,3,g,0,g,3,g,5,g
877,humdingers,side caesar salad,7,g,5,mg,200,g,4,g,2,g,2,g,0,g,1,g,1,g
878,humdingers,side greek salad,11,g,5,mg,250,g,5,g,2,g,2,g,0,g,1,g,2,g
879,humdingers,side house salad,6,g,5,mg,220,g,12,g,2,g,1,g,0,g,2,g,9,g
880,humdingers,sweet potato fries,7,g,0,mg,170,g,23,g,1,g,1,g,0,g,4,g,7,g
881,humdingers,sweet thai chili sauce,0,g,0,mg,250,g,11,g,0,g,0,g,0,g,0,g,11,g
882,humdingers,tilapia,5,g,0,mg,200,g,0,g,32,g,2.5,g,0,g,0,g,0,g
883,humdingers,tilapia taco,10,g,10,mg,550,g,22,g,13,g,3,g,0,g,3,g,5,g
884,humdingers,zucchini strips,1,g,0,mg,115,g,4,g,2,g,0,g,0,g,2,g,2,g
885,hummus and pita co,amber,0,g,0,mg,320,g,4,g,1,g,0,g,0,g,0,g,0,g
886,hummus and pita co,baba ganoosh,6,g,5,mg,380,g,6,g,0,g,1,g,0,g,0,g,4,g
887,hummus and pita co,baba ghanoush tahini,3,g,5,mg,280,g,4,g,2,g,1,g,0,g,0,g,4,g
888,hummus and pita co,baklava,2,g,20,mg,25,g,4,g,0,g,0,g,0,g,6,g,2,g
889,hummus and pita co,beet salad,0,g,0,mg,40,g,4,g,0,g,0,g,0,g,2,g,2,g
890,hummus and pita co,cake batter hummus,2.5,g,0,mg,20,g,17,g,5,g,0,g,0,g,4,g,5,g
891,hummus and pita co,carrots salad,0,g,0,mg,240,g,6,g,1,g,0,g,0,g,3,g,3,g
892,hummus and pita co,cheese boureka,6,g,420,mg,30,g,2,g,0,g,0,g,120,g,2,g,18,g
893,hummus and pita co,chicken,7,g,80,mg,220,g,1,g,16,g,1,g,0,g,0,g,0,g
894,hummus and pita co,chickpea chiller,12,g,0,mg,25,g,44,g,14,g,3,g,0,g,12,g,28,g
895,hummus and pita co,chickpea salad,2,g,0,mg,140,g,6,g,4,g,0,g,0,g,4,g,0,g
896,hummus and pita co,chimichurri,8,g,5,mg,120,g,1,g,0,g,1,g,0,g,0,g,0,g
897,hummus and pita co,chocolate hummus,3,g,0,mg,25,g,22,g,4,g,0.5,g,0,g,4,g,5,g
898,hummus and pita co,cinnamon chips,5,g,180,mg,25,g,2,g,0,g,0,g,0,g,18,g,3,g
899,hummus and pita co,coleslaw,8,g,5,mg,280,g,12,g,1,g,2,g,0,g,3,g,10,g
900,hummus and pita co,cookie dough hummus,3,g,0,mg,20,g,20,g,5,g,0.5,g,0,g,4,g,5,g
901,hummus and pita co,corn salad,1,g,0,mg,120,g,8,g,1,g,0,g,0,g,1,g,2,g
902,hummus and pita co,cucumber,0,g,0,mg,0,g,2,g,0,g,0,g,0,g,1,g,1,g
903,hummus and pita co,falafel,3,g,0,mg,450,g,28,g,9,g,0,g,0,g,9,g,5,g
904,hummus and pita co,feta,6,g,20,mg,280,g,1,g,5,g,4,g,0,g,1,g,0,g
905,hummus and pita co,flavored chickpea chiller,12,g,0,mg,25,g,44,g,14,g,3,g,0,g,12,g,28,g
906,hummus and pita co,fried eggplant,2,g,60,mg,200,g,14,g,3,g,1,g,0,g,3,g,12,g
907,hummus and pita co,grilled onion,3,g,0,mg,60,g,4,g,0,g,0,g,0,g,1,g,6,g
908,hummus and pita co,grilled vegetables,2.5,g,0,mg,60,g,6,g,2,g,0,g,0,g,2,g,3,g
909,hummus and pita co,gyro,12,g,80,mg,320,g,3,g,18,g,6,g,0,g,1,g,1,g
910,hummus and pita co,hand cut fries,2.5,g,240,mg,45,g,5,g,0,g,0,g,0,g,1,g,0,g
911,hummus and pita co,hard boil egg,5,g,190,mg,55,g,1,g,6,g,1.5,g,0,g,0,g,1,g
912,hummus and pita co,harissa,4,g,0,mg,160,g,4,g,1,g,0,g,0,g,2,g,1,g
913,hummus and pita co,hot peppers,4,g,0,mg,280,g,2,g,0,g,1,g,0,g,2,g,0,g
914,hummus and pita co,israeli cous cous,1,g,0,mg,220,g,48,g,10,g,0,g,0,g,6,g,2,g
915,hummus and pita co,israeli salad,0,g,0,mg,20,g,3,g,0,g,0,g,0,g,0,g,2,g
916,hummus and pita co,jalapeno spicy pepper hummus,8,g,0,mg,240,g,10,g,4,g,1,g,0,g,1,g,0,g
917,hummus and pita co,laffa bread,4,g,0,mg,340,g,42,g,11,g,1,g,0,g,4,g,8,g
918,hummus and pita co,lettuce,0,g,0,mg,10,g,1,g,1,g,0,g,0,g,1,g,0,g
919,hummus and pita co,mediterranean couscous salad,8,g,0,mg,360,g,16,g,4,g,0.5,g,0,g,2,g,3,g
920,hummus and pita co,mediterranean quinoa salad,10,g,10,mg,480,g,34,g,12,g,4,g,0,g,7,g,6,g
921,hummus and pita co,mediterranean rice,5,g,10,mg,40,g,18,g,2,g,4,g,0,g,1,g,0,g
922,hummus and pita co,moroccan cigars,5,g,110,mg,30,g,1,g,0,g,0,g,28,g,18,g,2,g
923,hummus and pita co,morroccan beans,0,g,0,mg,340,g,8,g,4,g,0,g,0,g,6,g,2,g
924,hummus and pita co,mushroom hummus,8,g,0,mg,240,g,10,g,4,g,1,g,0,g,1,g,0,g
925,hummus and pita co,nacho chickpeas,0,g,5,mg,5,g,0,g,0,g,0,g,180,g,6,g,0,g
926,hummus and pita co,olives,4,g,0,mg,480,g,2,g,0,g,0,g,0,g,0,g,0,g
927,hummus and pita co,original hummus,8,g,0,mg,240,g,10,g,4,g,1,g,0,g,1,g,0,g
928,hummus and pita co,parmesan chickpeas,0,g,5,mg,5,g,0,g,0,g,0,g,180,g,6,g,0,g
929,hummus and pita co,pickles,0,g,0,mg,240,g,1,g,0,g,0,g,0,g,1,g,1,g
930,hummus and pita co,pita chips,3.5,g,260,mg,20,g,0,g,0,g,0,g,0,g,0,g,3,g
931,hummus and pita co,pita white,1,g,0,mg,360,g,47,g,9,g,0,g,0,g,3,g,5,g
932,hummus and pita co,pita whole wheat,2,g,0,mg,330,g,43,g,9,g,0,g,0,g,5,g,6,g
933,hummus and pita co,potato boureka,2,g,210,mg,15,g,0,g,0,g,0,g,0,g,0,g,2,g
934,hummus and pita co,red cabbage,0,g,0,mg,180,g,6,g,1,g,0,g,0,g,1,g,4,g
935,hummus and pita co,red onion,0,g,0,mg,5,g,2,g,0,g,0,g,0,g,0,g,1,g
936,hummus and pita co,roasted pepper hummus,8,g,0,mg,240,g,10,g,4,g,1,g,0,g,1,g,0,g
937,hummus and pita co,rugelach,3,g,160,mg,25,g,8,g,0,g,0,g,0,g,8,g,6,g
938,hummus and pita co,schug,4,g,0,mg,160,g,4,g,1,g,0,g,0,g,2,g,1,g
939,hummus and pita co,shawarma,10,g,50,mg,350,g,2,g,32,g,2,g,0,g,0,g,0,g
940,hummus and pita co,spanakopita boureka,4,g,360,mg,20,g,1,g,0,g,0,g,80,g,0,g,14,g
941,hummus and pita co,spanish eggplant,8,g,0,mg,240,g,6,g,0,g,1,g,0,g,3,g,6,g
942,hummus and pita co,spicy chickpeas,0,g,5,mg,5,g,0,g,0,g,0,g,180,g,6,g,0,g
943,hummus and pita co,spinach hummus,8,g,0,mg,240,g,10,g,4,g,1,g,0,g,1,g,0,g
944,hummus and pita co,steak,10,g,40,mg,70,g,0,g,26,g,3,g,0,g,0,g,0,g
945,hummus and pita co,stuffed grape leaves,4,g,0,mg,140,g,16,g,4,g,1,g,0,g,3,g,0,g
946,hummus and pita co,sundried tomato hummus,8,g,0,mg,240,g,10,g,4,g,1,g,0,g,1,g,0,g
947,hummus and pita co,sweet potato fries,2,g,240,mg,45,g,5,g,0,g,0,g,0,g,14,g,2,g
948,hummus and pita co,tabouleh,4,g,0,mg,240,g,10,g,2,g,0,g,0,g,3,g,1,g
949,hummus and pita co,tahina spicy tahina,14,g,0,mg,180,g,4,g,6,g,2,g,0,g,2,g,0,g
950,hummus and pita co,tomato,0,g,0,mg,0,g,1,g,0,g,0,g,0,g,0,g,1,g
951,hummus and pita co,toum,8,g,0,mg,110,g,2,g,0,g,2,g,0,g,0,g,0,g
952,hummus and pita co,turkish salad,3,g,0,mg,680,g,14,g,6,g,0,g,0,g,4,g,8,g
953,hummus and pita co,tzatziki,2,g,5,mg,150,g,3,g,2,g,1,g,0,g,0,g,2,g
954,i cant believe its yogurt yogen fruz,strawberry banana non fat smoothie,0,g,0,mg,40,g,28,g,3,g,0,g,0,g,1,g,24,g
955,i cant believe its yogurt yogen fruz,tropical storm non fat smoothie,0,g,0,mg,35,g,30,g,4,g,0,g,0,g,1,g,26,g
956,i cant believe its yogurt yogen fruz,peach berry sunset non fat smoothie,0,g,0,mg,40,g,29,g,3,g,0,g,0,g,1,g,22,g
957,i cant believe its yogurt yogen fruz,very berry non fat smoothie,0,g,0,mg,40,g,25,g,3,g,0,g,0,g,1,g,21,g
958,i cant believe its yogurt yogen fruz,raspberry blast non fat smoothie,0,g,0,mg,40,g,29,g,3,g,0,g,0,g,2,g,26,g
959,i cant believe its yogurt yogen fruz,mango matcha green tea non fat smoothie,0,g,5,mg,55,g,32,g,4,g,0,g,0,g,1,g,29,g
960,i cant believe its yogurt yogen fruz,tropical green low fat smoothie,4,g,5,mg,45,g,15,g,2,g,3,g,0,g,1,g,11,g
961,i cant believe its yogurt yogen fruz,mango mint pineapple non fat smoothie,0,g,0,mg,35,g,30,g,4,g,0,g,0,g,1,g,27,g
962,i cant believe its yogurt yogen fruz,avocado kale low fat smoothie,3.5,g,5,mg,35,g,26,g,3,g,1,g,0,g,2,g,22,g
963,i cant believe its yogurt yogen fruz,apple coconut low fat smoothie,4,g,5,mg,65,g,17,g,2,g,3,g,0,g,1,g,13,g
964,i cant believe its yogurt yogen fruz,almond kale low fat smoothie,7,g,5,mg,35,g,28,g,5,g,1.5,g,0,g,2,g,22,g
965,i cant believe its yogurt yogen fruz,kiwi kale non fat smoothie,0,g,0,mg,10,g,31,g,1,g,0,g,0,g,0,g,23,g
966,i cant believe its yogurt yogen fruz,blueberry breeze non fat smoothie,0,g,0,mg,40,g,28,g,3,g,0,g,0,g,1,g,23,g
967,i cant believe its yogurt yogen fruz,kiwi kale mango mint pineapple raspberry blast triopical storm sorbet smoothie average,0,g,0,mg,8,g,32,g,0.5,g,0,g,0,g,1,g,24,g
968,i cant believe its yogurt yogen fruz,peach berry sunset very berry sorbet smoothie,0,g,0,mg,10,g,30,g,0,g,0,g,0,g,1,g,21,g
969,i cant believe its yogurt yogen fruz,blueberry breeze strawberry banana sorbet smoothie,0,g,0,mg,10,g,31,g,0,g,0,g,0,g,1,g,23,g
970,i cant believe its yogurt yogen fruz,mango matcha green tea sorbet smoothie,0,g,0,mg,10,g,35,g,0,g,0,g,0,g,1,g,27,g
971,i cant believe its yogurt yogen fruz,u serve sherbet average all varieties,0,g,0,mg,22,g,28,g,1,g,0,g,0,g,0,g,17,g
972,i cant believe its yogurt yogen fruz,mix it no fat no sugar added frozen yogurt,0,g,0,mg,72,g,23.1,g,3.3,g,0,g,0,g,0,g,7.7,g
973,i cant believe its yogurt yogen fruz,mix it no fat tart frozen yogurt soft serve,0,g,0,mg,50,g,20.9,g,3.3,g,0,g,0,g,0,g,19.8,g
974,i cant believe its yogurt yogen fruz,u serve low fat frozen yogurt average all varieties,2,g,6,mg,74,g,23,g,3,g,1,g,0,g,0,g,20,g
975,i cant believe its yogurt yogen fruz,mix it low fat chocolate probiotic frozen yogurt,2.2,g,8,mg,55,g,22,g,3.3,g,1.1,g,0,g,0,g,20.9,g
976,i cant believe its yogurt yogen fruz,mix it no fat vanilla probiotic frozen yogurt,0,g,0,mg,66,g,24.2,g,3.3,g,0,g,0,g,0,g,22,g
977,i cant believe its yogurt yogen fruz,mix it no fat acai blueberry frozen yogurt soft serve,0,g,3,mg,44,g,28.6,g,3.3,g,0,g,0,g,1.1,g,25.3,g
978,i cant believe its yogurt yogen fruz,mix it low fat vanilla probiotic frozen yogurt,2.2,g,9,mg,66,g,22,g,3.3,g,2.2,g,0,g,0,g,20.9,g
979,i cant believe its yogurt yogen fruz,mix it no fat tart probiotic frozen yogurt,0,g,0,mg,61,g,22,g,3.3,g,0,g,0,g,0,g,19.8,g
980,in n out burger,chocolate shake,29,g,15,mg,320,g,72,g,10,g,19,g,1,g,0,g,65,g
981,in n out burger,vanilla shake,31,g,20,mg,300,g,67,g,10,g,20,g,1,g,0,g,57,g
982,in n out burger,strawberry shake,27,g,15,mg,270,g,81,g,8,g,18,g,1,g,0,g,67,g
983,in n out burger,sweet tea,0,g,0,mg,0,g,18,g,0,g,0,g,0,g,0,g,34.2,g
984,in n out burger,hot cocoa,3,g,0,mg,189,g,27,g,2,g,2,g,0,g,0,g,23,g
985,in n out burger,milk,6,g,30,mg,190,g,18,g,12,g,4,g,0,g,0,g,18,g
986,in n out burger,coffee,0,g,0,mg,10,g,0,g,1,g,0,g,0,g,0,g,0,g
987,in n out burger,hot cocoa with marshmallows,3,g,0,mg,189,g,33,g,2,g,2,g,0,g,0,g,28,g
988,in n out burger,french fries,18,g,0,mg,245,g,54,g,7,g,5,g,0,g,2,g,0,g
989,in n out burger,protein style double double burger with onion and spread,39,g,120,mg,1160,g,11,g,33,g,17,g,1,g,3,g,7,g
990,in n out burger,double double burger with onion and spread,41,g,120,mg,1440,g,39,g,37,g,18,g,1,g,3,g,10,g
991,in n out burger,protein style cheeseburger with onion and spread,25,g,60,mg,720,g,11,g,18,g,9,g,0,g,3,g,7,g
992,in n out burger,cheeseburger with onion and spread,27,g,60,mg,1000,g,39,g,22,g,10,g,0.5,g,3,g,10,g
993,in n out burger,protein style hamburger with onion and spread,17,g,40,mg,370,g,11,g,13,g,4,g,0,g,3,g,7,g
994,in n out burger,hamburger with onion mustard and ketchup without spread,10,g,35,mg,730,g,41,g,16,g,4,g,0,g,3,g,10,g
995,in n out burger,double double burger with onion mustard and ketchup without spread,32,g,115,mg,1520,g,41,g,37,g,17,g,1,g,3,g,10,g
996,in n out burger,cheeseburger with onion mustard and ketchup without spread,18,g,60,mg,1080,g,41,g,22,g,9,g,0.5,g,3,g,10,g
997,in n out burger,hamburger with onion and spread,19,g,40,mg,650,g,39,g,16,g,5,g,0,g,3,g,10,g
998,in n out burger,7up with ice large,0,g,0,mg,95,g,64,g,0,g,0,g,0,g,0,g,64,g
999,in n out burger,7up with ice medium,0,g,0,mg,65,g,43,g,0,g,0,g,0,g,0,g,43,g
