,Restaurant Name,Food Name,Total Fat Amount,Total Fat Unit,Cholesterol Amount,Cholesterol Unit,Sodium Amount,Sodium Unit,Total Carbohydrate Amount,Total Carbohydrate Unit,Protein Amount,Protein Unit,Saturated Fat Amount,Saturated Fat Unit,Trans Fat Amount,Trans Fat Unit,Dietary Fiber Amount,Dietary Fiber Unit,Sugars Amount,Sugars Unit,Monounsaturated Fat Amount,Monounsaturated Fat Unit,Polyunsaturated Fat Amount,Polyunsaturated Fat Unit
0,jacks,bacon egg and cheese biscuit,36,g,200,mg,1310,g,32,g,17,g,11,g,0,g,1,g,0,g,,,,
1,jacks,biscuit with butter,22,g,5,mg,700,g,32,g,5,g,5,g,0,g,1,g,0,g,,,,
2,jacks,side of sausage gravy,17,g,15,mg,780,g,13,g,6,g,4.5,g,0,g,0,g,0,g,,,,
3,jacks,sausage patty,15,g,40,mg,530,g,1,g,7,g,5,g,0,g,0,g,0,g,,,,
4,jacks,grits,10,g,0,mg,320,g,13,g,1,g,1.5,g,0,g,1,g,0,g,,,,
5,jacks,bologna biscuit,27,g,30,mg,1150,g,34,g,10,g,8,g,0,g,1,g,0,g,,,,
6,jacks,side of bacon 2 slices,7,g,20,mg,310,g,0,g,4,g,2.5,g,0,g,0,g,0,g,,,,
7,jacks,ham biscuit,26,g,35,mg,1280,g,32,g,16,g,7,g,0,g,1,g,0,g,,,,
8,jacks,pancakes 3 without syrup,13,g,10,mg,300,g,19,g,3,g,2,g,0,g,1,g,0,g,,,,
9,jacks,hash browns large,36,g,0,mg,750,g,45,g,5,g,8,g,0,g,5,g,0,g,,,,
10,jacks,smoked sausage biscuit,31,g,45,mg,1170,g,33,g,12,g,10,g,0,g,1,g,0,g,,,,
11,jacks,single gravy biscuit with egg,30,g,130,mg,1290,g,41,g,14,g,7,g,0,g,1,g,0,g,,,,
12,jacks,pancakes 3 with syrup,13,g,10,mg,350,g,49,g,3,g,2,g,0,g,1,g,0,g,,,,
13,jacks,chicken filet breaded and fried,15,g,50,mg,440,g,11,g,23,g,3,g,0,g,0,g,0,g,,,,
14,jacks,pancake without syrup,6,g,5,mg,120,g,6,g,1,g,1,g,0,g,0,g,0,g,,,,
15,jacks,sausage patties 2,34,g,60,mg,700,g,4,g,14,g,12,g,0,g,0,g,0,g,,,,
16,jacks,eggs folded,9,g,170,mg,150,g,0,g,6,g,2,g,0,g,0,g,0,g,,,,
17,jacks,american cheese,3.5,g,10,mg,210,g,0,g,2,g,2,g,0,g,0,g,0,g,,,,
18,jacks,side steak,25,g,25,mg,340,g,10,g,8,g,6,g,0,g,0,g,0,g,,,,
19,jacks,side of bologna,11,g,25,mg,510,g,2,g,5,g,3.5,g,0,g,0,g,0,g,,,,
20,jacks,sausage link,15,g,40,mg,530,g,1,g,7,g,5,g,0,g,0,g,0,g,,,,
21,jacks,side of ham,4,g,35,mg,590,g,0,g,11,g,1.5,g,0,g,0,g,0,g,,,,
22,jacks,chicken fingers 3 pieces and fries,27,g,35,mg,1490,g,56,g,36,g,4,g,0,g,2,g,0,g,,,,
23,jacks,chicken fingers 4 pieces and fries,32,g,45,mg,1870,g,60,g,47,g,4.5,g,0,g,2,g,0,g,,,,
24,jacks,fried chicken wing,13,g,75,mg,630,g,10,g,13,g,3,g,0,g,0,g,0,g,,,,
25,jacks,fried chicken thigh,32,g,130,mg,1340,g,23,g,25,g,8,g,0,g,1,g,0,g,,,,
26,jacks,fried chicken leg,11,g,55,mg,660,g,12,g,12,g,2.5,g,0,g,0,g,0,g,,,,
27,jacks,chicken finger snack 3 pieces with fries without sauce,56,g,65,mg,2690,g,77,g,27,g,11,g,0,g,6,g,0,g,,,,
28,jacks,chicken breast,29,g,70,mg,660,g,20,g,35,g,8,g,0,g,0,g,0,g,,,,
29,jacks,chicken finger dinner 3 pieces with biscuit without sides or sauce,56,g,65,mg,26580,g,82,g,30,g,12,g,0,g,4,g,0,g,,,,
30,jacks,chicken finger dinner 4 pieces with biscuit without sides or sauce,69,g,90,mg,3360,g,98,g,38,g,15,g,0,g,5,g,0,g,,,,
31,jacks,fried chicken breast,36,g,135,mg,2130,g,37,g,48,g,8,g,0,g,0,g,1,g,,,,
32,jacks,chicken finger,13,g,20,mg,680,g,17,g,8,g,2.5,g,0,g,1,g,0,g,,,,
33,jacks,grilled chicken finger,1.5,g,10,mg,230,g,0,g,11,g,0,g,0,g,0,g,0,g,,,,
34,jacks,chicken finger box 12 pieces without sauce,160,g,255,mg,8160,g,199,g,97,g,31,g,0,g,13,g,0,g,,,,
35,jacks,fried chicken 8 pieces with biscuit without sides,248,g,800,mg,12090,g,291,g,219,g,61,g,0,g,10,g,0,g,,,,
36,jacks,chicken finger snack 4 pieces with fries without sauce,69,g,85,mg,3370,g,93,g,35,g,13,g,0,g,7,g,0,g,,,,
37,jacks,chicken finger box 20 pieces without sauce,267,g,425,mg,13600,g,332,g,162,g,51,g,0,g,22,g,0,g,,,,
38,jacks,fried chicken 12 pieces with biscuit without sides,372,g,1200,mg,18130,g,437,g,328,g,92,g,0,g,15,g,0,g,,,,
39,jacks,lemon pie,13,g,0,mg,280,g,35,g,3,g,3,g,0,g,1,g,0,g,,,,
40,jacks,apple pie,15,g,0,mg,250,g,31,g,3,g,3.5,g,0,g,2,g,0,g,,,,
41,jacks,cookies and cream milkshake regular,46,g,145,mg,440,g,113,g,17,g,26,g,0,g,0,g,0,g,,,,
42,jacks,orange sherbet milkshake regular,13,g,25,mg,220,g,137,g,8,g,7,g,0,g,0,g,0,g,,,,
43,jacks,vanilla ice cream,13,g,65,mg,105,g,27,g,5,g,8,g,0,g,0,g,0,g,,,,
44,jacks,strawberry ice cream,10,g,40,mg,55,g,29,g,3,g,6,g,0,g,0,g,0,g,,,,
45,jacks,blueberry cream pie ice cream,11,g,40,mg,90,g,32,g,3,g,7,g,0,g,0,g,0,g,,,,
46,jacks,smoky mountain fudge ice cream,14,g,30,mg,110,g,35,g,5,g,6,g,0,g,2,g,0,g,,,,
47,jacks,chocolate ice cream,14,g,55,mg,65,g,30,g,3,g,8,g,0,g,0,g,0,g,,,,
48,jacks,cookies and cream ice cream,13,g,40,mg,110,g,34,g,3,g,7,g,0,g,0,g,0,g,,,,
49,jacks,orange sherbet,1.5,g,0,mg,40,g,42,g,0,g,1,g,0,g,0,g,0,g,,,,
50,jacks,fries large,23,g,0,mg,890,g,39,g,4,g,4.5,g,0,g,4,g,0,g,,,,
51,jacks,kids chicken fingers meal without drink,57,g,65,mg,2740,g,85,g,27,g,11,g,0,g,6,g,0,g,,,,
52,jacks,kids cheeseburger meal without drink,40,g,60,mg,1660,g,74,g,22,g,12,g,0,g,4,g,0,g,,,,
53,jacks,kids hamburger meal without drink,36,g,50,mg,1450,g,73,g,20,g,10,g,0,g,4,g,0,g,,,,
54,jacks,kids rice krispy treat,1,g,0,mg,55,g,9,g,0,g,0,g,0,g,0,g,0,g,,,,
55,jacks,kids french fries,16,g,0,mg,650,g,27,g,3,g,3,g,0,g,3,g,0,g,,,,
56,jacks,grilled chicken salad without dressing,13,g,90,mg,300,g,18,g,34,g,6,g,0,g,6,g,0,g,,,,
57,jacks,crispy chicken salad without dressing,50,g,90,mg,2290,g,68,g,35,g,13,g,0,g,9,g,0,g,,,,
58,jacks,side salad without dressing,5,g,15,mg,115,g,7,g,5,g,3,g,0,g,2,g,0,g,,,,
59,jacks,garden salad without dressing,10,g,30,mg,240,g,18,g,11,g,6,g,0,g,6,g,0,g,,,,
60,jacks,grilled chicken sandwich,17,g,75,mg,420,g,35,g,29,g,3,g,0,g,1,g,0,g,,,,
61,jacks,big jack burger,47,g,110,mg,1180,g,43,g,29,g,14,g,0,g,3,g,0,g,,,,
62,jacks,big bacon burger,57,g,14,mg,1230,g,36,g,35,g,18,g,0,g,2,g,0,g,,,,
63,jacks,hamburger,19,g,50,mg,750,g,38,g,17,g,6,g,0,g,0,g,0,g,,,,
64,jacks,little jack burger,31,g,60,mg,1010,g,43,g,18,g,8,g,0,g,3,g,0,g,,,,
65,jacks,double cheeseburger,43,g,120,mg,1330,g,38,g,32,g,16,g,0,g,1,g,0,g,,,,
66,jacks,bigger jack burger,70,g,1745,mg,1780,g,44,g,45,g,24,g,0,g,3,g,0,g,,,,
67,jacks,cheeseburger,23,g,60,mg,960,g,38,g,19,g,8,g,0,g,1,g,0,g,,,,
68,jacks,chicken fillet sandwich,29,g,60,mg,810,g,46,g,29,g,5,g,0,g,1,g,0,g,,,,
69,jacks,jacks comeback sauce,24,g,10,mg,320,g,4,g,0,g,3.5,g,0,g,0,g,0,g,,,,
70,jacks,jacks bbq sauce,0,g,0,mg,450,g,15,g,0,g,0,g,0,g,0,g,0,g,,,,
71,jacks,jacks buffalo sauce,11,g,25,mg,1280,g,1,g,0,g,7,g,0,g,0,g,0,g,,,,
72,jacks,mashed potatoes large,13,g,0,mg,2300,g,104,g,10,g,10,g,0,g,5,g,0,g,,,,
73,jacks,cole slaw,18.4,g,16,mg,144,g,13.4,g,1,g,2.5,g,0,g,2,g,0,g,,,,
74,jacks,green beans,0.2,g,0,mg,321,g,4,g,1.2,g,0,g,0,g,0,g,0,g,,,,
75,jacks,side breaded pork chop,3,g,28,mg,327,g,9,g,16,g,1,g,0,g,0,g,0,g,,,,
76,jacks,jacks honey mustard,14,g,15,mg,230,g,12,g,0,g,2,g,0,g,0,g,0,g,,,,
77,jacks,bacon cheeseburger pizza original thin,19,g,40,mg,850,g,34,g,21,g,8,g,0,g,2,g,3,g,,,,
78,jacks,bacon cheeseburger pizza original thin crust,17,g,35,mg,830,g,35,g,20,g,8,g,0,g,2,g,3,g,,,,
79,jacks,chi charritos pork rinds with barbecue flavor,3.5,g,2.5,mg,160,g,0,g,6,g,1.5,g,0,g,0,g,0,g,1.5,g,0.5,g
80,jacks,chicken supreme pizza original thin,12,g,30,mg,510,g,36,g,16,g,5,g,0,g,2,g,3,g,,,,
81,jacks,drinking chocolate,4.3,g,0,mg,120,g,23.1,g,7.9,g,2.8,g,0,g,1.1,g,20.7,g,,,,
82,jacks,frozen pizza half and half original thin,12,g,25,mg,570,g,38,g,16,g,5,g,0,g,2,g,4,g,,,,
83,jacks,hamburger bun,1.5,g,0,mg,250,g,23,g,4,g,0,g,0,g,0.5,g,3,g,,,,
84,jacks,hamburger pizza,14,g,35,mg,630,g,32,g,17,g,6,g,0,g,2,g,3,g,,,,
85,jacks,hamburger pizza original thin crust,14,g,30,mg,680,g,36,g,18,g,6,g,0.5,g,2,g,3,g,,,,
86,jacks,hard cider,0,g,0,mg,10,g,11,g,2,g,0,g,0,g,0,g,8,g,,,,
87,jacks,hard cider peach,0,g,0,mg,10,g,11,g,2,g,0,g,0,g,0,g,8,g,,,,
88,jacks,large white bread,0.5,g,0,mg,160,g,15,g,2,g,0,g,0,g,0.5,g,2,g,,,,
89,jacks,microwaveable golden vegetable rice,1.6,g,0,mg,160,g,35.4,g,4.4,g,0.9,g,0,g,2.9,g,0.9,g,,,,
90,jacks,nougat and chocolate bar,3.5,g,0,mg,40,g,16.2,g,0.8,g,2.1,g,0,g,0.1,g,13.5,g,,,,
91,jacks,original thin crust cheese pizza,12,g,30,mg,550,g,35,g,16,g,6,g,0,g,2,g,3,g,,,,
92,jacks,original thin crust pizza canadian style bacon,11,g,30,mg,760,g,36,g,18,g,4.5,g,0,g,2,g,4,g,,,,
93,jacks,original thin crust canadian style bacon pizza,17,g,35,mg,760,g,36,g,17,g,7,g,0,g,2,g,4,g,,,,
94,jacks,original thin meat lovers pizza,14,g,30,mg,660,g,35,g,15,g,6,g,0,g,2,g,4,g,,,,
95,jacks,original thin pizza cheese,12,g,25,mg,570,g,36,g,16,g,5,g,0,g,2,g,4,g,,,,
96,jacks,original thin sausage and cheese curd pizza,14,g,30,mg,560,g,35,g,15,g,7,g,0,g,2,g,4,g,,,,
97,jacks,original thin supreme pizza,17,g,35,mg,700,g,36,g,16,g,7,g,0,g,2,g,4,g,,,,
98,jacks,original thin supreme pizza,17,g,35,mg,700,g,36,g,16,g,7,g,0,g,2,g,4,g,,,,
99,jacks,pepperoni pizza,13,g,25,mg,560,g,28,g,13,g,5,g,0,g,2,g,3,g,,,,
100,jacks,pepperoni pizza original thin crust,15,g,35,mg,700,g,35,g,15,g,7,g,0,g,2,g,4,g,,,,
101,jacks,pizza fries marinara dipping sauce,23,g,40,mg,800,g,35,g,23,g,9,g,0.5,g,2,g,5,g,,,,
102,jacks,pizza pepperoni,16,g,35,mg,750,g,36,g,17,g,7,g,0,g,2,g,4,g,,,,
103,jacks,pizza sausage and pepperoni original thin,18,g,35,mg,760,g,37,g,18,g,7,g,0,g,3,g,4,g,,,,
104,jacks,rising crust cheese pizza,9,g,25,mg,550,g,46,g,14,g,4.5,g,0,g,2,g,4,g,,,,
105,jacks,rising crust pizza combination,12,g,30,mg,590,g,39,g,13,g,5,g,0,g,2,g,4,g,,,,
106,jacks,rising crust pizza pepperoni,14,g,35,mg,730,g,46,g,15,g,6,g,0,g,2,g,4,g,,,,
107,jacks,rising crust pizza sausage pizza,12,g,25,mg,550,g,39,g,13,g,5,g,0,g,2,g,3,g,,,,
108,jacks,rising crust the works pizza,12,g,25,mg,550,g,39,g,13,g,5,g,0,g,2,g,3,g,,,,
109,jacks,sausage and pepperoni pizza original thin crust,17,g,40,mg,740,g,36,g,17,g,7,g,0,g,2,g,3,g,,,,
110,jacks,sausage and pepperoni pizza,27,g,55,mg,1130,g,61,g,24,g,11,g,0,g,3,g,7,g,,,,
111,jacks,sausage pizza,16,g,30,mg,650,g,36,g,17,g,6,g,0,g,3,g,4,g,,,,
112,jacks,sausage pizza original thin,16,g,30,mg,650,g,36,g,17,g,6,g,0,g,3,g,4,g,,,,
113,jacks,seafood sticks,0.5,g,0,mg,120,g,2.1,g,1.4,g,0.05,g,0,g,0,g,0.9,g,,,,
114,jacks,spaghetti bolognese,7.2,g,0,mg,360,g,43.2,g,23.2,g,2.8,g,0,g,5.8,g,7.7,g,,,,
115,jacks,spicy italian sausage pizza,16,g,30,mg,650,g,36,g,17,g,6,g,0,g,2,g,4,g,,,,
116,jacks,thin pizza mexican style,13,g,30,mg,610,g,28,g,13,g,6,g,0,g,2,g,3,g,,,,
117,jacks,thin pizza sausage and mushroom,13,g,25,mg,500,g,27,g,13,g,5,g,0,g,2,g,3,g,,,,
118,jacks,three meat pizza,11,g,25,mg,590,g,39,g,13,g,5,g,0,g,2,g,3,g,,,,
119,jamba juice,organic mango limeade,0,g,0,mg,0,g,42,g,0,g,0,g,0,g,1,g,37,g,,,,
120,jamba juice,organic tropical greens cold pressed juice,0,g,0,mg,35,g,39,g,1,g,0,g,0,g,0,g,35,g,,,,
121,jamba juice,organic true greens cold pressed juice,0.5,g,0,mg,200,g,17,g,3,g,0,g,0,g,2,g,15,g,,,,
122,jamba juice,organic orange reviver cold pressed juice,0.5,g,0,mg,50,g,42,g,2,g,0,g,0,g,1,g,30,g,,,,
123,jamba juice,organic cayenne lemonade,0,g,0,mg,0,g,33,g,0,g,0,g,0,g,0,g,30,g,,,,
124,jamba juice,sweet belgium waffle,15,g,25,mg,290,g,39,g,5,g,8,g,0,g,1,g,19,g,,,,
125,jamba juice,sourdough parmesan pretzel,11,g,15,mg,690,g,69,g,12,g,3,g,0,g,3,g,3,g,,,,
126,jamba juice,apple cinnamon pretzel,4.5,g,0,mg,290,g,78,g,9,g,0,g,0,g,3,g,15,g,,,,
127,jamba juice,cheddar tomato twist,5,g,10,mg,430,g,41,g,9,g,2,g,0,g,2,g,3,g,1,g,1,g
128,jamba juice,plant based apple n greens smoothie,0.7,g,0,mg,40,g,55.3,g,4.4,g,0,g,0,g,4.4,g,42.2,g,,,,
129,jamba juice,classic white gummi smoothie,2.2,g,4,mg,62,g,76.5,g,1.5,g,1.1,g,0,g,0.7,g,68.4,g,,,,
130,jamba juice,classic mango a go go smoothie,1.5,g,0,mg,45,g,97,g,2,g,0.5,g,0,g,3,g,87,g,,,,
131,jamba juice,classic peanut butter mood smoothie,13.8,g,4,mg,240,g,87.4,g,16,g,2.9,g,0,g,3.6,g,73.5,g,6.6,g,2.5,g
132,jamba juice,classic orange dream machine smoothie,1.5,g,0,mg,91,g,70.6,g,5.1,g,0.7,g,0,g,0,g,64.8,g,,,,
133,jamba juice,classic strawberry surf rider smoothie,1.5,g,4,mg,18,g,61.2,g,0.7,g,0.4,g,0,g,2.2,g,54.6,g,,,,
134,jamba juice,classic strawberries wild smoothie,0,g,0,mg,75,g,81,g,5,g,0,g,0,g,3,g,67,g,,,,
135,jamba juice,plant based greens n ginger smoothie,0.7,g,0,mg,22,g,51,g,2.9,g,0,g,0,g,3.6,g,43.7,g,,,,
136,jamba juice,power pb chocolate love smoothie,17.5,g,15,mg,197,g,62.6,g,12.4,g,4.4,g,0,g,4.4,g,45.1,g,,,,
137,jamba juice,power acai super antioxidant smoothie,4.4,g,0,mg,73,g,64.8,g,5.8,g,1.1,g,0,g,3.6,g,51,g,,,,
138,jamba juice,power pb and banana protein smoothie,16.7,g,73,mg,211,g,51,g,27.7,g,5.1,g,0,g,2.2,g,38.6,g,6.6,g,2.5,g
139,jamba juice,classic matcha green tea blast smoothie,0,g,0,mg,146,g,63.3,g,8.7,g,0,g,0,g,0.7,g,57.5,g,,,,
140,jamba juice,classic razzmatazz smoothie,1.1,g,0,mg,29,g,63.3,g,0.7,g,0.4,g,0,g,2.2,g,53.9,g,,,,
141,jamba juice,plant based vanilla blue sky smoothie,3.6,g,0,mg,80,g,44.4,g,2.2,g,2.2,g,0,g,5.1,g,26.9,g,0.7,g,0.4,g
142,jamba juice,plant based strawberry whirl smoothie,1,g,0,mg,20,g,75,g,3,g,0,g,0,g,6,g,55,g,,,,
143,jamba juice,classic caribbean passion smoothie,1.1,g,0,mg,33,g,59.7,g,1.5,g,0.4,g,0,g,2.2,g,52.4,g,,,,
144,jamba juice,power protein berry workout smoothie with soy protein,0.7,g,0,mg,146,g,56.8,g,11.6,g,0,g,0,g,3.6,g,45.1,g,,,,
145,jamba juice,plant based smooth talkin mango smoothie,5.8,g,0,mg,109,g,53.2,g,4.4,g,0.7,g,0,g,5.8,g,37.9,g,,,,
146,jamba juice,plant based mega mango smoothie,1,g,0,mg,15,g,74,g,3,g,0,g,0,g,5,g,67,g,,,,
147,jamba juice,power orange c booster smoothie,1.5,g,0,mg,18,g,55.3,g,2.2,g,0.4,g,0,g,2.2,g,45.1,g,,,,
148,jamba juice,classic aloha pineapple smoothie,1.5,g,0,mg,40,g,64.8,g,5.1,g,0.4,g,0,g,2.9,g,56.1,g,,,,
149,jamba juice,plant based orange carrot karma smoothie,0.7,g,0,mg,124,g,51,g,2.9,g,0,g,0,g,8,g,36.4,g,,,,
150,jamba juice,plant based peach perfection smoothie,0.6,g,0,mg,23,g,50.3,g,1.7,g,0,g,0,g,2.9,g,43.5,g,,,,
151,jamba juice,plant based golden turmeric spice smoothie,6.6,g,0,mg,116,g,59.7,g,5.1,g,0.7,g,0,g,6.6,g,34.2,g,,,,
152,jamba juice,plant based pomegranate paradise smoothie,0.4,g,0,mg,18,g,58.2,g,1.5,g,0,g,0,g,3.6,g,50.2,g,,,,
153,jamba juice,plant based amazing greens snmoothie,9.5,g,0,mg,36,g,53.9,g,5.1,g,1.8,g,0,g,3.6,g,42.2,g,,,,
154,jamba juice,purely orange freshly squeezed juice,1.5,g,0,mg,5,g,71,g,5,g,0,g,0,g,1,g,57,g,,,,
155,jamba juice,orange carrot twist freshly squeezed juice,1.5,g,0,mg,230,g,67,g,5,g,0,g,0,g,10,g,44,g,,,,
156,jamba juice,purely carrot freshly squeezed juice,1.5,g,0,mg,450,g,62,g,6,g,0,g,0,g,18,g,31,g,,,1,g
157,jamba juice,ginger lemon cayenne shot,0,g,0,mg,0,g,4,g,0,g,0,g,0,g,0,g,1,g,,,,
158,jamba juice,classic matcha lemon squeeze smoothie,3.6,g,4,mg,109,g,72.1,g,4.4,g,0.7,g,0,g,2.2,g,60.4,g,,,,
159,jamba juice,ginger shot,0,g,0,mg,0,g,6,g,0,g,0,g,0,g,0,g,3,g,,,,
160,jamba juice,power protein berry workout smoothie with whey protein,1.1,g,29,mg,109,g,52.4,g,15.3,g,0.4,g,0,g,3.6,g,40.8,g,,,,
161,jamba juice,wheatgrass juice shot bottle,0,g,0,mg,0,g,5.1,g,0,g,0,g,0,g,0,g,4,g,,,,
162,jamba juice,orange berry antioxidant freshly squeezed juice,0.8,g,0,mg,0,g,37.5,g,2.3,g,0,g,0,g,3.8,g,27.8,g,,,,
163,jamba juice,ginger orange cayenne shot,0,g,0,mg,0,g,5,g,0,g,0,g,0,g,0,g,3,g,,,,
164,jamba juice,turmeric shot,0,g,0,mg,0,g,6,g,0,g,0,g,0,g,0,g,3,g,,,,
165,jamba juice,wheatgrass juice shot,0,g,0,mg,0,g,1,g,1,g,0,g,0,g,0,g,1,g,,,,
166,jamba juice,lean advantage boost,3,g,0,mg,0,g,0,g,0,g,0,g,0,g,0,g,0,g,,,,
167,jamba juice,orange supreme juice,2,g,0,mg,65,g,54,g,4,g,0,g,0,g,4,g,40,g,,,,
168,jamba juice,orange reviver freshly squeezed juice,1.5,g,0,mg,56,g,44.3,g,3,g,0,g,0,g,3,g,33,g,,,,
169,jamba juice,turkey sausage n cheese breakfast wrap,15,g,40,mg,580,g,30,g,17,g,6,g,0,g,1,g,1,g,,,,
170,jamba juice,bacon roasted tomato spinach and feta breakfast sandwich,9,g,15,mg,600,g,30,g,12,g,3,g,0,g,4,g,2,g,,,,
171,jamba juice,roasted tomato spinach and feta breakfast sandwich,8,g,15,mg,550,g,30,g,11,g,3,g,0,g,4,g,2,g,,,,
172,jamba juice,turkey sausage roasted red pepper and gouda breakfast sandwich,12,g,50,mg,660,g,25,g,20,g,4.5,g,0,g,1,g,2,g,,,,
173,jamba juice,four cheese artisan flatbread,11,g,25,mg,570,g,44,g,18,g,5,g,0,g,1,g,2,g,,,,
174,jamba juice,spicy n sweet chicken flatbread,11,g,40,mg,580,g,38,g,12,g,4,g,0,g,4,g,3,g,,,,
175,jamba juice,pb banana toast,12,g,0,mg,280,g,56,g,11,g,1.5,g,0,g,8,g,20,g,4,g,2.5,g
176,jamba juice,spinach n cheese breakfast wrap,7,g,15,mg,590,g,30,g,15,g,3,g,0,g,3,g,1,g,,,,
177,jamba juice,kids strawberry gone bananas smoothie,0,g,0,mg,10,g,36,g,1,g,0,g,0,g,3,g,27,g,,,,
178,jamba juice,kids blueberry strawberry blast off smoothie,0,g,0,mg,15,g,46,g,1,g,0,g,0,g,3,g,37,g,,,,
179,jamba juice,acai primo bowl,10,g,0,mg,45,g,101,g,8,g,3.5,g,0,g,11,g,65,g,,,,
180,jamba juice,island pitaya bowl,8,g,0,mg,20,g,102,g,7,g,2.5,g,0,g,11,g,70,g,,,1,g
181,jamba juice,vanilla blue sky bowl,9,g,0,mg,85,g,62,g,6,g,3,g,0,g,8,g,33,g,1.5,g,0.5,g
182,jamba juice,chunky strawberry bowl,16,g,0,mg,135,g,94,g,21,g,2.5,g,0,g,11,g,50,g,,,,
183,jamba juice,nutty almond butter bowl,16,g,0,mg,105,g,68,g,5,g,1.5,g,0,g,11,g,36,g,7,g,3,g
184,jamba juice,pb wow cacao bowl,27,g,0,mg,250,g,101,g,19,g,6,g,0,g,12,g,59,g,11,g,4.5,g
185,jamba juice,peachy green goodness bowl 17 5 oz,18,g,0,mg,50,g,80,g,15,g,3,g,0,g,9,g,50,g,,,1,g
186,jamba juice,peach green goodness bowl 19 oz,18,g,0,mg,50,g,82,g,15,g,3,g,0,g,10,g,52,g,,,1,g
187,jamba juice,3g energy,0,g,0,mg,0,g,3,g,0,g,0,g,0,g,0,g,0,g,,,,
188,jamba juice,acai primo bowl,10,g,0,mg,45,g,101,g,8,g,3.5,g,0,g,11,g,67,g,,,,
189,jamba juice,acai super antioxidant smoothie 16 fl oz,4.5,g,0,mg,80,g,69,g,6,g,1,g,0,g,4,g,52,g,,,,
190,jamba juice,acai super antioxidant smoothie 22 fl oz,6,g,5,mg,100,g,89,g,8,g,1.5,g,0,g,5,g,70,g,,,,
191,jamba juice,acai super antioxidant smoothie 28 fl oz,8,g,5,mg,125,g,110,g,10,g,2,g,0,g,6,g,91,g,,,,
192,jamba juice,almond butter,0,g,0,mg,0,g,0,g,1,g,0,g,0,g,0,g,0,g,,,,
193,jamba juice,aloha pineapple smoothie 16 fl oz,1,g,5,mg,45,g,67,g,7,g,0.5,g,0,g,2,g,67,g,,,,
194,jamba juice,aloha pineapple smoothie 22 fl oz,1.5,g,5,mg,55,g,89,g,7,g,0.5,g,0,g,3,g,90,g,,,,
195,jamba juice,aloha pineapple smoothie 28 fl oz,1.5,g,5,mg,65,g,115,g,8,g,1,g,0,g,4,g,114,g,,,,
196,jamba juice,amazing greens smoothie 16 fl oz,13,g,0,mg,40,g,57,g,7,g,2.5,g,0,g,5,g,54,g,,,,
197,jamba juice,amazing greens smoothie 22 fl oz,13,g,0,mg,50,g,74,g,7,g,2.5,g,0,g,6,g,73,g,,,,
198,jamba juice,amazing greens smoothie 28 fl oz,13,g,0,mg,65,g,92,g,8,g,2.5,g,0,g,7,g,92,g,,,,
199,jamba juice,apple n greens smoothie 16 fl oz,1,g,0,mg,50,g,58,g,5,g,0,g,0,g,4,g,45,g,,,,
200,jamba juice,apple n greens smoothie 22 fl oz,1,g,0,mg,55,g,76,g,6,g,0,g,0,g,5,g,61,g,,,,
201,jamba juice,apple n greens smoothie 28 fl oz,1.5,g,0,mg,70,g,96,g,7,g,0,g,0,g,6,g,78,g,,,,
202,jamba juice,bacon roasted tomato spinach sandwich,9,g,15,mg,600,g,30,g,12,g,3,g,0,g,4,g,2,g,,,,
203,jamba juice,bananas,0,g,0,mg,0,g,15,g,1,g,0,g,0,g,0,g,0,g,,,,
204,jamba juice,blue spirulina,0,g,0,mg,0,g,0,g,0,g,0,g,0,g,0,g,0,g,,,,
205,jamba juice,blueberries,0,g,0,mg,0,g,2,g,0,g,0,g,0,g,0,g,0,g,,,,
206,jamba juice,blueberry strawberry blast off,1,g,0,mg,15,g,46,g,1,g,0,g,0,g,3,g,31,g,,,,
207,jamba juice,brown sugar crumble,0,g,0,mg,0,g,8,g,0,g,0,g,0,g,0,g,0,g,,,,
208,jamba juice,caribbean passion smoothie 16 fl oz,1,g,5,mg,35,g,63,g,2,g,0,g,0,g,2,g,58,g,,,,
209,jamba juice,caribbean passion smoothie 22 fl oz,1.5,g,5,mg,45,g,82,g,2,g,0.5,g,0,g,3,g,77,g,,,,
210,jamba juice,caribbean passion smoothie 28 fl oz,2,g,5,mg,55,g,102,g,3,g,1,g,0,g,4,g,95,g,,,,
211,jamba juice,cheddar tomato twist,4.5,g,5,mg,430,g,41,g,9,g,2,g,0,g,2,g,3,g,,,,
212,jamba juice,chia seeds,2,g,0,mg,0,g,2,g,1,g,0,g,0,g,3,g,0,g,,,,
213,jamba juice,chunky strawberry bowl,0,g,0,mg,135,g,94,g,21,g,2.5,g,0,g,0,g,0,g,,,,
214,jamba juice,coconut chips,0,g,0,mg,15,g,3,g,0,g,1.5,g,0,g,0,g,0,g,,,,
215,jamba juice,daily vitamin zinc,0,g,0,mg,0,g,3,g,0,g,0,g,0,g,0,g,0,g,,,,
216,jamba juice,four cheese flatbread,13,g,25,mg,570,g,44,g,18,g,5,g,0,g,4,g,2,g,,,,
217,jamba juice,ginger,0,g,0,mg,0,g,1,g,0,g,0,g,0,g,0,g,0,g,,,,
218,jamba juice,ginger lemon cayenne shot,0,g,0,mg,0,g,4,g,0,g,0,g,0,g,0,g,3,g,,,,
219,jamba juice,ginger orange cayenne shot,0,g,0,mg,0,g,5,g,0,g,0,g,0,g,0,g,0,g,,,,
220,jamba juice,goji berries,0,g,0,mg,15,g,3,g,1,g,0,g,0,g,0,g,0,g,,,,
221,jamba juice,greens n ginger smoothie 16 fl oz,1,g,0,mg,25,g,56,g,4,g,0,g,0,g,4,g,66,g,,,,
222,jamba juice,greens n ginger smoothie 22 fl oz,1,g,0,mg,30,g,70,g,4,g,0,g,0,g,5,g,90,g,,,,
223,jamba juice,greens n ginger smoothie 28 fl oz,1.5,g,0,mg,40,g,91,g,6,g,0,g,0,g,5,g,90,g,,,,
224,jamba juice,honey,0,g,0,mg,0,g,9,g,0,g,0,g,0,g,0,g,0,g,,,,
225,jamba juice,island pitaya bowl,0,g,0,mg,20,g,102,g,7,g,2.5,g,0,g,0,g,0,g,,,,
226,jamba juice,kale,0,g,0,mg,10,g,3,g,1,g,0,g,0,g,1,g,0,g,,,,
227,jamba juice,la vida mocha smoothie 16 fl oz,2,g,5,mg,135,g,58,g,8,g,1,g,0,g,1,g,49,g,,,,
228,jamba juice,la vida mocha smoothie 22 fl oz,2.5,g,5,mg,200,g,90,g,12,g,1.5,g,0,g,1,g,70,g,,,,
229,jamba juice,la vida mocha smoothie 28 fl oz,3,g,10,mg,240,g,109,g,15,g,1.5,g,0,g,2,g,89,g,,,,
230,jamba juice,lotta hotchata smoothie 16 fl oz,2.5,g,150,mg,140,g,38,g,4,g,0,g,0,g,2,g,26,g,,,,
231,jamba juice,lotta hotchata smoothie 22 fl oz,3,g,0,mg,200,g,57,g,6,g,0,g,0,g,2,g,39,g,,,,
232,jamba juice,lotta hotchata smoothie 28 fl oz,3.5,g,0,mg,250,g,66,g,7,g,0,g,0,g,3,g,50,g,,,,
233,jamba juice,mango a go go smoothie 16 fl oz,1.5,g,5,mg,35,g,73,g,1,g,0.5,g,0,g,2,g,66,g,,,,
234,jamba juice,mango a go go smoothie 22 fl oz,2,g,5,mg,45,g,97,g,2,g,0.5,g,0,g,3,g,89,g,,,,
235,jamba juice,mango a go go smoothie 28 fl oz,2.5,g,5,mg,60,g,123,g,2,g,1,g,0,g,4,g,112,g,,,,
236,jamba juice,matcha green tea blast smoothie 16 fl oz,0,g,5,mg,130,g,56,g,8,g,0,g,0,g,1,g,57,g,,,,
237,jamba juice,matcha green tea blast smoothie 22 fl oz,0,g,0,mg,200,g,87,g,12,g,0,g,0,g,2,g,93,g,,,,
238,jamba juice,matcha green tea blast smoothie 28 fl oz,0,g,5,mg,240,g,105,g,14,g,0,g,0,g,2,g,102,g,,,,
239,jamba juice,matcha powder,0,g,0,mg,0,g,0,g,0,g,0,g,0,g,0,g,0,g,,,,
240,jamba juice,mega mango smoothie 16 fl oz,0,g,0,mg,10,g,50,g,2,g,0,g,0,g,3,g,52,g,,,,
241,jamba juice,mega mango smoothie 22 fl oz,0.5,g,0,mg,15,g,74,g,3,g,0,g,0,g,5,g,78,g,,,,
242,jamba juice,mega mango smoothie 28 fl oz,0.5,g,0,mg,15,g,85,g,4,g,0,g,0,g,6,g,89,g,,,,
243,jamba juice,nonfat greek yogurt,0,g,0,mg,30,g,3,g,7,g,0,g,0,g,0,g,0,g,,,,
244,jamba juice,nutty almond butter bowl,0,g,0,mg,105,g,68,g,5,g,1.5,g,0,g,0,g,0,g,,,,
245,jamba juice,oatmeal,2.5,g,0,mg,20,g,31,g,6,g,0,g,0,g,4,g,5,g,,,,
246,jamba juice,orange c booster smoothie 16 fl oz,1,g,5,mg,20,g,56,g,3,g,0,g,0,g,2,g,55,g,,,,
247,jamba juice,orange c booster smoothie 22 fl oz,1.5,g,5,mg,25,g,76,g,3,g,0.5,g,0,g,3,g,75,g,,,,
248,jamba juice,orange c booster smoothie 28 fl oz,2,g,5,mg,30,g,95,g,4,g,1,g,0,g,4,g,98,g,,,,
249,jamba juice,orange carrot twist juice 16 oz,1,g,0,mg,170,g,48,g,4,g,0,g,0,g,0,g,34,g,,,,
250,jamba juice,orange carrot twist juice 22 oz,1,g,0,mg,230,g,67,g,5,g,0,g,0,g,1,g,51,g,,,,
251,jamba juice,orange carrot twist juice 28 oz,1.5,g,0,mg,290,g,85,g,7,g,0,g,0,g,1,g,59,g,,,,
252,jamba juice,orange dream machine smoothie 16 fl oz,1,g,5,mg,95,g,68,g,5,g,0.5,g,0,g,0,g,71,g,,,,
253,jamba juice,orange dream machine smoothie 22 fl oz,1.5,g,10,mg,125,g,97,g,7,g,1,g,0,g,1,g,97,g,,,,
254,jamba juice,orange dream machine smoothie 28 fl oz,2,g,10,mg,160,g,120,g,9,g,1,g,0,g,1,g,120,g,,,,
255,jamba juice,organic granola,0,g,0,mg,5,g,14,g,2,g,0,g,0,g,0,g,0,g,,,,
256,jamba juice,parmesan pretzel,0,g,0,mg,690,g,69,g,12,g,3,g,0,g,0,g,0,g,,,,
257,jamba juice,pb banana protein smoothie 16 fl oz,22,g,55,mg,260,g,51,g,36,g,6,g,0,g,3,g,35,g,,,,
258,jamba juice,pb banana protein smoothie 22 fl oz,23,g,60,mg,290,g,70,g,38,g,7,g,0,g,4,g,49,g,,,,
259,jamba juice,pb banana protein smoothie 28 fl oz,33,g,65,mg,370,g,89,g,42,g,9,g,0,g,6,g,64,g,,,,
260,jamba juice,pb chocolate love smoothie 16 fl oz,14,g,15,mg,180,g,64,g,12,g,4.5,g,0,g,5,g,53,g,,,,
261,jamba juice,pb chocolate love smoothie 22 fl oz,24,g,20,mg,270,g,86,g,17,g,6,g,0,g,7,g,71,g,,,,
262,jamba juice,pb chocolate love smoothie 28 fl oz,34,g,25,mg,350,g,105,g,21,g,8,g,0,g,9,g,89,g,,,,
263,jamba juice,peach perfection smoothie 16 fl oz,0,g,0,mg,25,g,51,g,2,g,0,g,0,g,4,g,42,g,,,,
264,jamba juice,peach perfection smoothie 22 fl oz,0.5,g,0,mg,35,g,76,g,3,g,0,g,0,g,5,g,62,g,,,,
265,jamba juice,peach perfection smoothie 28 fl oz,1,g,0,mg,40,g,88,g,3,g,0,g,0,g,6,g,72,g,,,,
266,jamba juice,peachy green goodness bowl,0,g,0,mg,50,g,82,g,15,g,3,g,0,g,0,g,0,g,,,,
267,jamba juice,peanut butter,0,g,0,mg,50,g,4,g,4,g,1.5,g,0,g,0,g,0,g,,,,
268,jamba juice,peanut butter mood smoothie 16 fl oz,10,g,5,mg,190,g,75,g,13,g,2,g,0,g,3,g,72,g,,,,
269,jamba juice,peanut butter mood smoothie 22 fl oz,20,g,10,mg,330,g,120,g,22,g,4,g,0,g,5,g,109,g,,,,
270,jamba juice,peanut butter mood smoothie 28 fl oz,29,g,10,mg,420,g,144,g,29,g,5,g,0,g,6,g,131,g,,,,
271,jamba juice,pomegranate paradise smoothie 16 fl oz,0,g,0,mg,15,g,54,g,2,g,0,g,0,g,4,g,50,g,,,,
272,jamba juice,pomegranate paradise smoothie 22 fl oz,0.5,g,0,mg,25,g,80,g,2,g,0,g,0,g,5,g,75,g,,,,
273,jamba juice,pomegranate paradise smoothie 28 fl oz,1,g,0,mg,25,g,93,g,3,g,0,g,0,g,6,g,87,g,,,,
274,jamba juice,protein berry workout smoothie with soy protein 16 fl oz,1,g,0,mg,170,g,58,g,13,g,0,g,0,g,3,g,48,g,,,,
275,jamba juice,protein berry workout smoothie with soy protein 22 fl oz,1,g,0,mg,200,g,78,g,16,g,0,g,0,g,5,g,65,g,,,,
276,jamba juice,protein berry workout smoothie with soy protein 28 fl oz,1,g,0,mg,210,g,87,g,17,g,0,g,0,g,6,g,79,g,,,,
277,jamba juice,protein berry workout smoothie with whey protein 16 fl oz,0,g,0,mg,115,g,52,g,19,g,0,g,0,g,0,g,0,g,,,,
278,jamba juice,protein berry workout smoothie with whey protein 22 fl oz,0,g,0,mg,150,g,72,g,21,g,0.5,g,0,g,0,g,0,g,,,,
279,jamba juice,protein berry workout smoothie with whey protein 28 fl oz,0,g,0,mg,170,g,84,g,23,g,0.5,g,0,g,0,g,0,g,,,,
280,jamba juice,pumpkin seeds,12,g,0,mg,0,g,3,g,7,g,2,g,0,g,1,g,0,g,,,,
281,jamba juice,purely carrot juice 16 oz,0.5,g,0,mg,330,g,45,g,4,g,0,g,0,g,0,g,26,g,,,,
282,jamba juice,purely carrot juice 22 oz,1,g,0,mg,450,g,62,g,6,g,0,g,0,g,0,g,39,g,,,,
283,jamba juice,purely carrot juice 28 oz,1,g,0,mg,570,g,79,g,8,g,0,g,0,g,0,g,46,g,,,,
284,jamba juice,purely orange juice 16 oz,0.5,g,0,mg,0,g,52,g,3,g,0,g,0,g,1,g,31,g,,,,
285,jamba juice,purely orange juice 22 oz,0,g,0,mg,5,g,71,g,5,g,0,g,0,g,0,g,0,g,,,,
286,jamba juice,purely orange juice 28 oz,0,g,0,mg,10,g,90,g,6,g,0,g,0,g,0,g,0,g,,,,
287,jamba juice,raspberries,1,g,0,mg,0,g,17,g,2,g,0,g,0,g,9,g,6,g,,,,
288,jamba juice,razzmatazz smoothie 16 fl oz,1,g,5,mg,30,g,65,g,1,g,0,g,0,g,3,g,54,g,,,,
289,jamba juice,razzmatazz smoothie 22 fl oz,1.5,g,5,mg,40,g,87,g,1,g,0.5,g,0,g,4,g,74,g,,,,
290,jamba juice,razzmatazz smoothie 28 fl oz,2,g,5,mg,55,g,112,g,2,g,1,g,0,g,4,g,96,g,,,,
291,jamba juice,roasted spinach spinach feta sandwich,8,g,15,mg,550,g,30,g,11,g,3,g,0,g,4,g,2,g,,,,
292,jamba juice,shredded coconut,0,g,0,mg,0,g,1,g,0,g,2,g,0,g,0,g,0,g,,,,
293,jamba juice,sliced almonds,0,g,0,mg,0,g,1,g,1,g,0,g,0,g,0,g,0,g,,,,
294,jamba juice,soy protein,0,g,0,mg,70,g,0,g,6,g,0,g,0,g,0,g,0,g,,,,
295,jamba juice,spinach n cheese wrap,8,g,15,mg,590,g,30,g,15,g,3,g,0,g,3,g,1,g,,,,
296,jamba juice,strawberries,0,g,0,mg,0,g,1,g,0,g,0,g,0,g,0,g,0,g,,,,
297,jamba juice,strawberries gone bananas,0,g,0,mg,10,g,36,g,1,g,0,g,0,g,0,g,0,g,,,,
298,jamba juice,strawberries wild smoothie 16 fl oz,0,g,0,mg,50,g,57,g,3,g,0,g,0,g,2,g,55,g,,,,
299,jamba juice,strawberries wild smoothie 22 fl oz,0,g,0,mg,75,g,81,g,5,g,0,g,0,g,3,g,75,g,,,,
300,jamba juice,strawberries wild smoothie 28 fl oz,0.5,g,0,mg,95,g,103,g,6,g,0,g,0,g,4,g,97,g,,,,
301,jamba juice,strawberry surf rider smoothie 16 fl oz,1,g,5,mg,15,g,60,g,1,g,0,g,0,g,3,g,70,g,,,,
302,jamba juice,strawberry surf rider smoothie 22 fl oz,1.5,g,5,mg,25,g,84,g,1,g,0.5,g,0,g,4,g,98,g,,,,
303,jamba juice,strawberry surf rider smoothie 28 fl oz,2,g,5,mg,25,g,102,g,1,g,1,g,0,g,4,g,128,g,,,,
304,jamba juice,strawberry whirl smoothie 16 fl oz,0,g,0,mg,15,g,51,g,2,g,0,g,0,g,4,g,45,g,,,,
305,jamba juice,strawberry whirl smoothie 22 fl oz,0.5,g,0,mg,20,g,75,g,3,g,0,g,0,g,6,g,66,g,,,,
306,jamba juice,strawberry whirl smoothie 28 fl oz,1,g,0,mg,25,g,87,g,3,g,0,g,0,g,7,g,79,g,,,,
307,jamba juice,sweet n spicy chicken flatbread,11,g,40,mg,580,g,38,g,12,g,4,g,0,g,4,g,3,g,,,,
308,jamba juice,turkey sausage n cheese wrap,16,g,40,mg,580,g,30,g,17,g,6,g,0,g,1,g,1,g,,,,
309,jamba juice,turkey sausage roasted red pepper gouda sandwich,12,g,50,mg,660,g,25,g,20,g,4.5,g,0,g,1,g,2,g,,,,
310,jamba juice,vanilla blue sky bowl,0,g,0,mg,85,g,62,g,6,g,3,g,0,g,0,g,0,g,,,,
311,jamba juice,vanilla blue sky smoothie 16 fl oz,0,g,0,mg,90,g,43,g,2,g,2.5,g,0,g,0,g,0,g,,,,
312,jamba juice,vanilla blue sky smoothie 22 fl oz,0,g,0,mg,110,g,61,g,3,g,3,g,0,g,0,g,0,g,,,,
313,jamba juice,vanilla blue sky smoothie 28 fl oz,0,g,0,mg,150,g,77,g,4,g,4,g,0,g,0,g,0,g,,,,
314,jamba juice,watermelon breeze smoothie 16 fl oz,1,g,5,mg,35,g,68,g,2,g,0,g,0,g,2,g,58,g,,,,
315,jamba juice,watermelon breeze smoothie 22 fl oz,1.5,g,5,mg,50,g,97,g,2,g,0.5,g,0,g,3,g,82,g,,,,
316,jamba juice,watermelon breeze smoothie 28 fl oz,1.5,g,5,mg,60,g,118,g,3,g,0.5,g,0,g,4,g,100,g,,,,
317,jamba juice,wheatgrass shot,0,g,0,mg,10,g,2,g,1,g,0,g,0,g,0,g,3,g,,,,
318,jamba juice,whey protein,0,g,0,mg,35,g,1,g,13,g,0,g,0,g,0,g,0,g,,,,
319,jamba juice,white gummi smoothie 16 fl oz,0,g,0,mg,65,g,74,g,2,g,1,g,0,g,0,g,0,g,,,,
320,jamba juice,white gummi smoothie 22 fl oz,0,g,0,mg,85,g,105,g,2,g,1.5,g,0,g,0,g,0,g,,,,
321,jamba juice,white gummi smoothie 28 fl oz,0,g,0,mg,120,g,135,g,4,g,2,g,0,g,0,g,0,g,,,,
322,jasons deli,turkey wrap,16,g,45,mg,1040,g,42,g,23,g,2,g,0,g,8,g,1,g,,,,
323,jasons deli,ranchero wrap,33,g,170,mg,1480,g,41,g,48,g,13,g,0,g,6,g,5,g,,,,
324,jasons deli,spinach veggie wrap,19,g,35,mg,970,g,53,g,21,g,8,g,0,g,12,g,5,g,,,,
325,jasons deli,mediterranean wrap,9,g,40,mg,1140,g,45,g,23,g,1,g,0,g,7,g,3,g,,,,
326,jasons deli,veggie breakfast wrap,32,g,415,mg,920,g,46,g,33,g,12,g,0,g,8,g,2,g,,,,
327,jasons deli,sunshine croissant with ham,24,g,255,mg,990,g,44,g,30,g,10,g,0,g,1,g,7,g,,,,
328,jasons deli,breakfast sammy with bacon,15,g,205,mg,500,g,24,g,16,g,0,g,0,g,0,g,3,g,,,,
329,jasons deli,yogurt parfait,3,g,15,mg,160,g,47,g,11,g,0,g,0,g,3,g,40,g,,,,
330,jasons deli,breakfast club sandwich,27,g,265,mg,1260,g,44,g,43,g,10,g,0,g,11,g,8,g,,,,
331,jasons deli,banana nut muffin,10,g,256,mg,170,g,29,g,5,g,0,g,0,g,1,g,14,g,,,,
332,jasons deli,blueberry muffin,5,g,30,mg,180,g,34,g,3,g,0,g,0,g,1,g,19,g,,,,
333,jasons deli,breakfast sammy with sausage patty,23,g,245,mg,780,g,23,g,26,g,7,g,0,g,0,g,3,g,,,,
334,jasons deli,sunshine croissant with sausage patty,32,g,275,mg,910,g,42,g,31,g,14,g,0,g,1,g,6,g,,,,
335,jasons deli,southwest wrap with bacon and egg,36,g,445,mg,920,g,39,g,36,g,15,g,0,g,5,g,2,g,,,,
336,jasons deli,cinnamon walnut coffee cake,19,g,65,mg,390,g,47,g,5,g,6,g,0,g,1,g,31,g,,,,
337,jasons deli,breakfast sammy with ham,15,g,225,mg,860,g,25,g,25,g,0,g,0,g,0,g,4,g,,,,
338,jasons deli,pumpkin coffee cake,15,g,60,mg,370,g,45,g,4,g,5,g,0,g,2,g,16,g,,,,
339,jasons deli,apricot pecan toga,15,g,50,mg,170,g,17,g,2,g,8,g,0,g,1,g,12,g,,,,
340,jasons deli,sunshine croissant with bacon,24,g,235,mg,630,g,43,g,20,g,11,g,0,g,1,g,6,g,,,,
341,jasons deli,new england blueberry and cranberry coffee cake,16,g,65,mg,390,g,47,g,4,g,6,g,0,g,1,g,32,g,,,,
342,jasons deli,cranberry lemon zest toga,12,g,50,mg,170,g,21,g,2,g,8,g,0,g,1,g,16,g,,,,
343,jasons deli,breakfast sammy,12,g,195,mg,370,g,23,g,12,g,0,g,0,g,0,g,3,g,,,,
344,jasons deli,chocolate syrup,1,g,0,mg,15,g,22,g,0.5,g,0,g,0,g,0,g,21,g,,,,
345,jasons deli,vanilla ice cream,6,g,25,mg,100,g,35,g,6,g,3,g,0,g,0,g,35,g,,,,
346,jasons deli,chocolate chip cookie,15,g,25,mg,220,g,43,g,3,g,7,g,0,g,2,g,27,g,,,,
347,jasons deli,strawberry shortcake,27,g,105,mg,840,g,102,g,9,g,17,g,0,g,2,g,61,g,,,,
348,jasons deli,fudge nut brownie,26,g,110,mg,170,g,54,g,6,g,13,g,0,g,4,g,42,g,,,,
349,jasons deli,ice cream cone,0,g,0,mg,5,g,4,g,0,g,0,g,0,g,0,g,0,g,,,,
350,jasons deli,cranberry walnut cookie,16,g,30,mg,170,g,38,g,4,g,4,g,0,g,2,g,19,g,,,,
351,jasons deli,chocolate ice cream,6,g,20,mg,115,g,36,g,6,g,3,g,0,g,2,g,35,g,,,,
352,jasons deli,plain cheesecake,36,g,120,mg,400,g,48,g,6,g,22,g,1,g,1,g,39,g,,,,
353,jasons deli,strawberry topped cheesecake,36,g,120,mg,400,g,52,g,7,g,22,g,1,g,3,g,41,g,,,,
354,jasons deli,white chocolate raspberry bite,4,g,10,mg,60,g,20,g,0.5,g,2,g,0,g,0,g,15,g,,,,
355,jasons deli,sugar cookie,16,g,40,mg,160,g,42,g,4,g,5,g,0,g,1,g,23,g,,,,
356,jasons deli,gluten free snickerdoodle cookie,8,g,40,mg,150,g,34,g,0.5,g,4,g,0,g,0,g,17,g,,,,
357,jasons deli,white chocolate macadamia nut cookie,18,g,35,mg,200,g,40,g,4,g,6,g,0,g,1,g,26,g,,,,
358,jasons deli,chocolate caramel bite,5,g,10,mg,80,g,15,g,0.5,g,3,g,0,g,0,g,8,g,,,,
359,jasons deli,peanut butter brownie bite,5,g,10,mg,40,g,9,g,0.5,g,1,g,0,g,1,g,7,g,,,,
360,jasons deli,kids peanut butter and jelly sandwich on white bread,18,g,0,mg,540,g,66,g,14,g,28,g,0,g,4,g,22,g,,,,
361,jasons deli,kids baked potato,31,g,100,mg,550,g,78,g,23,g,18,g,0,g,7,g,7,g,,,,
362,jasons deli,kids grilled cheese sandwich on wheat bread,25,g,65,mg,990,g,40,g,17,g,14,g,0,g,11,g,8,g,,,,
363,jasons deli,kids cheese pizza,21,g,40,mg,820,g,52,g,21,g,7,g,0,g,4,g,4,g,,,,
364,jasons deli,kids peanut butter and jelly sandwich on wheat bread,18,g,0,mg,430,g,58,g,17,g,2,g,0,g,14,g,22,g,,,,
365,jasons deli,kids macaroni and cheese,23,g,65,mg,820,g,36,g,16,g,14,g,0,g,2,g,5,g,,,,
366,jasons deli,kids chicken tenders,9,g,55,mg,600,g,22,g,18,g,1,g,0,g,1,g,2,g,,,,
367,jasons deli,kids bowtie pasta and meatballs,31,g,75,mg,1850,g,61,g,23,g,8,g,0,g,3,g,9,g,,,,
368,jasons deli,kids ham and cheese sandwich on white bread,11,g,50,mg,1230,g,49,g,23,g,29,g,0,g,1,g,8,g,,,,
369,jasons deli,kids turkey and cheese sandwich on white bread,9,g,60,mg,1340,g,49,g,25,g,29,g,0,g,1,g,8,g,,,,
370,jasons deli,kids turkey and cheese sandwich on wheat bread,9,g,60,mg,1230,g,41,g,28,g,3,g,0,g,11,g,13,g,,,,
371,jasons deli,kids pepperoni pizza,25,g,50,mg,1010,g,52,g,23,g,8,g,0,g,4,g,4,g,,,,
372,jasons deli,kids grilled cheese sandwich on white bread,25,g,65,mg,1100,g,48,g,14,g,14,g,0,g,1,g,8,g,,,,
373,jasons deli,kids bowtie pasta and chicken alfredo,31,g,125,mg,1780,g,54,g,28,g,14,g,0,g,2,g,6,g,,,,
374,jasons deli,kids ham and cheese sliders,10,g,50,mg,1050,g,38,g,22,g,3,g,0,g,1,g,7,g,,,,
375,jasons deli,kids turkey and cheese sliders,8,g,60,mg,1160,g,38,g,24,g,3,g,0,g,1,g,7,g,,,,
376,jasons deli,kids ham and cheese wrap,10,g,50,mg,930,g,20,g,19,g,3,g,0,g,2,g,2,g,,,,
377,jasons deli,kids ham and cheese sandwich on wheat bread,11,g,50,mg,1230,g,49,g,23,g,29,g,0,g,1,g,8,g,,,,
378,jasons deli,kids turkey and cheese wheat wrap,8,g,60,mg,1040,g,20,g,21,g,3,g,0,g,2,g,2,g,,,,
379,jasons deli,lighter sweet papa verde,33,g,100,mg,1210,g,107,g,32,g,12,g,0,g,16,g,30,g,,,,
380,jasons deli,plain jane potato,98,g,320,mg,1530,g,182,g,55,g,59,g,0,g,17,g,18,g,,,,
381,jasons deli,pollo mexicano potato,52,g,215,mg,930,g,183,g,46,g,31,g,0,g,17,g,21,g,,,,
382,jasons deli,lighter texas spud,27,g,80,mg,830,g,139,g,32,g,14,g,0,g,14,g,27,g,,,,
383,jasons deli,lighter plain jane potato,49,g,160,mg,770,g,120,g,30,g,29,g,0,g,11,g,12,g,,,,
384,jasons deli,lighter pollo mexicano potato,27,g,135,mg,640,g,121,g,33,g,15,g,0,g,11,g,14,g,,,,
385,jasons deli,texas spud,54,g,160,mg,1640,g,220,g,57,g,28,g,0,g,23,g,48,g,,,,
386,jasons deli,lean green sweet potato,11,g,35,mg,580,g,154,g,26,g,7,g,0,g,22,g,42,g,,,,
387,jasons deli,lighter lean green sweet potato,6,g,20,mg,340,g,100,g,15,g,3,g,0,g,15,g,28,g,,,,
388,jasons deli,sweet papa verde,67,g,185,mg,2290,g,163,g,56,g,25,g,0,g,27,g,46,g,,,,
389,jasons deli,chicken alfredo pasta with focaccia bread,83,g,285,mg,3690,g,110,g,67,g,37,g,0,g,3,g,12,g,,,,
390,jasons deli,penne pasta and meatballs with focaccia bread,76,g,165,mg,3650,g,121,g,52,g,22,g,0,g,6,g,17,g,,,,
391,jasons deli,lighter chicken pasta primo with focaccia bread,40,g,125,mg,2090,g,72,g,36,g,15,g,0,g,5,g,11,g,,,,
392,jasons deli,zucchini garden pasta with focaccia bread,80,g,60,mg,2470,g,119,g,36,g,19,g,0,g,16,g,10,g,,,,
393,jasons deli,lighter zucchini garden pasta with focaccia bread,50,g,50,mg,11560,g,73,g,26,g,12,g,0,g,10,g,6,g,,,,
394,jasons deli,lighter chicken alfredo pasta with focaccia bread,40,g,125,mg,2090,g,72,g,36,g,15,g,0,g,5,g,11,g,,,,
395,jasons deli,lighter penne pasta and meatballs with focaccia,48,g,110,mg,2230,g,74,g,35,g,15,g,0,g,4,g,9,g,,,,
396,jasons deli,chicken pasta primo with focaccia bread,67,g,210,mg,3550,g,120,g,58,g,26,g,0,g,7,g,24,g,,,,
397,jasons deli,red bell peppers,0,g,0,mg,0,g,1,g,0,g,0,g,0,g,1,g,1,g,,,,
398,jasons deli,jalapeno ranch dressing,2,g,0,mg,40,g,0,g,0,g,0,g,0,g,0,g,0,g,,,,
399,jasons deli,yellow bell peppers,0,g,0,mg,0,g,0.5,g,0.5,g,0,g,0,g,0,g,1,g,,,,
400,jasons deli,american potato salad,18,g,65,mg,350,g,20,g,4,g,2.5,g,0,g,2,g,2,g,,,,
401,jasons deli,grape tomatoes,0,g,0,mg,0,g,3,g,0.5,g,0,g,0,g,1,g,0,g,,,,
402,jasons deli,organic red apples,0,g,0,mg,0,g,8,g,0,g,0,g,0,g,1,g,6,g,,,,
403,jasons deli,hard boiled egg,5,g,170,mg,55,g,0,g,6,g,1,g,0,g,0,g,0,g,,,,
404,jasons deli,organic field greens,0,g,0,mg,10,g,0.5,g,0,g,0,g,0,g,1,g,1,g,,,,
405,jasons deli,black bean and corn taco salad without dressing,67,g,100,mg,1200,g,105,g,31,g,21,g,0,g,21,g,11,g,,,,
406,jasons deli,green peas,0,g,0,mg,50,g,6,g,2,g,0,g,0,g,2,g,2,g,,,,
407,jasons deli,whole beets,0,g,0,mg,35,g,1,g,0,g,0,g,0,g,0,g,0.5,g,,,,
408,jasons deli,italian peppers,0,g,0,mg,440,g,0.5,g,0,g,0,g,0,g,0,g,1,g,,,,
409,jasons deli,croutons,6,g,0,mg,270,g,20,g,0.5,g,0,g,0,g,1,g,1,g,,,,
410,jasons deli,mixed salad greens,0,g,0,mg,0,g,0.5,g,0,g,0,g,0,g,0,g,0,g,,,,
411,jasons deli,jalapenos,0,g,0,mg,90,g,0.5,g,0,g,0,g,0,g,0,g,0,g,,,,
412,jasons deli,cucumber slices,0,g,0,mg,0,g,0.5,g,0,g,0,g,0,g,0,g,1,g,,,,
413,jasons deli,zucchini sticks,0,g,0,mg,0,g,0.5,g,0,g,0,g,0,g,0,g,1,g,,,,
414,jasons deli,broccoli florets,0,g,0,mg,15,g,3,g,1,g,0,g,0,g,2,g,1,g,,,,
415,jasons deli,artichoke hearts,0,g,0,mg,125,g,2,g,0.5,g,0,g,0,g,1,g,0,g,,,,
416,jasons deli,organic spinach,0,g,0,mg,40,g,2,g,0.5,g,0,g,0,g,1,g,0,g,,,,
417,jasons deli,red onion rings,0,g,0,mg,0,g,0.5,g,0.5,g,0,g,0,g,0,g,0,g,,,,
418,jasons deli,sliced mushrooms,0,g,0,mg,0,g,0.5,g,0.5,g,0,g,0,g,0,g,0,g,,,,
419,jasons deli,kalamata olives,0.5,g,0,mg,30,g,0,g,0,g,0,g,0,g,0,g,0,g,,,,
420,jasons deli,organic baby carrots,0,g,0,mg,15,g,2,g,0,g,0,g,0,g,1,g,1,g,,,,
421,jasons deli,stuffed green olives,0.5,g,0,mg,125,g,0,g,0,g,0,g,0,g,0,g,0,g,,,,
422,jasons deli,homemade ranch dressing,3,g,5,mg,35,g,0,g,0,g,0,g,0,g,0,g,0,g,,,,
423,jasons deli,balsamic vinaigrette,2,g,0,mg,90,g,2,g,0,g,0,g,0,g,0,g,2,g,,,,
424,jasons deli,thousand island dressing,6,g,10,mg,10,g,1,g,0,g,0,g,0,g,0,g,2,g,,,,
425,jasons deli,creamy caesar dressing,33,g,15,mg,710,g,5,g,4,g,6,g,0,g,1,g,1,g,,,,
426,jasons deli,the big chef salad with ranch dressing,84,g,355,mg,2300,g,19,g,54,g,20,g,0,g,3,g,6,g,,,,
427,jasons deli,chicken club salad with ranch dressing,91,g,230,mg,1770,g,22,g,52,g,22,g,0,g,8,g,7,g,,,,
428,jasons deli,mesa chicken salad with jalapeno ranch dressing,61,g,165,mg,1570,g,30,g,42,g,12,g,0,g,11,g,9,g,,,,
429,jasons deli,nutty mixed up salad with jalapeno ranch dressing,43,g,125,mg,1640,g,66,g,39,g,8,g,0,g,8,g,50,g,,,,
430,jasons deli,chicken caesar salad with focaccia bread and dressing,68,g,155,mg,2090,g,54,g,49,g,15,g,0,g,6,g,8,g,,,,
431,jasons deli,lighter the big chef salad lighter portion with ranch dressing,42,g,180,mg,1160,g,10,g,28,g,8,g,0,g,1,g,2,g,,,,
432,jasons deli,lighter chicken caesar salad with focaccia bread and dressing,33,g,80,mg,1040,g,26,g,24,g,6,g,0,g,2,g,6,g,,,,
433,jasons deli,southwest chili taco salad,66,g,145,mg,1780,g,104,g,44,g,22,g,0,g,22,g,12,g,,,,
434,jasons deli,lighter mesa chicken salad with jalapeno ranch dressing,31,g,85,mg,830,g,22,g,23,g,5,g,0,g,6,g,5,g,,,,
435,jasons deli,lighter chicken club salad with ranch dressing,47,g,125,mg,940,g,13,g,29,g,10,g,0,g,3,g,3,g,,,,
436,jasons deli,lighter black bean and corn taco salad without dressing,40,g,50,mg,910,g,77,g,19,g,10,g,0,g,14,g,8,g,,,,
437,jasons deli,american potato salad,36,g,130,mg,690,g,39,g,8,g,5,g,0,g,6,g,3,g,,,,
438,jasons deli,lighter southwest chili taco salad,39,g,95,mg,1490,g,76,g,32,g,11,g,0,g,15,g,9,g,,,,
439,jasons deli,lighter nutty mixed up salad with jalapeno ranch dressing,21,g,65,mg,800,g,42,g,20,g,4,g,0,g,3,g,33,g,,,,
440,jasons deli,taco salad with chili,78,g,170,mg,2050,g,96,g,49,g,27,g,0,g,19,g,12,g,,,,
441,jasons deli,lighter taco salad with chili,51,g,120,mg,1760,g,68,g,37,g,16,g,0,g,12,g,9,g,,,,
442,jasons deli,chicken salad with almonds and pineapple,12,g,25,mg,280,g,7,g,7,g,2,g,0,g,1,g,5,g,,,,
443,jasons deli,homemade tuna salad with eggs,13,g,60,mg,270,g,1,g,17,g,2,g,0,g,0,g,0,g,,,,
444,jasons deli,sourdough bread,0,g,0,mg,620,g,42,g,6,g,0,g,0,g,0,g,0,g,,,,
445,jasons deli,multigrain wheat bread,3,g,0,mg,360,g,38,g,10,g,0,g,0,g,11,g,6,g,,,,
446,jasons deli,organic wheat wrap,4,g,0,mg,330,g,34,g,6,g,1,g,0,g,5,g,0,g,,,,
447,jasons deli,avocado sliced,10,g,0,mg,0,g,6,g,1,g,2,g,0,g,4,g,0,g,,,,
448,jasons deli,organic ancient grain bun,1,g,0,mg,170,g,41,g,10,g,0,g,0,g,7,g,8,g,,,,
449,jasons deli,hot pastrami,27,g,70,mg,380,g,0,g,21,g,12,g,0,g,0,g,0,g,,,,
450,jasons deli,natural grilled chicken breast,2,g,55,mg,300,g,1,g,14,g,0,g,0,g,0,g,1,g,,,,
451,jasons deli,all butter croissant,9,g,20,mg,300,g,40,g,6,g,5,g,0,g,1,g,5,g,,,,
452,jasons deli,roasted turkey breast,1,g,40,mg,600,g,2,g,15,g,0,g,0,g,0,g,1,g,,,,
453,jasons deli,focaccia bread,2,g,0,mg,420,g,41,g,7,g,0,g,0,g,2,g,1,g,,,,
454,jasons deli,hot corned beef,14,g,75,mg,1300,g,0,g,57,g,5,g,0,g,0,g,0,g,,,,
455,jasons deli,pesto aioli,8,g,0,mg,60,g,0,g,0,g,0,g,0,g,0,g,0,g,,,,
456,jasons deli,roma tomatoes,0,g,0,mg,0,g,2,g,0.5,g,0,g,0,g,1,g,0,g,,,,
457,jasons deli,rye bread,3,g,0,mg,570,g,47,g,8,g,0,g,0,g,4,g,1,g,,,,
458,jasons deli,roast beef,4,g,45,mg,350,g,0,g,15,g,2,g,0,g,0,g,0,g,,,,
459,jasons deli,country white bread,3,g,0,mg,470,g,46,g,7,g,26,g,0,g,1,g,6,g,,,,
460,jasons deli,home made chicken salad with almonds and pineapple,0.1,g,0.0001,mg,3,g,0.0001,g,0.0001,g,0.0001,g,0,g,0.0001,g,0.0001,g,,,,
461,jasons deli,smoked turkey breast,1,g,40,mg,580,g,3,g,15,g,0,g,0,g,0,g,1,g,,,,
462,jasons deli,new orleans french bread,2,g,0,mg,500,g,43,g,8,g,0,g,0,g,2,g,2,g,,,,
463,jasons deli,feta cheese,5,g,20,mg,260,g,2,g,3,g,3.5,g,0,g,0.5,g,0.5,g,,,,
464,jasons deli,gluten free whole grain bread,3,g,0,mg,250,g,33,g,0.5,g,0,g,0,g,2,g,4,g,,,,
465,jasons deli,onion bun,2,g,0,mg,340,g,43,g,7,g,1,g,0,g,2,g,8,g,,,,
466,jasons deli,homemade guacamole,2,g,0,mg,20,g,2,g,0,g,0,g,0,g,0,g,0,g,,,,
467,jasons deli,mayonnaise,12,g,10,mg,80,g,0,g,0,g,2,g,0,g,0,g,0,g,,,,
468,jasons deli,yellow deli mustard,0,g,0,mg,160,g,0,g,0,g,0,g,0,g,0,g,0,g,,,,
469,jasons deli,fresh cracked egg,5,g,185,mg,60,g,1,g,6,g,1,g,0,g,0,g,1,g,,,,
470,jasons deli,marinated wild salmon,11,g,70,mg,230,g,0.5,g,25,g,1,g,0,g,0,g,1,g,,,,
471,jasons deli,roasted red pepper hummus,2,g,0,mg,120,g,4,g,1,g,0,g,0,g,2,g,0,g,,,,
472,jasons deli,provolone cheese,11,g,35,mg,220,g,0.5,g,12,g,7,g,0,g,0,g,0,g,,,,
473,jasons deli,american cheese,11,g,35,mg,540,g,2,g,7,g,7,g,0,g,0,g,2,g,,,,
474,jasons deli,nitrite free ham,3,g,30,mg,490,g,2,g,13,g,0,g,0,g,0,g,1,g,,,,
475,jasons deli,chipotle aioli,14,g,10,mg,150,g,0,g,0,g,2,g,0,g,0,g,0,g,,,,
476,jasons deli,bacon,2,g,5,mg,60,g,0,g,2,g,0,g,0,g,0,g,0,g,,,,
477,jasons deli,hard salami,3,g,20,mg,140,g,0,g,2,g,1,g,0,g,0,g,0,g,,,,
478,jasons deli,cheddar cheese,15,g,45,mg,290,g,0.5,g,10,g,8,g,0,g,0,g,0,g,,,,
479,jasons deli,asiago cheese,11,g,35,mg,270,g,3,g,10,g,7,g,0,g,0,g,0,g,,,,
480,jasons deli,italian peppers,0,g,0,mg,440,g,1,g,0,g,0,g,0,g,0,g,1,g,,,,
481,jasons deli,stone ground mustard,0,g,0,mg,10,g,0,g,0,g,0,g,0,g,0,g,0,g,,,,
482,jasons deli,sliced tomato,0,g,0,mg,0,g,0,g,0,g,0,g,0,g,0,g,0,g,,,,
483,jasons deli,cucumber slice,0,g,0,mg,0,g,1,g,0,g,0,g,0,g,0,g,0.5,g,,,,
484,jasons deli,leafy lettuce,0,g,0,mg,0,g,0,g,0,g,0,g,0,g,0,g,0,g,,,,
485,jasons deli,swiss cheese,12,g,35,mg,170,g,0,g,12,g,8,g,0,g,0,g,0,g,,,,
486,jasons deli,jalapeno pepper jack cheese,12,g,35,mg,300,g,0.5,g,11,g,7,g,0,g,0,g,0,g,,,,
487,jasons deli,muenster cheese,15,g,40,mg,230,g,0,g,9,g,8,g,0,g,0,g,0,g,,,,
488,jasons deli,roasted herb tomatoes,2,g,0,mg,90,g,2,g,0,g,0,g,0,g,1,g,1,g,,,,
489,jasons deli,organic spinach,0,g,0,mg,20,g,0.5,g,0.5,g,0,g,0,g,0.5,g,0,g,,,,
490,jasons deli,organic field greens,0,g,0,mg,0,g,0,g,0,g,0,g,0,g,0,g,0,g,,,,
491,jasons deli,pico de gallo,0,g,0,mg,30,g,3,g,0,g,0,g,0,g,1,g,2,g,,,,
492,jasons deli,california club sandwich,39,g,115,mg,1290,g,46,g,36,g,16,g,0,g,2,g,6,g,,,,
493,jasons deli,reuben the great sandwich on rye bread,35,g,115,mg,3000,g,55,g,78,g,14,g,0,g,7,g,4,g,,,,
494,jasons deli,club royale sandwich,32,g,140,mg,1810,g,51,g,48,g,14,g,0,g,1,g,10,g,,,,
495,jasons deli,beefeater sandwich,37,g,180,mg,3790,g,49,g,69,g,16,g,0,g,2,g,4,g,,,,
496,jasons deli,amys turkey o sandwich,14,g,60,mg,1390,g,51,g,29,g,5,g,0,g,5,g,9,g,,,,
497,jasons deli,chicken panini on sourdough,43,g,150,mg,1590,g,47,g,49,g,11,g,0,g,2,g,3,g,,,,
498,jasons deli,santa fe chicken sandwich,30,g,155,mg,1350,g,43,g,53,g,11,g,0,g,12,g,11,g,,,,
499,jasons deli,wild salmon wich sandwich,31,g,85,mg,840,g,47,g,34,g,3,g,0,g,5,g,2,g,,,,
500,jasons deli,the carmela sandwich,36,g,115,mg,2950,g,48,g,40,g,8,g,0,g,1,g,4,g,,,,
501,jasons deli,bigger better blt sandwich,36,g,225,mg,870,g,46,g,27,g,8,g,0,g,14,g,8,g,,,,
502,jasons deli,deli club sandwich,36,g,130,mg,2070,g,64,g,57,g,11,g,0,g,16,g,12,g,,,,
503,jasons deli,roasted turkey breast muffaletta,94,g,225,mg,8510,g,167,g,110,g,22,g,0,g,11,g,9,g,,,,
504,jasons deli,the papa joe sandwich,28,g,70,mg,1470,g,49,g,30,g,5,g,0,g,4,g,4,g,,,,
505,jasons deli,zucchini grillini sandwich,34,g,20,mg,720,g,49,g,20,g,6,g,0,g,14,g,9,g,,,,
506,jasons deli,new york yankee sandwich,56,g,180,mg,2420,g,47,g,98,g,25,g,0,g,4,g,1,g,,,,
507,jasons deli,grilled cheese sandwich and tomato soup combo,67,g,180,mg,2190,g,69,g,34,g,38,g,0,g,15,g,22,g,,,,
508,jasons deli,smokey jack panini on sourdough,39,g,125,mg,2300,g,55,g,51,g,10,g,0,g,2,g,4,g,,,,
509,jasons deli,the big es deli burger,33,g,130,mg,1710,g,50,g,44,g,14,g,0,g,2,g,14,g,,,,
510,jasons deli,italian cruz poboy sandwich,23,g,75,mg,2590,g,54,g,35,g,9,g,0,g,3,g,6,g,,,,
511,jasons deli,the rachel sandwich on rye bread,62,g,160,mg,2300,g,61,g,57,g,22,g,0,g,7,g,12,g,,,,
512,jasons deli,meataballa sandwich,66,g,240,mg,2290,g,65,g,58,g,27,g,0,g,3,g,5,g,,,,
513,jasons deli,steak poboy on new orleans french bread with spicy relish,31,g,115,mg,1820,g,49,g,45,g,11,g,0,g,4,g,4,g,,,,
514,jasons deli,lighter reuben the great sandwich on rye bread,22,g,60,mg,1820,g,52,g,44,g,7,g,0,g,6,g,4,g,,,,
515,jasons deli,shelleys deli chick sandwich,34,g,75,mg,850,g,55,g,20,g,8,g,0,g,3,g,16,g,,,,
516,jasons deli,chick in bun sandwich,34,g,130,mg,1090,g,43,g,38,g,5,g,0,g,7,g,11,g,,,,
517,jasons deli,deli cowboy sandwich,61,g,165,mg,2470,g,70,g,48,g,25,g,0,g,3,g,21,g,,,,
518,jasons deli,lighter beefeater sandwich,31,g,115,mg,3250,g,49,g,46,g,12,g,0,g,2,g,4,g,,,,
519,jasons deli,ham and salami muffaletta,109,g,215,mg,8490,g,167,g,106,g,25,g,0,g,11,g,9,g,,,,
520,jasons deli,lighter new york yankee sandwich,30,g,90,mg,1500,g,47,g,53,g,12,g,0,g,4,g,1,g,,,,
521,jasons deli,lighter pot roast melt sandwich,31,g,140,mg,1180,g,45,g,51,g,11,g,0,g,2,g,2,g,,,,
522,jasons deli,pot roast melt sandwich,36,g,230,mg,1480,g,46,g,81,g,13,g,0,g,2,g,2,g,,,,
523,jasons deli,lighter deli cowboy sandwich,36,g,100,mg,1770,g,70,g,32,g,15,g,0,g,3,g,21,g,,,,
524,jerrys subs and pizzas,regular traditional roll,3.5,g,0,mg,760,g,68,g,13,g,0.5,g,0,g,5,g,6,g,,,,
525,jerrys subs and pizzas,regular wheat roll,5,g,0,mg,590,g,65,g,15,g,1,g,0,g,6,g,3,g,,,,
526,jerrys subs and pizzas,hamburger roll,1.2,g,0,mg,288,g,34,g,6.5,g,0,g,0,g,1.6,g,1,g,,,,
527,jerrys subs and pizzas,fat free mayo,0,g,0,mg,130,g,1,g,0,g,0,g,0,g,0,g,0,g,,,,
528,jerrys subs and pizzas,jerrys oil and spice,7,g,0,mg,8,g,0,g,0,g,1,g,0,g,0,g,0,g,,,,
529,jerrys subs and pizzas,jerrys mayo,6,g,6,mg,45,g,0.3,g,0.1,g,0.8,g,0,g,0,g,0,g,,,,
530,jerrys subs and pizzas,ketchup,0,g,0,mg,194,g,4,g,0,g,0,g,0,g,0,g,4,g,,,,
531,jerrys subs and pizzas,mustard,0,g,0,mg,100,g,0,g,0,g,0,g,0,g,0,g,0,g,,,,
532,jerrys subs and pizzas,12 medium kitchen sink pizza,33,g,79,mg,1872,g,75.8,g,31,g,11.5,g,0,g,10.5,g,2.3,g,,,,
533,jerrys subs and pizzas,8 small meat supreme specialty and xtreme pizza,10,g,26,mg,586,g,24.4,g,10.2,g,0,g,0,g,3,g,0.8,g,,,,
534,jerrys subs and pizzas,8 small classic white specialty and xtreme pizza,5.6,g,15,mg,255,g,19.3,g,7.5,g,2.3,g,0,g,3,g,0.3,g,,,,
535,jerrys subs and pizzas,15 large kitchen sink specialty and xtreme pizza,44,g,105,mg,2496,g,101,g,41.5,g,15.4,g,0,g,14,g,3,g,,,,
536,jerrys subs and pizzas,8 small kitchen sink specialty and xtreme pizza,11,g,26,mg,624,g,25,g,10.4,g,3.9,g,0,g,3.5,g,0.8,g,,,,
537,jerrys subs and pizzas,15 large meat supreme specialty and xtreme pizza,40.5,g,105,mg,2344,g,97.5,g,41,g,14.6,g,0,g,12,g,3.2,g,,,,
538,jerrys subs and pizzas,12 medium meat supreme pizza,31,g,79,mg,1758,g,73,g,2.5,g,12,g,0,g,9,g,2.4,g,,,,
539,jerrys subs and pizzas,ranch dressing,24,g,8,mg,450,g,3,g,0,g,3.8,g,0,g,0,g,3,g,,,,
540,jerrys subs and pizzas,lite italian dressing,5,g,0,mg,700,g,4,g,0,g,0.5,g,0,g,0,g,4,g,,,,
541,jerrys subs and pizzas,bleu cheese dressing,21,g,22,mg,234,g,1.5,g,3,g,4.5,g,0,g,0,g,0,g,,,,
542,jerrys subs and pizzas,fat free ranch dressing,0,g,0,mg,550,g,11,g,0,g,0,g,0,g,1,g,4,g,,,,
543,jerrys subs and pizzas,honey mustard dressing,21,g,3,mg,345,g,7.5,g,0,g,3,g,0,g,0,g,6,g,,,,
544,jerrys subs and pizzas,alpine lace swiss cheese add on,2.3,g,8,mg,23,g,0,g,3,g,1.5,g,0,g,0,g,0,g,,,,
545,jerrys subs and pizzas,onion straws add on,6,g,0,mg,567,g,27.8,g,1.8,g,0.8,g,0,g,3.9,g,3,g,,,,
546,jerrys subs and pizzas,american cheese add on,3,g,9,mg,166,g,0.4,g,2,g,1.9,g,0,g,0,g,0,g,,,,
547,jerrys subs and pizzas,provolone cheese add on,2.6,g,8,mg,75,g,0.4,g,2.6,g,1.5,g,0,g,0,g,0,g,,,,
548,jerrys subs and pizzas,mushrooms add on,0,g,0,mg,28,g,0.3,g,0.3,g,0,g,0,g,0.3,g,0,g,,,,
549,jerrys subs and pizzas,fried jalapenos add on,3,g,0,mg,214,g,8,g,0.7,g,0.5,g,0,g,1.3,g,0.7,g,,,,
550,jerrys subs and pizzas,green peppers add on,0,g,0,mg,0.0001,g,0.4,g,0,g,0,g,0,g,0.2,g,0,g,,,,
551,jerrys subs and pizzas,chicken philly cheesesteak sub without mayo,26.8,g,103,mg,1984,g,73.9,g,46.6,g,10.3,g,0,g,5.8,g,6,g,,,,
552,jerrys subs and pizzas,no oil italian cold cut sub without mayo,22,g,57,mg,1197,g,35.6,g,19.6,g,8.8,g,0,g,2.9,g,3,g,,,,
553,jerrys subs and pizzas,the beast sub without mayo,62.3,g,352,mg,3194,g,82.8,g,108,g,25.3,g,0,g,7.3,g,9,g,,,,
554,jerrys subs and pizzas,veggie melt sub without mayo,7.4,g,17,mg,678,g,37.3,g,11.9,g,3.6,g,0,g,3.7,g,3,g,,,,
555,jerrys subs and pizzas,philly cheesesteak sub without mayo,11.9,g,57,mg,872,g,36,g,24.3,g,5.6,g,0,g,2.9,g,3,g,,,,
556,jerrys subs and pizzas,t n t cheesesteak sub without mayo,17,g,58,mg,1178,g,44.1,g,24.3,g,6.5,g,0,g,4.2,g,3.7,g,,,,
557,jerrys subs and pizzas,phillips crabcake sub without mayo,10,g,75,mg,859,g,41,g,14,g,1.5,g,0,g,2.9,g,4,g,,,,
558,jerrys subs and pizzas,meatball and cheese sub without mayo,20.7,g,57,mg,1180,g,41.2,g,23.1,g,7.7,g,0,g,5.6,g,5.8,g,,,,
559,jerrys subs and pizzas,little cheeseburger,28.2,g,82,mg,911,g,35.7,g,23.2,g,11.5,g,0,g,2,g,1.1,g,,,,
560,jerrys subs and pizzas,fat daddy cheesesteak sub without mayo,64,g,274,mg,3510,g,75.3,g,99.8,g,30,g,0,g,6.2,g,6,g,,,,
561,jerrys subs and pizzas,so street cheesesteak sub without mayo,11.9,g,57,mg,935,g,36.4,g,24.3,g,5.6,g,0,g,2.9,g,3,g,,,,
562,jerrys subs and pizzas,cheeseburger,55.2,g,164,mg,1471,g,36.2,g,39.2,g,23,g,0,g,2,g,1.1,g,,,,
563,jerrys subs and pizzas,big bubba cheesesteak sub without mayo,46.1,g,206,mg,2691,g,107.3,g,79.7,g,21,g,0,g,9.8,g,9,g,,,,
564,jerrys subs and pizzas,tuna sub without mayo,11.8,g,53,mg,812,g,35.6,g,25.7,g,1.4,g,0,g,2.9,g,3,g,,,,
565,jerrys subs and pizzas,big w cheesesteak sub without mayo,17.3,g,70,mg,1158,g,36,g,26.8,g,8,g,0,g,2.9,g,3,g,,,,
566,jerrys subs and pizzas,ham and cheese sub without mayo,17.5,g,96,mg,2384,g,72,g,40.4,g,6.5,g,0,g,5.8,g,6,g,,,,
567,jerrys subs and pizzas,hot shot cheesesteak sub without mayo,11.5,g,55,mg,952,g,36.2,g,25,g,5.3,g,0,g,2.9,g,3.5,g,,,,
568,jerrys subs and pizzas,pepperoni cheesesteak sub without mayo,14.5,g,63,mg,922,g,36,g,27,g,6.8,g,0,g,2.9,g,3,g,,,,
569,jerrys subs and pizzas,crispy chicken sub without mayo,8.8,g,17,mg,1098,g,50,g,18.3,g,1.4,g,0,g,4.4,g,5.1,g,,,,
570,jerrys subs and pizzas,ultimate cheesesteak sub without mayo,18,g,73,mg,1079,g,36,g,29.8,g,8.4,g,0,g,2.9,g,3,g,,,,
571,jerrys subs and pizzas,grilled chicken sub without mayo,4,g,41,mg,863,g,37.9,g,20.5,g,1.1,g,0,g,2.9,g,3.8,g,,,,
572,jerrys subs and pizzas,bacon cheeseburger,65.2,g,188,mg,1865,g,36.2,g,47.7,g,27,g,0,g,2,g,1.1,g,,,,
573,jerrys subs and pizzas,all american cheesesteak sub without mayo,12.3,g,58,mg,962,g,36,g,23.6,g,6,g,0,g,2.9,g,3,g,,,,
574,jerrys subs and pizzas,super cheesesteak sub without mayo,11.9,g,57,mg,900,g,36.6,g,24.6,g,5.6,g,0,g,3.3,g,3,g,,,,
575,jerrys subs and pizzas,original cheesesteak sub without mayo,11.5,g,55,mg,782,g,36,g,25,g,5.3,g,0,g,2.9,g,3,g,,,,
576,jerrys subs and pizzas,southwest sauce,19.5,g,11,mg,394,g,3,g,1.5,g,3,g,0,g,0,g,1.5,g,,,,
577,jerrys subs and pizzas,buffalo sandwich sauce,0,g,0,mg,340,g,0.5,g,0,g,0,g,0,g,0,g,1,g,,,,
578,jerrys subs and pizzas,onion straws,10,g,0,mg,946,g,46,g,3,g,1.5,g,0,g,6.5,g,5,g,,,,
579,jerrys subs and pizzas,buffalo wings,11,g,90,mg,690,g,1,g,14,g,1.5,g,0,g,1,g,7,g,,,,
580,jerrys subs and pizzas,chicken nuggets,5.7,g,13,mg,200,g,5.3,g,4.7,g,1,g,0,g,0,g,0.3,g,,,,
581,jerrys subs and pizzas,fried jalapenos,18,g,0,mg,1280,g,48,g,4,g,3,g,0,g,8,g,4,g,,,,
582,jerrys subs and pizzas,chocolate chip cookie,7,g,10,mg,120,g,24,g,2,g,4,g,0,g,1,g,15,g,,,,
583,jerrys subs and pizzas,fries,19,g,0,mg,525,g,35,g,3.5,g,4.5,g,0,g,3.5,g,0.7,g,,,,
584,jerrys subs and pizzas,mozzarella sticks,4,g,10,mg,330,g,9,g,5,g,2.5,g,0,g,0.5,g,1,g,,,,
585,jerrys subs and pizzas,garlic cheese bread,11,g,16,mg,390,g,27,g,8,g,3,g,0,g,1.5,g,2,g,,,,
586,jerrys subs and pizzas,all american cheesesteak large,37,g,175,mg,2890,g,108,g,71,g,18,g,0,g,9,g,9,g,,,,
587,jerrys subs and pizzas,all american cheesesteak regular,25,g,115,mg,1920,g,72,g,47,g,12,g,0,g,6,g,6,g,,,,
588,jerrys subs and pizzas,all american cheesesteak small,12,g,60,mg,960,g,36,g,24,g,6,g,0,g,3,g,3,g,,,,
589,jerrys subs and pizzas,american cheese large sub portion,9,g,25,mg,500,g,1,g,6,g,6,g,0,g,0,g,0,g,,,,
590,jerrys subs and pizzas,american cheese regular sub portion,6,g,20,mg,330,g,1,g,4,g,4,g,0,g,0,g,0,g,,,,
591,jerrys subs and pizzas,american cheese small sub portion,3,g,10,mg,170,g,0,g,2,g,2,g,0,g,0,g,0,g,,,,
592,jerrys subs and pizzas,anchovy topping 1 4 large,2,g,10,mg,700,g,0,g,2,g,0,g,0,g,0,g,0,g,,,,
593,jerrys subs and pizzas,anchovy topping 1 4 medium,2,g,10,mg,530,g,0,g,2,g,0,g,0,g,0,g,0,g,,,,
594,jerrys subs and pizzas,anchovy topping 1 4 small,1,g,5,mg,180,g,0,g,1,g,0,g,0,g,0,g,0,g,,,,
595,jerrys subs and pizzas,anchovy topping large,8,g,45,mg,2800,g,0,g,8,g,0,g,0,g,0,g,0,g,,,,
596,jerrys subs and pizzas,anchovy topping medium,6,g,35,mg,2100,g,0,g,6,g,0,g,0,g,0,g,0,g,,,,
597,jerrys subs and pizzas,anchovy topping small,2,g,10,mg,700,g,0,g,2,g,0,g,0,g,0,g,0,g,,,,
598,jerrys subs and pizzas,antipasto salad,31,g,100,mg,1510,g,3,g,20,g,13,g,0,g,2,g,0,g,,,,
599,jerrys subs and pizzas,bacon cheeseburger,65,g,190,mg,1870,g,36,g,48,g,27,g,0,g,2,g,1,g,,,,
600,jerrys subs and pizzas,bacon topping 1 4 large,9,g,30,mg,420,g,2,g,7,g,4,g,0,g,0,g,1,g,,,,
601,jerrys subs and pizzas,bacon topping 1 4 medium,7,g,20,mg,320,g,2,g,6,g,3,g,0,g,0,g,1,g,,,,
602,jerrys subs and pizzas,bacon topping 1 4 small,2,g,5,mg,105,g,1,g,2,g,1,g,0,g,0,g,0,g,,,,
603,jerrys subs and pizzas,bacon topping large,36,g,110,mg,1680,g,8,g,28,g,14,g,0,g,0,g,4,g,,,,
604,jerrys subs and pizzas,bacon topping medium,27,g,85,mg,1260,g,6,g,21,g,11,g,0,g,0,g,3,g,,,,
605,jerrys subs and pizzas,bacon topping small,9,g,30,mg,420,g,2,g,7,g,4,g,0,g,0,g,1,g,,,,
606,jerrys subs and pizzas,bacon large sub portion,15,g,35,mg,590,g,0,g,12,g,6,g,0,g,0,g,0,g,,,,
607,jerrys subs and pizzas,bacon regular sub portion,10,g,25,mg,390,g,0,g,8,g,4,g,0,g,0,g,0,g,,,,
608,jerrys subs and pizzas,bacon small sub portion,5,g,10,mg,200,g,0,g,4,g,2,g,0,g,0,g,0,g,,,,
609,jerrys subs and pizzas,beef topping 1 4 large,3,g,10,mg,210,g,1,g,4,g,1,g,0,g,0,g,0,g,,,,
610,jerrys subs and pizzas,beef topping 1 4 medium,2,g,5,mg,160,g,1,g,3,g,1,g,0,g,0,g,0,g,,,,
611,jerrys subs and pizzas,beef topping 1 4 small,1,g,5,mg,55,g,0,g,1,g,0,g,0,g,0,g,0,g,,,,
612,jerrys subs and pizzas,beef topping large,12,g,30,mg,840,g,3,g,15,g,5,g,0,g,2,g,0,g,,,,
613,jerrys subs and pizzas,beef topping medium,9,g,25,mg,630,g,2,g,12,g,4,g,0,g,1,g,0,g,,,,
614,jerrys subs and pizzas,beef topping small,3,g,10,mg,210,g,1,g,4,g,1,g,0,g,0,g,0,g,,,,
615,jerrys subs and pizzas,big w cheesesteak large,52,g,210,mg,3470,g,108,g,80,g,24,g,0,g,9,g,9,g,,,,
616,jerrys subs and pizzas,big w cheesesteak regular,35,g,140,mg,2320,g,72,g,54,g,16,g,0,g,6,g,6,g,,,,
617,jerrys subs and pizzas,big w cheesesteak small,17,g,70,mg,1160,g,36,g,27,g,8,g,0,g,3,g,3,g,,,,
618,jerrys subs and pizzas,big bubba cheesesteak large,46,g,205,mg,2690,g,107,g,80,g,21,g,0,g,10,g,9,g,,,,
619,jerrys subs and pizzas,big bubba cheesesteak regular,31,g,135,mg,1790,g,72,g,53,g,14,g,0,g,7,g,6,g,,,,
620,jerrys subs and pizzas,big bubba cheesesteak small,15,g,70,mg,900,g,36,g,27,g,7,g,0,g,3,g,3,g,,,,
621,jerrys subs and pizzas,black olive topping 1 4 large,4,g,0,mg,160,g,1,g,0,g,1,g,0,g,1,g,0,g,,,,
622,jerrys subs and pizzas,black olive topping 1 4 medium,0,g,0,mg,0,g,0,g,0,g,0,g,0,g,0,g,0,g,,,,
623,jerrys subs and pizzas,black olive topping 1 4 small,0,g,0,mg,0,g,0,g,0,g,0,g,0,g,0,g,0,g,,,,
624,jerrys subs and pizzas,black olive topping large,15,g,0,mg,620,g,3,g,1,g,3,g,0,g,3,g,0,g,,,,
625,jerrys subs and pizzas,black olive topping medium,0,g,0,mg,0,g,0,g,0,g,0,g,0,g,0,g,0,g,,,,
626,jerrys subs and pizzas,black olive topping small,4,g,0,mg,160,g,1,g,0,g,1,g,0,g,1,g,0,g,,,,
627,jerrys subs and pizzas,bleu cheese dressing,21,g,20,mg,230,g,2,g,3,g,5,g,0,g,0,g,0,g,,,,
628,jerrys subs and pizzas,boneless wings 2 pcs,12,g,85,mg,460,g,3,g,14,g,4,g,0,g,0,g,0,g,,,,
629,jerrys subs and pizzas,boneless wings 6 pcs,36,g,255,mg,1340,g,9,g,42,g,11,g,0,g,0,g,0,g,,,,
630,jerrys subs and pizzas,bottled water,0,g,0,mg,10,g,0,g,0,g,0,g,0,g,0,g,0,g,,,,
631,jerrys subs and pizzas,brownie,19,g,25,mg,210,g,50,g,4,g,10,g,0,g,7,g,25,g,,,,
632,jerrys subs and pizzas,buffalo sandwich sauce,0,g,0,mg,340,g,1,g,0,g,0,g,0,g,0,g,1,g,,,,
633,jerrys subs and pizzas,buffalo wings 2 pieces,11,g,80,mg,420,g,1,g,16,g,3,g,0,g,0,g,0,g,,,,
634,jerrys subs and pizzas,buffalo wings 6 pcs,33,g,240,mg,1260,g,3,g,48,g,9,g,0,g,0,g,0,g,,,,
635,jerrys subs and pizzas,chad dukes cheesesteak large,44,g,190,mg,2800,g,108,g,81,g,20,g,0,g,9,g,9,g,,,,
636,jerrys subs and pizzas,chad dukes cheesesteak regular,29,g,125,mg,1860,g,72,g,54,g,14,g,0,g,6,g,6,g,,,,
637,jerrys subs and pizzas,chad dukes cheesesteak small,15,g,65,mg,930,g,36,g,27,g,7,g,0,g,3,g,3,g,,,,
638,jerrys subs and pizzas,cheese pizza 1 4 large,17,g,40,mg,1000,g,95,g,7,g,6,g,0,g,4,g,1,g,,,,
639,jerrys subs and pizzas,cheese pizza 1 4 medium,12,g,25,mg,720,g,71,g,9,g,4,g,0,g,9,g,1,g,,,,
640,jerrys subs and pizzas,cheese pizza 1 4 small,4,g,10,mg,260,g,19,g,7,g,2,g,0,g,3,g,1,g,,,,
641,jerrys subs and pizzas,cheese pizza large,67,g,150,mg,4010,g,379,g,88,g,23,g,0,g,46,g,8,g,,,,
642,jerrys subs and pizzas,cheese pizza medium,46,g,100,mg,2870,g,282,g,68,g,15,g,0,g,36,g,6,g,,,,
643,jerrys subs and pizzas,cheese pizza small,15,g,40,mg,1020,g,77,g,26,g,6,g,0,g,12,g,4,g,,,,
644,jerrys subs and pizzas,cheese pizza 1 6 large,11,g,25,mg,670,g,64,g,15,g,4,g,0,g,8,g,2,g,,,,
645,jerrys subs and pizzas,cheese wiz philly large,38,g,180,mg,2910,g,95,g,75,g,18,g,0,g,9,g,12,g,,,,
646,jerrys subs and pizzas,cheese wiz philly regular,27,g,130,mg,2040,g,63,g,55,g,13,g,0,g,6,g,8,g,,,,
647,jerrys subs and pizzas,cheese wiz philly small,14,g,65,mg,1020,g,32,g,28,g,6,g,0,g,3,g,4,g,,,,
648,jerrys subs and pizzas,cheese wiz large sub portion,15,g,10,mg,770,g,9,g,3,g,4,g,0,g,0,g,3,g,,,,
649,jerrys subs and pizzas,cheese wiz regular sub portion,10,g,5,mg,510,g,6,g,2,g,3,g,0,g,0,g,2,g,,,,
650,jerrys subs and pizzas,cheese wiz small sub portion,5,g,5,mg,260,g,3,g,1,g,1,g,0,g,0,g,1,g,,,,
651,jerrys subs and pizzas,cheeseburger,55,g,165,mg,1470,g,36,g,39,g,23,g,0,g,2,g,1,g,,,,
652,jerrys subs and pizzas,cheeseburger sub large,83,g,255,mg,2310,g,54,g,57,g,35,g,0,g,3,g,2,g,,,,
653,jerrys subs and pizzas,cheeseburger sub regular,55,g,165,mg,1470,g,36,g,39,g,23,g,0,g,2,g,1,g,,,,
654,jerrys subs and pizzas,cheeseburger sub small,28,g,80,mg,740,g,18,g,18,g,12,g,0,g,1,g,1,g,,,,
655,jerrys subs and pizzas,chicken nuggets,17,g,40,mg,600,g,16,g,14,g,3,g,0,g,0,g,1,g,,,,
656,jerrys subs and pizzas,chicken nuggets 2 pieces,6,g,15,mg,200,g,5,g,5,g,1,g,0,g,0,g,0,g,,,,
657,jerrys subs and pizzas,chicken philly cheesesteak large,40,g,155,mg,2980,g,111,g,70,g,15,g,0,g,9,g,9,g,,,,
658,jerrys subs and pizzas,chicken philly cheesesteak regular,27,g,105,mg,1980,g,74,g,47,g,10,g,0,g,6,g,6,g,,,,
659,jerrys subs and pizzas,chicken philly cheesesteak small,13,g,50,mg,990,g,37,g,23,g,5,g,0,g,3,g,3,g,,,,
660,jerrys subs and pizzas,chicken tenders 2 pieces,12,g,35,mg,580,g,13,g,15,g,2,g,0,g,0,g,1,g,,,,
661,jerrys subs and pizzas,chips lays baked,2,g,0,mg,200,g,25,g,3,g,0,g,0,g,2,g,3,g,,,,
662,jerrys subs and pizzas,chips lays bbq,15,g,0,mg,300,g,22,g,3,g,2,g,0,g,2,g,3,g,,,,
663,jerrys subs and pizzas,chips lays plain,15,g,0,mg,270,g,22,g,3,g,2,g,0,g,2,g,0,g,,,,
664,jerrys subs and pizzas,chocolate chip cookie,7,g,10,mg,120,g,24,g,2,g,4,g,0,g,1,g,15,g,,,,
665,jerrys subs and pizzas,chocolate shake,28,g,70,mg,330,g,134,g,18,g,11,g,0,g,1,g,111,g,,,,
666,jerrys subs and pizzas,classic white pizza 1 4 large,24,g,60,mg,1000,g,95,g,26,g,9,g,0,g,11,g,1,g,,,,
667,jerrys subs and pizzas,classic white pizza 1 4 medium,17,g,40,mg,720,g,71,g,18,g,6,g,0,g,9,g,1,g,,,,
668,jerrys subs and pizzas,classic white pizza 1 4 small,6,g,15,mg,260,g,19,g,8,g,2,g,0,g,3,g,0,g,,,,
669,jerrys subs and pizzas,classic white pizza large,94,g,235,mg,4000,g,380,g,104,g,34,g,0,g,45,g,3,g,,,,
670,jerrys subs and pizzas,classic white pizza medium,66,g,160,mg,2870,g,282,g,70,g,24,g,0,g,35,g,2,g,,,,
671,jerrys subs and pizzas,classic white pizza small,23,g,60,mg,1020,g,77,g,30,g,9,g,0,g,12,g,1,g,,,,
672,jerrys subs and pizzas,coca cola 20 oz bottle,0,g,0,mg,75,g,65,g,0,g,0,g,0,g,0,g,65,g,,,,
673,jerrys subs and pizzas,coke classic large,0,g,0,mg,5,g,71,g,0,g,0,g,0,g,0,g,71,g,,,,
674,jerrys subs and pizzas,coke classic regular,0,g,0,mg,0,g,47,g,0,g,0,g,0,g,0,g,47,g,,,,
675,jerrys subs and pizzas,coke classic super,0,g,0,mg,10,g,98,g,0,g,0,g,0,g,0,g,98,g,,,,
676,jerrys subs and pizzas,coke zero large,0,g,0,mg,10,g,0,g,0,g,0,g,0,g,0,g,0,g,,,,
677,jerrys subs and pizzas,coke zero regular,0,g,0,mg,80,g,0,g,0,g,0,g,0,g,0,g,0,g,,,,
678,jerrys subs and pizzas,coke zero super,0,g,0,mg,15,g,0,g,0,g,0,g,0,g,0,g,0,g,,,,
679,jerrys subs and pizzas,crispy chicken salad,14,g,40,mg,1250,g,15,g,17,g,4,g,0,g,2,g,2,g,,,,
680,jerrys subs and pizzas,crispy chicken sub large,25,g,45,mg,2990,g,135,g,52,g,4,g,0,g,12,g,14,g,,,,
681,jerrys subs and pizzas,crispy chicken sub regular,16,g,30,mg,1930,g,88,g,32,g,3,g,0,g,8,g,9,g,,,,
682,jerrys subs and pizzas,crispy chicken sub small,10,g,20,mg,1160,g,47,g,19,g,2,g,0,g,4,g,5,g,,,,
683,jerrys subs and pizzas,diet coke 20 oz bottle,0,g,0,mg,70,g,0,g,0,g,0,g,0,g,0,g,0,g,,,,
684,jerrys subs and pizzas,diet coke large,0,g,0,mg,25,g,0,g,0,g,0,g,0,g,0,g,0,g,,,,
685,jerrys subs and pizzas,diet coke regular,0,g,0,mg,15,g,0,g,0,g,0,g,0,g,0,g,0,g,,,,
686,jerrys subs and pizzas,diet coke super,0,g,0,mg,35,g,0,g,0,g,0,g,0,g,0,g,0,g,,,,
687,jerrys subs and pizzas,double trouble cheesesteak large,41,g,215,mg,3140,g,87,g,84,g,25,g,0,g,9,g,9,g,,,,
688,jerrys subs and pizzas,double trouble cheesesteak regular,29,g,165,mg,2190,g,59,g,60,g,18,g,0,g,6,g,6,g,,,,
689,jerrys subs and pizzas,extra cheese topping 1 4 large,4,g,15,mg,160,g,1,g,3,g,2,g,0,g,0,g,0,g,,,,
690,jerrys subs and pizzas,extra cheese topping 1 4 medium,3,g,10,mg,115,g,1,g,2,g,2,g,0,g,0,g,0,g,,,,
691,jerrys subs and pizzas,extra cheese topping 1 4 small,1,g,5,mg,40,g,0,g,1,g,1,g,0,g,0,g,0,g,,,,
692,jerrys subs and pizzas,extra cheese topping large,14,g,50,mg,620,g,4,g,11,g,9,g,0,g,1,g,1,g,,,,
693,jerrys subs and pizzas,extra cheese topping medium,11,g,40,mg,470,g,3,g,9,g,6,g,0,g,0,g,0,g,,,,
694,jerrys subs and pizzas,extra cheese topping small,4,g,15,mg,160,g,1,g,3,g,2,g,0,g,0,g,0,g,,,,
695,jerrys subs and pizzas,fanta birch beer large,0,g,0,mg,30,g,78,g,0,g,0,g,0,g,0,g,78,g,,,,
696,jerrys subs and pizzas,fanta birch beer regular,0,g,0,mg,20,g,51,g,0,g,0,g,0,g,0,g,51,g,,,,
697,jerrys subs and pizzas,fanta birch beer super,0,g,0,mg,45,g,107,g,0,g,0,g,0,g,0,g,107,g,,,,
698,jerrys subs and pizzas,fanta orange large,0,g,0,mg,35,g,76,g,0,g,0,g,0,g,0,g,76,g,,,,
699,jerrys subs and pizzas,fanta orange regular,0,g,0,mg,10,g,50,g,0,g,0,g,0,g,0,g,50,g,,,,
700,jerrys subs and pizzas,fanta orange super,0,g,0,mg,45,g,104,g,0,g,0,g,0,g,0,g,104,g,,,,
701,jerrys subs and pizzas,fat daddy cheesesteak large,96,g,410,mg,5270,g,113,g,150,g,45,g,0,g,9,g,9,g,,,,
702,jerrys subs and pizzas,fat daddy cheesesteak regular,64,g,275,mg,3510,g,75,g,100,g,30,g,0,g,6,g,6,g,,,,
703,jerrys subs and pizzas,fat free mayo,0,g,0,mg,130,g,1,g,0,g,0,g,0,g,0,g,0,g,,,,
704,jerrys subs and pizzas,fat free ranch dressing,0,g,0,mg,550,g,11,g,0,g,0,g,0,g,1,g,4,g,,,,
705,jerrys subs and pizzas,fried jalapenos,18,g,0,mg,1280,g,48,g,4,g,3,g,0,g,8,g,4,g,,,,
706,jerrys subs and pizzas,fried jalapenos topping 1 4 large,5,g,0,mg,220,g,8,g,1,g,1,g,0,g,1,g,1,g,,,,
707,jerrys subs and pizzas,fried jalapenos topping 1 4 medium,4,g,0,mg,160,g,6,g,1,g,0,g,0,g,1,g,1,g,,,,
708,jerrys subs and pizzas,fried jalapenos topping 1 4 small,1,g,0,mg,55,g,2,g,0,g,0,g,0,g,0,g,0,g,,,,
709,jerrys subs and pizzas,fried jalapenos topping large,20,g,0,mg,860,g,32,g,3,g,2,g,0,g,4,g,3,g,,,,
710,jerrys subs and pizzas,fried jalapenos topping medium,15,g,0,mg,650,g,24,g,2,g,2,g,0,g,3,g,2,g,,,,
711,jerrys subs and pizzas,fried jalapenos topping small,5,g,0,mg,220,g,8,g,1,g,1,g,0,g,1,g,1,g,,,,
712,jerrys subs and pizzas,fried jalapenos large sub portion,9,g,0,mg,640,g,24,g,2,g,2,g,0,g,4,g,2,g,,,,
713,jerrys subs and pizzas,fried jalapenos regular sub portion,6,g,0,mg,430,g,16,g,1,g,1,g,0,g,3,g,1,g,,,,
714,jerrys subs and pizzas,fried jalapenos small sub portion,3,g,0,mg,210,g,8,g,1,g,1,g,0,g,1,g,1,g,,,,
715,jerrys subs and pizzas,garlic cheese bread,11,g,15,mg,390,g,27,g,8,g,3,g,0,g,2,g,2,g,,,,
716,jerrys subs and pizzas,gold peak green tea large,0,g,0,mg,20,g,57,g,0,g,0,g,0,g,0,g,56,g,,,,
717,jerrys subs and pizzas,gold peak green tea regular,0,g,0,mg,10,g,37,g,0,g,0,g,0,g,0,g,37,g,,,,
718,jerrys subs and pizzas,gold peak green tea super,0,g,0,mg,25,g,78,g,0,g,0,g,0,g,0,g,77,g,,,,
719,jerrys subs and pizzas,gold peak sweet tea large,0,g,0,mg,20,g,56,g,0,g,0,g,0,g,0,g,56,g,,,,
720,jerrys subs and pizzas,gold peak sweet tea regular,0,g,0,mg,15,g,36,g,0,g,0,g,0,g,0,g,36,g,,,,
721,jerrys subs and pizzas,gold peak sweet tea super,0,g,0,mg,30,g,76,g,0,g,0,g,0,g,0,g,76,g,,,,
722,jerrys subs and pizzas,gold peak unsweet tea large,0,g,0,mg,20,g,1,g,0,g,0,g,0,g,0,g,1,g,,,,
723,jerrys subs and pizzas,gold peak unsweet tea reg,0,g,0,mg,15,g,0,g,0,g,0,g,0,g,0,g,0,g,,,,
724,jerrys subs and pizzas,gold peak unsweet tea super,0,g,0,mg,30,g,1,g,0,g,0,g,0,g,0,g,1,g,,,,
725,jerrys subs and pizzas,green pepper topping 1 4 large,0,g,0,mg,0,g,1,g,0,g,0,g,0,g,0,g,0,g,,,,
726,jerrys subs and pizzas,green pepper topping 1 4 medium,0,g,0,mg,0,g,1,g,0,g,0,g,0,g,0,g,0,g,,,,
727,jerrys subs and pizzas,green pepper topping 1 4 small,0,g,0,mg,0,g,0,g,0,g,0,g,0,g,0,g,0,g,,,,
728,jerrys subs and pizzas,green pepper topping large,0,g,0,mg,0,g,4,g,0,g,0,g,0,g,1,g,0,g,,,,
729,jerrys subs and pizzas,green pepper topping medium,0,g,0,mg,0,g,3,g,0,g,0,g,0,g,1,g,0,g,,,,
730,jerrys subs and pizzas,green pepper topping small,0,g,0,mg,0,g,1,g,0,g,0,g,0,g,0,g,0,g,,,,
731,jerrys subs and pizzas,green peppers large sub portion,0,g,0,mg,0,g,1,g,0,g,0,g,0,g,0,g,0,g,,,,
732,jerrys subs and pizzas,green peppers regular sub portion,0,g,0,mg,0,g,1,g,0,g,0,g,0,g,0,g,0,g,,,,
733,jerrys subs and pizzas,green peppers small sub portion,0,g,0,mg,0,g,0,g,0,g,0,g,0,g,0,g,0,g,,,,
734,jerrys subs and pizzas,grilled chicken salad,8,g,65,mg,950,g,5,g,16,g,3,g,0,g,2,g,1,g,,,,
735,jerrys subs and pizzas,grilled chicken sub large,12,g,125,mg,2590,g,114,g,61,g,3,g,0,g,9,g,11,g,,,,
736,jerrys subs and pizzas,grilled chicken sub regular,8,g,85,mg,1730,g,76,g,41,g,2,g,0,g,6,g,8,g,,,,
737,jerrys subs and pizzas,grilled chicken sub small,4,g,40,mg,860,g,38,g,20,g,1,g,0,g,3,g,4,g,,,,
738,jerrys subs and pizzas,grilled chicken topping 1 4 large,1,g,10,mg,100,g,1,g,4,g,0,g,0,g,0,g,0,g,,,,
739,jerrys subs and pizzas,grilled chicken topping 1 4 medium,0,g,10,mg,75,g,1,g,3,g,0,g,0,g,0,g,19,g,,,,
740,jerrys subs and pizzas,grilled chicken topping 1 4 small,0,g,5,mg,25,g,0,g,1,g,0,g,0,g,0,g,6,g,,,,
741,jerrys subs and pizzas,grilled chicken topping large,2,g,45,mg,400,g,4,g,16,g,1,g,0,g,0,g,1,g,,,,
742,jerrys subs and pizzas,grilled chicken topping medium,2,g,35,mg,300,g,3,g,12,g,1,g,0,g,0,g,75,g,,,,
743,jerrys subs and pizzas,grilled chicken topping small,1,g,10,mg,100,g,1,g,4,g,0,g,0,g,0,g,25,g,,,,
744,jerrys subs and pizzas,ham and cheese sub large,26,g,145,mg,3580,g,108,g,61,g,10,g,0,g,9,g,9,g,,,,
745,jerrys subs and pizzas,ham and cheese sub regular,18,g,95,mg,2380,g,72,g,40,g,7,g,0,g,6,g,6,g,,,,
746,jerrys subs and pizzas,ham and cheese sub small,9,g,50,mg,1190,g,36,g,20,g,3,g,0,g,3,g,3,g,,,,
747,jerrys subs and pizzas,ham topping 1 4 large,1,g,10,mg,320,g,0,g,4,g,1,g,0,g,0,g,0,g,,,,
748,jerrys subs and pizzas,ham topping 1 4 medium,1,g,10,mg,240,g,0,g,3,g,0,g,0,g,0,g,0,g,,,,
749,jerrys subs and pizzas,ham topping 1 4 small,0,g,5,mg,60,g,0,g,1,g,0,g,0,g,0,g,0,g,,,,
750,jerrys subs and pizzas,ham topping large,4,g,40,mg,1280,g,0,g,14,g,2,g,0,g,0,g,0,g,,,,
751,jerrys subs and pizzas,ham topping medium,3,g,30,mg,960,g,0,g,11,g,2,g,0,g,0,g,0,g,,,,
752,jerrys subs and pizzas,ham topping small,1,g,10,mg,320,g,0,g,4,g,1,g,0,g,0,g,0,g,,,,
753,jerrys subs and pizzas,hamburger roll,1,g,0,mg,290,g,34,g,7,g,0,g,0,g,2,g,1,g,,,,
754,jerrys subs and pizzas,hi c fruit punch large,0,g,0,mg,25,g,74,g,0,g,0,g,0,g,0,g,74,g,,,,
755,jerrys subs and pizzas,hi c fruit punch regular,0,g,0,mg,15,g,49,g,0,g,0,g,0,g,0,g,49,g,,,,
756,jerrys subs and pizzas,hi c fruit punch super,0,g,0,mg,30,g,102,g,0,g,0,g,0,g,0,g,102,g,,,,
757,jerrys subs and pizzas,honey mustard dressing,21,g,5,mg,350,g,8,g,0,g,3,g,0,g,0,g,6,g,,,,
758,jerrys subs and pizzas,hot shot cheesesteak large,35,g,165,mg,2860,g,109,g,75,g,16,g,0,g,9,g,11,g,,,,
759,jerrys subs and pizzas,hot shot cheesesteak regular,23,g,110,mg,1900,g,72,g,50,g,11,g,0,g,6,g,7,g,,,,
760,jerrys subs and pizzas,hot shot cheesesteak small,12,g,55,mg,950,g,36,g,25,g,5,g,0,g,3,g,4,g,,,,
761,jerrys subs and pizzas,house salad,6,g,30,mg,470,g,3,g,4,g,3,g,0,g,2,g,0,g,,,,
762,jerrys subs and pizzas,house salad bacon add on,6,g,20,mg,310,g,2,g,5,g,2,g,0,g,0,g,1,g,,,,
763,jerrys subs and pizzas,house salad cheese add on,3,g,10,mg,115,g,1,g,2,g,2,g,0,g,0,g,0,g,,,,
764,jerrys subs and pizzas,italian cold cut no oil sub large,66,g,170,mg,3590,g,107,g,59,g,26,g,0,g,9,g,9,g,,,,
765,jerrys subs and pizzas,italian cold cut no oil sub regular,44,g,115,mg,2390,g,71,g,39,g,18,g,0,g,6,g,6,g,,,,
766,jerrys subs and pizzas,italian cold cut no oil sub small,22,g,55,mg,1200,g,36,g,20,g,9,g,0,g,3,g,3,g,,,,
767,jerrys subs and pizzas,jerrys mayo large sub portion,18,g,20,mg,135,g,1,g,0,g,2,g,0,g,0,g,0,g,,,,
768,jerrys subs and pizzas,jerrys mayo regular sub portion,12,g,10,mg,90,g,1,g,0,g,2,g,0,g,0,g,0,g,,,,
769,jerrys subs and pizzas,jerrys mayo small sub portion,6,g,5,mg,45,g,0,g,0,g,1,g,0,g,0,g,0,g,,,,
770,jerrys subs and pizzas,jerrys oil and spice large sub portion,21,g,0,mg,25,g,0,g,0,g,3,g,0,g,0,g,0,g,,,,
771,jerrys subs and pizzas,jerrys oil and spice regular sub portion,14,g,0,mg,15,g,0,g,0,g,2,g,0,g,0,g,0,g,,,,
772,jerrys subs and pizzas,jerrys oil and spice small sub portion,7,g,0,mg,10,g,0,g,0,g,1,g,0,g,0,g,0,g,,,,
773,jerrys subs and pizzas,ketchup,0,g,0,mg,190,g,4,g,0,g,0,g,0,g,0,g,4,g,,,,
774,jerrys subs and pizzas,kitchen sink pizza 1 4 large,44,g,105,mg,2500,g,101,g,42,g,15,g,0,g,14,g,3,g,,,,
775,jerrys subs and pizzas,kitchen sink pizza 1 4 medium,33,g,80,mg,1870,g,76,g,31,g,12,g,0,g,11,g,2,g,,,,
776,jerrys subs and pizzas,kitchen sink pizza 1 4 small,11,g,25,mg,620,g,25,g,10,g,4,g,0,g,4,g,1,g,,,,
777,jerrys subs and pizzas,kitchen sink pizza large,177,g,420,mg,9990,g,405,g,166,g,62,g,0,g,55,g,12,g,,,,
778,jerrys subs and pizzas,kitchen sink pizza medium,132,g,315,mg,7490,g,303,g,125,g,46,g,0,g,42,g,9,g,,,,
779,jerrys subs and pizzas,kitchen sink pizza small,44,g,105,mg,2500,g,101,g,42,g,15,g,0,g,14,g,3,g,,,,
780,jerrys subs and pizzas,large fries,30,g,0,mg,830,g,55,g,6,g,7,g,0,g,6,g,1,g,,,,
781,jerrys subs and pizzas,large traditional roll,6,g,0,mg,990,g,102,g,18,g,1,g,0,g,8,g,9,g,,,,
782,jerrys subs and pizzas,lite italian dressing,5,g,0,mg,700,g,4,g,0,g,1,g,0,g,0,g,4,g,,,,
783,jerrys subs and pizzas,little cheeseburger,28,g,80,mg,910,g,36,g,23,g,12,g,0,g,2,g,1,g,,,,
784,jerrys subs and pizzas,loaded cheese wiz fries,50,g,35,mg,1810,g,65,g,15,g,13,g,0,g,6,g,4,g,,,,
785,jerrys subs and pizzas,marinara sauce,0,g,0,mg,240,g,1,g,0,g,0,g,0,g,0,g,2,g,,,,
786,jerrys subs and pizzas,meat supreme pizza 1 4 large,41,g,105,mg,2340,g,98,g,41,g,15,g,0,g,12,g,3,g,,,,
787,jerrys subs and pizzas,meat supreme pizza 1 4 medium,31,g,80,mg,1760,g,73,g,3,g,12,g,0,g,9,g,2,g,,,,
788,jerrys subs and pizzas,meat supreme pizza 1 4 small,10,g,25,mg,590,g,24,g,10,g,13,g,0,g,3,g,1,g,,,,
789,jerrys subs and pizzas,meat supreme pizza large,162,g,420,mg,9380,g,390,g,163,g,59,g,0,g,47,g,13,g,,,,
790,jerrys subs and pizzas,meat supreme pizza medium,122,g,315,mg,7030,g,293,g,123,g,44,g,0,g,36,g,10,g,,,,
791,jerrys subs and pizzas,meat supreme pizza small,41,g,105,mg,2340,g,98,g,41,g,15,g,0,g,12,g,3,g,,,,
792,jerrys subs and pizzas,meatball and cheese sub large,62,g,170,mg,3540,g,123,g,69,g,23,g,0,g,17,g,17,g,,,,
793,jerrys subs and pizzas,meatball and cheese sub regular,41,g,115,mg,2360,g,82,g,46,g,15,g,0,g,11,g,12,g,,,,
794,jerrys subs and pizzas,meatball and cheese sub small,21,g,55,mg,1180,g,41,g,23,g,8,g,0,g,6,g,6,g,,,,
795,jerrys subs and pizzas,min maid lemonade large,0,g,0,mg,110,g,67,g,0,g,0,g,0,g,0,g,67,g,,,,
796,jerrys subs and pizzas,min maid lemonade super,0,g,0,mg,150,g,49,g,0,g,0,g,0,g,0,g,49,g,,,,
797,jerrys subs and pizzas,min maid lemonade regular,0,g,0,mg,70,g,44,g,0,g,0,g,0,g,0,g,44,g,,,,
798,jerrys subs and pizzas,mozzarella sticks,12,g,30,mg,990,g,27,g,15,g,8,g,0,g,2,g,3,g,,,,
799,jerrys subs and pizzas,mozzarella sticks 2 pieces,4,g,10,mg,330,g,9,g,5,g,3,g,0,g,1,g,1,g,,,,
800,jerrys subs and pizzas,mushroom topping 1 4 large,0,g,0,mg,20,g,1,g,1,g,0,g,0,g,0,g,0,g,,,,
801,jerrys subs and pizzas,mushroom topping 1 4 medium,0,g,0,mg,15,g,1,g,0,g,0,g,0,g,0,g,0,g,,,,
802,jerrys subs and pizzas,mushroom topping 1 4 small,0,g,0,mg,5,g,0,g,0,g,0,g,0,g,0,g,0,g,,,,
803,jerrys subs and pizzas,mushroom topping large,0,g,0,mg,80,g,3,g,2,g,0,g,0,g,0,g,0,g,,,,
804,jerrys subs and pizzas,mushroom topping medium,0,g,0,mg,60,g,2,g,2,g,0,g,0,g,0,g,0,g,,,,
805,jerrys subs and pizzas,mushroom topping small,0,g,0,mg,20,g,1,g,1,g,0,g,0,g,0,g,0,g,,,,
806,jerrys subs and pizzas,mushrooms large sub portion,0,g,0,mg,85,g,1,g,1,g,0,g,0,g,1,g,0,g,,,,
807,jerrys subs and pizzas,mushrooms regular sub portion,0,g,0,mg,55,g,1,g,1,g,0,g,0,g,1,g,0,g,,,,
808,jerrys subs and pizzas,mushrooms small sub portion,0,g,0,mg,30,g,0,g,0,g,0,g,0,g,0,g,0,g,,,,
809,jerrys subs and pizzas,mustard,0,g,0,mg,100,g,0,g,0,g,0,g,0,g,0,g,0,g,,,,
810,jerrys subs and pizzas,nestea raspberry tea large,0,g,0,mg,20,g,54,g,0,g,0,g,0,g,0,g,54,g,,,,
811,jerrys subs and pizzas,nestea raspberry tea regular,0,g,0,mg,15,g,36,g,0,g,0,g,0,g,0,g,36,g,,,,
812,jerrys subs and pizzas,nestea raspberry tea super,0,g,0,mg,30,g,75,g,0,g,0,g,0,g,0,g,75,g,,,,
813,jerrys subs and pizzas,oatmeal raisin cookie,6,g,10,mg,115,g,21,g,2,g,4,g,0,g,1,g,12,g,,,,
814,jerrys subs and pizzas,onion straws,10,g,0,mg,950,g,46,g,3,g,2,g,0,g,7,g,5,g,,,,
815,jerrys subs and pizzas,onion straws large sub portion,6,g,0,mg,570,g,28,g,2,g,1,g,0,g,4,g,3,g,,,,
816,jerrys subs and pizzas,onion straws regular sub portion,4,g,0,mg,380,g,19,g,1,g,1,g,0,g,3,g,2,g,,,,
817,jerrys subs and pizzas,onion straws small sub portion,2,g,0,mg,190,g,9,g,2,g,0,g,0,g,1,g,1,g,,,,
818,jerrys subs and pizzas,onion topping 1 4 large,0,g,0,mg,0,g,1,g,0,g,0,g,0,g,0,g,0,g,,,,
819,jerrys subs and pizzas,onion topping 1 4 medium,0,g,0,mg,0,g,1,g,0,g,0,g,0,g,0,g,0,g,,,,
820,jerrys subs and pizzas,onion topping 1 4 small,0,g,0,mg,0,g,0,g,0,g,0,g,0,g,0,g,0,g,,,,
821,jerrys subs and pizzas,onion topping large,0,g,0,mg,0,g,3,g,0,g,0,g,0,g,1,g,0,g,,,,
822,jerrys subs and pizzas,onion topping medium,0,g,0,mg,0,g,2,g,0,g,0,g,0,g,1,g,0,g,,,,
823,jerrys subs and pizzas,onion topping small,0,g,0,mg,0,g,1,g,0,g,0,g,0,g,0,g,0,g,,,,
824,jerrys subs and pizzas,original cheesesteak large,35,g,165,mg,2350,g,108,g,75,g,16,g,0,g,9,g,9,g,,,,
825,jerrys subs and pizzas,original cheesesteak regular,23,g,110,mg,1560,g,72,g,50,g,11,g,0,g,6,g,6,g,,,,
826,jerrys subs and pizzas,original cheesesteak small,12,g,55,mg,780,g,36,g,25,g,5,g,0,g,3,g,3,g,,,,
827,jerrys subs and pizzas,party tray boneless wings,11,g,80,mg,420,g,1,g,16,g,3,g,0,g,0,g,0,g,,,,
828,jerrys subs and pizzas,party tray chicken nuggets,6,g,15,mg,200,g,5,g,5,g,1,g,0,g,0,g,0,g,,,,
829,jerrys subs and pizzas,party tray chicken tenders,12,g,35,mg,580,g,13,g,15,g,2,g,0,g,0,g,1,g,,,,
830,jerrys subs and pizzas,party tray wings,11,g,80,mg,420,g,1,g,16,g,3,g,0,g,0,g,0,g,,,,
831,jerrys subs and pizzas,pepperjack cheese large sub portion,112,g,35,mg,620,g,1,g,7,g,7,g,0,g,0,g,0,g,,,,
832,jerrys subs and pizzas,pepperjack cheese regular sub portion,8,g,25,mg,410,g,1,g,5,g,5,g,0,g,0,g,0,g,,,,
833,jerrys subs and pizzas,pepperjack cheese small sub portion,4,g,10,mg,210,g,0,g,2,g,2,g,0,g,0,g,0,g,,,,
834,jerrys subs and pizzas,pepperjack cheesesteak large,39,g,180,mg,3010,g,108,g,72,g,19,g,0,g,9,g,9,g,,,,
835,jerrys subs and pizzas,pepperjack cheesesteak regular,26,g,120,mg,2010,g,72,g,48,g,13,g,0,g,6,g,6,g,,,,
836,jerrys subs and pizzas,pepperjack cheesesteak small,13,g,60,mg,1000,g,36,g,24,g,7,g,0,g,3,g,3,g,,,,
837,jerrys subs and pizzas,pepperoni pizza 1 6 large,17,g,40,mg,940,g,64,g,17,g,6,g,0,g,8,g,2,g,,,,
838,jerrys subs and pizzas,pepperoni topping 1 4 large,7,g,15,mg,340,g,0,g,4,g,3,g,0,g,0,g,0,g,,,,
839,jerrys subs and pizzas,pepperoni topping 1 4 medium,5,g,10,mg,260,g,0,g,3,g,2,g,0,g,0,g,0,g,,,,
840,jerrys subs and pizzas,pepperoni topping 1 4 small,2,g,5,mg,85,g,0,g,1,g,1,g,0,g,0,g,0,g,,,,
841,jerrys subs and pizzas,pepperoni topping large,28,g,65,mg,1370,g,0,g,15,g,10,g,0,g,0,g,1,g,,,,
842,jerrys subs and pizzas,pepperoni topping medium,21,g,50,mg,1030,g,0,g,11,g,8,g,0,g,0,g,1,g,,,,
843,jerrys subs and pizzas,pepperoni topping small,7,g,15,mg,340,g,0,g,4,g,3,g,0,g,0,g,0,g,,,,
844,jerrys subs and pizzas,phillips crab salad,26,g,80,mg,1590,g,15,g,26,g,6,g,0,g,2,g,2,g,,,,
845,jerrys subs and pizzas,phillips crab sub large,30,g,225,mg,2580,g,123,g,42,g,5,g,0,g,9,g,12,g,,,,
846,jerrys subs and pizzas,phillips crab sub regular,20,g,150,mg,1720,g,82,g,28,g,3,g,0,g,6,g,8,g,,,,
847,jerrys subs and pizzas,phillips crab sub small,10,g,75,mg,860,g,41,g,14,g,2,g,0,g,3,g,4,g,,,,
848,jerrys subs and pizzas,philly cheesesteak large,36,g,170,mg,2620,g,108,g,73,g,17,g,0,g,9,g,9,g,,,,
849,jerrys subs and pizzas,philly cheesesteak regular,24,g,115,mg,1740,g,72,g,49,g,11,g,0,g,6,g,6,g,,,,
850,jerrys subs and pizzas,philly cheesesteak small,12,g,55,mg,870,g,36,g,24,g,6,g,0,g,3,g,3,g,,,,
851,jerrys subs and pizzas,provolone cheese large sub portion,8,g,25,mg,230,g,1,g,8,g,5,g,0,g,0,g,0,g,,,,
852,jerrys subs and pizzas,provolone cheese regular sub portion,5,g,15,mg,150,g,1,g,5,g,3,g,0,g,0,g,0,g,,,,
853,jerrys subs and pizzas,provolone cheese small sub portion,2,g,10,mg,75,g,0,g,3,g,2,g,0,g,0,g,0,g,,,,
854,jerrys subs and pizzas,ranch dressing,24,g,10,mg,450,g,3,g,0,g,4,g,0,g,0,g,3,g,,,,
855,jerrys subs and pizzas,regular fries,19,g,0,mg,530,g,35,g,4,g,5,g,0,g,4,g,1,g,,,,
856,jerrys subs and pizzas,regular traditional roll,4,g,0,mg,760,g,68,g,13,g,1,g,0,g,5,g,6,g,,,,
857,jerrys subs and pizzas,regular wheat roll,5,g,0,mg,590,g,65,g,15,g,1,g,0,g,6,g,3,g,,,,
858,jerrys subs and pizzas,sandwich tray ham and cheese,9,g,50,mg,1190,g,36,g,20,g,3,g,0,g,3,g,3,g,,,,
859,jerrys subs and pizzas,sandwich tray italian coldl cut no oil,22,g,55,mg,1200,g,36,g,20,g,9,g,0,g,3,g,3,g,,,,
860,jerrys subs and pizzas,sandwich tray turkey breast,3,g,30,mg,960,g,38,g,26,g,0,g,0,g,3,g,3,g,,,,
861,jerrys subs and pizzas,sausage topping 1 4 large,6,g,15,mg,200,g,0,g,3,g,2,g,0,g,0,g,0,g,,,,
862,jerrys subs and pizzas,sausage topping 1 4 medium,5,g,10,mg,150,g,0,g,2,g,2,g,0,g,0,g,0,g,,,,
863,jerrys subs and pizzas,sausage topping 1 4 small,2,g,5,mg,50,g,0,g,1,g,1,g,0,g,0,g,0,g,,,,
864,jerrys subs and pizzas,sausage topping large,25,g,50,mg,800,g,2,g,12,g,9,g,0,g,0,g,0,g,,,,
865,jerrys subs and pizzas,sausage topping medium,19,g,40,mg,600,g,1,g,9,g,7,g,0,g,0,g,0,g,,,,
866,jerrys subs and pizzas,sausage topping small,6,g,15,mg,200,g,0,g,3,g,2,g,0,g,0,g,0,g,,,,
867,jerrys subs and pizzas,side salad,3,g,15,mg,230,g,1,g,2,g,1,g,0,g,1,g,0,g,,,,
868,jerrys subs and pizzas,side salad bacon add on,3,g,10,mg,150,g,1,g,3,g,1,g,0,g,0,g,0,g,,,,
869,jerrys subs and pizzas,side salad cheese add on,1,g,5,mg,60,g,0,g,1,g,1,g,0,g,0,g,0,g,,,,
870,jerrys subs and pizzas,so street cheesesteak large,36,g,170,mg,2800,g,109,g,73,g,17,g,0,g,9,g,9,g,,,,
871,jerrys subs and pizzas,so street cheesesteak regular,24,g,115,mg,1870,g,73,g,49,g,11,g,0,g,6,g,6,g,,,,
872,jerrys subs and pizzas,so street cheesesteak small,12,g,55,mg,940,g,36,g,24,g,6,g,0,g,3,g,3,g,,,,
873,jerrys subs and pizzas,southwest sauce,20,g,10,mg,390,g,3,g,2,g,3,g,0,g,0,g,2,g,,,,
874,jerrys subs and pizzas,sprite 20 oz bottle,0,g,0,mg,110,g,64,g,0,g,0,g,0,g,0,g,64,g,,,,
875,jerrys subs and pizzas,sprite large,0,g,0,mg,60,g,69,g,0,g,0,g,0,g,0,g,69,g,,,,
876,jerrys subs and pizzas,sprite regular,0,g,0,mg,40,g,45,g,0,g,0,g,0,g,0,g,45,g,,,,
877,jerrys subs and pizzas,sprite super,0,g,0,mg,80,g,95,g,0,g,0,g,0,g,0,g,95,g,,,,
878,jerrys subs and pizzas,super cheesesteak large,36,g,170,mg,2700,g,110,g,74,g,17,g,0,g,10,g,9,g,,,,
879,jerrys subs and pizzas,super cheesesteak regular,24,g,115,mg,1800,g,73,g,49,g,11,g,0,g,7,g,6,g,,,,
880,jerrys subs and pizzas,super cheesesteak small,12,g,55,mg,900,g,37,g,25,g,6,g,0,g,3,g,3,g,,,,
881,jerrys subs and pizzas,super double pepperoni pizza 1 4 large,30,g,70,mg,1690,g,95,g,30,g,11,g,0,g,12,g,1,g,,,,
882,jerrys subs and pizzas,super double pepperoni pizza 1 4 medium,23,g,55,mg,1270,g,71,g,22,g,8,g,0,g,9,g,1,g,,,,
883,jerrys subs and pizzas,super double pepperoni pizza 1 4 small,8,g,20,mg,420,g,24,g,7,g,3,g,0,g,3,g,0,g,,,,
884,jerrys subs and pizzas,super double pepperoni pizza large,121,g,280,mg,6750,g,379,g,118,g,43,g,0,g,46,g,3,g,,,,
885,jerrys subs and pizzas,super double pepperoni pizza medium,91,g,210,mg,5060,g,285,g,89,g,32,g,0,g,35,g,2,g,,,,
886,jerrys subs and pizzas,super double pepperoni pizza small,30,g,70,mg,1690,g,95,g,30,g,11,g,0,g,12,g,1,g,,,,
887,jerrys subs and pizzas,super fries,90,g,0,mg,2480,g,165,g,17,g,21,g,0,g,17,g,3,g,,,,
888,jerrys subs and pizzas,sweet peppers large sub portion,0,g,0,mg,190,g,1,g,0,g,0,g,0,g,0,g,0,g,,,,
889,jerrys subs and pizzas,sweet peppers regular sub portion,0,g,0,mg,125,g,1,g,0,g,0,g,0,g,0,g,0,g,,,,
890,jerrys subs and pizzas,sweet peppers small sub portion,0,g,0,mg,65,g,0,g,0,g,0,g,0,g,0,g,0,g,,,,
891,jerrys subs and pizzas,swiss cheese large sub portion,7,g,25,mg,70,g,0,g,9,g,5,g,0,g,0,g,0,g,,,,
892,jerrys subs and pizzas,swiss cheese regular sub portion,5,g,15,mg,45,g,0,g,6,g,3,g,0,g,0,g,0,g,,,,
893,jerrys subs and pizzas,swiss cheese small sub portion,2,g,10,mg,25,g,0,g,3,g,2,g,0,g,0,g,0,g,,,,
894,jerrys subs and pizzas,t n t cheesesteak large,51,g,175,mg,3530,g,132,g,73,g,20,g,0,g,13,g,11,g,,,,
895,jerrys subs and pizzas,t n t cheesesteak regular,34,g,115,mg,2350,g,88,g,49,g,13,g,0,g,8,g,7,g,,,,
896,jerrys subs and pizzas,t n t cheesesteak small,17,g,60,mg,1180,g,44,g,24,g,7,g,0,g,4,g,4,g,,,,
897,jerrys subs and pizzas,the beast large,93,g,530,mg,4790,g,124,g,162,g,38,g,0,g,11,g,14,g,,,,
898,jerrys subs and pizzas,the beast regular,62,g,350,mg,3190,g,83,g,108,g,25,g,0,g,7,g,9,g,,,,
899,jerrys subs and pizzas,tomatoes topping 1 4 large,0,g,0,mg,0,g,1,g,0,g,0,g,0,g,1,g,0,g,,,,
900,jerrys subs and pizzas,tomatoes topping 1 4 medium,0,g,0,mg,0,g,0,g,0,g,0,g,0,g,0,g,0,g,,,,
901,jerrys subs and pizzas,tomatoes topping 1 4 small,0,g,0,mg,0,g,0,g,0,g,0,g,0,g,0,g,0,g,,,,
902,jerrys subs and pizzas,tomatoes topping large,0,g,0,mg,10,g,2,g,0,g,0,g,0,g,2,g,0,g,,,,
903,jerrys subs and pizzas,tomatoes topping medium,0,g,0,mg,5,g,2,g,0,g,0,g,0,g,2,g,0,g,,,,
904,jerrys subs and pizzas,tomatoes topping small,0,g,0,mg,0,g,1,g,0,g,0,g,0,g,1,g,0,g,,,,
905,jerrys subs and pizzas,tuna salad,18,g,95,mg,990,g,3,g,27,g,4,g,0,g,2,g,0,g,,,,
906,jerrys subs and pizzas,tuna sub sub large,35,g,160,mg,2440,g,107,g,77,g,4,g,0,g,9,g,9,g,,,,
907,jerrys subs and pizzas,tuna sub sub regular,24,g,105,mg,1620,g,71,g,51,g,3,g,0,g,6,g,6,g,,,,
908,jerrys subs and pizzas,tuna sub sub small,12,g,55,mg,810,g,36,g,26,g,1,g,0,g,3,g,3,g,,,,
909,jerrys subs and pizzas,turkey breast sub large,9,g,85,mg,2880,g,114,g,78,g,1,g,0,g,9,g,9,g,,,,
910,jerrys subs and pizzas,turkey breast sub regular,6,g,55,mg,1920,g,76,g,52,g,1,g,0,g,6,g,6,g,,,,
911,jerrys subs and pizzas,turkey breast sub small,3,g,30,mg,960,g,38,g,26,g,0,g,0,g,3,g,3,g,,,,
912,jerrys subs and pizzas,ultimate cheesesteak large,54,g,220,mg,3240,g,108,g,89,g,25,g,0,g,9,g,9,g,,,,
913,jerrys subs and pizzas,ultimate cheesesteak regular,36,g,145,mg,2160,g,72,g,60,g,17,g,0,g,6,g,6,g,,,,
914,jerrys subs and pizzas,ultimate cheesesteak small,18,g,75,mg,1080,g,36,g,30,g,8,g,0,g,3,g,3,g,,,,
915,jerrys subs and pizzas,vanilla shake,28,g,60,mg,320,g,138,g,18,g,12,g,0,g,1,g,115,g,,,,
916,jerrys subs and pizzas,veggie melt large,22,g,50,mg,2030,g,112,g,36,g,11,g,0,g,11,g,9,g,,,,
917,jerrys subs and pizzas,veggie melt regular,15,g,35,mg,1360,g,75,g,24,g,7,g,0,g,7,g,6,g,,,,
918,jerrys subs and pizzas,veggie melt small,7,g,15,mg,680,g,37,g,12,g,4,g,0,g,4,g,3,g,,,,
919,jerrys subs and pizzas,veggie supreme pizza 1 4 large,21,g,40,mg,1140,g,99,g,23,g,6,g,0,g,13,g,2,g,,,,
920,jerrys subs and pizzas,veggie supreme pizza 1 4 medium,15,g,30,mg,850,g,74,g,17,g,5,g,0,g,10,g,2,g,,,,
921,jerrys subs and pizzas,veggie supreme pizza 1 4 small,5,g,10,mg,280,g,25,g,6,g,2,g,0,g,3,g,1,g,,,,
922,jerrys subs and pizzas,veggie supreme pizza large,82,g,150,mg,4550,g,394,g,91,g,26,g,0,g,53,g,8,g,,,,
923,jerrys subs and pizzas,veggie supreme pizza medium,62,g,115,mg,3400,g,296,g,68,g,19,g,0,g,40,g,6,g,,,,
924,jerrys subs and pizzas,veggie supreme pizza small,21,g,40,mg,1140,g,99,g,23,g,6,g,0,g,13,g,2,g,,,,
925,jerrys subs and pizzas,wildfire pizza 1 4 large,22,g,50,mg,1320,g,103,g,23,g,6,g,0,g,13,g,3,g,,,,
926,jerrys subs and pizzas,wildfire pizza 1 4 medium,17,g,35,mg,990,g,77,g,17,g,5,g,0,g,10,g,2,g,,,,
927,jerrys subs and pizzas,wildfire pizza 1 4 small,6,g,10,mg,330,g,26,g,6,g,2,g,0,g,3,g,1,g,,,,
928,jerrys subs and pizzas,wildfire pizza large,89,g,195,mg,5260,g,412,g,93,g,26,g,0,g,50,g,12,g,,,,
929,jerrys subs and pizzas,wildfire pizza medium,66,g,150,mg,3950,g,309,g,69,g,19,g,0,g,38,g,9,g,,,,
930,jerrys subs and pizzas,wildfire pizza small,22,g,50,mg,1320,g,103,g,23,g,6,g,0,g,13,g,3,g,,,,
931,jersey mikes subs,13 original italian wheat tortilla wrap without vinegar oil or mayonnaise,31,g,105,mg,2840,g,63,g,43,g,13,g,0,g,7,g,5,g,,,,
932,jersey mikes subs,turkey honey mustard flour tortilla wrap,20,g,50,mg,1720,g,64,g,30,g,4,g,0,g,7,g,10,g,,,,
933,jersey mikes subs,regular 08 club gluten free sub with mayonnaise,50.5,g,110,mg,2110,g,49,g,40,g,14,g,0,g,5,g,9,g,,,,
934,jersey mikes subs,07 turkey breast and provolone wheat tortilla wrap without vinegar oil or mayonnaise,18,g,60,mg,1875,g,58,g,38,g,8.5,g,0,g,7,g,5,g,,,,
935,jersey mikes subs,buffalo chicken wheat tortilla wrap,43,g,130,mg,2890,g,62,g,50,g,15,g,0,g,8,g,7,g,,,,
936,jersey mikes subs,07 turkey breast and provolone spinach tortilla wrap without vinegar oil or mayonnaise,18,g,60,mg,1975,g,60,g,38,g,9,g,0,g,4,g,8,g,,,,
937,jersey mikes subs,grilled veggie flour tortilla wrap,46,g,85,mg,1215,g,66,g,33,g,21,g,1,g,7,g,9,g,,,,
938,jersey mikes subs,10 albacore tuna salad tomato tortilla wrap without vinegar oil or mayonnaise,49,g,85,mg,1585,g,63,g,32,g,9,g,0,g,4,g,11,g,,,,
939,jersey mikes subs,42 chipotle chicken philly wheat tortilla wrap with chipotle mayonnaise,59,g,155,mg,2575,g,69,g,46,g,17,g,0,g,7,g,9,g,,,,
940,jersey mikes subs,44 buffalo chicken cheese steak spinach tortilla wrap,55,g,165,mg,3835,g,70,g,48,g,18,g,0,g,3,g,14,g,,,,
941,jersey mikes subs,16 chicken philly wheat tortilla wrap,29,g,140,mg,2170,g,66,g,45,g,13,g,0,g,7,g,8,g,,,,
942,jersey mikes subs,chicken caesar flour tortilla wrap,28,g,90,mg,1490,g,58,g,43,g,6,g,0,g,6,g,5,g,,,,
943,jersey mikes subs,26 chicken bacon ranch cheese steak tomatotortilla wrap,53,g,170,mg,2635,g,64,g,50,g,19,g,0,g,3,g,16,g,,,,
944,jersey mikes subs,17 steak philly wheat tortilla wrap,35,g,115,mg,2360,g,64,g,44,g,17,g,0,g,7,g,8,g,,,,
945,jersey mikes subs,giant 08 club gluten free sub with mayonnaise,96,g,200,mg,3815,g,95,g,68,g,25.5,g,0.5,g,9,g,16,g,,,,
946,jersey mikes subs,baja chicken flour tortilla wrap,26,g,115,mg,2570,g,63,g,49,g,12,g,0,g,7,g,10,g,,,,
947,jersey mikes subs,10 albacore tuna salad spinach tortilla wrap without vinegar oil or mayonnaise,49,g,85,mg,1605,g,64,g,32,g,9,g,0,g,4,g,8,g,,,,
948,jersey mikes subs,09 club supreme tomato tortilla wrap with mayonnaise,54.5,g,145,mg,2045,g,61,g,56,g,17,g,0,g,4,g,11,g,,,,
949,jersey mikes subs,chicken caesar wheat tortilla wrap,28,g,90,mg,1560,g,56,g,43,g,6,g,0,g,7,g,4,g,,,,
950,jersey mikes subs,01 blt wheat tortilla wrap with mayonnaise,54,g,70,mg,1730,g,58,g,21,g,15.5,g,0,g,6,g,0,g,,,,
951,jersey mikes subs,31 california chicken cheese steak wheat tortilla wrap,54,g,165,mg,2060,g,64,g,46,g,17,g,0,g,6,g,9,g,,,,
952,jersey mikes subs,11 stickball special spinach tortilla wrap without vinegar oil or mayonnaise,27.5,g,85,mg,2500,g,62,g,36,g,12.5,g,0,g,4,g,8,g,,,,
953,jersey mikes subs,08 club sub wheat tortilla wrap with mayonnaise,50.5,g,110,mg,2110,g,49,g,40,g,14,g,0,g,5,g,9,g,,,,
954,jersey mikes subs,55 chicken big kahuna flour tortilla wrap,33,g,150,mg,2250,g,69,g,50,g,15,g,1,g,6,g,10,g,,,,
955,jersey mikes subs,19 bbq beef wheat tortilla wrap,25,g,10,mg,1835,g,88,g,59,g,8,g,0,g,6,g,25,g,,,,
956,jersey mikes subs,turkey honey mustard spinach tortilla wrap,20,g,50,mg,1890,g,64,g,30,g,4.5,g,0,g,5,g,12,g,,,,
957,jersey mikes subs,grilled veggie spinach tortilla wrap,46,g,85,mg,1385,g,66,g,33,g,21,g,1,g,5,g,11,g,,,,
958,jersey mikes subs,chipotle turkey wheat tortilla wrap with chipotle mayonnaise,55,g,110,mg,2105,g,60,g,43,g,16,g,0.5,g,7,g,7,g,,,,
959,jersey mikes subs,18 grilled chicken parmesan tomato tortilla wrap,25,g,100,mg,1640,g,58,g,50,g,11,g,0,g,4,g,10,g,,,,
960,jersey mikes subs,56 big kahuna wheat tortilla wrap,39,g,125,mg,2510,g,65,g,48,g,19,g,1,g,7,g,8,g,,,,
961,jersey mikes subs,grilled veggie wheat tortilla wrap,46,g,85,mg,1285,g,64,g,33,g,21,g,1,g,8,g,8,g,,,,
962,jersey mikes subs,01 blt white tortilla wrap with mayonnaise,54,g,70,mg,1660,g,60,g,21,g,15.5,g,0,g,5,g,4,g,,,,
963,jersey mikes subs,13 original italian flour tortilla wrap without vinegar oil or mayonnaise,31,g,105,mg,2770,g,65,g,43,g,13,g,0,g,6,g,6,g,,,,
964,jersey mikes subs,13 original italian tomato tortilla wrap without vinegar oil or mayonnaise,31,g,105,mg,2920,g,64,g,43,g,13.5,g,0,g,4,g,11,g,,,,
965,jersey mikes subs,baja chicken tomato tortilla wrap,26,g,115,mg,2720,g,62,g,49,g,12,g,0,g,5,g,15,g,,,,
966,jersey mikes subs,11 stickball special wheat tortilla wrap without vinegar oil or mayonnaise,27.5,g,85,mg,2400,g,60,g,36,g,12,g,0,g,7,g,5,g,,,,
967,jersey mikes subs,regular 56 big kahuna rosemary parmesan sub,35,g,125,mg,2480,g,73,g,51,g,18,g,1,g,3,g,10,g,,,,
968,jersey mikes subs,31 california chicken cheese steak flour tortilla wrap,54,g,165,mg,1990,g,66,g,46,g,17,g,0,g,5,g,10,g,,,,
969,jersey mikes subs,44 buffalo steak cheese steak wheat tortilla wrap,61,g,140,mg,3915,g,66,g,46,g,21,g,0,g,6,g,10,g,,,,
970,jersey mikes subs,06 roast beef and provolone spinach tortilla wrap without vinegar oil or mayonnaise,29.5,g,120,mg,1215,g,60,g,55,g,13,g,0,g,4,g,8,g,,,,
971,jersey mikes subs,31 california chicken cheese steak tomato tortilla wrap,54,g,165,mg,2140,g,65,g,46,g,17,g,0,g,3,g,15,g,,,,
972,jersey mikes subs,15 meatball and cheese wheat tortilla wrap,48,g,90,mg,1780,g,63,g,36,g,20,g,0,g,9,g,4,g,,,,
973,jersey mikes subs,california club wheat tortilla wrap without vinegar oil or mayonnaise,33.5,g,75,mg,2130,g,62,g,44,g,13.5,g,0,g,11,g,5,g,,,,
974,jersey mikes subs,teriyaki chicken cheese steak flour tortilla wrap,29,g,140,mg,4660,g,76,g,50,g,13,g,0,g,6,g,10,g,,,,
975,jersey mikes subs,19 bbq beef spinach tortilla wrap,25,g,130,mg,1935,g,90,g,59,g,9,g,0,g,3,g,28,g,,,,
976,jersey mikes subs,56 big kahuna tomato tortilla wrap,39,g,125,mg,2590,g,66,g,48,g,20,g,1,g,4,g,14,g,,,,
977,jersey mikes subs,20 reuben tomato tortilla wrap,30,g,90,mg,2125,g,68,g,39,g,11,g,0,g,7,g,18,g,,,,
978,jersey mikes subs,sausage wheat tortilla wrap,57,g,110,mg,2500,g,68,g,36,g,17,g,0,g,8,g,10,g,,,,
979,jersey mikes subs,15 meatball and cheese flour tortilla wrap,48,g,90,mg,1710,g,65,g,36,g,20,g,0,g,8,g,5,g,,,,
980,jersey mikes subs,03 american classic flour tortilla wrap without vinegar oil or mayonnaise,20.5,g,75,mg,2150,g,62,g,35,g,10,g,0,g,6,g,6,g,,,,
981,jersey mikes subs,chipotle turkey flour tortilla wrap with chipotle mayonnaise,55,g,110,mg,2035,g,62,g,42,g,16,g,0.5,g,6,g,8,g,,,,
982,jersey mikes subs,55 chicken big kahuna spinach tortilla wrap,33,g,150,mg,2420,g,69,g,50,g,16,g,1,g,4,g,12,g,,,,
983,jersey mikes subs,regular 10 albacore tuna salad gluten free sub without vinegar oil or mayonnaise,48.5,g,85,mg,1210,g,50,g,29,g,6.5,g,0,g,5,g,9,g,,,,
984,jersey mikes subs,sausage flour tortilla wrap,57,g,110,mg,2210,g,65,g,36,g,17,g,0,g,6,g,9,g,,,,
985,jersey mikes subs,buffalo chicken spinach tortilla wrap,43,g,130,mg,2990,g,64,g,50,g,15,g,0,g,5,g,1,g,,,,
986,jersey mikes subs,chicken salad spinach wrap without vineagar oil or mayonnaise,55,g,80,mg,1640,g,60,g,25,g,10,g,0,g,4,g,8,g,,,,
987,jersey mikes subs,turkey honey mustard tomato tortilla wrap,20,g,50,mg,1870,g,63,g,30,g,4.5,g,0,g,5,g,15,g,,,,
988,jersey mikes subs,turkey honey mustard wheat tortilla wrap,20,g,50,mg,1790,g,62,g,30,g,4,g,0,g,8,g,9,g,,,,
989,jersey mikes subs,14 veggie flour tortilla wrap without vinegar oil or mayonnaise,33.5,g,75,mg,2060,g,64,g,34,g,13.5,g,1,g,10,g,6,g,,,,
990,jersey mikes subs,chicka phila roni spinach tortilla wrap,35,g,70,mg,2485,g,59,g,59,g,16,g,0,g,3,g,6,g,,,,
991,jersey mikes subs,16 chicken philly flour tortilla wrap,29,g,140,mg,2100,g,68,g,45,g,13,g,0,g,6,g,10,g,,,,
992,jersey mikes subs,16 chicken philly spinach tortilla wrap,29,g,140,mg,2270,g,68,g,45,g,13,g,0,g,4,g,12,g,,,,
993,jersey mikes subs,sausage spinach tortilla wrap,57,g,110,mg,2600,g,70,g,36,g,18,g,0,g,5,g,13,g,,,,
994,jersey mikes subs,18 chicken parmesan tomato tortilla wrap,27,g,85,mg,1680,g,70,g,45,g,12,g,0,g,5,g,10,g,,,,
995,jersey mikes subs,sausage tomato tortilla wrap,57,g,110,mg,2600,g,70,g,36,g,18,g,0,g,5,g,13,g,,,,
996,jersey mikes subs,18 grilled chicken parmesan spinach tortilla wrap,25,g,100,mg,1660,g,58,g,50,g,11,g,0,g,4,g,7,g,,,,
997,jersey mikes subs,20 reuben flour tortilla wrap,30,g,90,mg,1975,g,69,g,38,g,11,g,0,g,9,g,13,g,,,,
998,jersey mikes subs,20 reuben wheat tortilla wrap,30,g,90,mg,2045,g,67,g,38,g,11,g,0,g,10,g,12,g,,,,
999,jersey mikes subs,03 american classic tomato tortilla wrap without vinegar oil or mayonnaise,20.5,g,75,mg,2300,g,61,g,35,g,10.5,g,0,g,4,g,11,g,,,,
