,Restaurant Name,Food Name,Total Fat Amount,Total Fat Unit,Cholesterol Amount,Cholesterol Unit,Sodium Amount,Sodium Unit,Total Carbohydrate Amount,Total Carbohydrate Unit,Protein Amount,Protein Unit,Saturated Fat Amount,Saturated Fat Unit,Trans Fat Amount,Trans Fat Unit,Dietary Fiber Amount,Dietary Fiber Unit,Sugars Amount,Sugars Unit
0,johnnys pizza house,large fountain unsweetened iced tea 32 fl oz,0,g,0,mg,30,g,3,g,0,g,0,g,0,g,0,g,0,g
1,johnnys pizza house,large hog heaven pizza,145,g,405,mg,8620,g,272,g,185,g,53,g,1,g,12,g,42,g
2,johnnys pizza house,large maui wowie pizza,117,g,385,mg,8440,g,282,g,192,g,44,g,0.5,g,13,g,53,g
3,johnnys pizza house,large mighty meaty pizza,166,g,475,mg,8480,g,269,g,203,g,63,g,2,g,12,g,40,g
4,johnnys pizza house,large peach puddin pizza 1 slice,29,g,0,mg,960,g,96,g,6,g,6,g,3.5,g,2,g,48,g
5,johnnys pizza house,large pepperoni power pizza,190,g,405,mg,7320,g,272,g,177,g,79,g,3,g,12,g,39,g
6,johnnys pizza house,large pizza topping anchovies,7,g,60,mg,2600,g,0,g,20,g,1.5,g,0,g,0,g,0,g
7,johnnys pizza house,large pizza topping andouille sausage,40,g,100,mg,1870,g,5,g,20,g,13,g,0,g,0,g,3,g
8,johnnys pizza house,large pizza topping bacon,47,g,125,mg,2620,g,2,g,42,g,16,g,0,g,0,g,0,g
9,johnnys pizza house,large pizza topping bell pepper,0,g,0,mg,0,g,4,g,1,g,0,g,0,g,2,g,2,g
10,johnnys pizza house,large pizza topping black olives,23,g,0,mg,1560,g,13,g,2,g,3,g,0,g,7,g,0,g
11,johnnys pizza house,large pizza topping cheddar cheese,87,g,260,mg,1680,g,11,g,65,g,50,g,3,g,1,g,0,g
12,johnnys pizza house,large pizza topping chicken,4,g,90,mg,480,g,2,g,34,g,1,g,0,g,0,g,0,g
13,johnnys pizza house,large pizza topping crawfish lto,1.5,g,180,mg,2010,g,0,g,23,g,0,g,0,g,0,g,0,g
14,johnnys pizza house,large pizza topping diced tomatoes,0,g,0,mg,10,g,8,g,2,g,0,g,0,g,3,g,6,g
15,johnnys pizza house,large pizza topping green olives,33,g,0,mg,3310,g,8,g,2,g,4.5,g,0,g,7,g,1,g
16,johnnys pizza house,large pizza topping ham,2.5,g,50,mg,1050,g,1,g,19,g,1,g,0,g,0,g,1,g
17,johnnys pizza house,large pizza topping hamburger,23,g,110,mg,95,g,0,g,33,g,9,g,1,g,0,g,0,g
18,johnnys pizza house,large pizza topping jalapenos,1,g,0,mg,1890,g,5,g,1,g,0,g,0,g,3,g,2,g
19,johnnys pizza house,large pizza topping mushroom,0.5,g,0,mg,10,g,7,g,7,g,0,g,0,g,2,g,4,g
20,johnnys pizza house,large pizza topping onion,0,g,0,mg,0,g,11,g,1,g,0,g,0,g,2,g,5,g
21,johnnys pizza house,large pizza topping pepperoni,47,g,105,mg,1680,g,1,g,21,g,18,g,1.5,g,0,g,0,g
22,johnnys pizza house,large pizza topping pineapple,0,g,0,mg,0,g,17,g,1,g,0,g,0,g,1,g,16,g
23,johnnys pizza house,large pizza topping sausage,37,g,85,mg,750,g,1,g,19,g,13,g,0,g,0,g,0,g
24,johnnys pizza house,large pizza topping shrimp lto,0,g,145,mg,2440,g,2,g,22,g,0,g,0,g,0,g,1,g
25,johnnys pizza house,large pizza topping taste of crab lto,0.5,g,25,mg,3020,g,21,g,10,g,0,g,0,g,1,g,9,g
26,johnnys pizza house,large pizza extra sauce,2,g,0,mg,2080,g,33,g,7,g,0,g,0,g,10,g,18,g
27,johnnys pizza house,large pizza lite sauce,1,g,0,mg,960,g,15,g,3,g,0,g,0,g,5,g,8,g
28,johnnys pizza house,large pizza thick crust,36,g,0,mg,390,g,348,g,45,g,2.5,g,1,g,8,g,37,g
29,johnnys pizza house,large pizza thin crust,15,g,0,mg,160,g,145,g,19,g,1,g,0,g,3,g,15,g
30,johnnys pizza house,large sweep the kitchen pizza,152,g,355,mg,7520,g,284,g,165,g,56,g,2,g,18,g,45,g
31,johnnys pizza house,large sweep the swamp pizza lto,101,g,335,mg,7730,g,285,g,138,g,38,g,0.5,g,14,g,47,g
32,johnnys pizza house,large veg out pizza,90,g,145,mg,4540,g,283,g,110,g,33,g,0.5,g,18,g,44,g
33,johnnys pizza house,medium bacon cheeseburger pizza,114,g,305,mg,3890,g,203,g,124,g,47,g,2.5,g,10,g,30,g
34,johnnys pizza house,medium bacon chicken ranchero pizza,148,g,295,mg,3980,g,194,g,117,g,48,g,1.5,g,6,g,22,g
35,johnnys pizza house,medium bbq chicken pizza,95,g,275,mg,4800,g,257,g,119,g,39,g,1.5,g,8,g,80,g
36,johnnys pizza house,medium buffalo chicken pizza,97,g,275,mg,8070,g,194,g,118,g,40,g,2,g,6,g,23,g
37,johnnys pizza house,medium cheese pizza deep pan crust regular sauce,101,g,115,mg,4390,g,291,g,98,g,28,g,1.5,g,14,g,20,g
38,johnnys pizza house,medium cheese pizza original crust regular sauce,61,g,115,mg,2540,g,197,g,81,g,25,g,0,g,8,g,28,g
39,johnnys pizza house,medium fountain coke 16 fl oz,0,g,0,mg,60,g,52,g,0,g,0,g,0,g,0,g,52,g
40,johnnys pizza house,medium fountain coke zero 16 fl oz,0,g,0,mg,55,g,0,g,0,g,0,g,0,g,0,g,0,g
41,johnnys pizza house,medium fountain diet coke 16 fl oz,0,g,0,mg,55,g,0,g,0,g,0,g,0,g,0,g,0,g
42,johnnys pizza house,medium fountain diet dr pepper 16 fl oz,0,g,0,mg,70,g,0,g,0,g,0,g,0,g,0,g,0,g
43,johnnys pizza house,medium fountain dr pepper 16 fl oz,0,g,0,mg,70,g,54,g,0,g,0,g,0,g,0,g,54,g
44,johnnys pizza house,medium fountain orange fanta 16 fl oz,0,g,0,mg,80,g,60,g,0,g,0,g,0,g,0,g,59,g
45,johnnys pizza house,medium fountain pink lemonade 16 fl oz,0,g,0,mg,140,g,57,g,0,g,0,g,0,g,0,g,55,g
46,johnnys pizza house,medium fountain powderade mountain berry blast 16 fl oz,0,g,0,mg,200,g,28,g,0,g,0,g,0,g,0,g,28,g
47,johnnys pizza house,medium fountain root beer 16 fl oz,0,g,0,mg,95,g,60,g,0,g,0,g,0,g,0,g,60,g
48,johnnys pizza house,medium fountain sprite 16 fl oz,0,g,0,mg,45,g,52,g,0,g,0,g,0,g,0,g,52,g
49,johnnys pizza house,medium fountain strawberry fanta 16 fl oz,0,g,0,mg,60,g,64,g,0,g,0,g,0,g,0,g,64,g
50,johnnys pizza house,medium fountain sweet tea 16 fl oz,0,g,0,mg,15,g,66,g,0,g,0,g,0,g,0,g,64,g
51,johnnys pizza house,medium fountain unsweetened iced tea 16 fl oz,0,g,0,mg,15,g,1,g,0,g,0,g,0,g,0,g,0,g
52,johnnys pizza house,medium hog heaven pizza,112,g,305,mg,6320,g,202,g,139,g,41,g,0.5,g,9,g,30,g
53,johnnys pizza house,medium maui wowie pizza,91,g,295,mg,6310,g,210,g,147,g,35,g,0.5,g,9,g,38,g
54,johnnys pizza house,medium mighty meaty pizza,124,g,350,mg,6140,g,200,g,152,g,48,g,1.5,g,8,g,29,g
55,johnnys pizza house,medium peach puddin pizza 1 slice,22,g,0,mg,720,g,72,g,4,g,4.5,g,2.5,g,2,g,36,g
56,johnnys pizza house,medium pepperoni power pizza,145,g,310,mg,5450,g,202,g,136,g,61,g,2.5,g,8,g,29,g
57,johnnys pizza house,medium pizza topping anchovies,4,g,35,mg,1560,g,0,g,12,g,1,g,0,g,0,g,0,g
58,johnnys pizza house,medium pizza topping andouille sausage,32,g,80,mg,1500,g,4,g,16,g,10,g,0,g,0,g,2,g
59,johnnys pizza house,medium pizza topping bacon,36,g,95,mg,1960,g,1,g,31,g,12,g,0,g,0,g,0,g
60,johnnys pizza house,medium pizza topping bell pepper,0,g,0,mg,0,g,3,g,0,g,0,g,0,g,1,g,1,g
61,johnnys pizza house,medium pizza topping black olives,17,g,0,mg,1150,g,10,g,1,g,2,g,0,g,5,g,0,g
62,johnnys pizza house,medium pizza topping cheddar cheese,68,g,205,mg,1330,g,8,g,52,g,39,g,2.5,g,1,g,0,g
63,johnnys pizza house,medium pizza topping chicken,3,g,65,mg,350,g,1,g,25,g,1,g,0,g,0,g,0,g
64,johnnys pizza house,medium pizza topping crawfish lto,1.5,g,145,mg,1610,g,0,g,18,g,0,g,0,g,0,g,0,g
65,johnnys pizza house,medium pizza topping diced tomatoes,0,g,0,mg,10,g,6,g,1,g,0,g,0,g,2,g,4,g
66,johnnys pizza house,medium pizza topping green olives,24,g,0,mg,2430,g,6,g,2,g,3,g,0,g,5,g,1,g
67,johnnys pizza house,medium pizza topping ham,2,g,35,mg,770,g,1,g,14,g,0.5,g,0,g,0,g,0,g
68,johnnys pizza house,medium pizza topping hamburger,16,g,80,mg,70,g,0,g,24,g,6,g,0.5,g,0,g,0,g
69,johnnys pizza house,medium pizza topping jalapenos,1,g,0,mg,1420,g,4,g,1,g,0,g,0,g,2,g,2,g
70,johnnys pizza house,medium pizza topping mushroom,0.5,g,0,mg,10,g,5,g,5,g,0,g,0,g,2,g,3,g
71,johnnys pizza house,medium pizza topping onion,0,g,0,mg,0,g,8,g,1,g,0,g,0,g,1,g,4,g
72,johnnys pizza house,medium pizza topping pepperoni,35,g,80,mg,1230,g,1,g,15,g,14,g,1,g,0,g,0,g
73,johnnys pizza house,medium pizza topping pineapple,0,g,0,mg,0,g,12,g,1,g,0,g,0,g,1,g,11,g
74,johnnys pizza house,medium pizza topping sausage,27,g,60,mg,540,g,1,g,13,g,10,g,0,g,0,g,0,g
75,johnnys pizza house,medium pizza topping shrimp lto,0,g,115,mg,1950,g,1,g,17,g,0,g,0,g,0,g,1,g
76,johnnys pizza house,medium pizza topping taste of crab lto,0.5,g,20,mg,2410,g,17,g,8,g,0,g,0,g,1,g,7,g
77,johnnys pizza house,medium pizza extra sauce,1.5,g,0,mg,1440,g,23,g,5,g,0,g,0,g,7,g,12,g
78,johnnys pizza house,medium pizza lite sauce,0.5,g,0,mg,640,g,10,g,2,g,0,g,0,g,3,g,6,g
79,johnnys pizza house,medium pizza thick crust,27,g,0,mg,290,g,261,g,33,g,2,g,0.5,g,6,g,28,g
80,johnnys pizza house,medium pizza thin crust,10,g,0,mg,115,g,101,g,13,g,1,g,0,g,2,g,11,g
81,johnnys pizza house,medium sweep the kitchen pizza,114,g,265,mg,5380,g,211,g,124,g,42,g,1.5,g,13,g,33,g
82,johnnys pizza house,medium sweep the swamp pizza lto,79,g,260,mg,5770,g,212,g,106,g,30,g,0,g,10,g,35,g
83,johnnys pizza house,medium veg out pizza,69,g,115,mg,3300,g,210,g,85,g,26,g,0,g,13,g,32,g
84,johnnys pizza house,mighty meaty flip,30,g,75,mg,1710,g,78,g,37,g,10,g,0,g,2,g,10,g
85,johnnys pizza house,muffuletta half,105,g,100,mg,5040,g,88,g,51,g,22,g,2.5,g,6,g,4,g
86,johnnys pizza house,muffuletta quarter,58,g,50,mg,2600,g,52,g,26,g,12,g,1,g,4,g,3,g
87,johnnys pizza house,muffuletta whole,200,g,205,mg,9920,g,161,g,100,g,42,g,5,g,12,g,8,g
88,johnnys pizza house,muffuletta flip,33,g,75,mg,1930,g,76,g,38,g,9,g,0,g,2,g,9,g
89,johnnys pizza house,mug bud light 10 fl oz,0,g,0,mg,10,g,4,g,1,g,0,g,0,g,0,g,0,g
90,johnnys pizza house,mug budweiser 10 fl oz,0,g,0,mg,10,g,9,g,1,g,0,g,0,g,0,g,0,g
91,johnnys pizza house,mug coors 10 fl oz,0,g,0,mg,10,g,9,g,1,g,0,g,0,g,0,g,9,g
92,johnnys pizza house,mug michelob 10 fl oz,0,g,0,mg,10,g,11,g,1,g,0,g,0,g,0,g,0,g
93,johnnys pizza house,mug michelob ultra 10 fl oz,0,g,0,mg,10,g,2,g,1,g,0,g,0,g,0,g,0,g
94,johnnys pizza house,mug miller 10 fl oz,0,g,0,mg,5,g,11,g,1,g,0,g,0,g,0,g,0,g
95,johnnys pizza house,mug miller light 10 fl oz,0,g,0,mg,0,g,3,g,1,g,0,g,0,g,0,g,0,g
96,johnnys pizza house,nacho cheese 3 fl oz,10,g,5,mg,680,g,9,g,1,g,2,g,3.5,g,0,g,4,g
97,johnnys pizza house,party pleaser topping anchovies,3,g,25,mg,1040,g,0,g,8,g,0.5,g,0,g,0,g,0,g
98,johnnys pizza house,party pleaser topping andouille,32,g,80,mg,1500,g,4,g,16,g,10,g,0,g,0,g,2,g
99,johnnys pizza house,party pleaser topping bacon,30,g,80,mg,1640,g,1,g,26,g,10,g,0,g,0,g,0,g
100,johnnys pizza house,party pleaser topping bell pepper,0,g,0,mg,0,g,3,g,1,g,0,g,0,g,1,g,2,g
101,johnnys pizza house,party pleaser topping black olives,14,g,0,mg,940,g,8,g,1,g,2,g,0,g,4,g,0,g
102,johnnys pizza house,party pleaser topping chicken,3,g,70,mg,370,g,1,g,26,g,1,g,0,g,0,g,0,g
103,johnnys pizza house,party pleaser topping dcd tomatoes,0,g,0,mg,5,g,5,g,1,g,0,g,0,g,2,g,3,g
104,johnnys pizza house,party pleaser topping green olives,20,g,0,mg,1990,g,5,g,1,g,2.5,g,0,g,4,g,1,g
105,johnnys pizza house,party pleaser topping ham,5,g,100,mg,2120,g,2,g,38,g,2,g,0,g,0,g,1,g
106,johnnys pizza house,party pleaser topping hamburger,18,g,85,mg,75,g,0,g,26,g,7,g,1,g,0,g,0,g
107,johnnys pizza house,party pleaser topping jalapenos,0,g,0,mg,710,g,2,g,0,g,0,g,0,g,1,g,1,g
108,johnnys pizza house,party pleaser topping mushroom,0,g,0,mg,5,g,4,g,4,g,0,g,0,g,1,g,3,g
109,johnnys pizza house,party pleaser topping onion,0,g,0,mg,0,g,7,g,1,g,0,g,0,g,1,g,3,g
110,johnnys pizza house,party pleaser topping pepperoni,30,g,65,mg,1050,g,1,g,13,g,12,g,1,g,0,g,0,g
111,johnnys pizza house,party pleaser topping pineapple,0,g,0,mg,0,g,13,g,1,g,0,g,0,g,1,g,12,g
112,johnnys pizza house,party pleaser topping sausage,29,g,65,mg,580,g,1,g,14,g,10,g,0,g,0,g,0,g
113,johnnys pizza house,pepperoni flip,32,g,60,mg,1270,g,77,g,28,g,11,g,0.5,g,2,g,9,g
114,johnnys pizza house,personal peach puddin pizza 1 slice,9,g,0,mg,300,g,30,g,2,g,2,g,1,g,1,g,15,g
115,johnnys pizza house,personal pizza topping anchovies,2,g,20,mg,780,g,0,g,6,g,0,g,0,g,0,g,0,g
116,johnnys pizza house,personal pizza topping andouille sausage,16,g,40,mg,750,g,2,g,8,g,5,g,0,g,0,g,1,g
117,johnnys pizza house,personal pizza topping bacon,15,g,40,mg,820,g,1,g,13,g,5,g,0,g,0,g,0,g
118,johnnys pizza house,personal pizza topping bell pepper,0,g,0,mg,0,g,1,g,0,g,0,g,0,g,0,g,1,g
119,johnnys pizza house,personal pizza topping black olives,8,g,0,mg,520,g,4,g,1,g,1,g,0,g,2,g,0,g
120,johnnys pizza house,personal pizza topping cheddar cheese,27,g,80,mg,530,g,3,g,21,g,16,g,1,g,0,g,0,g
121,johnnys pizza house,personal pizza topping chicken,1.5,g,30,mg,160,g,1,g,11,g,0,g,0,g,0,g,0,g
122,johnnys pizza house,personal pizza topping crawfish lto,0.5,g,70,mg,800,g,0,g,9,g,0,g,0,g,0,g,0,g
123,johnnys pizza house,personal pizza topping diced tomatoes,0,g,0,mg,0,g,3,g,1,g,0,g,0,g,1,g,2,g
124,johnnys pizza house,personal pizza topping green olives,11,g,0,mg,1100,g,3,g,1,g,1.5,g,0,g,2,g,0,g
125,johnnys pizza house,personal pizza topping ham,1,g,15,mg,350,g,0,g,6,g,0,g,0,g,0,g,0,g
126,johnnys pizza house,personal pizza topping hamburger,8,g,35,mg,30,g,0,g,11,g,3,g,0,g,0,g,0,g
127,johnnys pizza house,personal pizza topping jalapenos,0,g,0,mg,590,g,2,g,0,g,0,g,0,g,1,g,1,g
128,johnnys pizza house,personal pizza topping mushroom,0,g,0,mg,0,g,2,g,2,g,0,g,0,g,1,g,1,g
129,johnnys pizza house,personal pizza topping onion,0,g,0,mg,0,g,3,g,0,g,0,g,0,g,1,g,2,g
130,johnnys pizza house,personal pizza topping pepperoni,16,g,35,mg,560,g,0,g,7,g,6,g,0,g,0,g,0,g
131,johnnys pizza house,personal pizza topping pineapple,0,g,0,mg,0,g,6,g,0,g,0,g,0,g,0,g,5,g
132,johnnys pizza house,personal pizza topping sausage,12,g,30,mg,250,g,0,g,6,g,4.5,g,0,g,0,g,0,g
133,johnnys pizza house,personal pizza topping shrimp lto,0,g,55,mg,980,g,1,g,9,g,0,g,0,g,0,g,1,g
134,johnnys pizza house,personal pizza topping taste of crab lto,0,g,10,mg,1210,g,8,g,4,g,0,g,0,g,0,g,3,g
135,johnnys pizza house,personal pizza extra sauce,0.5,g,0,mg,640,g,10,g,2,g,0,g,0,g,3,g,6,g
136,johnnys pizza house,personal pizza lite sauce,0,g,0,mg,160,g,3,g,1,g,0,g,0,g,1,g,1,g
137,johnnys pizza house,personal pizza thick crust,11,g,0,mg,120,g,109,g,14,g,1,g,0,g,2,g,12,g
138,johnnys pizza house,personal pizza thin crust,5,g,0,mg,55,g,51,g,6,g,0,g,0,g,1,g,5,g
139,johnnys pizza house,personal bacon cheeseburger pizza,47,g,125,mg,1630,g,86,g,51,g,19,g,1,g,4,g,13,g
140,johnnys pizza house,personal bacon chicken ranchero pizza,64,g,120,mg,1640,g,81,g,48,g,20,g,0.5,g,2,g,9,g
141,johnnys pizza house,personal bbq chicken pizza,37,g,110,mg,2050,g,112,g,49,g,15,g,0.5,g,4,g,38,g
142,johnnys pizza house,personal buffalo chicken pizza,38,g,110,mg,3680,g,81,g,48,g,16,g,1,g,2,g,10,g
143,johnnys pizza house,personal cheese pizza original crust regular sauce,25,g,45,mg,1110,g,83,g,33,g,10,g,0,g,4,g,12,g
144,johnnys pizza house,personal hog heaven pizza,45,g,125,mg,2610,g,85,g,57,g,17,g,0,g,4,g,13,g
145,johnnys pizza house,personal maui wowie pizza,36,g,125,mg,2720,g,88,g,61,g,14,g,0,g,4,g,17,g
146,johnnys pizza house,personal mighty meaty pizza,52,g,150,mg,2590,g,84,g,63,g,20,g,0.5,g,4,g,13,g
147,johnnys pizza house,personal pepperoni power pizza,61,g,130,mg,2390,g,85,g,57,g,25,g,1,g,4,g,13,g
148,johnnys pizza house,personal sweep the kitchen pizza,49,g,115,mg,2310,g,89,g,53,g,18,g,0.5,g,6,g,14,g
149,johnnys pizza house,personal sweep the swamp pizza lto,31,g,115,mg,2610,g,90,g,45,g,12,g,0,g,5,g,15,g
150,johnnys pizza house,personal veg out pizza,28,g,45,mg,1420,g,88,g,35,g,10,g,0,g,6,g,14,g
151,johnnys pizza house,pitcher bud light 60 fl oz,0,g,0,mg,55,g,23,g,4,g,0,g,0,g,0,g,0,g
152,johnnys pizza house,pitcher budweiser 60 fl oz,0,g,0,mg,55,g,53,g,6,g,0,g,0,g,0,g,0,g
153,johnnys pizza house,pitcher coors 60 fl oz,0,g,0,mg,55,g,57,g,6,g,0,g,0,g,0,g,54,g
154,johnnys pizza house,pitcher michelob 60 fl oz,0,g,0,mg,45,g,67,g,6,g,0,g,0,g,0,g,0,g
155,johnnys pizza house,pitcher michelob ultra 60 fl oz,0,g,0,mg,55,g,13,g,3,g,0,g,0,g,0,g,0,g
156,johnnys pizza house,pitcher miller 60 fl oz,0,g,0,mg,35,g,66,g,5,g,0,g,0,g,0,g,0,g
157,johnnys pizza house,pitcher miller light 60 fl oz,0,g,0,mg,25,g,16,g,3,g,0,g,0,g,0,g,0,g
158,johnnys pizza house,pizza sauce 3 fl oz,0.5,g,0,mg,530,g,8,g,2,g,0,g,0,g,2,g,5,g
159,johnnys pizza house,salad bar baby carrot 1 each,0,g,0,mg,10,g,1,g,0,g,0,g,0,g,0,g,1,g
160,johnnys pizza house,salad bar bacon bits 1 tbsp,2,g,0,mg,125,g,2,g,2,g,0,g,0,g,1,g,0,g
161,johnnys pizza house,salad bar balsamic dressing 1 ladle,5,g,0,mg,270,g,7,g,0,g,0.5,g,0,g,0,g,6,g
162,johnnys pizza house,salad bar bell peppers 1 4 cup,0,g,0,mg,0,g,2,g,0,g,0,g,0,g,1,g,1,g
163,johnnys pizza house,salad bar black olives 1 tbsp,1,g,0,mg,60,g,1,g,0,g,0,g,0,g,0,g,0,g
164,johnnys pizza house,salad bar blue cheese dressing 1 ladle,22,g,20,mg,340,g,1,g,1,g,4.5,g,0,g,0,g,1,g
165,johnnys pizza house,salad bar broccoli 1 4 cup,0,g,0,mg,0,g,1,g,1,g,0,g,0,g,0,g,0,g
166,johnnys pizza house,salad bar cheddar cheese 1 tbsp,2,g,5,mg,45,g,0,g,2,g,1.5,g,0,g,0,g,0,g
167,johnnys pizza house,salad bar cherry tomato 1 each,0,g,0,mg,0,g,1,g,0,g,0,g,0,g,0,g,0,g
168,johnnys pizza house,salad bar club crackers 1 pack,1.5,g,0,mg,50,g,5,g,1,g,0,g,0,g,0,g,1,g
169,johnnys pizza house,salad bar croutons 1 tbsp,0,g,0,mg,30,g,2,g,0,g,0,g,0,g,0,g,0,g
170,johnnys pizza house,salad bar cucumbers 1 4 cup,0,g,0,mg,0,g,1,g,0,g,0,g,0,g,0,g,0,g
171,johnnys pizza house,salad bar diced eggs 1 tbsp,1,g,30,mg,10,g,0,g,1,g,0,g,0,g,0,g,0,g
172,johnnys pizza house,salad bar diced ham 1 oz,0.5,g,15,mg,280,g,0,g,5,g,0,g,0,g,0,g,0,g
173,johnnys pizza house,salad bar diced peaches 1 tbsp,0,g,0,mg,0,g,2,g,0,g,0,g,0,g,0,g,2,g
174,johnnys pizza house,salad bar diced tomatoes 1 4 cup,0,g,0,mg,0,g,2,g,0,g,0,g,0,g,1,g,1,g
175,johnnys pizza house,salad bar grape tomatoes 1 each,0,g,0,mg,0,g,1,g,0,g,0,g,0,g,0,g,0,g
176,johnnys pizza house,salad bar green olives 1 tbsp,1.5,g,0,mg,140,g,0,g,0,g,0,g,0,g,0,g,0,g
177,johnnys pizza house,salad bar iceberg lettuce 1 cup,0,g,0,mg,5,g,2,g,1,g,0,g,0,g,1,g,1,g
178,johnnys pizza house,salad bar iceberg lettuce mix 1 cup,0,g,0,mg,10,g,3,g,1,g,0,g,0,g,1,g,1,g
179,johnnys pizza house,salad bar iceberg romaine lettuce mix 1 cup,0,g,0,mg,5,g,2,g,0,g,0,g,0,g,0,g,1,g
180,johnnys pizza house,salad bar italian dressing 1 ladle,14,g,0,mg,280,g,4,g,0,g,2,g,0,g,0,g,2,g
181,johnnys pizza house,salad bar kosher pickle spear 1 each,0,g,0,mg,180,g,1,g,0,g,0,g,0,g,0,g,0,g
182,johnnys pizza house,salad bar mushrooms 1 4 cup,0,g,0,mg,0,g,1,g,1,g,0,g,0,g,0,g,0,g
183,johnnys pizza house,salad bar pickled okra 1 each,0,g,0,mg,210,g,0,g,0,g,0,g,0,g,0,g,0,g
184,johnnys pizza house,salad bar radishes 1 4 cup,0,g,0,mg,10,g,1,g,0,g,0,g,0,g,0,g,1,g
185,johnnys pizza house,salad bar ranch dressing 1 ladle,16,g,5,mg,250,g,1,g,0,g,2.5,g,0,g,0,g,0,g
186,johnnys pizza house,salad bar red onion 1 4 cup,0,g,0,mg,0,g,3,g,0,g,0,g,0,g,0,g,1,g
187,johnnys pizza house,salad bar saltine crackers 1 each,0,g,0,mg,40,g,2,g,1,g,0,g,0,g,0,g,0,g
188,johnnys pizza house,salad bar shredded carrots 1 4 cup,0,g,0,mg,20,g,3,g,0,g,0,g,0,g,1,g,1,g
189,johnnys pizza house,salad bar spinach 1 4 cup,0,g,0,mg,5,g,0,g,0,g,0,g,0,g,0,g,0,g
190,johnnys pizza house,salad bar sunflower seeds 1 tbsp,4.5,g,0,mg,0,g,2,g,2,g,0.5,g,0,g,1,g,0,g
191,johnnys pizza house,salad bar thousand island dressing 1 ladle,17,g,15,mg,440,g,9,g,0,g,2.5,g,0,g,0,g,7,g
192,johnnys pizza house,small bacon cheeseburger pizza,76,g,200,mg,2540,g,135,g,83,g,31,g,1.5,g,6,g,20,g
193,johnnys pizza house,small bacon chicken ranchero pizza,99,g,200,mg,2660,g,130,g,79,g,32,g,1,g,4,g,15,g
194,johnnys pizza house,small bbq chicken pizza,63,g,185,mg,3210,g,171,g,80,g,26,g,1,g,5,g,53,g
195,johnnys pizza house,small buffalo chicken pizza,64,g,185,mg,5390,g,129,g,79,g,26,g,1.5,g,4,g,15,g
196,johnnys pizza house,small cheese pizza original crust regular sauce,41,g,75,mg,1690,g,131,g,54,g,16,g,0,g,6,g,19,g
197,johnnys pizza house,small fountain coke 12 fl oz,0,g,0,mg,45,g,39,g,0,g,0,g,0,g,0,g,39,g
198,johnnys pizza house,small fountain coke zero 12 fl oz,0,g,0,mg,40,g,0,g,0,g,0,g,0,g,0,g,0,g
199,johnnys pizza house,small fountain diet coke 12 fl oz,0,g,0,mg,40,g,0,g,0,g,0,g,0,g,0,g,0,g
200,johnnys pizza house,small fountain diet dr pepper 12 fl oz,0,g,0,mg,55,g,0,g,0,g,0,g,0,g,0,g,0,g
201,johnnys pizza house,small fountain dr pepper 12 fl oz,0,g,0,mg,55,g,41,g,0,g,0,g,0,g,0,g,41,g
202,johnnys pizza house,small fountain orange fanta 12 fl oz,0,g,0,mg,60,g,45,g,0,g,0,g,0,g,0,g,44,g
203,johnnys pizza house,small fountain pink lemonade 12 fl oz,0,g,0,mg,105,g,43,g,0,g,0,g,0,g,0,g,41,g
204,johnnys pizza house,small fountain powderade mountain berry blast 12 fl oz,0,g,0,mg,150,g,21,g,0,g,0,g,0,g,0,g,21,g
205,johnnys pizza house,small fountain root beer 12 fl oz,0,g,0,mg,70,g,45,g,0,g,0,g,0,g,0,g,45,g
206,johnnys pizza house,small fountain sprite 12 fl oz,0,g,0,mg,35,g,39,g,0,g,0,g,0,g,0,g,39,g
207,johnnys pizza house,small fountain strawberry fanta 12 fl oz,0,g,0,mg,45,g,48,g,0,g,0,g,0,g,0,g,48,g
208,johnnys pizza house,small fountain sweet tea 12 fl oz,0,g,0,mg,10,g,49,g,0,g,0,g,0,g,0,g,48,g
209,johnnys pizza house,small fountain unsweetened iced tea 12 fl oz,0,g,0,mg,10,g,1,g,0,g,0,g,0,g,0,g,0,g
210,johnnys pizza house,small hog heaven pizza,74,g,205,mg,4260,g,135,g,94,g,27,g,0,g,6,g,20,g
211,johnnys pizza house,small maui wowie pizza,60,g,200,mg,4300,g,139,g,100,g,23,g,0,g,6,g,25,g
212,johnnys pizza house,small mighty meaty pizza,84,g,240,mg,4210,g,133,g,103,g,32,g,1,g,6,g,19,g
213,johnnys pizza house,small peach puddin pizza 1 slice,15,g,0,mg,480,g,48,g,3,g,3,g,1.5,g,1,g,24,g
214,johnnys pizza house,small pepperoni power pizza,99,g,215,mg,3700,g,135,g,92,g,41,g,1.5,g,6,g,19,g
215,johnnys pizza house,small pizza topping anchovies,3,g,25,mg,1040,g,0,g,8,g,0.5,g,0,g,0,g,0,g
216,johnnys pizza house,small pizza topping andouille sausage,20,g,50,mg,940,g,3,g,10,g,6,g,0,g,0,g,1,g
217,johnnys pizza house,small pizza topping bacon,24,g,60,mg,1310,g,1,g,21,g,8,g,0,g,0,g,0,g
218,johnnys pizza house,small pizza topping bell pepper,0,g,0,mg,0,g,2,g,0,g,0,g,0,g,1,g,1,g
219,johnnys pizza house,small pizza topping black olives,12,g,0,mg,830,g,7,g,1,g,1.5,g,0,g,4,g,0,g
220,johnnys pizza house,small pizza topping cheddar cheese,46,g,135,mg,890,g,6,g,34,g,26,g,1.5,g,1,g,0,g
221,johnnys pizza house,small pizza topping chicken,2,g,45,mg,240,g,1,g,17,g,0.5,g,0,g,0,g,0,g
222,johnnys pizza house,small pizza topping crawfish lto,1,g,90,mg,1000,g,0,g,11,g,0,g,0,g,0,g,0,g
223,johnnys pizza house,small pizza topping diced tomatoes,0,g,0,mg,5,g,4,g,1,g,0,g,0,g,1,g,3,g
224,johnnys pizza house,small pizza topping green olives,17,g,0,mg,1760,g,4,g,1,g,2.5,g,0,g,4,g,1,g
225,johnnys pizza house,small pizza topping ham,1.5,g,25,mg,560,g,1,g,10,g,0,g,0,g,0,g,0,g
226,johnnys pizza house,small pizza topping hamburger,11,g,55,mg,50,g,0,g,16,g,4.5,g,0,g,0,g,0,g
227,johnnys pizza house,small pizza topping jalapenos,0.5,g,0,mg,950,g,3,g,1,g,0,g,0,g,1,g,1,g
228,johnnys pizza house,small pizza topping mushroom,0,g,0,mg,5,g,4,g,4,g,0,g,0,g,1,g,2,g
229,johnnys pizza house,small pizza topping onion,0,g,0,mg,0,g,5,g,1,g,0,g,0,g,1,g,2,g
230,johnnys pizza house,small pizza topping pepperoni,25,g,55,mg,900,g,0,g,11,g,10,g,0.5,g,0,g,0,g
231,johnnys pizza house,small pizza topping pineapple,0,g,0,mg,0,g,8,g,1,g,0,g,0,g,1,g,8,g
232,johnnys pizza house,small pizza topping sausage,19,g,45,mg,380,g,0,g,9,g,7,g,0,g,0,g,0,g
233,johnnys pizza house,small pizza topping shrimp lto,0,g,70,mg,1220,g,1,g,11,g,0,g,0,g,0,g,1,g
234,johnnys pizza house,small pizza topping taste of crab lto,0,g,15,mg,1510,g,10,g,5,g,0,g,0,g,0,g,4,g
235,johnnys pizza house,small pizza extra sauce,1,g,0,mg,960,g,15,g,3,g,0,g,0,g,5,g,8,g
236,johnnys pizza house,small pizza lite sauce,0,g,0,mg,320,g,5,g,1,g,0,g,0,g,2,g,3,g
237,johnnys pizza house,small pizza thick crust,20,g,0,mg,220,g,196,g,25,g,1.5,g,0.5,g,4,g,21,g
238,johnnys pizza house,small pizza thin crust,9,g,0,mg,95,g,87,g,11,g,0.5,g,0,g,2,g,9,g
239,johnnys pizza house,small sweep the kitchen pizza,77,g,180,mg,3610,g,141,g,84,g,29,g,1,g,9,g,22,g
240,johnnys pizza house,small sweep the swamp pizza lto,52,g,170,mg,3810,g,141,g,71,g,20,g,0,g,7,g,23,g
241,johnnys pizza house,small veg out pizza,46,g,75,mg,2170,g,140,g,57,g,17,g,0,g,9,g,22,g
242,johnnys pizza house,sprite 2 liter bottle,0,g,0,mg,190,g,220,g,0,g,0,g,0,g,0,g,220,g
243,johnnys pizza house,sweet tea 1 gallon,0,g,0,mg,120,g,526,g,0,g,0,g,0,g,0,g,514,g
244,johnnys pizza house,unsweetened iced tea 1 gallon,0,g,0,mg,115,g,11,g,0,g,0,g,0,g,0,g,0,g
245,johnnys pizza house,veg out flip,18,g,25,mg,870,g,80,g,22,g,5,g,0,g,3,g,10,g
246,johnnys pizza house,wing sauce bbq sauce 1 5 fl oz,0,g,0,mg,430,g,17,g,1,g,0,g,0,g,1,g,15,g
247,johnnys pizza house,wing sauce garlic parmesan sauce 1 5 fl oz,13,g,0,mg,720,g,3,g,1,g,2,g,0,g,1,g,1,g
248,johnnys pizza house,wing sauce hot buffalo sauce 1 5 fl oz,0.5,g,0,mg,1310,g,1,g,0,g,0,g,0,g,0,g,0,g
249,johnnys pizza house,wing sauce ranch dressing 4 fl oz,48,g,20,mg,760,g,4,g,0,g,8,g,0,g,0,g,0,g
250,johnnys pizza house,wing sauce sweet and tangy sauce sweet baby 1 5 fl oz,1,g,0,mg,610,g,29,g,1,g,0,g,0,g,0,g,26,g
251,jreck subs,american cheese half sub,5,g,10,mg,180,g,1,g,3,g,3,g,0,g,0,g,0,g
252,jreck subs,animal crackers,4,g,0,mg,135,g,22,g,2,g,2,g,0,g,1,g,7,g
253,jreck subs,apple and eve juice power punch fruitable,0,g,0,mg,15,g,14,g,0,g,0,g,0,g,0,g,12,g
254,jreck subs,apple and eve juice white grape raspberry,0,g,0,mg,15,g,21,g,0,g,0,g,0,g,0,g,18,g
255,jreck subs,apple pastry mini bites,2,g,0,mg,80,g,9,g,1,g,1,g,0,g,1,g,3,g
256,jreck subs,asiago cheese roll half sub,4,g,5,mg,390,g,27,g,7,g,2,g,0,g,0,g,2,g
257,jreck subs,baked lays bbq chips,3,g,0,mg,210,g,25,g,2,g,1,g,0,g,2,g,3,g
258,jreck subs,baked lays regular chips,2,g,0,mg,150,g,26,g,2,g,0,g,0,g,2,g,2,g
259,jreck subs,brioche roll half sub,2,g,0,mg,330,g,33,g,2,g,0,g,0,g,0,g,4,g
260,jreck subs,broccoli and cheddar bites battered,23,g,15,mg,800,g,32,g,9,g,7,g,0,g,5,g,5,g
261,jreck subs,brownie,11,g,15,mg,140,g,34,g,2,g,3,g,0,g,1,g,15,g
262,jreck subs,bug bite cinnamon graham crackers,4,g,0,mg,115,g,21,g,2,g,1,g,0,g,1,g,8,g
263,jreck subs,cauliflower battered,21,g,0,mg,690,g,36,g,5,g,3,g,0,g,2,g,3,g
264,jreck subs,cheese ravioli breaded 7 pieces,19,g,55,mg,510,g,47,g,12,g,6,g,0,g,2,g,4,g
265,jreck subs,cheetos crunchy cheese snacks,20,g,0,mg,500,g,26,g,4,g,3,g,0,g,2,g,2,g
266,jreck subs,chicken breast bites lightly breaded,16,g,90,mg,570,g,17,g,28,g,2,g,0,g,0,g,0,g
267,jreck subs,chicken tenders 4 piece,20,g,60,mg,1280,g,28,g,32,g,3,g,0,g,2,g,0,g
268,jreck subs,chocolate milk low fat pint,6,g,20,mg,40,g,62,g,16,g,4,g,0,g,0,g,58,g
269,jreck subs,chocolate milk half pint,8,g,30,mg,150,g,26,g,8,g,5,g,0,g,2,g,24,g
270,jreck subs,clam strips,23,g,15,mg,930,g,39,g,9,g,3,g,0,g,1,g,4,g
271,jreck subs,cookie butter sugar,7,g,15,mg,140,g,22,g,2,g,4,g,0,g,0,g,12,g
272,jreck subs,cookie carnival,7,g,10,mg,120,g,22,g,2,g,3,g,0,g,1,g,14,g
273,jreck subs,cookie chocolate chip,8,g,10,mg,125,g,24,g,2,g,4,g,0,g,1,g,15,g
274,jreck subs,cookie chocolate chip pecan,9,g,10,mg,110,g,21,g,2,g,4,g,0,g,1,g,13,g
275,jreck subs,cookie double chocolate chip,9,g,10,mg,115,g,22,g,2,g,4,g,0,g,1,g,14,g
276,jreck subs,cookie oatmeal raisin,5,g,10,mg,125,g,21,g,2,g,4,g,0,g,1,g,12,g
277,jreck subs,cookie peanut butter,9,g,10,mg,160,g,19,g,3,g,4,g,0,g,1,g,11,g
278,jreck subs,cookie white chocolate macadamia,8,g,15,mg,120,g,21,g,2,g,4,g,0,g,0,g,13,g
279,jreck subs,corn nuggets battered,19,g,0,mg,600,g,48,g,5,g,2,g,0,g,3,g,12,g
280,jreck subs,crispy battered green beans,19,g,0,mg,1070,g,43,g,10,g,3,g,0,g,5,g,7,g
281,jreck subs,croutons,1,g,0,mg,95,g,5,g,1,g,0,g,0,g,0,g,1,g
282,jreck subs,doritos tortilla cool ranch chips,14,g,0,mg,320,g,32,g,4,g,2,g,0,g,4,g,2,g
283,jreck subs,doritos tortilla nacho cheese chips,14,g,0,mg,370,g,28,g,4,g,2,g,0,g,2,g,0,g
284,jreck subs,french fries,13,g,0,mg,430,g,38,g,3,g,3,g,0,g,3,g,0,g
285,jreck subs,frito corn chips,20,g,0,mg,340,g,30,g,4,g,3,g,0,g,2,g,2,g
286,jreck subs,garlic and dill roll half sub,3,g,0,mg,370,g,31,g,6,g,1,g,0,g,0,g,2,g
287,jreck subs,half sub dressings bbq sauce,0,g,0,mg,230,g,9,g,0,g,0,g,0,g,0,g,8,g
288,jreck subs,half sub dressings blue cheese,11,g,10,mg,180,g,1,g,1,g,2,g,0,g,0,g,1,g
289,jreck subs,half sub dressings buttermilk ranch,11,g,5,mg,210,g,1,g,0,g,2,g,0,g,0,g,1,g
290,jreck subs,half sub dressings cheddar cheese sauce,2,g,5,mg,180,g,2,g,1,g,1,g,0,g,0,g,1,g
291,jreck subs,half sub dressings chile sauce,0,g,0,mg,290,g,6,g,0,g,0,g,0,g,0,g,4,g
292,jreck subs,half sub dressings chipotle mayonnaise,13,g,5,mg,160,g,1,g,0,g,2,g,0,g,0,g,0,g
293,jreck subs,half sub dressings heinz ketchup pc packet,0,g,0,mg,85,g,3,g,0,g,0,g,0,g,0,g,2,g
294,jreck subs,half sub dressings heinz mustard pc packet,0,g,0,mg,85,g,0,g,1,g,0,g,0,g,0,g,0,g
295,jreck subs,half sub dressings honey mustard,7,g,5,mg,135,g,3,g,0,g,1,g,0,g,0,g,0,g
296,jreck subs,half sub dressings horseradish dijon,8,g,5,mg,150,g,4,g,0,g,1,g,0,g,0,g,4,g
297,jreck subs,half sub dressings hot sauce,0,g,0,mg,440,g,0,g,0,g,0,g,0,g,0,g,0,g
298,jreck subs,half sub dressings jreck italian dressing,13,g,0,mg,50,g,0,g,0,g,2,g,0,g,0,g,0,g
299,jreck subs,half sub dressings jreck mayonnaise,8,g,5,mg,40,g,4,g,0,g,1,g,0,g,0,g,0,g
300,jreck subs,half sub dressings jreck spaghetti sauce,0,g,0,mg,125,g,3,g,1,g,0,g,0,g,1,g,2,g
301,jreck subs,half sub dressings kens balsamic vinaigrette pc pouch,17,g,0,mg,330,g,4,g,0,g,3,g,0,g,0,g,3,g
302,jreck subs,half sub dressings kens blue cheese pc pouch,23,g,15,mg,490,g,2,g,1,g,4,g,0,g,0,g,2,g
303,jreck subs,half sub dressings kens italian lite pc pouch,4,g,0,mg,530,g,3,g,0,g,1,g,0,g,0,g,3,g
304,jreck subs,half sub dressings kens mayonnaise pc packet,10,g,10,mg,70,g,0,g,0,g,2,g,0,g,0,g,0,g
305,jreck subs,half sub dressings kens ranch fat free pc pouch,0,g,0,mg,550,g,13,g,0,g,0,g,0,g,1,g,5,g
306,jreck subs,half sub dressings kens ranch pc pouch,28,g,10,mg,240,g,2,g,1,g,4,g,0,g,0,g,2,g
307,jreck subs,half sub dressings kens raspberry vinaigrette ff pc pouch,0,g,0,mg,110,g,12,g,0,g,0,g,0,g,0,g,10,g
308,jreck subs,half sub dressings kens thousand islands pc pouch,18,g,20,mg,370,g,6,g,0,g,3,g,0,g,0,g,4,g
309,jreck subs,half sub dressings ketchup,0,g,0,mg,160,g,5,g,0,g,0,g,0,g,0,g,4,g
310,jreck subs,half sub dressings mustard,0,g,0,mg,150,g,0,g,0,g,0,g,0,g,0,g,0,g
311,jreck subs,half sub dressings russian dressing,9,g,5,mg,210,g,4,g,0,g,1,g,0,g,0,g,3,g
312,jreck subs,half sub dressings spicy mustard,0,g,0,mg,180,g,0,g,0,g,0,g,0,g,0,g,0,g
313,jreck subs,half sub dressings steak sauce,0,g,0,mg,110,g,2,g,0,g,0,g,0,g,0,g,1,g
314,jreck subs,half sub dressings tarter sauce,8,g,5,mg,120,g,2,g,0,g,1,g,0,g,0,g,2,g
315,jreck subs,half sub dressings teriyaki sauce,0,g,0,mg,290,g,9,g,1,g,0,g,0,g,0,g,8,g
316,jreck subs,half sub extra bacon,8,g,15,mg,380,g,0,g,5,g,3,g,0,g,0,g,0,g
317,jreck subs,half sub protein bacon blt,13,g,25,mg,630,g,0,g,8,g,5,g,0,g,0,g,0,g
318,jreck subs,half sub protein bbq pork rib,23,g,65,mg,560,g,12,g,12,g,7,g,0,g,1,g,9,g
319,jreck subs,half sub protein bbq pulled pork with sauce,5,g,45,mg,450,g,12,g,13,g,2,g,0,g,1,g,10,g
320,jreck subs,half sub protein beef patty cheeseburger sub,14,g,70,mg,70,g,0,g,20,g,5,g,1,g,0,g,0,g
321,jreck subs,half sub protein breaded chicken hoagie,19,g,45,mg,680,g,16,g,12,g,4,g,0,g,2,g,1,g
322,jreck subs,half sub protein breaded clam strips clam roll,23,g,15,mg,930,g,39,g,9,g,3,g,0,g,1,g,4,g
323,jreck subs,half sub protein breaded eggplant,5,g,0,mg,400,g,18,g,3,g,0,g,0,g,3,g,2,g
324,jreck subs,half sub protein breaded veal,25,g,45,mg,690,g,20,g,15,g,10,g,1,g,2,g,1,g
325,jreck subs,half sub protein cheese sub american,15,g,30,mg,540,g,3,g,9,g,9,g,0,g,0,g,0,g
326,jreck subs,half sub protein cheese sub provolone,12,g,25,mg,320,g,0,g,9,g,6,g,0,g,0,g,0,g
327,jreck subs,half sub protein cheese sub swiss,12,g,40,mg,90,g,0,g,12,g,9,g,0,g,0,g,0,g
328,jreck subs,half sub protein chicken salad,33,g,55,mg,220,g,1,g,9,g,6,g,0,g,0,g,0,g
329,jreck subs,half sub protein chicken stir fry,1,g,40,mg,530,g,2,g,16,g,0,g,0,g,0,g,0,g
330,jreck subs,half sub protein cooked salami,11,g,40,mg,550,g,2,g,6,g,4,g,0,g,0,g,0,g
331,jreck subs,half sub protein croghan bologna,6,g,40,mg,390,g,2,g,9,g,3,g,0,g,0,g,0,g
332,jreck subs,half sub protein deli corn beef,2,g,5,mg,320,g,1,g,11,g,1,g,0,g,0,g,0,g
333,jreck subs,half sub protein deli ham,2,g,30,mg,670,g,2,g,9,g,1,g,0,g,0,g,2,g
334,jreck subs,half sub protein deli roast beef,2,g,25,mg,510,g,0,g,10,g,1,g,0,g,0,g,0,g
335,jreck subs,half sub protein deli turkey,1,g,20,mg,440,g,1,g,9,g,0,g,0,g,0,g,0,g
336,jreck subs,half sub protein egg salad,23,g,265,mg,160,g,1,g,1,g,5,g,0,g,0,g,1,g
337,jreck subs,half sub protein fish battered pollock,12,g,35,mg,370,g,15,g,9,g,2,g,0,g,0,g,0,g
338,jreck subs,half sub protein grilled chicken,5,g,50,mg,530,g,3,g,14,g,2,g,0,g,0,g,2,g
339,jreck subs,half sub protein hard salami,18,g,45,mg,810,g,0,g,11,g,8,g,0,g,0,g,0,g
340,jreck subs,half sub protein hot ham capicola,2,g,20,mg,480,g,4,g,7,g,1,g,0,g,0,g,3,g
341,jreck subs,half sub protein italian sub meat mix,16,g,40,mg,850,g,2,g,12,g,7,g,0,g,0,g,2,g
342,jreck subs,half sub protein meatball,16,g,50,mg,520,g,4,g,14,g,6,g,1,g,1,g,0,g
343,jreck subs,half sub protein popcorn chicken,17,g,25,mg,720,g,16,g,16,g,3,g,0,g,2,g,1,g
344,jreck subs,half sub protein regular sub meat mix,10,g,35,mg,590,g,1,g,7,g,3,g,0,g,0,g,1,g
345,jreck subs,half sub protein sandwich pepperoni,19,g,45,mg,840,g,2,g,11,g,8,g,0,g,0,g,2,g
346,jreck subs,half sub protein sausage,26,g,70,mg,1000,g,5,g,14,g,9,g,0,g,0,g,4,g
347,jreck subs,half sub protein seafood salad,27,g,25,mg,590,g,11,g,4,g,5,g,0,g,0,g,3,g
348,jreck subs,half sub protein steak,9,g,35,mg,210,g,2,g,12,g,4,g,0,g,0,g,0,g
349,jreck subs,half sub protein tuna salad,35,g,45,mg,320,g,0,g,9,g,6,g,0,g,0,g,0,g
350,jreck subs,half sub protein vegetarian american,10,g,20,mg,360,g,2,g,6,g,6,g,0,g,0,g,0,g
351,jreck subs,half sub protein vegetarian provolone,8,g,20,mg,220,g,0,g,6,g,4,g,0,g,0,g,0,g
352,jreck subs,half sub protein vegetarian swiss,8,g,25,mg,60,g,0,g,8,g,6,g,0,g,0,g,0,g
353,jreck subs,half sub toppings chopped cherry peppers,0,g,0,mg,100,g,0,g,0,g,0,g,0,g,0,g,0,g
354,jreck subs,half sub toppings grated parmesan cheese,0,g,0,mg,25,g,0,g,0,g,0,g,0,g,0,g,0,g
355,jreck subs,half sub toppings iceberg lettuce shredded,0,g,0,mg,0,g,1,g,0,g,0,g,0,g,0,g,1,g
356,jreck subs,half sub toppings mushrooms heat processed,0,g,0,mg,130,g,1,g,0,g,0,g,0,g,1,g,0,g
357,jreck subs,half sub toppings onion sliced,0,g,0,mg,0,g,1,g,0,g,0,g,0,g,0,g,1,g
358,jreck subs,half sub toppings pickle shreddies,0,g,0,mg,130,g,0,g,0,g,0,g,0,g,0,g,0,g
359,jreck subs,half sub toppings red and green peppers,0,g,0,mg,0,g,2,g,0,g,0,g,0,g,0,g,1,g
360,jreck subs,half sub toppings sauerkraut,0,g,0,mg,150,g,2,g,0,g,0,g,0,g,2,g,0,g
361,jreck subs,half sub toppings sliced banana pepper,0,g,0,mg,95,g,0,g,0,g,0,g,0,g,0,g,0,g
362,jreck subs,half sub toppings sliced olives,1,g,0,mg,70,g,1,g,0,g,0,g,0,g,0,g,0,g
363,jreck subs,half sub toppings spinach whole leaf,0,g,0,mg,5,g,0,g,0,g,0,g,0,g,0,g,0,g
364,jreck subs,half sub toppings tomato,0,g,0,mg,0,g,1,g,0,g,0,g,0,g,0,g,1,g
365,jreck subs,half sub bbq pork rib with bbq sauce,25,g,65,mg,1180,g,61,g,20,g,8,g,0,g,3,g,20,g
366,jreck subs,half sub bbq pulled pork with bbq sauce,7,g,45,mg,940,g,52,g,21,g,3,g,0,g,3,g,13,g
367,jreck subs,half sub blt bacon lettuce tomato mayo,24,g,35,mg,1240,g,47,g,16,g,8,g,0,g,2,g,5,g
368,jreck subs,half sub breaded chicken hoagie,21,g,45,mg,1170,g,56,g,20,g,5,g,0,g,4,g,4,g
369,jreck subs,half sub breaded clam strips clam roll,25,g,15,mg,1420,g,79,g,17,g,4,g,0,g,3,g,7,g
370,jreck subs,half sub breaded eggplant parm,7,g,0,mg,1010,g,61,g,12,g,1,g,0,g,6,g,7,g
371,jreck subs,half sub breaded veal parm,27,g,45,mg,1300,g,63,g,24,g,11,g,1,g,5,g,6,g
372,jreck subs,half sub cheese burger sub american cheese,20,g,80,mg,670,g,42,g,31,g,8,g,1,g,2,g,5,g
373,jreck subs,half sub cheese sub,12,g,20,mg,850,g,45,g,14,g,7,g,0,g,2,g,6,g
374,jreck subs,half sub chicken salad,35,g,55,mg,710,g,44,g,17,g,7,g,0,g,2,g,6,g
375,jreck subs,half sub chicken stir fry,3,g,40,mg,1020,g,42,g,24,g,1,g,0,g,2,g,3,g
376,jreck subs,half sub cooked salami,13,g,40,mg,1050,g,45,g,14,g,5,g,0,g,2,g,6,g
377,jreck subs,half sub corned beef rueben swiss russian,13,g,15,mg,1090,g,47,g,20,g,4,g,0,g,4,g,6,g
378,jreck subs,half sub croghan bologna,8,g,40,mg,880,g,45,g,17,g,4,g,0,g,2,g,6,g
379,jreck subs,half sub deli corned beef,4,g,5,mg,810,g,44,g,19,g,2,g,0,g,2,g,6,g
380,jreck subs,half sub deli ham,4,g,30,mg,1160,g,45,g,17,g,2,g,0,g,2,g,8,g
381,jreck subs,half sub deli roast beef,4,g,25,mg,1000,g,43,g,18,g,2,g,0,g,2,g,6,g
382,jreck subs,half sub deli turkey,3,g,20,mg,930,g,44,g,17,g,1,g,0,g,2,g,6,g
383,jreck subs,half sub egg salad,25,g,265,mg,660,g,44,g,9,g,6,g,0,g,2,g,7,g
384,jreck subs,half sub fish battered pollock,14,g,35,mg,860,g,55,g,17,g,3,g,0,g,2,g,3,g
385,jreck subs,half sub grilled chicken,7,g,50,mg,1020,g,43,g,22,g,3,g,0,g,4,g,5,g
386,jreck subs,half sub hard salami,20,g,45,mg,1300,g,43,g,19,g,9,g,0,g,2,g,6,g
387,jreck subs,half sub hot ham capicola,4,g,20,mg,980,g,47,g,15,g,2,g,0,g,2,g,9,g
388,jreck subs,half sub italian sub,18,g,40,mg,1340,g,45,g,20,g,8,g,0,g,2,g,8,g
389,jreck subs,half sub meatball,18,g,50,mg,1130,g,47,g,23,g,7,g,1,g,4,g,5,g
390,jreck subs,half sub pizza sub,21,g,45,mg,1450,g,45,g,20,g,9,g,0,g,3,g,7,g
391,jreck subs,half sub popcorn chicken,19,g,25,mg,1210,g,56,g,24,g,4,g,0,g,4,g,4,g
392,jreck subs,half sub regular sub,12,g,35,mg,1090,g,44,g,15,g,4,g,0,g,2,g,7,g
393,jreck subs,half sub sandwich pepperoni,21,g,45,mg,1330,g,45,g,19,g,9,g,0,g,2,g,8,g
394,jreck subs,half sub sausage and peppers,37,g,80,mg,1610,g,54,g,22,g,12,g,0,g,2,g,10,g
395,jreck subs,half sub seafood salad,29,g,25,mg,1090,g,54,g,12,g,6,g,0,g,2,g,9,g
396,jreck subs,half sub steak,11,g,35,mg,700,g,42,g,20,g,5,g,0,g,2,g,3,g
397,jreck subs,half sub super steak,24,g,80,mg,1020,g,44,g,35,g,11,g,0,g,2,g,3,g
398,jreck subs,half sub tuna salad,37,g,45,mg,810,g,43,g,17,g,7,g,0,g,2,g,6,g
399,jreck subs,half sub vegetarian,7,g,10,mg,670,g,44,g,11,g,4,g,0,g,2,g,6,g
400,jreck subs,jalapeno cheddar potato bites breaded,20,g,20,mg,960,g,35,g,9,g,6,g,0,g,2,g,0,g
401,jreck subs,jalapeno roll half sub,2,g,0,mg,510,g,39,g,8,g,1,g,0,g,2,g,3,g
402,jreck subs,large drink diet dr pepper,0,g,0,mg,180,g,0,g,0,g,0,g,0,g,0,g,0,g
403,jreck subs,large drink diet mountain dew,0,g,0,mg,140,g,1,g,0,g,0,g,0,g,0,g,1,g
404,jreck subs,large drink diet pepsi,0,g,0,mg,140,g,0,g,0,g,0,g,0,g,0,g,0,g
405,jreck subs,large drink diet pepsi caffeine free,0,g,0,mg,140,g,0,g,0,g,0,g,0,g,0,g,0,g
406,jreck subs,large drink dr pepper,0,g,0,mg,135,g,100,g,0,g,0,g,0,g,0,g,100,g
407,jreck subs,large drink gatorade lemon lime,0,g,0,mg,400,g,60,g,0,g,0,g,0,g,0,g,52,g
408,jreck subs,large drink gatorade orange,0,g,0,mg,450,g,60,g,0,g,0,g,0,g,0,g,57,g
409,jreck subs,large drink lipton tea brisk raspberry,0,g,0,mg,115,g,46,g,0,g,0,g,0,g,0,g,49,g
410,jreck subs,large drink lipton tea unsweaten no lem,0,g,0,mg,300,g,0,g,0,g,0,g,0,g,0,g,0,g
411,jreck subs,large drink mountain dew,0,g,0,mg,125,g,110,g,0,g,0,g,0,g,0,g,109,g
412,jreck subs,large drink mug root beer,0,g,0,mg,110,g,98,g,0,g,0,g,0,g,0,g,98,g
413,jreck subs,large drink pepsi cola,0,g,0,mg,80,g,104,g,0,g,0,g,0,g,0,g,103,g
414,jreck subs,large drink sierra mist,0,g,0,mg,80,g,101,g,0,g,0,g,0,g,0,g,101,g
415,jreck subs,large drink sobe life water yumberry,0,g,0,mg,115,g,0,g,0,g,0,g,0,g,0,g,0,g
416,jreck subs,large drink tropicana fruit punch,0,g,0,mg,90,g,113,g,0,g,0,g,0,g,0,g,112,g
417,jreck subs,large drink tropicana orange twister,0,g,0,mg,90,g,115,g,0,g,0,g,0,g,0,g,114,g
418,jreck subs,large drink tropicana pink lemonade,0,g,0,mg,390,g,100,g,0,g,0,g,0,g,0,g,100,g
419,jreck subs,large drink tropicana yellow lemonade,0,g,0,mg,390,g,100,g,0,g,0,g,0,g,0,g,100,g
420,jreck subs,lays bbq chips,14,g,0,mg,230,g,24,g,3,g,2,g,0,g,2,g,3,g
421,jreck subs,lays kettle cooked jalapeno,14,g,0,mg,200,g,24,g,3,g,2,g,0,g,2,g,2,g
422,jreck subs,lays kettle cooked mesquite bbq,12,g,0,mg,210,g,26,g,3,g,2,g,0,g,2,g,3,g
423,jreck subs,lays kettle cooked original,9,g,0,mg,200,g,29,g,3,g,2,g,0,g,3,g,2,g
424,jreck subs,lays kettle cooked salt and vinegar,14,g,0,mg,230,g,26,g,3,g,2,g,0,g,2,g,2,g
425,jreck subs,lays regular chips,15,g,0,mg,260,g,23,g,3,g,2,g,0,g,2,g,2,g
426,jreck subs,lays salt and vinegar chips,15,g,0,mg,330,g,23,g,3,g,2,g,0,g,2,g,2,g
427,jreck subs,lays sour cream and onion chips,15,g,0,mg,240,g,23,g,3,g,2,g,0,g,2,g,2,g
428,jreck subs,mac and cheese bites,27,g,0,mg,1490,g,35,g,14,g,8,g,0,g,0,g,0,g
429,jreck subs,medium drink diet dr pepper,0,g,0,mg,125,g,0,g,0,g,0,g,0,g,0,g,0,g
430,jreck subs,medium drink diet mountain dew,0,g,0,mg,95,g,1,g,0,g,0,g,0,g,0,g,1,g
431,jreck subs,medium drink diet pepsi,0,g,0,mg,100,g,0,g,0,g,0,g,0,g,0,g,0,g
432,jreck subs,medium drink diet pepsi caffeine free,0,g,0,mg,100,g,0,g,0,g,0,g,0,g,0,g,0,g
433,jreck subs,medium drink dr pepper,0,g,0,mg,95,g,70,g,0,g,0,g,0,g,0,g,70,g
434,jreck subs,medium drink gatorade lemon lime,0,g,0,mg,280,g,42,g,0,g,0,g,0,g,0,g,37,g
435,jreck subs,medium drink gatorade orange,0,g,0,mg,320,g,42,g,0,g,0,g,0,g,0,g,40,g
436,jreck subs,medium drink lipton tea brisk raspberry,0,g,0,mg,80,g,32,g,0,g,0,g,0,g,0,g,34,g
437,jreck subs,medium drink lipton tea unsweet no lem,0,g,0,mg,210,g,0,g,0,g,0,g,0,g,0,g,0,g
438,jreck subs,medium drink mountain dew,0,g,0,mg,90,g,77,g,0,g,0,g,0,g,0,g,77,g
439,jreck subs,medium drink mug root beer,0,g,0,mg,75,g,68,g,0,g,0,g,0,g,0,g,68,g
440,jreck subs,medium drink pepsi cola,0,g,0,mg,55,g,73,g,0,g,0,g,0,g,0,g,72,g
441,jreck subs,medium drink sierra mist,0,g,0,mg,60,g,71,g,0,g,0,g,0,g,0,g,71,g
442,jreck subs,medium drink sobe life water yumberry,0,g,0,mg,80,g,0,g,0,g,0,g,0,g,0,g,0,g
443,jreck subs,medium drink tropicana fruit punch,0,g,0,mg,60,g,79,g,0,g,0,g,0,g,0,g,79,g
444,jreck subs,medium drink tropicana orange twister,0,g,0,mg,60,g,80,g,0,g,0,g,0,g,0,g,80,g
445,jreck subs,medium drink tropicana pink lemonade,0,g,0,mg,270,g,70,g,0,g,0,g,0,g,0,g,70,g
446,jreck subs,medium drink tropicana yellow lemonade,0,g,0,mg,270,g,70,g,0,g,0,g,0,g,0,g,70,g
447,jreck subs,milk 2 half pint,5,g,20,mg,125,g,13,g,8,g,3,g,0,g,0,g,12,g
448,jreck subs,milk 2 pint,10,g,40,mg,25,g,26,g,16,g,6,g,0,g,0,g,24,g
449,jreck subs,mini sub roll half sub,2,g,0,mg,330,g,27,g,5,g,0,g,0,g,1,g,2,g
450,jreck subs,mini sub deli ham,3,g,15,mg,670,g,30,g,10,g,1,g,0,g,1,g,5,g
451,jreck subs,mini sub deli roast beef,3,g,15,mg,590,g,29,g,10,g,1,g,0,g,1,g,4,g
452,jreck subs,mini sub deli turkey,3,g,10,mg,550,g,29,g,10,g,0,g,0,g,1,g,4,g
453,jreck subs,mini sub meatball spaghetti sauce only,10,g,25,mg,650,g,31,g,13,g,3,g,1,g,2,g,3,g
454,jreck subs,mini sub seafood,16,g,15,mg,630,g,34,g,7,g,3,g,0,g,1,g,5,g
455,jreck subs,mini sub tuna,20,g,20,mg,490,g,29,g,10,g,3,g,0,g,1,g,4,g
456,jreck subs,motts apple juice,0,g,0,mg,0,g,15,g,0,g,0,g,0,g,0,g,15,g
457,jreck subs,motts applesauce snack pack,0,g,0,mg,0,g,24,g,0,g,0,g,0,g,1,g,22,g
458,jreck subs,mozz cheese sticks battered 4 sticks,24,g,40,mg,1160,g,36,g,16,g,9,g,0,g,2,g,8,g
459,jreck subs,mushrooms battered,21,g,0,mg,780,g,33,g,5,g,3,g,0,g,1,g,2,g
460,jreck subs,onion rings battered,21,g,0,mg,880,g,48,g,7,g,3,g,0,g,2,g,7,g
461,jreck subs,onion roll half sub,3,g,0,mg,310,g,34,g,5,g,1,g,0,g,1,g,9,g
462,jreck subs,oyster crackers,2,g,0,mg,85,g,11,g,1,g,1,g,0,g,0,g,0,g
463,jreck subs,pepper jack cheese half sub,6,g,25,mg,130,g,0,g,5,g,4,g,0,g,0,g,0,g
464,jreck subs,pickle chips battered,21,g,0,mg,850,g,20,g,2,g,7,g,0,g,3,g,0,g
465,jreck subs,pizza logs pepperoni and cheese 3 logs,35,g,60,mg,690,g,59,g,21,g,11,g,0,g,3,g,5,g
466,jreck subs,popcorn chicken,24,g,35,mg,1010,g,22,g,22,g,4,g,0,g,3,g,1,g
467,jreck subs,provolone cheese half sub,4,g,10,mg,110,g,0,g,3,g,2,g,0,g,0,g,0,g
468,jreck subs,salad with cheese only,8,g,20,mg,220,g,6,g,6,g,4,g,0,g,0,g,6,g
469,jreck subs,salad ham,12,g,80,mg,1560,g,10,g,24,g,6,g,0,g,0,g,10,g
470,jreck subs,salad ham turkey,11,g,70,mg,1330,g,9,g,24,g,5,g,0,g,0,g,8,g
471,jreck subs,salad roast beef,12,g,70,mg,1240,g,6,g,26,g,6,g,0,g,0,g,6,g
472,jreck subs,salad seafood,62,g,70,mg,1410,g,28,g,14,g,14,g,0,g,0,g,12,g
473,jreck subs,salad tuna,78,g,105,mg,850,g,6,g,24,g,16,g,0,g,0,g,6,g
474,jreck subs,salad turkey,10,g,60,mg,1100,g,8,g,24,g,4,g,0,g,0,g,6,g
475,jreck subs,saltines crackers,1,g,0,mg,60,g,4,g,0,g,0,g,0,g,0,g,0,g
476,jreck subs,schwans oreo cream pie wedge,13,g,5,mg,200,g,34,g,3,g,8,g,0,g,1,g,23,g
477,jreck subs,schwans reese peanut butter pie wedge,17,g,5,mg,250,g,32,g,5,g,9,g,0,g,1,g,23,g
478,jreck subs,seasoned loop fries,15,g,0,mg,670,g,38,g,3,g,2,g,0,g,3,g,2,g
479,jreck subs,small drink diet dr pepper,0,g,0,mg,70,g,0,g,0,g,0,g,0,g,0,g,0,g
480,jreck subs,small drink diet mountain dew,0,g,0,mg,55,g,0,g,0,g,0,g,0,g,0,g,0,g
481,jreck subs,small drink diet pepsi,0,g,0,mg,55,g,0,g,0,g,0,g,0,g,0,g,0,g
482,jreck subs,small drink diet pepsi caffeine free,0,g,0,mg,55,g,0,g,0,g,0,g,0,g,0,g,0,g
483,jreck subs,small drink dr pepper,0,g,0,mg,55,g,40,g,0,g,0,g,0,g,0,g,40,g
484,jreck subs,small drink gatorade lemon lime,0,g,0,mg,160,g,24,g,0,g,0,g,0,g,0,g,21,g
485,jreck subs,small drink gatorade orange,0,g,0,mg,180,g,24,g,0,g,0,g,0,g,0,g,23,g
486,jreck subs,small drink lipton tea brisk raspberry,0,g,0,mg,45,g,18,g,0,g,0,g,0,g,0,g,19,g
487,jreck subs,small drink lipton tea unsweaten no lem,0,g,0,mg,120,g,0,g,0,g,0,g,0,g,0,g,0,g
488,jreck subs,small drink mountain dew,0,g,0,mg,50,g,44,g,0,g,0,g,0,g,0,g,44,g
489,jreck subs,small drink mug root beer,0,g,0,mg,45,g,39,g,0,g,0,g,0,g,0,g,39,g
490,jreck subs,small drink pepsi cola,0,g,0,mg,30,g,41,g,0,g,0,g,0,g,0,g,41,g
491,jreck subs,small drink sierra mist,0,g,0,mg,35,g,41,g,0,g,0,g,0,g,0,g,41,g
492,jreck subs,small drink sobe life water yumberry,0,g,0,mg,45,g,0,g,0,g,0,g,0,g,0,g,0,g
493,jreck subs,small drink tropicana fruit punch,0,g,0,mg,35,g,45,g,0,g,0,g,0,g,0,g,45,g
494,jreck subs,small drink tropicana orange twister,0,g,0,mg,35,g,46,g,0,g,0,g,0,g,0,g,46,g
495,jreck subs,small drink tropicana pink lemonade,0,g,0,mg,160,g,40,g,0,g,0,g,0,g,0,g,40,g
496,jreck subs,small drink tropicana yellow lemonade,0,g,0,mg,160,g,40,g,0,g,0,g,0,g,0,g,40,g
497,jreck subs,smart food white cheddar popcorn,18,g,5,mg,510,g,25,g,5,g,4,g,0,g,4,g,4,g
498,jreck subs,soups beans with ham,1,g,5,mg,820,g,28,g,11,g,0,g,0,g,9,g,2,g
499,jreck subs,soups captains corn chowder,11,g,10,mg,1260,g,43,g,10,g,2,g,0,g,6,g,14,g
500,jreck subs,soups cheddar cauliflower,8,g,5,mg,1010,g,20,g,5,g,2,g,0,g,7,g,4,g
501,jreck subs,soups chicken and dumpling,10,g,55,mg,1360,g,27,g,13,g,4,g,0,g,4,g,6,g
502,jreck subs,soups chicken gumbo,3,g,15,mg,1210,g,17,g,8,g,1,g,0,g,3,g,5,g
503,jreck subs,soups chicken noodle,3,g,25,mg,1020,g,22,g,8,g,1,g,0,g,1,g,5,g
504,jreck subs,soups chicken with wild rice,12,g,40,mg,1070,g,20,g,18,g,3,g,0,g,5,g,5,g
505,jreck subs,soups chili with beans and beef,11,g,35,mg,980,g,27,g,20,g,5,g,0,g,8,g,8,g
506,jreck subs,soups cream of broccoli with cheese,15,g,20,mg,1320,g,21,g,8,g,3,g,0,g,4,g,7,g
507,jreck subs,soups cream of potato,12,g,5,mg,1010,g,31,g,7,g,2,g,0,g,3,g,9,g
508,jreck subs,soups french onion,4,g,0,mg,1080,g,13,g,2,g,1,g,0,g,1,g,7,g
509,jreck subs,soups italian wedding,5,g,15,mg,1170,g,22,g,9,g,2,g,0,g,1,g,1,g
510,jreck subs,soups minestrone,3,g,0,mg,1140,g,18,g,5,g,0,g,0,g,5,g,5,g
511,jreck subs,soups new england clam chowder,4,g,35,mg,990,g,36,g,9,g,3,g,0,g,3,g,7,g
512,jreck subs,soups split pea with ham,2,g,10,mg,1440,g,34,g,13,g,0,g,0,g,10,g,2,g
513,jreck subs,soups tomato basile with cheese ravioli,1,g,15,mg,1010,g,31,g,6,g,0,g,0,g,1,g,7,g
514,jreck subs,soups vegetable beef,2,g,10,mg,1280,g,20,g,6,g,1,g,0,g,3,g,5,g
515,jreck subs,soups vegetable beef with barley,3,g,15,mg,1210,g,18,g,7,g,1,g,0,g,5,g,4,g
516,jreck subs,sour cream and chive fries,17,g,0,mg,650,g,33,g,3,g,2,g,0,g,3,g,0,g
517,jreck subs,spinach and herb half sub,2,g,0,mg,490,g,40,g,8,g,1,g,0,g,2,g,3,g
518,jreck subs,sun chips multi grain garden salsa chips,9,g,0,mg,230,g,27,g,3,g,2,g,0,g,3,g,3,g
519,jreck subs,sun chips multi grain harvest cheddar chips,9,g,0,mg,320,g,27,g,3,g,2,g,0,g,3,g,3,g
520,jreck subs,sun chips multi grain original,9,g,0,mg,180,g,27,g,3,g,2,g,0,g,5,g,3,g
521,jreck subs,sweet potato fries,12,g,0,mg,280,g,32,g,2,g,2,g,0,g,3,g,12,g
522,jreck subs,swiss cheese half sub,4,g,15,mg,30,g,0,g,4,g,3,g,0,g,0,g,0,g
523,jreck subs,tortilla wrap plain,9,g,0,mg,540,g,51,g,9,g,3,g,0,g,2,g,1,g
524,jreck subs,tortilla wrap spinach,8,g,0,mg,610,g,51,g,9,g,3,g,0,g,2,g,1,g
525,jreck subs,tortilla wrap sun dried tomato basil,8,g,0,mg,830,g,51,g,8,g,3,g,0,g,2,g,1,g
526,jreck subs,tortilla wrap whole wheat,9,g,0,mg,520,g,48,g,9,g,40,g,0,g,4,g,1,g
527,jreck subs,wheat roll half sub,4,g,5,mg,430,g,40,g,9,g,1,g,1,g,3,g,6,g
528,jreck subs,white roll half sub,2,g,0,mg,490,g,40,g,8,g,1,g,0,g,2,g,3,g
529,jreck subs,whole pickle,0,g,0,mg,1180,g,3,g,1,g,0,g,0,g,1,g,2,g
530,jreck subs,whole sub bbq pork rib with bbq sauce,50,g,130,mg,2350,g,122,g,40,g,16,g,0,g,6,g,40,g
531,jreck subs,whole sub bbq pulled pork with bbq sauce,14,g,85,mg,1870,g,104,g,42,g,6,g,0,g,6,g,26,g
532,jreck subs,whole sub blt bacon lettuce tomato mayo,48,g,65,mg,2480,g,94,g,32,g,16,g,0,g,4,g,10,g
533,jreck subs,whole sub breaded chicken hoagie,42,g,90,mg,2340,g,112,g,40,g,10,g,0,g,8,g,8,g
534,jreck subs,whole sub breaded clam strips clam roll,50,g,30,mg,2840,g,158,g,34,g,8,g,0,g,6,g,14,g
535,jreck subs,whole sub breaded eggplant parm,14,g,0,mg,2030,g,122,g,24,g,2,g,0,g,12,g,14,g
536,jreck subs,whole sub breaded veal parm,54,g,90,mg,2610,g,126,g,48,g,22,g,2,g,10,g,12,g
537,jreck subs,whole sub cheese burger sub lettuce tomato,40,g,160,mg,1340,g,84,g,62,g,16,g,2,g,4,g,10,g
538,jreck subs,whole sub cheese sub,24,g,40,mg,1710,g,90,g,28,g,14,g,0,g,4,g,12,g
539,jreck subs,whole sub chicken salad,70,g,110,mg,1420,g,88,g,34,g,14,g,0,g,4,g,12,g
540,jreck subs,whole sub chicken stir fry,6,g,75,mg,2030,g,84,g,48,g,2,g,0,g,4,g,6,g
541,jreck subs,whole sub cooked salami,26,g,80,mg,2090,g,90,g,28,g,10,g,0,g,4,g,12,g
542,jreck subs,whole sub corned beef rueben swiss russian,26,g,30,mg,2170,g,94,g,40,g,8,g,0,g,8,g,12,g
543,jreck subs,whole sub croghan bologna,16,g,85,mg,1760,g,90,g,34,g,8,g,0,g,4,g,12,g
544,jreck subs,whole sub deli corned beef,8,g,5,mg,1620,g,88,g,38,g,4,g,0,g,4,g,12,g
545,jreck subs,whole sub deli ham,8,g,60,mg,2320,g,90,g,34,g,4,g,0,g,4,g,16,g
546,jreck subs,whole sub deli roast beef,8,g,50,mg,2010,g,86,g,36,g,4,g,0,g,4,g,12,g
547,jreck subs,whole sub deli turkey,6,g,40,mg,1870,g,88,g,34,g,2,g,0,g,4,g,12,g
548,jreck subs,whole sub egg salad,50,g,525,mg,1310,g,88,g,18,g,12,g,0,g,4,g,14,g
549,jreck subs,whole sub fish battered pollock,28,g,70,mg,1720,g,110,g,34,g,6,g,0,g,4,g,6,g
550,jreck subs,whole sub grilled chicken,14,g,100,mg,2040,g,86,g,44,g,6,g,0,g,8,g,10,g
551,jreck subs,whole sub hard salami,40,g,90,mg,2600,g,86,g,38,g,18,g,0,g,4,g,12,g
552,jreck subs,whole sub hot ham capicola,8,g,35,mg,1950,g,94,g,30,g,4,g,0,g,4,g,18,g
553,jreck subs,whole sub italian sub,36,g,85,mg,2690,g,90,g,40,g,16,g,0,g,4,g,16,g
554,jreck subs,whole sub meatball,36,g,95,mg,2260,g,94,g,46,g,14,g,2,g,8,g,10,g
555,jreck subs,whole sub pizza sub,42,g,90,mg,2910,g,90,g,40,g,18,g,0,g,6,g,14,g
556,jreck subs,whole sub popcorn chicken,38,g,50,mg,2420,g,112,g,48,g,8,g,0,g,8,g,8,g
557,jreck subs,whole sub regular sub,24,g,70,mg,2170,g,88,g,30,g,8,g,0,g,4,g,14,g
558,jreck subs,whole sub sandwich pepperoni,42,g,90,mg,2670,g,90,g,38,g,18,g,0,g,4,g,16,g
559,jreck subs,whole sub sausage and peppers,74,g,155,mg,3210,g,108,g,44,g,24,g,0,g,4,g,20,g
560,jreck subs,whole sub seafood salad,58,g,50,mg,2170,g,108,g,24,g,12,g,0,g,4,g,18,g
561,jreck subs,whole sub steak and cheese,22,g,70,mg,1400,g,84,g,40,g,10,g,0,g,4,g,6,g
562,jreck subs,whole sub super steak and cheese,48,g,160,mg,2040,g,88,g,70,g,22,g,0,g,4,g,6,g
563,jreck subs,whole sub tuna salad,74,g,90,mg,1620,g,86,g,34,g,14,g,0,g,4,g,12,g
564,jreck subs,whole sub vegetarian,14,g,20,mg,1350,g,88,g,22,g,8,g,0,g,4,g,12,g
565,jreck subs,zucchini sticks battered,19,g,0,mg,1050,g,35,g,3,g,2,g,0,g,2,g,2,g
566,juan pollo,1 2 chicken,21,g,250,mg,1230,g,0,g,85,g,11,g,0,g,0,g,0,g
567,juan pollo,beans,8,g,5,mg,1060,g,12,g,4,g,2,g,6,g,3,g,0,g
568,juan pollo,brisk raspberry tea,0,g,0,mg,50,g,46,g,0,g,0,g,0,g,0,g,46,g
569,juan pollo,brisk unsweetened tea,0,g,0,mg,60,g,0,g,0,g,0,g,0,g,0,g,0,g
570,juan pollo,burrito,32,g,170,mg,2920,g,92,g,64,g,16,g,10,g,4,g,4,g
571,juan pollo,chicken bowl,26,g,185,mg,3420,g,92,g,72,g,13,g,6,g,4,g,3,g
572,juan pollo,chicken breast,10,g,120,mg,420,g,0,g,42,g,5,g,0,g,0,g,0,g
573,juan pollo,chicken leg,4,g,45,mg,280,g,0,g,14,g,2,g,0,g,0,g,0,g
574,juan pollo,chicken salad,32,g,195,mg,1010,g,10,g,61,g,19,g,7,g,4,g,6,g
575,juan pollo,chicken thigh,7,g,90,mg,540,g,0,g,28,g,4,g,0,g,0,g,0,g
576,juan pollo,cinnanmon crisps 2 ct,10,g,0,mg,210,g,17,g,6,g,2.5,g,0,g,1,g,4,g
577,juan pollo,corn tortillas 3 ct,3,g,0,mg,55,g,36,g,3,g,0,g,3,g,3,g,0,g
578,juan pollo,diet dr pepper,0,g,0,mg,70,g,0,g,0,g,0,g,0,g,0,g,0,g
579,juan pollo,diet pepsi,0,g,0,mg,50,g,0,g,0,g,0,g,0,g,0,g,0,g
580,juan pollo,dr pepper,0,g,0,mg,70,g,53,g,0,g,0,g,0,g,0,g,53,g
581,juan pollo,flour tortillas 3 ct,9,g,0,mg,770,g,60,g,7,g,3,g,6,g,0,g,3,g
582,juan pollo,green salad,0,g,0,mg,0,g,9,g,2,g,0,g,0,g,3,g,0,g
583,juan pollo,italian dressing,11,g,0,mg,520,g,3,g,0,g,1.5,g,0,g,0,g,1,g
584,juan pollo,lipton green tea,0,g,0,mg,140,g,27,g,0,g,0,g,0,g,0,g,26,g
585,juan pollo,lipton sweetened tea,0,g,0,mg,10,g,36,g,0,g,0,g,0,g,0,g,36,g
586,juan pollo,mini pecan pie,28,g,95,mg,135,g,45,g,6,g,15,g,0,g,4,g,21,g
587,juan pollo,mist twist,0,g,0,mg,45,g,52,g,0,g,0,g,0,g,0,g,52,g
588,juan pollo,mountain dew,0,g,0,mg,80,g,72,g,0,g,0,g,0,g,0,g,62,g
589,juan pollo,mug root beer,0,g,0,mg,85,g,57,g,0,g,0,g,0,g,0,g,57,g
590,juan pollo,orange crush,0,g,0,mg,100,g,70,g,0,g,0,g,0,g,0,g,68,g
591,juan pollo,pepsi,0,g,0,mg,40,g,55,g,0,g,0,g,0,g,0,g,55,g
592,juan pollo,pollo del inferno,0,g,0,mg,55,g,0,g,0,g,0,g,0,g,0,g,0,g
593,juan pollo,potato salad,17,g,0,mg,200,g,19,g,2,g,2,g,14,g,2,g,1,g
594,juan pollo,ranch dressing,13,g,10,mg,200,g,3,g,1,g,2,g,0,g,0,g,1,g
595,juan pollo,rica horchata,0,g,0,mg,10,g,50,g,0,g,0,g,0,g,0,g,50,g
596,juan pollo,rica jamaica,0,g,0,mg,10,g,50,g,0,g,0,g,0,g,0,g,50,g
597,juan pollo,rice,2,g,5,mg,1250,g,19,g,4,g,2,g,0,g,0,g,2,g
598,juan pollo,salsa,0,g,0,mg,350,g,4,g,1,g,0,g,0,g,1,g,2,g
599,juan pollo,sierra mist,0,g,0,mg,50,g,42,g,0,g,0,g,0,g,0,g,42,g
600,juan pollo,sobe pomegranate,0,g,0,mg,50,g,12,g,0,g,0,g,0,g,0,g,0,g
601,juan pollo,taco,11,g,50,mg,320,g,14,g,18,g,4,g,4,g,2,g,1,g
602,juan pollo,tropicana fruit punch,0,g,0,mg,20,g,66,g,0,g,0,g,0,g,0,g,60,g
603,juan pollo,tropicana pink lemonade,0,g,0,mg,210,g,50,g,0,g,0,g,0,g,0,g,50,g
604,juan pollo,whole chicken,42,g,505,mg,2460,g,0,g,170,g,22,g,0,g,0,g,0,g
605,juice it up,blended juices the greens 20oz,1,g,0,mg,60,g,49,g,4,g,0,g,0,g,7,g,33,g
606,juice it up,blended juices the reds 20oz,0.5,g,0,mg,50,g,50,g,3,g,0,g,0,g,6,g,34,g
607,juice it up,blended juices turmeric 20oz,1,g,0,mg,45,g,57,g,1,g,0,g,0,g,8,g,38,g
608,juice it up,classic smoothies california cooler 12oz,1,g,5,mg,25,g,55,g,0,g,0,g,0,g,2,g,50,g
609,juice it up,classic smoothies chili lime mango 12oz,0.5,g,0,mg,200,g,42,g,2,g,0,g,0,g,1,g,39,g
610,juice it up,classic smoothies ever green 12oz,0.5,g,0,mg,50,g,46,g,1,g,0,g,0,g,2,g,41,g
611,juice it up,classic smoothies lava flow 12oz,0.5,g,0,mg,45,g,43,g,0,g,0,g,0,g,1,g,36,g
612,juice it up,classic smoothies lucky lemon punch 12oz,0,g,0,mg,15,g,43,g,2,g,0,g,0,g,1,g,39,g
613,juice it up,classic smoothies mango mania 12oz,0,g,0,mg,40,g,42,g,2,g,0,g,0,g,1,g,34,g
614,juice it up,classic smoothies melon madness 12oz,0,g,0,mg,40,g,43,g,2,g,0,g,0,g,1,g,34,g
615,juice it up,classic smoothies pina cool ada 12oz,0.5,g,0,mg,45,g,52,g,0,g,0,g,0,g,1,g,44,g
616,juice it up,classic smoothies raspberry craze 12oz,1,g,0,mg,25,g,46,g,1,g,0,g,0,g,1,g,40,g
617,juice it up,classic smoothies strawberry wave 12oz,0,g,0,mg,40,g,43,g,2,g,0,g,0,g,1,g,35,g
618,juice it up,juice blends detoxifier 12oz,0,g,0,mg,35,g,24,g,1,g,0,g,0,g,1,g,17,g
619,juice it up,juice blends energizer 12oz,0,g,0,mg,60,g,28,g,2,g,0,g,0,g,1,g,20,g
620,juice it up,juice blends immunizer 12oz,0.5,g,0,mg,105,g,19,g,2,g,0,g,0,g,1,g,12,g
621,juice it up,juice blends invigorator 12oz,1,g,0,mg,45,g,36,g,3,g,0,g,0,g,1,g,27,g
622,juice it up,juice blends optimizer 12oz,0,g,0,mg,110,g,27,g,2,g,0,g,0,g,1,g,23,g
623,juice it up,juice blends rejuvenator 12oz,0,g,0,mg,95,g,22,g,2,g,0,g,0,g,1,g,18,g
624,juice it up,protein smoothies pb cold brew mocha 20oz,12,g,0,mg,360,g,92,g,28,g,0,g,0,g,3,g,60,g
625,juice it up,protein smoothies protein blast 20oz,2,g,0,mg,125,g,68,g,20,g,0,g,0,g,3,g,56,g
626,juice it up,protein smoothies the zone 20oz,13,g,0,mg,210,g,50,g,32,g,0,g,0,g,5,g,30,g
627,juice it up,protein smoothies vital proteins blue smoothie 20oz,0,g,5,mg,105,g,75,g,14,g,0,g,0,g,2,g,65,g
628,juice it up,shots ginger 1oz,0,g,0,mg,0,g,3,g,0,g,0,g,0,g,0,g,1,g
629,juice it up,shots wheatgrass 1oz,0,g,0,mg,0,g,0,g,0,g,0,g,0,g,0,g,1,g
630,juice it up,smoothie bowls california cooler 16oz,2,g,5,mg,40,g,90,g,0,g,0,g,0,g,2,g,83,g
631,juice it up,smoothie bowls chili lime mango 16oz,1.5,g,0,mg,210,g,86,g,3,g,0,g,0,g,3,g,70,g
632,juice it up,smoothie bowls ever green 16oz,1,g,5,mg,60,g,87,g,2,g,0,g,0,g,5,g,74,g
633,juice it up,smoothie bowls lava flow 16oz,1,g,0,mg,80,g,83,g,2,g,0,g,0,g,4,g,65,g
634,juice it up,smoothie bowls lucky lemon punch 16oz,1.5,g,0,mg,30,g,81,g,4,g,0,g,0,g,4,g,61,g
635,juice it up,smoothie bowls mango mania 16oz,0,g,0,mg,70,g,83,g,3,g,0,g,0,g,3,g,67,g
636,juice it up,smoothie bowls melon madness 16oz,0,g,0,mg,65,g,80,g,4,g,0,g,0,g,4,g,60,g
637,juice it up,smoothie bowls pina cool ada 16oz,1,g,0,mg,80,g,95,g,3,g,0,g,0,g,4,g,75,g
638,juice it up,smoothie bowls raspberry craze 16oz,2,g,0,mg,30,g,82,g,3,g,0,g,0,g,2,g,57,g
639,juice it up,smoothie bowls strawberry wave 16oz,0,g,0,mg,65,g,81,g,4,g,0,g,0,g,4,g,61,g
640,juice it up,superfruit bowls acai berry bowl 16oz,8,g,0,mg,40,g,66,g,2,g,0,g,0,g,5,g,60,g
641,juice it up,superfruit bowls cold brew acai bowl 16oz,4.5,g,0,mg,105,g,55,g,5,g,0,g,0,g,4,g,39,g
642,juice it up,superfruit bowls pitaya passion bowl 16oz,1.5,g,0,mg,45,g,59,g,4,g,0,g,0,g,6,g,45,g
643,juice it up,superfruit bowls protein acai bowl 16oz,23,g,0,mg,320,g,66,g,28,g,0,g,0,g,5,g,45,g
644,juice it up,superfruit bowls super fusion bowl 16oz,2.5,g,0,mg,15,g,63,g,2,g,0,g,0,g,5,g,55,g
645,juice it up,superfruit bowls ultimate acai bowl 16oz,8,g,0,mg,35,g,73,g,3,g,0,g,0,g,5,g,64,g
646,juice it up,superfruit bowls vital proteins blue bowl 16oz,0,g,5,mg,100,g,63,g,15,g,0,g,0,g,3,g,52,g
647,juice it up,superfruit smoothies pitaya sunset smoothie 20oz,0,g,0,mg,40,g,70,g,4,g,0,g,0,g,4,g,55,g
648,juice it up,superfruit smoothies ultimate acai smoothie 20oz,8,g,0,mg,45,g,79,g,2,g,0,g,0,g,5,g,71,g
649,juice it up,toppings almonds,3,g,0,mg,0,g,1,g,1,g,0,g,0,g,1,g,0,g
650,juice it up,toppings cacao nibs,5,g,0,mg,0,g,0,g,1,g,0,g,0,g,0,g,0,g
651,juice it up,toppings chia seeds,2.5,g,0,mg,0,g,4,g,1,g,0,g,0,g,3,g,0,g
652,juice it up,toppings coconut flakes,1.5,g,0,mg,20,g,3,g,0,g,0,g,0,g,1,g,2,g
653,juice it up,toppings goji berries,0,g,0,mg,15,g,4,g,1,g,0,g,0,g,1,g,3,g
654,juice it up,toppings hemp plus granoila,5,g,0,mg,25,g,19,g,3,g,0,g,0,g,3,g,5,g
655,juice it up,toppings peanuts,4.5,g,0,mg,65,g,2,g,2,g,0,g,0,g,1,g,0,g
656,just fresh,12oz banana pudding,11,g,15,mg,780,g,85,g,8,g,6,g,0,g,2,g,61,g
657,just fresh,12oz strawberry yogurt parfait,7,g,10,mg,360,g,118,g,19,g,3,g,0,g,6,g,73,g
658,just fresh,12oz vanilla yogurt parfait,8,g,15,mg,390,g,87,g,21,g,3.5,g,0,g,6,g,42,g
659,just fresh,angus beef burger,45,g,165,mg,890,g,44,g,52,g,16,g,0,g,2,g,10,g
660,just fresh,banana nut muffin,18,g,50,mg,440,g,48,g,6,g,4,g,0,g,2,g,26,g
661,just fresh,blue cheese beef burger,62,g,185,mg,1120,g,44,g,48,g,24,g,0,g,2,g,10,g
662,just fresh,blueberry muffin,9,g,20,mg,320,g,57,g,5,g,2,g,0,g,2,g,30,g
663,just fresh,blueberry pancakes,29,g,85,mg,1670,g,139,g,13,g,16,g,0,g,4,g,0,g
664,just fresh,bran muffin,10,g,0,mg,380,g,58,g,6,g,2,g,0,g,4,g,30,g
665,just fresh,burgers blue cheese turkey,43,g,230,mg,1240,g,46,g,69,g,14,g,0,g,2,g,12,g
666,just fresh,burgers chipotle jack beef,67,g,200,mg,1460,g,43,g,51,g,25,g,0,g,2,g,9,g
667,just fresh,butter croissant,15,g,35,mg,390,g,41,g,7,g,9,g,0,g,1,g,6,g
668,just fresh,chicken salad mini sandwich,4,g,25,mg,360,g,20,g,11,g,0.5,g,0,g,1,g,1,g
669,just fresh,chicken salad plate,47,g,45,mg,1190,g,38,g,22,g,6,g,0,g,3,g,11,g
670,just fresh,chipotle jack turkey burger,48,g,240,mg,1580,g,44,g,72,g,15,g,0,g,2,g,10,g
671,just fresh,chocolate chunk cookie,17,g,20,mg,280,g,51,g,4,g,8,g,0,g,2,g,31,g
672,just fresh,chocolate croissant,20,g,5,mg,530,g,44,g,8,g,11,g,0,g,2,g,19,g
673,just fresh,cinnamon raisin bagel,1,g,0,mg,580,g,69,g,11,g,0,g,0,g,3,g,14,g
674,just fresh,cinnamon roll,13,g,20,mg,820,g,59,g,11,g,5,g,0,g,3,g,11,g
675,just fresh,cold wraps caesar chicken,31,g,90,mg,1250,g,51,g,39,g,7,g,0,g,3,g,5,g
676,just fresh,cold wraps cajun chicken,24,g,90,mg,1450,g,57,g,39,g,7,g,0,g,3,g,2,g
677,just fresh,cold wraps ginger chicken,40,g,70,mg,690,g,69,g,38,g,5,g,0,g,9,g,11,g
678,just fresh,cold wraps new york club,16,g,60,mg,2290,g,59,g,31,g,6,g,0,g,3,g,4,g
679,just fresh,cold wraps very veggie,38,g,30,mg,1510,g,64,g,22,g,13,g,0,g,6,g,7,g
680,just fresh,cranberry orange muffin,14,g,40,mg,320,g,48,g,4,g,3,g,0,g,2,g,28,g
681,just fresh,cyo sandwich,24,g,320,mg,1190,g,66,g,34,g,10,g,0,g,2,g,1,g
682,just fresh,dressings artichoke parmesan 1oz,5,g,5,mg,260,g,3,g,1,g,1,g,0,g,0,g,1,g
683,just fresh,dressings balsamic glaze 1oz,0,g,0,mg,5,g,13,g,0,g,0,g,0,g,0,g,11,g
684,just fresh,dressings balsamic vinaigrette,23,g,0,mg,430,g,4,g,0,g,4,g,0,g,0,g,4,g
685,just fresh,dressings blue cheese,29,g,20,mg,360,g,3,g,1,g,4.5,g,0,g,0,g,2,g
686,just fresh,dressings buttermilk ranch,27,g,20,mg,370,g,3,g,1,g,4,g,0,g,0,g,2,g
687,just fresh,dressings caesar,25,g,20,mg,720,g,4,g,4,g,4.5,g,0,g,0,g,2,g
688,just fresh,dressings cajun ranch,16,g,10,mg,550,g,5,g,2,g,3.5,g,0,g,0,g,2,g
689,just fresh,dressings cilantro lime vinaigrette,2.5,g,0,mg,250,g,12,g,0,g,0,g,0,g,0,g,11,g
690,just fresh,dressings creamy dill spread 1oz,15,g,0,mg,370,g,3,g,0,g,2.5,g,0,g,0,g,3,g
691,just fresh,dressings honey mustard,17,g,20,mg,470,g,17,g,0,g,3,g,0,g,0,g,0,g
692,just fresh,dressings raspberry vinaigrette,0,g,0,mg,150,g,15,g,0,g,0,g,0,g,0,g,13,g
693,just fresh,dressings sesame ginger vinaigrette,14,g,0,mg,430,g,17,g,0,g,2.5,g,0,g,0,g,14,g
694,just fresh,dressings white balsamic shallot,21,g,0,mg,320,g,8,g,0,g,4,g,0,g,0,g,6,g
695,just fresh,eggs benedict,31,g,485,mg,1470,g,42,g,31,g,11,g,0,g,1,g,3,g
696,just fresh,english muffin,0.5,g,0,mg,180,g,26,g,5,g,0,g,0,g,1,g,3,g
697,just fresh,everything bagel,3.5,g,0,mg,1690,g,75,g,15,g,0.5,g,0,g,4,g,3,g
698,just fresh,five pointer wrap,25,g,310,mg,1290,g,41,g,25,g,9,g,0,g,3,g,4,g
699,just fresh,french toast includes syrup,14,g,445,mg,880,g,124,g,25,g,4,g,0,g,2,g,0,g
700,just fresh,fresh mozzarella and tomato mini sandwich,12,g,15,mg,490,g,21,g,11,g,4,g,0,g,1,g,3,g
701,just fresh,fresh start wrap,13,g,15,mg,720,g,57,g,28,g,4.5,g,0,g,6,g,0,g
702,just fresh,garden salad,17,g,10,mg,440,g,18,g,4,g,4,g,0,g,4,g,8,g
703,just fresh,glorious morning muffin,26,g,55,mg,470,g,51,g,6,g,5,g,0,g,3,g,25,g
704,just fresh,grits bowl,1,g,0,mg,5,g,38,g,4,g,0,g,0,g,2,g,0,g
705,just fresh,grits cup,0.5,g,0,mg,0,g,17,g,2,g,0,g,0,g,1,g,0,g
706,just fresh,ham and swiss mini sandwich,9,g,35,mg,620,g,23,g,12,g,3,g,0,g,1,g,0,g
707,just fresh,high protein shakes apple blueberry pepper,3,g,5,mg,150,g,68,g,34,g,1,g,0,g,3,g,25,g
708,just fresh,high protein shakes carrot orange apple,2.5,g,5,mg,160,g,82,g,33,g,1,g,0,g,4,g,38,g
709,just fresh,high protein shakes chocolate banana espresso,2,g,0,mg,110,g,82,g,31,g,0,g,0,g,3,g,29,g
710,just fresh,huevos wrap,21,g,370,mg,770,g,46,g,24,g,9,g,0,g,5,g,2,g
711,just fresh,kids blueberry pancakes includes butter and syrup,25,g,70,mg,690,g,80,g,4,g,15,g,0,g,2,g,0,g
712,just fresh,kids cheese quesadilla with chicken,39,g,160,mg,1210,g,50,g,55,g,18,g,0,g,3,g,2,g
713,just fresh,kids chicken tenders includes honey mustard,24,g,50,mg,1070,g,37,g,15,g,4,g,0,g,1,g,0,g
714,just fresh,kids deli ham sandwich,13,g,50,mg,1210,g,41,g,19,g,7,g,0,g,1,g,6,g
715,just fresh,kids deli turkey sandwich,11,g,45,mg,1020,g,40,g,21,g,6,g,0,g,1,g,4,g
716,just fresh,kids french toast includes syrup and powdered sugar,10,g,295,mg,600,g,99,g,17,g,2.5,g,0,g,1,g,0,g
717,just fresh,kids grilled cheese sandwich,20,g,55,mg,780,g,39,g,19,g,11,g,0,g,1,g,4,g
718,just fresh,kids grilled cheese with ham,21,g,75,mg,1350,g,41,g,25,g,12,g,0,g,1,g,7,g
719,just fresh,kids mac n cheese,8,g,15,mg,650,g,18,g,7,g,3.5,g,0,g,1,g,2,g
720,just fresh,kids omelet,27,g,415,mg,470,g,2,g,26,g,13,g,0,g,0,g,0,g
721,just fresh,kids pancakes includes butter and syrup,25,g,70,mg,690,g,76,g,4,g,15,g,0,g,1,g,0,g
722,just fresh,kids pb and j,23,g,0,mg,670,g,76,g,17,g,4.5,g,0,g,4,g,30,g
723,just fresh,kitchen club chicken,26,g,145,mg,1230,g,57,g,61,g,8,g,0,g,5,g,8,g
724,just fresh,lemon poppyseed muffin,18,g,60,mg,520,g,54,g,6,g,4,g,0,g,2,g,28,g
725,just fresh,lto buffalo chicken wrap,20,g,125,mg,3690,g,62,g,51,g,15,g,0,g,5,g,4,g
726,just fresh,lto fall harvest salad,66,g,125,mg,1150,g,72,g,42,g,14,g,0,g,8,g,49,g
727,just fresh,mandarin salad,40,g,0,mg,740,g,50,g,16,g,5,g,0,g,8,g,20,g
728,just fresh,mediterranean chicken,28,g,140,mg,1040,g,59,g,64,g,12,g,0,g,5,g,13,g
729,just fresh,mello bella burger,21,g,30,mg,770,g,61,g,23,g,8,g,0,g,6,g,11,g
730,just fresh,oatmeal raisin cookie,16,g,25,mg,220,g,45,g,4,g,7,g,0,g,2,g,25,g
731,just fresh,oatmeal bowl,4,g,0,mg,15,g,56,g,7,g,1,g,0,g,5,g,23,g
732,just fresh,oatmeal cup,2,g,0,mg,10,g,39,g,3,g,0,g,0,g,2,g,22,g
733,just fresh,pancakes includes butter and syrup,29,g,85,mg,1670,g,133,g,12,g,16,g,0,g,3,g,0,g
734,just fresh,pasta balsamic chicken,37,g,90,mg,890,g,77,g,49,g,10,g,0,g,5,g,6,g
735,just fresh,pasta caesar chicken,47,g,110,mg,1140,g,74,g,50,g,11,g,0,g,5,g,3,g
736,just fresh,pasta cajun chicken,28,g,100,mg,1110,g,77,g,45,g,5,g,0,g,5,g,5,g
737,just fresh,pasta chef,31,g,230,mg,1280,g,93,g,40,g,10,g,0,g,6,g,9,g
738,just fresh,pasta southwest,37,g,70,mg,830,g,117,g,39,g,14,g,0,g,13,g,9,g
739,just fresh,peanut butter cookie,25,g,35,mg,310,g,39,g,8,g,9,g,0,g,2,g,25,g
740,just fresh,pimiento cheese mini sandwich,8,g,20,mg,300,g,20,g,8,g,4,g,0,g,1,g,1,g
741,just fresh,plain bagel,1.5,g,0,mg,830,g,77,g,15,g,0.5,g,0,g,3,g,3,g
742,just fresh,quatro queso quesadilla,62,g,175,mg,1880,g,52,g,51,g,35,g,0,g,2,g,4,g
743,just fresh,quesadilla kids cheese,35,g,90,mg,1150,g,50,g,29,g,17,g,0,g,3,g,2,g
744,just fresh,quesadillas fiesta fresco,69,g,200,mg,2640,g,74,g,67,g,27,g,0,g,8,g,2,g
745,just fresh,quinoa bowls fungo,61,g,15,mg,850,g,93,g,40,g,11,g,0,g,15,g,7,g
746,just fresh,quinoa bowls macchu,60,g,95,mg,650,g,95,g,53,g,12,g,0,g,16,g,10,g
747,just fresh,quinoa bowls sonoran,22,g,65,mg,760,g,108,g,47,g,3,g,0,g,17,g,14,g
748,just fresh,resolution salad,35,g,70,mg,550,g,19,g,33,g,5,g,0,g,5,g,11,g
749,just fresh,rise and shine wrap,22,g,215,mg,760,g,27,g,23,g,7,g,0,g,5,g,2,g
750,just fresh,roast beef and cheddar mini sandwich,14,g,65,mg,820,g,23,g,25,g,5,g,0,g,1,g,3,g
751,just fresh,salad blue cobb,46,g,120,mg,990,g,10,g,38,g,12,g,0,g,2,g,6,g
752,just fresh,salad caesar,46,g,45,mg,1390,g,23,g,15,g,11,g,0,g,3,g,4,g
753,just fresh,salad cajun chicken,42,g,150,mg,1200,g,12,g,47,g,15,g,0,g,2,g,4,g
754,just fresh,salad cajun crunch,89,g,170,mg,1870,g,29,g,53,g,20,g,0,g,7,g,3,g
755,just fresh,salad chicken portion,4.5,g,70,mg,60,g,1,g,26,g,1,g,0,g,0,g,0,g
756,just fresh,salad fresh mozzarella and tomato,40,g,45,mg,990,g,10,g,23,g,13,g,0,g,1,g,6,g
757,just fresh,salad kale yeah,30,g,25,mg,1040,g,88,g,23,g,10,g,0,g,8,g,45,g
758,just fresh,salad mozzabella,58,g,30,mg,1380,g,20,g,21,g,12,g,0,g,6,g,11,g
759,just fresh,salad raspberry fields,29,g,25,mg,1050,g,60,g,14,g,8,g,0,g,5,g,42,g
760,just fresh,salad red white and blue,66,g,25,mg,790,g,25,g,21,g,15,g,0,g,8,g,13,g
761,just fresh,salad spinach,52,g,205,mg,960,g,18,g,26,g,10,g,0,g,5,g,8,g
762,just fresh,salad the chef,49,g,255,mg,5980,g,34,g,41,g,20,g,0,g,3,g,8,g
763,just fresh,salami and provolone mini sandwich,12,g,35,mg,1040,g,19,g,13,g,5,g,0,g,1,g,0,g
764,just fresh,sandwiches blt,25,g,40,mg,1400,g,48,g,18,g,6,g,0,g,2,g,6,g
765,just fresh,sandwiches california turkey,26,g,65,mg,1540,g,34,g,35,g,7,g,0,g,7,g,5,g
766,just fresh,sandwiches chicken caprese,29,g,120,mg,1340,g,70,g,56,g,9,g,0,g,3,g,4,g
767,just fresh,sandwiches chicken salad,17,g,80,mg,1010,g,46,g,33,g,2,g,0,g,3,g,0,g
768,just fresh,sandwiches club sandwich,28,g,85,mg,2060,g,59,g,39,g,10,g,0,g,3,g,8,g
769,just fresh,sandwiches crispy pollo parm,41,g,60,mg,2040,g,80,g,43,g,12,g,0,g,5,g,6,g
770,just fresh,sandwiches egg salad wheat,16,g,235,mg,740,g,41,g,14,g,3,g,0,g,2,g,6,g
771,just fresh,sandwiches franita,8,g,50,mg,1640,g,71,g,31,g,1,g,0,g,3,g,5,g
772,just fresh,sandwiches godfather,44,g,105,mg,3320,g,72,g,34,g,15,g,0,g,3,g,3,g
773,just fresh,sandwiches ham and swiss wheat,24,g,90,mg,2000,g,36,g,29,g,9,g,0,g,2,g,10,g
774,just fresh,sandwiches mexicali,40,g,115,mg,1130,g,53,g,50,g,11,g,0,g,8,g,1,g
775,just fresh,sandwiches oven roasted turkey,11,g,30,mg,1160,g,41,g,18,g,1,g,0,g,3,g,7,g
776,just fresh,sandwiches pennys pig,44,g,60,mg,2550,g,70,g,41,g,14,g,0,g,3,g,6,g
777,just fresh,sandwiches spicy pimiento,48,g,45,mg,1140,g,54,g,19,g,11,g,0,g,6,g,8,g
778,just fresh,sandwiches tuna melt,17,g,55,mg,1110,g,65,g,29,g,7,g,0,g,4,g,12,g
779,just fresh,sandwiches tuna salad,14,g,30,mg,1310,g,50,g,24,g,1.5,g,0,g,4,g,9,g
780,just fresh,sandwiches tuscan chicken,36,g,110,mg,1460,g,112,g,60,g,11,g,0,g,3,g,19,g
781,just fresh,santa fe chicken,29,g,150,mg,1120,g,53,g,61,g,9,g,0,g,3,g,2,g
782,just fresh,sausage and cheddar,33,g,325,mg,910,g,37,g,25,g,13,g,0,g,2,g,1,g
783,just fresh,scone assorted flavors,19,g,0,mg,310,g,60,g,5,g,11,g,0,g,1,g,23,g
784,just fresh,sides cucumber dill pasta,7,g,0,mg,290,g,47,g,8,g,1,g,0,g,2,g,3,g
785,just fresh,sides french fries,9,g,0,mg,65,g,53,g,5,g,1.5,g,0,g,5,g,0,g
786,just fresh,sides fresh cut fruit,0,g,0,mg,15,g,13,g,1,g,0,g,0,g,1,g,11,g
787,just fresh,sides green pea salad,16,g,20,mg,620,g,27,g,9,g,4.5,g,0,g,6,g,9,g
788,just fresh,sides mac n cheese bowl,14,g,30,mg,1160,g,33,g,13,g,6,g,0,g,2,g,4,g
789,just fresh,sides mac n cheese cup,8,g,15,mg,650,g,18,g,7,g,3.5,g,0,g,1,g,2,g
790,just fresh,sides quinoa salad,7,g,0,mg,90,g,56,g,13,g,0,g,0,g,7,g,5,g
791,just fresh,sides sweet potato fries,23,g,0,mg,540,g,68,g,4,g,2.5,g,0,g,9,g,18,g
792,just fresh,small blue cobb salad,42,g,80,mg,840,g,8,g,23,g,11,g,0,g,2,g,5,g
793,just fresh,small caesar salad,42,g,40,mg,1210,g,18,g,12,g,10,g,0,g,2,g,3,g
794,just fresh,small cajun crunch salad,53,g,95,mg,1220,g,23,g,27,g,11,g,0,g,4,g,2,g
795,just fresh,small garden salad,17,g,10,mg,410,g,12,g,3,g,4,g,0,g,2,g,5,g
796,just fresh,small kale yeah salad,22,g,15,mg,830,g,61,g,15,g,6,g,0,g,5,g,33,g
797,just fresh,small mandarin salad,33,g,0,mg,660,g,40,g,10,g,4.5,g,0,g,5,g,18,g
798,just fresh,small mozzabella salad,45,g,15,mg,930,g,13,g,11,g,8,g,0,g,4,g,8,g
799,just fresh,small raspberry fields salad,22,g,20,mg,960,g,52,g,11,g,7,g,0,g,3,g,36,g
800,just fresh,small red white and blue salad,54,g,20,mg,720,g,19,g,16,g,12,g,0,g,6,g,10,g
801,just fresh,small resolution salad,29,g,35,mg,490,g,12,g,16,g,4.5,g,0,g,3,g,7,g
802,just fresh,small spinach salad,35,g,110,mg,820,g,12,g,16,g,7,g,0,g,3,g,6,g
803,just fresh,smoothies berry berry blast,1.5,g,5,mg,50,g,39,g,4,g,0.5,g,0,g,2,g,34,g
804,just fresh,smoothies strawberry banana bomb,1.5,g,5,mg,50,g,46,g,4,g,0.5,g,0,g,3,g,37,g
805,just fresh,smoothies the green smoothie,7,g,0,mg,110,g,75,g,13,g,1,g,0,g,5,g,47,g
806,just fresh,soups broccoli cheese bowl,14,g,45,mg,1460,g,12,g,10,g,8,g,0,g,2,g,3,g
807,just fresh,soups broccoli cheese cup,8,g,25,mg,870,g,7,g,6,g,5,g,0,g,1,g,2,g
808,just fresh,soups butternut squash bowl,21,g,50,mg,450,g,31,g,3,g,11,g,0,g,3,g,13,g
809,just fresh,soups butternut squash cup,13,g,30,mg,270,g,19,g,2,g,7,g,0,g,2,g,8,g
810,just fresh,soups chicken gumbo bowl,4,g,10,mg,1170,g,21,g,9,g,1,g,0,g,2,g,3,g
811,just fresh,soups chicken gumbo cup,2,g,5,mg,700,g,13,g,6,g,0.5,g,0,g,1,g,2,g
812,just fresh,soups chicken noodle bowl,3,g,30,mg,1040,g,21,g,6,g,1,g,0,g,1,g,1,g
813,just fresh,soups chicken noodle cup,2,g,15,mg,620,g,12,g,3,g,0.5,g,0,g,1,g,1,g
814,just fresh,soups corn chowder bowl,13,g,40,mg,1700,g,53,g,15,g,5,g,0,g,5,g,10,g
815,just fresh,soups corn chowder cup,8,g,25,mg,1020,g,32,g,9,g,3,g,0,g,3,g,6,g
816,just fresh,soups garden vegetable bowl,0,g,0,mg,770,g,16,g,4,g,0,g,0,g,3,g,4,g
817,just fresh,soups garden vegetable cup,0,g,0,mg,580,g,12,g,3,g,0,g,0,g,2,g,3,g
818,just fresh,soups loaded baked potato bowl,19,g,55,mg,910,g,28,g,8,g,9,g,0,g,1,g,5,g
819,just fresh,soups loaded baked potato cup,11,g,35,mg,550,g,17,g,5,g,5,g,0,g,1,g,3,g
820,just fresh,soups red pepper gouda bowl,29,g,50,mg,1130,g,22,g,9,g,11,g,0,g,4,g,16,g
821,just fresh,soups red pepper gouda cup,17,g,30,mg,680,g,13,g,5,g,7,g,0,g,2,g,10,g
822,just fresh,soups roasted garlic tomato bowl,20,g,55,mg,940,g,20,g,5,g,11,g,0,g,2,g,6,g
823,just fresh,soups roasted garlic tomato cup,12,g,35,mg,560,g,12,g,3,g,7,g,0,g,1,g,4,g
824,just fresh,soups turkey chili bowl,5,g,45,mg,660,g,22,g,18,g,1,g,0,g,7,g,8,g
825,just fresh,soups turkey chili cup,3,g,30,mg,400,g,13,g,11,g,0.5,g,0,g,4,g,5,g
826,just fresh,soups vegetarian lentil bowl,1,g,0,mg,1000,g,25,g,7,g,0,g,0,g,9,g,4,g
827,just fresh,soups vegetarian lentil cup,1,g,0,mg,600,g,15,g,4,g,0,g,0,g,5,g,2,g
828,just fresh,southwest salad,34,g,70,mg,840,g,42,g,25,g,13,g,0,g,9,g,10,g
829,just fresh,spreads basil pesto 1oz,9,g,5,mg,190,g,1,g,2,g,1.5,g,0,g,0,g,0,g
830,just fresh,spreads chipotle mayonnaise 1oz,20,g,10,mg,240,g,2,g,0,g,3,g,0,g,0,g,0,g
831,just fresh,spreads jerk sauce 1oz,0,g,0,mg,610,g,7,g,0,g,0,g,0,g,0,g,5,g
832,just fresh,spreads mayonnaise 1oz,22,g,20,mg,150,g,0,g,0,g,3,g,0,g,0,g,0,g
833,just fresh,strawberry croissant,15,g,30,mg,380,g,44,g,6,g,9,g,0,g,1,g,13,g
834,just fresh,sugar cookie,17,g,30,mg,340,g,49,g,4,g,8,g,0,g,1,g,27,g
835,just fresh,toasted wraps bahama mama,25,g,135,mg,1650,g,63,g,47,g,13,g,0,g,3,g,6,g
836,just fresh,toasted wraps bellissimo,32,g,35,mg,1500,g,63,g,29,g,9,g,0,g,8,g,5,g
837,just fresh,toasted wraps florentine,29,g,120,mg,1200,g,56,g,49,g,11,g,0,g,5,g,5,g
838,just fresh,toasted wraps little red rooster,33,g,100,mg,1990,g,66,g,42,g,12,g,0,g,3,g,4,g
839,just fresh,toffee cookie,20,g,30,mg,300,g,45,g,5,g,10,g,0,g,2,g,28,g
840,just fresh,tuna salad mini sandwich,3.5,g,10,mg,440,g,21,g,8,g,0,g,0,g,1,g,2,g
841,just fresh,tuna salad plate,46,g,20,mg,1330,g,40,g,14,g,6,g,0,g,3,g,13,g
842,just fresh,turkey and artichoke mini sandwich,3,g,15,mg,540,g,21,g,9,g,0.5,g,0,g,1,g,1,g
843,just fresh,turkey burger,38,g,165,mg,1060,g,48,g,50,g,11,g,0,g,2,g,13,g
844,just fresh,western omelet,28,g,760,mg,820,g,6,g,36,g,10,g,0,g,1,g,1,g
845,just fresh,wheat bagel,2,g,0,mg,820,g,74,g,15,g,0.5,g,0,g,4,g,2,g
846,just salad,apples,0,g,0,mg,0,g,5,g,0,g,0,g,0,g,1,g,4,g
847,just salad,avo blast toast,27,g,10,mg,740,g,51,g,8,g,4.5,g,0,g,10,g,10,g
848,just salad,avocado,7,g,0,mg,0,g,4,g,1,g,1,g,0,g,3,g,0,g
849,just salad,avocado dreamsicle smoothie,21,g,0,mg,30,g,51,g,2,g,16,g,0,g,3,g,37,g
850,just salad,balsamic vinaigrette,14,g,0,mg,75,g,2,g,0,g,2,g,0,g,0,g,2,g
851,just salad,balsamic vinegar dressing,0,g,0,mg,0,g,0,g,0,g,0,g,0,g,0,g,4,g
852,just salad,banana peppers,0,g,0,mg,460,g,0,g,0,g,0,g,0,g,0,g,0,g
853,just salad,beets,0,g,0,mg,20,g,3,g,0,g,0,g,0,g,1,g,2,g
854,just salad,berry wild smoothie,2.5,g,5,mg,20,g,54,g,2,g,1,g,0,g,4,g,39,g
855,just salad,beyond beef meatballs,13,g,0,mg,280,g,2,g,16,g,4,g,0,g,1,g,0,g
856,just salad,black beans,0,g,0,mg,430,g,14,g,5,g,0,g,0,g,5,g,0,g
857,just salad,black rice bulgur wheat,1,g,0,mg,10,g,53,g,9,g,0,g,0,g,8,g,0,g
858,just salad,breaded chicken,3,g,30,mg,380,g,11,g,10,g,0.5,g,0,g,1,g,0,g
859,just salad,broccoli,0,g,0,mg,55,g,2,g,1,g,0,g,0,g,1,g,1,g
860,just salad,brown rice,1,g,0,mg,270,g,8,g,1,g,0,g,0,g,1,g,0,g
861,just salad,buffalo chicken salad,15,g,85,mg,550,g,16,g,28,g,8,g,0,g,5,g,3,g
862,just salad,buffalo chicken wrap,21,g,85,mg,1080,g,61,g,34,g,8,g,0,g,5,g,3,g
863,just salad,buffalo ranch dressing,7,g,10,mg,420,g,1,g,0,g,1.5,g,0,g,0,g,0,g
864,just salad,caesar salad,10,g,30,mg,470,g,12,g,13,g,6,g,0,g,5,g,2,g
865,just salad,carrot edamame slaw,2.5,g,0,mg,115,g,3,g,2,g,0,g,0,g,1,g,1,g
866,just salad,carrots,0,g,0,mg,30,g,3,g,1,g,0,g,0,g,1,g,2,g
867,just salad,cauliflower broccoli rice,0,g,0,mg,25,g,4,g,3,g,0,g,0,g,1,g,1,g
868,just salad,ceasar tofu salad,30,g,30,mg,990,g,15,g,19,g,8,g,0,g,6,g,2,g
869,just salad,celery,0,g,0,mg,35,g,1,g,0,g,0,g,0,g,1,g,1,g
870,just salad,chicken barbacoa market bowl,23,g,40,mg,1470,g,33,g,19,g,4.5,g,0,g,7,g,6,g
871,just salad,chicken caesar salad,12,g,75,mg,730,g,14,g,29,g,6,g,0,g,5,g,3,g
872,just salad,chicken shawarma salad,15,g,70,mg,1220,g,30,g,30,g,17,g,0,g,9,g,6,g
873,just salad,chickpeas,1.5,g,0,mg,0,g,17,g,6,g,0,g,0,g,5,g,3,g
874,just salad,chipotle cowboy salad,23,g,85,mg,940,g,30,g,33,g,9,g,0,g,13,g,3,g
875,just salad,chipotle vinaigrette,15,g,0,mg,110,g,2,g,0,g,2.5,g,0,g,0,g,1,g
876,just salad,cilantro,0,g,0,mg,0,g,0,g,0,g,0,g,0,g,0,g,0,g
877,just salad,corn,1,g,0,mg,10,g,11,g,2,g,0,g,0,g,1,g,4,g
878,just salad,cotia cheese,5,g,15,mg,250,g,0,g,3,g,3.5,g,0,g,0,g,0,g
879,just salad,creamy caesar dressing,15,g,15,mg,160,g,2,g,1,g,2,g,0,g,0,g,0,g
880,just salad,crispy chicken poblano salad,19,g,45,mg,960,g,50,g,22,g,5,g,0,g,11,g,14,g
881,just salad,croutons,1.5,g,0,mg,65,g,4,g,1,g,0,g,0,g,0,g,0,g
882,just salad,crumbled blue cheese,5,g,15,mg,210,g,2,g,3,g,2.5,g,0,g,0,g,0,g
883,just salad,crumbled feta cheese,8,g,20,mg,490,g,1,g,5,g,5,g,0,g,0,g,0,g
884,just salad,crunchy avocado toast,25,g,10,mg,740,g,39,g,11,g,6,g,0,g,9,g,3,g
885,just salad,crunchy onions,1.5,g,0,mg,15,g,1,g,0,g,0,g,0,g,0,g,0,g
886,just salad,cucumber mint lemonade,0,g,0,mg,20,g,23,g,1,g,0,g,0,g,1,g,18,g
887,just salad,cucumbers,0,g,0,mg,0,g,2,g,0,g,0,g,0,g,0,g,1,g
888,just salad,detox cleanse smoothie,0,g,0,mg,0,g,15,g,2,g,0,g,0,g,18,g,3,g
889,just salad,dried cranberries,0,g,0,mg,0,g,12,g,0,g,0,g,0,g,1,g,10,g
890,just salad,edamame,1.5,g,0,mg,0,g,2,g,3,g,0,g,0,g,1,g,0,g
891,just salad,egg whites,0,g,0,mg,55,g,0,g,4,g,0,g,0,g,0,g,0,g
892,just salad,foragers warm bowl,29,g,30,mg,760,g,79,g,25,g,8,g,0,g,12,g,0,g
893,just salad,fresh half lemon,0,g,0,mg,0,g,3,g,0,g,0,g,0,g,1,g,1,g
894,just salad,furikake shake,0,g,0,mg,15,g,1,g,0,g,0,g,0,g,1,g,0,g
895,just salad,goat cheese,7,g,30,mg,110,g,1,g,4,g,5,g,0,g,0,g,6,g
896,just salad,grape tomatoes,0,g,0,mg,0,g,3,g,1,g,0,g,0,g,1,g,2,g
897,just salad,grilled chicken,1.5,g,50,mg,250,g,3,g,16,g,0,g,0,g,0,g,0,g
898,just salad,hard boiled egg,5,g,180,mg,60,g,1,g,6,g,1.5,g,0,g,0,g,1,g
899,just salad,house made buttermilk ranch dressing,10,g,15,mg,130,g,2,g,1,g,2,g,0,g,0,g,1,g
900,just salad,jalapenos,0,g,0,mg,0,g,2,g,0,g,0,g,0,g,1,g,1,g
901,just salad,kalamata olives,14,g,0,mg,820,g,7,g,0,g,0,g,0,g,0,g,0,g
902,just salad,kale broccoli parmesan slaw,10,g,10,mg,270,g,3,g,4,g,2.5,g,0,g,1,g,1,g
903,just salad,kale pesto vinaigrette,14,g,0,mg,105,g,1,g,1,g,2,g,0,g,0,g,0,g
904,just salad,keto zoodle bowl,32,g,35,mg,1300,g,14,g,34,g,12,g,0,g,6,g,0,g
905,just salad,lemon basil vinaigrette,14,g,0,mg,95,g,1,g,0,g,2,g,0,g,0,g,1,g
906,just salad,miso ginger vinaigrette,11,g,0,mg,640,g,5,g,1,g,1.5,g,0,g,0,g,4,g
907,just salad,modern greek crunch salad,13,g,20,mg,930,g,52,g,16,g,5,g,0,g,11,g,14,g
908,just salad,olive oil dressing,28,g,0,mg,0,g,0,g,0,g,4,g,0,g,0,g,0,g
909,just salad,organic sesame tofu,17,g,0,mg,460,g,3,g,6,g,2.5,g,0,g,1,g,0,g
910,just salad,peanut butter warrior smoothie,7,g,0,mg,125,g,55,g,8,g,1,g,0,g,4,g,37,g
911,just salad,pepper jack,12,g,40,mg,220,g,1,g,9,g,8,g,0,g,0,g,0,g
912,just salad,pickled red onions,0,g,0,mg,260,g,9,g,0,g,0,g,0,g,0,g,6,g
913,just salad,pita chips,3.5,g,0,mg,190,g,13,g,2,g,0,g,0,g,1,g,0,g
914,just salad,roasted almonds,13,g,0,mg,0,g,5,g,5,g,1,g,0,g,2,g,2,g
915,just salad,roasted balsamic mushrooms,4.5,g,0,mg,210,g,3,g,2,g,0.5,g,0,g,1,g,2,g
916,just salad,roasted pumpkin seeds,6,g,0,mg,0,g,1,g,4,g,1,g,0,g,1,g,0,g
917,just salad,roasted sweet potatoes,4,g,0,mg,530,g,16,g,2,g,0.5,g,0,g,3,g,5,g
918,just salad,seared ahi tuna,3,g,25,mg,230,g,0,g,12,g,0.5,g,0,g,0,g,1,g
919,just salad,seared tuna salad,8,g,25,mg,460,g,11,g,18,g,1,g,0,g,4,g,3,g
920,just salad,sharp white cheddar,11,g,30,mg,240,g,1,g,8,g,6,g,0,g,0,g,0,g
921,just salad,shaved parmesan,9,g,30,mg,400,g,1,g,10,g,6,g,0,g,1,g,0,g
922,just salad,smoky poblano ranch dressing,10,g,10,mg,130,g,2,g,1,g,2,g,0,g,0,g,1,g
923,just salad,spicy avocado dressing,1,g,0,mg,150,g,2,g,0,g,0,g,0,g,1,g,1,g
924,just salad,spicy avocado mash,8,g,0,mg,100,g,5,g,1,g,1,g,0,g,4,g,0,g
925,just salad,spicy chicken caesar wrap,20,g,80,mg,1360,g,62,g,38,g,7,g,0,g,6,g,3,g
926,just salad,spicy thai peanut dressing,13,g,0,mg,170,g,4,g,2,g,2,g,0,g,1,g,3,g
927,just salad,spicy turmeric tahini dressing,12,g,0,mg,180,g,2,g,1,g,1.5,g,0,g,1,g,0,g
928,just salad,strawberry banana smoothie,2.5,g,5,mg,90,g,61,g,3,g,0.5,g,0,g,4,g,43,g
929,just salad,strawberry lemonade,0,g,0,mg,20,g,37,g,0,g,0,g,0,g,2,g,29,g
930,just salad,supergreens blend,0.5,g,0,mg,65,g,9,g,4,g,0,g,0,g,4,g,3,g
931,just salad,sweet valley salad,29,g,210,mg,710,g,30,g,21,g,9,g,0,g,11,g,8,g
932,just salad,thai chicken crunch salad,2,g,50,mg,360,g,18,g,19,g,0,g,0,g,6,g,8,g
933,just salad,the california salad,23,g,50,mg,330,g,20,g,28,g,2.5,g,0,g,11,g,6,g
934,just salad,tokyo supergreens salad with chicken,26,g,50,mg,480,g,25,g,28,g,3,g,0,g,11,g,7,g
935,just salad,tokyo supergreens salad with tofu,44,g,0,mg,740,g,25,g,18,g,5,g,0,g,11,g,6,g
936,just salad,tortilla chips,1.5,g,0,mg,25,g,5,g,0,g,0,g,0,g,0,g,0,g
937,just salad,warm chicken barbacoa,4,g,30,mg,640,g,10,g,12,g,0.5,g,0,g,1,g,5,g
938,just salad,warm chicken shawarma,5,g,45,mg,580,g,4,g,14,g,1,g,0,g,1,g,1,g
939,just salad,wontons,0,g,0,mg,20,g,2,g,0,g,0,g,0,g,0,g,0,g
940,just salad,yogurt cucumber dressing,2.5,g,5,mg,55,g,2,g,1,g,1,g,0,g,0,g,1,g
941,just salad,zoodles zucchini noodles,4.5,g,0,mg,360,g,3,g,2,g,0.5,g,0,g,2,g,3,g
942,kfc,crispy twister wrap,34,g,70,mg,1260,g,53,g,28,g,7,g,0,g,4,g,3,g
943,kfc,strawberry lemonade,0,g,0,mg,260,g,84,g,0,g,0,g,0,g,0,g,82,g
944,kfc,classic lemonade,0,g,0,mg,130,g,39,g,0,g,0,g,0,g,0,g,38,g
945,kfc,nashville hot extra crispy tenders,1011.2,g,1580,mg,29072,g,568.8,g,632,g,158,g,0,g,31.6,g,31.6,g
946,kfc,nashville hot extra crispy chicken breast,60,g,105,mg,1530,g,21,g,35,g,10,g,0,g,1,g,1,g
947,kfc,famous bowl snack size,14,g,20,mg,850,g,27,g,11,g,3.5,g,0,g,2,g,1,g
948,kfc,honey bbq fried wings,6,g,20,mg,210,g,8,g,5,g,1,g,0,g,0,g,4,g
949,kfc,nashville hot spicy crispy chicken breast,40,g,100,mg,1390,g,14,g,31,g,7,g,0,g,2,g,1,g
950,kfc,unsauced fried wings,6,g,20,mg,150,g,3,g,5,g,1,g,0,g,0,g,0,g
951,kfc,nashville hot kentucky grilled chicken breast,12,g,130,mg,790,g,1,g,38,g,3,g,0,g,0,g,0,g
952,kfc,buffalo fried wings,7.5,g,20,mg,310,g,3,g,5,g,1.5,g,0,g,0,g,0,g
953,kfc,nashville hot spicy crispy chicken thigh,32,g,65,mg,900,g,12,g,13,g,6,g,0,g,2,g,1,g
954,kfc,nashville hot wings,11,g,20,mg,230,g,4,g,5,g,2,g,0,g,0,g,0,g
955,kfc,nashville hot extra crispy chicken thigh,40,g,100,mg,970,g,11,g,22,g,7,g,0,g,1,g,1,g
956,kfc,nashville hot kentucky grilled chicken drumstick,6,g,55,mg,260,g,0,g,11,g,1.5,g,0,g,0,g,0,g
957,kfc,nashville hot spicy crispy chicken drumstick,14,g,40,mg,510,g,6,g,9,g,2.5,g,0,g,1,g,0,g
958,kfc,nashville hot kentucky grilled chicken thigh,12,g,90,mg,470,g,0,g,17,g,3.5,g,0,g,0,g,0,g
959,kfc,nashville hot extra crispy chicken drumstick,21,g,50,mg,530,g,6,g,11,g,3.5,g,0,g,1,g,0,g
960,kfc,nashville hot extra crispy chicken whole wing,25,g,45,mg,520,g,6,g,10,g,4,g,0,g,1,g,1,g
961,kfc,nashville hot kentucky grilled chicken whole wing,6,g,45,mg,210,g,1,g,9,g,1.5,g,0,g,0,g,0,g
962,kfc,nashville hot spicy crispy chicken whole wing,15,g,35,mg,450,g,5,g,8,g,2.5,g,0,g,1,g,0,g
963,kfc,buttery spread,4,g,0,mg,35,g,0,g,0,g,1.5,g,0,g,0,g,0,g
964,kfc,ketchup,0,g,0,mg,250,g,8,g,0,g,0,g,0,g,0,g,6,g
965,kfc,grape jelly,0,g,0,mg,10,g,9,g,0,g,0,g,0,g,0,g,7,g
966,kfc,strawberry jam,0,g,0,mg,0,g,9,g,0,g,0,g,0,g,0,g,8,g
967,kfc,lemon juice,0,g,0,mg,20,g,1,g,0,g,0,g,0,g,0,g,0,g
968,kfc,chocolate chip cookie,6,g,5,mg,70,g,18,g,1,g,3,g,0,g,1,g,12,g
969,kfc,cafe valley bakery chocolate chip cake,15,g,50,mg,260,g,39,g,4,g,3,g,0,g,1,g,27,g
970,kfc,apple turnover,10,g,0,mg,140,g,32,g,2,g,2.5,g,0,g,0.5,g,12,g
971,kfc,cafe valley bakery lemon cake,10,g,30,mg,170,g,30,g,2,g,2,g,0,g,0,g,20,g
972,kfc,oreo cookies and cream pie,13,g,5,mg,210,g,35,g,3,g,8,g,0,g,1,g,24,g
973,kfc,cafe valley bakery mini lemon cake,13,g,50,mg,230,g,43,g,3,g,2.5,g,0,g,0,g,31,g
974,kfc,reeses peanut butter pie,17,g,5,mg,270,g,33,g,5,g,9,g,0,g,1,g,22,g
975,kfc,cafe valley bakery mini chocolate chip cake,12,g,40,mg,190,g,49,g,3,g,2.5,g,0,g,1,g,35,g
976,kfc,chicken little kids meal without sides or drink,19,g,35,mg,550,g,36,g,13,g,3,g,0,g,2,g,11,g
977,kfc,popcorn nuggets kids meal without sides or drink,19,g,30,mg,870,g,31,g,13,g,2.5,g,0,g,2,g,8,g
978,kfc,extra crispy tenders kids meal without sides or drink,7,g,25,mg,310,g,20,g,10,g,1,g,0,g,1,g,8,g
979,kfc,grilled drumstick kids meal without sides or drink,4,g,55,mg,220,g,12,g,11,g,1,g,0,g,1,g,8,g
980,kfc,kids mashed potatoes,3.5,g,0,mg,330,g,17,g,2,g,0.5,g,0,g,1,g,0,g
981,kfc,applesauce,0,g,0,mg,0,g,12,g,0,g,0,g,0,g,1,g,8,g
982,kfc,kids macaroni and cheese,8,g,5,mg,800,g,23,g,7,g,2,g,0,g,1,g,3,g
983,kfc,kids cornbread muffin,9,g,35,mg,240,g,28,g,3,g,1.5,g,0,g,0.5,g,11,g
984,kfc,kids mashed potato with gravy,4.5,g,0,mg,520,g,20,g,3,g,1,g,0,g,1,g,0,g
985,kfc,original drumstick kids meal without sides or dribk,8,g,55,mg,430,g,16,g,12,g,1.5,g,0,g,2,g,8,g
986,kfc,kids coleslaw,14,g,5,mg,200,g,16,g,1,g,2.5,g,0,g,5,g,11,g
987,kfc,extra crispy chicen drumstick kids meal without sides or drink,12,g,50,mg,390,g,17,g,10,g,2,g,0,g,1,g,8,g
988,kfc,kids green beans,0,g,0,mg,260,g,4,g,0.5,g,0,g,0,g,3,g,0.5,g
989,kfc,spicy crispy chicken drumstick kids meal without sides or drink,8,g,40,mg,420,g,17,g,9,g,1.5,g,0,g,2,g,8,g
990,kfc,capri sun 100 fruit juice punch,0,g,0,mg,25,g,21,g,0,g,0,g,0,g,0,g,20,g
991,kfc,kids corn on the cob,0,g,0,mg,0,g,17,g,2,g,0,g,0,g,2,g,3,g
992,kfc,1 fat milk,2,g,10,mg,105,g,10,g,7,g,1.5,g,0,g,0,g,10,g
993,kfc,1 chocolate milk,2.5,g,10,mg,170,g,26,g,7,g,1.5,g,0,g,0,g,23,g
994,kfc,kids biscuit,8,g,0,mg,520,g,22,g,4,g,4.5,g,0,g,1,g,1,g
995,kfc,kids sweet kernel corn,0,g,0,mg,0,g,16,g,2,g,0,g,0,g,2,g,2,g
996,kfc,kids bbq baked beans side,1.5,g,0,mg,980,g,51,g,17,g,0,g,0,g,11,g,23,g
997,kfc,extra crispy chicken tenders,7,g,25,mg,320,g,8,g,10,g,1,g,0,g,0,g,0,g
998,kfc,famous bowl regular,35,g,45,mg,2350,g,81,g,26,g,6,g,0,g,6,g,2,g
999,kfc,original recipe chicken drumstick bone in,8,g,55,mg,430,g,4,g,12,g,1.5,g,0,g,1,g,0,g
