,Restaurant Name,Food Name,Total Fat Amount,Total Fat Unit,Cholesterol Amount,Cholesterol Unit,Sodium Amount,Sodium Unit,Total Carbohydrate Amount,Total Carbohydrate Unit,Protein Amount,Protein Unit,Saturated Fat Amount,Saturated Fat Unit,Trans Fat Amount,Trans Fat Unit,Dietary Fiber Amount,Dietary Fiber Unit,Sugars Amount,Sugars Unit
0,king taco,all meat burritos carnitas,75,g,0,mg,1540,g,75,g,83,g,28,g,0,g,0,g,0,g
1,king taco,all meat burritos chicharron,93,g,0,mg,2940,g,71,g,64,g,31,g,0,g,0,g,0,g
2,king taco,all meat burritos chicken,25,g,0,mg,1890,g,66,g,67,g,8,g,0,g,0,g,0,g
3,king taco,all meat burritos lengua,69,g,0,mg,1390,g,62,g,82,g,30,g,0,g,0,g,0,g
4,king taco,all meat burritos suadero,80,g,0,mg,1900,g,80,g,79,g,33,g,0.5,g,0,g,0,g
5,king taco,chips,22,g,0,mg,450,g,53,g,6,g,4.5,g,0,g,0,g,0,g
6,king taco,coffee,0,g,0,mg,0,g,1,g,0,g,0,g,0,g,0,g,0,g
7,king taco,combination burritos al pastor,28,g,0,mg,1690,g,104,g,34,g,9,g,0,g,0,g,0,g
8,king taco,combination burritos buche,23,g,0,mg,1910,g,102,g,44,g,8,g,0,g,0,g,0,g
9,king taco,combination burritos cabeza,24,g,0,mg,1580,g,103,g,40,g,9,g,0,g,0,g,0,g
10,king taco,combination burritos carne asada,22,g,0,mg,1820,g,109,g,38,g,9,g,0,g,0,g,0,g
11,king taco,combination burritos carnitas,35,g,0,mg,1510,g,106,g,40,g,12,g,0,g,0,g,0,g
12,king taco,combination burritos chicharron,41,g,0,mg,2970,g,95,g,34,g,14,g,0,g,0,g,0,g
13,king taco,combination burritos chicken,18,g,0,mg,1630,g,103,g,34,g,6,g,0,g,0,g,0,g
14,king taco,combination burritos lengua,33,g,0,mg,1470,g,102,g,39,g,13,g,0,g,0,g,0,g
15,king taco,combination burritos suadero,37,g,0,mg,1630,g,108,g,38,g,14,g,0,g,0,g,0,g
16,king taco,corn tortilla,2,g,0,mg,125,g,36,g,4,g,0,g,0,g,0,g,0,g
17,king taco,cotija cheese,5,g,0,mg,710,g,3,g,11,g,3,g,0,g,0,g,0,g
18,king taco,entero beans,9,g,0,mg,630,g,45,g,13,g,2,g,0,g,0,g,0,g
19,king taco,extra meat al pastor,15,g,0,mg,400,g,1,g,17,g,6,g,0,g,0,g,0,g
20,king taco,extra meat buche,9,g,0,mg,310,g,0,g,15,g,4,g,0,g,0,g,0,g
21,king taco,extra meat cabeza,10,g,0,mg,250,g,0,g,16,g,5,g,0,g,0,g,0,g
22,king taco,extra meat carne asada,7,g,0,mg,270,g,1,g,18,g,4,g,0,g,0,g,0,g
23,king taco,extra meat carnitas,16,g,0,mg,170,g,0,g,20,g,7,g,0,g,0,g,0,g
24,king taco,extra meat chicharron,14,g,0,mg,720,g,2,g,14,g,5,g,0,g,0,g,0,g
25,king taco,extra meat chicken,8,g,0,mg,180,g,0,g,19,g,3,g,0,g,0,g,0,g
26,king taco,extra meat lengua,14,g,0,mg,160,g,0,g,15,g,6,g,0.5,g,0,g,0,g
27,king taco,extra meat suadero,14,g,0,mg,340,g,2,g,23,g,5,g,0,g,0,g,0,g
28,king taco,flour tortillas,25,g,0,mg,1680,g,195,g,31,g,6,g,0,g,0,g,0,g
29,king taco,green salsa,0,g,0,mg,370,g,3,g,1,g,0,g,0,g,0,g,0,g
30,king taco,guacamole,2.5,g,0,mg,95,g,4,g,0,g,0.5,g,0,g,0,g,0,g
31,king taco,guacamole with chile,1.5,g,0,mg,170,g,4,g,0,g,0,g,0,g,0,g,0,g
32,king taco,jalapenos,0,g,0,mg,250,g,2,g,0,g,0,g,0,g,0,g,0,g
33,king taco,large soft drink diet pepsi,0,g,0,mg,85,g,0,g,0,g,0,g,0,g,0,g,0,g
34,king taco,large soft drink horchata,11,g,0,mg,220,g,122,g,6,g,3,g,0,g,0,g,0,g
35,king taco,large soft drink jamaica,4.5,g,0,mg,105,g,102,g,0,g,4.5,g,0,g,0,g,0,g
36,king taco,large soft drink mountain dew,0,g,0,mg,170,g,102,g,0,g,0,g,0,g,0,g,0,g
37,king taco,large soft drink pepsi,0,g,0,mg,85,g,97,g,0,g,0,g,0,g,0,g,0,g
38,king taco,large soft drink pineapple,2.5,g,0,mg,45,g,150,g,0,g,2.5,g,0,g,0,g,0,g
39,king taco,large soft drink sierra mist,0,g,0,mg,75,g,95,g,0,g,0,g,0,g,0,g,0,g
40,king taco,large soft drink tamarind,1.5,g,0,mg,115,g,164,g,0,g,1.5,g,0,g,0,g,0,g
41,king taco,medium soft drink diet pepsi,0,g,0,mg,55,g,0,g,0,g,0,g,0,g,0,g,0,g
42,king taco,medium soft drink horchata,7,g,0,mg,140,g,80,g,4,g,2,g,0,g,0,g,0,g
43,king taco,medium soft drink jamaica,3,g,0,mg,70,g,67,g,0,g,3,g,0,g,0,g,0,g
44,king taco,medium soft drink mountain dew,0,g,0,mg,115,g,67,g,0,g,0,g,0,g,0,g,0,g
45,king taco,medium soft drink pepsi,0,g,0,mg,55,g,64,g,0,g,0,g,0,g,0,g,0,g
46,king taco,medium soft drink pineapple,1.5,g,0,mg,30,g,99,g,0,g,1.5,g,0,g,0,g,0,g
47,king taco,medium soft drink sierra mist,0,g,0,mg,50,g,62,g,0,g,0,g,0,g,0,g,0,g
48,king taco,medium soft drink tamarind,1,g,0,mg,75,g,107,g,0,g,1,g,0,g,0,g,0,g
49,king taco,monterey cheese,13,g,0,mg,230,g,0,g,10,g,8,g,0,g,0,g,0,g
50,king taco,nachos regulares,38,g,0,mg,930,g,52,g,22,g,19,g,1.5,g,0,g,0,g
51,king taco,nachos with meat al pastor,53,g,0,mg,1340,g,54,g,39,g,24,g,1.5,g,0,g,0,g
52,king taco,nachos with meat buche,47,g,0,mg,1250,g,53,g,38,g,23,g,1.5,g,0,g,0,g
53,king taco,nachos with meat cabeza,48,g,0,mg,1190,g,52,g,39,g,24,g,1.5,g,0,g,0,g
54,king taco,nachos with meat carne asada,45,g,0,mg,1200,g,53,g,41,g,23,g,1.5,g,0,g,0,g
55,king taco,nachos with meat carnitas,54,g,0,mg,1110,g,52,g,42,g,25,g,1.5,g,0,g,0,g
56,king taco,nachos with meat chicharron,80,g,0,mg,2320,g,143,g,38,g,16,g,0,g,0,g,0,g
57,king taco,nachos with meat chicken,46,g,0,mg,1120,g,52,g,41,g,22,g,1.5,g,0,g,0,g
58,king taco,nachos with meat lengua,52,g,0,mg,1090,g,53,g,38,g,25,g,2,g,0,g,0,g
59,king taco,nachos with meat suadero,52,g,0,mg,1270,g,54,g,45,g,24,g,1.5,g,0,g,0,g
60,king taco,other drinks atole,5,g,0,mg,75,g,56,g,6,g,3,g,0,g,0,g,0,g
61,king taco,other drinks champurrado,9,g,0,mg,70,g,36,g,37,g,6,g,0,g,0,g,0,g
62,king taco,quesadilla regular,46,g,0,mg,1730,g,51,g,38,g,0,g,0,g,0,g,0,g
63,king taco,quesadillas with meat al pastor,65,g,0,mg,2260,g,58,g,55,g,7,g,0,g,0,g,0,g
64,king taco,quesadillas with meat buche,59,g,0,mg,2170,g,57,g,54,g,5,g,0,g,0,g,0,g
65,king taco,quesadillas with meat cabeza,60,g,0,mg,2110,g,57,g,55,g,6,g,0,g,0,g,0,g
66,king taco,quesadillas with meat carne asada,57,g,0,mg,2120,g,58,g,57,g,5,g,0,g,0,g,0,g
67,king taco,quesadillas with meat carnitas,66,g,0,mg,2020,g,57,g,58,g,7,g,0,g,0,g,0,g
68,king taco,quesadillas with meat chicharron,65,g,0,mg,1840,g,59,g,55,g,26,g,1,g,0,g,0,g
69,king taco,quesadillas with meat chicken,58,g,0,mg,2030,g,57,g,57,g,3.5,g,0,g,0,g,0,g
70,king taco,quesadillas with meat lengua,64,g,0,mg,2010,g,57,g,54,g,7,g,0.5,g,0,g,0,g
71,king taco,quesadillas with meat suadero,64,g,0,mg,2190,g,59,g,62,g,6,g,0,g,0,g,0,g
72,king taco,red salsa,0,g,0,mg,280,g,3,g,1,g,0,g,0,g,0,g,0,g
73,king taco,refrito beans,30,g,0,mg,700,g,43,g,13,g,4,g,0,g,0,g,0,g
74,king taco,rice,14,g,0,mg,880,g,78,g,6,g,3,g,0,g,0,g,0,g
75,king taco,rotisserie chicken half,34,g,0,mg,730,g,0,g,76,g,12,g,0,g,0,g,0,g
76,king taco,rotisserie chicken whole,68,g,0,mg,1460,g,0,g,152,g,24,g,0,g,0,g,0,g
77,king taco,sopes al pastor,15,g,0,mg,700,g,34,g,12,g,4,g,0,g,0,g,0,g
78,king taco,sopes buche,14,g,0,mg,780,g,33,g,15,g,4,g,0,g,0,g,0,g
79,king taco,sopes cabeza,14,g,0,mg,670,g,33,g,13,g,4,g,0,g,0,g,0,g
80,king taco,sopes carne asada,14,g,0,mg,760,g,35,g,13,g,4,g,0,g,0,g,0,g
81,king taco,sopes carnitas,18,g,0,mg,670,g,34,g,13,g,5,g,0,g,0,g,0,g
82,king taco,sopes chicharron,20,g,0,mg,810,g,34,g,12,g,5,g,0,g,0,g,0,g
83,king taco,sopes chicken,13,g,0,mg,700,g,34,g,12,g,3,g,0,g,0,g,0,g
84,king taco,sopes lengua,17,g,0,mg,660,g,33,g,13,g,5,g,0,g,0,g,0,g
85,king taco,sopes suadero,18,g,0,mg,710,g,35,g,13,g,5,g,0,g,0,g,0,g
86,king taco,tacos al pastor,4.5,g,0,mg,210,g,13,g,6,g,1,g,0,g,0,g,0,g
87,king taco,tacos buche,3.5,g,0,mg,260,g,13,g,8,g,1,g,0,g,0,g,0,g
88,king taco,tacos cabeza,3.5,g,0,mg,180,g,13,g,7,g,1,g,0,g,0,g,0,g
89,king taco,tacos carne asada,3,g,0,mg,230,g,14,g,6,g,1,g,0,g,0,g,0,g
90,king taco,tacos carnitas,6,g,0,mg,170,g,14,g,7,g,2,g,0,g,0,g,0,g
91,king taco,tacos chicharron,10,g,0,mg,300,g,13,g,7,g,3,g,0,g,0,g,0,g
92,king taco,tacos chicken,2.5,g,0,mg,220,g,13,g,7,g,0.5,g,0,g,0,g,0,g
93,king taco,tacos lengua,6,g,0,mg,150,g,13,g,7,g,2,g,0,g,0,g,0,g
94,king taco,tacos suadero,7,g,0,mg,190,g,14,g,7,g,2,g,0,g,0,g,0,g
95,king taco,tamales cheese and jalapenos,19,g,0,mg,770,g,37,g,12,g,11,g,0,g,0,g,0,g
96,king taco,tamales chicken,16,g,0,mg,750,g,39,g,12,g,9,g,0,g,0,g,0,g
97,king taco,tamales mole,20,g,0,mg,1020,g,38,g,19,g,7,g,0,g,0,g,0,g
98,king taco,tamales pork,25,g,0,mg,890,g,42,g,12,g,10,g,0,g,0,g,0,g
99,king taco,tamales sweet,13,g,0,mg,135,g,78,g,2,g,7,g,0,g,0,g,0,g
100,kneaders,apple butternut bisque soup 12oz,23,g,60,mg,660,g,24,g,3,g,12,g,0,g,5,g,9,g
101,kneaders,apple butternut bisque soup 32oz,60,g,160,mg,1760,g,64,g,8,g,32,g,0,g,12,g,24,g
102,kneaders,apple butternut bisque soup 8oz,15,g,40,mg,440,g,16,g,2,g,8,g,0,g,3,g,6,g
103,kneaders,artichoke portabella soup 12oz,8,g,20,mg,980,g,11,g,3,g,4.5,g,0,g,2,g,3,g
104,kneaders,artichoke portabella soup 32oz,22,g,50,mg,2610,g,29,g,7,g,12,g,0.5,g,6,g,8,g
105,kneaders,artichoke portabella soup 8oz,5,g,15,mg,650,g,7,g,2,g,3,g,0,g,1,g,2,g
106,kneaders,asiago bisque soup 12oz,29,g,85,mg,1100,g,26,g,9,g,15,g,1,g,2,g,5,g
107,kneaders,asiago bisque soup 32oz,76,g,220,mg,2920,g,68,g,24,g,40,g,2,g,4,g,12,g
108,kneaders,asiago bisque soup 8oz,19,g,55,mg,730,g,17,g,6,g,10,g,0.5,g,1,g,3,g
109,kneaders,bacon and cheese breakfast sandwich,34,g,95,mg,950,g,29,g,21,g,10,g,0,g,1,g,5,g
110,kneaders,bacon egg and cheese breakfast sandwich,49,g,465,mg,1320,g,29,g,34,g,10,g,0,g,1,g,5,g
111,kneaders,bacon egg and cheese with egg whites breakfast sandwich,39,g,95,mg,1340,g,29,g,32,g,10,g,0,g,1,g,5,g
112,kneaders,balsamic vinaigrette dressing,9,g,0,mg,410,g,5,g,0,g,0,g,0,g,0,g,5,g
113,kneaders,barqs root beer,0,g,0,mg,75,g,49,g,0,g,0,g,0,g,0,g,49,g
114,kneaders,bars almond citrus,13,g,100,mg,85,g,42,g,5,g,5,g,0,g,1,g,29,g
115,kneaders,bars caramel oat,15,g,25,mg,160,g,41,g,4,g,8,g,0,g,2,g,23,g
116,kneaders,bars holiday nut,23,g,20,mg,240,g,39,g,6,g,9,g,0,g,2,g,18,g
117,kneaders,bars ooey gooey goodness,21,g,60,mg,125,g,56,g,6,g,10,g,0,g,2,g,44,g
118,kneaders,bars ultimate cookie,21,g,25,mg,350,g,53,g,5,g,9,g,0,g,2,g,40,g
119,kneaders,berry cheesecake,40,g,135,mg,340,g,50,g,7,g,25,g,1.5,g,1,g,40,g
120,kneaders,bread pudding apple cinnamon,53,g,235,mg,440,g,121,g,10,g,28,g,2,g,4,g,79,g
121,kneaders,bread pudding cranberry apple,53,g,235,mg,440,g,121,g,10,g,28,g,2,g,4,g,78,g
122,kneaders,bread pudding german chocolate,58,g,245,mg,95,g,83,g,10,g,38,g,0,g,3,g,49,g
123,kneaders,bread pudding raspberry,36,g,215,mg,650,g,132,g,11,g,21,g,0,g,5,g,73,g
124,kneaders,bread slices 100 whole wheat,0,g,0,mg,350,g,37,g,6,g,0,g,0,g,6,g,4,g
125,kneaders,bread slices apricot almond wreath,1,g,0,mg,90,g,18,g,2,g,0,g,0,g,1,g,5,g
126,kneaders,bread slices asiago cheese,3,g,5,mg,410,g,30,g,7,g,1.5,g,0,g,1,g,0,g
127,kneaders,bread slices baguette,2,g,0,mg,910,g,85,g,13,g,0,g,0,g,1,g,1,g
128,kneaders,bread slices challah,1,g,10,mg,250,g,40,g,4,g,0,g,0,g,1,g,16,g
129,kneaders,bread slices chunky cinnamon,1,g,10,mg,250,g,40,g,4,g,0,g,0,g,1,g,16,g
130,kneaders,bread slices ciabatta,4.5,g,20,mg,200,g,22,g,3,g,2.5,g,0,g,1,g,3,g
131,kneaders,bread slices country white,0.5,g,0,mg,340,g,33,g,5,g,0,g,0,g,1,g,2,g
132,kneaders,bread slices cranberry pistachio,3,g,0,mg,230,g,28,g,4,g,0,g,0,g,1,g,7,g
133,kneaders,bread slices focaccia,3,g,5,mg,1040,g,80,g,15,g,1,g,0,g,1,g,1,g
134,kneaders,bread slices french country,0.5,g,0,mg,370,g,32,g,5,g,0,g,0,g,1,g,0,g
135,kneaders,bread slices garlic cheddar,2,g,5,mg,230,g,27,g,6,g,1,g,0,g,2,g,0,g
136,kneaders,bread slices hazelnut 12 grain,5,g,5,mg,200,g,27,g,5,g,0,g,0,g,3,g,3,g
137,kneaders,bread slices honey wheat,0,g,0,mg,350,g,33,g,5,g,0,g,0,g,3,g,3,g
138,kneaders,bread slices irish soda bread,2.5,g,15,mg,280,g,20,g,4,g,1.5,g,0,g,0,g,2,g
139,kneaders,bread slices jalapeno cheddar,3,g,10,mg,280,g,19,g,5,g,1.5,g,0,g,0,g,0,g
140,kneaders,bread slices paesano,0,g,0,mg,240,g,21,g,3,g,0,g,0,g,0,g,0,g
141,kneaders,bread slices potato rosemary,0,g,0,mg,190,g,20,g,3,g,0,g,0,g,1,g,0,g
142,kneaders,bread slices raisin walnut,3.5,g,0,mg,200,g,23,g,4,g,0,g,0,g,1,g,4,g
143,kneaders,bread slices rosemary foccacia,0.5,g,0,mg,250,g,21,g,3,g,0,g,0,g,0,g,0,g
144,kneaders,bread slices rustic rye,0.5,g,0,mg,280,g,32,g,5,g,0,g,0,g,1,g,0,g
145,kneaders,bread slices seeded baguette,5,g,0,mg,910,g,87,g,14,g,0,g,0,g,2,g,1,g
146,kneaders,breakfast pastries butter croissant,15,g,40,mg,390,g,41,g,7,g,9,g,0.5,g,1,g,6,g
147,kneaders,breakfast pastries cherry greek yogurt croissant,18,g,75,mg,360,g,41,g,7,g,11,g,0.5,g,1,g,16,g
148,kneaders,breakfast pastries chocolate croissant,15,g,45,mg,280,g,31,g,5,g,10,g,0,g,2,g,8,g
149,kneaders,breakfast pastries cinnamon rolls,13,g,15,mg,600,g,90,g,10,g,5,g,2.5,g,3,g,36,g
150,kneaders,breakfast pastries coconut citrus scone,30,g,75,mg,490,g,99,g,8,g,21,g,0.5,g,3,g,56,g
151,kneaders,breakfast pastries cranberry white chocolate scone,22,g,75,mg,450,g,81,g,8,g,14,g,0.5,g,2,g,40,g
152,kneaders,breakfast pastries twice baked almond croissant,22,g,80,mg,360,g,38,g,7,g,13,g,0.5,g,1,g,12,g
153,kneaders,broccoli sunflower salad,41,g,20,mg,220,g,28,g,7,g,8,g,0,g,4,g,19,g
154,kneaders,build your own beverage 2 milk,7,g,35,mg,210,g,22,g,15,g,4.5,g,0,g,0,g,21,g
155,kneaders,build your own beverage almond syrup,0,g,0,mg,0,g,25,g,0,g,0,g,0,g,0,g,25,g
156,kneaders,build your own beverage black raspberry syrup,0,g,0,mg,0,g,24,g,0,g,0,g,0,g,0,g,24,g
157,kneaders,build your own beverage blood orange syrup,0,g,0,mg,0,g,19,g,0,g,0,g,0,g,0,g,19,g
158,kneaders,build your own beverage caramel sauce syrup,1.5,g,5,mg,60,g,24,g,2,g,1,g,0,g,0,g,24,g
159,kneaders,build your own beverage caramel syrup,0,g,0,mg,0,g,24,g,0,g,0,g,0,g,0,g,24,g
160,kneaders,build your own beverage cherry syrup,0,g,0,mg,0,g,24,g,0,g,0,g,0,g,0,g,24,g
161,kneaders,build your own beverage coffee,0,g,0,mg,10,g,0,g,1,g,0,g,0,g,0,g,0,g
162,kneaders,build your own beverage dark chocolate syrup,1,g,0,mg,10,g,24,g,1,g,0.5,g,0,g,0,g,24,g
163,kneaders,build your own beverage espresso,0,g,0,mg,10,g,1,g,0,g,0,g,0,g,0,g,0,g
164,kneaders,build your own beverage hazelnut syrup,0,g,0,mg,5,g,19,g,0,g,0,g,0,g,0,g,19,g
165,kneaders,build your own beverage irish creme syrup,0,g,0,mg,0,g,25,g,0,g,0,g,0,g,0,g,25,g
166,kneaders,build your own beverage peppermint syrup,0,g,0,mg,0,g,24,g,0,g,0,g,0,g,0,g,24,g
167,kneaders,bundt cakes banana nut,28,g,55,mg,390,g,89,g,7,g,6,g,0,g,3,g,58,g
168,kneaders,bundt cakes lemon ginger,22,g,50,mg,200,g,83,g,5,g,4.5,g,0,g,0,g,60,g
169,kneaders,bundt cakes red velvet,22,g,50,mg,520,g,70,g,8,g,10,g,0,g,2,g,49,g
170,kneaders,bundt cakes triple chocolate pudding,27,g,105,mg,370,g,59,g,7,g,11,g,0.5,g,3,g,45,g
171,kneaders,burnt almond fudge cheesecake,41,g,115,mg,280,g,48,g,7,g,24,g,1.5,g,1,g,40,g
172,kneaders,caffe latte,7,g,35,mg,220,g,23,g,15,g,4.5,g,0,g,0,g,21,g
173,kneaders,caffe mocha,7,g,35,mg,220,g,47,g,15,g,4.5,g,0,g,0,g,43,g
174,kneaders,caffeine free diet coke,0,g,0,mg,50,g,0,g,0,g,0,g,0,g,0,g,0,g
175,kneaders,caramel frappe,17,g,35,mg,340,g,74,g,15,g,13,g,0,g,0,g,65,g
176,kneaders,caramel macchiato,7,g,35,mg,220,g,145,g,15,g,4.5,g,0,g,0,g,141,g
177,kneaders,caramel pancake syrup 2oz,6,g,15,mg,125,g,36,g,0,g,4,g,0,g,0,g,34,g
178,kneaders,caramel pancake syrup 4oz,16,g,65,mg,60,g,75,g,0,g,11,g,0,g,0,g,45,g
179,kneaders,cauliflower turmeric bisque soup 12oz,27,g,60,mg,1170,g,17,g,3,g,14,g,0,g,2,g,5,g
180,kneaders,cauliflower turmeric bisque soup 32oz,72,g,160,mg,3120,g,44,g,8,g,36,g,0,g,4,g,12,g
181,kneaders,cauliflower turmeric bisque soup 8oz,18,g,40,mg,780,g,11,g,2,g,9,g,0,g,1,g,3,g
182,kneaders,chai tea latte,7,g,35,mg,220,g,80,g,15,g,4.5,g,0,g,0,g,74,g
183,kneaders,chicken ala mondo salad,20,g,70,mg,790,g,11,g,29,g,6,g,0,g,4,g,3,g
184,kneaders,chicken and wild rice soup 12oz,35,g,130,mg,1310,g,30,g,17,g,18,g,0,g,2,g,6,g
185,kneaders,chicken and wild rice soup 32oz,92,g,340,mg,3480,g,80,g,44,g,48,g,0,g,4,g,16,g
186,kneaders,chicken and wild rice soup 8oz,23,g,85,mg,870,g,20,g,11,g,12,g,0,g,1,g,4,g
187,kneaders,chicken pot pie soup 12oz,8,g,25,mg,1500,g,20,g,10,g,3,g,0,g,2,g,5,g
188,kneaders,chicken pot pie soup 32oz,21,g,70,mg,4010,g,52,g,28,g,8,g,0,g,5,g,14,g
189,kneaders,chicken pot pie soup 8oz,5,g,20,mg,1000,g,13,g,7,g,2,g,0,g,1,g,4,g
190,kneaders,chicken raspberry nut salad,15,g,55,mg,530,g,15,g,21,g,3,g,0,g,3,g,10,g
191,kneaders,chicken salad croissant,40,g,100,mg,1290,g,40,g,22,g,4.5,g,0.5,g,4,g,10,g
192,kneaders,chicken tortilla soup 12oz,9,g,55,mg,1490,g,14,g,15,g,1,g,0,g,3,g,5,g
193,kneaders,chicken tortilla soup 32oz,24,g,140,mg,3960,g,36,g,40,g,2,g,0,g,8,g,12,g
194,kneaders,chicken tortilla soup 8oz,6,g,35,mg,990,g,9,g,10,g,0.5,g,0,g,2,g,3,g
195,kneaders,chocolate cherry cheesecake,44,g,135,mg,340,g,55,g,8,g,27,g,1.5,g,1,g,45,g
196,kneaders,chunky cinnamon french toast 2 slices and 2oz syrup,47,g,230,mg,640,g,148,g,12,g,34,g,0,g,3,g,79,g
197,kneaders,coca cola,0,g,0,mg,35,g,44,g,0,g,0,g,0,g,0,g,44,g
198,kneaders,coca cola zero,0,g,0,mg,40,g,0,g,0,g,0,g,0,g,0,g,0,g
199,kneaders,coffee,0,g,0,mg,10,g,0,g,1,g,0,g,0,g,0,g,0,g
200,kneaders,cookies chocolate chunk,13,g,40,mg,440,g,44,g,4,g,8,g,0,g,1,g,24,g
201,kneaders,cookies chocolate salted caramel,16,g,40,mg,480,g,55,g,4,g,10,g,0,g,1,g,32,g
202,kneaders,cookies ginger bread with milk and white chocolate,29,g,0,mg,290,g,71,g,5,g,16,g,4,g,2,g,47,g
203,kneaders,cookies ginger bread with white chocolate,22,g,0,mg,260,g,54,g,4,g,9,g,4,g,0,g,30,g
204,kneaders,cookies kids sugar,11,g,45,mg,150,g,56,g,3,g,6,g,0,g,1,g,34,g
205,kneaders,cookies mexican wedding,22,g,40,mg,80,g,24,g,2,g,9,g,0,g,2,g,8,g
206,kneaders,cookies oatmeal raisin,11,g,40,mg,200,g,44,g,5,g,6,g,0,g,2,g,21,g
207,kneaders,cookies peanut butter,18,g,40,mg,280,g,37,g,6,g,8,g,0,g,1,g,24,g
208,kneaders,cookies pumpkin chocolate chip,16,g,20,mg,380,g,44,g,4,g,3.5,g,0,g,2,g,27,g
209,kneaders,cookies sugar,15,g,60,mg,210,g,80,g,4,g,9,g,0.5,g,1,g,49,g
210,kneaders,cookies white chocolate macadamia nut,15,g,40,mg,490,g,43,g,3,g,9,g,0,g,1,g,26,g
211,kneaders,cotija cilantro dressing,17,g,20,mg,330,g,5,g,2,g,2,g,0,g,0,g,2,g
212,kneaders,cream cheese brownie brownie,21,g,20,mg,130,g,51,g,4,g,7,g,0,g,2,g,38,g
213,kneaders,cream of broccoli soup 12oz,14,g,40,mg,1230,g,12,g,1,g,8,g,0,g,2,g,6,g
214,kneaders,cream of broccoli soup 32oz,36,g,100,mg,3470,g,32,g,32,g,20,g,0,g,4,g,16,g
215,kneaders,cream of broccoli soup 8oz,9,g,25,mg,820,g,8,g,8,g,5,g,0,g,1,g,4,g
216,kneaders,creamy ranch dressing,21,g,25,mg,510,g,2,g,2,g,5,g,0,g,0,g,2,g
217,kneaders,cupcakes boston cream,13,g,20,mg,270,g,41,g,3,g,6,g,0.5,g,1,g,29,g
218,kneaders,cupcakes chocolate cherry cheesecake,14,g,35,mg,320,g,41,g,4,g,7,g,0,g,1,g,29,g
219,kneaders,cupcakes chocolate mint,32,g,20,mg,380,g,75,g,5,g,12,g,4,g,1,g,61,g
220,kneaders,cupcakes chocolate peanut buttereach,25,g,25,mg,370,g,50,g,6,g,14,g,0,g,2,g,36,g
221,kneaders,cupcakes devils food no icing,8,g,20,mg,280,g,26,g,3,g,2.5,g,0,g,1,g,16,g
222,kneaders,cupcakes easter cupcake,27,g,20,mg,380,g,74,g,4,g,10,g,4,g,1,g,61,g
223,kneaders,cupcakes raspberry lemon,19,g,35,mg,290,g,47,g,4,g,10,g,0,g,1,g,33,g
224,kneaders,cupcakes red velvet,20,g,55,mg,370,g,70,g,6,g,11,g,0,g,2,g,55,g
225,kneaders,cupcakes salted caramel praline each,29,g,45,mg,360,g,60,g,4,g,11,g,3.5,g,0,g,47,g
226,kneaders,cupcakes white no icing,8,g,20,mg,240,g,27,g,3,g,2.5,g,0,g,0,g,16,g
227,kneaders,daves blt sandwich half without bread,19,g,35,mg,960,g,4,g,14,g,7,g,0,g,1,g,3,g
228,kneaders,daves blt sandwich whole without bread,37,g,70,mg,1920,g,8,g,27,g,14,g,0,g,2,g,5,g
229,kneaders,diet coke,0,g,0,mg,50,g,0,g,0,g,0,g,0,g,0,g,0,g
230,kneaders,double chocolate frappe,12,g,30,mg,290,g,76,g,16,g,8,g,0,g,2,g,69,g
231,kneaders,double fudge brownie brownie,19,g,0,mg,120,g,57,g,3,g,4.5,g,1,g,2,g,42,g
232,kneaders,dr pepper,0,g,0,mg,45,g,39,g,0,g,0,g,0,g,0,g,38,g
233,kneaders,egg and cheese breakfast sandwich,42,g,450,mg,930,g,29,g,28,g,8,g,0,g,1,g,5,g
234,kneaders,egg and cheese with egg whites breakfast sandwich,32,g,80,mg,950,g,29,g,26,g,8,g,0,g,1,g,5,g
235,kneaders,famous sandwiches chicken cheese and ham sandwich on ciabatta,27,g,105,mg,2260,g,105,g,46,g,7,g,0,g,5,g,9,g
236,kneaders,famous sandwiches club turkey ham and beef sandwich on french country,26,g,125,mg,2200,g,73,g,45,g,10,g,0,g,4,g,6,g
237,kneaders,famous sandwiches french dip on baguette,11,g,70,mg,3100,g,91,g,37,g,6,g,0,g,4,g,4,g
238,kneaders,famous sandwiches tuna on hazelnut 12 grain,44,g,65,mg,1220,g,55,g,30,g,5,g,0,g,6,g,6,g
239,kneaders,famous sandwiches turkey bacon avocado sandwich on focaccia,36,g,85,mg,2590,g,89,g,44,g,11,g,0,g,8,g,8,g
240,kneaders,fresh fruit salad,0,g,0,mg,25,g,24,g,1,g,0,g,0,g,3,g,19,g
241,kneaders,frozen chai frappe,12,g,35,mg,320,g,95,g,16,g,9,g,0,g,0,g,89,g
242,kneaders,frozen hot chocolate frappe,8,g,30,mg,260,g,79,g,17,g,4.5,g,0,g,3,g,72,g
243,kneaders,fully loaded potato soup 12oz,23,g,55,mg,1050,g,30,g,14,g,12,g,0,g,2,g,3,g
244,kneaders,fully loaded potato soup 32oz,60,g,140,mg,2800,g,80,g,36,g,32,g,0,g,4,g,8,g
245,kneaders,fully loaded potato soup 8oz,15,g,35,mg,700,g,20,g,9,g,8,g,0,g,1,g,2,g
246,kneaders,german chocolate brownie brownie,26,g,30,mg,125,g,57,g,5,g,9,g,0,g,3,g,42,g
247,kneaders,ham and cheese breakfast sandwich,29,g,105,mg,1100,g,29,g,22,g,8,g,0,g,1,g,5,g
248,kneaders,ham and swiss sandwich half without bread,15,g,40,mg,930,g,5,g,12,g,4,g,0,g,1,g,3,g
249,kneaders,ham and swiss sandwich whole without bread,29,g,80,mg,1870,g,10,g,23,g,9,g,0,g,2,g,6,g
250,kneaders,ham sandwich half without bread,12,g,45,mg,1020,g,4,g,13,g,4,g,0,g,1,g,2,g
251,kneaders,ham sandwich whole without bread,23,g,85,mg,2040,g,7,g,26,g,9,g,0,g,2,g,4,g
252,kneaders,ham egg and cheese breakfast sandwich,44,g,475,mg,1470,g,29,g,35,g,8,g,0,g,1,g,5,g
253,kneaders,ham egg and cheese with egg whites breakfast sandwich,33,g,105,mg,1490,g,29,g,33,g,8,g,0,g,1,g,5,g
254,kneaders,hatch green chile and pork stew soup 12oz,12,g,70,mg,930,g,20,g,24,g,3,g,0,g,6,g,9,g
255,kneaders,hatch green chile and pork stew soup 32oz,32,g,180,mg,2480,g,52,g,64,g,8,g,0,g,16,g,24,g
256,kneaders,hatch green chile and pork stew soup 8oz,8,g,45,mg,620,g,13,g,16,g,2,g,0,g,4,g,6,g
257,kneaders,hi c poppin pink lemonade,0,g,0,mg,105,g,43,g,0,g,0,g,0,g,0,g,41,g
258,kneaders,homemade chicken noodle soup 12oz,4,g,55,mg,1250,g,20,g,12,g,1,g,0,g,2,g,3,g
259,kneaders,homemade chicken noodle soup 32oz,10,g,140,mg,3320,g,54,g,32,g,2,g,0,g,4,g,8,g
260,kneaders,homemade chicken noodle soup 8oz,2.5,g,35,mg,830,g,13,g,8,g,0.5,g,0,g,1,g,2,g
261,kneaders,homemade pancake 3 cakes and 2oz syrup,34,g,70,mg,910,g,158,g,7,g,27,g,0,g,3,g,78,g
262,kneaders,hot drinks americano,0,g,0,mg,20,g,1,g,0,g,0,g,0,g,0,g,0,g
263,kneaders,hot drinks cappuccino,12,g,50,mg,190,g,20,g,12,g,7,g,0,g,0,g,18,g
264,kneaders,hot drinks hot chocolate,13,g,50,mg,250,g,55,g,15,g,7,g,0,g,3,g,49,g
265,kneaders,hot drinks mexican spice hot chocolate,18,g,50,mg,330,g,90,g,16,g,12,g,0,g,4,g,88,g
266,kneaders,hot drinks steamer whole milk no syrup,12,g,50,mg,180,g,19,g,12,g,7,g,0,g,0,g,18,g
267,kneaders,hot drinks steamer zero fat milk no syrup,7,g,35,mg,210,g,22,g,15,g,4.5,g,0,g,0,g,21,g
268,kneaders,individual pastries caramel apple with dark chocolate and butterfinger,25,g,20,mg,140,g,107,g,5,g,18,g,0,g,7,g,76,g
269,kneaders,individual pastries caramel apple with oreo,20,g,20,mg,115,g,89,g,3,g,16,g,0,g,5,g,68,g
270,kneaders,individual pastries caramel apple with white chocolate and cinnamon,20,g,20,mg,105,g,92,g,3,g,16,g,0,g,5,g,71,g
271,kneaders,individual pastries caramel apple with white chocolate and walnuts,25,g,20,mg,75,g,88,g,4,g,16,g,0,g,7,g,64,g
272,kneaders,individual pastries chocolate dipped strawberries,4,g,0,mg,5,g,5,g,1,g,2,g,0,g,1,g,4,g
273,kneaders,individual pastries chocolate dipped strawberries with chocolate curls,5,g,0,mg,10,g,8,g,1,g,3,g,0,g,1,g,7,g
274,kneaders,individual pastries chocolate dipped strawberry with pecans,7,g,0,mg,5,g,6,g,1,g,2.5,g,0,g,1,g,4,g
275,kneaders,individual pastries chocolate dome,61,g,175,mg,470,g,70,g,5,g,36,g,0,g,4,g,47,g
276,kneaders,individual pastries eclair,15,g,40,mg,220,g,24,g,3,g,9,g,0,g,1,g,15,g
277,kneaders,individual pastries fruit tart,29,g,90,mg,125,g,39,g,2,g,18,g,0,g,1,g,18,g
278,kneaders,individual pastries key lime tart,15,g,45,mg,90,g,56,g,7,g,10,g,0,g,1,g,12,g
279,kneaders,individual pastries peach tart,23,g,50,mg,80,g,39,g,2,g,15,g,0,g,1,g,21,g
280,kneaders,individual pastries pecan tassie,32,g,55,mg,120,g,66,g,6,g,11,g,0,g,3,g,31,g
281,kneaders,ivory mocha,7,g,35,mg,220,g,23,g,15,g,4.5,g,0,g,0,g,21,g
282,kneaders,kids green salad salad,6,g,20,mg,290,g,15,g,9,g,3.5,g,0,g,2,g,4,g
283,kneaders,kids meals grilled cheese on wheat,14,g,30,mg,490,g,26,g,11,g,7,g,0,g,3,g,2,g
284,kneaders,kids meals grilled cheese on white,14,g,30,mg,470,g,24,g,11,g,7,g,0,g,0,g,2,g
285,kneaders,kids meals ham and cheese on wheat,19,g,45,mg,970,g,26,g,14,g,6,g,0,g,3,g,2,g
286,kneaders,kids meals ham and cheese on white,19,g,45,mg,970,g,26,g,14,g,6,g,0,g,0,g,2,g
287,kneaders,kids meals kids green salad,6,g,20,mg,290,g,15,g,9,g,3.5,g,0,g,2,g,4,g
288,kneaders,kids meals peanut butter and jam on wheat,14,g,10,mg,390,g,47,g,10,g,2,g,0,g,4,g,20,g
289,kneaders,kids meals peanut butter and jam on white,14,g,15,mg,370,g,45,g,10,g,2,g,0,g,2,g,20,g
290,kneaders,kids pancakes 3 cakes and 4oz syrup,10,g,35,mg,560,g,88,g,5,g,6,g,0,g,3,g,36,g
291,kneaders,large green avocado salad,21,g,20,mg,220,g,17,g,10,g,5,g,0,g,10,g,4,g
292,kneaders,mint brownie,26,g,0,mg,140,g,61,g,4,g,8,g,1.5,g,2,g,47,g
293,kneaders,minute maid light lemonade,0,g,0,mg,45,g,0,g,0,g,0,g,0,g,0,g,0,g
294,kneaders,muffin tops almond poppy muffin,29,g,175,mg,180,g,72,g,10,g,8,g,0,g,1,g,44,g
295,kneaders,muffin tops blueberry lemon,24,g,150,mg,150,g,66,g,8,g,8,g,0,g,1,g,40,g
296,kneaders,muffin tops chocolate zucchini walnut coconut,28,g,40,mg,440,g,79,g,8,g,6,g,0,g,3,g,49,g
297,kneaders,muffin tops lemon kolache,30,g,180,mg,180,g,72,g,9,g,12,g,0,g,0,g,46,g
298,kneaders,muffin tops pumpkin,19,g,55,mg,340,g,70,g,6,g,2.5,g,0,g,2,g,43,g
299,kneaders,muffin tops raspberry kolache,27,g,165,mg,190,g,72,g,8,g,10,g,0,g,1,g,46,g
300,kneaders,mulligatawny soup 12oz,7,g,55,mg,1010,g,29,g,17,g,1,g,0,g,3,g,5,g
301,kneaders,mulligatawny soup 32oz,18,g,140,mg,2680,g,76,g,44,g,2,g,0,g,8,g,12,g
302,kneaders,mulligatawny soup 8oz,4.5,g,35,mg,670,g,19,g,11,g,0.5,g,0,g,2,g,3,g
303,kneaders,omelets american,45,g,500,mg,2100,g,39,g,49,g,23,g,1,g,7,g,7,g
304,kneaders,omelets american with egg whites,35,g,135,mg,2110,g,38,g,47,g,20,g,1,g,7,g,7,g
305,kneaders,omelets greek,29,g,425,mg,1620,g,43,g,36,g,15,g,0,g,8,g,9,g
306,kneaders,omelets greek with egg whites,19,g,60,mg,1640,g,43,g,34,g,11,g,0,g,8,g,9,g
307,kneaders,omelets italian,56,g,495,mg,1710,g,46,g,47,g,24,g,0.5,g,8,g,11,g
308,kneaders,omelets italian with egg whites,47,g,125,mg,1730,g,45,g,45,g,21,g,0.5,g,8,g,10,g
309,kneaders,omelets mexican,37,g,450,mg,1090,g,39,g,32,g,19,g,0.5,g,7,g,8,g
310,kneaders,omelets mexican with egg whites,28,g,80,mg,1110,g,38,g,31,g,16,g,0.5,g,7,g,7,g
311,kneaders,panini chicken pesto on french country,25,g,135,mg,1890,g,65,g,40,g,14,g,0,g,4,g,5,g
312,kneaders,panini reuben on rustic rye,20,g,120,mg,3330,g,75,g,48,g,8,g,0,g,8,g,11,g
313,kneaders,panini turkey and artichoke on focaccia,47,g,115,mg,2700,g,95,g,47,g,20,g,0,g,9,g,9,g
314,kneaders,parmesan sausage kale soup 12oz,20,g,55,mg,1830,g,18,g,11,g,11,g,0,g,3,g,3,g
315,kneaders,parmesan sausage kale soup 32oz,52,g,140,mg,4880,g,48,g,28,g,28,g,0,g,8,g,8,g
316,kneaders,parmesan sausage kale soup 8oz,13,g,35,mg,1220,g,12,g,7,g,7,g,0,g,2,g,2,g
317,kneaders,pastrami sandwich half without bread,13,g,55,mg,1020,g,6,g,20,g,4,g,0,g,1,g,4,g
318,kneaders,pastrami sandwich whole without bread,25,g,110,mg,2040,g,12,g,40,g,8,g,0,g,2,g,7,g
319,kneaders,pecan pancakes 3 cakes and 4oz syrup,46,g,65,mg,860,g,154,g,10,g,13,g,0,g,3,g,76,g
320,kneaders,peppermint cheesecake,44,g,135,mg,330,g,49,g,8,g,27,g,1.5,g,1,g,41,g
321,kneaders,petite cakes carrot,37,g,95,mg,1040,g,100,g,8,g,9,g,0,g,3,g,73,g
322,kneaders,petite cakes chocolate mousse,28,g,80,mg,650,g,64,g,7,g,13,g,0,g,2,g,39,g
323,kneaders,petite cakes chocolate peppermint,27,g,40,mg,620,g,70,g,7,g,14,g,0,g,2,g,46,g
324,kneaders,petite cakes lemon cream,25,g,60,mg,540,g,68,g,6,g,12,g,0,g,1,g,44,g
325,kneaders,petite cakes pineapple coconut cream petite cake,23,g,50,mg,550,g,74,g,6,g,11,g,0,g,1,g,50,g
326,kneaders,petite cakes pumpkin chocolate chip petite cake,31,g,90,mg,520,g,108,g,8,g,9,g,0,g,2,g,77,g
327,kneaders,petite cakes raspberry cream,23,g,60,mg,560,g,68,g,7,g,10,g,0,g,1,g,44,g
328,kneaders,petite cakes tres leches,33,g,85,mg,610,g,85,g,9,g,18,g,0,g,1,g,58,g
329,kneaders,pies cherry lattice,23,g,0,mg,320,g,77,g,7,g,12,g,0,g,5,g,33,g
330,kneaders,pies coconut cream,40,g,60,mg,270,g,51,g,7,g,28,g,0,g,3,g,29,g
331,kneaders,pies key lime,22,g,95,mg,350,g,69,g,10,g,14,g,0.5,g,1,g,53,g
332,kneaders,pies raspberry cream cheese slice,24,g,25,mg,270,g,66,g,5,g,14,g,0,g,5,g,44,g
333,kneaders,poppy seed dressing,17,g,0,mg,70,g,15,g,0,g,2,g,0,g,0,g,14,g
334,kneaders,powerade mountain blast,0,g,0,mg,120,g,24,g,0,g,0,g,0,g,0,g,24,g
335,kneaders,provolone and muenster sandwich cheese melt half,17,g,65,mg,830,g,49,g,18,g,11,g,0,g,2,g,2,g
336,kneaders,provolone and muenster sandwich cheese melt whole,34,g,125,mg,1660,g,97,g,35,g,21,g,0,g,3,g,3,g
337,kneaders,pumpkin cheesecake,41,g,135,mg,330,g,56,g,8,g,25,g,1.5,g,4,g,41,g
338,kneaders,raspberry vinaigrette dressing,18,g,0,mg,135,g,8,g,0,g,3,g,0,g,0,g,8,g
339,kneaders,roast beef ranch sandwich half sandwich without bread,11,g,40,mg,770,g,6,g,14,g,4,g,0,g,1,g,2,g
340,kneaders,roast beef ranch sandwich whole sandwich without bread,21,g,80,mg,1540,g,11,g,27,g,9,g,0,g,2,g,4,g
341,kneaders,roast beef sandwich half without bread,12,g,40,mg,820,g,5,g,15,g,4.5,g,0,g,1,g,2,g
342,kneaders,roast beef sandwich whole without bread,23,g,80,mg,1630,g,10,g,29,g,9,g,0,g,2,g,4,g
343,kneaders,roasted red pepper gouda soup 12oz,21,g,70,mg,1220,g,21,g,12,g,12,g,0,g,3,g,15,g
344,kneaders,roasted red pepper gouda soup 32oz,56,g,180,mg,3240,g,56,g,32,g,32,g,0,g,8,g,40,g
345,kneaders,roasted red pepper gouda soup 8oz,14,g,45,mg,810,g,14,g,8,g,8,g,0,g,2,g,10,g
346,kneaders,rolls dollar rolls,5,g,15,mg,190,g,27,g,4,g,1,g,1,g,0,g,5,g
347,kneaders,rolls french country soup bun,3.5,g,0,mg,1850,g,159,g,24,g,0,g,0,g,5,g,2,g
348,kneaders,rolls multi grain,5,g,15,mg,190,g,27,g,4,g,1,g,1,g,0,g,5,g
349,kneaders,rolls orange,7,g,15,mg,380,g,38,g,5,g,1.5,g,1.5,g,0,g,14,g
350,kneaders,rolls petit pain,1,g,0,mg,530,g,49,g,7,g,0,g,0,g,1,g,1,g
351,kneaders,rolls raspberry,7,g,15,mg,380,g,38,g,5,g,1.5,g,1.5,g,0,g,14,g
352,kneaders,rolls soft,7,g,20,mg,370,g,39,g,6,g,1.5,g,1.5,g,1,g,8,g
353,kneaders,salted caramel pecan cheesecake,40,g,135,mg,320,g,53,g,7,g,24,g,1.5,g,0,g,43,g
354,kneaders,san marzano tomato basil bisque soup 12oz,21,g,60,mg,1190,g,21,g,5,g,11,g,0,g,3,g,6,g
355,kneaders,san marzano tomato basil bisque soup 32oz,56,g,160,mg,3160,g,56,g,12,g,28,g,0,g,8,g,16,g
356,kneaders,san marzano tomato basil bisque soup 8oz,14,g,40,mg,790,g,14,g,3,g,7,g,0,g,2,g,4,g
357,kneaders,sausage and cheese breakfast sandwich,50,g,140,mg,1070,g,30,g,25,g,16,g,0,g,1,g,6,g
358,kneaders,sausage egg and cheese sandwich breakfast sandwich,65,g,510,mg,1440,g,30,g,38,g,17,g,0,g,1,g,6,g
359,kneaders,sausage egg and cheese sandwich with egg whites breakfast sandwich,55,g,140,mg,1460,g,30,g,36,g,17,g,0,g,1,g,6,g
360,kneaders,sheet cakes carrot,28,g,75,mg,780,g,75,g,6,g,7,g,0,g,2,g,54,g
361,kneaders,sheet cakes chocolate mousse,21,g,60,mg,490,g,48,g,5,g,9,g,0,g,2,g,30,g
362,kneaders,sheet cakes chocolate peppermint,20,g,30,mg,470,g,52,g,5,g,10,g,0,g,1,g,34,g
363,kneaders,sheet cakes lemon cream,19,g,45,mg,410,g,51,g,5,g,9,g,0,g,1,g,33,g
364,kneaders,sheet cakes pineapple coconut cream piece,18,g,35,mg,410,g,56,g,5,g,9,g,0,g,1,g,38,g
365,kneaders,sheet cakes pumpkin chocolate chip piece,23,g,65,mg,390,g,81,g,6,g,6,g,0,g,2,g,58,g
366,kneaders,sheet cakes raspberry cream,17,g,45,mg,420,g,51,g,5,g,8,g,0,g,1,g,33,g
367,kneaders,sheet cakes tres leches,25,g,65,mg,460,g,64,g,7,g,13,g,0,g,1,g,44,g
368,kneaders,smoothies blueberry 5,2.5,g,5,mg,140,g,118,g,7,g,1.5,g,0,g,3,g,85,g
369,kneaders,smoothies goin guava,4.5,g,15,mg,60,g,136,g,4,g,3,g,0,g,5,g,99,g
370,kneaders,smoothies mango tango,4.5,g,15,mg,65,g,124,g,4,g,3,g,0,g,3,g,99,g
371,kneaders,smoothies mornin sunshine,1,g,0,mg,180,g,107,g,12,g,0,g,0,g,2,g,75,g
372,kneaders,smoothies no dairy berry,0,g,0,mg,20,g,58,g,1,g,0,g,0,g,5,g,44,g
373,kneaders,smoothies pink pina colada,17,g,15,mg,90,g,172,g,4,g,13,g,0,g,5,g,133,g
374,kneaders,smoothies planet peaches,0,g,0,mg,200,g,106,g,10,g,0,g,0,g,1,g,80,g
375,kneaders,smoothies razzleberry,2.5,g,5,mg,125,g,118,g,8,g,1.5,g,0,g,4,g,87,g
376,kneaders,smoothies strawberry tsunami,4.5,g,15,mg,45,g,111,g,3,g,3,g,0,g,1,g,86,g
377,kneaders,southwest bbq chicken salad,15,g,40,mg,660,g,54,g,21,g,2,g,0,g,11,g,18,g
378,kneaders,spicy thai dressing,29,g,10,mg,500,g,14,g,0,g,2,g,0,g,0,g,12,g
379,kneaders,sprite,0,g,0,mg,70,g,42,g,0,g,0,g,0,g,0,g,42,g
380,kneaders,steel cut oatmeal 1 bowl,3.5,g,0,mg,10,g,28,g,6,g,0.5,g,0,g,4,g,1,g
381,kneaders,steel cut oatmeal 1 cup,2,g,0,mg,0,g,14,g,3,g,0,g,0,g,2,g,0,g
382,kneaders,steel cut oatmeal banana walnut 1 bowl,41,g,0,mg,10,g,43,g,15,g,4,g,0,g,9,g,6,g
383,kneaders,steel cut oatmeal banana walnut 1 cup,20,g,0,mg,5,g,21,g,7,g,2,g,0,g,4,g,3,g
384,kneaders,steel cut oatmeal cranberry coconut 1 bowl,31,g,0,mg,35,g,100,g,9,g,24,g,0,g,11,g,63,g
385,kneaders,steel cut oatmeal cranberry coconut 1 cup,15,g,0,mg,15,g,50,g,5,g,12,g,0,g,5,g,32,g
386,kneaders,steel cut oatmeal fresh fruit 1 bowl,3.5,g,0,mg,10,g,31,g,6,g,0.5,g,0,g,5,g,2,g
387,kneaders,steel cut oatmeal fresh fruit 1 cup,2,g,0,mg,0,g,15,g,3,g,0,g,0,g,2,g,1,g
388,kneaders,sweet breads banana crumb,9,g,25,mg,140,g,31,g,3,g,1.5,g,0,g,1,g,18,g
389,kneaders,sweet breads blueberry lemon,10,g,65,mg,70,g,28,g,4,g,3,g,0,g,0,g,17,g
390,kneaders,sweet breads cranberry orange,10,g,65,mg,65,g,30,g,3,g,3,g,0,g,1,g,18,g
391,kneaders,sweet breads pumpkin,9,g,30,mg,180,g,32,g,3,g,1,g,0,g,1,g,20,g
392,kneaders,sweet breads snickerdoodle,9,g,40,mg,220,g,34,g,4,g,5,g,0,g,0,g,18,g
393,kneaders,sweet breads triple chocolate,13,g,65,mg,200,g,31,g,5,g,7,g,0,g,2,g,20,g
394,kneaders,sweet breads zucchini walnut,11,g,20,mg,170,g,31,g,3,g,2,g,0,g,1,g,19,g
395,kneaders,tea,0,g,0,mg,15,g,1,g,0,g,0,g,0,g,0,g,0,g
396,kneaders,thai chicken salad,3,g,40,mg,290,g,10,g,16,g,1,g,0,g,4,g,4,g
397,kneaders,thai coconut curry soup 12oz,32,g,30,mg,1700,g,21,g,15,g,20,g,1.5,g,3,g,12,g
398,kneaders,thai coconut curry soup 32oz,84,g,80,mg,4520,g,56,g,40,g,52,g,4,g,8,g,32,g
399,kneaders,thai coconut curry soup 8oz,21,g,20,mg,1130,g,14,g,10,g,13,g,1,g,2,g,8,g
400,kneaders,thousand island dressing,12,g,20,mg,540,g,8,g,0,g,0,g,0,g,0,g,8,g
401,kneaders,three cheese cauliflower soup 12oz,37,g,95,mg,1030,g,20,g,19,g,20,g,1,g,1,g,5,g
402,kneaders,three cheese cauliflower soup 32oz,99,g,255,mg,2730,g,53,g,51,g,53,g,3,g,4,g,14,g
403,kneaders,three cheese cauliflower soup 8oz,25,g,65,mg,690,g,13,g,13,g,13,g,1,g,1,g,3,g
404,kneaders,turkey and white bean chili soup 12oz,6,g,25,mg,1640,g,41,g,20,g,0,g,0,g,15,g,6,g
405,kneaders,turkey and white bean chili soup 32oz,16,g,60,mg,4360,g,108,g,52,g,0,g,0,g,40,g,16,g
406,kneaders,turkey and white bean chili soup 8oz,4,g,15,mg,1090,g,27,g,13,g,0,g,0,g,10,g,4,g
407,kneaders,turkey bacon avocado salad,17,g,40,mg,620,g,13,g,20,g,4,g,0,g,8,g,4,g
408,kneaders,turkey cranberry croissant,28,g,80,mg,1420,g,39,g,19,g,3.5,g,0.5,g,3,g,12,g
409,kneaders,turkey cranberry sunflower salad,18,g,45,mg,500,g,25,g,22,g,5,g,0,g,5,g,16,g
410,kneaders,turkey ranch sandwich half without bread,12,g,40,mg,650,g,4,g,14,g,4,g,0,g,1,g,2,g
411,kneaders,turkey ranch sandwich whole sandwich without bread,23,g,75,mg,1300,g,8,g,27,g,9,g,0,g,2,g,4,g
412,kneaders,turkey sandwich half without bread,13,g,40,mg,700,g,4,g,15,g,5,g,0,g,1,g,2,g
413,kneaders,turkey sandwich whole without bread,25,g,75,mg,1390,g,7,g,29,g,10,g,0,g,2,g,4,g
414,kneaders,turtle cheesecake,44,g,135,mg,340,g,50,g,8,g,25,g,1.5,g,0,g,40,g
415,kneaders,veggie avocado sandwich half sandwich without bread,18,g,20,mg,480,g,8,g,7,g,5,g,0,g,5,g,3,g
416,kneaders,veggie avocado sandwich whole sandwich without bread,35,g,35,mg,970,g,16,g,14,g,10,g,0,g,9,g,5,g
417,kneaders,white cheddar and poblano soup 12oz,49,g,165,mg,3450,g,20,g,9,g,30,g,0.5,g,2,g,3,g
418,kneaders,white cheddar and poblano soup 32oz,131,g,435,mg,9210,g,53,g,24,g,80,g,1.5,g,6,g,9,g
419,kneaders,white cheddar and poblano soup 8oz,33,g,110,mg,2300,g,13,g,6,g,20,g,0,g,1,g,2,g
420,kneaders,white chocolate with raspberries frappe,12,g,35,mg,320,g,163,g,16,g,9,g,0,g,0,g,156,g
421,kneaders,white chocolate with strawberries frappe,12,g,35,mg,330,g,165,g,16,g,9,g,0,g,0,g,157,g
422,kokoro restaurant,beef ala carte,8,g,60,mg,1060,g,6,g,30,g,3,g,0,g,0,g,8,g
423,kokoro restaurant,beef and vegetable bowl,4.5,g,30,mg,540,g,49,g,19,g,1.5,g,0,g,1,g,6,g
424,kokoro restaurant,beef bowl regular,8,g,60,mg,1060,g,69,g,35,g,3,g,0,g,0,g,8,g
425,kokoro restaurant,beef curry bowl regular,5,g,30,mg,820,g,40,g,18,g,1.5,g,0,g,0,g,5,g
426,kokoro restaurant,beef sobaghetti,11,g,50,mg,2470,g,71,g,38,g,3,g,0,g,4,g,18,g
427,kokoro restaurant,chicken ala carte,9,g,80,mg,830,g,16,g,26,g,2.5,g,0,g,0,g,12,g
428,kokoro restaurant,chicken and vegetable bowl,4.5,g,40,mg,430,g,54,g,18,g,1.5,g,0,g,2,g,8,g
429,kokoro restaurant,chicken bowl regular,8,g,80,mg,830,g,79,g,31,g,2.5,g,0,g,0,g,12,g
430,kokoro restaurant,chicken curry bowl regular,11,g,85,mg,670,g,75,g,31,g,3,g,0,g,1,g,2,g
431,kokoro restaurant,chicken sobaghetti,8,g,40,mg,1640,g,66,g,25,g,2,g,0,g,4,g,12,g
432,kokoro restaurant,kokoro bowl super,4.5,g,40,mg,710,g,56,g,20,g,2,g,0,g,2,g,10,g
433,kokoro restaurant,salmon bowl,5,g,15,mg,720,g,55,g,17,g,1.5,g,0,g,1,g,9,g
434,kokoro restaurant,super beef bowl,6,g,45,mg,760,g,46,g,25,g,2,g,0,g,0,g,6,g
435,kokoro restaurant,super beef curry bowl,7,g,45,mg,1050,g,52,g,26,g,2.5,g,0,g,1,g,7,g
436,kokoro restaurant,super chicken bowl,6,g,60,mg,430,g,50,g,21,g,1.5,g,0,g,0,g,6,g
437,kokoro restaurant,super chicken curry bowl,7,g,60,mg,350,g,48,g,21,g,2,g,0,g,0,g,1,g
438,kokoro restaurant,vegetable bowl regular,0,g,0,mg,30,g,71,g,8,g,0,g,0,g,3,g,4,g
439,kokoro restaurant,vegetable bowl super,0,g,0,mg,20,g,48,g,5,g,0,g,0,g,2,g,3,g
440,kokoro restaurant,vegetables ala carte,0.5,g,0,mg,30,g,8,g,3,g,0,g,0,g,3,g,4,g
441,kokoro restaurant,vegetarian sobaghetti,4,g,0,mg,1580,g,65,g,13,g,0,g,0,g,4,g,12,g
442,kona grill,atlantic roll,22,g,30,mg,1440,g,62,g,17,g,0,g,0,g,2,g,17,g
443,kona grill,avocado chicken club,77,g,185,mg,2500,g,86,g,73,g,0,g,0,g,10,g,6,g
444,kona grill,avocado egg rolls,76,g,10,mg,710,g,71,g,8,g,0,g,0,g,10,g,30,g
445,kona grill,bama roll,16,g,55,mg,1210,g,46,g,18,g,0,g,0,g,2,g,9,g
446,kona grill,bbq chicken flatbread,53,g,230,mg,3150,g,100,g,72,g,0,g,0,g,4,g,25,g
447,kona grill,big island ribeye,96,g,450,mg,5040,g,46,g,105,g,0,g,0,g,6,g,3,g
448,kona grill,butter cake,43,g,135,mg,270,g,121,g,12,g,0,g,0,g,3,g,80,g
449,kona grill,california roll,9,g,10,mg,980,g,49,g,9,g,0,g,0,g,3,g,7,g
450,kona grill,carrot cake,154,g,450,mg,1560,g,259,g,30,g,0,g,0,g,8,g,195,g
451,kona grill,checkerboard roll,18,g,45,mg,1090,g,46,g,32,g,0,g,0,g,3,g,7,g
452,kona grill,chicken and shrimp lettuce wraps,54,g,145,mg,3120,g,49,g,34,g,0,g,0,g,6,g,35,g
453,kona grill,chicken satay,94,g,145,mg,3360,g,34,g,47,g,0,g,0,g,5,g,22,g
454,kona grill,cilantro lime chicken,28,g,220,mg,4280,g,79,g,68,g,0,g,0,g,5,g,10,g
455,kona grill,coconut rum cake,63,g,165,mg,600,g,101,g,10,g,0,g,0,g,2,g,62,g
456,kona grill,coconut shrimp roll,17,g,35,mg,790,g,55,g,9,g,0,g,0,g,2,g,12,g
457,kona grill,crab crunch roll,18,g,15,mg,1720,g,71,g,12,g,0,g,0,g,2,g,20,g
458,kona grill,crispy brussels sprouts,8,g,0,mg,410,g,11,g,4,g,0,g,0,g,4,g,3,g
459,kona grill,crunchy spicy tuna roll,17,g,120,mg,1630,g,67,g,16,g,0,g,0,g,1,g,19,g
460,kona grill,cuban sandwich,106,g,185,mg,5970,g,100,g,77,g,0,g,0,g,9,g,27,g
461,kona grill,edamame soybeans angry,24,g,35,mg,3140,g,24,g,23,g,0,g,0,g,8,g,1,g
462,kona grill,edamame soybeans original,12,g,0,mg,8800,g,19,g,22,g,0,g,0,g,7,g,0,g
463,kona grill,french dip,54,g,185,mg,3190,g,104,g,77,g,0,g,0,g,7,g,10,g
464,kona grill,french fries,34,g,5,mg,1910,g,55,g,7,g,0,g,0,g,5,g,7,g
465,kona grill,freshwater eel sashimi,16,g,170,mg,730,g,9,g,27,g,0,g,0,g,1,g,7,g
466,kona grill,freshwater eel sushi,8,g,70,mg,780,g,18,g,13,g,0,g,0,g,1,g,7,g
467,kona grill,green beans,23,g,60,mg,520,g,8,g,2,g,0,g,0,g,3,g,4,g
468,kona grill,herb salad,53,g,220,mg,1070,g,14,g,21,g,0,g,0,g,6,g,6,g
469,kona grill,house salad,53,g,75,mg,1980,g,20,g,17,g,0,g,0,g,3,g,6,g
470,kona grill,house salad side,21,g,30,mg,640,g,10,g,8,g,0,g,0,g,2,g,3,g
471,kona grill,jalapeno yellowtail sashimi,4,g,430,mg,60,g,3,g,18,g,0,g,0,g,1,g,1,g
472,kona grill,kg cheeseburger,97,g,295,mg,1920,g,37,g,56,g,0,g,0,g,3,g,12,g
473,kona grill,kids chicken tenders,20,g,95,mg,630,g,17,g,16,g,0,g,0,g,0,g,8,g
474,kona grill,kids coconut shrimp,24,g,65,mg,520,g,57,g,10,g,0,g,0,g,5,g,20,g
475,kona grill,kids flatbread cheese,23,g,65,mg,1200,g,38,g,25,g,0,g,0,g,3,g,2,g
476,kona grill,kids flatbread pepperoni,43,g,120,mg,1950,g,38,g,32,g,0,g,0,g,3,g,2,g
477,kona grill,kids grilled chicken,24,g,60,mg,1030,g,2,g,18,g,0,g,0,g,0,g,1,g
478,kona grill,kids grilled salmon,13,g,55,mg,920,g,0,g,20,g,0,g,0,g,0,g,0,g
479,kona grill,kids side french fries,12,g,0,mg,570,g,28,g,3,g,0,g,0,g,2,g,6,g
480,kona grill,kids side green beans,23,g,60,mg,520,g,8,g,2,g,0,g,0,g,3,g,4,g
481,kona grill,kids side mac and cheese,18,g,50,mg,330,g,31,g,11,g,0,g,0,g,2,g,2,g
482,kona grill,kids side mashed potatoes,5,g,15,mg,280,g,12,g,2,g,0,g,0,g,1,g,1,g
483,kona grill,kids side orange bear,0,g,0,mg,0,g,22,g,2,g,0,g,0,g,4,g,17,g
484,kona grill,kids side soybeans edamame,12,g,0,mg,1950,g,19,g,22,g,0,g,0,g,7,g,0,g
485,kona grill,kids side sweet potato fries,15,g,0,mg,380,g,27,g,2,g,0,g,0,g,2,g,16,g
486,kona grill,kids side white rice,0,g,0,mg,0,g,24,g,2,g,0,g,0,g,0,g,0,g
487,kona grill,kids sliders,22,g,110,mg,1880,g,37,g,31,g,0,g,0,g,2,g,15,g
488,kona grill,kids sushi california roll,9,g,10,mg,610,g,49,g,8,g,0,g,0,g,3,g,6,g
489,kona grill,kids sushi crab crunch roll,18,g,15,mg,1720,g,71,g,12,g,0,g,0,g,2,g,20,g
490,kona grill,kona calamari,53,g,910,mg,1620,g,98,g,55,g,0,g,0,g,6,g,9,g
491,kona grill,kona chopped salad,82,g,260,mg,1350,g,20,g,27,g,0,g,0,g,7,g,12,g
492,kona grill,kona sliders,37,g,175,mg,1850,g,55,g,49,g,0,g,0,g,4,g,22,g
493,kona grill,kona stir fry chicken,20,g,105,mg,1120,g,79,g,41,g,0,g,0,g,2,g,16,g
494,kona grill,kona stir fry combo,27,g,225,mg,6150,g,83,g,38,g,0,g,0,g,6,g,20,g
495,kona grill,korean fried chicken sandwich,49,g,100,mg,2310,g,215,g,57,g,0,g,0,g,10,g,71,g
496,kona grill,las vegas roll,32,g,50,mg,1530,g,44,g,19,g,0,g,0,g,2,g,27,g
497,kona grill,lemon garlic chicken penne,116,g,300,mg,2080,g,119,g,59,g,0,g,0,g,7,g,8,g
498,kona grill,lemon garlic shrimp penne,101,g,385,mg,2180,g,120,g,49,g,0,g,0,g,7,g,8,g
499,kona grill,lemongrass clam chowder,41,g,120,mg,750,g,18,g,23,g,0,g,0,g,1,g,6,g
500,kona grill,macadamia nut chicken full,84,g,385,mg,2130,g,71,g,58,g,0,g,0,g,9,g,15,g
501,kona grill,macadamia nut chicken half,80,g,325,mg,1820,g,63,g,42,g,0,g,0,g,9,g,15,g
502,kona grill,margherita flatbread,30,g,70,mg,1680,g,73,g,41,g,0,g,0,g,5,g,3,g
503,kona grill,miso sake sea bass,34,g,80,mg,1060,g,49,g,44,g,0,g,0,g,6,g,2,g
504,kona grill,miso soup,2.5,g,0,mg,930,g,7,g,5,g,0,g,0,g,1,g,2,g
505,kona grill,miso whipped potatoes,11,g,25,mg,550,g,25,g,5,g,0,g,0,g,2,g,2,g
506,kona grill,oriental salad large,40,g,40,mg,370,g,42,g,6,g,0,g,0,g,7,g,28,g
507,kona grill,oriental salad side,20,g,20,mg,180,g,21,g,3,g,0,g,0,g,3,g,14,g
508,kona grill,pad thai noodles chicken,65,g,705,mg,3050,g,121,g,50,g,0,g,0,g,9,g,44,g
509,kona grill,pad thai noodles combo,82,g,945,mg,3830,g,122,g,76,g,0,g,0,g,9,g,44,g
510,kona grill,pad thai noodles shrimp,67,g,855,mg,3190,g,122,g,48,g,0,g,0,g,10,g,44,g
511,kona grill,peppered tuna tataki roll,8,g,80,mg,650,g,46,g,23,g,0,g,0,g,4,g,6,g
512,kona grill,pepperoni flatbread,76,g,205,mg,3770,g,76,g,55,g,0,g,0,g,5,g,4,g
513,kona grill,philadelphia roll,13,g,40,mg,1420,g,43,g,12,g,0,g,0,g,1,g,6,g
514,kona grill,picasso roll,9,g,395,mg,680,g,48,g,25,g,0,g,0,g,3,g,8,g
515,kona grill,poke salmon and tuna roll,23,g,130,mg,1460,g,48,g,25,g,0,g,0,g,4,g,9,g
516,kona grill,poke salmon roll,28,g,110,mg,1460,g,48,g,24,g,0,g,0,g,4,g,9,g
517,kona grill,poke tuna roll,17,g,100,mg,1450,g,48,g,27,g,0,g,0,g,4,g,9,g
518,kona grill,poke salmon,39,g,60,mg,1200,g,61,g,30,g,0,g,0,g,6,g,9,g
519,kona grill,poke salmon and tuna,32,g,55,mg,1190,g,61,g,32,g,0,g,0,g,6,g,9,g
520,kona grill,poke shrimp,33,g,240,mg,2210,g,67,g,34,g,0,g,0,g,10,g,9,g
521,kona grill,poke tuna,25,g,45,mg,1180,g,61,g,35,g,0,g,0,g,6,g,9,g
522,kona grill,potstickers,22,g,140,mg,2910,g,63,g,42,g,0,g,0,g,5,g,25,g
523,kona grill,prime rib,78,g,280,mg,3110,g,35,g,85,g,0,g,0,g,6,g,8,g
524,kona grill,rainbow roll,10,g,50,mg,1060,g,48,g,23,g,0,g,0,g,2,g,7,g
525,kona grill,salad add filet,9,g,105,mg,970,g,0,g,35,g,0,g,0,g,0,g,0,g
526,kona grill,salad add grilled chicken,10,g,95,mg,110,g,0,g,37,g,0,g,0,g,0,g,0,g
527,kona grill,salad add macadamia nut chicken,8,g,125,mg,610,g,16,g,32,g,0,g,0,g,1,g,2,g
528,kona grill,salad add salmon,18,g,90,mg,1170,g,0,g,31,g,0,g,0,g,0,g,0,g
529,kona grill,salmon sashimi,10,g,40,mg,420,g,2,g,16,g,0,g,0,g,0,g,2,g
530,kona grill,salmon sushi,6,g,25,mg,490,g,11,g,11,g,0,g,0,g,0,g,2,g
531,kona grill,seared seabass sliders,37,g,80,mg,1080,g,76,g,32,g,0,g,0,g,5,g,20,g
532,kona grill,seaweed salad,6,g,0,mg,1130,g,14,g,2,g,0,g,0,g,4,g,11,g
533,kona grill,shrimp and lobster roll,8,g,165,mg,1490,g,43,g,23,g,0,g,0,g,1,g,6,g
534,kona grill,shrimp and pork fried rice,14,g,25,mg,940,g,32,g,8,g,0,g,0,g,1,g,3,g
535,kona grill,shrimp sashimi,1,g,105,mg,850,g,3,g,13,g,0,g,0,g,0,g,2,g
536,kona grill,shrimp sushi,0,g,40,mg,660,g,11,g,6,g,0,g,0,g,0,g,2,g
537,kona grill,shrimp tempura roll,10,g,25,mg,810,g,49,g,9,g,0,g,0,g,3,g,5,g
538,kona grill,smelt roe sashimi,5,g,125,mg,740,g,10,g,8,g,0,g,0,g,0,g,10,g
539,kona grill,smelt roe sushi,3,g,75,mg,540,g,17,g,5,g,0,g,0,g,0,g,7,g
540,kona grill,smoked salmon sashimi,3,g,15,mg,1800,g,2,g,14,g,0,g,0,g,0,g,2,g
541,kona grill,smoked salmon sushi,2,g,10,mg,1320,g,11,g,10,g,0,g,0,g,0,g,2,g
542,kona grill,spicy shrimp tempura,38,g,190,mg,1320,g,39,g,25,g,0,g,0,g,2,g,5,g
543,kona grill,spicy tuna roll,9,g,20,mg,890,g,43,g,19,g,0,g,0,g,1,g,6,g
544,kona grill,spicy yellowtail roll,5,g,25,mg,520,g,44,g,17,g,0,g,0,g,2,g,6,g
545,kona grill,spider roll,17,g,50,mg,1560,g,60,g,18,g,0,g,0,g,3,g,17,g
546,kona grill,sweet potato fries,36,g,5,mg,1450,g,48,g,5,g,0,g,0,g,4,g,27,g
547,kona grill,tomato basil bisque,36,g,100,mg,910,g,15,g,4,g,0,g,0,g,3,g,6,g
548,kona grill,triple stack brownie,107,g,510,mg,260,g,283,g,22,g,0,g,0,g,6,g,237,g
549,kona grill,tuna sashimi,0,g,30,mg,410,g,2,g,19,g,0,g,0,g,0,g,2,g
550,kona grill,tuna sushi,0,g,0,mg,470,g,11,g,2,g,0,g,0,g,0,g,2,g
551,kona grill,turmeric rice,28,g,65,mg,2720,g,76,g,9,g,0,g,0,g,2,g,4,g
552,kona grill,vegetarian roll,2.5,g,0,mg,750,g,46,g,6,g,0,g,0,g,3,g,6,g
553,kona grill,wave roll,12,g,35,mg,810,g,44,g,16,g,0,g,0,g,2,g,5,g
554,kona grill,yamada roll,11,g,20,mg,1420,g,74,g,15,g,0,g,0,g,3,g,20,g
555,kona grill,yellowtail sashimi,3.5,g,40,mg,410,g,2,g,18,g,0,g,0,g,0,g,2,g
556,kona grill,yellowtail sushi,2.5,g,25,mg,480,g,11,g,12,g,0,g,0,g,0,g,2,g
557,krispy krunchy chicken,1 bacon strip,30,g,10,mg,135,g,0,g,3,g,1,g,0,g,0,g,0,g
558,krispy krunchy chicken,1 blueberry biscuit,120,g,0,mg,390,g,29,g,2,g,4,g,2.5,g,0,g,13,g
559,krispy krunchy chicken,1 breakfast egg,50,g,185,mg,60,g,1,g,6,g,1.5,g,0,g,0,g,1,g
560,krispy krunchy chicken,1 breakfast empanada,190,g,60,mg,380,g,23,g,6,g,6,g,0,g,6,g,1,g
561,krispy krunchy chicken,1 breakfast tender biscuit,180,g,40,mg,1290,g,42,g,22,g,4.5,g,6,g,2,g,3,g
562,krispy krunchy chicken,1 honey butter biscuit,130,g,0,mg,620,g,26,g,3,g,4,g,2.5,g,1,g,8,g
563,krispy krunchy chicken,1 piece cajun style fish,230,g,490,mg,860,g,25,g,19,g,5,g,0,g,1,g,0,g
564,krispy krunchy chicken,1 piece cajun tender,70,g,40,mg,450,g,8,g,16,g,1,g,0,g,1,g,0,g
565,krispy krunchy chicken,1 piece krispy shrimp,30,g,15,mg,180,g,4,g,2,g,0.5,g,0,g,0,g,0,g
566,krispy krunchy chicken,1 sausage patty beef pork,90,g,20,mg,250,g,1,g,4,g,3.5,g,0,g,0,g,0,g
567,krispy krunchy chicken,2 piece chicken dark and biscuit,420,g,170,mg,1660,g,40,g,35,g,10,g,2.5,g,3,g,8,g
568,krispy krunchy chicken,2 piece chicken mixed and biscuit,540,g,230,mg,2420,g,48,g,58,g,12,g,2.5,g,4,g,9,g
569,krispy krunchy chicken,2 piece chicken white and biscuit,430,g,175,mg,2090,g,43,g,49,g,9,g,2.5,g,4,g,9,g
570,krispy krunchy chicken,3 piece chicken dark and biscuit,620,g,275,mg,2350,g,50,g,54,g,14,g,2.5,g,4,g,9,g
571,krispy krunchy chicken,3 piece chicken mixed and biscuit,520,g,235,mg,2430,g,47,g,61,g,11,g,2.5,g,4,g,9,g
572,krispy krunchy chicken,3 piece chicken white and biscuit,530,g,225,mg,2440,g,47,g,59,g,11,g,2.5,g,4,g,9,g
573,krispy krunchy chicken,4 piece cajun tender and biscuit,400,g,160,mg,2410,g,57,g,66,g,7,g,2.5,g,5,g,9,g
574,krispy krunchy chicken,4 piece chicken dark and biscuit,710,g,340,mg,2690,g,55,g,66,g,15,g,2.5,g,5,g,9,g
575,krispy krunchy chicken,4 piece chicken mixed and biscuit,720,g,345,mg,3120,g,57,g,81,g,15,g,3,g,6,g,9,g
576,krispy krunchy chicken,4 piece chicken white and biscuit,730,g,350,mg,3550,g,59,g,95,g,15,g,3,g,6,g,9,g
577,krispy krunchy chicken,add cheese,80,g,30,mg,470,g,1,g,5,g,5,g,0,g,0,g,1,g
578,krispy krunchy chicken,boneless wings krispy,25,g,15,mg,210,g,2,g,5,g,0.5,g,0,g,0,g,0,g
579,krispy krunchy chicken,boudin bite,70,g,15,mg,115,g,10,g,5,g,2,g,0,g,0,g,0,g
580,krispy krunchy chicken,breakfast biscuit,120,g,0,mg,840,g,34,g,6,g,3.5,g,6,g,1,g,3,g
581,krispy krunchy chicken,buffalo wings cajun sweet and sour,40,g,45,mg,230,g,4,g,9,g,1,g,0,g,0,g,4,g
582,krispy krunchy chicken,buffalo wings krispy,70,g,40,mg,210,g,2,g,8,g,1.5,g,0,g,1,g,0,g
583,krispy krunchy chicken,buffalo wings traditional,45,g,35,mg,410,g,1,g,8,g,1,g,0,g,0,g,0,g
584,krispy krunchy chicken,cajun sweet and sour sauce,0,g,0,mg,170,g,11,g,0,g,0,g,0,g,0,g,10,g
585,krispy krunchy chicken,chicken breast,200,g,125,mg,1110,g,12,g,36,g,4,g,0,g,2,g,0,g
586,krispy krunchy chicken,chicken leg,80,g,60,mg,350,g,4,g,12,g,1.5,g,0,g,1,g,0,g
587,krispy krunchy chicken,chicken thigh,200,g,105,mg,690,g,10,g,19,g,4,g,0,g,1,g,0,g
588,krispy krunchy chicken,chicken wing,100,g,50,mg,360,g,5,g,10,g,2,g,0,g,1,g,0,g
589,krispy krunchy chicken,family chicken and tenders with fries,3560,g,1270,mg,15450,g,383,g,355,g,76,g,17,g,30,g,52,g
590,krispy krunchy chicken,family chicken and tenders with waffle fries,3680,g,1270,mg,16070,g,388,g,355,g,78,g,17,g,34,g,52,g
591,krispy krunchy chicken,family chicken and tenders with wedges,3680,g,1290,mg,15710,g,385,g,356,g,78,g,17,g,30,g,52,g
592,krispy krunchy chicken,family tenders with fries,2210,g,475,mg,10620,g,337,g,217,g,47,g,16,g,21,g,50,g
593,krispy krunchy chicken,family tenders with waffle fries,2330,g,475,mg,11230,g,342,g,217,g,49,g,16,g,25,g,50,g
594,krispy krunchy chicken,family tenders with wedges,2330,g,495,mg,10880,g,339,g,218,g,49,g,16,g,21,g,50,g
595,krispy krunchy chicken,fries family,600,g,0,mg,1540,g,88,g,9,g,14,g,0.5,g,4,g,0,g
596,krispy krunchy chicken,fries large,290,g,0,mg,750,g,43,g,4,g,7,g,0,g,2,g,0,g
597,krispy krunchy chicken,fries small,220,g,0,mg,580,g,33,g,3,g,5,g,0,g,2,g,0,g
598,krispy krunchy chicken,homestyle ranch sauce,140,g,10,mg,340,g,2,g,0,g,2.5,g,0,g,0,g,2,g
599,krispy krunchy chicken,honey mustard sauce,140,g,15,mg,130,g,4,g,0,g,2.5,g,0,g,0,g,4,g
600,krispy krunchy chicken,jambalaya large,280,g,95,mg,2200,g,75,g,25,g,8,g,0,g,4,g,3,g
601,krispy krunchy chicken,jambalaya small,100,g,35,mg,830,g,28,g,9,g,3,g,0,g,2,g,1,g
602,krispy krunchy chicken,krispy chicken sandwich,250,g,50,mg,1230,g,47,g,21,g,6,g,0,g,2,g,6,g
603,krispy krunchy chicken,krispys original dipping sauce,130,g,380,mg,0,g,0,g,0,g,2,g,10,g,2,g,0,g
604,krispy krunchy chicken,mac n cheese large,240,g,70,mg,2490,g,73,g,27,g,14,g,0,g,5,g,14,g
605,krispy krunchy chicken,mac n cheese small,90,g,25,mg,940,g,27,g,10,g,5,g,0,g,2,g,5,g
606,krispy krunchy chicken,mashed potatoes and gravy large,180,g,0,mg,6550,g,258,g,25,g,9,g,0,g,20,g,15,g
607,krispy krunchy chicken,mashed potatoes and gravy small,60,g,0,mg,2340,g,88,g,8,g,3,g,0,g,7,g,5,g
608,krispy krunchy chicken,red beans and rice large,110,g,10,mg,660,g,86,g,14,g,3,g,0,g,6,g,2,g
609,krispy krunchy chicken,red beans and rice small,50,g,5,mg,330,g,27,g,6,g,1.5,g,0,g,3,g,1,g
610,krispy krunchy chicken,southern sweet barbeque sauce,0,g,0,mg,230,g,11,g,0,g,0,g,0,g,0,g,9,g
611,krispy krunchy chicken,sweet and tangy mustard sauce,0,g,0,mg,280,g,5,g,0,g,0,g,0,g,0,g,4,g
612,krispy krunchy chicken,traditional tartar sauce,70,g,5,mg,240,g,5,g,0,g,1,g,0,g,0,g,4,g
613,krispy krunchy chicken,waffle fries family,720,g,0,mg,2160,g,92,g,9,g,16,g,0.5,g,9,g,0,g
614,krispy krunchy chicken,waffle fries large,350,g,0,mg,1050,g,45,g,4,g,8,g,0,g,4,g,0,g
615,krispy krunchy chicken,waffle fries small,270,g,0,mg,810,g,35,g,3,g,6,g,0,g,3,g,0,g
616,krispy krunchy chicken,wedges family,720,g,20,mg,1800,g,90,g,9,g,16,g,0.5,g,5,g,0,g
617,krispy krunchy chicken,wedges large,420,g,10,mg,1040,g,52,g,5,g,9,g,0,g,3,g,0,g
618,krispy krunchy chicken,wedges small,250,g,5,mg,630,g,32,g,3,g,6,g,0,g,2,g,0,g
619,krispy krunchy chicken,wholefried breaded,720,g,780,mg,3690,g,1,g,156,g,23,g,0.5,g,3,g,1,g
620,krispy krunchy chicken,wholefried unbreaded,660,g,940,mg,3610,g,1,g,163,g,24,g,0.5,g,3,g,1,g
621,kyles kitchen,9 iron or wedge salad,12,g,0,mg,610,g,13,g,9,g,5,g,0,g,2,g,0,g
622,kyles kitchen,add garlic herb roll to salad,2,g,0,mg,230,g,21,g,4,g,1,g,0,g,0,g,0,g
623,kyles kitchen,add grilled chicken to salad,3,g,0,mg,60,g,0,g,12,g,1,g,0,g,0,g,0,g
624,kyles kitchen,ahi in my body burger,18,g,0,mg,620,g,48,g,30,g,3,g,0,g,5,g,0,g
625,kyles kitchen,all hail caesar salad,9,g,0,mg,450,g,14,g,6,g,2,g,0,g,3,g,0,g
626,kyles kitchen,bacon and egg burger,22,g,0,mg,790,g,44,g,30,g,9,g,0,g,1,g,0,g
627,kyles kitchen,berrylicious lemonade,0,g,0,mg,15,g,52,g,0,g,0,g,0,g,1,g,0,g
628,kyles kitchen,birthday cake shake,40,g,0,mg,400,g,83,g,16,g,28,g,0,g,0,g,0,g
629,kyles kitchen,caesar dressing,5,g,0,mg,340,g,5,g,2,g,1,g,0,g,0,g,0,g
630,kyles kitchen,california club burger,21,g,0,mg,460,g,34,g,24,g,4,g,0,g,4,g,0,g
631,kyles kitchen,carrot curry soup,12,g,0,mg,105,g,23,g,2,g,10,g,0,g,6,g,0,g
632,kyles kitchen,cheesy pig burger,25,g,0,mg,810,g,43,g,24,g,9,g,0,g,1,g,0,g
633,kyles kitchen,chicken noodle soup,5,g,0,mg,1380,g,17,g,12,g,1,g,0,g,2,g,0,g
634,kyles kitchen,chocolate chip cookie,8,g,0,mg,90,g,21,g,2,g,5,g,0,g,1,g,0,g
635,kyles kitchen,chocolate malt shake,44,g,0,mg,380,g,106,g,18,g,32,g,0,g,1,g,0,g
636,kyles kitchen,chocolate shake,38,g,0,mg,310,g,85,g,16,g,28,g,0,g,1,g,0,g
637,kyles kitchen,cucumber mint juice,0,g,0,mg,15,g,38,g,0,g,0,g,0,g,0,g,0,g
638,kyles kitchen,diet pepsi,0,g,0,mg,35,g,0,g,0,g,0,g,0,g,0,g,0,g
639,kyles kitchen,earth burger,24,g,0,mg,1030,g,59,g,13,g,3,g,0,g,6,g,0,g
640,kyles kitchen,farmhouse salad,5,g,0,mg,135,g,18,g,7,g,1,g,0,g,5,g,0,g
641,kyles kitchen,fat guerilla shake,40,g,0,mg,400,g,90,g,21,g,28,g,0,g,3,g,0,g
642,kyles kitchen,fire fries,32,g,0,mg,960,g,41,g,9,g,6,g,0,g,5,g,0,g
643,kyles kitchen,hand cut french fries,22,g,0,mg,400,g,32,g,4,g,2,g,0,g,5,g,0,g
644,kyles kitchen,harvest vegetable soup,2,g,0,mg,850,g,25,g,4,g,0,g,0,g,5,g,0,g
645,kyles kitchen,jalapeno ranch dressing,5,g,0,mg,300,g,6,g,2,g,1,g,0,g,0,g,0,g
646,kyles kitchen,kale and cranberry salad,24,g,0,mg,220,g,29,g,11,g,5,g,0,g,3,g,0,g
647,kyles kitchen,kickin cowboy salad,14,g,0,mg,710,g,16,g,7,g,4,g,0,g,4,g,0,g
648,kyles kitchen,kids cheeseburger,17,g,0,mg,660,g,43,g,22,g,8,g,0,g,1,g,0,g
649,kyles kitchen,kids chicken burger,13,g,0,mg,300,g,31,g,22,g,5,g,0,g,2,g,0,g
650,kyles kitchen,kids fries,11,g,0,mg,200,g,16,g,2,g,1,g,0,g,3,g,0,g
651,kyles kitchen,kids grilled cheese,12,g,0,mg,600,g,42,g,13,g,7,g,0,g,1,g,0,g
652,kyles kitchen,kids hamburger,12,g,0,mg,560,g,43,g,18,g,6,g,0,g,1,g,0,g
653,kyles kitchen,kids strawberries,0,g,0,mg,0,g,7,g,1,g,0,g,0,g,2,g,0,g
654,kyles kitchen,klassic kyle burger,19,g,0,mg,920,g,46,g,22,g,8,g,0,g,1,g,0,g
655,kyles kitchen,kyles kobb salad,13,g,0,mg,350,g,6,g,10,g,6,g,0,g,3,g,0,g
656,kyles kitchen,makin blue bacon burger,26,g,0,mg,900,g,47,g,24,g,9,g,0,g,1,g,0,g
657,kyles kitchen,mint chocolate chip shake,38,g,0,mg,300,g,70,g,16,g,28,g,0,g,0,g,0,g
658,kyles kitchen,mountain climber burger,18,g,0,mg,860,g,49,g,23,g,8,g,0,g,1,g,0,g
659,kyles kitchen,mountain dew,0,g,0,mg,65,g,46,g,0,g,0,g,0,g,0,g,0,g
660,kyles kitchen,pepsi,0,g,0,mg,30,g,41,g,0,g,0,g,0,g,0,g,0,g
661,kyles kitchen,pink juice,0,g,0,mg,0,g,47,g,3,g,0,g,0,g,2,g,0,g
662,kyles kitchen,potato cheddar soup,9,g,0,mg,1010,g,38,g,6,g,5,g,0,g,3,g,0,g
663,kyles kitchen,quinoa keen what salad,11,g,0,mg,110,g,19,g,7,g,1,g,0,g,5,g,0,g
664,kyles kitchen,ranch dressing,5,g,0,mg,300,g,6,g,2,g,1,g,0,g,0,g,0,g
665,kyles kitchen,real lemonade,0,g,0,mg,15,g,49,g,0,g,0,g,0,g,0,g,0,g
666,kyles kitchen,rustic tuscan burger,13,g,0,mg,700,g,43,g,25,g,3,g,0,g,1,g,0,g
667,kyles kitchen,seared ahi salad,11,g,0,mg,870,g,23,g,14,g,1,g,0,g,4,g,0,g
668,kyles kitchen,sesame ginger dressing,5,g,0,mg,540,g,7,g,1,g,1,g,0,g,0,g,0,g
669,kyles kitchen,sierra mist natural,0,g,0,mg,35,g,37,g,0,g,0,g,0,g,0,g,0,g
670,kyles kitchen,stinky pig fries,34,g,0,mg,1000,g,39,g,11,g,7,g,0,g,5,g,0,g
671,kyles kitchen,strawberry shake,38,g,0,mg,300,g,74,g,16,g,28,g,0,g,1,g,0,g
672,kyles kitchen,thai peanut dressing,7,g,0,mg,105,g,4,g,1,g,1,g,0,g,0,g,0,g
673,kyles kitchen,thai peanut salad,11,g,0,mg,250,g,22,g,6,g,1,g,0,g,4,g,0,g
674,kyles kitchen,tomato basil soup,1,g,0,mg,300,g,23,g,5,g,0,g,0,g,2,g,0,g
675,kyles kitchen,vanilla shake,38,g,0,mg,300,g,70,g,16,g,28,g,0,g,0,g,0,g
676,kyles kitchen,vinaigrette dressing,14,g,0,mg,0,g,0,g,0,g,1,g,0,g,0,g,0,g
677,la salsa,guacamole salsa and chips,55,g,0,mg,1600,g,103,g,14,g,14,g,0,g,13,g,2,g
678,la salsa,salsa and chips,32,g,0,mg,880,g,87,g,10,g,9,g,0,g,4,g,63,g
679,la salsa,orange juice,0,g,0,mg,50,g,48,g,0,g,0,g,0,g,0,g,47,g
680,la salsa,breakfast chorizo huevos ranchero platter,27,g,370,mg,1370,g,61,g,31,g,8,g,0,g,9,g,3,g
681,la salsa,breakfast steak huevos ranchero platter,20,g,400,mg,1230,g,58,g,33,g,5,g,0,g,7,g,3,g
682,la salsa,breakfast chicken huevos ranchero platter,14,g,400,mg,1090,g,59,g,34,g,3.5,g,0,g,7,g,3,g
683,la salsa,breakfast taco,10,g,200,mg,150,g,14,g,12,g,4,g,0,g,1,g,1,g
684,la salsa,breakfast chicken huevos ranchero platter,14,g,400,mg,1090,g,59,g,34,g,3.5,g,0,g,7,g,3,g
685,la salsa,breakfast burrito steak,36,g,425,mg,1440,g,55,g,39,g,14,g,0,g,1,g,3,g
686,la salsa,breakfast burrito chicken,30,g,425,mg,1300,g,56,g,40,g,13,g,0,g,1,g,3,g
687,la salsa,california burrito with black beans,32,g,85,mg,1880,g,80,g,42,g,15,g,0,g,7,g,4,g
688,la salsa,steak burrito without rice and beans,40,g,85,mg,2060,g,77,g,38,g,17,g,0,g,5,g,13,g
689,la salsa,california carnitas burrito with black beans,32,g,85,mg,1880,g,80,g,42,g,15,g,0,g,7,g,4,g
690,la salsa,grande grilled chicken burrito with black beans,30,g,85,mg,1630,g,80,g,40,g,14,g,0,g,7,g,5,g
691,la salsa,carnitas burrito without rice or beans,33,g,90,mg,2130,g,76,g,39,g,17,g,0,g,5,g,12,g
692,la salsa,grande steak burrito with pinto beans,38,g,85,mg,1850,g,83,g,38,g,16,g,0,g,7,g,7,g
693,la salsa,bean and cheese burrito with pinto beans,37,g,75,mg,1140,g,79,g,39,g,20,g,0,g,7,g,2,g
694,la salsa,grande carnitas burrito with black beans,31,g,90,mg,1910,g,79,g,39,g,16,g,0,g,7,g,5,g
695,la salsa,grande steak burrito with black beans,38,g,85,mg,1840,g,80,g,37,g,16,g,0,g,7,g,6,g
696,la salsa,bean and cheese burrito with steak and pinto beans,49,g,120,mg,1640,g,80,g,53,g,22,g,0,g,7,g,3,g
697,la salsa,original gourmet grilled chicken burrito,36,g,65,mg,1420,g,58,g,33,g,12,g,0,g,2,g,3,g
698,la salsa,california grilled chicken burrito with black beans,30,g,80,mg,1600,g,82,g,42,g,13,g,0,g,7,g,4,g
699,la salsa,sonora fish burrito,20,g,67,mg,1342,g,56,g,44,g,8,g,0,g,2,g,3,g
700,la salsa,grande grilled chicken burrito with pinto beans,30,g,85,mg,1730,g,80,g,40,g,14,g,0,g,7,g,6,g
701,la salsa,california grilled chicken burrito with pinto beans,30,g,80,mg,1610,g,85,g,43,g,13,g,0,g,7,g,5,g
702,la salsa,california steak burrito with black beans,39,g,80,mg,1810,g,81,g,40,g,15,g,0,g,7,g,5,g
703,la salsa,los cabos shrimp burrito,32,g,160,mg,1940,g,76,g,38,g,14,g,0,g,4,g,6,g
704,la salsa,original gourmet carnitas burrito,37,g,70,mg,1700,g,56,g,33,g,14,g,0,g,2,g,3,g
705,la salsa,meat burrito without rice and beans,38,g,59,mg,1610,g,73,g,25,g,14,g,0,g,6,g,8,g
706,la salsa,bean and cheese burrito with steak and black beans,48,g,120,mg,1470,g,63,g,48,g,22,g,0,g,4,g,2,g
707,la salsa,overstuffed grilled steak burrito,66,g,185,mg,3580,g,109,g,66,g,23,g,0,g,7,g,4,g
708,la salsa,california carnitas burrito with pinto beans,32,g,85,mg,1890,g,84,g,43,g,15,g,0,g,7,g,5,g
709,la salsa,bean and cheese burrito with black beans,37,g,75,mg,980,g,62,g,34,g,20,g,0,g,4,g,1,g
710,la salsa,california burrito with pinto beans,32,g,85,mg,1890,g,84,g,43,g,15,g,0,g,7,g,5,g
711,la salsa,overstuffed grilled chicken burrito,59,g,190,mg,3450,g,110,g,73,g,19,g,0,g,6,g,5,g
712,la salsa,overstuffed grilled carnitas burrito,59,g,145,mg,3360,g,108,g,66,g,20,g,0,g,6,g,4,g
713,la salsa,grilled chicken burrito without rice or beans,32,g,85,mg,1850,g,77,g,40,g,15,g,0,g,5,g,12,g
714,la salsa,grande carnitas burrito with pinto beans,31,g,90,mg,1810,g,78,g,40,g,16,g,0,g,7,g,6,g
715,la salsa,bean and cheese burrito with grilled chicken and pinto beans,40,g,115,mg,1420,g,80,g,56,g,20,g,0,g,7,g,2,g
716,la salsa,california steak burrito with pinto beans,39,g,80,mg,1820,g,85,g,41,g,15,g,0,g,7,g,6,g
717,la salsa,original gourmet steak burrito,44,g,70,mg,1630,g,57,g,31,g,14,g,0,g,2,g,4,g
718,la salsa,bean and cheese burrito with carnitas and pinto beans,42,g,120,mg,1700,g,79,g,55,g,22,g,0,g,7,g,2,g
719,la salsa,bean and cheese burrito with carnitas and black beans,41,g,120,mg,1530,g,62,g,50,g,22,g,0,g,4,g,1,g
720,la salsa,bean and cheese burrito with grilled chicken and black beans,40,g,115,mg,1250,g,63,g,50,g,20,g,0,g,4,g,1,g
721,la salsa,poblano crema,1.5,g,5,mg,80,g,1,g,1,g,1,g,0,g,0,g,1,g
722,la salsa,salsa verde medium,0,g,0,mg,55,g,2,g,0,g,0,g,0,g,0,g,1,g
723,la salsa,sonora salsa,0.5,g,0,mg,340,g,2,g,0,g,0,g,0,g,0,g,1,g
724,la salsa,salsa roja,0,g,0,mg,135,g,2,g,0,g,0,g,0,g,0,g,1,g
725,la salsa,crema mexicana,4,g,15,mg,10,g,1,g,1,g,2.5,g,0,g,0,g,1,g
726,la salsa,salsa habanero hot,0,g,0,mg,460,g,0,g,0,g,0,g,0,g,0,g,0,g
727,la salsa,salsa mango mild,0,g,0,mg,15,g,4,g,0,g,0,g,0,g,0,g,3,g
728,la salsa,salsa buena medium,0,g,0,mg,140,g,1,g,0,g,0,g,0,g,0,g,1,g
729,la salsa,roasted tomato salsa medium,0,g,0,mg,170,g,1,g,0,g,0,g,0,g,0,g,0,g
730,la salsa,salsa avocado mild,1,g,0,mg,160,g,1,g,0,g,0,g,0,g,0,g,0,g
731,la salsa,salsa mexicana medium,0,g,0,mg,70,g,1,g,0,g,0,g,0,g,0,g,1,g
732,la salsa,corn salsa,2.5,g,0,mg,105,g,5,g,1,g,0,g,0,g,0,g,2,g
733,la salsa,kids bean and cheese burrito with rice,25,g,45,mg,1140,g,71,g,23,g,14,g,0,g,0,g,2,g
734,la salsa,kids nachos with black beans,34,g,40,mg,750,g,62,g,19,g,15,g,0,g,4,g,2,g
735,la salsa,kids chicken taco with pinto beans,4,g,34,mg,544,g,46,g,21,g,1,g,0,g,7,g,1,g
736,la salsa,kids bean and cheese burrito with pinto beans,26,g,45,mg,1080,g,72,g,27,g,14,g,0,g,4,g,2,g
737,la salsa,kids chicken taco with rice,6,g,29,mg,644,g,50,g,16,g,0,g,0,g,3,g,0,g
738,la salsa,kids chicken taco with black beans,4,g,34,mg,545,g,49,g,22,g,1,g,0,g,7,g,1,g
739,la salsa,kids quesadilla with black beans,19,g,45,mg,620,g,43,g,23,g,11,g,0,g,7,g,0,g
740,la salsa,kids nachos with pinto beans,34,g,40,mg,750,g,61,g,19,g,15,g,0,g,4,g,1,g
741,la salsa,kids steak taco with pinto beans,7,g,29,mg,644,g,45,g,19,g,2,g,0,g,7,g,1,g
742,la salsa,kids burrito with pinto beans and rice,21,g,25,mg,1450,g,90,g,23,g,9,g,0,g,9,g,4,g
743,la salsa,kids steak taco with black beans,7,g,27,mg,690,g,48,g,13,g,1,g,0,g,3,g,0,g
744,la salsa,kids bean and cheese burrito with black beans,26,g,45,mg,1070,g,68,g,26,g,14,g,0,g,5,g,1,g
745,la salsa,kids quesadilla with pinto beans,20,g,45,mg,630,g,47,g,24,g,11,g,0,g,6,g,1,g
746,la salsa,kids quesadilla with rice,19,g,45,mg,700,g,45,g,19,g,11,g,0,g,2,g,1,g
747,la salsa,pinto beans and rice for taco platter,2,g,5,mg,480,g,35,g,9,g,1,g,0,g,5,g,1,g
748,la salsa,black beans for taco platter,2,g,5,mg,470,g,31,g,8,g,1,g,0,g,5,g,1,g
749,la salsa,tacos la salsa with chicken,10,g,40,mg,260,g,22,g,18,g,3,g,0,g,3,g,1,g
750,la salsa,steak fajita with pinto beans and corn,34,g,249,mg,2124,g,93,g,49,g,14,g,0,g,11,g,6,g
751,la salsa,tacos la salsa with carnitas,10,g,45,mg,450,g,21,g,17,g,4,g,0,g,3,g,1,g
752,la salsa,mexico city taco platter with black beans,39,g,135,mg,2140,g,127,g,51,g,13.5,g,0,g,11,g,7,g
753,la salsa,stuffed fajita quesadilla with carnitas,51,g,402,mg,2101,g,53,g,44,g,23,g,0,g,5,g,6,g
754,la salsa,steak fajita with black beans and flour,40,g,249,mg,2634,g,100,g,53,g,16,g,0,g,9,g,6,g
755,la salsa,steak fajita with pinto beans and flour,40,g,249,mg,2634,g,96,g,52,g,16,g,0,g,8,g,6,g
756,la salsa,fire roasted bowl with carnitas and black beans,18,g,85,mg,1370,g,54,g,34,g,9,g,0,g,9,g,10,g
757,la salsa,two veggie tacos platter with black beans,23,g,55,mg,1530,g,117,g,33,g,12,g,0,g,14,g,12,g
758,la salsa,stuffed fajita quesadilla with chicken,52,g,134,mg,1952,g,56,g,45,g,21,g,0,g,5,g,5,g
759,la salsa,steak fajita with black beans and corn,34,g,249,mg,2124,g,97,g,50,g,14,g,0,g,12,g,6,g
760,la salsa,fire roasted bowl with chicken and black beans,16,g,80,mg,1090,g,55,g,35,g,7,g,0,g,9,g,10,g
761,la salsa,cheese enchiladas platter with pinto beans,49,g,130,mg,990,g,58,g,45,g,26,g,0,g,8,g,4,g
762,la salsa,nachos with pinto beans,52,g,120,mg,1100,g,101,g,43,g,25,g,0,g,13,g,7,g
763,la salsa,three pepper flour fajita platter with chicken and pinto beans,27,g,135,mg,1300,g,63,g,55,g,11,g,0,g,10,g,7,g
764,la salsa,chicken enchiladas platter with black beans,52,g,185,mg,1300,g,52,g,65,g,26,g,0,g,7,g,3,g
765,la salsa,carnitas and avocado enchilada platter with black beans,21,g,135,mg,1410,g,53,g,49,g,21,g,0,g,10,g,3,g
766,la salsa,nachos with steak and pinto beans,63,g,165,mg,1540,g,98,g,56,g,27,g,0,g,12,g,8,g
767,la salsa,three pepper flour fajita platter with steak and black beans,44,g,135,mg,1720,g,57,g,50,g,15,g,0,g,10,g,8,g
768,la salsa,cheese taquitos and quesadilla platter with pinto beans,72,g,190,mg,2500,g,129,g,74,g,37,g,0,g,12,g,8,g
769,la salsa,fire roasted bowl with chicken and pinto beans,16,g,80,mg,1100,g,58,g,36,g,7,g,0,g,9,g,11,g
770,la salsa,three pepper flour fajita platter with carnitas and pinto beans,30,g,140,mg,1860,g,60,g,54,g,15,g,0,g,10,g,7,g
771,la salsa,carnitas enchiladas platter with black beans,54,g,190,mg,1670,g,50,g,64,g,29,g,0,g,7,g,3,g
772,la salsa,nachos with chicken and pinto beans,54,g,160,mg,1320,g,98,g,58,g,25,g,0,g,12,g,7,g
773,la salsa,fire roasted bowl with carnitas and pinto beans,18,g,85,mg,1380,g,57,g,35,g,9,g,0,g,9,g,11,g
774,la salsa,steak enchiladas platter with black beans,63,g,185,mg,1590,g,51,g,62,g,29,g,0,g,7,g,4,g
775,la salsa,chicken and avocado enchilada platter with black beans,44,g,130,mg,1140,g,55,g,49,g,19,g,0,g,10,g,3,g
776,la salsa,chicken and avocado enchilada platter with pinto beans,44,g,130,mg,1150,g,58,g,50,g,19,g,0,g,10,g,4,g
777,la salsa,chicken enchiladas platter with pinto beans,52,g,185,mg,1360,g,60,g,67,g,26,g,0,g,8,g,4,g
778,la salsa,three pepper corn fajita platter with chicken and black beans,28,g,135,mg,1080,g,81,g,56,g,10,g,0,g,12,g,6,g
779,la salsa,steak and avocado enchilada platter with pinto beans,53,g,130,mg,1410,g,62,g,49,g,21,g,0,g,11,g,5,g
780,la salsa,three pepper flour fajita platter with steak and pinto beans,44,g,135,mg,1730,g,61,g,51,g,15,g,0,g,10,g,8,g
781,la salsa,three pepper corn fajita platter with carnitas and black beans,31,g,140,mg,1640,g,78,g,55,g,14,g,0,g,12,g,6,g
782,la salsa,nachos with chicken and black beans,54,g,160,mg,1310,g,95,g,57,g,25,g,0,g,12,g,7,g
783,la salsa,chicken taquitos and quesadilla platter with black beans,75,g,235,mg,2770,g,127,g,90,g,36,g,37,g,12,g,7,g
784,la salsa,three pepper corn fajita platter with steak and black beans,45,g,135,mg,1540,g,80,g,52,g,14,g,0,g,12,g,8,g
785,la salsa,steak and avocado enchilada platter with black beans,53,g,130,mg,1350,g,54,g,47,g,21,g,0,g,10,g,4,g
786,la salsa,nachos with carnitas and pinto beans,56,g,165,mg,1650,g,101,g,59,g,27,g,0,g,13,g,7,g
787,la salsa,steak taquitos and quesadilla platter with pinto beans,84,g,235,mg,3050,g,134,g,90,g,39,g,0,g,13,g,9,g
788,la salsa,carnitas enchiladas platter with pinto beans,54,g,190,mg,1740,g,58,g,66,g,28,g,0,g,8,g,4,g
789,la salsa,three pepper corn fajita platter with carnitas and pinto beans,31,g,140,mg,1660,g,83,g,56,g,14,g,0,g,12,g,7,g
790,la salsa,carnitas taquitos and quesadilla platter with black beans,76,g,240,mg,3050,g,125,g,89,g,39,g,0,g,12,g,7,g
791,la salsa,stuffed fajita quesadilla with steak,57,g,135,mg,1700,g,60,g,43,g,24,g,0,g,6,g,5,g
792,la salsa,three pepper flour fajita platter with carnitas and black beans,29,g,140,mg,1850,g,55,g,53,g,15,g,0,g,10,g,6,g
793,la salsa,three pepper corn fajita platter with steak and pinto beans,45,g,135,mg,1530,g,84,g,53,g,14,g,0,g,12,g,8,g
794,la salsa,chicken taquitos and quesadilla platter with pinto beans,75,g,235,mg,2830,g,135,g,92,g,37,g,0,g,13,g,8,g
795,la salsa,fire roasted bowl with steak and pinto beans,25,g,80,mg,1310,g,58,g,33,g,10,g,0,g,9,g,12,g
796,la salsa,carnitas taquitos and quesadilla platter with pinto beans,77,g,240,mg,3110,g,133,g,92,g,39,g,0,g,13,g,8,g
797,la salsa,fire roasted bowl with steak and black beans,25,g,80,mg,1300,g,55,g,33,g,10,g,0,g,9,g,11,g
798,la salsa,steak taquitos and quesadilla platter with black beans,83,g,235,mg,2980,g,126,g,88,g,39,g,0,g,12,g,8,g
799,la salsa,nachos with carnitas and black beans,56,g,165,mg,1590,g,93,g,57,g,27,g,0,g,12,g,7,g
800,la salsa,nachos with steak and black beans,63,g,165,mg,1530,g,94,g,55,g,27,g,0,g,12,g,8,g
801,la salsa,nachos with black beans,52,g,120,mg,1030,g,93,g,41,g,25,g,0,g,12,g,7,g
802,la salsa,three pepper corn fajita platter with chicken and pinto beans,28,g,135,mg,1100,g,86,g,57,g,10,g,0,g,12,g,7,g
803,la salsa,cheese taquitos and quesadilla platter with black beans,72,g,190,mg,2490,g,125,g,73,g,37,g,0,g,12,g,7,g
804,la salsa,steak enchiladas platter with pinto beans,63,g,185,mg,1650,g,59,g,64,g,29,g,0,g,8,g,5,g
805,la salsa,carnitas and avocado enchilada platter with pinto beans,46,g,135,mg,1420,g,57,g,50,g,21,g,0,g,10,g,4,g
806,la salsa,cheese enchiladas platter with black beans,49,g,130,mg,930,g,50,g,43,g,26,g,0,g,7,g,3,g
807,la salsa,three pepper flour fajita platter with chicken and black beans,27,g,135,mg,1290,g,59,g,54,g,11,g,0,g,10,g,6,g
808,la salsa,classic quesadilla with carnitas,58,g,165,mg,1600,g,59,g,56,g,31,g,0,g,3,g,5,g
809,la salsa,classic quesadilla with steak,65,g,165,mg,1540,g,60,g,54,g,31,g,0,g,3,g,6,g
810,la salsa,classic quesadilla with chicken,57,g,160,mg,1330,g,60,g,56,g,29,g,0,g,3,g,5,g
811,la salsa,classic quesadilla with cheese,54,g,120,mg,1050,g,59,g,39,g,29,g,0,g,3,g,5,g
812,la salsa,chile lime dressing,13,g,5,mg,85,g,3,g,0,g,1,g,0,g,0,g,3,g
813,la salsa,taco salad with grilled chicken and pinto beans without dressing,30,g,85,mg,1930,g,106,g,47,g,13,g,0,g,13,g,8,g
814,la salsa,taco salad with grilled chicken and black beans without dressing,29,g,85,mg,1760,g,89,g,41,g,13,g,0,g,10,g,7,g
815,la salsa,taco salad with steak and black beans without dressing,38,g,85,mg,1980,g,89,g,39,g,16,g,0,g,10,g,7,g
816,la salsa,chile lime salad without dressing,53,g,40,mg,280,g,38,g,14,g,9,g,0,g,9,g,14,g
817,la salsa,taco salad with carnitas and pinto beans without dressing,31,g,90,mg,2210,g,105,g,46,g,15,g,0,g,13,g,8,g
818,la salsa,chile lime salad with steak without dressing,64,g,80,mg,780,g,39,g,28,g,11,g,0,g,9,g,15,g
819,la salsa,chile lime salad with carnitas without dressing,57,g,85,mg,840,g,38,g,30,g,11,g,0,g,9,g,14,g
820,la salsa,especial salad without dressing,32,g,35,mg,400,g,22,g,10,g,6,g,0,g,8,g,5,g
821,la salsa,huerta salad without dressing,16,g,10,mg,230,g,7,g,3,g,2.5,g,0,g,2,g,5,g
822,la salsa,taco salad with pinto beans without dressing,27,g,45,mg,1650,g,105,g,30,g,13,g,0,g,13,g,8,g
823,la salsa,taco salad with black beans without dressing,27,g,45,mg,1480,g,88,g,25,g,13,g,0,g,10,g,7,g
824,la salsa,taco salad with steak and pinto beans without dressing,38,g,85,mg,2140,g,106,g,44,g,16,g,0,g,13,g,9,g
825,la salsa,taco salad with carnitas and black beans without dressing,31.6,g,92,mg,2082,g,89.8,g,41.8,g,15.3,g,0,g,10.2,g,7.1,g
826,la salsa,chile lime salad with chicken without dressing,55,g,80,mg,560,g,40,g,30,g,9,g,0,g,9,g,14,g
827,la salsa,chipotle shrimp salad without dressing,32,g,200,mg,730,g,28,g,35,g,8,g,0,g,10,g,7,g
828,la salsa,chile ancho sauce,16,g,15,mg,170,g,1,g,0,g,2,g,0,g,0,g,0,g
829,la salsa,baja ranch sauce,9,g,15,mg,190,g,1,g,1,g,2.5,g,0,g,0,g,1,g
830,la salsa,spicy carrots,0,g,0,mg,140,g,5,g,0,g,0,g,0,g,0,g,1,g
831,la salsa,rice,0,g,0,mg,270,g,17,g,2,g,0,g,0,g,0,g,1,g
832,la salsa,half rice and half black beans,3.5,g,0,mg,770,g,49,g,12,g,1,g,0,g,7,g,7,g
833,la salsa,guacamole,10,g,0,mg,180,g,7,g,2,g,1.5,g,0,g,5,g,1,g
834,la salsa,chips,10,g,0,mg,180,g,25,g,3,g,2.5,g,0,g,1,g,0,g
835,la salsa,churro,16,g,20,mg,1440,g,27,g,2,g,5,g,0,g,0,g,14,g
836,la salsa,pinto beans,2,g,5,mg,310,g,27,g,11,g,1,g,0,g,7,g,1,g
837,la salsa,half rice and half pinto beans,3.5,g,0,mg,770,g,45,g,10,g,1,g,0,g,9,g,3,g
838,la salsa,chips for tacos,4.5,g,0,mg,85,g,11,g,1,g,1.5,g,0,g,0,g,0,g
839,la salsa,ranchero style,22,g,58,mg,738,g,16,g,14,g,14,g,0,g,3,g,4,g
840,la salsa,black beans,2,g,5,mg,290,g,21,g,9,g,1,g,0,g,8,g,0,g
841,la salsa,cinnamon chips,5,g,0,mg,341,g,56,g,4,g,2,g,0,g,2,g,25,g
842,la salsa,chicken taquito side,3.5,g,20,mg,470,g,18,g,12,g,1,g,0,g,2,g,0,g
843,la salsa,chicken tortilla soup,12,g,55,mg,3030,g,48,g,24,g,3,g,0,g,8,g,9,g
844,la salsa,tortilla soup,8,g,93,mg,1024,g,17,g,12,g,3,g,0,g,1,g,3,g
845,la salsa,baja grilled fish tacos,12,g,40,mg,160,g,23,g,15,g,4,g,0,g,4,g,1,g
846,la salsa,baja style shrimp tacos,9,g,125,mg,180,g,23,g,21,g,2.5,g,0,g,4,g,1,g
847,la salsa,mexico city chicken tacos,8,g,40,mg,190,g,21,g,17,g,2.5,g,0,g,2,g,0,g
848,la salsa,mexico city fish tacos,11,g,40,mg,150,g,20,g,14,g,3.5,g,0,g,2,g,0,g
849,la salsa,tacos la salsa with steak,15,g,40,mg,400,g,22,g,16,g,4,g,0,g,3,g,1,g
850,la salsa,carnitas guadalajara tacos,17,g,50,mg,460,g,22,g,17,g,5,g,0,g,2,g,1,g
851,la salsa,sonora fish taco,8,g,33,mg,539,g,16,g,20,g,3,g,0,g,0,g,1,g
852,la salsa,tacos las salsa with shrimp,9,g,90,mg,330,g,22,g,17,g,3,g,0,g,3,g,1,g
853,la salsa,steak fajita taco,12,g,105,mg,669,g,19,g,16,g,5,g,0,g,1,g,2,g
854,la salsa,vegetarian taco,10,g,25,mg,420,g,37,g,12,g,6,g,0,g,4,g,4,g
855,la salsa,mexico city steak tacos,14,g,40,mg,340,g,20,g,16,g,4,g,0,g,2,g,1,g
856,la salsa,mexico city shrimp tacos,7,g,90,mg,260,g,21,g,16,g,2.5,g,0,g,2,g,0,g
857,la salsa,mexico city carnitas tacos,9,g,45,mg,380,g,20,g,17,g,4,g,0,g,2,g,0,g
858,la salsa,baja grilled fish tacos,12,g,40,mg,160,g,23,g,15,g,4,g,0,g,4,g,1,g
859,la salsa,baja ranch sauce,9,g,15,mg,190,g,1,g,1,g,2.5,g,0,g,0,g,1,g
860,la salsa,baja style shrimp tacos,9,g,125,mg,180,g,23,g,21,g,2.5,g,0,g,4,g,1,g
861,la salsa,barqs caffine free root beer 20oz,0,g,0,mg,125,g,83,g,0,g,0,g,0,g,0,g,83,g
862,la salsa,barqs caffine free root beer 32oz,0,g,0,mg,200,g,132,g,0,g,0,g,0,g,0,g,132,g
863,la salsa,barqs red creme soda 20oz,0,g,0,mg,110,g,85,g,0,g,0,g,0,g,0,g,85,g
864,la salsa,barqs red creme soda 32oz,0,g,0,mg,180,g,135,g,0,g,0,g,0,g,0,g,135,g
865,la salsa,barqs root beer 20oz,0,g,0,mg,125,g,83,g,0,g,0,g,0,g,0,g,83,g
866,la salsa,barqs root beer 32oz,0,g,0,mg,200,g,132,g,0,g,0,g,0,g,0,g,132,g
867,la salsa,bean and cheese burrito black beans,37,g,75,mg,980,g,62,g,34,g,20,g,0,g,4,g,1,g
868,la salsa,bean and cheese burrito carnitas and black beans,41,g,120,mg,1530,g,62,g,50,g,22,g,0,g,4,g,1,g
869,la salsa,bean and cheese burrito carnitas and pinto beans,42,g,120,mg,1700,g,79,g,55,g,22,g,0,g,7,g,2,g
870,la salsa,bean and cheese burrito grilled chicken and black beans,40,g,115,mg,1250,g,63,g,50,g,20,g,0,g,4,g,1,g
871,la salsa,bean and cheese burrito grilled chicken and pinto beans,40,g,115,mg,1420,g,80,g,56,g,20,g,0,g,7,g,2,g
872,la salsa,bean and cheese burrito pinto beans,37,g,75,mg,1140,g,79,g,39,g,20,g,0,g,7,g,2,g
873,la salsa,bean and cheese burrito steak and black beans,48,g,120,mg,1470,g,63,g,48,g,22,g,0,g,4,g,2,g
874,la salsa,bean and cheese burrito steak and pinto beans,49,g,120,mg,1640,g,80,g,53,g,22,g,0,g,7,g,3,g
875,la salsa,black beans 30 oz,11,g,30,mg,1460,g,104,g,45,g,6,g,0,g,38,g,2,g
876,la salsa,black beans 6 oz,2,g,5,mg,290,g,21,g,9,g,1,g,0,g,8,g,0,g
877,la salsa,breakfast burrito chicken,30,g,425,mg,1300,g,56,g,40,g,13,g,0,g,1,g,3,g
878,la salsa,breakfast burrito steak,36,g,425,mg,1440,g,55,g,38,g,14,g,0,g,1,g,3,g
879,la salsa,breakfast huevos ranchero platter chicken,14,g,400,mg,1090,g,59,g,34,g,3.5,g,0,g,7,g,3,g
880,la salsa,breakfast huevos ranchero platter chorizo,27,g,370,mg,1370,g,61,g,31,g,8,g,0,g,9,g,3,g
881,la salsa,breakfast huevos ranchero platter steak,20,g,400,mg,1230,g,58,g,33,g,5,g,0,g,7,g,3,g
882,la salsa,breakfast taco,10,g,200,mg,150,g,14,g,12,g,4,g,0,g,1,g,1,g
883,la salsa,caffeine free diet coke 20oz,0,g,0,mg,85,g,2,g,0,g,0,g,0,g,0,g,0,g
884,la salsa,caffeine free diet coke 32oz,0,g,0,mg,135,g,2,g,0,g,0,g,0,g,0,g,0,g
885,la salsa,california burrito black beans,32,g,85,mg,1880,g,80,g,42,g,15,g,0,g,7,g,4,g
886,la salsa,california burrito carnitas and black beans,32,g,85,mg,1880,g,80,g,42,g,15,g,0,g,7,g,4,g
887,la salsa,california burrito carnitas and pinto beans,32,g,85,mg,1890,g,84,g,43,g,15,g,0,g,7,g,5,g
888,la salsa,california burrito grilled chicken and black beans,30,g,80,mg,1600,g,82,g,42,g,13,g,0,g,7,g,4,g
889,la salsa,california burrito grilled chicken and pinto beans,30,g,80,mg,1610,g,85,g,43,g,13,g,0,g,7,g,5,g
890,la salsa,california burrito pinto beans,32,g,85,mg,1890,g,84,g,43,g,15,g,0,g,7,g,5,g
891,la salsa,california burrito steak and black beans,39,g,80,mg,1810,g,81,g,40,g,15,g,0,g,7,g,5,g
892,la salsa,california burrito steak and pinto beans,39,g,80,mg,1820,g,85,g,41,g,15,g,0,g,7,g,6,g
893,la salsa,carnitas guadalajara tacos,17,g,50,mg,460,g,22,g,17,g,5,g,0,g,2,g,1,g
894,la salsa,carnitas 3 oz,4,g,45,mg,560,g,0,g,16,g,2,g,0,g,0,g,0,g
895,la salsa,cherry coca cola 20oz,0,g,0,mg,70,g,78,g,0,g,0,g,0,g,0,g,78,g
896,la salsa,cherry coca cola 32oz,0,g,0,mg,115,g,124,g,0,g,0,g,0,g,0,g,124,g
897,la salsa,chicken,2.5,g,40,mg,280,g,2,g,17,g,0,g,0,g,0,g,0,g
898,la salsa,chicken taquito,3.5,g,20,mg,470,g,18,g,12,g,1,g,0,g,2,g,0,g
899,la salsa,chicken taquitos,20,g,85,mg,1640,g,62,g,40,g,8,g,0,g,8,g,4,g
900,la salsa,chicken tortilla soup,12,g,55,mg,3030,g,48,g,24,g,3,g,0,g,8,g,9,g
901,la salsa,chile ancho sauce,16,g,15,mg,170,g,1,g,0,g,2,g,0,g,0,g,0,g
902,la salsa,chile lime carnitas salad,57,g,85,mg,840,g,38,g,30,g,11,g,0,g,9,g,14,g
903,la salsa,chile lime chicken salad,55,g,80,mg,560,g,40,g,30,g,9,g,0,g,9,g,14,g
904,la salsa,chile lime steak salad,64,g,80,mg,780,g,39,g,28,g,11,g,0,g,9,g,15,g
905,la salsa,chile lime dressing,13,g,5,mg,85,g,3,g,0,g,1,g,0,g,0,g,3,g
906,la salsa,chile lime salad,53,g,40,mg,280,g,38,g,14,g,9,g,0,g,9,g,14,g
907,la salsa,chipotle dressing,0,g,0,mg,70,g,1,g,0,g,1,g,0,g,0,g,0,g
908,la salsa,chipotle shrimp salad,32,g,200,mg,730,g,28,g,35,g,8,g,0,g,10,g,7,g
909,la salsa,chips and salsa,6,g,0,mg,280,g,87,g,7,g,0,g,0,g,6,g,3,g
910,la salsa,chips 1 oz,1,g,0,mg,0,g,14,g,1,g,0,g,0,g,1,g,0,g
911,la salsa,chips 6 oz,6,g,0,mg,0,g,82,g,6,g,0,g,0,g,5,g,0,g
912,la salsa,chips salsa and guacamole,25,g,0,mg,630,g,101,g,10,g,3.5,g,0,g,16,g,5,g
913,la salsa,chopped cilantro,0,g,0,mg,15,g,1,g,1,g,0,g,0,g,1,g,0,g
914,la salsa,chopped onions,0,g,0,mg,0,g,3,g,0,g,0,g,0,g,0,g,1,g
915,la salsa,churro,16,g,20,mg,1440,g,27,g,2,g,5,g,0,g,0,g,14,g
916,la salsa,classic quesadilla carnitas,58,g,165,mg,1600,g,59,g,56,g,31,g,0,g,3,g,5,g
917,la salsa,classic quesadilla cheese,54,g,120,mg,1050,g,59,g,39,g,29,g,0,g,3,g,5,g
918,la salsa,classic quesadilla chicken,57,g,160,mg,1330,g,60,g,56,g,29,g,0,g,3,g,5,g
919,la salsa,classic quesadilla steak,65,g,165,mg,1540,g,60,g,54,g,31,g,0,g,3,g,6,g
920,la salsa,coca cola high yield 20oz,0,g,0,mg,70,g,75,g,0,g,0,g,0,g,0,g,75,g
921,la salsa,coca cola high yield 32oz,0,g,0,mg,110,g,119,g,0,g,0,g,0,g,0,g,119,g
922,la salsa,coca cola zero 20oz,0,g,0,mg,70,g,0,g,0,g,0,g,0,g,0,g,0,g
923,la salsa,coca cola zero 32oz,0,g,0,mg,110,g,2,g,0,g,0,g,0,g,0,g,0,g
924,la salsa,coca cola 20oz,0,g,0,mg,60,g,74,g,0,g,0,g,0,g,0,g,74,g
925,la salsa,coca cola 32oz,0,g,0,mg,95,g,118,g,0,g,0,g,0,g,0,g,118,g
926,la salsa,coffee 16 oz,0,g,0,mg,10,g,0,g,1,g,0,g,0,g,0,g,0,g
927,la salsa,corn salsa,2.5,g,0,mg,105,g,5,g,1,g,0,g,0,g,0,g,2,g
928,la salsa,corn tortilla,1,g,0,mg,5,g,12,g,2,g,0,g,0,g,1,g,0,g
929,la salsa,cotija cheese,7,g,25,mg,390,g,1,g,8,g,4,g,0,g,0,g,0,g
930,la salsa,crema mexicana,4,g,15,mg,10,g,1,g,1,g,2.5,g,0,g,0,g,1,g
931,la salsa,diced jalapenos,0,g,0,mg,30,g,1,g,1,g,0,g,0,g,1,g,0,g
932,la salsa,diet coke high yield 20oz,0,g,0,mg,85,g,2,g,0,g,0,g,0,g,0,g,0,g
933,la salsa,diet coke high yield 32oz,0,g,0,mg,135,g,2,g,0,g,0,g,0,g,0,g,0,g
934,la salsa,diet coke with lime 20oz,0,g,0,mg,85,g,2,g,0,g,0,g,0,g,0,g,0,g
935,la salsa,diet coke with lime 32oz,0,g,0,mg,135,g,2,g,0,g,0,g,0,g,0,g,0,g
936,la salsa,diet coke 20oz,0,g,0,mg,85,g,2,g,0,g,0,g,0,g,0,g,0,g
937,la salsa,diet coke 32oz,0,g,0,mg,135,g,2,g,0,g,0,g,0,g,0,g,0,g
938,la salsa,diet dr pepper 20oz,0,g,0,mg,120,g,0,g,0,g,0,g,0,g,0,g,0,g
939,la salsa,diet dr pepper 32oz,0,g,0,mg,200,g,1,g,0,g,0,g,0,g,0,g,0,g
940,la salsa,dr pepper 20oz,0,g,0,mg,75,g,66,g,0,g,0,g,0,g,0,g,65,g
941,la salsa,dr pepper 32oz,0,g,0,mg,120,g,106,g,0,g,0,g,0,g,0,g,104,g
942,la salsa,especial salad,32,g,35,mg,400,g,22,g,10,g,6,g,0,g,8,g,5,g
943,la salsa,fanta apple 20oz,0,g,0,mg,100,g,82,g,0,g,0,g,0,g,0,g,82,g
944,la salsa,fanta apple 32oz,0,g,0,mg,160,g,131,g,0,g,0,g,0,g,0,g,131,g
945,la salsa,fanta birch beer 20oz,0,g,0,mg,95,g,80,g,0,g,0,g,0,g,0,g,80,g
946,la salsa,fanta birch beer 32oz,0,g,0,mg,150,g,127,g,0,g,0,g,0,g,0,g,127,g
947,la salsa,fanta blue raspberry 20oz,0,g,0,mg,85,g,86,g,0,g,0,g,0,g,0,g,86,g
948,la salsa,fanta blue raspberry 32oz,0,g,0,mg,135,g,138,g,0,g,0,g,0,g,0,g,138,g
949,la salsa,fanta cherry 20oz,0,g,0,mg,80,g,78,g,0,g,0,g,0,g,0,g,78,g
950,la salsa,fanta cherry 32oz,0,g,0,mg,130,g,125,g,0,g,0,g,0,g,0,g,125,g
951,la salsa,fanta fruit punch 20oz,0,g,0,mg,95,g,77,g,0,g,0,g,0,g,0,g,77,g
952,la salsa,fanta fruit punch 32oz,0,g,0,mg,150,g,123,g,0,g,0,g,0,g,0,g,123,g
953,la salsa,fanta grape 20oz,0,g,0,mg,85,g,83,g,0,g,0,g,0,g,0,g,83,g
954,la salsa,fanta grape 32oz,0,g,0,mg,135,g,132,g,0,g,0,g,0,g,0,g,132,g
955,la salsa,fanta kiwi strawberry 20oz,0,g,0,mg,85,g,88,g,0,g,0,g,0,g,0,g,88,g
956,la salsa,fanta kiwi strawberry 32oz,0,g,0,mg,135,g,140,g,0,g,0,g,0,g,0,g,140,g
957,la salsa,fanta orange 20oz,0,g,0,mg,75,g,80,g,0,g,0,g,0,g,0,g,78,g
958,la salsa,fanta orange 32oz,0,g,0,mg,115,g,127,g,0,g,0,g,0,g,0,g,125,g
959,la salsa,fanta red 20oz,0,g,0,mg,90,g,78,g,0,g,0,g,0,g,0,g,78,g
960,la salsa,fanta red 32oz,0,g,0,mg,140,g,124,g,0,g,0,g,0,g,0,g,124,g
961,la salsa,fanta strawberry texas only 20oz,0,g,0,mg,70,g,77,g,0,g,0,g,0,g,0,g,77,g
962,la salsa,fanta strawberry texas only 32oz,0,g,0,mg,110,g,122,g,0,g,0,g,0,g,0,g,122,g
963,la salsa,fanta strawberry 20oz,0,g,0,mg,85,g,85,g,0,g,0,g,0,g,0,g,85,g
964,la salsa,fanta strawberry 32oz,0,g,0,mg,135,g,135,g,0,g,0,g,0,g,0,g,135,g
965,la salsa,fire roasted bowls carnitas and black beans,18,g,85,mg,1370,g,54,g,34,g,9,g,0,g,9,g,10,g
966,la salsa,fire roasted bowls carnitas and pinto beans,18,g,85,mg,1380,g,57,g,35,g,9,g,0,g,9,g,11,g
967,la salsa,fire roasted bowls chicken and black beans,16,g,80,mg,1090,g,55,g,35,g,7,g,0,g,9,g,10,g
968,la salsa,fire roasted bowls chicken and pinto beans,16,g,80,mg,1100,g,58,g,36,g,7,g,0,g,9,g,11,g
969,la salsa,fire roasted bowls steak and black beans,25,g,80,mg,1300,g,55,g,33,g,10,g,0,g,9,g,11,g
970,la salsa,fire roasted bowls steak and pinto beans,25,g,80,mg,1310,g,58,g,33,g,10,g,0,g,9,g,12,g
971,la salsa,fish 3 oz,10,g,55,mg,280,g,1,g,16,g,2.5,g,0,g,0,g,0,g
972,la salsa,flour tortilla,2,g,0,mg,220,g,15,g,3,g,1,g,0,g,1,g,0,g
973,la salsa,fresca 20oz,0,g,0,mg,80,g,2,g,0,g,0,g,0,g,0,g,0,g
974,la salsa,fresca 32oz,0,g,0,mg,130,g,2,g,0,g,0,g,0,g,0,g,0,g
975,la salsa,fresh limes,0,g,0,mg,0,g,0,g,0,g,0,g,0,g,0,g,0,g
976,la salsa,fruitopia strawberry passion fruit awareness 20oz,0,g,0,mg,95,g,87,g,0,g,0,g,0,g,0,g,84,g
977,la salsa,fruitopia strawberry passion fruit awareness 32oz,0,g,0,mg,150,g,139,g,0,g,0,g,0,g,0,g,134,g
978,la salsa,full throttle twisted 20oz,0,g,0,mg,210,g,77,g,0,g,0,g,0,g,0,g,77,g
979,la salsa,full throttle twisted 32oz,0,g,0,mg,340,g,123,g,0,g,0,g,0,g,0,g,123,g
980,la salsa,fuze lemon black tea 20oz,0,g,0,mg,80,g,42,g,0,g,0,g,0,g,0,g,42,g
981,la salsa,fuze lemon black tea 32oz,0,g,0,mg,125,g,68,g,0,g,0,g,0,g,0,g,68,g
982,la salsa,fuze peach tea 20oz,0,g,0,mg,80,g,43,g,0,g,0,g,0,g,0,g,42,g
983,la salsa,fuze peach tea 32oz,0,g,0,mg,125,g,68,g,0,g,0,g,0,g,0,g,67,g
984,la salsa,fuze raspberry tea 20oz,0,g,0,mg,80,g,43,g,0,g,0,g,0,g,0,g,42,g
985,la salsa,fuze raspberry tea 32oz,0,g,0,mg,125,g,68,g,0,g,0,g,0,g,0,g,67,g
986,la salsa,fuze sweet tea 20oz,0,g,0,mg,85,g,42,g,0,g,0,g,0,g,0,g,42,g
987,la salsa,fuze sweet tea 32oz,0,g,0,mg,135,g,68,g,0,g,0,g,0,g,0,g,68,g
988,la salsa,fuze unsweet tea 20oz,0,g,0,mg,80,g,0,g,0,g,0,g,0,g,0,g,0,g
989,la salsa,fuze unsweet tea 32oz,0,g,0,mg,125,g,2,g,0,g,0,g,0,g,0,g,0,g
990,la salsa,glaceau fruitwater black raspberry 20oz,0,g,0,mg,75,g,1,g,0,g,0,g,0,g,0,g,0,g
991,la salsa,glaceau fruitwater black raspberry 32oz,0,g,0,mg,115,g,2,g,0,g,0,g,0,g,0,g,0,g
992,la salsa,glaceau fruitwater watermelon punch 20oz,0,g,0,mg,70,g,1,g,0,g,0,g,0,g,0,g,0,g
993,la salsa,glaceau fruitwater watermelon punch 32oz,0,g,0,mg,115,g,2,g,0,g,0,g,0,g,0,g,0,g
994,la salsa,glaceau vitaminwater essential 20oz,0,g,0,mg,65,g,36,g,0,g,0,g,0,g,0,g,34,g
995,la salsa,glaceau vitaminwater essential 32oz,0,g,0,mg,105,g,58,g,0,g,0,g,0,g,0,g,55,g
996,la salsa,glaceau vitaminwater revive 20oz,0,g,0,mg,65,g,35,g,0,g,0,g,0,g,0,g,34,g
997,la salsa,glaceau vitaminwater revive 32oz,0,g,0,mg,105,g,56,g,0,g,0,g,0,g,0,g,55,g
998,la salsa,glaceau vitaminwater squeezed zero 20oz,0,g,0,mg,70,g,2,g,0,g,0,g,0,g,0,g,0,g
999,la salsa,glaceau vitaminwater squeezed zero 32oz,0,g,0,mg,110,g,3,g,0,g,0,g,0,g,0,g,0,g
