,Restaurant Name,Food Name,Total Fat Amount,Total Fat Unit,Cholesterol Amount,Cholesterol Unit,Sodium Amount,Sodium Unit,Total Carbohydrate Amount,Total Carbohydrate Unit,Protein Amount,Protein Unit,Saturated Fat Amount,Saturated Fat Unit,Trans Fat Amount,Trans Fat Unit,Dietary Fiber Amount,Dietary Fiber Unit,Sugars Amount,Sugars Unit,Monounsaturated Fat Amount,Monounsaturated Fat Unit,Polyunsaturated Fat Amount,Polyunsaturated Fat Unit
0,lazy dog,the house club sandwich,52,g,180,mg,1510,g,67,g,61,g,9,g,0,g,8,g,3,g,,,,
1,lazy dog,thousand island dressing,25,g,20,mg,520,g,10,g,0,g,4,g,0,g,0,g,7,g,,,,
2,lazy dog,three cheese and basil pizza,30,g,90,mg,2780,g,169,g,48,g,17,g,0,g,8,g,9,g,,,,
3,lazy dog,tiger woods,0,g,0,mg,5,g,13,g,0,g,0,g,0,g,0,g,12,g,,,,
4,lazy dog,togarashi edamame beans,31,g,0,mg,2930,g,34,g,28,g,4,g,0,g,14,g,0,g,,,,
5,lazy dog,tomato juice,0,g,0,mg,670,g,10,g,2,g,0,g,0,g,2,g,6,g,,,,
6,lazy dog,traditional mojito,0,g,0,mg,15,g,14,g,0,g,0,g,0,g,0,g,13,g,,,,
7,lazy dog,waffle potato gratin,44,g,120,mg,1150,g,25,g,16,g,25,g,0,g,2,g,5,g,,,,
8,lazy dog,walnut chicken salad sandwich,65,g,135,mg,1210,g,84,g,41,g,13,g,0,g,11,g,11,g,,,,
9,lazy dog,westside manhattan cocktail,0,g,0,mg,0,g,14,g,0,g,0,g,0,g,0,g,13,g,,,,
10,lazy dog,white peach sangria,0,g,0,mg,20,g,20,g,0,g,0,g,0,g,0,g,18,g,,,,
11,lazy dog,white rice,1,g,0,mg,0,g,56,g,5,g,0,g,0,g,1,g,0,g,,,,
12,lazy dog,wild blueberry and lemon cocktail,0,g,0,mg,0,g,17,g,0,g,0,g,0,g,0,g,16,g,,,,
13,lazy dog,wild boar chili and indigo cornbread fries,89,g,200,mg,2260,g,97,g,50,g,34,g,0,g,9,g,34,g,,,,
14,lazy dog,wok fired calamari with brown rice,66,g,480,mg,1200,g,105,g,44,g,11,g,0,g,8,g,32,g,,,,
15,lazy dog,wok fired calamari with white rice,65,g,480,mg,1190,g,115,g,45,g,11,g,0,g,5,g,31,g,,,,
16,le peep,apple juice large,0,g,0,mg,20,g,55,g,0,g,0,g,0,g,0,g,53,g,,,,
17,le peep,apple juice small,0,g,0,mg,10,g,27,g,0,g,0,g,0,g,0,g,26,g,,,,
18,le peep,arnold palmer,0,g,0,mg,0,g,21,g,2,g,0,g,0,g,0,g,20,g,,,,
19,le peep,aspen fruit blintz with apple,75,g,385,mg,720,g,52,g,23,g,28,g,0,g,2,g,33,g,,,,
20,le peep,aspen fruit blintz with banana,73,g,375,mg,700,g,63,g,24,g,28,g,0,g,4,g,33,g,,,,
21,le peep,aspen fruit blintz with blueberry,73,g,375,mg,710,g,45,g,22,g,27,g,0,g,1,g,27,g,,,,
22,le peep,aspen fruit blintz with strawberry,73,g,375,mg,700,g,42,g,23,g,27,g,0,g,3,g,23,g,,,,
23,le peep,bagel,1,g,0,mg,640,g,65,g,11,g,0,g,0,g,2,g,7,g,,,,
24,le peep,belgian combo with bacon,67,g,550,mg,3320,g,67,g,48,g,28,g,0,g,3,g,4,g,,,,
25,le peep,belgian combo with bacon and add nuts,102,g,610,mg,3670,g,80,g,59,g,33,g,0,g,7,g,5,g,,,,
26,le peep,belgian combo with bacon and add wheat germ,69,g,550,mg,3330,g,75,g,51,g,28,g,0,g,5,g,4,g,,,,
27,le peep,belgian combo with granola and sausage,62,g,595,mg,2810,g,114,g,47,g,23,g,0,g,6,g,17,g,,,,
28,le peep,belgian combo with sausage,55,g,595,mg,2650,g,85,g,43,g,22,g,0,g,4,g,4,g,,,,
29,le peep,belgian combo with sausage and bananas,55,g,595,mg,2650,g,94,g,43,g,22,g,0,g,5,g,10,g,,,,
30,le peep,belgian combo with sausage and add chocolate chips,55,g,595,mg,2650,g,85,g,43,g,22,g,0,g,4,g,4,g,,,,
31,le peep,belgian combo with sausage and add walnuts,83,g,595,mg,2650,g,90,g,49,g,25,g,0,g,7,g,6,g,,,,
32,le peep,belgian combo with strawberries and bacon,67,g,550,mg,3330,g,70,g,48,g,28,g,0,g,4,g,6,g,,,,
33,le peep,belgian combo with turkey sausage,48,g,510,mg,2460,g,75,g,38,g,20,g,0,g,4,g,6,g,,,,
34,le peep,belgian waffle,16,g,120,mg,770,g,49,g,8,g,9,g,0,g,1,g,4,g,,,,
35,le peep,belgian waffle combo with bacon,62,g,535,mg,4130,g,127,g,51,g,23,g,0,g,4,g,57,g,,,,
36,le peep,belgian waffle combo with sausage links,51,g,560,mg,2530,g,81,g,41,g,20,g,0,g,4,g,4,g,,,,
37,le peep,belgian waffle combo with sausage patties,51,g,560,mg,2530,g,81,g,41,g,20,g,0,g,4,g,4,g,,,,
38,le peep,belgian waffle combo with turkey sausage,43,g,535,mg,2420,g,74,g,39,g,17,g,0,g,4,g,5,g,,,,
39,le peep,berry nutty oatmeal,30,g,40,mg,1010,g,161,g,29,g,8,g,0,g,11,g,58,g,,,,
40,le peep,berry nutty oatmeal without condiments,19,g,0,mg,850,g,128,g,25,g,2,g,0,g,11,g,26,g,,,,
41,le peep,biscuits and gravy,31,g,20,mg,1870,g,59,g,11,g,11,g,0,g,2,g,7,g,,,,
42,le peep,blueberry granola pancakes,62,g,340,mg,2040,g,200,g,33,g,20,g,0,g,10,g,67,g,,,,
43,le peep,breakfast banana split,6,g,5,mg,45,g,69,g,14,g,1,g,0,g,6,g,41,g,,,,
44,le peep,breakfast burrito with bacon,80,g,715,mg,3780,g,69,g,64,g,33,g,0,g,5,g,5,g,,,,
45,le peep,breakfast burrito with chicken,62,g,760,mg,2430,g,64,g,66,g,25,g,0,g,5,g,5,g,,,,
46,le peep,breakfast burrito with chorizo,75,g,770,mg,2710,g,65,g,59,g,33,g,0,g,5,g,5,g,,,,
47,le peep,breakfast burrito with ham,61,g,750,mg,2910,g,64,g,61,g,24,g,0,g,5,g,6,g,,,,
48,le peep,breakfast burrito with sausage,75,g,770,mg,2710,g,65,g,59,g,33,g,0,g,5,g,5,g,,,,
49,le peep,breakfast burrito with turkey sausage,63,g,745,mg,2690,g,64,g,61,g,25,g,0,g,5,g,6,g,,,,
50,le peep,breakfast enchiladas,43,g,555,mg,1350,g,37,g,48,g,20,g,0,g,4,g,4,g,,,,
51,le peep,build your own omelet artichoke,3,g,0,mg,160,g,5,g,2,g,0,g,0,g,2,g,0,g,,,,
52,le peep,build your own omelet avocado,6,g,0,mg,0,g,4,g,1,g,1,g,0,g,3,g,0,g,,,,
53,le peep,build your own omelet bacon,20,g,30,mg,1130,g,0,g,11,g,9,g,0,g,0,g,0,g,,,,
54,le peep,build your own omelet bell pepper,0,g,0,mg,0,g,2,g,0,g,0,g,0,g,1,g,1,g,,,,
55,le peep,build your own omelet brie,11,g,40,mg,360,g,2,g,6,g,6,g,0,g,0,g,0,g,,,,
56,le peep,build your own omelet broccoli,0,g,0,mg,10,g,2,g,1,g,0,g,0,g,1,g,1,g,,,,
57,le peep,build your own omelet cheddar jack,14,g,40,mg,260,g,0,g,10,g,9,g,0,g,0,g,0,g,,,,
58,le peep,build your own omelet chicken,1.5,g,45,mg,20,g,0,g,13,g,0,g,0,g,0,g,0,g,,,,
59,le peep,build your own omelet chorizo,7,g,25,mg,280,g,3,g,7,g,2.5,g,0,g,0,g,0,g,,,,
60,le peep,build your own omelet cream cheese,15,g,45,mg,160,g,2,g,3,g,8,g,0,g,0,g,1,g,,,,
61,le peep,build your own omelet feta,9,g,40,mg,390,g,2,g,6,g,6,g,0,g,0,g,2,g,,,,
62,le peep,build your own omelet ham,1.5,g,20,mg,520,g,0,g,7,g,0.5,g,0,g,0,g,0,g,,,,
63,le peep,build your own omelet hollandaise sauce,16,g,20,mg,320,g,4,g,1,g,7,g,0,g,0,g,2,g,,,,
64,le peep,build your own omelet jalapenos,0,g,0,mg,0,g,3,g,0,g,0,g,0,g,1,g,2,g,,,,
65,le peep,build your own omelet lobster,0,g,15,mg,270,g,4,g,5,g,0,g,0,g,0,g,2,g,,,,
66,le peep,build your own omelet mozzarella,7,g,25,mg,260,g,1,g,10,g,4.5,g,0,g,0,g,0,g,,,,
67,le peep,build your own omelet mushrooms,0,g,0,mg,0,g,1,g,1,g,0,g,0,g,0,g,1,g,,,,
68,le peep,build your own omelet onion,0,g,0,mg,0,g,4,g,0,g,0,g,0,g,1,g,2,g,,,,
69,le peep,build your own omelet pork green chili,2.5,g,10,mg,160,g,2,g,2,g,0.5,g,0,g,0,g,0,g,,,,
70,le peep,build your own omelet salsa,0,g,0,mg,140,g,2,g,0,g,0,g,0,g,0,g,1,g,,,,
71,le peep,build your own omelet sausage,7,g,25,mg,280,g,3,g,7,g,2.5,g,0,g,0,g,0,g,,,,
72,le peep,build your own omelet sausage gravy,4,g,5,mg,170,g,3,g,1,g,1.5,g,0,g,0,g,1,g,,,,
73,le peep,build your own omelet spinach,0,g,0,mg,35,g,2,g,1,g,0,g,0,g,1,g,0,g,,,,
74,le peep,build your own omelet swiss,12,g,40,mg,30,g,2,g,11,g,8,g,0,g,0,g,1,g,,,,
75,le peep,build your own omelet tomatilla sauce,0,g,0,mg,410,g,3,g,0,g,0,g,0,g,2,g,2,g,,,,
76,le peep,build your own omelet tomatoes,0,g,0,mg,0,g,2,g,0,g,0,g,0,g,1,g,1,g,,,,
77,le peep,build your own omelet turkey,0,g,15,mg,400,g,0,g,8,g,0,g,0,g,0,g,0,g,,,,
78,le peep,build your own omelet turkey sausage,4.5,g,20,mg,300,g,0,g,7,g,1.5,g,0,g,0,g,0,g,,,,
79,le peep,burger add avocado,9,g,0,mg,0,g,5,g,1,g,1.5,g,0,g,4,g,0,g,,,,
80,le peep,burger add bacon,28,g,45,mg,2340,g,0,g,28,g,9,g,0,g,0,g,0,g,,,,
81,le peep,burger add combo cheese,4.5,g,15,mg,85,g,0,g,3,g,3,g,0,g,0,g,0,g,,,,
82,le peep,burger add green chilies,0,g,0,mg,55,g,1,g,0,g,0,g,0,g,0,g,0,g,,,,
83,le peep,burger add grilled onions,12,g,30,mg,90,g,3,g,0,g,7,g,0,g,0,g,1,g,,,,
84,le peep,burger add mozzarella,2.5,g,10,mg,90,g,0,g,3,g,1.5,g,0,g,0,g,0,g,,,,
85,le peep,burger add pork green chili,3.5,g,10,mg,210,g,2,g,3,g,1,g,0,g,0,g,0,g,,,,
86,le peep,burger add sauteed mushrooms,12,g,30,mg,95,g,1,g,1,g,7,g,0,g,0,g,1,g,,,,
87,le peep,burger add swiss cheese,4,g,15,mg,10,g,1,g,4,g,2.5,g,0,g,0,g,0,g,,,,
88,le peep,california turkey sandwich with french fries,97,g,115,mg,4560,g,58,g,68,g,19,g,0,g,4,g,6,g,,,,
89,le peep,california turkey sandwich with salad,63,g,110,mg,4530,g,71,g,69,g,16,g,0,g,8,g,9,g,,,,
90,le peep,california turkey sandwich with sweet potato fries,107,g,105,mg,4450,g,82,g,64,g,19,g,0,g,8,g,16,g,,,,
91,le peep,cappuccino,2.5,g,10,mg,85,g,8,g,5,g,1.5,g,0,g,0,g,6,g,,,,
92,le peep,carmel macchiato,3.5,g,15,mg,115,g,32,g,7,g,2,g,0,g,0,g,29,g,,,,
93,le peep,cheese potatoes,30,g,70,mg,1810,g,42,g,19,g,15,g,0,g,5,g,1,g,,,,
94,le peep,cheesy peasant potatoes,28,g,65,mg,1830,g,42,g,19,g,14,g,0,g,5,g,0,g,,,,
95,le peep,chicken fried steak and eggs,68,g,445,mg,2610,g,86,g,34,g,21,g,0,g,5,g,3,g,,,,
96,le peep,chocolate milk large,8,g,35,mg,250,g,41,g,17,g,5,g,0,g,1,g,37,g,,,,
97,le peep,chocolate milk small,4,g,15,mg,125,g,20,g,8,g,2.5,g,0,g,0,g,18,g,,,,
98,le peep,cobb salad,43,g,305,mg,2170,g,48,g,65,g,16,g,0,g,9,g,7,g,,,,
99,le peep,coffee house blend,0,g,0,mg,10,g,0,g,1,g,0,g,0,g,0,g,0,g,,,,
100,le peep,colorado omelet,16,g,40,mg,2150,g,48,g,39,g,4.5,g,0,g,6,g,5,g,,,,
101,le peep,corned beef hash,45,g,55,mg,720,g,16,g,15,g,9,g,0,g,2,g,1,g,,,,
102,le peep,country benedict,81,g,495,mg,1200,g,91,g,31,g,16,g,0,g,9,g,16,g,,,,
103,le peep,cranberry juice large,0,g,0,mg,65,g,62,g,0,g,0,g,0,g,0,g,62,g,,,,
104,le peep,cranberry juice small,0,g,0,mg,35,g,31,g,0,g,0,g,0,g,0,g,31,g,,,,
105,le peep,create your own omelet plain,29,g,480,mg,1330,g,51,g,24,g,8,g,0,g,4,g,3,g,,,,
106,le peep,create your own omelet plain with egg whites,11,g,10,mg,1370,g,49,g,25,g,2.5,g,0,g,4,g,2,g,,,,
107,le peep,cup of oatmel,5,g,5,mg,220,g,62,g,11,g,1.5,g,0,g,5,g,32,g,,,,
108,le peep,dawnbreaker,55,g,490,mg,2270,g,49,g,38,g,21,g,0,g,4,g,5,g,,,,
109,le peep,desperado,44,g,460,mg,3120,g,79,g,44,g,18,g,0,g,7,g,6,g,,,,
110,le peep,diet pepsi,0,g,0,mg,40,g,0,g,0,g,0,g,0,g,0,g,0,g,,,,
111,le peep,drifter skillet,34,g,405,mg,2050,g,71,g,36,g,14,g,0,g,8,g,5,g,,,,
112,le peep,eggs benedict,34,g,445,mg,2650,g,58,g,39,g,12,g,0,g,4,g,13,g,,,,
113,le peep,eighteen wheeler with bacon,60,g,710,mg,3490,g,69,g,56,g,19,g,0,g,4,g,11,g,,,,
114,le peep,eighteen wheeler with sausage links,58,g,835,mg,2390,g,86,g,53,g,19,g,0,g,5,g,13,g,,,,
115,le peep,eighteen wheeler with sausage patties,58,g,835,mg,2390,g,86,g,53,g,19,g,0,g,5,g,13,g,,,,
116,le peep,eighteen wheeler with turkey sausage,49,g,805,mg,2280,g,79,g,51,g,16,g,0,g,5,g,13,g,,,,
117,le peep,eigtheen wheeler with ham,42,g,780,mg,2300,g,79,g,44,g,13,g,0,g,5,g,13,g,,,,
118,le peep,english muffin,1,g,0,mg,200,g,25,g,4,g,0,g,0,g,1,g,1,g,,,,
119,le peep,english muffin honey wheat,0.5,g,0,mg,180,g,26,g,5,g,0,g,0,g,1,g,3,g,,,,
120,le peep,espresso,0,g,0,mg,15,g,2,g,0,g,0,g,0,g,0,g,0,g,,,,
121,le peep,flavored iced tea,0,g,0,mg,0,g,11,g,0,g,0,g,0,g,0,g,10,g,,,,
122,le peep,french fries sandwich side,50,g,0,mg,0,g,0,g,0,g,3.5,g,0,g,0,g,0,g,,,,
123,le peep,gooey buns,33,g,40,mg,430,g,53,g,10,g,10,g,0,g,4,g,23,g,,,,
124,le peep,greek lemon chicken salad,62,g,200,mg,2020,g,52,g,68,g,14,g,0,g,7,g,13,g,,,,
125,le peep,greek lemon salmon salad,68,g,150,mg,2740,g,50,g,50,g,14,g,0,g,7,g,12,g,,,,
126,le peep,gypsy skillet,38,g,455,mg,2990,g,72,g,48,g,15,g,0,g,7,g,5,g,,,,
127,le peep,harvest benedict,48,g,440,mg,1650,g,64,g,26,g,21,g,0,g,7,g,15,g,,,,
128,le peep,hen pen with bacon,41,g,335,mg,2780,g,38,g,36,g,14,g,0,g,3,g,1,g,,,,
129,le peep,hen pen with corned beef hash,57,g,375,mg,1560,g,53,g,26,g,13,g,0,g,4,g,2,g,,,,
130,le peep,hen pen with ham,28,g,415,mg,2350,g,48,g,36,g,9,g,0,g,3,g,3,g,,,,
131,le peep,hen pen with meatless,24,g,360,mg,1190,g,46,g,18,g,8,g,0,g,4,g,2,g,,,,
132,le peep,hen pen with sausage,52,g,495,mg,2390,g,61,g,46,g,18,g,0,g,4,g,1,g,,,,
133,le peep,hen pen with sausage patty,52,g,495,mg,2390,g,61,g,46,g,18,g,0,g,4,g,1,g,,,,
134,le peep,hen pen with turkey sausage,43,g,475,mg,2470,g,51,g,48,g,15,g,0,g,4,g,3,g,,,,
135,le peep,homestead breakfast,54,g,395,mg,2830,g,79,g,26,g,18,g,0,g,5,g,7,g,,,,
136,le peep,hot chocolate large,4.5,g,20,mg,135,g,30,g,9,g,3,g,0,g,1,g,26,g,,,,
137,le peep,hot chocolate small,3,g,10,mg,85,g,16,g,6,g,1.5,g,0,g,0,g,16,g,,,,
138,le peep,hot tea,0,g,0,mg,5,g,1,g,0,g,0,g,0,g,0,g,0,g,,,,
139,le peep,latte,3.5,g,15,mg,115,g,11,g,7,g,2,g,0,g,0,g,9,g,,,,
140,le peep,le petit french toast,37,g,350,mg,2350,g,44,g,39,g,12,g,0,g,2,g,10,g,,,,
141,le peep,lemonade,0,g,0,mg,10,g,43,g,3,g,0,g,0,g,0,g,40,g,,,,
142,le peep,lumberjack breakfast with bacon,89,g,755,mg,5350,g,125,g,64,g,31,g,0,g,5,g,19,g,,,,
143,le peep,lumberjack breakfast with ham,63,g,735,mg,3620,g,126,g,46,g,22,g,0,g,5,g,20,g,,,,
144,le peep,lumberjack breakfast with sausage and bananas,80,g,790,mg,3790,g,144,g,55,g,28,g,0,g,6,g,25,g,,,,
145,le peep,lumberjack breakfast with sausage links,79,g,780,mg,3750,g,133,g,54,g,28,g,0,g,5,g,19,g,,,,
146,le peep,lumberjack breakfast with sausage patties,80,g,790,mg,3790,g,134,g,55,g,28,g,0,g,5,g,19,g,,,,
147,le peep,lumberjack breakfast with strawberries and bacon,90,g,765,mg,5410,g,129,g,65,g,31,g,0,g,6,g,21,g,,,,
148,le peep,lumberjack breakfast with turkey sausage,70,g,755,mg,3650,g,126,g,52,g,25,g,0,g,5,g,20,g,,,,
149,le peep,lumberjack breakfast with walnuts and sausage,95,g,790,mg,3980,g,154,g,58,g,30,g,0,g,7,g,33,g,,,,
150,le peep,lumberjack breakfast with wheat germ and bacon,92,g,765,mg,5410,g,134,g,68,g,31,g,0,g,7,g,19,g,,,,
151,le peep,milk large,9,g,35,mg,270,g,25,g,18,g,6,g,0,g,0,g,24,g,,,,
152,le peep,milk small,4.5,g,20,mg,135,g,12,g,9,g,3,g,0,g,0,g,12,g,,,,
153,le peep,mini denver omelet,31,g,375,mg,1690,g,47,g,37,g,13,g,0,g,5,g,5,g,,,,
154,le peep,mini greek goddess,12,g,20,mg,1410,g,49,g,21,g,3.5,g,0,g,5,g,3,g,,,,
155,le peep,mini veggie omelet,12,g,25,mg,1270,g,53,g,25,g,5,g,0,g,5,g,4,g,,,,
156,le peep,mocha,4.5,g,40,mg,100,g,28,g,6,g,2.5,g,0,g,1,g,23,g,,,,
157,le peep,monte cristo crepes,102,g,480,mg,5250,g,100,g,98,g,41,g,0,g,4,g,36,g,,,,
158,le peep,mountain dew,0,g,0,mg,60,g,51,g,0,g,0,g,0,g,0,g,51,g,,,,
159,le peep,omni omelet,79,g,615,mg,3200,g,59,g,62,g,34,g,0,g,5,g,7,g,,,,
160,le peep,orange crush,0,g,0,mg,80,g,50,g,0,g,0,g,0,g,0,g,50,g,,,,
161,le peep,orange juice large,0,g,0,mg,0,g,49,g,4,g,0,g,0,g,0,g,49,g,,,,
162,le peep,orange juice small,0,g,0,mg,0,g,25,g,2,g,0,g,0,g,0,g,25,g,,,,
163,le peep,pancake sandwich,27,g,305,mg,910,g,37,g,15,g,10,g,0,g,1,g,8,g,,,,
164,le peep,pancakes with bananas,44,g,340,mg,2000,g,112,g,22,g,17,g,0,g,4,g,25,g,,,,
165,le peep,pancakes with blueberries,22,g,170,mg,1000,g,56,g,11,g,9,g,0,g,3,g,14,g,,,,
166,le peep,pancakes with chocolate chips,60,g,355,mg,2080,g,137,g,24,g,27,g,0,g,5,g,47,g,,,,
167,le peep,pancakes with granola,54,g,355,mg,2270,g,139,g,27,g,19,g,0,g,5,g,34,g,,,,
168,le peep,pancakes with walnuts,78,g,355,mg,2080,g,112,g,30,g,21,g,0,g,6,g,21,g,,,,
169,le peep,pancakes with wheat germ,47,g,355,mg,2080,g,112,g,25,g,18,g,0,g,4,g,20,g,,,,
170,le peep,peasant potatoes entree side,4,g,0,mg,830,g,23,g,3,g,0,g,0,g,3,g,0,g,,,,
171,le peep,pepsi,0,g,0,mg,40,g,48,g,0,g,0,g,0,g,0,g,48,g,,,,
172,le peep,plain cakes,46,g,355,mg,2080,g,105,g,22,g,18,g,0,g,2,g,20,g,,,,
173,le peep,rock lobster scramble,53,g,655,mg,1890,g,57,g,36,g,20,g,0,g,4,g,5,g,,,,
174,le peep,salmon eggs benedict,69,g,725,mg,1750,g,58,g,128,g,26,g,0,g,4,g,12,g,,,,
175,le peep,side of bacon,56,g,95,mg,4670,g,0,g,56,g,19,g,0,g,0,g,0,g,,,,
176,le peep,side of eggs one,11,g,150,mg,125,g,0,g,5,g,4.5,g,0,g,0,g,0,g,,,,
177,le peep,side of eggs two,17,g,315,mg,200,g,1,g,10,g,7,g,0,g,0,g,0,g,,,,
178,le peep,side of french fries,30,g,0,mg,0,g,0,g,0,g,2,g,0,g,0,g,0,g,,,,
179,le peep,side of fruit,0,g,0,mg,15,g,21,g,1,g,0,g,0,g,2,g,16,g,,,,
180,le peep,side of ham,5,g,55,mg,1200,g,1,g,18,g,1.5,g,0,g,0,g,2,g,,,,
181,le peep,side of hash browns,14,g,0,mg,470,g,25,g,3,g,1,g,0,g,3,g,0,g,,,,
182,le peep,side of peasant potatoes,10,g,10,mg,1480,g,42,g,5,g,2,g,0,g,5,g,0,g,,,,
183,le peep,side of peasant potatoes without sour cream,7,g,0,mg,1450,g,41,g,5,g,0,g,0,g,5,g,0,g,,,,
184,le peep,side of potatoes,4,g,0,mg,830,g,23,g,3,g,0,g,0,g,3,g,0,g,,,,
185,le peep,side of refried beans,8,g,15,mg,210,g,4,g,3,g,4,g,0,g,1,g,0,g,,,,
186,le peep,side of salad,3,g,0,mg,90,g,15,g,3,g,0,g,0,g,4,g,3,g,,,,
187,le peep,side of salmon,10,g,135,mg,1170,g,1,g,34,g,4,g,0,g,0,g,0,g,,,,
188,le peep,side of sausage links,26,g,110,mg,1100,g,12,g,26,g,10,g,0,g,0,g,0,g,,,,
189,le peep,side of sausage patties,26,g,110,mg,1100,g,12,g,26,g,10,g,0,g,0,g,0,g,,,,
190,le peep,side of sweet potato fries,58,g,0,mg,290,g,33,g,2,g,4.5,g,0,g,5,g,12,g,,,,
191,le peep,side of toast white,5,g,0,mg,540,g,52,g,11,g,0,g,0,g,2,g,6,g,,,,
192,le peep,side of turkey sausage,14,g,70,mg,950,g,1,g,23,g,5,g,0,g,0,g,1,g,,,,
193,le peep,sierra mist,0,g,0,mg,40,g,34,g,0,g,0,g,0,g,0,g,34,g,,,,
194,le peep,signature burger with french fries,91,g,270,mg,1050,g,38,g,58,g,19,g,0,g,1,g,8,g,,,,
195,le peep,signature burger with side salad,44,g,270,mg,1130,g,50,g,61,g,15,g,0,g,4,g,10,g,,,,
196,le peep,signature burger with sweet potato fries,98,g,270,mg,1330,g,70,g,60,g,20,g,0,g,6,g,19,g,,,,
197,le peep,sir benedict omelet,78,g,635,mg,1990,g,61,g,48,g,33,g,0,g,5,g,9,g,,,,
198,le peep,spinnaker omelet,19,g,35,mg,2160,g,61,g,39,g,7,g,0,g,5,g,3,g,,,,
199,le peep,stuffed french toast,71,g,1060,mg,1210,g,91,g,54,g,32,g,0,g,4,g,33,g,,,,
200,le peep,tomato juice large,0,g,0,mg,1250,g,19,g,4,g,0,g,0,g,4,g,11,g,,,,
201,le peep,tomato juice small,0,g,0,mg,630,g,9,g,2,g,0,g,0,g,2,g,6,g,,,,
202,le peep,triple decker sandwich with side salad,51,g,100,mg,2480,g,59,g,49,g,11,g,0,g,14,g,10,g,,,,
203,le peep,triple decker sandwich with sweet potato fries,104,g,100,mg,2690,g,78,g,48,g,16,g,0,g,16,g,19,g,,,,
204,le peep,turkey apple brie melt with side salad,42,g,130,mg,1300,g,93,g,30,g,23,g,0,g,7,g,34,g,,,,
205,le peep,turkey apple brie melt with sweet potato fries,96,g,130,mg,1500,g,113,g,29,g,27,g,0,g,9,g,43,g,,,,
206,le peep,wanderer skillet,55,g,460,mg,4010,g,71,g,57,g,22,g,0,g,7,g,5,g,,,,
207,le peep,white lightening omelet,19,g,65,mg,1930,g,63,g,46,g,6,g,0,g,7,g,4,g,,,,
208,ledo pizza,baby spinach salad,21,g,50,mg,630,g,43,g,20,g,12,g,0,g,4,g,24,g,,,,
209,ledo pizza,baby spinach salad with chicken without dressing,22,g,85,mg,1210,g,43,g,37,g,13,g,0,g,6,g,22,g,,,,
210,ledo pizza,baby spinach salad without dressing,20,g,50,mg,600,g,40,g,19,g,13,g,0,g,5,g,22,g,,,,
211,ledo pizza,boneless wings,16,g,105,mg,1880,g,40,g,37,g,3,g,4,g,2,g,2,g,,,,
212,ledo pizza,buffalo calzone,66,g,155,mg,1850,g,92,g,71,g,21,g,0,g,5,g,10,g,,,,
213,ledo pizza,buffalo chicken pizza 14 inch,8,g,15,mg,250,g,7,g,6,g,3,g,0,g,0,g,0,g,,,,
214,ledo pizza,buffalo chicken pizza 18 inch,9,g,15,mg,300,g,8,g,6,g,3,g,0,g,0,g,1,g,,,,
215,ledo pizza,buffalo chicken pizza 8 inch,8,g,15,mg,260,g,84,g,6,g,3,g,0,g,0,g,1,g,,,,
216,ledo pizza,buffalo fried chicken salad,62,g,130,mg,3170,g,31,g,48,g,19,g,1,g,3,g,7,g,,,,
217,ledo pizza,caesar salad,23,g,20,mg,720,g,17,g,10,g,5,g,0,g,4,g,3,g,,,,
218,ledo pizza,caesar salad with chicken tenders,31,g,50,mg,1620,g,34,g,25,g,6,g,1,g,4,g,5,g,,,,
219,ledo pizza,caesar salad with grilled chicken,25,g,90,mg,1290,g,19,g,28,g,6,g,0,g,4,g,4,g,,,,
220,ledo pizza,caesar side salad,3,g,5,mg,180,g,8,g,4,g,2,g,0,g,2,g,1,g,,,,
221,ledo pizza,cauliflower crust pizza small,5,g,10,mg,180,g,8,g,4,g,6,g,0,g,0,g,1,g,,,,
222,ledo pizza,chicken calzone,64,g,95,mg,1640,g,95,g,51,g,20,g,0,g,5,g,13,g,,,,
223,ledo pizza,chicken tenders and house fries,17,g,20,mg,820,g,21,g,13,g,3,g,0,g,1,g,1,g,,,,
224,ledo pizza,garlic bread,5,g,10,mg,220,g,15,g,4,g,3,g,0,g,1,g,0,g,,,,
225,ledo pizza,garlic bread with cheese,8,g,20,mg,340,g,15,g,7,g,5,g,0,g,1,g,1,g,,,,
226,ledo pizza,gluten free pizza small,6,g,10,mg,160,g,10,g,4,g,3,g,0,g,0,g,1,g,,,,
227,ledo pizza,hawaiian pizza 14 inch,7,g,10,mg,220,g,8,g,5,g,3,g,0,g,0,g,1,g,,,,
228,ledo pizza,hawaiian pizza 18 inch,8,g,15,mg,250,g,9,g,6,g,3,g,0,g,0,g,1,g,,,,
229,ledo pizza,hawaiian pizza 8 inch,8,g,10,mg,230,g,10,g,6,g,3,g,0,g,1,g,1,g,,,,
230,ledo pizza,hot grilled chicken salad,28,g,140,mg,1000,g,8,g,53,g,14,g,0,g,3,g,3,g,,,,
231,ledo pizza,italian cold cut sub,66,g,160,mg,3340,g,39,g,50,g,26,g,0,g,4,g,4,g,,,,
232,ledo pizza,italian white pizza 14 inch,11,g,10,mg,140,g,7,g,4,g,3,g,0,g,0,g,0,g,,,,
233,ledo pizza,italian white pizza 18 inch,14,g,15,mg,180,g,8,g,4,g,3.5,g,0,g,0,g,0,g,,,,
234,ledo pizza,italian white pizza 8 inch,12,g,10,mg,135,g,8,g,3,g,3,g,0,g,0,g,0,g,,,,
235,ledo pizza,kids chicken tenders,25,g,45,mg,1400,g,48,g,19,g,4,g,0,g,0,g,18,g,,,,
236,ledo pizza,kids kraft mac and cheese,13,g,30,mg,1010,g,58,g,15,g,4,g,0,g,2,g,13,g,,,,
237,ledo pizza,kids spaghetti with meatballs,21,g,45,mg,1020,g,66,g,22,g,8,g,0,g,4,g,11,g,,,,
238,ledo pizza,ledo breadsticks,2.5,g,5,mg,810,g,18,g,3,g,0.5,g,0,g,1,g,3,g,,,,
239,ledo pizza,ledo deluxe pizza 14 inch,17,g,30,mg,390,g,8,g,9,g,6,g,0,g,1,g,1,g,,,,
240,ledo pizza,ledo deluxe pizza 18 inch,18,g,30,mg,420,g,9,g,9,g,6,g,0,g,1,g,1,g,,,,
241,ledo pizza,ledo deluxe pizza 8 inch,18,g,30,mg,400,g,10,g,9,g,6,g,0,g,1,g,1,g,,,,
242,ledo pizza,ledo italian salad,57,g,50,mg,1510,g,13,g,15,g,13,g,0,g,3,g,6,g,,,,
243,ledo pizza,ledo jumbo wings bbq,15,g,50,mg,220,g,4,g,91,g,4,g,0,g,0,g,1,g,,,,
244,ledo pizza,ledo jumbo wings buffalo,16,g,50,mg,290,g,3,g,15,g,4,g,0,g,0,g,1,g,,,,
245,ledo pizza,ledo jumbo wings plain,14,g,85,mg,370,g,1,g,15,g,4,g,0,g,0,g,0,g,,,,
246,ledo pizza,ledo lasagna,62,g,230,mg,2510,g,79,g,72,g,36,g,0,g,4,g,15,g,,,,
247,ledo pizza,ledo steak and cheese sub,43,g,145,mg,1600,g,69,g,55,g,16,g,1,g,3,g,8,g,,,,
248,ledo pizza,ledo stromboli,149,g,365,mg,5980,g,56,g,96,g,64,g,0,g,4,g,8,g,,,,
249,ledo pizza,meatball and cheese sub,50,g,120,mg,2410,g,83,g,48,g,22,g,1,g,4,g,14,g,,,,
250,ledo pizza,meatlovers calzone,81,g,125,mg,2160,g,92,g,50,g,26,g,0,g,5,g,11,g,,,,
251,ledo pizza,meatlovers pizza 14 inch,12,g,20,mg,290,g,8,g,7,g,5,g,0,g,0,g,1,g,,,,
252,ledo pizza,meatlovers pizza 18 inch,13,g,20,mg,320,g,9,g,8,g,5,g,0,g,0,g,1,g,,,,
253,ledo pizza,meatlovers pizza 8 inch,13,g,20,mg,300,g,9,g,7,g,5,g,0,g,0,g,1,g,,,,
254,ledo pizza,spaghetti,13,g,10,mg,1470,g,130,g,28,g,3,g,0,g,11,g,25,g,,,,
255,ledo pizza,spaghetti with green peppers,13,g,10,mg,1470,g,134,g,29,g,3,g,0,g,12,g,25,g,,,,
256,ledo pizza,spaghetti with meatball,31,g,55,mg,2050,g,136,g,40,g,10,g,0,g,11,g,27,g,,,,
257,ledo pizza,spaghetti with mushrooms,13,g,10,mg,1840,g,133,g,30,g,3,g,0,g,12,g,26,g,,,,
258,ledo pizza,spaghetti with sausage,28,g,65,mg,2090,g,130,g,42,g,9,g,0,g,11,g,25,g,,,,
259,ledo pizza,spaghetti with the works,44,g,100,mg,2950,g,143,g,55,g,15,g,0,g,14,g,27,g,,,,
260,ledo pizza,spring chicken pizza 14 inch,12,g,20,mg,160,g,7,g,5,g,4,g,0,g,0,g,0,g,,,,
261,ledo pizza,spring chicken pizza 18 inch,14,g,20,mg,190,g,7,g,6,g,4,g,0,g,0,g,0,g,,,,
262,ledo pizza,spring chicken pizza 8 inch,12,g,20,mg,160,g,8,g,5,g,3,g,0,g,0,g,0,g,,,,
263,ledo pizza,sweet baby q chicken pizza 14 inch,9,g,20,mg,240,g,9,g,7,g,4,g,0,g,0,g,3,g,,,,
264,ledo pizza,sweet baby q chicken pizza 18 inch,10,g,20,mg,250,g,10,g,8,g,4,g,0,g,0,g,3,g,,,,
265,ledo pizza,sweet baby q chicken pizza 8 inch,9,g,20,mg,250,g,10,g,8,g,4,g,0,g,0,g,3,g,,,,
266,ledo pizza,veggie calzone,63,g,60,mg,1600,g,97,g,38,g,20,g,0,g,6,g,14,g,,,,
267,leeann chin,appetizer sauce,0,g,0,mg,20,g,20,g,0,g,0,g,0,g,0,g,18,g,,,,
268,leeann chin,asian noodles,3,g,0,mg,590,g,26,g,5,g,1,g,0,g,6,g,5,g,,,,
269,leeann chin,asian salad dressing,6,g,0,mg,200,g,14,g,0,g,1,g,0,g,0,g,13,g,,,,
270,leeann chin,beef and broccoli,19,g,0,mg,1200,g,24,g,15,g,6,g,0,g,2,g,13,g,,,,
271,leeann chin,bourbon chicken,12,g,0,mg,990,g,28,g,34,g,3,g,0,g,1,g,26,g,,,,
272,leeann chin,bulk salad,5,g,0,mg,55,g,14,g,3,g,1,g,0,g,4,g,2,g,,,,
273,leeann chin,chocolate dipped fortune cookie,4,g,0,mg,25,g,15,g,2,g,4,g,0,g,1,g,11,g,,,,
274,leeann chin,cracked pepper chicken,7,g,0,mg,300,g,4,g,5,g,1,g,0,g,1,g,2,g,,,,
275,leeann chin,cream cheese puffs,8,g,0,mg,240,g,10,g,3,g,4,g,0,g,0,g,1,g,,,,
276,leeann chin,egg rolls,9,g,0,mg,600,g,23,g,9,g,1,g,0,g,2,g,3,g,,,,
277,leeann chin,firecracker tofu,8,g,0,mg,620,g,21,g,11,g,1,g,0,g,0,g,9,g,,,,
278,leeann chin,fortune cookie,0,g,0,mg,5,g,5,g,0,g,0,g,0,g,0,g,2,g,,,,
279,leeann chin,garlic chili sauce,0,g,0,mg,910,g,9,g,1,g,0,g,0,g,0,g,8,g,,,,
280,leeann chin,garlic soy green beans,12,g,0,mg,1310,g,23,g,5,g,1,g,0,g,12,g,8,g,,,,
281,leeann chin,gochujang korean beef,25,g,0,mg,680,g,18,g,16,g,6,g,0,g,2,g,10,g,,,,
282,leeann chin,good fortune bar,17,g,0,mg,160,g,48,g,3,g,12,g,0,g,3,g,40,g,,,,
283,leeann chin,honey ginger dressing,12,g,0,mg,170,g,7,g,1,g,1,g,0,g,1,g,7,g,,,,
284,leeann chin,honey shrimp,31,g,0,mg,1450,g,37,g,18,g,5,g,0,g,0,g,21,g,,,,
285,leeann chin,hot mustard sauce,7,g,0,mg,90,g,4,g,5,g,0,g,0,g,0,g,1,g,,,,
286,leeann chin,house special chicken,24,g,0,mg,2460,g,59,g,36,g,4.5,g,0,g,2,g,46,g,,,,
287,leeann chin,jasmine blackberry ice tea,0,g,0,mg,0,g,0,g,0,g,0,g,0,g,0,g,0,g,,,,
288,leeann chin,lemon chicken,11,g,0,mg,270,g,22,g,17,g,3,g,0,g,0,g,9,g,,,,
289,leeann chin,lemon yogurt,0.5,g,0,mg,110,g,60,g,9,g,0,g,0,g,0,g,54,g,,,,
290,leeann chin,mixed vegetables,4,g,0,mg,470,g,6,g,1,g,1,g,0,g,1,g,1,g,,,,
291,leeann chin,mongolian chicken,21,g,0,mg,870,g,39,g,20,g,4,g,0,g,1,g,26,g,,,,
292,leeann chin,orange chicken,32,g,0,mg,660,g,52,g,18,g,7,g,0,g,3,g,15,g,,,,
293,leeann chin,oyster wings,9,g,0,mg,410,g,6,g,8,g,2,g,0,g,0,g,1,g,,,,
294,leeann chin,peking chicken,28,g,0,mg,970,g,31,g,26,g,6,g,0,g,0,g,16,g,,,,
295,leeann chin,pot stickers,1,g,0,mg,65,g,6,g,2,g,1,g,0,g,1,g,0,g,,,,
296,leeann chin,raspberry yogurt,0.5,g,0,mg,110,g,60,g,9,g,0,g,0,g,0,g,54,g,,,,
297,leeann chin,sesame chicken,40,g,0,mg,540,g,49,g,29,g,9,g,0,g,1,g,19,g,,,,
298,leeann chin,shrimp and vegetable,5,g,0,mg,890,g,15,g,6,g,4,g,0,g,6,g,7,g,,,,
299,leeann chin,soy sauce packet,0,g,0,mg,150,g,0,g,0,g,0,g,0,g,0,g,0,g,,,,
300,leeann chin,steamed brown rice,1,g,0,mg,10,g,27,g,4,g,0,g,0,g,3,g,0,g,,,,
301,leeann chin,steamed white rice,0,g,0,mg,0,g,32,g,3,g,0,g,0,g,1,g,0,g,,,,
302,leeann chin,strawberry lemonade,0,g,0,mg,0,g,65,g,0,g,0,g,0,g,0,g,62,g,,,,
303,leeann chin,sweet and sour chicken,11,g,0,mg,290,g,30,g,17,g,3,g,0,g,1,g,16,g,,,,
304,leeann chin,thai coconut curry chicken,12,g,0,mg,500,g,10,g,20,g,6,g,0,g,7,g,8,g,,,,
305,leeann chin,thai peanut dressing,5,g,0,mg,260,g,6,g,2,g,1,g,0,g,1,g,6,g,,,,
306,leeann chin,thai sweet chili chicken,6,g,0,mg,1010,g,22,g,13,g,1,g,0,g,5,g,17,g,,,,
307,leeann chin,traditional ice tea,0,g,0,mg,0,g,1,g,0,g,0,g,0,g,0,g,0,g,,,,
308,leeann chin,vanilla red ice tea,0,g,0,mg,0,g,28,g,0,g,0,g,0,g,0,g,28,g,,,,
309,leeann chin,vegetable fried rice,5,g,0,mg,1460,g,27,g,4,g,1.5,g,0,g,1,g,5,g,,,,
310,lennys grill and subs,chocolate chip cookie,16,g,20,mg,390,g,52,g,5,g,5,g,0,g,2,g,31,g,7,g,1.5,g
311,lennys grill and subs,white chocolate macadamia cookie,22,g,20,mg,330,g,49,g,4,g,10,g,0,g,0,g,33,g,7,g,1.5,g
312,lennys grill and subs,oatmeal raisin cookie,14,g,10,mg,300,g,54,g,5,g,6,g,0,g,3,g,30,g,5,g,1.5,g
313,lennys grill and subs,sweet tea,0,g,0,mg,11,g,25.7,g,0,g,0,g,0,g,0,g,24,g,,,,
314,lennys grill and subs,add on olive oil for 7 5 sandwich,12,g,0,mg,0,g,0,g,0,g,1.5,g,0,g,0,g,0,g,9,g,1.5,g
315,lennys grill and subs,add on olive oil for salads,14,g,0,mg,0,g,0,g,0,g,2,g,0,g,0,g,0,g,10,g,1.5,g
316,lennys grill and subs,add on black pepper for salad,0,g,0,mg,0,g,0,g,0,g,0,g,0,g,0,g,0,g,,,,
317,lennys grill and subs,add on mayonnaise for 7 5 sandwiches,3.5,g,5,mg,120,g,1,g,0,g,0,g,0,g,0,g,0,g,1,g,2,g
318,lennys grill and subs,add on salt for salads,0,g,0,mg,230,g,0,g,0,g,0,g,0,g,0,g,0,g,,,,
319,lennys grill and subs,add on salt for 5 sandwich,0,g,0,mg,260,g,0,g,0,g,0,g,0,g,0,g,0,g,,,,
320,lennys grill and subs,kids turkey and cheese wheat bread sandwich,2.5,g,30,mg,800,g,26,g,16,g,1.5,g,0,g,1,g,2,g,0.5,g,0.5,g
321,lennys grill and subs,kids ham and cheese wheat bread sandwich,9,g,35,mg,1100,g,23,g,14,g,4,g,0,g,1,g,0,g,0.5,g,0.5,g
322,lennys grill and subs,kids turkey and cheese multigrain bread sandwich,2.5,g,30,mg,730,g,29,g,17,g,1.5,g,0,g,2,g,5,g,,,,
323,lennys grill and subs,kids ham and cheese white bread sandwich,9,g,35,mg,1100,g,23,g,14,g,4,g,0,g,0,g,0,g,0.5,g,0.5,g
324,lennys grill and subs,kids turkey and cheese white bread sandwich,2.5,g,30,mg,800,g,26,g,16,g,1.5,g,0,g,0,g,2,g,0.5,g,0.5,g
325,lennys grill and subs,kids hot dog on white bread,33,g,60,mg,1310,g,28,g,17,g,14,g,0,g,0,g,4,g,,,0.5,g
326,lennys grill and subs,kids hot dog on wheat bread,33,g,60,mg,1310,g,28,g,17,g,14,g,0,g,1,g,4,g,,,0.5,g
327,lennys grill and subs,kids ham and cheese multigrain bread sandwich,9,g,35,mg,1030,g,26,g,15,g,4,g,0,g,2,g,4,g,,,,
328,lennys grill and subs,kids meatball white bread sandwich,19,g,45,mg,1110,g,32,g,18,g,8,g,0,g,2,g,5,g,,,0.5,g
329,lennys grill and subs,kids meatball wheat bread sandwich,19,g,45,mg,1110,g,32,g,18,g,8,g,0,g,3,g,5,g,,,0.5,g
330,lennys grill and subs,kids hot dog on multigrain bread,33,g,60,mg,1240,g,31,g,18,g,14,g,0,g,2,g,7,g,,,,
331,lennys grill and subs,kids meatball multigrain bread sandwich,19,g,45,mg,1040,g,35,g,19,g,8,g,0,g,3,g,8,g,,,,
332,lennys grill and subs,cheetos crunchy cheese flavored snacks,8,g,5,mg,360,g,29,g,3,g,1.5,g,0,g,1,g,2,g,,,,
333,lennys grill and subs,lays baked bbq flavored potato crisps,3.5,g,0,mg,220,g,24,g,2,g,0,g,0,g,2,g,3,g,,,,
334,lennys grill and subs,potato chips average all flavors,13,g,0,mg,280,g,23,g,3,g,1,g,0,g,2,g,1,g,,,,
335,lennys grill and subs,potato chips thins average all flavors,3,g,0,mg,235,g,24,g,1.5,g,0,g,0,g,2,g,1.5,g,,,,
336,lennys grill and subs,original and salt and vinegar kettle chips average,10.5,g,0,mg,200,g,23,g,2,g,1,g,0,g,2,g,0,g,,,,
337,lennys grill and subs,doritos tortilla chips average,8,g,0,mg,195,g,17,g,2,g,1,g,0,g,1.5,g,0.5,g,,,,
338,lennys grill and subs,add on provolone cheese for salads,5,g,15,mg,160,g,0,g,5,g,3,g,0,g,0,g,0,g,1.5,g,,
339,lennys grill and subs,add on banana peppers for salads,0,g,0,mg,300,g,1,g,0,g,0,g,0,g,0,g,0,g,,,,
340,lennys grill and subs,add on crackers,4,g,0,mg,0,g,4,g,2,g,0,g,0,g,0,g,2,g,,,,
341,lennys grill and subs,add on oregano for salads,0,g,0,mg,0,g,0,g,0,g,0,g,0,g,0,g,0,g,,,,
342,lennys grill and subs,add on olives for salads,2,g,0,mg,90,g,0,g,0,g,0,g,0,g,0,g,0,g,,,,
343,lennys grill and subs,add on swiss american cheese for salads,12,g,40,mg,680,g,1,g,9,g,8,g,0,g,0,g,0,g,,,,
344,lennys grill and subs,add on hot pepper relish for salads,0,g,0,mg,830,g,0,g,0,g,0,g,0,g,0,g,0,g,,,,
345,lennys grill and subs,ranch dressing,24,g,10,mg,370,g,2,g,1,g,4,g,0,g,0,g,0,g,,,,
346,lennys grill and subs,italian dressing,24,g,0,mg,450,g,1,g,0,g,4,g,0,g,0,g,0,g,,,,
347,lennys grill and subs,lite ranch dressing,4,g,0,mg,310,g,8,g,1,g,0,g,0,g,0,g,3,g,,,,
348,lennys grill and subs,blue cheese dressing,21,g,25,mg,430,g,2,g,2,g,4,g,0,g,0,g,2,g,,,,
349,lennys grill and subs,honey mustard,16,g,15,mg,260,g,8,g,0,g,3,g,0,g,0,g,7,g,,,,
350,lennys grill and subs,1000 island dressing,21,g,20,mg,350,g,6,g,0,g,3,g,0,g,0,g,6,g,,,,
351,lennys grill and subs,chicken philly salad,15,g,145,mg,1730,g,15,g,45,g,9,g,0,g,4,g,7,g,,,,
352,lennys grill and subs,farmstead salad without dressing,26,g,245,mg,1310,g,10,g,41,g,12,g,0,g,3,g,5,g,3.5,g,0.5,g
353,lennys grill and subs,chef salad without dressing,18,g,190,mg,1570,g,12,g,30,g,9,g,0,g,3,g,6,g,3.5,g,0.5,g
354,lennys grill and subs,chicken salad salad,10,g,65,mg,740,g,11,g,16,g,2,g,0,g,3,g,5,g,2,g,4,g
355,lennys grill and subs,fuji apple pecan salad without dressing,23,g,125,mg,1180,g,37,g,33,g,8,g,0,g,7,g,27,g,7,g,3,g
356,lennys grill and subs,garden salad without dressing,10,g,30,mg,190,g,8,g,9,g,6,g,0,g,3,g,4,g,2.5,g,,
357,lennys grill and subs,greek salad without dressing,15,g,125,mg,1580,g,11,g,31,g,7,g,0,g,3,g,6,g,3.5,g,,
358,lennys grill and subs,tuna salad salad,11,g,60,mg,750,g,11,g,19,g,2.5,g,0,g,3,g,5,g,2,g,4,g
359,lennys grill and subs,steak philly salad,21,g,110,mg,1490,g,15,g,40,g,11,g,0.5,g,4,g,7,g,,,,
360,lennys grill and subs,add on tomato for 7 5 sandwiches,0,g,0,mg,0,g,2,g,1,g,0,g,0,g,0,g,2,g,,,,
361,lennys grill and subs,add on extra meat for 5 classic deli sandwich,5,g,20,mg,590,g,0,g,6,g,2,g,0,g,0,g,0,g,,,,
362,lennys grill and subs,add on extra meat for 7 5 mile hight turkey deli sandwich,0,g,30,mg,590,g,3,g,11,g,0,g,0,g,0,g,1,g,,,,
363,lennys grill and subs,add on ketchup for 5 and 7 5 sandwiches,0,g,0,mg,270,g,8,g,0,g,0,g,0,g,0,g,7,g,,,,
364,lennys grill and subs,add on hot pepper relish for 5 and 7 5 sandwiches average,0,g,0,mg,520,g,0,g,0,g,0,g,0,g,0,g,0,g,,,,
365,lennys grill and subs,add on provolone cheese for 5 sandwich,5,g,15,mg,160,g,0,g,5,g,3,g,0,g,0,g,0,g,1.5,g,,
366,lennys grill and subs,add on extra meat for 7 5 tuna salad deli sandwich,9,g,50,mg,610,g,3,g,14,g,2,g,0,g,0,g,0,g,1.5,g,3.5,g
367,lennys grill and subs,add on au jus for 5 and 7 5 sandwiches,0,g,0,mg,640,g,1,g,1,g,0,g,0,g,0,g,0,g,,,,
368,lennys grill and subs,add on tomato for 5 sandwiches,0,g,0,mg,95,g,2,g,0,g,0,g,0,g,0,g,1,g,,,,
369,lennys grill and subs,add on oregano for all sandwiches,0,g,0,mg,0,g,0,g,0,g,0,g,0,g,0,g,0,g,,,,
370,lennys grill and subs,add on bacon for 5 and 7 5 sandwiches,9,g,15,mg,340,g,0,g,5,g,3.5,g,0,g,0,g,0,g,,,,
371,lennys grill and subs,add on red wine vinegar for all sandwiches,0,g,0,mg,0,g,0,g,0,g,0,g,0,g,0,g,0,g,,,,
372,lennys grill and subs,add on swiss cheese for 7 5 sandwiches,11,g,35,mg,75,g,1,g,10,g,7,g,0,g,0,g,0,g,3.5,g,,
373,lennys grill and subs,add on sweet pickle relish for 5 sandwich,0,g,0,mg,280,g,6,g,0,g,0,g,0,g,0,g,6,g,,,,
374,lennys grill and subs,add on extra meat for 5 philly cheesesteak grilled sandwich,3,g,25,mg,160,g,0,g,9,g,1,g,0,g,0,g,0,g,,,,
375,lennys grill and subs,add on parmesan cheese for 5 sandwich,0.5,g,0,mg,35,g,0,g,1,g,0,g,0,g,0,g,0,g,,,,
376,lennys grill and subs,add on extra meat for 5 tuna salad deli sandwich,4.5,g,25,mg,310,g,1,g,7,g,1,g,0,g,0,g,0,g,1,g,1.5,g
377,lennys grill and subs,add on swiss american cheese for 7 5 sandwiches,12,g,40,mg,680,g,1,g,9,g,8,g,0,g,0,g,0,g,,,,
378,lennys grill and subs,add on extra meat for 5 buffalo chicken philly grilled sandwich,1,g,35,mg,240,g,0,g,11,g,0,g,0,g,0,g,0,g,,,,
379,lennys grill and subs,add on extra meat for 7 5 meatball grilled sandwich,17,g,35,mg,770,g,10,g,12,g,6,g,0,g,2,g,5,g,,,,
380,lennys grill and subs,add on pickles for 5 sandwich,0,g,0,mg,220,g,0,g,0,g,0,g,0,g,0,g,0,g,,,,
381,lennys grill and subs,add on extra meat for 7 5 american club deli sandwich,3.5,g,25,mg,670,g,1,g,9,g,1.5,g,0,g,0,g,0,g,,,,
382,lennys grill and subs,add on parmesan cheese for 7 5 sandwiches,0.5,g,0,mg,35,g,0,g,1,g,0,g,0,g,0,g,0,g,,,,
383,lennys grill and subs,add on extra meat for 5 hot italian grilled sandwich,7,g,30,mg,610,g,0,g,7,g,2,g,0,g,0,g,0,g,,,,
384,lennys grill and subs,add on extra meat for 5 chicken salad deli sandwich,5,g,30,mg,360,g,2,g,7,g,1,g,0,g,0,g,0,g,1,g,2,g
385,lennys grill and subs,add on lettuce for all sandwiches average,0,g,0,mg,5,g,2,g,0,g,0,g,0,g,0,g,1,g,,,,
386,lennys grill and subs,add on extra meat for 5 chicken parm philly grilled sandwich,1,g,35,mg,240,g,0,g,11,g,0,g,0,g,0,g,0,g,,,,
387,lennys grill and subs,add on olives for 7 5 sandwich,2,g,0,mg,90,g,0,g,0,g,0,g,0,g,0,g,0,g,,,,
388,lennys grill and subs,add on extra meat for 5 chicken philly grilled sandwich,1,g,35,mg,240,g,0,g,11,g,0,g,0,g,0,g,0,g,,,,
389,lennys grill and subs,add on extra meat for 5 chicken teriyaki philly grilled sandwich,1,g,35,mg,240,g,0,g,11,g,0,g,0,g,0,g,0,g,,,,
390,lennys grill and subs,add on extra meat for 5 roast beef deli sandwich,1,g,5,mg,330,g,1,g,8,g,0,g,0,g,0,g,0,g,,,,
391,lennys grill and subs,add on grilled onions for 5 and 7 5 sandwiches average,0,g,0,mg,0,g,4,g,1,g,0,g,0,g,0,g,2,g,,,,
392,lennys grill and subs,add on extra meat for 5 the italian deli sandwich,7,g,30,mg,610,g,0,g,7,g,2,g,0,g,0,g,0,g,,,,
393,lennys grill and subs,add on extra meat for 7 5 chicken salad deli sandwich,10,g,65,mg,720,g,3,g,14,g,2,g,0,g,0,g,0,g,2,g,4,g
394,lennys grill and subs,add on extra meat for 5 a 1 grilled sandwich,3,g,25,mg,160,g,0,g,9,g,1,g,0,g,0,g,0,g,,,,
395,lennys grill and subs,add on extra meat for 5 deluxe club deli sandwich,0,g,10,mg,290,g,1,g,6,g,0,g,0,g,0,g,0,g,,,,
396,lennys grill and subs,add on olives for 5 sandwich,1,g,0,mg,45,g,0,g,0,g,0,g,0,g,0,g,0,g,,,,
397,lennys grill and subs,add on black pepper for all sandwiches,0,g,0,mg,0,g,0,g,0,g,0,g,0,g,0,g,0,g,,,,
398,lennys grill and subs,add on red or green peppers for 5 and 7 5 sandwichs,0,g,0,mg,0,g,0,g,0,g,0,g,0,g,0,g,0,g,,,,
399,lennys grill and subs,add on provolone cheese for 7 5 sandwich,8,g,20,mg,250,g,1,g,7,g,4.5,g,0,g,0,g,0,g,2,g,,
400,lennys grill and subs,add on swiss cheese for 5 sandwiches,8,g,25,mg,50,g,1,g,7,g,5,g,0,g,0,g,0,g,2,g,,
401,lennys grill and subs,add on extra meat for 5 a 1 philly and philly cheesesteak grilled sandwiches,4.5,g,35,mg,240,g,0,g,14,g,2,g,0,g,0,g,0,g,,,,
402,lennys grill and subs,add on extra meat for 7 5 the italian deli sandwich,10,g,45,mg,950,g,0,g,11,g,3,g,0,g,0,g,0,g,,,,
403,lennys grill and subs,add on sweet pickle relish for 7 5 sandwiches,0,g,0,mg,280,g,6,g,0,g,0,g,0,g,0,g,6,g,,,,
404,lennys grill and subs,add on onion for all sandwiches,0,g,0,mg,30,g,1,g,0,g,0,g,0,g,0,g,0,g,,,,
405,lennys grill and subs,add on black pepper for all sandwiches,0,g,0,mg,0,g,0,g,0,g,0,g,0,g,0,g,0,g,,,,
406,lennys grill and subs,add on extra meat for chicken philly buffalo chicken philly chicken teriyaki philly chicken parm philly grilled sandwiches,1.5,g,55,mg,360,g,0,g,16,g,0.5,g,0,g,0,g,0,g,,,,
407,lennys grill and subs,add on pickles for 7 5 sandwich,0,g,0,mg,370,g,0,g,0,g,0,g,0,g,0,g,0,g,,,,
408,lennys grill and subs,add on extra meat for 5 french dip grilled sandwich,1,g,5,mg,330,g,1,g,8,g,0,g,0,g,0,g,0,g,,,,
409,lennys grill and subs,add on extra meat for 5 american club deli sandwich,2,g,15,mg,400,g,1,g,5,g,1,g,0,g,0,g,0,g,,,,
410,lennys grill and subs,add on extra meat for 7 5 french dip grilled sandwich,1.5,g,10,mg,510,g,2,g,12,g,0.5,g,0,g,0,g,1,g,,,,
411,lennys grill and subs,add on olive oil for 5 sandwich,9,g,0,mg,0,g,0,g,0,g,1.5,g,0,g,0,g,0,g,7,g,1,g
412,lennys grill and subs,add on swiss american cheese for 5 sandwiches,8,g,25,mg,450,g,1,g,6,g,5,g,0,g,0,g,0,g,,,,
413,lennys grill and subs,add on extra meat for 7 5 deluxe club deli sandwich,0.5,g,15,mg,490,g,2,g,10,g,0,g,0,g,0,g,0,g,,,,
414,lennys grill and subs,add on extra meat for 7 5 roast beef deli sandwich,1.5,g,10,mg,510,g,2,g,12,g,0.5,g,0,g,0,g,1,g,,,,
415,lennys grill and subs,add on extra meat for 7 5 classic deli sandwich,7,g,35,mg,890,g,0,g,9,g,3,g,0,g,0,g,0,g,,,,
416,lennys grill and subs,add on extra meat for 7 5 hot italian grilled sandwich,10,g,45,mg,950,g,0,g,11,g,3,g,0,g,0,g,0,g,,,,
417,lennys grill and subs,add on extra meat for 5 mile high turkey deli sandwich,0,g,20,mg,380,g,2,g,7,g,0,g,0,g,0,g,0,g,,,,
418,lennys grill and subs,add on banana peppers for 5 and 7 5 sandwiches,0,g,0,mg,190,g,0,g,0,g,0,g,0,g,0,g,0,g,,,,
419,lennys grill and subs,add on mayonnaise for 5 sandwiches,2,g,3,mg,80,g,1,g,0,g,0,g,0,g,0,g,0,g,,,,
420,lennys grill and subs,add on yellow mustard for 5 and 7 5 sandwiches,1,g,0,mg,320,g,2,g,1,g,0,g,0,g,0,g,0,g,0.5,g,,
421,lennys grill and subs,philly cheesesteak 5 grilled wheat bread sandwich,15,g,75,mg,1110,g,36,g,32,g,8,g,0,g,3,g,3,g,,,1,g
422,lennys grill and subs,mile high turkey 5 wheat bread deli sandwich,7,g,50,mg,1260,g,36,g,25,g,4,g,0,g,2,g,2,g,2,g,1,g
423,lennys grill and subs,american club 7 5 grilled white bread deli sandwich,26,g,95,mg,2420,g,50,g,39,g,12,g,0,g,2,g,2,g,2.5,g,1,g
424,lennys grill and subs,mile high turkey 7 5 wheat bread deli sandwich,10,g,80,mg,1930,g,54,g,39,g,6,g,0,g,3,g,4,g,2.5,g,1.5,g
425,lennys grill and subs,deluxe club 5 wheat bread deli sandwich,16,g,55,mg,1410,g,35,g,28,g,8,g,0,g,2,g,2,g,2,g,1,g
426,lennys grill and subs,hot dog 7 5 grilled multigrain bread sandwich,67,g,115,mg,2480,g,62,g,36,g,27,g,0,g,5,g,14,g,,,,
427,lennys grill and subs,mile high turkey 5 multigrain bread deli sandwich,7,g,50,mg,1160,g,40,g,27,g,4,g,0,g,3,g,7,g,1.5,g,,
428,lennys grill and subs,garden veggie 5 multigrain bread deli sandwich,14,g,40,mg,450,g,41,g,20,g,9,g,0,g,4,g,8,g,3.5,g,,
429,lennys grill and subs,veggie philly 7 5 grilled wheat bread sandwich,15,g,40,mg,1180,g,63,g,22,g,9,g,0,g,7,g,10,g,0.5,g,1.5,g
430,lennys grill and subs,chicken philly 7 5 grilled multigrain bread sandwich,18,g,145,mg,1750,g,60,g,55,g,10,g,0,g,5,g,12,g,,,,
431,lennys grill and subs,buffalo chicken philly 5 grilled wheat bread sandwich,12,g,100,mg,2140,g,36,g,35,g,7,g,0,g,3,g,3,g,,,1,g
432,lennys grill and subs,chicken salad 5 wheat bread deli sandwich,11,g,65,mg,1040,g,34,g,21,g,3,g,0,g,2,g,2,g,2.5,g,5,g
433,lennys grill and subs,american club 5 white bread deli ssndwich,20,g,65,mg,1640,g,34,g,27,g,9,g,0,g,1,g,2,g,2,g,1,g
434,lennys grill and subs,garden veggie 5 wheat bread deli sandwich,14,g,40,mg,550,g,37,g,19,g,9,g,0,g,3,g,4,g,4,g,1.5,g
435,lennys grill and subs,philly cheesesteak 7 5 grilled wheat bread sandwich,23,g,110,mg,1660,g,54,g,48,g,13,g,0.5,g,4,g,5,g,0.5,g,1.5,g
436,lennys grill and subs,tuna salad 7 5 wheat bread deli sandwich,21,g,100,mg,1710,g,52,g,38,g,5,g,0,g,3,g,3,g,4,g,8,g
437,lennys grill and subs,chicken parm philly 7 5 grilled wheat bread sandwich,21,g,150,mg,2280,g,63,g,55,g,11,g,0,g,5,g,11,g,1,g,1.5,g
438,lennys grill and subs,the italian 7 5 wheat bread deli sandwich,31,g,110,mg,2640,g,47,g,39,g,12,g,0,g,3,g,2,g,2.5,g,1.5,g
439,lennys grill and subs,deluxe club 7 5 white bread deli sandwich,20,g,75,mg,2050,g,52,g,42,g,10,g,0,g,2,g,3,g,2.5,g,1,g
440,lennys grill and subs,classic 5 wheat bread deli sandwich,16,g,60,mg,1660,g,32,g,23,g,7,g,0,g,2,g,1,g,2,g,1,g
441,lennys grill and subs,italian sausage 7 5 grilled wheat bread sandwich,37,g,100,mg,1840,g,57,g,39,g,12,g,0,g,6,g,6,g,4.5,g,3.5,g
442,lennys grill and subs,garden veggie 7 5 multigrain bread deli sandwich,22,g,60,mg,680,g,61,g,30,g,13,g,0.5,g,7,g,13,g,6,g,0.5,g
443,lennys grill and subs,chicken salad 7 5 white bread deli sandwich,21,g,130,mg,1930,g,53,g,39,g,5,g,0,g,2,g,3,g,4.5,g,9,g
444,lennys grill and subs,chicken philly 7 5 grilled wheat bread sandwich,18,g,150,mg,1900,g,54,g,53,g,10,g,0,g,4,g,5,g,0.5,g,1.5,g
445,lennys grill and subs,tuna salad 7 5 white bread deli sandwich,21,g,100,mg,1710,g,52,g,38,g,5,g,0,g,2,g,3,g,4,g,8,g
446,lennys grill and subs,chicken salad 7 5 multigrain deli sandwich,22,g,125,mg,1780,g,59,g,40,g,5,g,0,g,5,g,10,g,4,g,8,g
447,lennys grill and subs,mile high turkey 5 white bread deli sandwich,6,g,50,mg,1260,g,36,g,26,g,4,g,0,g,1,g,2,g,2,g,1,g
448,lennys grill and subs,meatball 5 grilled multigrain bread sandwich,30,g,70,mg,1640,g,48,g,29,g,13,g,0,g,5,g,12,g,,,,
449,lennys grill and subs,garden veggie 5 white bread deli sandwich,14,g,40,mg,550,g,37,g,19,g,9,g,0,g,3,g,4,g,4,g,1,g
450,lennys grill and subs,chicken philly 5 grilled white bread sandwich,12,g,100,mg,1270,g,36,g,35,g,7,g,0,g,2,g,3,g,,,0.5,g
451,lennys grill and subs,classic 5 multigrain bread deli sandwich,16,g,60,mg,1560,g,36,g,24,g,7,g,0,g,3,g,6,g,,,,
452,lennys grill and subs,the italian 7 5 white bread deli sandwich,30,g,110,mg,2640,g,47,g,40,g,12,g,0,g,2,g,2,g,2.5,g,1,g
453,lennys grill and subs,chicken teriyaki philly 7 5 grilled white bread sandwich,17,g,150,mg,2710,g,78,g,54,g,10,g,0,g,3,g,26,g,0.5,g,1,g
454,lennys grill and subs,mile high turkey 7 5 white bread deli sandwich,10,g,80,mg,1930,g,54,g,39,g,6,g,0,g,2,g,4,g,2.5,g,1,g
455,lennys grill and subs,the italian 5 white bread deli sandwich,20,g,75,mg,1720,g,32,g,26,g,8,g,0,g,1,g,1,g,2,g,1,g
456,lennys grill and subs,meatball 7 5 grilled white bread sandwich,48,g,115,mg,2750,g,68,g,44,g,21,g,0,g,5,g,12,g,1,g,1,g
457,lennys grill and subs,buffalo chicken philly 5 grilled white bread sandwich,12,g,100,mg,2140,g,36,g,35,g,7,g,0,g,2,g,3,g,,,0.5,g
458,lennys grill and subs,meatball 7 5 grilled multigrain bread sandwich,49,g,115,mg,2610,g,74,g,46,g,21,g,0,g,8,g,19,g,,,,
459,lennys grill and subs,hot italian 7 5 grilled multigrain bread sandiwich,32,g,105,mg,2500,g,55,g,41,g,12,g,0,g,5,g,10,g,2.5,g,0.5,g
460,lennys grill and subs,chicken philly 7 5 grilled white bread sandwich,17,g,150,mg,1900,g,54,g,53,g,10,g,0,g,3,g,5,g,0.5,g,1,g
461,lennys grill and subs,tuna salad 5 wheat bread deli sandwich,11,g,50,mg,940,g,34,g,21,g,3,g,0,g,2,g,2,g,2,g,4,g
462,lennys grill and subs,meatball 5 grilled wheat bread sandwich,30,g,75,mg,1740,g,44,g,28,g,13,g,0,g,4,g,7,g,0.5,g,1,g
463,lennys grill and subs,roast beef 5 multigrain bread deli sandwich,9,g,30,mg,1050,g,38,g,28,g,4.5,g,0,g,3,g,7,g,4,g,,
464,lennys grill and subs,american club 7 5 grilled multigrain bread deli sandwich,26,g,95,mg,2280,g,56,g,41,g,12,g,0,g,5,g,9,g,2,g,,
465,lennys grill and subs,chicken teriyaki philly 5 grilled white bread sandwich,12,g,100,mg,1800,g,52,g,36,g,7,g,0,g,2,g,17,g,,,0.5,g
466,lennys grill and subs,roast beef 7 5 wheat bread deli sandwich,13,g,45,mg,1750,g,51,g,41,g,7,g,0,g,3,g,4,g,2.5,g,1.5,g
467,lennys grill and subs,buffalo chicken philly 5 grilled multigrain bread sandwich,12,g,100,mg,2040,g,40,g,36,g,7,g,0,g,4,g,8,g,,,,
468,lennys grill and subs,buffalo chicken philly 7 5 grilled wheat bread sandwich,18,g,150,mg,3640,g,54,g,53,g,10,g,0,g,4,g,5,g,0.5,g,1.5,g
469,lennys grill and subs,roast beef 7 5 white bread deli sandwich,13,g,45,mg,1750,g,51,g,41,g,7,g,0,g,2,g,4,g,2.5,g,1,g
470,lennys grill and subs,the italian 5 wheat bread deli sandwich,20,g,75,mg,1720,g,32,g,26,g,8,g,0,g,2,g,1,g,2,g,1,g
471,lennys grill and subs,philly cheesesteak 7 5 grilled white bread sandwich,23,g,110,mg,1660,g,54,g,48,g,13,g,0.5,g,3,g,5,g,0.5,g,1,g
472,lennys grill and subs,hot dog 7 5 grilled wheat bread sandwich,66,g,120,mg,2630,g,56,g,34,g,27,g,0,g,3,g,7,g,,,1.5,g
473,lennys grill and subs,american club 7 5 grilled wheat bread deli sandwich,26,g,95,mg,2420,g,50,g,39,g,12,g,0,g,3,g,2,g,2.5,g,1.5,g
474,lennys grill and subs,chicken philly 5 grilled wheat bread sandwich,12,g,100,mg,1270,g,36,g,35,g,7,g,0,g,3,g,3,g,,,1,g
475,lennys grill and subs,veggie philly 7 5 grilled multigrain bread sandwich,15,g,40,mg,1030,g,69,g,24,g,9,g,0,g,9,g,17,g,,,,
476,lennys grill and subs,roast beef 5 wheat bread deli sandwich,9,g,30,mg,1140,g,34,g,27,g,4.5,g,0,g,2,g,2,g,2,g,1,g
477,lennys grill and subs,mile high turkey 7 5 multigrain bread deli sandwich,10,g,75,mg,1780,g,60,g,41,g,6,g,0,g,5,g,11,g,2,g,,
478,lennys grill and subs,chicken philly 5 grilled multigrain bread sandwich,12,g,100,mg,1170,g,40,g,36,g,7,g,0,g,4,g,8,g,,,,
479,lennys grill and subs,chicken parm philly 7 5 grilled white bread sandwich,21,g,150,mg,2280,g,63,g,55,g,11,g,0,g,4,g,11,g,1,g,1,g
480,lennys grill and subs,chicken salad 5 multigrain bread deli sandwich,11,g,65,mg,950,g,38,g,22,g,3,g,0,g,3,g,6,g,2,g,4,g
481,lennys grill and subs,american club 5 wheat bread deli sandwich,20,g,65,mg,1640,g,34,g,26,g,9,g,0,g,2,g,2,g,2,g,1,g
482,lennys grill and subs,tuna salad 5 multigrain bread deli sandwich,11,g,50,mg,840,g,38,g,22,g,3,g,0,g,3,g,7,g,1.5,g,3.5,g
483,lennys grill and subs,hot dog 7 5 grilled white bread sandwich,66,g,120,mg,2630,g,56,g,34,g,27,g,0,g,2,g,7,g,,,1,g
484,lennys grill and subs,veggie philly 7 5 grilled white bread sandwich,14,g,40,mg,1180,g,63,g,23,g,9,g,0,g,6,g,10,g,0.5,g,1,g
485,lennys grill and subs,bean burger 5 wheat bread sub,20,g,40,mg,1650,g,67,g,34,g,10,g,0,g,10,g,5,g,2,g,4.5,g
486,lennys grill and subs,bean burger 7 5 grilled multigrain bread sub,20,g,40,mg,1510,g,73,g,36,g,10,g,0,g,11,g,12,g,1.5,g,3.5,g
487,lennys grill and subs,chicken salad 7 5 wheat bread deli sandwich,21,g,130,mg,1930,g,53,g,38,g,5,g,0,g,3,g,3,g,4.5,g,9,g
488,lennys grill and subs,chicken parm philly 7 5 grilled multigrain bread sandwich,21,g,150,mg,2140,g,69,g,57,g,11,g,0,g,7,g,18,g,,,,
489,lennys grill and subs,a 1 philly 5 grilled multigrain sandwich,15,g,70,mg,1360,g,44,g,33,g,8,g,0,g,4,g,10,g,,,,
490,lennys grill and subs,classic 7 5 multigrain bread deli sandwich,25,g,90,mg,2380,g,53,g,37,g,11,g,0,g,5,g,9,g,2,g,,
491,lennys grill and subs,tuna salad 7 5 multigrain bread deli sandwich,21,g,100,mg,1570,g,58,g,40,g,5,g,0,g,5,g,10,g,3.5,g,7,g
492,lennys grill and subs,chicken teriyaki philly 7 5 grilled multigrain bread sandwich,18,g,145,mg,2560,g,84,g,56,g,10,g,0,g,5,g,33,g,,,,
493,lennys grill and subs,the italian 7 5 multigrain bread deli sandwich,31,g,105,mg,2500,g,53,g,41,g,12,g,0,g,5,g,9,g,2,g,,
494,lennys grill and subs,a 1 philly 7 5 grilled wheat bread sandwich,23,g,110,mg,2130,g,59,g,48,g,13,g,0.5,g,4,g,8,g,0.5,g,1.5,g
495,lennys grill and subs,chicken parm philly 5 grilled white bread sandwich,14,g,100,mg,1530,g,42,g,37,g,7,g,0,g,3,g,8,g,0.5,g,0.5,g
496,lennys grill and subs,the italian 5 multigrain bread deli sandwich,20,g,70,mg,1620,g,36,g,27,g,8,g,0,g,3,g,6,g,1.5,g,,
497,lennys grill and subs,deluxe club 7 5 multigrain bread deli sandwich,21,g,70,mg,1900,g,58,g,44,g,10,g,0,g,5,g,10,g,2,g,,
498,lennys grill and subs,tuna salad 5 white bread deli sandwich,11,g,50,mg,940,g,34,g,21,g,3,g,0,g,1,g,2,g,2,g,4,g
499,lennys grill and subs,chicken teriyaki philly 7 5 grilled wheat bread sandwich,18,g,150,mg,2710,g,78,g,54,g,10,g,0,g,4,g,26,g,0.5,g,1.5,g
500,lennys grill and subs,a 1 philly 5 wheat bread grilled sandwich,15,g,75,mg,1460,g,40,g,32,g,8,g,0,g,3,g,6,g,,,1,g
501,lennys grill and subs,garden veggie 7 5 white bread deli sandwich,21,g,60,mg,820,g,55,g,29,g,13,g,0.5,g,4,g,6,g,6,g,1.5,g
502,lennys grill and subs,classic 7 5 wheat bread deli sandwich,25,g,90,mg,2530,g,47,g,35,g,11,g,0,g,3,g,2,g,2.5,g,1.5,g
503,lennys grill and subs,chicken salad 5 white bread deli sandwich,11,g,65,mg,1040,g,34,g,21,g,3,g,0,g,2,g,2,g,2.5,g,4.5,g
504,lennys grill and subs,veggie philly 5 grilled wheat bread sandwich,10,g,25,mg,790,g,43,g,15,g,6,g,0,g,5,g,7,g,,,1,g
505,lennys grill and subs,a 1 philly 5 grilled white sandwich,15,g,75,mg,1460,g,40,g,32,g,8,g,0,g,2,g,6,g,,,0.5,g
506,lennys grill and subs,deluxe club 5 multigrain bread deli sandwich,17,g,50,mg,1310,g,39,g,29,g,8,g,0,g,3,g,7,g,1.5,g,,
507,lennys grill and subs,veggie philly 5 grilled white bread sandwich,10,g,25,mg,790,g,43,g,15,g,6,g,0,g,4,g,7,g,,,1,g
508,lennys grill and subs,chicken parm philly 5 grilled multigrain bread sandwich,14,g,100,mg,1430,g,46,g,38,g,7,g,0,g,4,g,12,g,,,,
509,lennys grill and subs,french dip 5 grilled white bread sandwioch,11,g,40,mg,2070,g,35,g,29,g,7,g,0,g,1,g,3,g,,,0.5,g
510,lennys grill and subs,veggie philly 5 grilled multigrain bread sandwich,10,g,25,mg,690,g,47,g,16,g,6,g,0,g,6,g,12,g,,,,
511,lennys grill and subs,meatball 5 grilled white bread sandwich,30,g,75,mg,1740,g,44,g,28,g,13,g,0,g,3,g,7,g,0.5,g,0.5,g
512,lennys grill and subs,american club 5 multigrain bread deli sandwich,20,g,65,mg,1540,g,38,g,28,g,9,g,0,g,3,g,6,g,1.5,g,,
513,lennys grill and subs,philly cheesesteak 7 5 grilled multigrain bread sandwich,23,g,110,mg,1510,g,60,g,50,g,13,g,0.5,g,5,g,12,g,,,,
514,lennys grill and subs,hot italian 5 grilled multigrain sandwich,21,g,70,mg,1620,g,37,g,28,g,8,g,0,g,3,g,6,g,1.5,g,,
515,lennys grill and subs,french dip 5 grilled wheat bread sandwich,12,g,40,mg,2070,g,35,g,29,g,7,g,0,g,2,g,3,g,,,1,g
516,lennys grill and subs,deluxe club 7 5 wheat bread deli sandwich,20,g,75,mg,2050,g,52,g,42,g,10,g,0,g,3,g,3,g,2.5,g,1.5,g
517,lennys grill and subs,hot italian 5 grilled wheat bread sandwich,21,g,75,mg,1720,g,33,g,26,g,8,g,0,g,2,g,2,g,2,g,1.5,g
518,lennys grill and subs,bean burger 7 5 grilled white bread sub,20,g,40,mg,1650,g,67,g,35,g,10,g,0,g,9,g,5,g,2,g,4.5,g
519,lennys grill and subs,buffalo chicken philly 7 5 grilled white bread sandwich,17,g,150,mg,3640,g,54,g,53,g,10,g,0,g,4,g,5,g,0.5,g,1,g
520,lennys grill and subs,philly cheesesteak 5 grilled white bread sandwich,15,g,75,mg,1110,g,36,g,32,g,8,g,0,g,2,g,3,g,,,0.5,g
521,lennys grill and subs,greek side salad without dressing,5,g,15,mg,420,g,7,g,4,g,3,g,0,g,2,g,4,g,2,g,,
522,lennys grill and subs,chicken salad spinach wrap,17,g,65,mg,1460,g,54,g,24,g,5,g,0,g,2,g,0,g,2,g,4,g
523,lennys grill and subs,chicken philly cheesesteak spinach wrap,17,g,100,mg,1680,g,56,g,38,g,9,g,0,g,3,g,2,g,,,,
524,lennys grill and subs,the italian spinach wrap,26,g,70,mg,2130,g,52,g,29,g,10,g,0,g,2,g,0,g,1.5,g,,
525,lennys grill and subs,philly cheesesteak spinach wrap,21,g,70,mg,1520,g,56,g,35,g,10,g,0,g,3,g,2,g,,,,
526,lennys grill and subs,mile high turkey spinach wrap,12,g,50,mg,1670,g,56,g,28,g,6,g,0,g,2,g,1,g,1.5,g,,
527,lennys grill and subs,garden veggie spinach wrap,19,g,35,mg,1300,g,57,g,20,g,10,g,0,g,3,g,3,g,1.5,g,,
528,lennys grill and subs,tuna salad spinach wrap,16,g,50,mg,1350,g,54,g,23,g,5,g,0,g,2,g,0,g,1.5,g,3.5,g
529,lennys grill and subs,deluxe club spinach wrap,22,g,50,mg,1820,g,55,g,31,g,10,g,0,g,2,g,1,g,1.5,g,,
530,lennys grill and subs,roast beef spinach wrap,14,g,30,mg,1560,g,54,g,29,g,7,g,0,g,2,g,1,g,1.5,g,,
531,lennys grill and subs,chicken teriyaki philly spinach wrap,17,g,100,mg,2220,g,72,g,39,g,9,g,0,g,3,g,16,g,,,,
532,lennys grill and subs,buffalo chicken philly spinach wrap,17,g,100,mg,2710,g,56,g,38,g,9,g,0,g,3,g,2,g,,,,
533,lennys grill and subs,classic spinach wrap,22,g,60,mg,2070,g,52,g,26,g,10,g,0,g,2,g,0,g,1.5,g,,
534,lennys grill and subs,veggie philly spinach wrap,15,g,25,mg,1200,g,63,g,18,g,8,g,0,g,5,g,6,g,,,,
535,lennys grill and subs,hot italian spinach wrap,26,g,70,mg,2130,g,53,g,29,g,10,g,0,g,2,g,0,g,,,,
536,lennys grill and subs,chicken parm philly spinach wrap,19,g,100,mg,2100,g,62,g,39,g,10,g,0,g,3,g,7,g,,,,
537,lennys grill and subs,french dip spinach wrap,17,g,40,mg,2490,g,55,g,32,g,9,g,0,g,2,g,2,g,,,,
538,lennys grill and subs,american club spinach wrap,25,g,65,mg,2050,g,54,g,29,g,11,g,0,g,2,g,0,g,1.5,g,,
539,lennys grill and subs,a 1 philly spinach wrap,21,g,70,mg,2030,g,60,g,35,g,10,g,0,g,3,g,5,g,,,,
540,lions choice,apple sauce,0,g,0,mg,0,g,11,g,0,g,0,g,0,g,2,g,8,g,,,,
541,lions choice,baked potato,0,g,0,mg,5,g,20,g,2,g,0,g,0,g,1,g,1,g,,,,
542,lions choice,baked potato with butter and sour cream,25,g,40,mg,15,g,78,g,9,g,10,g,0,g,7,g,0,g,,,,
543,lions choice,baked potato with cheddar,10,g,0,mg,710,g,62,g,10,g,4.5,g,0,g,3,g,3,g,,,,
544,lions choice,bbq sauce,0,g,0,mg,85,g,4,g,0,g,0,g,0,g,0,g,3,g,,,,
545,lions choice,broccoli soup,7,g,15,mg,890,g,12,g,4,g,2,g,0,g,1,g,5,g,,,,
546,lions choice,butcher block cobb,18,g,80,mg,1680,g,14,g,31,g,11,g,0,g,1,g,10,g,,,,
547,lions choice,butter pecan custard cone large,6,g,55,mg,120,g,32,g,5,g,3,g,0,g,0,g,25,g,,,,
548,lions choice,butter pecan custard cone regular,2,g,15,mg,45,g,10,g,1,g,1,g,0,g,0,g,8,g,,,,
549,lions choice,buttery toasted cheese tomato soup,7,g,25,mg,380,g,8,g,2,g,5,g,0,g,1,g,5,g,,,,
550,lions choice,caesar wedge,43,g,40,mg,1270,g,12,g,9,g,8,g,0,g,3,g,5,g,,,,
551,lions choice,caesar wedge with protein,50,g,75,mg,1320,g,12,g,28,g,11,g,0,g,3,g,5,g,,,,
552,lions choice,cheddar cheese,2.5,g,5,mg,210,g,2,g,2,g,1.5,g,0,g,0,g,1,g,,,,
553,lions choice,cheddar cheese cup,4,g,10,mg,310,g,3,g,2,g,2.5,g,0,g,0,g,1,g,,,,
554,lions choice,chipotle ranch,17,g,5,mg,300,g,2,g,0,g,2.5,g,0,g,0,g,2,g,,,,
555,lions choice,chocolate chip cookie,11,g,10,mg,115,g,25,g,2,g,6,g,0,g,1,g,15,g,,,,
556,lions choice,chocolate shake regular,13,g,65,mg,300,g,87,g,13,g,9,g,0,g,1,g,78,g,,,,
557,lions choice,chocolate sundae regular,6,g,50,mg,120,g,58,g,5,g,3,g,0,g,0,g,18,g,,,,
558,lions choice,concrete regular,10,g,100,mg,130,g,49,g,8,g,6,g,0,g,0,g,37,g,,,,
559,lions choice,dish of vanilla frozen custard,9,g,60,mg,150,g,25,g,3,g,6,g,0,g,0,g,21,g,,,,
560,lions choice,flavor burst custard cone large,6,g,55,mg,80,g,32,g,5,g,3,g,0,g,0,g,25,g,,,,
561,lions choice,flavor burst custard cone regular,2,g,15,mg,25,g,10,g,1,g,1,g,0,g,0,g,8,g,,,,
562,lions choice,french dip sandwich,15,g,85,mg,1060,g,32,g,31,g,5,g,0,g,1,g,3,g,,,,
563,lions choice,gluten free bun,4,g,0,mg,510,g,40,g,4,g,0,g,0,g,1,g,6,g,,,,
564,lions choice,gluten free bistro dressing,19,g,5,mg,440,g,2,g,0,g,3.5,g,0,g,0,g,1,g,,,,
565,lions choice,gluten free caesar dressing,14,g,0,mg,580,g,4,g,0,g,2,g,0,g,0,g,3,g,,,,
566,lions choice,go gurt,0.5,g,5,mg,30,g,13,g,2,g,0,g,0,g,0,g,10,g,,,,
567,lions choice,hearty chili,13,g,40,mg,320,g,15,g,14,g,4.5,g,0,g,5,g,2,g,,,,
568,lions choice,horseradish sauce,9,g,5,mg,150,g,1,g,0,g,2,g,0,g,0,g,1,g,,,,
569,lions choice,hot fudge sundae regular,14,g,50,mg,120,g,58,g,5,g,5,g,0,g,0,g,18,g,,,,
570,lions choice,italian beef sandwich,24,g,75,mg,1180,g,34,g,31,g,5,g,0,g,3,g,3,g,,,,
571,lions choice,jumbo all beef chili dog,27,g,45,mg,930,g,29,g,13,g,10,g,0,g,2,g,4,g,,,,
572,lions choice,jumbo all beef hot dog,27,g,60,mg,1100,g,27,g,14,g,11,g,0,g,0,g,4,g,,,,
573,lions choice,ketchup,0,g,0,mg,85,g,3,g,0,g,0,g,0,g,0,g,2,g,,,,
574,lions choice,kids ham sandwich no butter,3,g,15,mg,530,g,18,g,9,g,1,g,0,g,0,g,3,g,,,,
575,lions choice,kids roast beef sandwich no butter,2.5,g,20,mg,380,g,25,g,12,g,0.5,g,0,g,2,g,8,g,,,,
576,lions choice,kids roast beef sandwich no butter or seasoning,4,g,25,mg,150,g,17,g,11,g,1,g,0,g,0,g,2,g,,,,
577,lions choice,kids turkey breast sandwich no butter,2,g,0,mg,1090,g,18,g,10,g,0,g,0,g,0,g,2,g,,,,
578,lions choice,king beef sandwich,19,g,110,mg,1170,g,36,g,40,g,7,g,0,g,1,g,5,g,,,,
579,lions choice,king beef sandwich no butter or seasoning,15,g,105,mg,480,g,36,g,40,g,5,g,0,g,1,g,5,g,,,,
580,lions choice,king beef sandwich no seasoning,19,g,110,mg,500,g,36,g,40,g,7,g,0,g,1,g,5,g,,,,
581,lions choice,king ham sandwich,14,g,85,mg,2180,g,40,g,32,g,6,g,0,g,1,g,9,g,,,,
582,lions choice,king turkey sandwich,7,g,10,mg,2400,g,39,g,36,g,2,g,0,g,1,g,7,g,,,,
583,lions choice,large pulled pork sandwich,14,g,90,mg,950,g,32,g,31,g,4,g,0,g,1,g,3,g,,,,
584,lions choice,large roast beef sandwich on steak bun,15,g,85,mg,1060,g,32,g,31,g,8,g,0,g,1,g,3,g,,,,
585,lions choice,large roast beef sandwich with cheddar on steak bun,20,g,85,mg,1620,g,38,g,32,g,10,g,0,g,1,g,4,g,,,,
586,lions choice,large roast beef sandwich with swiss on steak bun,19,g,95,mg,1280,g,32,g,34,g,2,g,0,g,1,g,3,g,,,,
587,lions choice,lc seasonal,20,g,40,mg,830,g,29,g,9,g,9,g,0,g,4,g,21,g,,,,
588,lions choice,lc seasonal with protein,26,g,75,mg,870,g,29,g,27,g,12,g,0,g,2,g,9,g,,,,
589,lions choice,lite italian dressing,8,g,0,mg,420,g,5,g,0,g,1,g,0,g,0,g,3,g,,,,
590,lions choice,lite ranch dressing,3.5,g,5,mg,370,g,7,g,0,g,0.5,g,0,g,0,g,3,g,,,,
591,lions choice,macadamia nut cookie,11,g,10,mg,115,g,25,g,2,g,5,g,0,g,0,g,15,g,,,,
592,lions choice,mandarin oranges,0,g,0,mg,10,g,18,g,0,g,0,g,0,g,0,g,17,g,,,,
593,lions choice,natural cut fries,14,g,0,mg,390,g,39,g,4,g,3,g,0,g,3,g,0,g,,,,
594,lions choice,natural cut fries large,20,g,0,mg,550,g,56,g,6,g,5,g,0,g,5,g,0,g,,,,
595,lions choice,orange or lemon freeze regular,13,g,65,mg,290,g,92,g,13,g,9,g,0,g,0,g,76,g,,,,
596,lions choice,original ham sandwich,10,g,50,mg,1300,g,38,g,19,g,4,g,0,g,1,g,7,g,,,,
597,lions choice,original ham sandwich on wheat,9,g,45,mg,1140,g,33,g,20,g,4,g,0,g,3,g,8,g,,,,
598,lions choice,original ham sandwich no butter,7,g,35,mg,1270,g,38,g,19,g,2,g,0,g,1,g,7,g,,,,
599,lions choice,original pulled pork sandwich,29,g,130,mg,2990,g,36,g,45,g,13,g,0,g,1,g,5,g,,,,
600,lions choice,original pulled pork sandwich with slaw,40,g,145,mg,3260,g,48,g,46,g,15,g,0,g,1,g,15,g,,,,
601,lions choice,original roast beef sandwich,12,g,60,mg,1120,g,36,g,23,g,5,g,0,g,1,g,5,g,,,,
602,lions choice,original roast beef sandwich on wheat,12,g,60,mg,960,g,31,g,24,g,4,g,0,g,3,g,6,g,,,,
603,lions choice,original roast beef sandwich with cheddar,12,g,60,mg,1120,g,36,g,23,g,9,g,0,g,1,g,5,g,,,,
604,lions choice,original roast beef sandwich with swiss,16,g,75,mg,1340,g,36,g,26,g,5,g,0,g,1,g,5,g,,,,
605,lions choice,original roast beef sandwich no bun,6,g,50,mg,710,g,0,g,17,g,2,g,0,g,1,g,0,g,,,,
606,lions choice,original roast beef sandwich no bun or seasoning,6,g,50,mg,45,g,0,g,17,g,2,g,0,g,0,g,0,g,,,,
607,lions choice,original roast beef sandwich no butter,9,g,50,mg,1100,g,36,g,23,g,3,g,0,g,1,g,5,g,,,,
608,lions choice,original roast beef sandwich no butter or seasoning,9,g,50,mg,430,g,36,g,23,g,3,g,0,g,1,g,5,g,,,,
609,lions choice,original roast beef sandwich no seasoning,12,g,60,mg,460,g,36,g,23,g,5,g,0,g,1,g,5,g,,,,
610,lions choice,original turkey breast sandwich,7,g,10,mg,1740,g,37,g,21,g,2,g,0,g,1,g,6,g,,,,
611,lions choice,original turkey breast sandwich on wheat,6,g,10,mg,1580,g,33,g,22,g,2,g,0,g,3,g,7,g,,,,
612,lions choice,original turkey breast sandwich no butter,3,g,0,mg,1710,g,37,g,21,g,1,g,0,g,1,g,6,g,,,,
613,lions choice,pepper jack cheese,6,g,5,mg,120,g,0,g,5,g,3.5,g,0,g,0,g,0,g,,,,
614,lions choice,provel cheese,8,g,25,mg,360,g,1,g,6,g,6,g,0,g,0,g,0,g,,,,
615,lions choice,seasonal cole slaw,11,g,15,mg,270,g,12,g,1,g,2,g,0,g,2,g,10,g,,,,
616,lions choice,side salad,0,g,35,mg,10,g,4,g,3,g,0,g,0,g,4,g,3,g,,,,
617,lions choice,sour cream,5,g,20,mg,15,g,1,g,1,g,3.5,g,0,g,0,g,1,g,,,,
618,lions choice,strawberry shake regular,13,g,65,mg,290,g,90,g,13,g,9,g,0,g,1,g,79,g,,,,
619,lions choice,strawberry sundae regular,6,g,50,mg,65,g,59,g,5,g,3,g,0,g,0,g,18,g,,,,
620,lions choice,sugar cookie,9,g,15,mg,160,g,25,g,2,g,4.5,g,0,g,0,g,11,g,,,,
621,lions choice,swiss cheese,3.5,g,15,mg,220,g,0,g,3,g,4,g,0,g,0,g,0,g,,,,
622,lions choice,toasted cheese sandwich,4,g,10,mg,250,g,19,g,4,g,2,g,0,g,0,g,2,g,,,,
623,lions choice,vanilla frozen custard cone large,6,g,55,mg,75,g,27,g,5,g,3,g,0,g,0,g,20,g,,,,
624,lions choice,vanilla frozen custard cone regular,2,g,15,mg,20,g,8,g,1,g,1,g,0,g,0,g,6,g,,,,
625,lions choice,vanilla frozen custard dipped cone large,14,g,55,mg,75,g,30,g,5,g,8,g,0,g,0,g,23,g,,,,
626,lions choice,vanilla frozen custard dipped cone regular,7,g,15,mg,20,g,10,g,2,g,4,g,0,g,0,g,8,g,,,,
627,lions choice,vanilla shake regular,13,g,65,mg,290,g,74,g,13,g,9,g,0,g,0,g,66,g,,,,
628,lions choice,veggie dip,10,g,20,mg,490,g,6,g,0,g,2,g,0,g,0,g,0,g,,,,
629,lions choice,veggie sticks,0,g,0,mg,50,g,6,g,1,g,0,g,0,g,1,g,0,g,,,,
630,lions choice,white cheddar mac n cheese,27,g,50,mg,1130,g,56,g,21,g,9,g,0,g,2,g,14,g,,,,
631,lit pizza,benny blanco 1 of 6 slices,10,g,35,mg,330,g,14,g,7,g,5,g,0,g,1,g,1,g,,,,
632,lit pizza,buffalo chicken 1 of 6 slices,11,g,40,mg,440,g,14,g,10,g,6,g,0,g,1,g,1,g,,,,
633,lit pizza,caesar,49,g,50,mg,950,g,19,g,23,g,12,g,0,g,2,g,3,g,,,,
634,lit pizza,caprese,50,g,110,mg,520,g,15,g,24,g,19,g,0,g,1,g,8,g,,,,
635,lit pizza,easy caprese 1 of 6 slices,2.5,g,10,mg,140,g,15,g,5,g,1.5,g,0,g,1,g,3,g,,,,
636,lit pizza,get lit 1 of 6 slices,8,g,20,mg,350,g,15,g,8,g,3.5,g,0,g,1,g,2,g,,,,
637,lit pizza,green lite,45,g,45,mg,840,g,18,g,15,g,12,g,0,g,3,g,8,g,,,,
638,lit pizza,here today gone to maui 1 of 6 slices,6,g,20,mg,330,g,15,g,8,g,3,g,0,g,1,g,3,g,,,,
639,lit pizza,homestyle chocolate chunk cookie,19,g,15,mg,530,g,70,g,5,g,9,g,0,g,2,g,40,g,,,,
640,lit pizza,la bbq chicken 1 of 6 slices,5,g,20,mg,310,g,16,g,8,g,3,g,0,g,1,g,3,g,,,,
641,lit pizza,localite 1 of 6 slices,6,g,20,mg,350,g,15,g,7,g,3,g,0,g,1,g,2,g,,,,
642,lit pizza,meatballin 1 of 6 slices,6,g,20,mg,290,g,14,g,7,g,3,g,0,g,1,g,1,g,,,,
643,lit pizza,pesto pollo 1 of 6 slices,7,g,25,mg,250,g,14,g,7,g,3.5,g,0,g,1,g,2,g,,,,
644,lit pizza,sausage and peppers 1 of 6 slices,4,g,10,mg,210,g,15,g,4,g,1.5,g,0,g,1,g,2,g,,,,
645,lit pizza,veggie 1 of 6 slices,11,g,15,mg,380,g,16,g,6,g,3.5,g,0,g,1,g,2,g,,,,
646,logans roadhouse,1000 island dressing,12,g,10,mg,510,g,10,g,0,g,2,g,0,g,0,g,9,g,,,,
647,logans roadhouse,10oz prime rib with au jus and creamy horseradish sauce,74,g,245,mg,2630,g,5,g,71,g,28,g,4,g,0,g,2,g,,,,
648,logans roadhouse,12oz prime rib with au jus and creamy horseradish sauce,85,g,285,mg,2940,g,4,g,85,g,32,g,4,g,0,g,2,g,,,,
649,logans roadhouse,16oz prime rib with au jus and creamy horseradish sauce,107,g,375,mg,3570,g,5,g,113,g,42,g,6,g,0,g,2,g,,,,
650,logans roadhouse,3 cheese macaroni and cheese,17,g,45,mg,850,g,24,g,10,g,10,g,0,g,1,g,1,g,,,,
651,logans roadhouse,3 cheese macaroni and cheese loaded,31,g,90,mg,1330,g,24,g,24,g,18,g,0,g,1,g,1,g,,,,
652,logans roadhouse,6oz sirloin,21,g,110,mg,470,g,0,g,51,g,7,g,1.5,g,0,g,0,g,,,,
653,logans roadhouse,add on shrimp skewer w 1 scoop ofrice,23,g,255,mg,3620,g,52,g,33,g,5,g,4,g,3,g,2,g,,,,
654,logans roadhouse,all american cheeseburger no cheese,40,g,115,mg,2430,g,46,g,33,g,15,g,0.5,g,2,g,9,g,,,,
655,logans roadhouse,all american cheeseburger w american cheese,58,g,165,mg,3030,g,48,g,43,g,27,g,0.5,g,2,g,9,g,,,,
656,logans roadhouse,all american cheeseburger with american cheese,58,g,165,mg,3030,g,48,g,43,g,27,g,0.5,g,2,g,9,g,,,,
657,logans roadhouse,american roadhouse meals grilled meatloaf on a bed of mashed potatoes,39,g,80,mg,3580,g,37,g,26,g,14,g,1,g,3,g,9,g,,,,
658,logans roadhouse,american roadhouse meals sirloin 6 oz,28,g,100,mg,990,g,2,g,31,g,8,g,2.5,g,0,g,0,g,,,,
659,logans roadhouse,american roadhouse meals southern fried fish w tartar sauce,59,g,70,mg,2890,g,90,g,30,g,11,g,1,g,8,g,4,g,,,,
660,logans roadhouse,anything and everything salad without dressing,39,g,380,mg,1270,g,30,g,70,g,12,g,0,g,6,g,20,g,,,,
661,logans roadhouse,baby back ribs full rack,99,g,365,mg,7040,g,118,g,102,g,35,g,1,g,2,g,103,g,,,,
662,logans roadhouse,baby back ribs half rack,52,g,185,mg,3520,g,59,g,51,g,18,g,0,g,1,g,51,g,,,,
663,logans roadhouse,bacon on a stick with crispy onions,88,g,150,mg,5390,g,52,g,27,g,31,g,0,g,2,g,45,g,,,,
664,logans roadhouse,baked potato,25,g,0,mg,3940,g,61,g,7,g,5,g,6,g,6,g,3,g,,,,
665,logans roadhouse,baked potato loaded,36,g,40,mg,4190,g,62,g,15,g,11,g,6,g,6,g,4,g,,,,
666,logans roadhouse,balsamic vinaigrette,14,g,0,mg,200,g,11,g,0,g,2,g,0,g,0,g,10,g,,,,
667,logans roadhouse,banana cream small dessert,12,g,10,mg,240,g,32,g,3,g,8,g,0,g,0,g,26,g,,,,
668,logans roadhouse,barqs rootbeer,0,g,0,mg,95,g,60,g,0,g,0,g,0,g,0,g,60,g,,,,
669,logans roadhouse,bayou popcorn shrimp w cocktail sauce,21,g,155,mg,1620,g,49,g,26,g,4,g,0.5,g,2,g,4,g,,,,
670,logans roadhouse,bbqgrilled pork chop,15,g,135,mg,3040,g,9,g,47,g,8,g,0,g,2,g,5,g,,,,
671,logans roadhouse,beer battered fish and chips,72,g,45,mg,2360,g,91,g,31,g,14,g,1,g,4,g,15,g,,,,
672,logans roadhouse,beer angry orchard crisp apple,0,g,0,mg,0,g,11,g,0,g,0,g,0,g,0,g,7,g,,,,
673,logans roadhouse,beer bud light,0,g,0,mg,0,g,7,g,1,g,0,g,0,g,0,g,0,g,,,,
674,logans roadhouse,beer budweiser,0,g,0,mg,0,g,11,g,1,g,0,g,0,g,0,g,0,g,,,,
675,logans roadhouse,beer coors light,0,g,0,mg,0,g,5,g,0,g,0,g,0,g,0,g,0,g,,,,
676,logans roadhouse,beer corona extra,0,g,0,mg,0,g,14,g,2,g,0,g,0,g,0,g,1,g,,,,
677,logans roadhouse,beer fat tire amber ale,0,g,0,mg,0,g,15,g,0,g,0,g,0,g,0,g,0,g,,,,
678,logans roadhouse,beer lagunitas ipa,0,g,0,mg,0,g,27,g,3,g,0,g,0,g,0,g,0,g,,,,
679,logans roadhouse,beer michelob ultra,0,g,0,mg,0,g,3,g,0,g,0,g,0,g,0,g,0,g,,,,
680,logans roadhouse,beer miller lite,0,g,0,mg,0,g,5,g,0,g,0,g,0,g,0,g,0,g,,,,
681,logans roadhouse,beer modelo especial,0,g,0,mg,0,g,14,g,1,g,0,g,0,g,0,g,0,g,,,,
682,logans roadhouse,beer pabst blue ribbon 16oz,5,g,0,mg,0,g,67,g,7,g,0,g,0,g,0,g,9,g,,,,
683,logans roadhouse,beer sam adams boston lager,0,g,0,mg,0,g,18,g,2,g,0,g,0,g,0,g,0,g,,,,
684,logans roadhouse,beer sierra nevada pale ale,0,g,0,mg,0,g,14,g,0,g,0,g,0,g,0,g,0,g,,,,
685,logans roadhouse,beer stella artois,0,g,0,mg,0,g,11,g,0,g,0,g,0,g,0,g,0,g,,,,
686,logans roadhouse,beer yuengling,0,g,0,mg,0,g,10,g,1,g,0,g,0,g,0,g,0,g,,,,
687,logans roadhouse,big easy blue roadhouse tea,0,g,0,mg,10,g,41,g,0,g,0,g,0,g,1,g,36,g,,,,
688,logans roadhouse,blackberry tea,0,g,0,mg,15,g,60,g,1,g,0,g,0,g,5,g,50,g,,,,
689,logans roadhouse,blue cheese and bacon topper,9,g,10,mg,260,g,0,g,3,g,3,g,1,g,0,g,0,g,,,,
690,logans roadhouse,blue cheese dressing made in house,11,g,20,mg,260,g,1,g,0,g,4,g,0,g,0,g,0,g,,,,
691,logans roadhouse,blue lightning electric lemonade,0,g,0,mg,0,g,67,g,0,g,0,g,0,g,0,g,65,g,,,,
692,logans roadhouse,buffalo wings,75,g,180,mg,2840,g,6,g,36,g,15,g,0.5,g,1,g,2,g,,,,
693,logans roadhouse,caesar chicken entree salad,44,g,130,mg,1260,g,17,g,55,g,9,g,0.5,g,4,g,5,g,,,,
694,logans roadhouse,caesar dressing,30,g,20,mg,540,g,2,g,2,g,5,g,0,g,0,g,0,g,,,,
695,logans roadhouse,caesar salmon entree salad,60,g,115,mg,1170,g,15,g,39,g,13,g,1,g,4,g,4,g,,,,
696,logans roadhouse,caesar shrimp entree salad,53,g,165,mg,2350,g,17,g,23,g,11,g,3,g,4,g,4,g,,,,
697,logans roadhouse,caesar side salad,19,g,15,mg,410,g,12,g,5,g,3.5,g,0,g,2,g,3,g,,,,
698,logans roadhouse,carrot cake,61,g,150,mg,840,g,182,g,14,g,17,g,0,g,3,g,140,g,,,,
699,logans roadhouse,cedar plank salmon and grilled shrimp,36,g,250,mg,2680,g,64,g,74,g,8,g,1,g,3,g,11,g,,,,
700,logans roadhouse,cedar plank salmon with marinade,19,g,120,mg,1030,g,14,g,56,g,3,g,1,g,2,g,11,g,,,,
701,logans roadhouse,cheese fries appetizer,96,g,165,mg,5250,g,106,g,45,g,37,g,0.5,g,8,g,2,g,,,,
702,logans roadhouse,chicken and sausage gumbo bowl,16,g,25,mg,1030,g,59,g,14,g,6,g,3,g,4,g,7,g,,,,
703,logans roadhouse,chicken tortilla soup bowl,9,g,15,mg,1150,g,34,g,13,g,1,g,0,g,3,g,3,g,,,,
704,logans roadhouse,chili bowl,18,g,45,mg,1860,g,32,g,18,g,8,g,0,g,8,g,5,g,,,,
705,logans roadhouse,chips and queso,55,g,45,mg,3010,g,103,g,21,g,16,g,1,g,6,g,1,g,,,,
706,logans roadhouse,chocolate silk small dessert,19,g,15,mg,210,g,44,g,5,g,12,g,0,g,3,g,32,g,,,,
707,logans roadhouse,cinnamon apples,7,g,0,mg,135,g,43,g,0,g,1,g,1.5,g,2,g,36,g,,,,
708,logans roadhouse,coastal carolina fried shrimp w cocktail sauce,44,g,160,mg,4200,g,94,g,39,g,8,g,0.5,g,9,g,5,g,,,,
709,logans roadhouse,coastal carolina grilled shrimp on a bed of rice pilaf,23,g,255,mg,3620,g,52,g,33,g,5,g,4,g,3,g,2,g,,,,
710,logans roadhouse,coca cola,0,g,0,mg,50,g,55,g,0,g,0,g,0,g,0,g,55,g,,,,
711,logans roadhouse,coleslaw,16,g,20,mg,380,g,22,g,2,g,2,g,0,g,3,g,16,g,,,,
712,logans roadhouse,corn,1,g,0,mg,0,g,21,g,3,g,0,g,0,g,1,g,8,g,,,,
713,logans roadhouse,country fried steak w white gravy,63,g,85,mg,2310,g,60,g,29,g,17,g,1.5,g,3,g,2,g,,,,
714,logans roadhouse,country style buttermilk chicken with white gravy,57,g,165,mg,2540,g,68,g,68,g,14,g,1,g,6,g,3,g,,,,
715,logans roadhouse,crispy crab cakes,70,g,125,mg,1910,g,62,g,20,g,12,g,1,g,4,g,9,g,,,,
716,logans roadhouse,crispy onion topper,5,g,10,mg,870,g,20,g,2,g,1,g,1,g,2,g,4,g,,,,
717,logans roadhouse,crispy onions,13,g,30,mg,2610,g,60,g,6,g,3,g,1.5,g,6,g,12,g,,,,
718,logans roadhouse,diet coke,0,g,0,mg,70,g,0,g,0,g,0,g,0,g,0,g,0,g,,,,
719,logans roadhouse,dr pepper,0,g,0,mg,30,g,26,g,0,g,0,g,0,g,0,g,26,g,,,,
720,logans roadhouse,el patron margarita,0,g,0,mg,1300,g,31,g,0,g,0,g,0,g,0,g,30,g,,,,
721,logans roadhouse,enormous nachos w potato chips,115,g,250,mg,5150,g,89,g,69,g,55,g,1,g,14,g,15,g,,,,
722,logans roadhouse,fall off the bone ribs,35,g,150,mg,540,g,6,g,41,g,12,g,0,g,0,g,5,g,,,,
723,logans roadhouse,fast lunch all american cheeseburger no cheese,40,g,115,mg,2430,g,46,g,33,g,15,g,0.5,g,2,g,9,g,,,,
724,logans roadhouse,fast lunch hand breaded chicken tenders w honey mustard,45,g,125,mg,1440,g,37,g,46,g,2.5,g,0,g,2,g,11,g,,,,
725,logans roadhouse,fast lunch logans club sandwich w honey mustard,63,g,160,mg,2950,g,70,g,48,g,16,g,0,g,2,g,22,g,,,,
726,logans roadhouse,fast lunch peppercorn bacon chicken sandwich,48,g,105,mg,2160,g,48,g,59,g,19,g,1,g,3,g,9,g,,,,
727,logans roadhouse,fast lunch pulled pork sandwich,41,g,100,mg,4040,g,88,g,39,g,11,g,1,g,4,g,31,g,,,,
728,logans roadhouse,fat free vinaigrette,0,g,0,mg,690,g,5,g,1,g,0,g,0,g,0,g,4,g,,,,
729,logans roadhouse,filet 6 oz,20,g,120,mg,960,g,1,g,41,g,6,g,2,g,0,g,0,g,,,,
730,logans roadhouse,filet 9 oz,26,g,185,mg,1820,g,2,g,62,g,8,g,2.5,g,1,g,0,g,,,,
731,logans roadhouse,french dressing,16,g,0,mg,560,g,11,g,0,g,2.5,g,0,g,0,g,10,g,,,,
732,logans roadhouse,french fries,19,g,0,mg,1970,g,59,g,5,g,3.5,g,0,g,5,g,0,g,,,,
733,logans roadhouse,french fries loaded,58,g,90,mg,3040,g,61,g,27,g,20,g,0.5,g,5,g,1,g,,,,
734,logans roadhouse,fried cheese and bacon burger,88,g,185,mg,3930,g,77,g,51,g,30,g,3,g,5,g,16,g,,,,
735,logans roadhouse,fried chicken salad without dressing,41,g,290,mg,1720,g,37,g,58,g,17,g,0,g,4,g,9,g,,,,
736,logans roadhouse,grilled asparagus,5,g,0,mg,1530,g,7,g,3,g,1,g,0,g,2,g,4,g,,,,
737,logans roadhouse,grilled meatloaf on a bed of mashed potatoes,39,g,80,mg,3580,g,37,g,26,g,14,g,1,g,3,g,9,g,,,,
738,logans roadhouse,grilled mushroom skewer,20,g,0,mg,1060,g,10,g,5,g,3,g,0,g,2,g,6,g,,,,
739,logans roadhouse,grilled shrimp louie without dressing,53,g,350,mg,1420,g,26,g,47,g,14,g,2.5,g,8,g,8,g,,,,
740,logans roadhouse,grilled shrimp skewer on a bed of rice pilaf,19,g,125,mg,1870,g,26,g,17,g,4,g,4,g,1,g,1,g,,,,
741,logans roadhouse,grilled vegetable skewer,20,g,0,mg,1470,g,12,g,3,g,3,g,0,g,3,g,7,g,,,,
742,logans roadhouse,hand breaded chicken tender dinner w honey mustard,55,g,155,mg,1810,g,45,g,58,g,5,g,0,g,3,g,15,g,,,,
743,logans roadhouse,hand breaded shrimp with cocktail sauce,26,g,145,mg,1580,g,29,g,29,g,5,g,1,g,1,g,5,g,,,,
744,logans roadhouse,hand breaded chicken tenders w honey mustard,55,g,155,mg,1810,g,45,g,58,g,5,g,0,g,3,g,15,g,,,,
745,logans roadhouse,hand breaded pickles,102,g,20,mg,4160,g,93,g,12,g,18,g,1,g,7,g,2,g,,,,
746,logans roadhouse,healthy and hearty baked potato,2.5,g,0,mg,3720,g,61,g,7,g,0,g,0,g,6,g,3,g,,,,
747,logans roadhouse,healthy and hearty broccoli,0.5,g,0,mg,50,g,9,g,3,g,0,g,0,g,4,g,2,g,,,,
748,logans roadhouse,healthy and hearty filet 6 oz,17,g,125,mg,1280,g,28,g,49,g,5,g,0.5,g,10,g,12,g,,,,
749,logans roadhouse,healthy and hearty grilled chicken,16,g,150,mg,1640,g,31,g,54,g,3,g,0,g,10,g,14,g,,,,
750,logans roadhouse,healthy and hearty grilled salmon,24,g,90,mg,1100,g,28,g,38,g,4.5,g,0,g,10,g,13,g,,,,
751,logans roadhouse,healthy and hearty salad,0,g,0,mg,1140,g,11,g,1,g,0,g,0,g,2,g,8,g,,,,
752,logans roadhouse,healthy and hearty sirloin 6 oz,24,g,100,mg,1310,g,29,g,39,g,8,g,1,g,10,g,12,g,,,,
753,logans roadhouse,honey mustard dressing,21,g,15,mg,200,g,11,g,1,g,3.5,g,0,g,0,g,10,g,,,,
754,logans roadhouse,house side salad without dressing,9,g,20,mg,220,g,13,g,8,g,5,g,0,g,2,g,5,g,,,,
755,logans roadhouse,hunch punch electric lemonade,0,g,0,mg,15,g,134,g,0,g,0,g,0,g,0,g,119,g,,,,
756,logans roadhouse,jack daniels and coke,0,g,0,mg,25,g,19,g,0,g,0,g,0,g,0,g,19,g,,,,
757,logans roadhouse,kickin shrimp trio on a bed of rice pilaf,63,g,300,mg,3770,g,97,g,50,g,13,g,1,g,7,g,48,g,,,,
758,logans roadhouse,kids cinnamon apples,5,g,0,mg,70,g,21,g,0,g,1,g,1,g,1,g,16,g,,,,
759,logans roadhouse,kids corn,1,g,0,mg,0,g,11,g,1,g,0,g,0,g,1,g,4,g,,,,
760,logans roadhouse,kids corndog,19,g,20,mg,440,g,26,g,5,g,5,g,0,g,0,g,7,g,,,,
761,logans roadhouse,kids french fries,10,g,0,mg,990,g,30,g,3,g,2,g,0,g,3,g,0,g,,,,
762,logans roadhouse,kids fried chicken tenders,24,g,45,mg,1400,g,36,g,24,g,5,g,2,g,0,g,2,g,,,,
763,logans roadhouse,kids grilled cheese,23,g,50,mg,850,g,62,g,17,g,13,g,0,g,1,g,15,g,,,,
764,logans roadhouse,kids grilled chicken,10,g,80,mg,280,g,1,g,30,g,2.5,g,0,g,0,g,1,g,,,,
765,logans roadhouse,kids macaroni and cheese,17,g,45,mg,850,g,24,g,10,g,10,g,0,g,1,g,1,g,,,,
766,logans roadhouse,kids mashed potatoes made in house,13,g,5,mg,500,g,21,g,2,g,5,g,1,g,1,g,1,g,,,,
767,logans roadhouse,kids popcorn shrimp,11,g,75,mg,260,g,19,g,12,g,2,g,0,g,1,g,0,g,,,,
768,logans roadhouse,kids ribs,35,g,150,mg,540,g,6,g,41,g,12,g,0,g,0,g,5,g,,,,
769,logans roadhouse,kids rice pilaf,2,g,0,mg,60,g,23,g,3,g,1,g,0,g,1,g,0,g,,,,
770,logans roadhouse,kids roadies,20,g,50,mg,1190,g,32,g,14,g,8,g,0,g,1,g,8,g,,,,
771,logans roadhouse,kids steak tips,13,g,85,mg,1130,g,2,g,4,g,0,g,0,g,0,g,0,g,,,,
772,logans roadhouse,kids steamed broccoli,15,g,5,mg,160,g,6,g,3,g,5,g,0,g,3,g,2,g,,,,
773,logans roadhouse,ky bourbon roadhouse tea,0,g,0,mg,600,g,50,g,0,g,0,g,0,g,1,g,45,g,,,,
774,logans roadhouse,lemon herb chicken over rice pilaf with garlic butter and rosemary,33,g,75,mg,1250,g,55,g,80,g,16,g,0,g,4,g,2,g,,,,
775,logans roadhouse,loaded baked potato soup bowl,23,g,40,mg,830,g,36,g,11,g,9,g,3.5,g,2,g,3,g,,,,
776,logans roadhouse,loaded potato skins,85,g,175,mg,4300,g,124,g,55,g,34,g,1,g,14,g,6,g,,,,
777,logans roadhouse,logans club sandwich w honey mustard,63,g,160,mg,2950,g,70,g,48,g,16,g,0,g,2,g,22,g,,,,
778,logans roadhouse,logans kickin chicken salad with blackened chicken,62,g,110,mg,2260,g,25,g,56,g,19,g,1.5,g,6,g,8,g,,,,
779,logans roadhouse,logans kickin chicken salad with sirloin,81,g,155,mg,1890,g,70,g,49,g,22,g,2.5,g,11,g,10,g,,,,
780,logans roadhouse,logans wood grilled chicken on a bed of rice pilaf,54,g,175,mg,1860,g,30,g,50,g,9,g,1,g,1,g,5,g,,,,
781,logans roadhouse,mango lemonade,0,g,0,mg,25,g,69,g,1,g,0,g,0,g,3,g,49,g,,,,
782,logans roadhouse,mango roadhouse rita rocks,0,g,0,mg,1170,g,25,g,0,g,0,g,0,g,0,g,19,g,,,,
783,logans roadhouse,mango tea,0,g,0,mg,15,g,58,g,1,g,0,g,0,g,3,g,38,g,,,,
784,logans roadhouse,margarita cheesecake,62,g,170,mg,530,g,92,g,10,g,35,g,1,g,2,g,70,g,,,,
785,logans roadhouse,mashed potatoes loaded made in house,39,g,50,mg,1230,g,39,g,14,g,17,g,0,g,3,g,3,g,,,,
786,logans roadhouse,mashed potatoes made in house,26,g,5,mg,1000,g,42,g,4,g,9,g,1,g,3,g,3,g,,,,
787,logans roadhouse,mesquite grilled chicken salad without dressing,54,g,230,mg,1750,g,24,g,61,g,18,g,0,g,4,g,11,g,,,,
788,logans roadhouse,mesquite grilled pork chops w cinnamon apples,56,g,200,mg,1610,g,34,g,68,g,17,g,4,g,2,g,27,g,,,,
789,logans roadhouse,mesquite grilled salmon lunch on a bed of rice pilaf w dill sauce,39,g,90,mg,840,g,2,g,31,g,8,g,2,g,0,g,0,g,,,,
790,logans roadhouse,mesquite smokin wings bbq,95,g,625,mg,4860,g,34,g,116,g,26,g,0,g,1,g,28,g,,,,
791,logans roadhouse,mesquite smokin wings chipotle,103,g,625,mg,4300,g,50,g,116,g,27,g,2,g,1,g,46,g,,,,
792,logans roadhouse,mesquite smokin wings teriyaki,96,g,625,mg,4640,g,42,g,118,g,26,g,0,g,1,g,37,g,,,,
793,logans roadhouse,mesquite wood grilled salmon on a bed of rice pilaf w dill sauce,60,g,90,mg,2010,g,5,g,51,g,16,g,12,g,1,g,1,g,,,,
794,logans roadhouse,minute maid lemonade,0,g,0,mg,135,g,52,g,0,g,0,g,0,g,0,g,50,g,,,,
795,logans roadhouse,mississippi brownie,61,g,265,mg,1170,g,272,g,20,g,27,g,0,g,6,g,191,g,,,,
796,logans roadhouse,mozzarella sticks,48,g,85,mg,1630,g,61,g,26,g,17,g,0.5,g,9,g,10,g,,,,
797,logans roadhouse,new york strip 12 oz,43,g,170,mg,2830,g,1,g,38,g,18,g,0,g,0,g,0,g,,,,
798,logans roadhouse,onion brewski sirloin 8 oz,61,g,150,mg,1820,g,28,g,45,g,20,g,1.5,g,1,g,6,g,,,,
799,logans roadhouse,onions brewski style topper,61,g,150,mg,1820,g,28,g,45,g,20,g,2,g,1,g,6,g,,,,
800,logans roadhouse,original electric lemonade,0,g,0,mg,0,g,73,g,0,g,0,g,0,g,0,g,68,g,,,,
801,logans roadhouse,original roadhouse tea,0,g,0,mg,10,g,41,g,0,g,0,g,0,g,1,g,37,g,,,,
802,logans roadhouse,original roadies,45,g,135,mg,2240,g,91,g,51,g,16,g,1.5,g,4,g,24,g,,,,
803,logans roadhouse,parmesan peppercorn dressing,28,g,20,mg,530,g,2,g,1,g,4.5,g,0,g,0,g,2,g,,,,
804,logans roadhouse,peach lemonade,0,g,0,mg,25,g,71,g,1,g,0,g,0,g,5,g,60,g,,,,
805,logans roadhouse,peach roadhouse rita rocks,0,g,0,mg,1170,g,25,g,0,g,0,g,0,g,0,g,24,g,,,,
806,logans roadhouse,peach tea,0,g,0,mg,15,g,58,g,1,g,0,g,0,g,3,g,49,g,,,,
807,logans roadhouse,peanut butter and chocolate small dessert,29,g,15,mg,330,g,35,g,7,g,15,g,1,g,2,g,26,g,,,,
808,logans roadhouse,peppercorn bacon chicken sandwich,48,g,105,mg,2160,g,48,g,59,g,19,g,1,g,3,g,9,g,,,,
809,logans roadhouse,pile high french dip au jus and creamy horseradish sauce,36,g,150,mg,3230,g,56,g,54,g,12,g,0,g,2,g,2,g,,,,
810,logans roadhouse,porterhouse 22oz,60,g,200,mg,3070,g,653,g,62,g,25,g,3,g,0,g,0,g,,,,
811,logans roadhouse,potato chips side,14,g,0,mg,340,g,18,g,2,g,3,g,0,g,2,g,0,g,,,,
812,logans roadhouse,premium coastal trio,73,g,260,mg,4880,g,67,g,66,g,14,g,1,g,5,g,13,g,,,,
813,logans roadhouse,prickly pear margarita,0,g,0,mg,270,g,52,g,0,g,0,g,0,g,0,g,50,g,,,,
814,logans roadhouse,prickly pink roadhouse tea,0,g,0,mg,180,g,30,g,0,g,0,g,0,g,3,g,24,g,,,,
815,logans roadhouse,prime rib 10 oz with au jus and creamy horseradish sauce and fried shrimp,87,g,315,mg,3700,g,25,g,86,g,30,g,4,g,1,g,7,g,,,,
816,logans roadhouse,prime rib 10 oz with au jus and creamy horseradish sauce and grill shrimp and rice,91,g,370,mg,4270,g,57,g,90,g,33,g,4,g,2,g,3,g,,,,
817,logans roadhouse,pulled pork plate,40,g,100,mg,3300,g,54,g,36,g,11,g,0,g,2,g,25,g,,,,
818,logans roadhouse,pulled pork sandwich,41,g,100,mg,4040,g,88,g,39,g,11,g,1,g,4,g,31,g,,,,
819,logans roadhouse,ranch dressing made in house,12,g,10,mg,210,g,1,g,1,g,2,g,0,g,0,g,1,g,,,,
820,logans roadhouse,red bull 8 4oz can,0,g,0,mg,100,g,28,g,1,g,0,g,0,g,0,g,0,g,,,,
821,logans roadhouse,ribeye 12 oz,69,g,195,mg,1900,g,2,g,58,g,27,g,7,g,1,g,0,g,,,,
822,logans roadhouse,ribeye 16 oz,87,g,260,mg,2780,g,3,g,77,g,34,g,8,g,1,g,0,g,,,,
823,logans roadhouse,rice pilaf,3,g,0,mg,120,g,47,g,5,g,1,g,0,g,1,g,0,g,,,,
824,logans roadhouse,roadhouse cobb salad fried chicken without dressing,42,g,330,mg,1360,g,44,g,50,g,9,g,0,g,9,g,8,g,,,,
825,logans roadhouse,roadhouse cobb salad grilled chicken without dressing,33,g,350,mg,920,g,24,g,63,g,7,g,0,g,8,g,8,g,,,,
826,logans roadhouse,roadhouse deluxe burger,73,g,190,mg,3090,g,64,g,56,g,29,g,2,g,4,g,25,g,,,,
827,logans roadhouse,roadhouse ranch dressing made in house,10,g,10,mg,200,g,2,g,0,g,2,g,0,g,0,g,2,g,,,,
828,logans roadhouse,roadhouse rita frozen,0,g,0,mg,50,g,0,g,0,g,0,g,0,g,0,g,44,g,,,,
829,logans roadhouse,roadhouse rita rocks,0,g,0,mg,1220,g,19,g,0,g,0,g,0,g,0,g,18,g,,,,
830,logans roadhouse,roadhouse steak cobb salad without dressing,53,g,350,mg,1420,g,26,g,47,g,14,g,2.5,g,8,g,8,g,,,,
831,logans roadhouse,roasted half chicken,66,g,325,mg,1580,g,2,g,78,g,18,g,0,g,0,g,1,g,,,,
832,logans roadhouse,rockin onion petals with texas petal sauce appetizer,124,g,60,mg,4180,g,66,g,11,g,20,g,1,g,3,g,12,g,,,,
833,logans roadhouse,rockin onion petals with texas petal sauce side,62,g,30,mg,2090,g,33,g,6,g,10,g,0,g,2,g,6,g,,,,
834,logans roadhouse,sauteed mushroom topper,5,g,0,mg,750,g,4,g,2,g,1,g,1,g,0,g,2,g,,,,
835,logans roadhouse,sirloin 6 oz,28,g,100,mg,990,g,2,g,31,g,8,g,2.5,g,0,g,0,g,,,,
836,logans roadhouse,sirloin 8 oz,34,g,135,mg,1030,g,2,g,41,g,10,g,2.5,g,0,g,0,g,,,,
837,logans roadhouse,smoked brisket sausage on texas toast,66,g,140,mg,2440,g,29,g,33,g,24,g,0,g,1,g,7,g,,,,
838,logans roadhouse,smothered chopped steak on a bed of mashed potatoes,62,g,140,mg,3210,g,31,g,36,g,20,g,2,g,3,g,8,g,,,,
839,logans roadhouse,smothered chopped steak on bed of mashed potatoes,62,g,140,mg,3210,g,31,g,36,g,20,g,2,g,3,g,8,g,,,,
840,logans roadhouse,smothered steak tips,16,g,85,mg,2330,g,17,g,6,g,1,g,0,g,1,g,7,g,,,,
841,logans roadhouse,southern fried fish w tartar sauce,59,g,70,mg,2890,g,90,g,30,g,11,g,1,g,8,g,4,g,,,,
842,logans roadhouse,southern peach roadhouse tea,0,g,0,mg,10,g,48,g,0,g,0,g,0,g,1,g,43,g,,,,
843,logans roadhouse,spicy chicken sandwich,39,g,45,mg,2330,g,76,g,45,g,7,g,1,g,7,g,29,g,,,,
844,logans roadhouse,spinach and artichoke dip,49,g,100,mg,1800,g,100,g,31,g,18,g,0,g,5,g,0,g,,,,
845,logans roadhouse,sprite,0,g,0,mg,95,g,53,g,0,g,0,g,0,g,0,g,53,g,,,,
846,logans roadhouse,steak and vegetable soup bowl,14,g,55,mg,1000,g,15,g,21,g,3.5,g,2,g,2,g,2,g,,,,
847,logans roadhouse,steak tips,13,g,85,mg,1130,g,2,g,4,g,0,g,0,g,0,g,0,g,,,,
848,logans roadhouse,steamed broccoli,15,g,5,mg,160,g,6,g,3,g,5,g,0,g,3,g,2,g,,,,
849,logans roadhouse,strawberry lemonade,0,g,0,mg,25,g,69,g,1,g,0,g,0,g,4,g,59,g,,,,
850,logans roadhouse,strawberry mango groupie,33,g,0,mg,5,g,56,g,0,g,0,g,0,g,0,g,29,g,,,,
851,logans roadhouse,strawberry roadhouse rita rocks,0,g,0,mg,1170,g,25,g,0,g,0,g,0,g,0,g,23,g,,,,
852,logans roadhouse,strawberry tea,0,g,0,mg,15,g,58,g,1,g,0,g,0,g,4,g,49,g,,,,
853,logans roadhouse,sugar free red bull 8 4oz can,0,g,0,mg,100,g,3,g,0,g,0,g,0,g,0,g,0,g,,,,
854,logans roadhouse,sweet potato fries side,32,g,5,mg,1660,g,44,g,4,g,5,g,1,g,8,g,12,g,,,,
855,logans roadhouse,sweet potato with butter,23,g,0,mg,340,g,79,g,7,g,4.5,g,6,g,12,g,32,g,,,,
856,logans roadhouse,sweet potato loaded,3,g,10,mg,460,g,232,g,8,g,2,g,0,g,11,g,142,g,,,,
857,logans roadhouse,teriyaki chicken on a bed of rice pilaf w pineapple ring,17,g,150,mg,1790,g,62,g,50,g,3,g,0.5,g,2,g,35,g,,,,
858,logans roadhouse,tex mex chicken with black bean rice mix,22,g,30,mg,1840,g,41,g,44,g,5,g,0,g,3,g,4,g,,,,
859,logans roadhouse,tex mex tilapia with black bean rice mix,31,g,205,mg,1880,g,67,g,89,g,7,g,0,g,6,g,5,g,,,,
860,logans roadhouse,the groupie rita,0,g,0,mg,170,g,44,g,0,g,0,g,0,g,1,g,39,g,,,,
861,logans roadhouse,the logan 12oz sirloin,41,g,200,mg,3770,g,7,g,63,g,14,g,3,g,2,g,0,g,,,,
862,logans roadhouse,top shelf roadhouse tea,0,g,0,mg,350,g,40,g,0,g,0,g,0,g,1,g,37,g,,,,
863,logans roadhouse,watermelon margarita,0,g,0,mg,260,g,49,g,0,g,0,g,0,g,0,g,47,g,,,,
864,logans roadhouse,wedge salad w ranch dressing,28,g,50,mg,1290,g,12,g,12,g,9,g,0,g,3,g,7,g,,,,
865,logans roadhouse,whipped butter blend for rolls,15,g,5,mg,130,g,0,g,0,g,5,g,0,g,0,g,0,g,,,,
866,logans roadhouse,wine barefoot chardonnay,14,g,75,mg,740,g,36,g,30,g,4,g,0,g,1,g,1,g,,,,
867,logans roadhouse,wine beringer white zinfandel,5,g,0,mg,700,g,6,g,6,g,2,g,0,g,0,g,0,g,,,,
868,logans roadhouse,wine blackstone merlot,2,g,0,mg,0,g,13,g,10,g,0,g,0,g,2,g,4,g,,,,
869,logans roadhouse,wine ecco domani pinot grigio,13,g,0,mg,35,g,6,g,23,g,7,g,0,g,0,g,0,g,,,,
870,logans roadhouse,wine kendall jackson chardonnay,14,g,75,mg,730,g,6,g,25,g,4,g,0,g,0,g,0,g,,,,
871,logans roadhouse,wine louis martini cabernet,28,g,45,mg,1600,g,23,g,66,g,10,g,0,g,0,g,4,g,,,,
872,logans roadhouse,wine mirassou pinot noir,0,g,0,mg,170,g,32,g,6,g,0,g,0,g,6,g,13,g,,,,
873,logans roadhouse,wood grilled chicken breast on a bed of rice pilaf w parmesan peppercorn,32,g,45,mg,1160,g,27,g,42,g,5,g,1,g,2,g,2,g,,,,
874,logans roadhouse,wood grilled chicken breast w parmesan peppercorn,32,g,45,mg,1160,g,27,g,42,g,5,g,1,g,2,g,2,g,,,,
875,logans roadhouse,yeast rolls per roll without butter,3,g,0,mg,65,g,10,g,1,g,0.5,g,0.5,g,0,g,3,g,,,,
876,logans roadhouse,zucchini fries,27,g,45,mg,5680,g,84,g,21,g,8,g,0,g,6,g,11,g,,,,
877,lone star steakhouse and saloon,6 oz sirloin,7,g,80,mg,1930,g,1,g,43,g,0,g,0,g,0,g,0,g,,,,
878,lone star steakhouse and saloon,amarillo cheese fries,152,g,150,mg,10000,g,356,g,69,g,38,g,0,g,15,g,0,g,,,,
879,lone star steakhouse and saloon,bacon and bleu burger,37,g,210,mg,1640,g,50,g,67,g,16,g,0,g,3,g,0,g,,,,
880,lone star steakhouse and saloon,baked potato plain,0,g,0,mg,35,g,50,g,6,g,0,g,0,g,5,g,0,g,,,,
881,lone star steakhouse and saloon,baked sweet potato,1,g,0,mg,135,g,76,g,7,g,0,g,0,g,12,g,0,g,,,,
882,lone star steakhouse and saloon,baked sweet potato w toppings,8,g,0,mg,85,g,137,g,2,g,0,g,0,g,0,g,0,g,,,,
883,lone star steakhouse and saloon,big brownie blast,69,g,145,mg,610,g,178,g,16,g,0,g,0,g,0,g,0,g,,,,
884,lone star steakhouse and saloon,black bean soup,4,g,5,mg,450,g,31,g,10,g,1,g,0,g,7,g,0,g,,,,
885,lone star steakhouse and saloon,blue cheese dressing,9,g,15,mg,150,g,2,g,2,g,3,g,0,g,0,g,0,g,,,,
886,lone star steakhouse and saloon,cajun ribeye,101,g,305,mg,260,g,0,g,80,g,42,g,0,g,0,g,0,g,,,,
887,lone star steakhouse and saloon,cajun ribeye 12 7 oz,53,g,345,mg,700,g,6,g,81,g,20,g,0,g,0,g,0,g,,,,
888,lone star steakhouse and saloon,cheeseburger,45,g,245,mg,2090,g,50,g,70,g,20,g,0,g,3,g,0,g,,,,
889,lone star steakhouse and saloon,cheesecake,0,g,0,mg,0,g,0,g,0,g,0,g,0,g,0,g,0,g,,,,
890,lone star steakhouse and saloon,cherry cobbler,8,g,0,mg,0,g,43,g,1,g,0,g,0,g,0,g,0,g,,,,
891,lone star steakhouse and saloon,chicken pot pie soup,5,g,30,mg,730,g,12,g,9,g,1,g,0,g,1,g,0,g,,,,
892,lone star steakhouse and saloon,chicken tender meal with steak fries and honey mustard,15,g,150,mg,130,g,3,g,54,g,4,g,0,g,0,g,0,g,,,,
893,lone star steakhouse and saloon,chicken tenders,66,g,100,mg,1770,g,91,g,35,g,12,g,0,g,7,g,0,g,,,,
894,lone star steakhouse and saloon,chicken tenders buffalo style,77,g,120,mg,4170,g,92,g,37,g,16,g,0,g,7,g,0,g,,,,
895,lone star steakhouse and saloon,chili,15,g,55,mg,570,g,8,g,15,g,6,g,0,g,1,g,0,g,,,,
896,lone star steakhouse and saloon,classic dinner salad,15,g,0,mg,0,g,16,g,13,g,0,g,0,g,0,g,0,g,,,,
897,lone star steakhouse and saloon,dinner caesar salad,11,g,10,mg,350,g,8,g,4,g,2,g,0,g,3,g,0,g,,,,
898,lone star steakhouse and saloon,dinner rolls,5,g,10,mg,270,g,34,g,4,g,1,g,0,g,1,g,6,g,,,,
899,lone star steakhouse and saloon,dinner salad,15,g,50,mg,380,g,16,g,13,g,10,g,0,g,3,g,0,g,,,,
900,lone star steakhouse and saloon,five star filet,18,g,160,mg,240,g,2,g,42,g,7,g,0,g,0,g,0,g,,,,
901,lone star steakhouse and saloon,flos filet,30,g,0,mg,510,g,0,g,46,g,8,g,1,g,0,g,0,g,,,,
902,lone star steakhouse and saloon,french onion soup lunch combination,21,g,0,mg,1820,g,20,g,14,g,9,g,1,g,0,g,0,g,,,,
903,lone star steakhouse and saloon,garlic mashed potatoes,5,g,10,mg,430,g,19,g,3,g,3,g,0,g,2,g,0,g,,,,
904,lone star steakhouse and saloon,grilled chicken,2,g,95,mg,110,g,0,g,39,g,1,g,0,g,0,g,0,g,,,,
905,lone star steakhouse and saloon,grilled chicken breast,4,g,60,mg,1340,g,0,g,32,g,0,g,0,g,0,g,0,g,,,,
906,lone star steakhouse and saloon,grilled chicken caesar salad,24,g,115,mg,2880,g,19,g,46,g,5,g,0,g,5,g,0,g,,,,
907,lone star steakhouse and saloon,grilled salmon 6 oz,0,g,0,mg,0,g,0,g,0,g,0,g,0,g,0,g,0,g,,,,
908,lone star steakhouse and saloon,grilled shrimp 5 pcs,5,g,0,mg,0,g,0,g,3,g,0,g,0,g,0,g,0,g,,,,
909,lone star steakhouse and saloon,half rack baby back ribs,40,g,130,mg,125,g,0,g,30,g,16,g,0,g,0,g,0,g,,,,
910,lone star steakhouse and saloon,honey mustard dressing,14,g,5,mg,190,g,5,g,0,g,2,g,0,g,0,g,0,g,,,,
911,lone star steakhouse and saloon,jumbo baked sweet potato,1,g,0,mg,135,g,76,g,7,g,0,g,0,g,12,g,0,g,,,,
912,lone star steakhouse and saloon,light italian salad dressing,0,g,0,mg,0,g,0,g,0,g,0,g,0,g,0,g,0,g,,,,
913,lone star steakhouse and saloon,lite italian salad dressing,0,g,0,mg,0,g,0,g,0,g,0,g,0,g,0,g,0,g,,,,
914,lone star steakhouse and saloon,loaded baked potato,17,g,0,mg,150,g,57,g,14,g,10,g,1,g,0,g,0,g,,,,
915,lone star steakhouse and saloon,lone star steak soup cup,3,g,15,mg,110,g,4,g,10,g,1,g,0,g,0,g,0,g,,,,
916,lone star steakhouse and saloon,mesquite grilled chicken salad no dressing,28,g,0,mg,740,g,26,g,55,g,14,g,0,g,0,g,0,g,,,,
917,lone star steakhouse and saloon,new york strip 14 oz,80,g,265,mg,210,g,0,g,74,g,32,g,0,g,0,g,0,g,,,,
918,lone star steakhouse and saloon,peach iced tea,0,g,0,mg,10,g,14,g,0,g,0,g,0,g,0,g,0,g,,,,
919,lone star steakhouse and saloon,plain grilled chicken breast,2,g,0,mg,0,g,0,g,39,g,0,g,0,g,0,g,0,g,,,,
920,lone star steakhouse and saloon,ranch dressing,22,g,0,mg,230,g,2,g,1,g,3,g,0,g,0,g,0,g,,,,
921,lone star steakhouse and saloon,rice pilaf,1,g,0,mg,1600,g,43,g,0,g,0,g,0,g,0,g,0,g,,,,
922,lone star steakhouse and saloon,san antonio sirloin,55,g,230,mg,20,g,0,g,65,g,22,g,0,g,0,g,0,g,,,,
923,lone star steakhouse and saloon,sauteed mushrooms,9,g,0,mg,420,g,11,g,5,g,1,g,0,g,0,g,0,g,,,,
924,lone star steakhouse and saloon,seasoned fries,25,g,0,mg,370,g,38,g,0,g,25,g,0,g,0,g,0,g,,,,
925,lone star steakhouse and saloon,side caesar,4,g,5,mg,450,g,20,g,7,g,2,g,0,g,3,g,0,g,,,,
926,lone star steakhouse and saloon,simply seasoned blackened tillapia,4,g,65,mg,65,g,0,g,28,g,0,g,0,g,0,g,0,g,,,,
927,lone star steakhouse and saloon,sirloin steak 170 g,28,g,115,mg,90,g,0,g,32,g,0,g,0,g,0,g,0,g,,,,
928,lone star steakhouse and saloon,steak soup bowl 283 g 10 oz,7,g,15,mg,280,g,11,g,24,g,2,g,0,g,1,g,0,g,,,,
929,lone star steakhouse and saloon,steakhouse salad,53,g,105,mg,1330,g,2,g,56,g,22,g,0,g,6,g,0,g,,,,
930,lone star steakhouse and saloon,steamed veggie no butter,1,g,0,mg,0,g,22,g,6,g,0,g,0,g,0,g,0,g,,,,
931,lone star steakhouse and saloon,steamed veggies,13,g,0,mg,990,g,14,g,5,g,3,g,0,g,7,g,0,g,,,,
932,lone star steakhouse and saloon,the perfect chicken sandwich,26,g,110,mg,1310,g,39,g,54,g,0,g,0,g,1,g,4,g,,,,
933,lone star steakhouse and saloon,triple chocolate miracle cake,31,g,105,mg,630,g,125,g,8,g,18,g,0,g,5,g,49,g,,,,
934,lone star steakhouse and saloon,wedge salad,24,g,0,mg,0,g,6,g,6,g,0,g,0,g,0,g,0,g,,,,
935,lone star steakhouse and saloon,wings mild,62,g,325,mg,840,g,15,g,83,g,8,g,0,g,3,g,0,g,,,,
936,lost pizza co,aunt vickies spinach and artichoke dip,22,g,50,mg,470,g,29,g,8,g,10,g,0,g,3,g,4,g,,,,
937,lost pizza co,baked cheese spaghetti,24,g,50,mg,1280,g,89,g,31,g,11,g,0,g,5,g,6,g,,,,
938,lost pizza co,bbq nachos,44,g,215,mg,1240,g,42,g,59,g,22,g,0,g,3,g,17,g,,,,
939,lost pizza co,caesar salad large,12,g,20,mg,670,g,17,g,13,g,5,g,0,g,4,g,3,g,,,,
940,lost pizza co,caesar salad small,7,g,10,mg,350,g,9,g,6,g,2.5,g,0,g,1,g,1,g,,,,
941,lost pizza co,chef salad large,15,g,50,mg,1250,g,22,g,24,g,6,g,0,g,3,g,7,g,,,,
942,lost pizza co,chicken spaghetti,33,g,120,mg,1710,g,89,g,44,g,17,g,0,g,4,g,7,g,,,,
943,lost pizza co,chocolate cheesecake dessert pizza 12 inch 1 of 8 slices,12,g,5,mg,120,g,15,g,2,g,4,g,0,g,1,g,6,g,,,,
944,lost pizza co,chocolate cheesecake dessert pizza 15 inch 1 of 12 slices,12,g,5,mg,120,g,15,g,2,g,4,g,0,g,0,g,6,g,,,,
945,lost pizza co,chocolate cheesecake dessert pizza 8 inch 1 of 4 slices,11,g,5,mg,120,g,14,g,2,g,4,g,0,g,0,g,6,g,,,,
946,lost pizza co,cinnamon stix 1 of 12 sticks,1,g,0,mg,10,g,9,g,1,g,0,g,0,g,0,g,2,g,,,,
947,lost pizza co,court street panini,32,g,80,mg,2130,g,48,g,42,g,10,g,0,g,2,g,6,g,,,,
948,lost pizza co,custom multi topping pizza 12 inch 1 of 8 slices,4,g,15,mg,300,g,4,g,5,g,2.5,g,0,g,0,g,1,g,,,,
949,lost pizza co,custom multi topping pizza 15 inch 1 of 12 slices,4.5,g,15,mg,310,g,4,g,5,g,2.5,g,0,g,0,g,1,g,,,,
950,lost pizza co,custom multi topping pizza 8 inch 1 of 4 slices,5,g,15,mg,300,g,3,g,6,g,3,g,0,g,0,g,1,g,,,,
951,lost pizza co,custom single topping pizza 12 inch 1 of 8 slices,4,g,15,mg,300,g,4,g,5,g,2.5,g,0,g,0,g,1,g,,,,
952,lost pizza co,custom single topping pizza 15 inch 1 of 12 slices,4.5,g,15,mg,310,g,4,g,5,g,2.5,g,0,g,0,g,1,g,,,,
953,lost pizza co,custom single topping pizza 8 inch 1 of 4 slices,5,g,15,mg,300,g,3,g,6,g,3,g,0,g,0,g,1,g,,,,
954,lost pizza co,delta melt,24,g,95,mg,2320,g,51,g,48,g,8,g,0,g,2,g,7,g,,,,
955,lost pizza co,el diablo 12 inch 1 of 8 slices,5,g,20,mg,510,g,6,g,7,g,3,g,0,g,0,g,3,g,,,,
956,lost pizza co,el diablo 15 inch 1 of 12 slices,5,g,20,mg,580,g,7,g,7,g,3,g,0,g,1,g,4,g,,,,
957,lost pizza co,el diablo 8 inch 1 of 4 slices,6,g,25,mg,510,g,6,g,8,g,3.5,g,0,g,0,g,3,g,,,,
958,lost pizza co,fried mozzarella sticks,20,g,70,mg,2470,g,51,g,29,g,12,g,0,g,3,g,7,g,,,,
959,lost pizza co,fried ravioli,8,g,25,mg,1130,g,35,g,14,g,3,g,0,g,2,g,3,g,,,,
960,lost pizza co,garlic breadsticks 1 of 12 sticks,1.5,g,0,mg,60,g,8,g,2,g,0,g,0,g,0,g,1,g,,,,
961,lost pizza co,garlic cheesesticks 1 of 12 sticks,3,g,5,mg,115,g,8,g,3,g,1.5,g,0,g,0,g,1,g,,,,
962,lost pizza co,greek salad large,41,g,25,mg,1100,g,12,g,6,g,7,g,0,g,5,g,4,g,,,,
963,lost pizza co,grilled chicken alfredo,62,g,110,mg,1880,g,98,g,40,g,18,g,1,g,3,g,12,g,,,,
964,lost pizza co,hectors taco 12 inch 1 of 8 slices,8,g,25,mg,320,g,2,g,7,g,4.5,g,0,g,0,g,1,g,,,,
965,lost pizza co,hectors taco 15 inch 1 of 12 slices,7,g,25,mg,290,g,2,g,7,g,4,g,0,g,0,g,0,g,,,,
966,lost pizza co,hectors taco 8 inch 1 of 4 slices,9,g,35,mg,420,g,3,g,9,g,5,g,0,g,0,g,1,g,,,,
967,lost pizza co,house salad large,10,g,20,mg,600,g,21,g,12,g,4,g,0,g,3,g,6,g,,,,
968,lost pizza co,house salad small,5,g,10,mg,320,g,12,g,6,g,2,g,0,g,1,g,3,g,,,,
969,lost pizza co,kids boneless wings,13,g,90,mg,1040,g,27,g,35,g,2,g,0,g,0,g,2,g,,,,
970,lost pizza co,kids chicken alfredo,16,g,35,mg,520,g,40,g,16,g,4.5,g,0,g,2,g,4,g,,,,
971,lost pizza co,kids grilled cheese panini,11,g,20,mg,610,g,40,g,15,g,4.5,g,0,g,2,g,2,g,,,,
972,lost pizza co,kids mini corn dogs,19,g,40,mg,660,g,38,g,9,g,4,g,0,g,2,g,6,g,,,,
973,lost pizza co,kids spaghetti and meatballs,17,g,70,mg,930,g,43,g,19,g,7,g,0,g,3,g,3,g,,,,
974,lost pizza co,meemaw 2 0,37,g,125,mg,2130,g,56,g,33,g,15,g,0.5,g,3,g,4,g,,,,
975,lost pizza co,mississippi delta hot tamales 1 of 6 tamales,1.5,g,20,mg,440,g,18,g,7,g,1,g,0,g,0,g,0,g,,,,
976,lost pizza co,mr g,37,g,65,mg,2470,g,53,g,37,g,10,g,0,g,2,g,6,g,,,,
977,lost pizza co,olive bread 1 of 12 slices,3,g,5,mg,110,g,8,g,3,g,1,g,0,g,0,g,1,g,,,,
978,lost pizza co,pineapple express dessert pizza 12 inch 1 of 8 slices,11,g,5,mg,110,g,14,g,2,g,4,g,0,g,0,g,5,g,,,,
979,lost pizza co,pineapple express dessert pizza 15 inch 1 of 12 slices,11,g,5,mg,110,g,13,g,2,g,4,g,0,g,0,g,5,g,,,,
980,lost pizza co,pineapple express dessert pizza 8 inch 1 of 4 slices,11,g,5,mg,110,g,12,g,2,g,4,g,0,g,0,g,5,g,,,,
981,lost pizza co,queso dip,32,g,110,mg,1990,g,34,g,23,g,22,g,0,g,3,g,8,g,,,,
982,lost pizza co,spaghetti and meatballs,33,g,110,mg,2340,g,100,g,36,g,13,g,0.5,g,7,g,10,g,,,,
983,lost pizza co,strawberry fields dessert pizza 12 inch 1 of 8 slices,11,g,5,mg,110,g,14,g,2,g,4,g,0,g,0,g,5,g,,,,
984,lost pizza co,strawberry fields dessert pizza 15 inch 1 of 12 slices,11,g,5,mg,110,g,13,g,2,g,4,g,0,g,0,g,5,g,,,,
985,lost pizza co,strawberry fields dessert pizza 8 inch 1 of 4 slices,11,g,5,mg,110,g,13,g,2,g,4,g,0,g,0,g,5,g,,,,
986,lost pizza co,the fatboy 12 inch 1 of 8 slices,8,g,30,mg,570,g,6,g,9,g,4.5,g,0,g,1,g,2,g,,,,
987,lost pizza co,the fatboy 15 inch 1 of 12 slices,8,g,30,mg,580,g,6,g,9,g,4.5,g,0,g,1,g,2,g,,,,
988,lost pizza co,the fatboy 8 inch 1 of 4 slices,10,g,35,mg,600,g,6,g,10,g,5,g,0,g,1,g,2,g,,,,
989,lost pizza co,the happy hippie 12 inch 1 of 8 slices,4.5,g,15,mg,350,g,5,g,5,g,2.5,g,0,g,1,g,1,g,,,,
990,lost pizza co,the happy hippie 15 inch 1 of 12 slices,5,g,15,mg,370,g,5,g,5,g,3,g,0,g,1,g,1,g,,,,
991,lost pizza co,the happy hippie 8 inch 1 of 4 slices,5,g,15,mg,380,g,5,g,6,g,3,g,0,g,1,g,1,g,,,,
992,lost pizza co,the hot chick 12 inch 1 of 8 slices,8,g,20,mg,280,g,1,g,6,g,3,g,0,g,0,g,0,g,,,,
993,lost pizza co,the hot chick 15 inch 1 of 12 slices,8,g,25,mg,310,g,1,g,7,g,3.5,g,0,g,0,g,0,g,,,,
994,lost pizza co,the hot chick 8 inch 1 of 4 slices,9,g,25,mg,310,g,1,g,7,g,3.5,g,0,g,0,g,0,g,,,,
995,lost pizza co,the islander 12 inch 1 of 8 slices,5,g,15,mg,360,g,5,g,6,g,3,g,0,g,0,g,3,g,,,,
996,lost pizza co,the islander 15 inch 1 of 12 slices,5,g,15,mg,380,g,6,g,6,g,3,g,0,g,0,g,3,g,,,,
997,lost pizza co,the islander 8 inch 1 of 4 slices,6,g,20,mg,390,g,5,g,7,g,3.5,g,0,g,0,g,3,g,,,,
998,lost pizza co,the kujo 12 inch 1 of 8 slices,8,g,25,mg,510,g,5,g,8,g,4,g,0,g,1,g,1,g,,,,
999,lost pizza co,the kujo 15 inch 1 of 12 slices,8,g,25,mg,530,g,5,g,8,g,4,g,0,g,1,g,1,g,,,,
